  0
SECTION
  2
HEADER
  9
$ACADVER
  1
AC1014
  9
$ACADMAINTVER
 70
     9
  9
$DWGCODEPAGE
  3
ANSI_1252
  9
$INSBASE
 10
0.0
 20
0.0
 30
0.0
  9
$EXTMIN
 10
-1186.620786046762
 20
-92.78003493192955
 30
0.0
  9
$EXTMAX
 10
1212.879213947017
 20
92.71996507365839
 30
0.0001534658470708
  9
$LIMMIN
 10
0.0
 20
0.0
  9
$LIMMAX
 10
12.0
 20
9.0
  9
$ORTHOMODE
 70
     0
  9
$REGENMODE
 70
     1
  9
$FILLMODE
 70
     1
  9
$QTEXTMODE
 70
     0
  9
$MIRRTEXT
 70
     1
  9
$DRAGMODE
 70
     2
  9
$LTSCALE
 40
1.0
  9
$OSMODE
 70
    37
  9
$ATTMODE
 70
     1
  9
$TEXTSIZE
 40
0.2
  9
$TRACEWID
 40
0.05
  9
$TEXTSTYLE
  7
STANDARD
  9
$CLAYER
  8
0
  9
$CELTYPE
  6
BYLAYER
  9
$CECOLOR
 62
   256
  9
$CELTSCALE
 40
1.0
  9
$DELOBJ
 70
     1
  9
$DISPSILH
 70
     0
  9
$DIMSCALE
 40
1.0
  9
$DIMASZ
 40
0.18
  9
$DIMEXO
 40
0.0625
  9
$DIMDLI
 40
0.38
  9
$DIMRND
 40
0.0
  9
$DIMDLE
 40
0.0
  9
$DIMEXE
 40
0.18
  9
$DIMTP
 40
0.0
  9
$DIMTM
 40
0.0
  9
$DIMTXT
 40
0.18
  9
$DIMCEN
 40
0.09
  9
$DIMTSZ
 40
0.0
  9
$DIMTOL
 70
     0
  9
$DIMLIM
 70
     0
  9
$DIMTIH
 70
     1
  9
$DIMTOH
 70
     1
  9
$DIMSE1
 70
     0
  9
$DIMSE2
 70
     0
  9
$DIMTAD
 70
     0
  9
$DIMZIN
 70
     0
  9
$DIMBLK
  1

  9
$DIMASO
 70
     1
  9
$DIMSHO
 70
     1
  9
$DIMPOST
  1

  9
$DIMAPOST
  1

  9
$DIMALT
 70
     0
  9
$DIMALTD
 70
     2
  9
$DIMALTF
 40
25.4
  9
$DIMLFAC
 40
1.0
  9
$DIMTOFL
 70
     0
  9
$DIMTVP
 40
0.0
  9
$DIMTIX
 70
     0
  9
$DIMSOXD
 70
     0
  9
$DIMSAH
 70
     0
  9
$DIMBLK1
  1

  9
$DIMBLK2
  1

  9
$DIMSTYLE
  2
STANDARD_ACAD
  9
$DIMCLRD
 70
     0
  9
$DIMCLRE
 70
     0
  9
$DIMCLRT
 70
     0
  9
$DIMTFAC
 40
1.0
  9
$DIMGAP
 40
0.09
  9
$DIMJUST
 70
     0
  9
$DIMSD1
 70
     0
  9
$DIMSD2
 70
     0
  9
$DIMTOLJ
 70
     1
  9
$DIMTZIN
 70
     0
  9
$DIMALTZ
 70
     0
  9
$DIMALTTZ
 70
     0
  9
$DIMFIT
 70
     5
  9
$DIMUPT
 70
     0
  9
$DIMUNIT
 70
     2
  9
$DIMDEC
 70
     4
  9
$DIMTDEC
 70
     4
  9
$DIMALTU
 70
     2
  9
$DIMALTTD
 70
     2
  9
$DIMTXSTY
  7
STANDARD
  9
$DIMAUNIT
 70
     0
  9
$LUNITS
 70
     2
  9
$LUPREC
 70
     3
  9
$SKETCHINC
 40
0.1
  9
$FILLETRAD
 40
0.0
  9
$AUNITS
 70
     0
  9
$AUPREC
 70
     0
  9
$MENU
  1
.
  9
$ELEVATION
 40
0.0
  9
$PELEVATION
 40
0.0
  9
$THICKNESS
 40
0.0
  9
$LIMCHECK
 70
     0
  9
$CHAMFERA
 40
0.0
  9
$CHAMFERB
 40
0.0
  9
$CHAMFERC
 40
0.0
  9
$CHAMFERD
 40
0.0
  9
$SKPOLY
 70
     0
  9
$TDCREATE
 40
2461243.665687384
  9
$TDUPDATE
 40
2461243.665687524
  9
$TDINDWG
 40
0.0000000116
  9
$TDUSRTIMER
 40
0.0000000116
  9
$USRTIMER
 70
     1
  9
$ANGBASE
 50
0.0
  9
$ANGDIR
 70
     0
  9
$PDMODE
 70
     0
  9
$PDSIZE
 40
0.0
  9
$PLINEWID
 40
0.0
  9
$COORDS
 70
     1
  9
$SPLFRAME
 70
     0
  9
$SPLINETYPE
 70
     6
  9
$SPLINESEGS
 70
     8
  9
$ATTDIA
 70
     0
  9
$ATTREQ
 70
     1
  9
$HANDLING
 70
     1
  9
$HANDSEED
  5
3B7
  9
$SURFTAB1
 70
     6
  9
$SURFTAB2
 70
     6
  9
$SURFTYPE
 70
     6
  9
$SURFU
 70
     6
  9
$SURFV
 70
     6
  9
$UCSNAME
  2

  9
$UCSORG
 10
0.0
 20
0.0
 30
0.0
  9
$UCSXDIR
 10
1.0
 20
0.0
 30
0.0
  9
$UCSYDIR
 10
0.0
 20
1.0
 30
0.0
  9
$PUCSNAME
  2

  9
$PUCSORG
 10
0.0
 20
0.0
 30
0.0
  9
$PUCSXDIR
 10
1.0
 20
0.0
 30
0.0
  9
$PUCSYDIR
 10
0.0
 20
1.0
 30
0.0
  9
$USERI1
 70
     0
  9
$USERI2
 70
     0
  9
$USERI3
 70
     0
  9
$USERI4
 70
     0
  9
$USERI5
 70
     0
  9
$USERR1
 40
0.0
  9
$USERR2
 40
0.0
  9
$USERR3
 40
0.0
  9
$USERR4
 40
0.0
  9
$USERR5
 40
0.0
  9
$WORLDVIEW
 70
     1
  9
$SHADEDGE
 70
     3
  9
$SHADEDIF
 70
    70
  9
$TILEMODE
 70
     1
  9
$MAXACTVP
 70
    64
  9
$PINSBASE
 10
0.0
 20
0.0
 30
0.0
  9
$PLIMCHECK
 70
     0
  9
$PEXTMIN
 10
1.000000000000000E+20
 20
1.000000000000000E+20
 30
1.000000000000000E+20
  9
$PEXTMAX
 10
-1.000000000000000E+20
 20
-1.000000000000000E+20
 30
-1.000000000000000E+20
  9
$PLIMMIN
 10
0.0
 20
0.0
  9
$PLIMMAX
 10
12.0
 20
9.0
  9
$UNITMODE
 70
     0
  9
$VISRETAIN
 70
     1
  9
$PLINEGEN
 70
     0
  9
$PSLTSCALE
 70
     1
  9
$TREEDEPTH
 70
  3020
  9
$PICKSTYLE
 70
     1
  9
$CMLSTYLE
  2
STANDARD
  9
$CMLJUST
 70
     0
  9
$CMLSCALE
 40
1.0
  9
$PROXYGRAPHICS
 70
     1
  9
$MEASUREMENT
 70
     1
  0
ENDSEC
  0
SECTION
  2
CLASSES
  0
CLASS
  1
ACDBDICTIONARYWDFLT
  2
AcDbDictionaryWithDefault
  3
ObjectDBX Classes
 90
        0
280
     0
281
     0
  0
CLASS
  1
VISUALSTYLE
  2
AcDbVisualStyle
  3
ObjectDBX Classes
 90
     4095
280
     0
281
     0
  0
CLASS
  1
MATERIAL
  2
AcDbMaterial
  3
ObjectDBX Classes
 90
     1153
280
     0
281
     0
  0
CLASS
  1
SCALE
  2
AcDbScale
  3
ObjectDBX Classes
 90
     1153
280
     0
281
     0
  0
CLASS
  1
TABLESTYLE
  2
AcDbTableStyle
  3
ObjectDBX Classes
 90
     4095
280
     0
281
     0
  0
CLASS
  1
MLEADERSTYLE
  2
AcDbMLeaderStyle
  3
ACDB_MLEADERSTYLE_CLASS
 90
     4095
280
     0
281
     0
  0
CLASS
  1
SUN
  2
AcDbSun
  3
SCENEOE
 90
     1153
280
     0
281
     0
  0
CLASS
  1
DICTIONARYVAR
  2
AcDbDictionaryVar
  3
ObjectDBX Classes
 90
        0
280
     0
281
     0
  0
CLASS
  1
XRECORD
  2
AcDbXrecord
  3
ObjectDBX Classes
 90
        0
280
     0
281
     0
  0
CLASS
  1
LWPOLYLINE
  2
AcDbPolyline
  3
ObjectDBX Classes
 90
        0
280
     0
281
     1
  0
CLASS
  1
HATCH
  2
AcDbHatch
  3
ObjectDBX Classes
 90
        0
280
     0
281
     1
  0
CLASS
  1
ACDBPLACEHOLDER
  2
AcDbPlaceHolder
  3
ObjectDBX Classes
 90
        0
280
     0
281
     0
  0
CLASS
  1
LAYOUT
  2
AcDbLayout
  3
ObjectDBX Classes
 90
        0
280
     0
281
     0
  0
ENDSEC
  0
SECTION
  2
TABLES
  0
TABLE
  2
VPORT
  5
8
102
{ACAD_XDICTIONARY
360
3AC
102
}
330
0
100
AcDbSymbolTable
 70
     1
  0
VPORT
  5
29
330
8
100
AcDbSymbolTableRecord
100
AcDbViewportTableRecord
  2
*ACTIVE
 70
     0
 10
0.0
 20
0.0
 11
1.0
 21
1.0
 12
10.42990654205607
 22
4.5
 13
0.0
 23
0.0
 14
0.5
 24
0.5
 15
0.5
 25
0.5
 16
0.0
 26
0.0
 36
1.0
 17
0.0
 27
0.0
 37
0.0
 40
9.0
 41
1.972972972850329
 42
50.0
 43
0.0
 44
0.0
 50
0.0
 51
0.0
 71
     0
 72
   100
 73
     1
 74
     3
 75
     0
 76
     0
 77
     0
 78
     0
  0
ENDTAB
  0
TABLE
  2
LTYPE
  5
5
330
0
100
AcDbSymbolTable
 70
     1
  0
LTYPE
  5
14
330
5
100
AcDbSymbolTableRecord
100
AcDbLinetypeTableRecord
  2
BYBLOCK
 70
     0
  3

 72
    65
 73
     0
 40
0.0
  0
LTYPE
  5
15
330
5
100
AcDbSymbolTableRecord
100
AcDbLinetypeTableRecord
  2
BYLAYER
 70
     0
  3

 72
    65
 73
     0
 40
0.0
  0
LTYPE
  5
16
330
5
100
AcDbSymbolTableRecord
100
AcDbLinetypeTableRecord
  2
CONTINUOUS
 70
     0
  3
Solid line
 72
    65
 73
     0
 40
0.0
  0
ENDTAB
  0
TABLE
  2
LAYER
  5
2
330
0
100
AcDbSymbolTable
 70
     4
  0
LAYER
  5
10
330
2
100
AcDbSymbolTableRecord
100
AcDbLayerTableRecord
  2
0
 70
     0
 62
     7
  6
CONTINUOUS
  0
LAYER
  5
5F
330
2
100
AcDbSymbolTableRecord
100
AcDbLayerTableRecord
  2
1_ANYTOOL_1MMDEEP_LABELS_S
 70
     0
 62
     2
  6
CONTINUOUS
  0
LAYER
  5
32F
330
2
100
AcDbSymbolTableRecord
100
AcDbLayerTableRecord
  2
3_ANYTOOL_CUTTHROUGH_INSID
 70
     0
 62
     4
  6
CONTINUOUS
  0
LAYER
  5
34E
330
2
100
AcDbSymbolTableRecord
100
AcDbLayerTableRecord
  2
4_ANYTOOL_CUTTHROUGH_OUTSI
 70
     0
 62
     5
  6
CONTINUOUS
  0
ENDTAB
  0
TABLE
  2
STYLE
  5
3
330
0
100
AcDbSymbolTable
 70
     1
  0
STYLE
  5
11
330
3
100
AcDbSymbolTableRecord
100
AcDbTextStyleTableRecord
  2
STANDARD
 70
     0
 40
0.0
 41
1.0
 50
0.0
 71
     0
 42
0.2
  3
txt
  4

  0
ENDTAB
  0
TABLE
  2
VIEW
  5
6
330
0
100
AcDbSymbolTable
 70
     0
  0
ENDTAB
  0
TABLE
  2
UCS
  5
7
330
0
100
AcDbSymbolTable
 70
     0
  0
ENDTAB
  0
TABLE
  2
APPID
  5
9
330
0
100
AcDbSymbolTable
 70
     3
  0
APPID
  5
12
330
9
100
AcDbSymbolTableRecord
100
AcDbRegAppTableRecord
  2
ACAD
 70
     0
  0
APPID
  5
5E
330
9
100
AcDbSymbolTableRecord
100
AcDbRegAppTableRecord
  2
RHINO
 70
     0
  0
APPID
  5
3B6
330
9
100
AcDbSymbolTableRecord
100
AcDbRegAppTableRecord
  2
ACAD_MLEADERVER
 70
     0
  0
ENDTAB
  0
TABLE
  2
DIMSTYLE
  5
A
330
0
100
AcDbSymbolTable
 70
     1
  0
DIMSTYLE
105
27
330
A
100
AcDbSymbolTableRecord
100
AcDbDimStyleTableRecord
  2
STANDARD_ACAD
 70
     0
  3

  4

  5

  6

  7

 40
1.0
 41
0.18
 42
0.0625
 43
0.38
 44
0.18
 45
0.0
 46
0.0
 47
0.0
 48
0.0
140
0.18
141
0.09
142
0.0
143
25.4
144
1.0
145
0.0
146
1.0
147
0.09
 71
     0
 72
     0
 73
     1
 74
     1
 75
     0
 76
     0
 77
     0
 78
     0
170
     0
171
     2
172
     0
173
     0
174
     0
175
     0
176
     0
177
     0
178
     0
270
     2
271
     4
272
     4
273
     2
274
     2
340
11
275
     0
280
     0
281
     0
282
     0
283
     1
284
     0
285
     0
286
     0
287
     3
288
     0
  0
ENDTAB
  0
TABLE
  2
BLOCK_RECORD
  5
1
330
0
100
AcDbSymbolTable
 70
     0
  0
BLOCK_RECORD
  5
1F
330
1
100
AcDbSymbolTableRecord
100
AcDbBlockTableRecord
  2
*MODEL_SPACE
  0
BLOCK_RECORD
  5
1B
330
1
100
AcDbSymbolTableRecord
100
AcDbBlockTableRecord
  2
*PAPER_SPACE
  0
ENDTAB
  0
ENDSEC
  0
SECTION
  2
BLOCKS
  0
BLOCK
  5
20
330
1F
100
AcDbEntity
  8
0
100
AcDbBlockBegin
  2
*MODEL_SPACE
 70
     0
 10
0.0
 20
0.0
 30
0.0
  3
*MODEL_SPACE
  1

  0
ENDBLK
  5
21
330
1F
100
AcDbEntity
  8
0
100
AcDbBlockEnd
  0
BLOCK
  5
1C
330
1B
100
AcDbEntity
 67
     1
  8
0
100
AcDbBlockBegin
  2
*PAPER_SPACE
 70
     0
 10
0.0
 20
0.0
 30
0.0
  3
*PAPER_SPACE
  1

  0
ENDBLK
  5
1D
330
1B
100
AcDbEntity
 67
     1
  8
0
100
AcDbBlockEnd
  0
ENDSEC
  0
SECTION
  2
ENTITIES
  0
POLYLINE
  5
60
330
1F
100
AcDbEntity
  8
1_ANYTOOL_1MMDEEP_LABELS_S
100
AcDb2dPolyline
 66
     1
 10
0.0
 20
0.0
 30
0.0
  0
VERTEX
  5
61
330
60
100
AcDbEntity
  8
1_ANYTOOL_1MMDEEP_LABELS_S
100
AcDbVertex
100
AcDb2dVertex
 10
1.285714285739232
 20
-0.000000000007276
 30
0.0
  0
VERTEX
  5
62
330
60
100
AcDbEntity
  8
1_ANYTOOL_1MMDEEP_LABELS_S
100
AcDbVertex
100
AcDb2dVertex
 10
9.000000000021828
 20
-30.00000000000728
 30
0.0
  0
VERTEX
  5
63
330
60
100
AcDbEntity
  8
1_ANYTOOL_1MMDEEP_LABELS_S
100
AcDbVertex
100
AcDb2dVertex
 10
17.4428571428798
 20
-0.9000000000087311
 30
0.0
  0
VERTEX
  5
64
330
60
100
AcDbEntity
  8
1_ANYTOOL_1MMDEEP_LABELS_S
100
AcDbVertex
100
AcDb2dVertex
 10
25.9285714285943
 20
-30.00000000000728
 30
0.0
  0
VERTEX
  5
65
330
60
100
AcDbEntity
  8
1_ANYTOOL_1MMDEEP_LABELS_S
100
AcDbVertex
100
AcDb2dVertex
 10
33.4285714285943
 20
-0.000000000007276
 30
0.0
  0
SEQEND
  5
66
330
60
100
AcDbEntity
  8
1_ANYTOOL_1MMDEEP_LABELS_S
  0
LINE
  5
67
330
1F
100
AcDbEntity
  8
1_ANYTOOL_1MMDEEP_LABELS_S
100
AcDbLine
 10
45.64285714287689
 20
-16.11428571429133
 30
0.0
 11
36.85714285716676
 21
-16.20000000000437
 31
0.0
  0
POLYLINE
  5
68
330
1F
100
AcDbEntity
  8
1_ANYTOOL_1MMDEEP_LABELS_S
100
AcDb2dPolyline
 66
     1
 10
0.0
 20
0.0
 30
0.0
 70
     1
  0
VERTEX
  5
69
330
68
100
AcDbEntity
  8
1_ANYTOOL_1MMDEEP_LABELS_S
100
AcDbVertex
100
AcDb2dVertex
 10
61.71428571430442
 20
0.3428571428521536
 30
0.0
  0
VERTEX
  5
6A
330
68
100
AcDbEntity
  8
1_ANYTOOL_1MMDEEP_LABELS_S
100
AcDbVertex
100
AcDb2dVertex
 10
62.08577008930445
 20
0.3369977678521536
 30
0.0
  0
VERTEX
  5
6B
330
68
100
AcDbEntity
  8
1_ANYTOOL_1MMDEEP_LABELS_S
100
AcDbVertex
100
AcDb2dVertex
 10
62.45022321430451
 20
0.3194196428521536
 30
0.0
  0
VERTEX
  5
6C
330
68
100
AcDbEntity
  8
1_ANYTOOL_1MMDEEP_LABELS_S
100
AcDbVertex
100
AcDb2dVertex
 10
62.80764508930463
 20
0.2901227678521536
 30
0.0
  0
VERTEX
  5
6D
330
68
100
AcDbEntity
  8
1_ANYTOOL_1MMDEEP_LABELS_S
100
AcDbVertex
100
AcDb2dVertex
 10
62.9837193080547
 20
0.2710797991021536
 30
0.0
  0
VERTEX
  5
6E
330
68
100
AcDbEntity
  8
1_ANYTOOL_1MMDEEP_LABELS_S
100
AcDbVertex
100
AcDb2dVertex
 10
63.15803571430479
 20
0.2491071428521536
 30
0.0
  0
VERTEX
  5
6F
330
68
100
AcDbEntity
  8
1_ANYTOOL_1MMDEEP_LABELS_S
100
AcDbVertex
100
AcDb2dVertex
 10
63.33059430805488
 20
0.2242047991021536
 30
0.0
  0
VERTEX
  5
70
330
68
100
AcDbEntity
  8
1_ANYTOOL_1MMDEEP_LABELS_S
100
AcDbVertex
100
AcDb2dVertex
 10
63.50139508930499
 20
0.1963727678521536
 30
0.0
  0
VERTEX
  5
71
330
68
100
AcDbEntity
  8
1_ANYTOOL_1MMDEEP_LABELS_S
100
AcDbVertex
100
AcDb2dVertex
 10
63.67043805805511
 20
0.1656110491021536
 30
0.0
  0
VERTEX
  5
72
330
68
100
AcDbEntity
  8
1_ANYTOOL_1MMDEEP_LABELS_S
100
AcDbVertex
100
AcDb2dVertex
 10
63.83772321430524
 20
0.1319196428521536
 30
0.0
  0
VERTEX
  5
73
330
68
100
AcDbEntity
  8
1_ANYTOOL_1MMDEEP_LABELS_S
100
AcDbVertex
100
AcDb2dVertex
 10
64.00325055805538
 20
0.0952985491021536
 30
0.0
  0
VERTEX
  5
74
330
68
100
AcDbEntity
  8
1_ANYTOOL_1MMDEEP_LABELS_S
100
AcDbVertex
100
AcDb2dVertex
 10
64.16702008930554
 20
0.0557477678521536
 30
0.0
  0
VERTEX
  5
75
330
68
100
AcDbEntity
  8
1_ANYTOOL_1MMDEEP_LABELS_S
100
AcDbVertex
100
AcDb2dVertex
 10
64.3290318080557
 20
0.0132672991021536
 30
0.0
  0
VERTEX
  5
76
330
68
100
AcDbEntity
  8
1_ANYTOOL_1MMDEEP_LABELS_S
100
AcDbVertex
100
AcDb2dVertex
 10
64.48928571430588
 20
-0.0321428571478464
 30
0.0
  0
VERTEX
  5
77
330
68
100
AcDbEntity
  8
1_ANYTOOL_1MMDEEP_LABELS_S
100
AcDbVertex
100
AcDb2dVertex
 10
64.64778180805607
 20
-0.0804827008978464
 30
0.0
  0
VERTEX
  5
78
330
68
100
AcDbEntity
  8
1_ANYTOOL_1MMDEEP_LABELS_S
100
AcDbVertex
100
AcDb2dVertex
 10
64.80452008930627
 20
-0.1317522321478464
 30
0.0
  0
VERTEX
  5
79
330
68
100
AcDbEntity
  8
1_ANYTOOL_1MMDEEP_LABELS_S
100
AcDbVertex
100
AcDb2dVertex
 10
64.95950055805648
 20
-0.1859514508978464
 30
0.0
  0
VERTEX
  5
7A
330
68
100
AcDbEntity
  8
1_ANYTOOL_1MMDEEP_LABELS_S
100
AcDbVertex
100
AcDb2dVertex
 10
65.1127232143067
 20
-0.2430803571478464
 30
0.0
  0
VERTEX
  5
7B
330
68
100
AcDbEntity
  8
1_ANYTOOL_1MMDEEP_LABELS_S
100
AcDbVertex
100
AcDb2dVertex
 10
65.26418805805693
 20
-0.3031389508978464
 30
0.0
  0
VERTEX
  5
7C
330
68
100
AcDbEntity
  8
1_ANYTOOL_1MMDEEP_LABELS_S
100
AcDbVertex
100
AcDb2dVertex
 10
65.41389508930718
 20
-0.3661272321478464
 30
0.0
  0
VERTEX
  5
7D
330
68
100
AcDbEntity
  8
1_ANYTOOL_1MMDEEP_LABELS_S
100
AcDbVertex
100
AcDb2dVertex
 10
65.56184430805743
 20
-0.4320452008978464
 30
0.0
  0
VERTEX
  5
7E
330
68
100
AcDbEntity
  8
1_ANYTOOL_1MMDEEP_LABELS_S
100
AcDbVertex
100
AcDb2dVertex
 10
65.7080357143077
 20
-0.5008928571478464
 30
0.0
  0
VERTEX
  5
7F
330
68
100
AcDbEntity
  8
1_ANYTOOL_1MMDEEP_LABELS_S
100
AcDbVertex
100
AcDb2dVertex
 10
65.85246930805798
 20
-0.5726702008978464
 30
0.0
  0
VERTEX
  5
80
330
68
100
AcDbEntity
  8
1_ANYTOOL_1MMDEEP_LABELS_S
100
AcDbVertex
100
AcDb2dVertex
 10
65.99514508930827
 20
-0.6473772321478464
 30
0.0
  0
VERTEX
  5
81
330
68
100
AcDbEntity
  8
1_ANYTOOL_1MMDEEP_LABELS_S
100
AcDbVertex
100
AcDb2dVertex
 10
66.13606305805857
 20
-0.7250139508978464
 30
0.0
  0
VERTEX
  5
82
330
68
100
AcDbEntity
  8
1_ANYTOOL_1MMDEEP_LABELS_S
100
AcDbVertex
100
AcDb2dVertex
 10
66.27522321430888
 20
-0.8055803571478464
 30
0.0
  0
VERTEX
  5
83
330
68
100
AcDbEntity
  8
1_ANYTOOL_1MMDEEP_LABELS_S
100
AcDbVertex
100
AcDb2dVertex
 10
66.4126255580592
 20
-0.8890764508978464
 30
0.0
  0
VERTEX
  5
84
330
68
100
AcDbEntity
  8
1_ANYTOOL_1MMDEEP_LABELS_S
100
AcDbVertex
100
AcDb2dVertex
 10
66.54827008930954
 20
-0.9755022321478464
 30
0.0
  0
VERTEX
  5
85
330
68
100
AcDbEntity
  8
1_ANYTOOL_1MMDEEP_LABELS_S
100
AcDbVertex
100
AcDb2dVertex
 10
66.68215680805989
 20
-1.064857700897846
 30
0.0
  0
VERTEX
  5
86
330
68
100
AcDbEntity
  8
1_ANYTOOL_1MMDEEP_LABELS_S
100
AcDbVertex
100
AcDb2dVertex
 10
67.0737723214529
 20
-1.342466517862221
 30
0.0
  0
VERTEX
  5
87
330
68
100
AcDbEntity
  8
1_ANYTOOL_1MMDEEP_LABELS_S
100
AcDbVertex
100
AcDb2dVertex
 10
67.32723214288126
 20
-1.534151785719473
 30
0.0
  0
VERTEX
  5
88
330
68
100
AcDbEntity
  8
1_ANYTOOL_1MMDEEP_LABELS_S
100
AcDbVertex
100
AcDb2dVertex
 10
67.5746651785953
 20
-1.732198660719604
 30
0.0
  0
VERTEX
  5
89
330
68
100
AcDbEntity
  8
1_ANYTOOL_1MMDEEP_LABELS_S
100
AcDbVertex
100
AcDb2dVertex
 10
67.81607142859502
 20
-1.936607142862613
 30
0.0
  0
VERTEX
  5
8A
330
68
100
AcDbEntity
  8
1_ANYTOOL_1MMDEEP_LABELS_S
100
AcDbVertex
100
AcDb2dVertex
 10
68.05145089288044
 20
-2.1473772321485
 30
0.0
  0
VERTEX
  5
8B
330
68
100
AcDbEntity
  8
1_ANYTOOL_1MMDEEP_LABELS_S
100
AcDbVertex
100
AcDb2dVertex
 10
68.28080357145154
 20
-2.364508928577266
 30
0.0
  0
VERTEX
  5
8C
330
68
100
AcDbEntity
  8
1_ANYTOOL_1MMDEEP_LABELS_S
100
AcDbVertex
100
AcDb2dVertex
 10
68.50412946430833
 20
-2.588002232148909
 30
0.0
  0
VERTEX
  5
8D
330
68
100
AcDbEntity
  8
1_ANYTOOL_1MMDEEP_LABELS_S
100
AcDbVertex
100
AcDb2dVertex
 10
68.72142857145082
 20
-2.817857142863431
 30
0.0
  0
VERTEX
  5
8E
330
68
100
AcDbEntity
  8
1_ANYTOOL_1MMDEEP_LABELS_S
100
AcDbVertex
100
AcDb2dVertex
 10
68.93270089287898
 20
-3.054073660720832
 30
0.0
  0
VERTEX
  5
8F
330
68
100
AcDbEntity
  8
1_ANYTOOL_1MMDEEP_LABELS_S
100
AcDbVertex
100
AcDb2dVertex
 10
69.13794642859284
 20
-3.29665178572111
 30
0.0
  0
VERTEX
  5
90
330
68
100
AcDbEntity
  8
1_ANYTOOL_1MMDEEP_LABELS_S
100
AcDbVertex
100
AcDb2dVertex
 10
69.33716517859239
 20
-3.545591517864267
 30
0.0
  0
VERTEX
  5
91
330
68
100
AcDbEntity
  8
1_ANYTOOL_1MMDEEP_LABELS_S
100
AcDbVertex
100
AcDb2dVertex
 10
69.53035714287762
 20
-3.800892857150302
 30
0.0
  0
VERTEX
  5
92
330
68
100
AcDbEntity
  8
1_ANYTOOL_1MMDEEP_LABELS_S
100
AcDbVertex
100
AcDb2dVertex
 10
69.71752232144854
 20
-4.062555803579215
 30
0.0
  0
VERTEX
  5
93
330
68
100
AcDbEntity
  8
1_ANYTOOL_1MMDEEP_LABELS_S
100
AcDbVertex
100
AcDb2dVertex
 10
69.89866071430515
 20
-4.330580357151007
 30
0.0
  0
VERTEX
  5
94
330
68
100
AcDbEntity
  8
1_ANYTOOL_1MMDEEP_LABELS_S
100
AcDbVertex
100
AcDb2dVertex
 10
70.07377232144745
 20
-4.604966517865677
 30
0.0
  0
VERTEX
  5
95
330
68
100
AcDbEntity
  8
1_ANYTOOL_1MMDEEP_LABELS_S
100
AcDbVertex
100
AcDb2dVertex
 10
70.41127232144709
 20
-5.171484375008475
 30
0.0
  0
VERTEX
  5
96
330
68
100
AcDbEntity
  8
1_ANYTOOL_1MMDEEP_LABELS_S
100
AcDbVertex
100
AcDb2dVertex
 10
70.57366071430442
 20
-5.460937500008072
 30
0.0
  0
VERTEX
  5
97
330
68
100
AcDbEntity
  8
1_ANYTOOL_1MMDEEP_LABELS_S
100
AcDbVertex
100
AcDb2dVertex
 10
70.73002232144745
 20
-5.754073660722014
 30
0.0
  0
VERTEX
  5
98
330
68
100
AcDbEntity
  8
1_ANYTOOL_1MMDEEP_LABELS_S
100
AcDbVertex
100
AcDb2dVertex
 10
70.88035714287616
 20
-6.050892857150302
 30
0.0
  0
VERTEX
  5
99
330
68
100
AcDbEntity
  8
1_ANYTOOL_1MMDEEP_LABELS_S
100
AcDbVertex
100
AcDb2dVertex
 10
71.02466517859057
 20
-6.351395089292936
 30
0.0
  0
VERTEX
  5
9A
330
68
100
AcDbEntity
  8
1_ANYTOOL_1MMDEEP_LABELS_S
100
AcDbVertex
100
AcDb2dVertex
 10
71.16294642859066
 20
-6.655580357149915
 30
0.0
  0
VERTEX
  5
9B
330
68
100
AcDbEntity
  8
1_ANYTOOL_1MMDEEP_LABELS_S
100
AcDbVertex
100
AcDb2dVertex
 10
71.29520089287644
 20
-6.963448660721241
 30
0.0
  0
VERTEX
  5
9C
330
68
100
AcDbEntity
  8
1_ANYTOOL_1MMDEEP_LABELS_S
100
AcDbVertex
100
AcDb2dVertex
 10
71.4214285714479
 20
-7.275000000006912
 30
0.0
  0
VERTEX
  5
9D
330
68
100
AcDbEntity
  8
1_ANYTOOL_1MMDEEP_LABELS_S
100
AcDbVertex
100
AcDb2dVertex
 10
71.54162946430506
 20
-7.590234375006929
 30
0.0
  0
VERTEX
  5
9E
330
68
100
AcDbEntity
  8
1_ANYTOOL_1MMDEEP_LABELS_S
100
AcDbVertex
100
AcDb2dVertex
 10
71.6558035714479
 20
-7.909151785721292
 30
0.0
  0
VERTEX
  5
9F
330
68
100
AcDbEntity
  8
1_ANYTOOL_1MMDEEP_LABELS_S
100
AcDbVertex
100
AcDb2dVertex
 10
71.76395089287644
 20
-8.23175223215
 30
0.0
  0
VERTEX
  5
A0
330
68
100
AcDbEntity
  8
1_ANYTOOL_1MMDEEP_LABELS_S
100
AcDbVertex
100
AcDb2dVertex
 10
71.86607142859066
 20
-8.558035714293055
 30
0.0
  0
VERTEX
  5
A1
330
68
100
AcDbEntity
  8
1_ANYTOOL_1MMDEEP_LABELS_S
100
AcDbVertex
100
AcDb2dVertex
 10
71.96216517859057
 20
-8.888002232150455
 30
0.0
  0
VERTEX
  5
A2
330
68
100
AcDbEntity
  8
1_ANYTOOL_1MMDEEP_LABELS_S
100
AcDbVertex
100
AcDb2dVertex
 10
72.05223214287616
 20
-9.221651785722202
 30
0.0
  0
VERTEX
  5
A3
330
68
100
AcDbEntity
  8
1_ANYTOOL_1MMDEEP_LABELS_S
100
AcDbVertex
100
AcDb2dVertex
 10
72.13627232144745
 20
-9.558984375008293
 30
0.0
  0
VERTEX
  5
A4
330
68
100
AcDbEntity
  8
1_ANYTOOL_1MMDEEP_LABELS_S
100
AcDbVertex
100
AcDb2dVertex
 10
72.36495535716278
 20
-10.58236607143647
 30
0.0
  0
VERTEX
  5
A5
330
68
100
AcDbEntity
  8
1_ANYTOOL_1MMDEEP_LABELS_S
100
AcDbVertex
100
AcDb2dVertex
 10
72.4955357143067
 20
-11.25803571429287
 30
0.0
  0
VERTEX
  5
A6
330
68
100
AcDbEntity
  8
1_ANYTOOL_1MMDEEP_LABELS_S
100
AcDbVertex
100
AcDb2dVertex
 10
72.60602678573616
 20
-11.92700892857795
 30
0.0
  0
VERTEX
  5
A7
330
68
100
AcDbEntity
  8
1_ANYTOOL_1MMDEEP_LABELS_S
100
AcDbVertex
100
AcDb2dVertex
 10
72.69642857145118
 20
-12.58928571429169
 30
0.0
  0
VERTEX
  5
A8
330
68
100
AcDbEntity
  8
1_ANYTOOL_1MMDEEP_LABELS_S
100
AcDbVertex
100
AcDb2dVertex
 10
72.76674107145175
 20
-13.2448660714341
 30
0.0
  0
VERTEX
  5
A9
330
68
100
AcDbEntity
  8
1_ANYTOOL_1MMDEEP_LABELS_S
100
AcDbVertex
100
AcDb2dVertex
 10
72.81696428573787
 20
-13.89375000000518
 30
0.0
  0
VERTEX
  5
AA
330
68
100
AcDbEntity
  8
1_ANYTOOL_1MMDEEP_LABELS_S
100
AcDbVertex
100
AcDb2dVertex
 10
72.84709821430954
 20
-14.53593750000493
 30
0.0
  0
VERTEX
  5
AB
330
68
100
AcDbEntity
  8
1_ANYTOOL_1MMDEEP_LABELS_S
100
AcDbVertex
100
AcDb2dVertex
 10
72.85714285716676
 20
-15.17142857143335
 30
0.0
  0
VERTEX
  5
AC
330
68
100
AcDbEntity
  8
1_ANYTOOL_1MMDEEP_LABELS_S
100
AcDbVertex
100
AcDb2dVertex
 10
72.84626116073818
 20
-15.80892857143405
 30
0.0
  0
VERTEX
  5
AD
330
68
100
AcDbEntity
  8
1_ANYTOOL_1MMDEEP_LABELS_S
100
AcDbVertex
100
AcDb2dVertex
 10
72.81361607145243
 20
-16.44642857143469
 30
0.0
  0
VERTEX
  5
AE
330
68
100
AcDbEntity
  8
1_ANYTOOL_1MMDEEP_LABELS_S
100
AcDbVertex
100
AcDb2dVertex
 10
72.75920758930951
 20
-17.08392857143528
 30
0.0
  0
VERTEX
  5
AF
330
68
100
AcDbEntity
  8
1_ANYTOOL_1MMDEEP_LABELS_S
100
AcDbVertex
100
AcDb2dVertex
 10
72.68303571430943
 20
-17.72142857143581
 30
0.0
  0
VERTEX
  5
B0
330
68
100
AcDbEntity
  8
1_ANYTOOL_1MMDEEP_LABELS_S
100
AcDbVertex
100
AcDb2dVertex
 10
72.58510044645217
 20
-18.35892857143628
 30
0.0
  0
VERTEX
  5
B1
330
68
100
AcDbEntity
  8
1_ANYTOOL_1MMDEEP_LABELS_S
100
AcDbVertex
100
AcDb2dVertex
 10
72.46540178573775
 20
-18.9964285714367
 30
0.0
  0
VERTEX
  5
B2
330
68
100
AcDbEntity
  8
1_ANYTOOL_1MMDEEP_LABELS_S
100
AcDbVertex
100
AcDb2dVertex
 10
72.32393973216617
 20
-19.63392857143705
 30
0.0
  0
VERTEX
  5
B3
330
68
100
AcDbEntity
  8
1_ANYTOOL_1MMDEEP_LABELS_S
100
AcDbVertex
100
AcDb2dVertex
 10
72.16071428573741
 20
-20.27142857143735
 30
0.0
  0
VERTEX
  5
B4
330
68
100
AcDbEntity
  8
1_ANYTOOL_1MMDEEP_LABELS_S
100
AcDbVertex
100
AcDb2dVertex
 10
71.97572544645149
 20
-20.9089285714376
 30
0.0
  0
VERTEX
  5
B5
330
68
100
AcDbEntity
  8
1_ANYTOOL_1MMDEEP_LABELS_S
100
AcDbVertex
100
AcDb2dVertex
 10
71.7689732143084
 20
-21.54642857143779
 30
0.0
  0
VERTEX
  5
B6
330
68
100
AcDbEntity
  8
1_ANYTOOL_1MMDEEP_LABELS_S
100
AcDbVertex
100
AcDb2dVertex
 10
71.54045758930815
 20
-22.18392857143792
 30
0.0
  0
VERTEX
  5
B7
330
68
100
AcDbEntity
  8
1_ANYTOOL_1MMDEEP_LABELS_S
100
AcDbVertex
100
AcDb2dVertex
 10
71.29017857145072
 20
-22.82142857143799
 30
0.0
  0
VERTEX
  5
B8
330
68
100
AcDbEntity
  8
1_ANYTOOL_1MMDEEP_LABELS_S
100
AcDbVertex
100
AcDb2dVertex
 10
71.01813616073613
 20
-23.45892857143801
 30
0.0
  0
VERTEX
  5
B9
330
68
100
AcDbEntity
  8
1_ANYTOOL_1MMDEEP_LABELS_S
100
AcDbVertex
100
AcDb2dVertex
 10
70.72433035716438
 20
-24.09642857143797
 30
0.0
  0
VERTEX
  5
BA
330
68
100
AcDbEntity
  8
1_ANYTOOL_1MMDEEP_LABELS_S
100
AcDbVertex
100
AcDb2dVertex
 10
70.40876116073545
 20
-24.73392857143787
 30
0.0
  0
VERTEX
  5
BB
330
68
100
AcDbEntity
  8
1_ANYTOOL_1MMDEEP_LABELS_S
100
AcDbVertex
100
AcDb2dVertex
 10
70.07142857144936
 20
-25.37142857143772
 30
0.0
  0
VERTEX
  5
BC
330
68
100
AcDbEntity
  8
1_ANYTOOL_1MMDEEP_LABELS_S
100
AcDbVertex
100
AcDb2dVertex
 10
69.89686104912815
 20
-25.68519810268763
 30
0.0
  0
VERTEX
  5
BD
330
68
100
AcDbEntity
  8
1_ANYTOOL_1MMDEEP_LABELS_S
100
AcDbVertex
100
AcDb2dVertex
 10
69.71601562502121
 20
-25.98900669643754
 30
0.0
  0
VERTEX
  5
BE
330
68
100
AcDbEntity
  8
1_ANYTOOL_1MMDEEP_LABELS_S
100
AcDbVertex
100
AcDb2dVertex
 10
69.52889229912856
 20
-26.28285435268746
 30
0.0
  0
VERTEX
  5
BF
330
68
100
AcDbEntity
  8
1_ANYTOOL_1MMDEEP_LABELS_S
100
AcDbVertex
100
AcDb2dVertex
 10
69.33549107145018
 20
-26.56674107143738
 30
0.0
  0
VERTEX
  5
C0
330
68
100
AcDbEntity
  8
1_ANYTOOL_1MMDEEP_LABELS_S
100
AcDbVertex
100
AcDb2dVertex
 10
69.13581194198608
 20
-26.8406668526873
 30
0.0
  0
VERTEX
  5
C1
330
68
100
AcDbEntity
  8
1_ANYTOOL_1MMDEEP_LABELS_S
100
AcDbVertex
100
AcDb2dVertex
 10
68.92985491073625
 20
-27.10463169643722
 30
0.0
  0
VERTEX
  5
C2
330
68
100
AcDbEntity
  8
1_ANYTOOL_1MMDEEP_LABELS_S
100
AcDbVertex
100
AcDb2dVertex
 10
68.7176199777007
 20
-27.35863560268715
 30
0.0
  0
VERTEX
  5
C3
330
68
100
AcDbEntity
  8
1_ANYTOOL_1MMDEEP_LABELS_S
100
AcDbVertex
100
AcDb2dVertex
 10
68.49910714287944
 20
-27.60267857143708
 30
0.0
  0
VERTEX
  5
C4
330
68
100
AcDbEntity
  8
1_ANYTOOL_1MMDEEP_LABELS_S
100
AcDbVertex
100
AcDb2dVertex
 10
68.38749651229915
 20
-27.72096470424955
 30
0.0
  0
VERTEX
  5
C5
330
68
100
AcDbEntity
  8
1_ANYTOOL_1MMDEEP_LABELS_S
100
AcDbVertex
100
AcDb2dVertex
 10
68.27431640627245
 20
-27.83676060268701
 30
0.0
  0
VERTEX
  5
C6
330
68
100
AcDbEntity
  8
1_ANYTOOL_1MMDEEP_LABELS_S
100
AcDbVertex
100
AcDb2dVertex
 10
68.1595668247993
 20
-27.95006626674948
 30
0.0
  0
VERTEX
  5
C7
330
68
100
AcDbEntity
  8
1_ANYTOOL_1MMDEEP_LABELS_S
100
AcDbVertex
100
AcDb2dVertex
 10
68.04324776787973
 20
-28.06088169643695
 30
0.0
  0
VERTEX
  5
C8
330
68
100
AcDbEntity
  8
1_ANYTOOL_1MMDEEP_LABELS_S
100
AcDbVertex
100
AcDb2dVertex
 10
67.92535923551372
 20
-28.16920689174942
 30
0.0
  0
VERTEX
  5
C9
330
68
100
AcDbEntity
  8
1_ANYTOOL_1MMDEEP_LABELS_S
100
AcDbVertex
100
AcDb2dVertex
 10
67.8059012277013
 20
-28.27504185268689
 30
0.0
  0
VERTEX
  5
CA
330
68
100
AcDbEntity
  8
1_ANYTOOL_1MMDEEP_LABELS_S
100
AcDbVertex
100
AcDb2dVertex
 10
67.68487374444243
 20
-28.37838657924936
 30
0.0
  0
VERTEX
  5
CB
330
68
100
AcDbEntity
  8
1_ANYTOOL_1MMDEEP_LABELS_S
100
AcDbVertex
100
AcDb2dVertex
 10
67.56227678573714
 20
-28.47924107143683
 30
0.0
  0
VERTEX
  5
CC
330
68
100
AcDbEntity
  8
1_ANYTOOL_1MMDEEP_LABELS_S
100
AcDbVertex
100
AcDb2dVertex
 10
67.43811035158541
 20
-28.5776053292493
 30
0.0
  0
VERTEX
  5
CD
330
68
100
AcDbEntity
  8
1_ANYTOOL_1MMDEEP_LABELS_S
100
AcDbVertex
100
AcDb2dVertex
 10
67.31237444198726
 20
-28.67347935268678
 30
0.0
  0
VERTEX
  5
CE
330
68
100
AcDbEntity
  8
1_ANYTOOL_1MMDEEP_LABELS_S
100
AcDbVertex
100
AcDb2dVertex
 10
67.18506905694267
 20
-28.76686314174925
 30
0.0
  0
VERTEX
  5
CF
330
68
100
AcDbEntity
  8
1_ANYTOOL_1MMDEEP_LABELS_S
100
AcDbVertex
100
AcDb2dVertex
 10
67.05619419645166
 20
-28.85775669643672
 30
0.0
  0
VERTEX
  5
D0
330
68
100
AcDbEntity
  8
1_ANYTOOL_1MMDEEP_LABELS_S
100
AcDbVertex
100
AcDb2dVertex
 10
66.9257498605142
 20
-28.9461600167492
 30
0.0
  0
VERTEX
  5
D1
330
68
100
AcDbEntity
  8
1_ANYTOOL_1MMDEEP_LABELS_S
100
AcDbVertex
100
AcDb2dVertex
 10
66.79373604913033
 20
-29.03207310268667
 30
0.0
  0
VERTEX
  5
D2
330
68
100
AcDbEntity
  8
1_ANYTOOL_1MMDEEP_LABELS_S
100
AcDbVertex
100
AcDb2dVertex
 10
66.66015276230002
 20
-29.11549595424915
 30
0.0
  0
VERTEX
  5
D3
330
68
100
AcDbEntity
  8
1_ANYTOOL_1MMDEEP_LABELS_S
100
AcDbVertex
100
AcDb2dVertex
 10
66.52500000002328
 20
-29.19642857143663
 30
0.0
  0
VERTEX
  5
D4
330
68
100
AcDbEntity
  8
1_ANYTOOL_1MMDEEP_LABELS_S
100
AcDbVertex
100
AcDb2dVertex
 10
66.3882777623001
 20
-29.2748709542491
 30
0.0
  0
VERTEX
  5
D5
330
68
100
AcDbEntity
  8
1_ANYTOOL_1MMDEEP_LABELS_S
100
AcDbVertex
100
AcDb2dVertex
 10
66.24998604913051
 20
-29.35082310268658
 30
0.0
  0
VERTEX
  5
D6
330
68
100
AcDbEntity
  8
1_ANYTOOL_1MMDEEP_LABELS_S
100
AcDbVertex
100
AcDb2dVertex
 10
66.11012486051447
 20
-29.42428501674906
 30
0.0
  0
VERTEX
  5
D7
330
68
100
AcDbEntity
  8
1_ANYTOOL_1MMDEEP_LABELS_S
100
AcDbVertex
100
AcDb2dVertex
 10
65.96869419645202
 20
-29.49525669643654
 30
0.0
  0
VERTEX
  5
D8
330
68
100
AcDbEntity
  8
1_ANYTOOL_1MMDEEP_LABELS_S
100
AcDbVertex
100
AcDb2dVertex
 10
65.82569405694312
 20
-29.56373814174902
 30
0.0
  0
VERTEX
  5
D9
330
68
100
AcDbEntity
  8
1_ANYTOOL_1MMDEEP_LABELS_S
100
AcDbVertex
100
AcDb2dVertex
 10
65.6811244419878
 20
-29.6297293526865
 30
0.0
  0
VERTEX
  5
DA
330
68
100
AcDbEntity
  8
1_ANYTOOL_1MMDEEP_LABELS_S
100
AcDbVertex
100
AcDb2dVertex
 10
65.53498535158604
 20
-29.69323032924898
 30
0.0
  0
VERTEX
  5
DB
330
68
100
AcDbEntity
  8
1_ANYTOOL_1MMDEEP_LABELS_S
100
AcDbVertex
100
AcDb2dVertex
 10
65.38727678573787
 20
-29.75424107143647
 30
0.0
  0
VERTEX
  5
DC
330
68
100
AcDbEntity
  8
1_ANYTOOL_1MMDEEP_LABELS_S
100
AcDbVertex
100
AcDb2dVertex
 10
65.23799874444325
 20
-29.81276157924895
 30
0.0
  0
VERTEX
  5
DD
330
68
100
AcDbEntity
  8
1_ANYTOOL_1MMDEEP_LABELS_S
100
AcDbVertex
100
AcDb2dVertex
 10
65.08715122770221
 20
-29.86879185268644
 30
0.0
  0
VERTEX
  5
DE
330
68
100
AcDbEntity
  8
1_ANYTOOL_1MMDEEP_LABELS_S
100
AcDbVertex
100
AcDb2dVertex
 10
64.93473423551472
 20
-29.92233189174892
 30
0.0
  0
VERTEX
  5
DF
330
68
100
AcDbEntity
  8
1_ANYTOOL_1MMDEEP_LABELS_S
100
AcDbVertex
100
AcDb2dVertex
 10
64.78074776788083
 20
-29.97338169643641
 30
0.0
  0
VERTEX
  5
E0
330
68
100
AcDbEntity
  8
1_ANYTOOL_1MMDEEP_LABELS_S
100
AcDbVertex
100
AcDb2dVertex
 10
64.46806640627372
 20
-30.06801060268638
 30
0.0
  0
VERTEX
  5
E1
330
68
100
AcDbEntity
  8
1_ANYTOOL_1MMDEEP_LABELS_S
100
AcDbVertex
100
AcDb2dVertex
 10
64.1491071428809
 20
-30.15267857143635
 30
0.0
  0
VERTEX
  5
E2
330
68
100
AcDbEntity
  8
1_ANYTOOL_1MMDEEP_LABELS_S
100
AcDbVertex
100
AcDb2dVertex
 10
63.82386997770234
 20
-30.22738560268633
 30
0.0
  0
VERTEX
  5
E3
330
68
100
AcDbEntity
  8
1_ANYTOOL_1MMDEEP_LABELS_S
100
AcDbVertex
100
AcDb2dVertex
 10
63.49235491073807
 20
-30.29213169643631
 30
0.0
  0
VERTEX
  5
E4
330
68
100
AcDbEntity
  8
1_ANYTOOL_1MMDEEP_LABELS_S
100
AcDbVertex
100
AcDb2dVertex
 10
63.15456194198808
 20
-30.3469168526863
 30
0.0
  0
VERTEX
  5
E5
330
68
100
AcDbEntity
  8
1_ANYTOOL_1MMDEEP_LABELS_S
100
AcDbVertex
100
AcDb2dVertex
 10
62.81049107145236
 20
-30.39174107143629
 30
0.0
  0
VERTEX
  5
E6
330
68
100
AcDbEntity
  8
1_ANYTOOL_1MMDEEP_LABELS_S
100
AcDbVertex
100
AcDb2dVertex
 10
62.46014229913092
 20
-30.42660435268628
 30
0.0
  0
VERTEX
  5
E7
330
68
100
AcDbEntity
  8
1_ANYTOOL_1MMDEEP_LABELS_S
100
AcDbVertex
100
AcDb2dVertex
 10
62.10351562502376
 20
-30.45150669643627
 30
0.0
  0
VERTEX
  5
E8
330
68
100
AcDbEntity
  8
1_ANYTOOL_1MMDEEP_LABELS_S
100
AcDbVertex
100
AcDb2dVertex
 10
61.74061104913088
 20
-30.46644810268626
 30
0.0
  0
VERTEX
  5
E9
330
68
100
AcDbEntity
  8
1_ANYTOOL_1MMDEEP_LABELS_S
100
AcDbVertex
100
AcDb2dVertex
 10
61.37142857145227
 20
-30.47142857143626
 30
0.0
  0
VERTEX
  5
EA
330
68
100
AcDbEntity
  8
1_ANYTOOL_1MMDEEP_LABELS_S
100
AcDbVertex
100
AcDb2dVertex
 10
60.98902064734484
 20
-30.46636439732912
 30
0.0
  0
VERTEX
  5
EB
330
68
100
AcDbEntity
  8
1_ANYTOOL_1MMDEEP_LABELS_S
100
AcDbVertex
100
AcDb2dVertex
 10
60.61322544645171
 20
-30.4511718750077
 30
0.0
  0
VERTEX
  5
EC
330
68
100
AcDbEntity
  8
1_ANYTOOL_1MMDEEP_LABELS_S
100
AcDbVertex
100
AcDb2dVertex
 10
60.24404296877288
 20
-30.425851004472
 30
0.0
  0
VERTEX
  5
ED
330
68
100
AcDbEntity
  8
1_ANYTOOL_1MMDEEP_LABELS_S
100
AcDbVertex
100
AcDb2dVertex
 10
59.88147321430836
 20
-30.39040178572202
 30
0.0
  0
VERTEX
  5
EE
330
68
100
AcDbEntity
  8
1_ANYTOOL_1MMDEEP_LABELS_S
100
AcDbVertex
100
AcDb2dVertex
 10
59.52551618305814
 20
-30.34482421875776
 30
0.0
  0
VERTEX
  5
EF
330
68
100
AcDbEntity
  8
1_ANYTOOL_1MMDEEP_LABELS_S
100
AcDbVertex
100
AcDb2dVertex
 10
59.17617187502222
 20
-30.28911830357922
 30
0.0
  0
VERTEX
  5
F0
330
68
100
AcDbEntity
  8
1_ANYTOOL_1MMDEEP_LABELS_S
100
AcDbVertex
100
AcDb2dVertex
 10
58.83344029020061
 20
-30.22328404018639
 30
0.0
  0
VERTEX
  5
F1
330
68
100
AcDbEntity
  8
1_ANYTOOL_1MMDEEP_LABELS_S
100
AcDbVertex
100
AcDb2dVertex
 10
58.4973214285933
 20
-30.14732142857929
 30
0.0
  0
VERTEX
  5
F2
330
68
100
AcDbEntity
  8
1_ANYTOOL_1MMDEEP_LABELS_S
100
AcDbVertex
100
AcDb2dVertex
 10
58.16781529020029
 20
-30.06123046875791
 30
0.0
  0
VERTEX
  5
F3
330
68
100
AcDbEntity
  8
1_ANYTOOL_1MMDEEP_LABELS_S
100
AcDbVertex
100
AcDb2dVertex
 10
57.84492187502158
 20
-29.96501116072224
 30
0.0
  0
VERTEX
  5
F4
330
68
100
AcDbEntity
  8
1_ANYTOOL_1MMDEEP_LABELS_S
100
AcDbVertex
100
AcDb2dVertex
 10
57.68595493863759
 20
-29.91310337612406
 30
0.0
  0
VERTEX
  5
F5
330
68
100
AcDbEntity
  8
1_ANYTOOL_1MMDEEP_LABELS_S
100
AcDbVertex
100
AcDb2dVertex
 10
57.52864118305718
 20
-29.8586635044723
 30
0.0
  0
VERTEX
  5
F6
330
68
100
AcDbEntity
  8
1_ANYTOOL_1MMDEEP_LABELS_S
100
AcDbVertex
100
AcDb2dVertex
 10
57.37298060828034
 20
-29.80169154576697
 30
0.0
  0
VERTEX
  5
F7
330
68
100
AcDbEntity
  8
1_ANYTOOL_1MMDEEP_LABELS_S
100
AcDbVertex
100
AcDb2dVertex
 10
57.21897321430708
 20
-29.74218750000807
 30
0.0
  0
VERTEX
  5
F8
330
68
100
AcDbEntity
  8
1_ANYTOOL_1MMDEEP_LABELS_S
100
AcDbVertex
100
AcDb2dVertex
 10
57.0666190011374
 20
-29.68015136719561
 30
0.0
  0
VERTEX
  5
F9
330
68
100
AcDbEntity
  8
1_ANYTOOL_1MMDEEP_LABELS_S
100
AcDbVertex
100
AcDb2dVertex
 10
56.91591796877129
 20
-29.61558314732957
 30
0.0
  0
VERTEX
  5
FA
330
68
100
AcDbEntity
  8
1_ANYTOOL_1MMDEEP_LABELS_S
100
AcDbVertex
100
AcDb2dVertex
 10
56.76687011720875
 20
-29.54848284040996
 30
0.0
  0
VERTEX
  5
FB
330
68
100
AcDbEntity
  8
1_ANYTOOL_1MMDEEP_LABELS_S
100
AcDbVertex
100
AcDb2dVertex
 10
56.6194754464498
 20
-29.47885044643678
 30
0.0
  0
VERTEX
  5
FC
330
68
100
AcDbEntity
  8
1_ANYTOOL_1MMDEEP_LABELS_S
100
AcDbVertex
100
AcDb2dVertex
 10
56.47373395649441
 20
-29.40668596541003
 30
0.0
  0
VERTEX
  5
FD
330
68
100
AcDbEntity
  8
1_ANYTOOL_1MMDEEP_LABELS_S
100
AcDbVertex
100
AcDb2dVertex
 10
56.32964564734261
 20
-29.33198939732971
 30
0.0
  0
VERTEX
  5
FE
330
68
100
AcDbEntity
  8
1_ANYTOOL_1MMDEEP_LABELS_S
100
AcDbVertex
100
AcDb2dVertex
 10
56.18721051899438
 20
-29.25476074219583
 30
0.0
  0
VERTEX
  5
FF
330
68
100
AcDbEntity
  8
1_ANYTOOL_1MMDEEP_LABELS_S
100
AcDbVertex
100
AcDb2dVertex
 10
56.04642857144972
 20
-29.17500000000837
 30
0.0
  0
VERTEX
  5
100
330
68
100
AcDbEntity
  8
1_ANYTOOL_1MMDEEP_LABELS_S
100
AcDbVertex
100
AcDb2dVertex
 10
55.90729980470864
 20
-29.09270717076734
 30
0.0
  0
VERTEX
  5
101
330
68
100
AcDbEntity
  8
1_ANYTOOL_1MMDEEP_LABELS_S
100
AcDbVertex
100
AcDb2dVertex
 10
55.76982421877114
 20
-29.00788225447274
 30
0.0
  0
VERTEX
  5
102
330
68
100
AcDbEntity
  8
1_ANYTOOL_1MMDEEP_LABELS_S
100
AcDbVertex
100
AcDb2dVertex
 10
55.63400181363721
 20
-28.92052525112457
 30
0.0
  0
VERTEX
  5
103
330
68
100
AcDbEntity
  8
1_ANYTOOL_1MMDEEP_LABELS_S
100
AcDbVertex
100
AcDb2dVertex
 10
55.49983258930686
 20
-28.83063616072283
 30
0.0
  0
VERTEX
  5
104
330
68
100
AcDbEntity
  8
1_ANYTOOL_1MMDEEP_LABELS_S
100
AcDbVertex
100
AcDb2dVertex
 10
55.36731654578008
 20
-28.73821498326753
 30
0.0
  0
VERTEX
  5
105
330
68
100
AcDbEntity
  8
1_ANYTOOL_1MMDEEP_LABELS_S
100
AcDbVertex
100
AcDb2dVertex
 10
55.23645368305689
 20
-28.64326171875864
 30
0.0
  0
VERTEX
  5
106
330
68
100
AcDbEntity
  8
1_ANYTOOL_1MMDEEP_LABELS_S
100
AcDbVertex
100
AcDb2dVertex
 10
55.10724400113726
 20
-28.5457763671962
 30
0.0
  0
VERTEX
  5
107
330
68
100
AcDbEntity
  8
1_ANYTOOL_1MMDEEP_LABELS_S
100
AcDbVertex
100
AcDb2dVertex
 10
54.97968750002121
 20
-28.44575892858018
 30
0.0
  0
VERTEX
  5
108
330
68
100
AcDbEntity
  8
1_ANYTOOL_1MMDEEP_LABELS_S
100
AcDbVertex
100
AcDb2dVertex
 10
54.85378417970874
 20
-28.34320940291059
 30
0.0
  0
VERTEX
  5
109
330
68
100
AcDbEntity
  8
1_ANYTOOL_1MMDEEP_LABELS_S
100
AcDbVertex
100
AcDb2dVertex
 10
54.72953404019984
 20
-28.23812779018743
 30
0.0
  0
VERTEX
  5
10A
330
68
100
AcDbEntity
  8
1_ANYTOOL_1MMDEEP_LABELS_S
100
AcDbVertex
100
AcDb2dVertex
 10
54.60693708149452
 20
-28.1305140904107
 30
0.0
  0
VERTEX
  5
10B
330
68
100
AcDbEntity
  8
1_ANYTOOL_1MMDEEP_LABELS_S
100
AcDbVertex
100
AcDb2dVertex
 10
54.48599330359278
 20
-28.0203683035804
 30
0.0
  0
VERTEX
  5
10C
330
68
100
AcDbEntity
  8
1_ANYTOOL_1MMDEEP_LABELS_S
100
AcDbVertex
100
AcDb2dVertex
 10
54.36670270649461
 20
-27.90769042969653
 30
0.0
  0
VERTEX
  5
10D
330
68
100
AcDbEntity
  8
1_ANYTOOL_1MMDEEP_LABELS_S
100
AcDbVertex
100
AcDb2dVertex
 10
54.24906529020001
 20
-27.79248046875909
 30
0.0
  0
VERTEX
  5
10E
330
68
100
AcDbEntity
  8
1_ANYTOOL_1MMDEEP_LABELS_S
100
AcDbVertex
100
AcDb2dVertex
 10
54.133081054709
 20
-27.67473842076808
 30
0.0
  0
VERTEX
  5
10F
330
68
100
AcDbEntity
  8
1_ANYTOOL_1MMDEEP_LABELS_S
100
AcDbVertex
100
AcDb2dVertex
 10
54.01875000002156
 20
-27.5544642857235
 30
0.0
  0
VERTEX
  5
110
330
68
100
AcDbEntity
  8
1_ANYTOOL_1MMDEEP_LABELS_S
100
AcDbVertex
100
AcDb2dVertex
 10
53.90607212613769
 20
-27.43165806362535
 30
0.0
  0
VERTEX
  5
111
330
68
100
AcDbEntity
  8
1_ANYTOOL_1MMDEEP_LABELS_S
100
AcDbVertex
100
AcDb2dVertex
 10
53.7950474330574
 20
-27.30631975447363
 30
0.0
  0
VERTEX
  5
112
330
68
100
AcDbEntity
  8
1_ANYTOOL_1MMDEEP_LABELS_S
100
AcDbVertex
100
AcDb2dVertex
 10
53.57795758930754
 20
-27.04804687500948
 30
0.0
  0
VERTEX
  5
113
330
68
100
AcDbEntity
  8
1_ANYTOOL_1MMDEEP_LABELS_S
100
AcDbVertex
100
AcDb2dVertex
 10
53.36748046877199
 20
-26.77964564733104
 30
0.0
  0
VERTEX
  5
114
330
68
100
AcDbEntity
  8
1_ANYTOOL_1MMDEEP_LABELS_S
100
AcDbVertex
100
AcDb2dVertex
 10
53.16361607145075
 20
-26.50111607143833
 30
0.0
  0
VERTEX
  5
115
330
68
100
AcDbEntity
  8
1_ANYTOOL_1MMDEEP_LABELS_S
100
AcDbVertex
100
AcDb2dVertex
 10
52.9663643973438
 20
-26.21245814733134
 30
0.0
  0
VERTEX
  5
116
330
68
100
AcDbEntity
  8
1_ANYTOOL_1MMDEEP_LABELS_S
100
AcDbVertex
100
AcDb2dVertex
 10
52.77572544645116
 20
-25.91367187501007
 30
0.0
  0
VERTEX
  5
117
330
68
100
AcDbEntity
  8
1_ANYTOOL_1MMDEEP_LABELS_S
100
AcDbVertex
100
AcDb2dVertex
 10
52.59169921877282
 20
-25.60475725447451
 30
0.0
  0
VERTEX
  5
118
330
68
100
AcDbEntity
  8
1_ANYTOOL_1MMDEEP_LABELS_S
100
AcDbVertex
100
AcDb2dVertex
 10
52.41428571430879
 20
-25.28571428572468
 30
0.0
  0
VERTEX
  5
119
330
68
100
AcDbEntity
  8
1_ANYTOOL_1MMDEEP_LABELS_S
100
AcDbVertex
100
AcDb2dVertex
 10
52.08214285716548
 20
-24.63733258929557
 30
0.0
  0
VERTEX
  5
11A
330
68
100
AcDbEntity
  8
1_ANYTOOL_1MMDEEP_LABELS_S
100
AcDbVertex
100
AcDb2dVertex
 10
51.77142857145077
 20
-23.98861607143795
 30
0.0
  0
VERTEX
  5
11B
330
68
100
AcDbEntity
  8
1_ANYTOOL_1MMDEEP_LABELS_S
100
AcDbVertex
100
AcDb2dVertex
 10
51.48214285716466
 20
-23.33956473215181
 30
0.0
  0
VERTEX
  5
11C
330
68
100
AcDbEntity
  8
1_ANYTOOL_1MMDEEP_LABELS_S
100
AcDbVertex
100
AcDb2dVertex
 10
51.21428571430715
 20
-22.69017857143717
 30
0.0
  0
VERTEX
  5
11D
330
68
100
AcDbEntity
  8
1_ANYTOOL_1MMDEEP_LABELS_S
100
AcDbVertex
100
AcDb2dVertex
 10
50.96785714287824
 20
-22.04045758929402
 30
0.0
  0
VERTEX
  5
11E
330
68
100
AcDbEntity
  8
1_ANYTOOL_1MMDEEP_LABELS_S
100
AcDbVertex
100
AcDb2dVertex
 10
50.74285714287794
 20
-21.39040178572236
 30
0.0
  0
VERTEX
  5
11F
330
68
100
AcDbEntity
  8
1_ANYTOOL_1MMDEEP_LABELS_S
100
AcDbVertex
100
AcDb2dVertex
 10
50.53928571430623
 20
-20.74001116072219
 30
0.0
  0
VERTEX
  5
120
330
68
100
AcDbEntity
  8
1_ANYTOOL_1MMDEEP_LABELS_S
100
AcDbVertex
100
AcDb2dVertex
 10
50.35714285716313
 20
-20.08928571429351
 30
0.0
  0
VERTEX
  5
121
330
68
100
AcDbEntity
  8
1_ANYTOOL_1MMDEEP_LABELS_S
100
AcDbVertex
100
AcDb2dVertex
 10
50.19642857144862
 20
-19.43822544643632
 30
0.0
  0
VERTEX
  5
122
330
68
100
AcDbEntity
  8
1_ANYTOOL_1MMDEEP_LABELS_S
100
AcDbVertex
100
AcDb2dVertex
 10
50.05714285716272
 20
-18.78683035715062
 30
0.0
  0
VERTEX
  5
123
330
68
100
AcDbEntity
  8
1_ANYTOOL_1MMDEEP_LABELS_S
100
AcDbVertex
100
AcDb2dVertex
 10
49.93928571430541
 20
-18.13510044643641
 30
0.0
  0
VERTEX
  5
124
330
68
100
AcDbEntity
  8
1_ANYTOOL_1MMDEEP_LABELS_S
100
AcDbVertex
100
AcDb2dVertex
 10
49.84285714287671
 20
-17.48303571429369
 30
0.0
  0
VERTEX
  5
125
330
68
100
AcDbEntity
  8
1_ANYTOOL_1MMDEEP_LABELS_S
100
AcDbVertex
100
AcDb2dVertex
 10
49.76785714287661
 20
-16.83063616072246
 30
0.0
  0
VERTEX
  5
126
330
68
100
AcDbEntity
  8
1_ANYTOOL_1MMDEEP_LABELS_S
100
AcDbVertex
100
AcDb2dVertex
 10
49.71428571430511
 20
-16.17790178572272
 30
0.0
  0
VERTEX
  5
127
330
68
100
AcDbEntity
  8
1_ANYTOOL_1MMDEEP_LABELS_S
100
AcDbVertex
100
AcDb2dVertex
 10
49.68214285716221
 20
-15.52483258929448
 30
0.0
  0
VERTEX
  5
128
330
68
100
AcDbEntity
  8
1_ANYTOOL_1MMDEEP_LABELS_S
100
AcDbVertex
100
AcDb2dVertex
 10
49.6714285714479
 20
-14.87142857143772
 30
0.0
  0
VERTEX
  5
129
330
68
100
AcDbEntity
  8
1_ANYTOOL_1MMDEEP_LABELS_S
100
AcDbVertex
100
AcDb2dVertex
 10
49.68264508930505
 20
-14.1780133928664
 30
0.0
  0
VERTEX
  5
12A
330
68
100
AcDbEntity
  8
1_ANYTOOL_1MMDEEP_LABELS_S
100
AcDbVertex
100
AcDb2dVertex
 10
49.71629464287651
 20
-13.49062500000935
 30
0.0
  0
VERTEX
  5
12B
330
68
100
AcDbEntity
  8
1_ANYTOOL_1MMDEEP_LABELS_S
100
AcDbVertex
100
AcDb2dVertex
 10
49.77237723216226
 20
-12.80926339286654
 30
0.0
  0
VERTEX
  5
12C
330
68
100
AcDbEntity
  8
1_ANYTOOL_1MMDEEP_LABELS_S
100
AcDbVertex
100
AcDb2dVertex
 10
49.85089285716231
 20
-12.13392857143799
 30
0.0
  0
VERTEX
  5
12D
330
68
100
AcDbEntity
  8
1_ANYTOOL_1MMDEEP_LABELS_S
100
AcDbVertex
100
AcDb2dVertex
 10
49.95184151787666
 20
-11.4646205357237
 30
0.0
  0
VERTEX
  5
12E
330
68
100
AcDbEntity
  8
1_ANYTOOL_1MMDEEP_LABELS_S
100
AcDbVertex
100
AcDb2dVertex
 10
50.07522321430531
 20
-10.80133928572366
 30
0.0
  0
VERTEX
  5
12F
330
68
100
AcDbEntity
  8
1_ANYTOOL_1MMDEEP_LABELS_S
100
AcDbVertex
100
AcDb2dVertex
 10
50.22103794644826
 20
-10.14408482143787
 30
0.0
  0
VERTEX
  5
130
330
68
100
AcDbEntity
  8
1_ANYTOOL_1MMDEEP_LABELS_S
100
AcDbVertex
100
AcDb2dVertex
 10
50.38928571430552
 20
-9.492857142866342
 30
0.0
  0
VERTEX
  5
131
330
68
100
AcDbEntity
  8
1_ANYTOOL_1MMDEEP_LABELS_S
100
AcDbVertex
100
AcDb2dVertex
 10
50.57996651787707
 20
-8.847656250009067
 30
0.0
  0
VERTEX
  5
132
330
68
100
AcDbEntity
  8
1_ANYTOOL_1MMDEEP_LABELS_S
100
AcDbVertex
100
AcDb2dVertex
 10
50.79308035716292
 20
-8.208482142866046
 30
0.0
  0
VERTEX
  5
133
330
68
100
AcDbEntity
  8
1_ANYTOOL_1MMDEEP_LABELS_S
100
AcDbVertex
100
AcDb2dVertex
 10
51.02862723216307
 20
-7.575334821437281
 30
0.0
  0
VERTEX
  5
134
330
68
100
AcDbEntity
  8
1_ANYTOOL_1MMDEEP_LABELS_S
100
AcDbVertex
100
AcDb2dVertex
 10
51.28660714287753
 20
-6.94821428572277
 30
0.0
  0
VERTEX
  5
135
330
68
100
AcDbEntity
  8
1_ANYTOOL_1MMDEEP_LABELS_S
100
AcDbVertex
100
AcDb2dVertex
 10
51.56702008930628
 20
-6.327120535722514
 30
0.0
  0
VERTEX
  5
136
330
68
100
AcDbEntity
  8
1_ANYTOOL_1MMDEEP_LABELS_S
100
AcDbVertex
100
AcDb2dVertex
 10
51.86986607144934
 20
-5.712053571436513
 30
0.0
  0
VERTEX
  5
137
330
68
100
AcDbEntity
  8
1_ANYTOOL_1MMDEEP_LABELS_S
100
AcDbVertex
100
AcDb2dVertex
 10
52.19514508930669
 20
-5.103013392864767
 30
0.0
  0
VERTEX
  5
138
330
68
100
AcDbEntity
  8
1_ANYTOOL_1MMDEEP_LABELS_S
100
AcDbVertex
100
AcDb2dVertex
 10
52.54285714287835
 20
-4.500000000007276
 30
0.0
  0
VERTEX
  5
139
330
68
100
AcDbEntity
  8
1_ANYTOOL_1MMDEEP_LABELS_S
100
AcDbVertex
100
AcDb2dVertex
 10
52.72826450894985
 20
-4.202050781257135
 30
0.0
  0
VERTEX
  5
13A
330
68
100
AcDbEntity
  8
1_ANYTOOL_1MMDEEP_LABELS_S
100
AcDbVertex
100
AcDb2dVertex
 10
52.92020089287848
 20
-3.913560267864142
 30
0.0
  0
VERTEX
  5
13B
330
68
100
AcDbEntity
  8
1_ANYTOOL_1MMDEEP_LABELS_S
100
AcDbVertex
100
AcDb2dVertex
 10
53.11866629466425
 20
-3.634528459828296
 30
0.0
  0
VERTEX
  5
13C
330
68
100
AcDbEntity
  8
1_ANYTOOL_1MMDEEP_LABELS_S
100
AcDbVertex
100
AcDb2dVertex
 10
53.32366071430715
 20
-3.364955357149597
 30
0.0
  0
VERTEX
  5
13D
330
68
100
AcDbEntity
  8
1_ANYTOOL_1MMDEEP_LABELS_S
100
AcDbVertex
100
AcDb2dVertex
 10
53.53518415180719
 20
-3.104840959828046
 30
0.0
  0
VERTEX
  5
13E
330
68
100
AcDbEntity
  8
1_ANYTOOL_1MMDEEP_LABELS_S
100
AcDbVertex
100
AcDb2dVertex
 10
53.75323660716435
 20
-2.854185267863642
 30
0.0
  0
VERTEX
  5
13F
330
68
100
AcDbEntity
  8
1_ANYTOOL_1MMDEEP_LABELS_S
100
AcDbVertex
100
AcDb2dVertex
 10
53.97781808037865
 20
-2.612988281256385
 30
0.0
  0
VERTEX
  5
140
330
68
100
AcDbEntity
  8
1_ANYTOOL_1MMDEEP_LABELS_S
100
AcDbVertex
100
AcDb2dVertex
 10
54.20892857145009
 20
-2.381250000006276
 30
0.0
  0
VERTEX
  5
141
330
68
100
AcDbEntity
  8
1_ANYTOOL_1MMDEEP_LABELS_S
100
AcDbVertex
100
AcDb2dVertex
 10
54.32693219868223
 20
-2.268927873890151
 30
0.0
  0
VERTEX
  5
142
330
68
100
AcDbEntity
  8
1_ANYTOOL_1MMDEEP_LABELS_S
100
AcDbVertex
100
AcDb2dVertex
 10
54.44656808037865
 20
-2.158970424113313
 30
0.0
  0
VERTEX
  5
143
330
68
100
AcDbEntity
  8
1_ANYTOOL_1MMDEEP_LABELS_S
100
AcDbVertex
100
AcDb2dVertex
 10
54.56783621653936
 20
-2.051377650675763
 30
0.0
  0
VERTEX
  5
144
330
68
100
AcDbEntity
  8
1_ANYTOOL_1MMDEEP_LABELS_S
100
AcDbVertex
100
AcDb2dVertex
 10
54.69073660716435
 20
-1.946149553577499
 30
0.0
  0
VERTEX
  5
145
330
68
100
AcDbEntity
  8
1_ANYTOOL_1MMDEEP_LABELS_S
100
AcDbVertex
100
AcDb2dVertex
 10
54.81526925225363
 20
-1.843286132818521
 30
0.0
  0
VERTEX
  5
146
330
68
100
AcDbEntity
  8
1_ANYTOOL_1MMDEEP_LABELS_S
100
AcDbVertex
100
AcDb2dVertex
 10
54.94143415180719
 20
-1.742787388398831
 30
0.0
  0
VERTEX
  5
147
330
68
100
AcDbEntity
  8
1_ANYTOOL_1MMDEEP_LABELS_S
100
AcDbVertex
100
AcDb2dVertex
 10
55.06923130582503
 20
-1.644653320318428
 30
0.0
  0
VERTEX
  5
148
330
68
100
AcDbEntity
  8
1_ANYTOOL_1MMDEEP_LABELS_S
100
AcDbVertex
100
AcDb2dVertex
 10
55.19866071430715
 20
-1.548883928577311
 30
0.0
  0
VERTEX
  5
149
330
68
100
AcDbEntity
  8
1_ANYTOOL_1MMDEEP_LABELS_S
100
AcDbVertex
100
AcDb2dVertex
 10
55.32972237725356
 20
-1.455479213175481
 30
0.0
  0
VERTEX
  5
14A
330
68
100
AcDbEntity
  8
1_ANYTOOL_1MMDEEP_LABELS_S
100
AcDbVertex
100
AcDb2dVertex
 10
55.46241629466425
 20
-1.364439174112938
 30
0.0
  0
VERTEX
  5
14B
330
68
100
AcDbEntity
  8
1_ANYTOOL_1MMDEEP_LABELS_S
100
AcDbVertex
100
AcDb2dVertex
 10
55.59674246653923
 20
-1.275763811389682
 30
0.0
  0
VERTEX
  5
14C
330
68
100
AcDbEntity
  8
1_ANYTOOL_1MMDEEP_LABELS_S
100
AcDbVertex
100
AcDb2dVertex
 10
55.73270089287848
 20
-1.189453125005713
 30
0.0
  0
VERTEX
  5
14D
330
68
100
AcDbEntity
  8
1_ANYTOOL_1MMDEEP_LABELS_S
100
AcDbVertex
100
AcDb2dVertex
 10
55.87029157368202
 20
-1.10550711496103
 30
0.0
  0
VERTEX
  5
14E
330
68
100
AcDbEntity
  8
1_ANYTOOL_1MMDEEP_LABELS_S
100
AcDbVertex
100
AcDb2dVertex
 10
56.00951450894985
 20
-1.023925781255635
 30
0.0
  0
VERTEX
  5
14F
330
68
100
AcDbEntity
  8
1_ANYTOOL_1MMDEEP_LABELS_S
100
AcDbVertex
100
AcDb2dVertex
 10
56.15036969868196
 20
-0.9447091238895258
 30
0.0
  0
VERTEX
  5
150
330
68
100
AcDbEntity
  8
1_ANYTOOL_1MMDEEP_LABELS_S
100
AcDbVertex
100
AcDb2dVertex
 10
56.29285714287835
 20
-0.8678571428627038
 30
0.0
  0
VERTEX
  5
151
330
68
100
AcDbEntity
  8
1_ANYTOOL_1MMDEEP_LABELS_S
100
AcDbVertex
100
AcDb2dVertex
 10
56.43697684153902
 20
-0.7933698381751686
 30
0.0
  0
VERTEX
  5
152
330
68
100
AcDbEntity
  8
1_ANYTOOL_1MMDEEP_LABELS_S
100
AcDbVertex
100
AcDb2dVertex
 10
56.58272879466398
 20
-0.7212472098269203
 30
0.0
  0
VERTEX
  5
153
330
68
100
AcDbEntity
  8
1_ANYTOOL_1MMDEEP_LABELS_S
100
AcDbVertex
100
AcDb2dVertex
 10
56.87912946430674
 20
-0.5840959821482841
 30
0.0
  0
VERTEX
  5
154
330
68
100
AcDbEntity
  8
1_ANYTOOL_1MMDEEP_LABELS_S
100
AcDbVertex
100
AcDb2dVertex
 10
57.18205915180664
 20
-0.4564034598267952
 30
0.0
  0
VERTEX
  5
155
330
68
100
AcDbEntity
  8
1_ANYTOOL_1MMDEEP_LABELS_S
100
AcDbVertex
100
AcDb2dVertex
 10
57.49151785716367
 20
-0.3381696428624537
 30
0.0
  0
VERTEX
  5
156
330
68
100
AcDbEntity
  8
1_ANYTOOL_1MMDEEP_LABELS_S
100
AcDbVertex
100
AcDb2dVertex
 10
57.80750558037784
 20
-0.2293945312552594
 30
0.0
  0
VERTEX
  5
157
330
68
100
AcDbEntity
  8
1_ANYTOOL_1MMDEEP_LABELS_S
100
AcDbVertex
100
AcDb2dVertex
 10
58.13002232144913
 20
-0.1300781250052125
 30
0.0
  0
VERTEX
  5
158
330
68
100
AcDbEntity
  8
1_ANYTOOL_1MMDEEP_LABELS_S
100
AcDbVertex
100
AcDb2dVertex
 10
58.45906808037756
 20
-0.040220424112313
 30
0.0
  0
VERTEX
  5
159
330
68
100
AcDbEntity
  8
1_ANYTOOL_1MMDEEP_LABELS_S
100
AcDbVertex
100
AcDb2dVertex
 10
58.79464285716313
 20
0.0401785714234393
 30
0.0
  0
VERTEX
  5
15A
330
68
100
AcDbEntity
  8
1_ANYTOOL_1MMDEEP_LABELS_S
100
AcDbVertex
100
AcDb2dVertex
 10
59.13674665180582
 20
0.1111188616020442
 30
0.0
  0
VERTEX
  5
15B
330
68
100
AcDbEntity
  8
1_ANYTOOL_1MMDEEP_LABELS_S
100
AcDbVertex
100
AcDb2dVertex
 10
59.48537946430565
 20
0.1726004464235018
 30
0.0
  0
VERTEX
  5
15C
330
68
100
AcDbEntity
  8
1_ANYTOOL_1MMDEEP_LABELS_S
100
AcDbVertex
100
AcDb2dVertex
 10
59.84054129466261
 20
0.2246233258878121
 30
0.0
  0
VERTEX
  5
15D
330
68
100
AcDbEntity
  8
1_ANYTOOL_1MMDEEP_LABELS_S
100
AcDbVertex
100
AcDb2dVertex
 10
60.20223214287671
 20
0.267187499994975
 30
0.0
  0
VERTEX
  5
15E
330
68
100
AcDbEntity
  8
1_ANYTOOL_1MMDEEP_LABELS_S
100
AcDbVertex
100
AcDb2dVertex
 10
60.57045200894794
 20
0.3002929687449907
 30
0.0
  0
VERTEX
  5
15F
330
68
100
AcDbEntity
  8
1_ANYTOOL_1MMDEEP_LABELS_S
100
AcDbVertex
100
AcDb2dVertex
 10
60.9452008928763
 20
0.323939732137859
 30
0.0
  0
VERTEX
  5
160
330
68
100
AcDbEntity
  8
1_ANYTOOL_1MMDEEP_LABELS_S
100
AcDbVertex
100
AcDb2dVertex
 10
61.3264787946618
 20
0.33812779017358
 30
0.0
  0
SEQEND
  5
161
330
68
100
AcDbEntity
  8
1_ANYTOOL_1MMDEEP_LABELS_S
  0
LINE
  5
162
330
1F
100
AcDbEntity
  8
1_ANYTOOL_1MMDEEP_LABELS_S
100
AcDbLine
 10
85.6714285714479
 20
-16.11428571429133
 30
0.0
 11
76.88571428573778
 21
-16.20000000000437
 31
0.0
  0
POLYLINE
  5
163
330
1F
100
AcDbEntity
  8
1_ANYTOOL_1MMDEEP_LABELS_S
100
AcDb2dPolyline
 66
     1
 10
0.0
 20
0.0
 30
0.0
  0
VERTEX
  5
164
330
163
100
AcDbEntity
  8
1_ANYTOOL_1MMDEEP_LABELS_S
100
AcDbVertex
100
AcDb2dVertex
 10
90.81428571431024
 20
-0.000000000007276
 30
0.0
  0
VERTEX
  5
165
330
163
100
AcDbEntity
  8
1_ANYTOOL_1MMDEEP_LABELS_S
100
AcDbVertex
100
AcDb2dVertex
 10
90.81428571431024
 20
-30.00000000000728
 30
0.0
  0
VERTEX
  5
166
330
163
100
AcDbEntity
  8
1_ANYTOOL_1MMDEEP_LABELS_S
100
AcDbVertex
100
AcDb2dVertex
 10
107.9142857143088
 20
-30.00000000000728
 30
0.0
  0
SEQEND
  5
167
330
163
100
AcDbEntity
  8
1_ANYTOOL_1MMDEEP_LABELS_S
  0
LINE
  5
168
330
1F
100
AcDbEntity
  8
1_ANYTOOL_1MMDEEP_LABELS_S
100
AcDbLine
 10
120.5571428571639
 20
-16.11428571429133
 30
0.0
 11
111.7714285714537
 21
-16.20000000000437
 31
0.0
  0
POLYLINE
  5
169
330
1F
100
AcDbEntity
  8
1_ANYTOOL_1MMDEEP_LABELS_S
100
AcDb2dPolyline
 66
     1
 10
0.0
 20
0.0
 30
0.0
  0
VERTEX
  5
16A
330
169
100
AcDbEntity
  8
1_ANYTOOL_1MMDEEP_LABELS_S
100
AcDbVertex
100
AcDb2dVertex
 10
124.8428571428813
 20
-25.24285714286088
 30
0.0
  0
VERTEX
  5
16B
330
169
100
AcDbEntity
  8
1_ANYTOOL_1MMDEEP_LABELS_S
100
AcDbVertex
100
AcDb2dVertex
 10
125.0514090402024
 20
-25.5355329241111
 30
0.0
  0
VERTEX
  5
16C
330
169
100
AcDbEntity
  8
1_ANYTOOL_1MMDEEP_LABELS_S
100
AcDbVertex
100
AcDb2dVertex
 10
125.2645647321665
 20
-25.81891741071846
 30
0.0
  0
VERTEX
  5
16D
330
169
100
AcDbEntity
  8
1_ANYTOOL_1MMDEEP_LABELS_S
100
AcDbVertex
100
AcDb2dVertex
 10
125.4823242187734
 20
-26.09301060268294
 30
0.0
  0
VERTEX
  5
16E
330
169
100
AcDbEntity
  8
1_ANYTOOL_1MMDEEP_LABELS_S
100
AcDbVertex
100
AcDb2dVertex
 10
125.7046875000232
 20
-26.35781250000457
 30
0.0
  0
VERTEX
  5
16F
330
169
100
AcDbEntity
  8
1_ANYTOOL_1MMDEEP_LABELS_S
100
AcDbVertex
100
AcDb2dVertex
 10
125.9316545759158
 20
-26.61332310268333
 30
0.0
  0
VERTEX
  5
170
330
169
100
AcDbEntity
  8
1_ANYTOOL_1MMDEEP_LABELS_S
100
AcDbVertex
100
AcDb2dVertex
 10
126.1632254464514
 20
-26.85954241071923
 30
0.0
  0
VERTEX
  5
171
330
169
100
AcDbEntity
  8
1_ANYTOOL_1MMDEEP_LABELS_S
100
AcDbVertex
100
AcDb2dVertex
 10
126.3994001116298
 20
-27.09647042411226
 30
0.0
  0
VERTEX
  5
172
330
169
100
AcDbEntity
  8
1_ANYTOOL_1MMDEEP_LABELS_S
100
AcDbVertex
100
AcDb2dVertex
 10
126.6401785714511
 20
-27.32410714286243
 30
0.0
  0
VERTEX
  5
173
330
169
100
AcDbEntity
  8
1_ANYTOOL_1MMDEEP_LABELS_S
100
AcDbVertex
100
AcDb2dVertex
 10
126.8855608259153
 20
-27.54245256696974
 30
0.0
  0
VERTEX
  5
174
330
169
100
AcDbEntity
  8
1_ANYTOOL_1MMDEEP_LABELS_S
100
AcDbVertex
100
AcDb2dVertex
 10
127.1355468750223
 20
-27.75150669643418
 30
0.0
  0
VERTEX
  5
175
330
169
100
AcDbEntity
  8
1_ANYTOOL_1MMDEEP_LABELS_S
100
AcDbVertex
100
AcDb2dVertex
 10
127.3901367187722
 20
-27.95126953125575
 30
0.0
  0
VERTEX
  5
176
330
169
100
AcDbEntity
  8
1_ANYTOOL_1MMDEEP_LABELS_S
100
AcDbVertex
100
AcDb2dVertex
 10
127.649330357165
 20
-28.14174107143447
 30
0.0
  0
VERTEX
  5
177
330
169
100
AcDbEntity
  8
1_ANYTOOL_1MMDEEP_LABELS_S
100
AcDbVertex
100
AcDb2dVertex
 10
127.9131277902007
 20
-28.32292131697032
 30
0.0
  0
VERTEX
  5
178
330
169
100
AcDbEntity
  8
1_ANYTOOL_1MMDEEP_LABELS_S
100
AcDbVertex
100
AcDb2dVertex
 10
128.1815290178792
 20
-28.4948102678633
 30
0.0
  0
VERTEX
  5
179
330
169
100
AcDbEntity
  8
1_ANYTOOL_1MMDEEP_LABELS_S
100
AcDbVertex
100
AcDb2dVertex
 10
128.4545340402007
 20
-28.65740792411342
 30
0.0
  0
VERTEX
  5
17A
330
169
100
AcDbEntity
  8
1_ANYTOOL_1MMDEEP_LABELS_S
100
AcDbVertex
100
AcDb2dVertex
 10
128.7321428571649
 20
-28.81071428572068
 30
0.0
  0
VERTEX
  5
17B
330
169
100
AcDbEntity
  8
1_ANYTOOL_1MMDEEP_LABELS_S
100
AcDbVertex
100
AcDb2dVertex
 10
129.0143554687721
 20
-28.95472935268507
 30
0.0
  0
VERTEX
  5
17C
330
169
100
AcDbEntity
  8
1_ANYTOOL_1MMDEEP_LABELS_S
100
AcDbVertex
100
AcDb2dVertex
 10
129.3011718750222
 20
-29.0894531250066
 30
0.0
  0
VERTEX
  5
17D
330
169
100
AcDbEntity
  8
1_ANYTOOL_1MMDEEP_LABELS_S
100
AcDbVertex
100
AcDb2dVertex
 10
129.5925920759151
 20
-29.21488560268526
 30
0.0
  0
VERTEX
  5
17E
330
169
100
AcDbEntity
  8
1_ANYTOOL_1MMDEEP_LABELS_S
100
AcDbVertex
100
AcDb2dVertex
 10
129.8886160714509
 20
-29.33102678572106
 30
0.0
  0
VERTEX
  5
17F
330
169
100
AcDbEntity
  8
1_ANYTOOL_1MMDEEP_LABELS_S
100
AcDbVertex
100
AcDb2dVertex
 10
130.1892438616296
 20
-29.437876674114
 30
0.0
  0
VERTEX
  5
180
330
169
100
AcDbEntity
  8
1_ANYTOOL_1MMDEEP_LABELS_S
100
AcDbVertex
100
AcDb2dVertex
 10
130.4944754464511
 20
-29.53543526786407
 30
0.0
  0
VERTEX
  5
181
330
169
100
AcDbEntity
  8
1_ANYTOOL_1MMDEEP_LABELS_S
100
AcDbVertex
100
AcDb2dVertex
 10
130.8043108259155
 20
-29.62370256697128
 30
0.0
  0
VERTEX
  5
182
330
169
100
AcDbEntity
  8
1_ANYTOOL_1MMDEEP_LABELS_S
100
AcDbVertex
100
AcDb2dVertex
 10
131.1187500000228
 20
-29.70267857143563
 30
0.0
  0
VERTEX
  5
183
330
169
100
AcDbEntity
  8
1_ANYTOOL_1MMDEEP_LABELS_S
100
AcDbVertex
100
AcDb2dVertex
 10
131.437792968773
 20
-29.77236328125711
 30
0.0
  0
VERTEX
  5
184
330
169
100
AcDbEntity
  8
1_ANYTOOL_1MMDEEP_LABELS_S
100
AcDbVertex
100
AcDb2dVertex
 10
131.7614397321661
 20
-29.83275669643572
 30
0.0
  0
VERTEX
  5
185
330
169
100
AcDbEntity
  8
1_ANYTOOL_1MMDEEP_LABELS_S
100
AcDbVertex
100
AcDb2dVertex
 10
132.089690290202
 20
-29.88385881697148
 30
0.0
  0
VERTEX
  5
186
330
169
100
AcDbEntity
  8
1_ANYTOOL_1MMDEEP_LABELS_S
100
AcDbVertex
100
AcDb2dVertex
 10
132.4225446428808
 20
-29.92566964286436
 30
0.0
  0
VERTEX
  5
187
330
169
100
AcDbEntity
  8
1_ANYTOOL_1MMDEEP_LABELS_S
100
AcDbVertex
100
AcDb2dVertex
 10
132.7600027902025
 20
-29.95818917411439
 30
0.0
  0
VERTEX
  5
188
330
169
100
AcDbEntity
  8
1_ANYTOOL_1MMDEEP_LABELS_S
100
AcDbVertex
100
AcDb2dVertex
 10
133.102064732167
 20
-29.98141741072155
 30
0.0
  0
VERTEX
  5
189
330
169
100
AcDbEntity
  8
1_ANYTOOL_1MMDEEP_LABELS_S
100
AcDbVertex
100
AcDb2dVertex
 10
133.4487304687744
 20
-29.99535435268584
 30
0.0
  0
VERTEX
  5
18A
330
169
100
AcDbEntity
  8
1_ANYTOOL_1MMDEEP_LABELS_S
100
AcDbVertex
100
AcDb2dVertex
 10
133.8000000000247
 20
-30.00000000000728
 30
0.0
  0
VERTEX
  5
18B
330
169
100
AcDbEntity
  8
1_ANYTOOL_1MMDEEP_LABELS_S
100
AcDbVertex
100
AcDb2dVertex
 10
134.2145089285956
 20
-29.99598214286442
 30
0.0
  0
VERTEX
  5
18C
330
169
100
AcDbEntity
  8
1_ANYTOOL_1MMDEEP_LABELS_S
100
AcDbVertex
100
AcDb2dVertex
 10
134.622321428595
 20
-29.98392857143585
 30
0.0
  0
VERTEX
  5
18D
330
169
100
AcDbEntity
  8
1_ANYTOOL_1MMDEEP_LABELS_S
100
AcDbVertex
100
AcDb2dVertex
 10
135.0234375000231
 20
-29.96383928572158
 30
0.0
  0
VERTEX
  5
18E
330
169
100
AcDbEntity
  8
1_ANYTOOL_1MMDEEP_LABELS_S
100
AcDbVertex
100
AcDb2dVertex
 10
135.4178571428797
 20
-29.93571428572159
 30
0.0
  0
VERTEX
  5
18F
330
169
100
AcDbEntity
  8
1_ANYTOOL_1MMDEEP_LABELS_S
100
AcDbVertex
100
AcDb2dVertex
 10
135.805580357165
 20
-29.89955357143589
 30
0.0
  0
VERTEX
  5
190
330
169
100
AcDbEntity
  8
1_ANYTOOL_1MMDEEP_LABELS_S
100
AcDbVertex
100
AcDb2dVertex
 10
136.1866071428789
 20
-29.85535714286448
 30
0.0
  0
VERTEX
  5
191
330
169
100
AcDbEntity
  8
1_ANYTOOL_1MMDEEP_LABELS_S
100
AcDbVertex
100
AcDb2dVertex
 10
136.5609375000214
 20
-29.80312500000736
 30
0.0
  0
VERTEX
  5
192
330
169
100
AcDbEntity
  8
1_ANYTOOL_1MMDEEP_LABELS_S
100
AcDbVertex
100
AcDb2dVertex
 10
136.9285714285925
 20
-29.74285714286452
 30
0.0
  0
VERTEX
  5
193
330
169
100
AcDbEntity
  8
1_ANYTOOL_1MMDEEP_LABELS_S
100
AcDbVertex
100
AcDb2dVertex
 10
137.2895089285922
 20
-29.67455357143598
 30
0.0
  0
VERTEX
  5
194
330
169
100
AcDbEntity
  8
1_ANYTOOL_1MMDEEP_LABELS_S
100
AcDbVertex
100
AcDb2dVertex
 10
137.6437500000205
 20
-29.59821428572172
 30
0.0
  0
VERTEX
  5
195
330
169
100
AcDbEntity
  8
1_ANYTOOL_1MMDEEP_LABELS_S
100
AcDbVertex
100
AcDb2dVertex
 10
137.9912946428775
 20
-29.51383928572176
 30
0.0
  0
VERTEX
  5
196
330
169
100
AcDbEntity
  8
1_ANYTOOL_1MMDEEP_LABELS_S
100
AcDbVertex
100
AcDb2dVertex
 10
138.332142857163
 20
-29.42142857143608
 30
0.0
  0
VERTEX
  5
197
330
169
100
AcDbEntity
  8
1_ANYTOOL_1MMDEEP_LABELS_S
100
AcDbVertex
100
AcDb2dVertex
 10
138.6662946428772
 20
-29.32098214286469
 30
0.0
  0
VERTEX
  5
198
330
169
100
AcDbEntity
  8
1_ANYTOOL_1MMDEEP_LABELS_S
100
AcDbVertex
100
AcDb2dVertex
 10
138.99375000002
 20
-29.21250000000759
 30
0.0
  0
VERTEX
  5
199
330
169
100
AcDbEntity
  8
1_ANYTOOL_1MMDEEP_LABELS_S
100
AcDbVertex
100
AcDb2dVertex
 10
139.3145089285914
 20
-29.09598214286478
 30
0.0
  0
VERTEX
  5
19A
330
169
100
AcDbEntity
  8
1_ANYTOOL_1MMDEEP_LABELS_S
100
AcDbVertex
100
AcDb2dVertex
 10
139.6285714285914
 20
-28.97142857143626
 30
0.0
  0
VERTEX
  5
19B
330
169
100
AcDbEntity
  8
1_ANYTOOL_1MMDEEP_LABELS_S
100
AcDbVertex
100
AcDb2dVertex
 10
139.7856445312699
 20
-28.90237165179347
 30
0.0
  0
VERTEX
  5
19C
330
169
100
AcDbEntity
  8
1_ANYTOOL_1MMDEEP_LABELS_S
100
AcDbVertex
100
AcDb2dVertex
 10
139.9407924107342
 20
-28.82912946429352
 30
0.0
  0
VERTEX
  5
19D
330
169
100
AcDbEntity
  8
1_ANYTOOL_1MMDEEP_LABELS_S
100
AcDbVertex
100
AcDb2dVertex
 10
140.0940150669842
 20
-28.75170200893641
 30
0.0
  0
VERTEX
  5
19E
330
169
100
AcDbEntity
  8
1_ANYTOOL_1MMDEEP_LABELS_S
100
AcDbVertex
100
AcDb2dVertex
 10
140.2453125000198
 20
-28.67008928572216
 30
0.0
  0
VERTEX
  5
19F
330
169
100
AcDbEntity
  8
1_ANYTOOL_1MMDEEP_LABELS_S
100
AcDbVertex
100
AcDb2dVertex
 10
140.3946847098413
 20
-28.58429129465075
 30
0.0
  0
VERTEX
  5
1A0
330
169
100
AcDbEntity
  8
1_ANYTOOL_1MMDEEP_LABELS_S
100
AcDbVertex
100
AcDb2dVertex
 10
140.5421316964484
 20
-28.49430803572218
 30
0.0
  0
VERTEX
  5
1A1
330
169
100
AcDbEntity
  8
1_ANYTOOL_1MMDEEP_LABELS_S
100
AcDbVertex
100
AcDb2dVertex
 10
140.6876534598412
 20
-28.40013950893647
 30
0.0
  0
VERTEX
  5
1A2
330
169
100
AcDbEntity
  8
1_ANYTOOL_1MMDEEP_LABELS_S
100
AcDbVertex
100
AcDb2dVertex
 10
140.8312500000197
 20
-28.3017857142936
 30
0.0
  0
VERTEX
  5
1A3
330
169
100
AcDbEntity
  8
1_ANYTOOL_1MMDEEP_LABELS_S
100
AcDbVertex
100
AcDb2dVertex
 10
140.972921316984
 20
-28.19924665179358
 30
0.0
  0
VERTEX
  5
1A4
330
169
100
AcDbEntity
  8
1_ANYTOOL_1MMDEEP_LABELS_S
100
AcDbVertex
100
AcDb2dVertex
 10
141.112667410734
 20
-28.09252232143641
 30
0.0
  0
VERTEX
  5
1A5
330
169
100
AcDbEntity
  8
1_ANYTOOL_1MMDEEP_LABELS_S
100
AcDbVertex
100
AcDb2dVertex
 10
141.2504882812697
 20
-27.98161272322208
 30
0.0
  0
VERTEX
  5
1A6
330
169
100
AcDbEntity
  8
1_ANYTOOL_1MMDEEP_LABELS_S
100
AcDbVertex
100
AcDb2dVertex
 10
141.386383928591
 20
-27.8665178571506
 30
0.0
  0
VERTEX
  5
1A7
330
169
100
AcDbEntity
  8
1_ANYTOOL_1MMDEEP_LABELS_S
100
AcDbVertex
100
AcDb2dVertex
 10
141.5203543526982
 20
-27.74723772322196
 30
0.0
  0
VERTEX
  5
1A8
330
169
100
AcDbEntity
  8
1_ANYTOOL_1MMDEEP_LABELS_S
100
AcDbVertex
100
AcDb2dVertex
 10
141.652399553591
 20
-27.62377232143618
 30
0.0
  0
VERTEX
  5
1A9
330
169
100
AcDbEntity
  8
1_ANYTOOL_1MMDEEP_LABELS_S
100
AcDbVertex
100
AcDb2dVertex
 10
141.7825195312695
 20
-27.49612165179324
 30
0.0
  0
VERTEX
  5
1AA
330
169
100
AcDbEntity
  8
1_ANYTOOL_1MMDEEP_LABELS_S
100
AcDbVertex
100
AcDb2dVertex
 10
141.9107142857338
 20
-27.36428571429315
 30
0.0
  0
VERTEX
  5
1AB
330
169
100
AcDbEntity
  8
1_ANYTOOL_1MMDEEP_LABELS_S
100
AcDbVertex
100
AcDb2dVertex
 10
142.0369838169837
 20
-27.2282645089359
 30
0.0
  0
VERTEX
  5
1AC
330
169
100
AcDbEntity
  8
1_ANYTOOL_1MMDEEP_LABELS_S
100
AcDbVertex
100
AcDb2dVertex
 10
142.1613281250194
 20
-27.0880580357215
 30
0.0
  0
VERTEX
  5
1AD
330
169
100
AcDbEntity
  8
1_ANYTOOL_1MMDEEP_LABELS_S
100
AcDbVertex
100
AcDb2dVertex
 10
142.2837472098408
 20
-26.94366629464995
 30
0.0
  0
VERTEX
  5
1AE
330
169
100
AcDbEntity
  8
1_ANYTOOL_1MMDEEP_LABELS_S
100
AcDbVertex
100
AcDb2dVertex
 10
142.4042410714479
 20
-26.79508928572125
 30
0.0
  0
VERTEX
  5
1AF
330
169
100
AcDbEntity
  8
1_ANYTOOL_1MMDEEP_LABELS_S
100
AcDbVertex
100
AcDb2dVertex
 10
142.5228097098408
 20
-26.64232700893539
 30
0.0
  0
VERTEX
  5
1B0
330
169
100
AcDbEntity
  8
1_ANYTOOL_1MMDEEP_LABELS_S
100
AcDbVertex
100
AcDb2dVertex
 10
142.6394531250193
 20
-26.48537946429238
 30
0.0
  0
VERTEX
  5
1B1
330
169
100
AcDbEntity
  8
1_ANYTOOL_1MMDEEP_LABELS_S
100
AcDbVertex
100
AcDb2dVertex
 10
142.7541713169835
 20
-26.32424665179222
 30
0.0
  0
VERTEX
  5
1B2
330
169
100
AcDbEntity
  8
1_ANYTOOL_1MMDEEP_LABELS_S
100
AcDbVertex
100
AcDb2dVertex
 10
142.8669642857335
 20
-26.1589285714349
 30
0.0
  0
VERTEX
  5
1B3
330
169
100
AcDbEntity
  8
1_ANYTOOL_1MMDEEP_LABELS_S
100
AcDbVertex
100
AcDb2dVertex
 10
142.9778320312692
 20
-25.98942522322043
 30
0.0
  0
VERTEX
  5
1B4
330
169
100
AcDbEntity
  8
1_ANYTOOL_1MMDEEP_LABELS_S
100
AcDbVertex
100
AcDb2dVertex
 10
143.0867745535906
 20
-25.81573660714881
 30
0.0
  0
VERTEX
  5
1B5
330
169
100
AcDbEntity
  8
1_ANYTOOL_1MMDEEP_LABELS_S
100
AcDbVertex
100
AcDb2dVertex
 10
143.1937918526977
 20
-25.63786272322003
 30
0.0
  0
VERTEX
  5
1B6
330
169
100
AcDbEntity
  8
1_ANYTOOL_1MMDEEP_LABELS_S
100
AcDbVertex
100
AcDb2dVertex
 10
143.2988839285905
 20
-25.4558035714341
 30
0.0
  0
VERTEX
  5
1B7
330
169
100
AcDbEntity
  8
1_ANYTOOL_1MMDEEP_LABELS_S
100
AcDbVertex
100
AcDb2dVertex
 10
143.5032924107333
 20
-25.07912946429079
 30
0.0
  0
VERTEX
  5
1B8
330
169
100
AcDbEntity
  8
1_ANYTOOL_1MMDEEP_LABELS_S
100
AcDbVertex
100
AcDb2dVertex
 10
143.7000000000189
 20
-24.68571428571886
 30
0.0
  0
VERTEX
  5
1B9
330
169
100
AcDbEntity
  8
1_ANYTOOL_1MMDEEP_LABELS_S
100
AcDbVertex
100
AcDb2dVertex
 10
143.8141741071619
 20
-24.43962053571883
 30
0.0
  0
VERTEX
  5
1BA
330
169
100
AcDbEntity
  8
1_ANYTOOL_1MMDEEP_LABELS_S
100
AcDbVertex
100
AcDb2dVertex
 10
143.9209821428763
 20
-24.19419642857599
 30
0.0
  0
VERTEX
  5
1BB
330
169
100
AcDbEntity
  8
1_ANYTOOL_1MMDEEP_LABELS_S
100
AcDbVertex
100
AcDb2dVertex
 10
144.0204241071621
 20
-23.94944196429034
 30
0.0
  0
VERTEX
  5
1BC
330
169
100
AcDbEntity
  8
1_ANYTOOL_1MMDEEP_LABELS_S
100
AcDbVertex
100
AcDb2dVertex
 10
144.1125000000193
 20
-23.70535714286189
 30
0.0
  0
VERTEX
  5
1BD
330
169
100
AcDbEntity
  8
1_ANYTOOL_1MMDEEP_LABELS_S
100
AcDbVertex
100
AcDb2dVertex
 10
144.1972098214479
 20
-23.46194196429062
 30
0.0
  0
VERTEX
  5
1BE
330
169
100
AcDbEntity
  8
1_ANYTOOL_1MMDEEP_LABELS_S
100
AcDbVertex
100
AcDb2dVertex
 10
144.274553571448
 20
-23.21919642857654
 30
0.0
  0
VERTEX
  5
1BF
330
169
100
AcDbEntity
  8
1_ANYTOOL_1MMDEEP_LABELS_S
100
AcDbVertex
100
AcDb2dVertex
 10
144.3445312500195
 20
-22.97712053571965
 30
0.0
  0
VERTEX
  5
1C0
330
169
100
AcDbEntity
  8
1_ANYTOOL_1MMDEEP_LABELS_S
100
AcDbVertex
100
AcDb2dVertex
 10
144.4071428571624
 20
-22.73571428571995
 30
0.0
  0
VERTEX
  5
1C1
330
169
100
AcDbEntity
  8
1_ANYTOOL_1MMDEEP_LABELS_S
100
AcDbVertex
100
AcDb2dVertex
 10
144.4623883928767
 20
-22.49497767857744
 30
0.0
  0
VERTEX
  5
1C2
330
169
100
AcDbEntity
  8
1_ANYTOOL_1MMDEEP_LABELS_S
100
AcDbVertex
100
AcDb2dVertex
 10
144.5102678571625
 20
-22.25491071429212
 30
0.0
  0
VERTEX
  5
1C3
330
169
100
AcDbEntity
  8
1_ANYTOOL_1MMDEEP_LABELS_S
100
AcDbVertex
100
AcDb2dVertex
 10
144.5507812500197
 20
-22.01551339286399
 30
0.0
  0
VERTEX
  5
1C4
330
169
100
AcDbEntity
  8
1_ANYTOOL_1MMDEEP_LABELS_S
100
AcDbVertex
100
AcDb2dVertex
 10
144.5839285714483
 20
-21.77678571429306
 30
0.0
  0
VERTEX
  5
1C5
330
169
100
AcDbEntity
  8
1_ANYTOOL_1MMDEEP_LABELS_S
100
AcDbVertex
100
AcDb2dVertex
 10
144.6097098214483
 20
-21.53872767857931
 30
0.0
  0
VERTEX
  5
1C6
330
169
100
AcDbEntity
  8
1_ANYTOOL_1MMDEEP_LABELS_S
100
AcDbVertex
100
AcDb2dVertex
 10
144.6281250000197
 20
-21.30133928572275
 30
0.0
  0
VERTEX
  5
1C7
330
169
100
AcDbEntity
  8
1_ANYTOOL_1MMDEEP_LABELS_S
100
AcDbVertex
100
AcDb2dVertex
 10
144.6391741071626
 20
-21.06462053572338
 30
0.0
  0
VERTEX
  5
1C8
330
169
100
AcDbEntity
  8
1_ANYTOOL_1MMDEEP_LABELS_S
100
AcDbVertex
100
AcDb2dVertex
 10
144.6428571428769
 20
-20.8285714285812
 30
0.0
  0
VERTEX
  5
1C9
330
169
100
AcDbEntity
  8
1_ANYTOOL_1MMDEEP_LABELS_S
100
AcDbVertex
100
AcDb2dVertex
 10
144.6405133928769
 20
-20.56205357143815
 30
0.0
  0
VERTEX
  5
1CA
330
169
100
AcDbEntity
  8
1_ANYTOOL_1MMDEEP_LABELS_S
100
AcDbVertex
100
AcDb2dVertex
 10
144.6334821428769
 20
-20.29821428572367
 30
0.0
  0
VERTEX
  5
1CB
330
169
100
AcDbEntity
  8
1_ANYTOOL_1MMDEEP_LABELS_S
100
AcDbVertex
100
AcDb2dVertex
 10
144.6217633928769
 20
-20.03705357143777
 30
0.0
  0
VERTEX
  5
1CC
330
169
100
AcDbEntity
  8
1_ANYTOOL_1MMDEEP_LABELS_S
100
AcDbVertex
100
AcDb2dVertex
 10
144.6053571428769
 20
-19.77857142858045
 30
0.0
  0
VERTEX
  5
1CD
330
169
100
AcDbEntity
  8
1_ANYTOOL_1MMDEEP_LABELS_S
100
AcDbVertex
100
AcDb2dVertex
 10
144.5842633928768
 20
-19.5227678571517
 30
0.0
  0
VERTEX
  5
1CE
330
169
100
AcDbEntity
  8
1_ANYTOOL_1MMDEEP_LABELS_S
100
AcDbVertex
100
AcDb2dVertex
 10
144.5584821428768
 20
-19.26964285715152
 30
0.0
  0
VERTEX
  5
1CF
330
169
100
AcDbEntity
  8
1_ANYTOOL_1MMDEEP_LABELS_S
100
AcDbVertex
100
AcDb2dVertex
 10
144.5280133928768
 20
-19.01919642857992
 30
0.0
  0
VERTEX
  5
1D0
330
169
100
AcDbEntity
  8
1_ANYTOOL_1MMDEEP_LABELS_S
100
AcDbVertex
100
AcDb2dVertex
 10
144.4928571428768
 20
-18.7714285714369
 30
0.0
  0
VERTEX
  5
1D1
330
169
100
AcDbEntity
  8
1_ANYTOOL_1MMDEEP_LABELS_S
100
AcDbVertex
100
AcDb2dVertex
 10
144.4530133928768
 20
-18.52633928572245
 30
0.0
  0
VERTEX
  5
1D2
330
169
100
AcDbEntity
  8
1_ANYTOOL_1MMDEEP_LABELS_S
100
AcDbVertex
100
AcDb2dVertex
 10
144.4084821428767
 20
-18.28392857143658
 30
0.0
  0
VERTEX
  5
1D3
330
169
100
AcDbEntity
  8
1_ANYTOOL_1MMDEEP_LABELS_S
100
AcDbVertex
100
AcDb2dVertex
 10
144.3592633928767
 20
-18.04419642857928
 30
0.0
  0
VERTEX
  5
1D4
330
169
100
AcDbEntity
  8
1_ANYTOOL_1MMDEEP_LABELS_S
100
AcDbVertex
100
AcDb2dVertex
 10
144.3053571428767
 20
-17.80714285715055
 30
0.0
  0
VERTEX
  5
1D5
330
169
100
AcDbEntity
  8
1_ANYTOOL_1MMDEEP_LABELS_S
100
AcDbVertex
100
AcDb2dVertex
 10
144.2467633928766
 20
-17.5727678571504
 30
0.0
  0
VERTEX
  5
1D6
330
169
100
AcDbEntity
  8
1_ANYTOOL_1MMDEEP_LABELS_S
100
AcDbVertex
100
AcDb2dVertex
 10
144.1834821428766
 20
-17.34107142857883
 30
0.0
  0
VERTEX
  5
1D7
330
169
100
AcDbEntity
  8
1_ANYTOOL_1MMDEEP_LABELS_S
100
AcDbVertex
100
AcDb2dVertex
 10
144.1155133928766
 20
-17.11205357143583
 30
0.0
  0
VERTEX
  5
1D8
330
169
100
AcDbEntity
  8
1_ANYTOOL_1MMDEEP_LABELS_S
100
AcDbVertex
100
AcDb2dVertex
 10
144.0428571428765
 20
-16.88571428572141
 30
0.0
  0
VERTEX
  5
1D9
330
169
100
AcDbEntity
  8
1_ANYTOOL_1MMDEEP_LABELS_S
100
AcDbVertex
100
AcDb2dVertex
 10
143.9655133928765
 20
-16.66205357143556
 30
0.0
  0
VERTEX
  5
1DA
330
169
100
AcDbEntity
  8
1_ANYTOOL_1MMDEEP_LABELS_S
100
AcDbVertex
100
AcDb2dVertex
 10
143.8834821428764
 20
-16.44107142857828
 30
0.0
  0
VERTEX
  5
1DB
330
169
100
AcDbEntity
  8
1_ANYTOOL_1MMDEEP_LABELS_S
100
AcDbVertex
100
AcDb2dVertex
 10
143.7967633928764
 20
-16.22276785714958
 30
0.0
  0
VERTEX
  5
1DC
330
169
100
AcDbEntity
  8
1_ANYTOOL_1MMDEEP_LABELS_S
100
AcDbVertex
100
AcDb2dVertex
 10
143.7053571428763
 20
-16.00714285714946
 30
0.0
  0
VERTEX
  5
1DD
330
169
100
AcDbEntity
  8
1_ANYTOOL_1MMDEEP_LABELS_S
100
AcDbVertex
100
AcDb2dVertex
 10
143.6092633928762
 20
-15.79419642857791
 30
0.0
  0
VERTEX
  5
1DE
330
169
100
AcDbEntity
  8
1_ANYTOOL_1MMDEEP_LABELS_S
100
AcDbVertex
100
AcDb2dVertex
 10
143.5084821428762
 20
-15.58392857143494
 30
0.0
  0
VERTEX
  5
1DF
330
169
100
AcDbEntity
  8
1_ANYTOOL_1MMDEEP_LABELS_S
100
AcDbVertex
100
AcDb2dVertex
 10
143.4030133928761
 20
-15.37633928572054
 30
0.0
  0
VERTEX
  5
1E0
330
169
100
AcDbEntity
  8
1_ANYTOOL_1MMDEEP_LABELS_S
100
AcDbVertex
100
AcDb2dVertex
 10
143.2928571428761
 20
-15.17142857143472
 30
0.0
  0
VERTEX
  5
1E1
330
169
100
AcDbEntity
  8
1_ANYTOOL_1MMDEEP_LABELS_S
100
AcDbVertex
100
AcDb2dVertex
 10
143.178013392876
 20
-14.96919642857747
 30
0.0
  0
VERTEX
  5
1E2
330
169
100
AcDbEntity
  8
1_ANYTOOL_1MMDEEP_LABELS_S
100
AcDbVertex
100
AcDb2dVertex
 10
143.0584821428759
 20
-14.7696428571488
 30
0.0
  0
VERTEX
  5
1E3
330
169
100
AcDbEntity
  8
1_ANYTOOL_1MMDEEP_LABELS_S
100
AcDbVertex
100
AcDb2dVertex
 10
142.9342633928758
 20
-14.5727678571487
 30
0.0
  0
VERTEX
  5
1E4
330
169
100
AcDbEntity
  8
1_ANYTOOL_1MMDEEP_LABELS_S
100
AcDbVertex
100
AcDb2dVertex
 10
142.8053571428758
 20
-14.37857142857717
 30
0.0
  0
VERTEX
  5
1E5
330
169
100
AcDbEntity
  8
1_ANYTOOL_1MMDEEP_LABELS_S
100
AcDbVertex
100
AcDb2dVertex
 10
142.6717633928757
 20
-14.18705357143423
 30
0.0
  0
VERTEX
  5
1E6
330
169
100
AcDbEntity
  8
1_ANYTOOL_1MMDEEP_LABELS_S
100
AcDbVertex
100
AcDb2dVertex
 10
142.5334821428756
 20
-13.99821428571985
 30
0.0
  0
VERTEX
  5
1E7
330
169
100
AcDbEntity
  8
1_ANYTOOL_1MMDEEP_LABELS_S
100
AcDbVertex
100
AcDb2dVertex
 10
142.3905133928755
 20
-13.81205357143406
 30
0.0
  0
VERTEX
  5
1E8
330
169
100
AcDbEntity
  8
1_ANYTOOL_1MMDEEP_LABELS_S
100
AcDbVertex
100
AcDb2dVertex
 10
142.2428571428754
 20
-13.62857142857683
 30
0.0
  0
VERTEX
  5
1E9
330
169
100
AcDbEntity
  8
1_ANYTOOL_1MMDEEP_LABELS_S
100
AcDbVertex
100
AcDb2dVertex
 10
142.0907645089472
 20
-13.44927455357676
 30
0.0
  0
VERTEX
  5
1EA
330
169
100
AcDbEntity
  8
1_ANYTOOL_1MMDEEP_LABELS_S
100
AcDbVertex
100
AcDb2dVertex
 10
141.9344866071619
 20
-13.2756696428624
 30
0.0
  0
VERTEX
  5
1EB
330
169
100
AcDbEntity
  8
1_ANYTOOL_1MMDEEP_LABELS_S
100
AcDbVertex
100
AcDb2dVertex
 10
141.7740234375194
 20
-13.10775669643375
 30
0.0
  0
VERTEX
  5
1EC
330
169
100
AcDbEntity
  8
1_ANYTOOL_1MMDEEP_LABELS_S
100
AcDbVertex
100
AcDb2dVertex
 10
141.6093750000197
 20
-12.94553571429083
 30
0.0
  0
VERTEX
  5
1ED
330
169
100
AcDbEntity
  8
1_ANYTOOL_1MMDEEP_LABELS_S
100
AcDbVertex
100
AcDb2dVertex
 10
141.4405412946629
 20
-12.78900669643362
 30
0.0
  0
VERTEX
  5
1EE
330
169
100
AcDbEntity
  8
1_ANYTOOL_1MMDEEP_LABELS_S
100
AcDbVertex
100
AcDb2dVertex
 10
141.2675223214489
 20
-12.63816964286212
 30
0.0
  0
VERTEX
  5
1EF
330
169
100
AcDbEntity
  8
1_ANYTOOL_1MMDEEP_LABELS_S
100
AcDbVertex
100
AcDb2dVertex
 10
141.0903180803777
 20
-12.49302455357635
 30
0.0
  0
VERTEX
  5
1F0
330
169
100
AcDbEntity
  8
1_ANYTOOL_1MMDEEP_LABELS_S
100
AcDbVertex
100
AcDb2dVertex
 10
140.9089285714495
 20
-12.35357142857629
 30
0.0
  0
VERTEX
  5
1F1
330
169
100
AcDbEntity
  8
1_ANYTOOL_1MMDEEP_LABELS_S
100
AcDbVertex
100
AcDb2dVertex
 10
140.723353794664
 20
-12.21981026786194
 30
0.0
  0
VERTEX
  5
1F2
330
169
100
AcDbEntity
  8
1_ANYTOOL_1MMDEEP_LABELS_S
100
AcDbVertex
100
AcDb2dVertex
 10
140.5335937500214
 20
-12.09174107143332
 30
0.0
  0
VERTEX
  5
1F3
330
169
100
AcDbEntity
  8
1_ANYTOOL_1MMDEEP_LABELS_S
100
AcDbVertex
100
AcDb2dVertex
 10
140.3396484375217
 20
-11.96936383929041
 30
0.0
  0
VERTEX
  5
1F4
330
169
100
AcDbEntity
  8
1_ANYTOOL_1MMDEEP_LABELS_S
100
AcDbVertex
100
AcDb2dVertex
 10
140.1415178571648
 20
-11.85267857143322
 30
0.0
  0
VERTEX
  5
1F5
330
169
100
AcDbEntity
  8
1_ANYTOOL_1MMDEEP_LABELS_S
100
AcDbVertex
100
AcDb2dVertex
 10
139.9392020089508
 20
-11.74168526786174
 30
0.0
  0
VERTEX
  5
1F6
330
169
100
AcDbEntity
  8
1_ANYTOOL_1MMDEEP_LABELS_S
100
AcDbVertex
100
AcDb2dVertex
 10
139.7327008928795
 20
-11.63638392857598
 30
0.0
  0
VERTEX
  5
1F7
330
169
100
AcDbEntity
  8
1_ANYTOOL_1MMDEEP_LABELS_S
100
AcDbVertex
100
AcDb2dVertex
 10
139.5220145089512
 20
-11.53677455357594
 30
0.0
  0
VERTEX
  5
1F8
330
169
100
AcDbEntity
  8
1_ANYTOOL_1MMDEEP_LABELS_S
100
AcDbVertex
100
AcDb2dVertex
 10
139.3071428571657
 20
-11.44285714286161
 30
0.0
  0
VERTEX
  5
1F9
330
169
100
AcDbEntity
  8
1_ANYTOOL_1MMDEEP_LABELS_S
100
AcDbVertex
100
AcDb2dVertex
 10
139.088085937523
 20
-11.354631696433
 30
0.0
  0
VERTEX
  5
1FA
330
169
100
AcDbEntity
  8
1_ANYTOOL_1MMDEEP_LABELS_S
100
AcDbVertex
100
AcDb2dVertex
 10
138.8648437500232
 20
-11.27209821429011
 30
0.0
  0
VERTEX
  5
1FB
330
169
100
AcDbEntity
  8
1_ANYTOOL_1MMDEEP_LABELS_S
100
AcDbVertex
100
AcDb2dVertex
 10
138.6374162946663
 20
-11.19525669643293
 30
0.0
  0
VERTEX
  5
1FC
330
169
100
AcDbEntity
  8
1_ANYTOOL_1MMDEEP_LABELS_S
100
AcDbVertex
100
AcDb2dVertex
 10
138.4058035714521
 20
-11.12410714286148
 30
0.0
  0
VERTEX
  5
1FD
330
169
100
AcDbEntity
  8
1_ANYTOOL_1MMDEEP_LABELS_S
100
AcDbVertex
100
AcDb2dVertex
 10
138.1700055803809
 20
-11.05864955357573
 30
0.0
  0
VERTEX
  5
1FE
330
169
100
AcDbEntity
  8
1_ANYTOOL_1MMDEEP_LABELS_S
100
AcDbVertex
100
AcDb2dVertex
 10
137.9300223214524
 20
-10.99888392857571
 30
0.0
  0
VERTEX
  5
1FF
330
169
100
AcDbEntity
  8
1_ANYTOOL_1MMDEEP_LABELS_S
100
AcDbVertex
100
AcDb2dVertex
 10
137.6858537946668
 20
-10.9448102678614
 30
0.0
  0
VERTEX
  5
200
330
169
100
AcDbEntity
  8
1_ANYTOOL_1MMDEEP_LABELS_S
100
AcDbVertex
100
AcDb2dVertex
 10
137.4375000000241
 20
-10.89642857143281
 30
0.0
  0
VERTEX
  5
201
330
169
100
AcDbEntity
  8
1_ANYTOOL_1MMDEEP_LABELS_S
100
AcDbVertex
100
AcDb2dVertex
 10
137.1849609375242
 20
-10.85373883928993
 30
0.0
  0
VERTEX
  5
202
330
169
100
AcDbEntity
  8
1_ANYTOOL_1MMDEEP_LABELS_S
100
AcDbVertex
100
AcDb2dVertex
 10
136.9282366071672
 20
-10.81674107143277
 30
0.0
  0
VERTEX
  5
203
330
169
100
AcDbEntity
  8
1_ANYTOOL_1MMDEEP_LABELS_S
100
AcDbVertex
100
AcDb2dVertex
 10
136.667327008953
 20
-10.78543526786133
 30
0.0
  0
VERTEX
  5
204
330
169
100
AcDbEntity
  8
1_ANYTOOL_1MMDEEP_LABELS_S
100
AcDbVertex
100
AcDb2dVertex
 10
136.4022321428816
 20
-10.75982142857561
 30
0.0
  0
VERTEX
  5
205
330
169
100
AcDbEntity
  8
1_ANYTOOL_1MMDEEP_LABELS_S
100
AcDbVertex
100
AcDb2dVertex
 10
136.1329520089532
 20
-10.7398995535756
 30
0.0
  0
VERTEX
  5
206
330
169
100
AcDbEntity
  8
1_ANYTOOL_1MMDEEP_LABELS_S
100
AcDbVertex
100
AcDb2dVertex
 10
135.8594866071675
 20
-10.72566964286131
 30
0.0
  0
VERTEX
  5
207
330
169
100
AcDbEntity
  8
1_ANYTOOL_1MMDEEP_LABELS_S
100
AcDbVertex
100
AcDb2dVertex
 10
135.5818359375247
 20
-10.71713169643273
 30
0.0
  0
VERTEX
  5
208
330
169
100
AcDbEntity
  8
1_ANYTOOL_1MMDEEP_LABELS_S
100
AcDbVertex
100
AcDb2dVertex
 10
135.3000000000247
 20
-10.71428571428987
 30
0.0
  0
VERTEX
  5
209
330
169
100
AcDbEntity
  8
1_ANYTOOL_1MMDEEP_LABELS_S
100
AcDbVertex
100
AcDb2dVertex
 10
134.9489397321673
 20
-10.71880580357561
 30
0.0
  0
VERTEX
  5
20A
330
169
100
AcDbEntity
  8
1_ANYTOOL_1MMDEEP_LABELS_S
100
AcDbVertex
100
AcDb2dVertex
 10
134.6029017857385
 20
-10.73236607143281
 30
0.0
  0
VERTEX
  5
20B
330
169
100
AcDbEntity
  8
1_ANYTOOL_1MMDEEP_LABELS_S
100
AcDbVertex
100
AcDb2dVertex
 10
134.2618861607383
 20
-10.75496651786148
 30
0.0
  0
VERTEX
  5
20C
330
169
100
AcDbEntity
  8
1_ANYTOOL_1MMDEEP_LABELS_S
100
AcDbVertex
100
AcDb2dVertex
 10
133.9258928571667
 20
-10.78660714286161
 30
0.0
  0
VERTEX
  5
20D
330
169
100
AcDbEntity
  8
1_ANYTOOL_1MMDEEP_LABELS_S
100
AcDbVertex
100
AcDb2dVertex
 10
133.5949218750237
 20
-10.82728794643322
 30
0.0
  0
VERTEX
  5
20E
330
169
100
AcDbEntity
  8
1_ANYTOOL_1MMDEEP_LABELS_S
100
AcDbVertex
100
AcDb2dVertex
 10
133.2689732143093
 20
-10.87700892857629
 30
0.0
  0
VERTEX
  5
20F
330
169
100
AcDbEntity
  8
1_ANYTOOL_1MMDEEP_LABELS_S
100
AcDbVertex
100
AcDb2dVertex
 10
132.9480468750236
 20
-10.93577008929083
 30
0.0
  0
VERTEX
  5
210
330
169
100
AcDbEntity
  8
1_ANYTOOL_1MMDEEP_LABELS_S
100
AcDbVertex
100
AcDb2dVertex
 10
132.6321428571664
 20
-11.00357142857683
 30
0.0
  0
VERTEX
  5
211
330
169
100
AcDbEntity
  8
1_ANYTOOL_1MMDEEP_LABELS_S
100
AcDbVertex
100
AcDb2dVertex
 10
132.3212611607379
 20
-11.08041294643431
 30
0.0
  0
VERTEX
  5
212
330
169
100
AcDbEntity
  8
1_ANYTOOL_1MMDEEP_LABELS_S
100
AcDbVertex
100
AcDb2dVertex
 10
132.0154017857379
 20
-11.16629464286325
 30
0.0
  0
VERTEX
  5
213
330
169
100
AcDbEntity
  8
1_ANYTOOL_1MMDEEP_LABELS_S
100
AcDbVertex
100
AcDb2dVertex
 10
131.7145647321666
 20
-11.26121651786366
 30
0.0
  0
VERTEX
  5
214
330
169
100
AcDbEntity
  8
1_ANYTOOL_1MMDEEP_LABELS_S
100
AcDbVertex
100
AcDb2dVertex
 10
131.4187500000239
 20
-11.36517857143554
 30
0.0
  0
VERTEX
  5
215
330
169
100
AcDbEntity
  8
1_ANYTOOL_1MMDEEP_LABELS_S
100
AcDbVertex
100
AcDb2dVertex
 10
131.1279575893098
 20
-11.47818080357888
 30
0.0
  0
VERTEX
  5
216
330
169
100
AcDbEntity
  8
1_ANYTOOL_1MMDEEP_LABELS_S
100
AcDbVertex
100
AcDb2dVertex
 10
130.8421875000244
 20
-11.60022321429369
 30
0.0
  0
VERTEX
  5
217
330
169
100
AcDbEntity
  8
1_ANYTOOL_1MMDEEP_LABELS_S
100
AcDbVertex
100
AcDb2dVertex
 10
130.5614397321675
 20
-11.73130580357997
 30
0.0
  0
VERTEX
  5
218
330
169
100
AcDbEntity
  8
1_ANYTOOL_1MMDEEP_LABELS_S
100
AcDbVertex
100
AcDb2dVertex
 10
130.2857142857392
 20
-11.87142857143772
 30
0.0
  0
VERTEX
  5
219
330
169
100
AcDbEntity
  8
1_ANYTOOL_1MMDEEP_LABELS_S
100
AcDbVertex
100
AcDb2dVertex
 10
129.741294642881
 20
-12.16473214286589
 30
0.0
  0
VERTEX
  5
21A
330
169
100
AcDbEntity
  8
1_ANYTOOL_1MMDEEP_LABELS_S
100
AcDbVertex
100
AcDb2dVertex
 10
129.4705915178806
 20
-12.32243303572284
 30
0.0
  0
VERTEX
  5
21B
330
169
100
AcDbEntity
  8
1_ANYTOOL_1MMDEEP_LABELS_S
100
AcDbVertex
100
AcDb2dVertex
 10
129.2008928571659
 20
-12.48750000000837
 30
0.0
  0
VERTEX
  5
21C
330
169
100
AcDbEntity
  8
1_ANYTOOL_1MMDEEP_LABELS_S
100
AcDbVertex
100
AcDb2dVertex
 10
128.9321986607369
 20
-12.65993303572247
 30
0.0
  0
VERTEX
  5
21D
330
169
100
AcDbEntity
  8
1_ANYTOOL_1MMDEEP_LABELS_S
100
AcDbVertex
100
AcDb2dVertex
 10
128.6645089285937
 20
-12.83973214286516
 30
0.0
  0
VERTEX
  5
21E
330
169
100
AcDbEntity
  8
1_ANYTOOL_1MMDEEP_LABELS_S
100
AcDbVertex
100
AcDb2dVertex
 10
128.3978236607363
 20
-13.02689732143642
 30
0.0
  0
VERTEX
  5
21F
330
169
100
AcDbEntity
  8
1_ANYTOOL_1MMDEEP_LABELS_S
100
AcDbVertex
100
AcDb2dVertex
 10
128.1321428571646
 20
-13.22142857143626
 30
0.0
  0
VERTEX
  5
220
330
169
100
AcDbEntity
  8
1_ANYTOOL_1MMDEEP_LABELS_S
100
AcDbVertex
100
AcDb2dVertex
 10
127.8674665178787
 20
-13.42332589286468
 30
0.0
  0
VERTEX
  5
221
330
169
100
AcDbEntity
  8
1_ANYTOOL_1MMDEEP_LABELS_S
100
AcDbVertex
100
AcDb2dVertex
 10
127.6037946428785
 20
-13.63258928572168
 30
0.0
  0
VERTEX
  5
222
330
169
100
AcDbEntity
  8
1_ANYTOOL_1MMDEEP_LABELS_S
100
AcDbVertex
100
AcDb2dVertex
 10
127.3411272321641
 20
-13.84921875000725
 30
0.0
  0
VERTEX
  5
223
330
169
100
AcDbEntity
  8
1_ANYTOOL_1MMDEEP_LABELS_S
100
AcDbVertex
100
AcDb2dVertex
 10
127.0794642857354
 20
-14.07321428572141
 30
0.0
  0
VERTEX
  5
224
330
169
100
AcDbEntity
  8
1_ANYTOOL_1MMDEEP_LABELS_S
100
AcDbVertex
100
AcDb2dVertex
 10
126.8188058035925
 20
-14.30457589286414
 30
0.0
  0
VERTEX
  5
225
330
169
100
AcDbEntity
  8
1_ANYTOOL_1MMDEEP_LABELS_S
100
AcDbVertex
100
AcDb2dVertex
 10
126.5591517857354
 20
-14.54330357143544
 30
0.0
  0
VERTEX
  5
226
330
169
100
AcDbEntity
  8
1_ANYTOOL_1MMDEEP_LABELS_S
100
AcDbVertex
100
AcDb2dVertex
 10
126.0428571428783
 20
-15.0428571428638
 30
0.0
  0
VERTEX
  5
227
330
169
100
AcDbEntity
  8
1_ANYTOOL_1MMDEEP_LABELS_S
100
AcDbVertex
100
AcDb2dVertex
 10
126.7714285714537
 20
-0.000000000007276
 30
0.0
  0
VERTEX
  5
228
330
169
100
AcDbEntity
  8
1_ANYTOOL_1MMDEEP_LABELS_S
100
AcDbVertex
100
AcDb2dVertex
 10
142.9714285714508
 20
-0.000000000007276
 30
0.0
  0
SEQEND
  5
229
330
169
100
AcDbEntity
  8
1_ANYTOOL_1MMDEEP_LABELS_S
  0
LINE
  5
22A
330
1F
100
AcDbEntity
  8
1_ANYTOOL_1MMDEEP_LABELS_S
100
AcDbLine
 10
165.2142857143044
 20
-0.4714285714362632
 30
0.0
 11
148.0285714285928
 21
-31.24285714286088
 31
0.0
  0
POLYLINE
  5
22B
330
1F
100
AcDbEntity
  8
1_ANYTOOL_1MMDEEP_LABELS_S
100
AcDb2dPolyline
 66
     1
 10
0.0
 20
0.0
 30
0.0
  0
VERTEX
  5
22C
330
22B
100
AcDbEntity
  8
1_ANYTOOL_1MMDEEP_LABELS_S
100
AcDbVertex
100
AcDb2dVertex
 10
168.6428571428769
 20
-0.000000000007276
 30
0.0
  0
VERTEX
  5
22D
330
22B
100
AcDbEntity
  8
1_ANYTOOL_1MMDEEP_LABELS_S
100
AcDbVertex
100
AcDb2dVertex
 10
168.6428571428769
 20
-30.00000000000728
 30
0.0
  0
VERTEX
  5
22E
330
22B
100
AcDbEntity
  8
1_ANYTOOL_1MMDEEP_LABELS_S
100
AcDbVertex
100
AcDb2dVertex
 10
178.3285714285958
 20
-30.00000000000728
 30
0.0
  0
VERTEX
  5
22F
330
22B
100
AcDbEntity
  8
1_ANYTOOL_1MMDEEP_LABELS_S
100
AcDbVertex
100
AcDb2dVertex
 10
180.8571428571668
 20
-30.08571428572031
 30
0.0
  0
VERTEX
  5
230
330
22B
100
AcDbEntity
  8
1_ANYTOOL_1MMDEEP_LABELS_S
100
AcDbVertex
100
AcDb2dVertex
 10
181.085909598238
 20
-30.0909877232202
 30
0.0
  0
VERTEX
  5
231
330
22B
100
AcDbEntity
  8
1_ANYTOOL_1MMDEEP_LABELS_S
100
AcDbVertex
100
AcDb2dVertex
 10
181.3114955357379
 20
-30.09073660714867
 30
0.0
  0
VERTEX
  5
232
330
22B
100
AcDbEntity
  8
1_ANYTOOL_1MMDEEP_LABELS_S
100
AcDbVertex
100
AcDb2dVertex
 10
181.5339006696663
 20
-30.08496093750572
 30
0.0
  0
VERTEX
  5
233
330
22B
100
AcDbEntity
  8
1_ANYTOOL_1MMDEEP_LABELS_S
100
AcDbVertex
100
AcDb2dVertex
 10
181.7531250000233
 20
-30.07366071429135
 30
0.0
  0
VERTEX
  5
234
330
22B
100
AcDbEntity
  8
1_ANYTOOL_1MMDEEP_LABELS_S
100
AcDbVertex
100
AcDb2dVertex
 10
181.9691685268088
 20
-30.05683593750556
 30
0.0
  0
VERTEX
  5
235
330
22B
100
AcDbEntity
  8
1_ANYTOOL_1MMDEEP_LABELS_S
100
AcDbVertex
100
AcDb2dVertex
 10
182.182031250023
 20
-30.03448660714835
 30
0.0
  0
VERTEX
  5
236
330
22B
100
AcDbEntity
  8
1_ANYTOOL_1MMDEEP_LABELS_S
100
AcDbVertex
100
AcDb2dVertex
 10
182.3917131696657
 20
-30.00661272321972
 30
0.0
  0
VERTEX
  5
237
330
22B
100
AcDbEntity
  8
1_ANYTOOL_1MMDEEP_LABELS_S
100
AcDbVertex
100
AcDb2dVertex
 10
182.598214285737
 20
-29.97321428571968
 30
0.0
  0
VERTEX
  5
238
330
22B
100
AcDbEntity
  8
1_ANYTOOL_1MMDEEP_LABELS_S
100
AcDbVertex
100
AcDb2dVertex
 10
182.8015345982368
 20
-29.93429129464821
 30
0.0
  0
VERTEX
  5
239
330
22B
100
AcDbEntity
  8
1_ANYTOOL_1MMDEEP_LABELS_S
100
AcDbVertex
100
AcDb2dVertex
 10
183.0016741071653
 20
-29.88984375000533
 30
0.0
  0
VERTEX
  5
23A
330
22B
100
AcDbEntity
  8
1_ANYTOOL_1MMDEEP_LABELS_S
100
AcDbVertex
100
AcDb2dVertex
 10
183.1986328125222
 20
-29.83987165179102
 30
0.0
  0
VERTEX
  5
23B
330
22B
100
AcDbEntity
  8
1_ANYTOOL_1MMDEEP_LABELS_S
100
AcDbVertex
100
AcDb2dVertex
 10
183.3924107143079
 20
-29.7843750000053
 30
0.0
  0
VERTEX
  5
23C
330
22B
100
AcDbEntity
  8
1_ANYTOOL_1MMDEEP_LABELS_S
100
AcDbVertex
100
AcDb2dVertex
 10
183.583007812522
 20
-29.72335379464815
 30
0.0
  0
VERTEX
  5
23D
330
22B
100
AcDbEntity
  8
1_ANYTOOL_1MMDEEP_LABELS_S
100
AcDbVertex
100
AcDb2dVertex
 10
183.7704241071648
 20
-29.65680803571959
 30
0.0
  0
VERTEX
  5
23E
330
22B
100
AcDbEntity
  8
1_ANYTOOL_1MMDEEP_LABELS_S
100
AcDbVertex
100
AcDb2dVertex
 10
183.9546595982361
 20
-29.58473772321961
 30
0.0
  0
VERTEX
  5
23F
330
22B
100
AcDbEntity
  8
1_ANYTOOL_1MMDEEP_LABELS_S
100
AcDbVertex
100
AcDb2dVertex
 10
184.135714285736
 20
-29.50714285714821
 30
0.0
  0
VERTEX
  5
240
330
22B
100
AcDbEntity
  8
1_ANYTOOL_1MMDEEP_LABELS_S
100
AcDbVertex
100
AcDb2dVertex
 10
184.3135881696644
 20
-29.42402343750539
 30
0.0
  0
VERTEX
  5
241
330
22B
100
AcDbEntity
  8
1_ANYTOOL_1MMDEEP_LABELS_S
100
AcDbVertex
100
AcDb2dVertex
 10
184.4882812500215
 20
-29.33537946429115
 30
0.0
  0
VERTEX
  5
242
330
22B
100
AcDbEntity
  8
1_ANYTOOL_1MMDEEP_LABELS_S
100
AcDbVertex
100
AcDb2dVertex
 10
184.6597935268071
 20
-29.24121093750549
 30
0.0
  0
VERTEX
  5
243
330
22B
100
AcDbEntity
  8
1_ANYTOOL_1MMDEEP_LABELS_S
100
AcDbVertex
100
AcDb2dVertex
 10
184.8281250000213
 20
-29.14151785714841
 30
0.0
  0
VERTEX
  5
244
330
22B
100
AcDbEntity
  8
1_ANYTOOL_1MMDEEP_LABELS_S
100
AcDbVertex
100
AcDb2dVertex
 10
184.993275669664
 20
-29.03630022321992
 30
0.0
  0
VERTEX
  5
245
330
22B
100
AcDbEntity
  8
1_ANYTOOL_1MMDEEP_LABELS_S
100
AcDbVertex
100
AcDb2dVertex
 10
185.1552455357354
 20
-28.92555803572
 30
0.0
  0
VERTEX
  5
246
330
22B
100
AcDbEntity
  8
1_ANYTOOL_1MMDEEP_LABELS_S
100
AcDbVertex
100
AcDb2dVertex
 10
185.3140345982353
 20
-28.80929129464867
 30
0.0
  0
VERTEX
  5
247
330
22B
100
AcDbEntity
  8
1_ANYTOOL_1MMDEEP_LABELS_S
100
AcDbVertex
100
AcDb2dVertex
 10
185.4696428571638
 20
-28.68750000000591
 30
0.0
  0
VERTEX
  5
248
330
22B
100
AcDbEntity
  8
1_ANYTOOL_1MMDEEP_LABELS_S
100
AcDbVertex
100
AcDb2dVertex
 10
185.6220703125208
 20
-28.56018415179174
 30
0.0
  0
VERTEX
  5
249
330
22B
100
AcDbEntity
  8
1_ANYTOOL_1MMDEEP_LABELS_S
100
AcDbVertex
100
AcDb2dVertex
 10
185.7713169643065
 20
-28.42734375000614
 30
0.0
  0
VERTEX
  5
24A
330
22B
100
AcDbEntity
  8
1_ANYTOOL_1MMDEEP_LABELS_S
100
AcDbVertex
100
AcDb2dVertex
 10
185.9173828125207
 20
-28.28897879464913
 30
0.0
  0
VERTEX
  5
24B
330
22B
100
AcDbEntity
  8
1_ANYTOOL_1MMDEEP_LABELS_S
100
AcDbVertex
100
AcDb2dVertex
 10
186.0602678571635
 20
-28.1450892857207
 30
0.0
  0
VERTEX
  5
24C
330
22B
100
AcDbEntity
  8
1_ANYTOOL_1MMDEEP_LABELS_S
100
AcDbVertex
100
AcDb2dVertex
 10
186.1999720982348
 20
-27.99567522322085
 30
0.0
  0
VERTEX
  5
24D
330
22B
100
AcDbEntity
  8
1_ANYTOOL_1MMDEEP_LABELS_S
100
AcDbVertex
100
AcDb2dVertex
 10
186.3364955357348
 20
-27.84073660714958
 30
0.0
  0
VERTEX
  5
24E
330
22B
100
AcDbEntity
  8
1_ANYTOOL_1MMDEEP_LABELS_S
100
AcDbVertex
100
AcDb2dVertex
 10
186.4698381696633
 20
-27.68027343750689
 30
0.0
  0
VERTEX
  5
24F
330
22B
100
AcDbEntity
  8
1_ANYTOOL_1MMDEEP_LABELS_S
100
AcDbVertex
100
AcDb2dVertex
 10
186.6000000000204
 20
-27.51428571429278
 30
0.0
  0
VERTEX
  5
250
330
22B
100
AcDbEntity
  8
1_ANYTOOL_1MMDEEP_LABELS_S
100
AcDbVertex
100
AcDb2dVertex
 10
186.8542968750202
 20
-27.16925223215034
 30
0.0
  0
VERTEX
  5
251
330
22B
100
AcDbEntity
  8
1_ANYTOOL_1MMDEEP_LABELS_S
100
AcDbVertex
100
AcDb2dVertex
 10
186.9752929687701
 20
-26.99510323661482
 30
0.0
  0
VERTEX
  5
252
330
22B
100
AcDbEntity
  8
1_ANYTOOL_1MMDEEP_LABELS_S
100
AcDbVertex
100
AcDb2dVertex
 10
187.09218750002
 20
-26.81986607143642
 30
0.0
  0
VERTEX
  5
253
330
22B
100
AcDbEntity
  8
1_ANYTOOL_1MMDEEP_LABELS_S
100
AcDbVertex
100
AcDb2dVertex
 10
187.20498046877
 20
-26.64354073661516
 30
0.0
  0
VERTEX
  5
254
330
22B
100
AcDbEntity
  8
1_ANYTOOL_1MMDEEP_LABELS_S
100
AcDbVertex
100
AcDb2dVertex
 10
187.3136718750199
 20
-26.46612723215102
 30
0.0
  0
VERTEX
  5
255
330
22B
100
AcDbEntity
  8
1_ANYTOOL_1MMDEEP_LABELS_S
100
AcDbVertex
100
AcDb2dVertex
 10
187.4182617187698
 20
-26.28762555804402
 30
0.0
  0
VERTEX
  5
256
330
22B
100
AcDbEntity
  8
1_ANYTOOL_1MMDEEP_LABELS_S
100
AcDbVertex
100
AcDb2dVertex
 10
187.5187500000197
 20
-26.10803571429415
 30
0.0
  0
VERTEX
  5
257
330
22B
100
AcDbEntity
  8
1_ANYTOOL_1MMDEEP_LABELS_S
100
AcDbVertex
100
AcDb2dVertex
 10
187.6151367187697
 20
-25.9273577009014
 30
0.0
  0
VERTEX
  5
258
330
22B
100
AcDbEntity
  8
1_ANYTOOL_1MMDEEP_LABELS_S
100
AcDbVertex
100
AcDb2dVertex
 10
187.7074218750196
 20
-25.74559151786579
 30
0.0
  0
VERTEX
  5
259
330
22B
100
AcDbEntity
  8
1_ANYTOOL_1MMDEEP_LABELS_S
100
AcDbVertex
100
AcDb2dVertex
 10
187.7956054687696
 20
-25.56273716518731
 30
0.0
  0
VERTEX
  5
25A
330
22B
100
AcDbEntity
  8
1_ANYTOOL_1MMDEEP_LABELS_S
100
AcDbVertex
100
AcDb2dVertex
 10
187.8796875000195
 20
-25.37879464286596
 30
0.0
  0
VERTEX
  5
25B
330
22B
100
AcDbEntity
  8
1_ANYTOOL_1MMDEEP_LABELS_S
100
AcDbVertex
100
AcDb2dVertex
 10
187.9596679687695
 20
-25.19376395090173
 30
0.0
  0
VERTEX
  5
25C
330
22B
100
AcDbEntity
  8
1_ANYTOOL_1MMDEEP_LABELS_S
100
AcDbVertex
100
AcDb2dVertex
 10
188.0355468750194
 20
-25.00764508929464
 30
0.0
  0
VERTEX
  5
25D
330
22B
100
AcDbEntity
  8
1_ANYTOOL_1MMDEEP_LABELS_S
100
AcDbVertex
100
AcDb2dVertex
 10
188.1073242187693
 20
-24.82043805804468
 30
0.0
  0
VERTEX
  5
25E
330
22B
100
AcDbEntity
  8
1_ANYTOOL_1MMDEEP_LABELS_S
100
AcDbVertex
100
AcDb2dVertex
 10
188.1750000000193
 20
-24.63214285715185
 30
0.0
  0
VERTEX
  5
25F
330
22B
100
AcDbEntity
  8
1_ANYTOOL_1MMDEEP_LABELS_S
100
AcDbVertex
100
AcDb2dVertex
 10
188.2385742187692
 20
-24.44275948661615
 30
0.0
  0
VERTEX
  5
260
330
22B
100
AcDbEntity
  8
1_ANYTOOL_1MMDEEP_LABELS_S
100
AcDbVertex
100
AcDb2dVertex
 10
188.2980468750192
 20
-24.25228794643758
 30
0.0
  0
VERTEX
  5
261
330
22B
100
AcDbEntity
  8
1_ANYTOOL_1MMDEEP_LABELS_S
100
AcDbVertex
100
AcDb2dVertex
 10
188.3534179687692
 20
-24.06072823661614
 30
0.0
  0
VERTEX
  5
262
330
22B
100
AcDbEntity
  8
1_ANYTOOL_1MMDEEP_LABELS_S
100
AcDbVertex
100
AcDb2dVertex
 10
188.4046875000191
 20
-23.86808035715183
 30
0.0
  0
VERTEX
  5
263
330
22B
100
AcDbEntity
  8
1_ANYTOOL_1MMDEEP_LABELS_S
100
AcDbVertex
100
AcDb2dVertex
 10
188.4518554687691
 20
-23.67434430804465
 30
0.0
  0
VERTEX
  5
264
330
22B
100
AcDbEntity
  8
1_ANYTOOL_1MMDEEP_LABELS_S
100
AcDbVertex
100
AcDb2dVertex
 10
188.4949218750191
 20
-23.4795200892946
 30
0.0
  0
VERTEX
  5
265
330
22B
100
AcDbEntity
  8
1_ANYTOOL_1MMDEEP_LABELS_S
100
AcDbVertex
100
AcDb2dVertex
 10
188.533886718769
 20
-23.28360770090168
 30
0.0
  0
VERTEX
  5
266
330
22B
100
AcDbEntity
  8
1_ANYTOOL_1MMDEEP_LABELS_S
100
AcDbVertex
100
AcDb2dVertex
 10
188.568750000019
 20
-23.08660714286589
 30
0.0
  0
VERTEX
  5
267
330
22B
100
AcDbEntity
  8
1_ANYTOOL_1MMDEEP_LABELS_S
100
AcDbVertex
100
AcDb2dVertex
 10
188.599511718769
 20
-22.88851841518723
 30
0.0
  0
VERTEX
  5
268
330
22B
100
AcDbEntity
  8
1_ANYTOOL_1MMDEEP_LABELS_S
100
AcDbVertex
100
AcDb2dVertex
 10
188.626171875019
 20
-22.6893415178657
 30
0.0
  0
VERTEX
  5
269
330
22B
100
AcDbEntity
  8
1_ANYTOOL_1MMDEEP_LABELS_S
100
AcDbVertex
100
AcDb2dVertex
 10
188.648730468769
 20
-22.4890764509013
 30
0.0
  0
VERTEX
  5
26A
330
22B
100
AcDbEntity
  8
1_ANYTOOL_1MMDEEP_LABELS_S
100
AcDbVertex
100
AcDb2dVertex
 10
188.6671875000189
 20
-22.28772321429403
 30
0.0
  0
VERTEX
  5
26B
330
22B
100
AcDbEntity
  8
1_ANYTOOL_1MMDEEP_LABELS_S
100
AcDbVertex
100
AcDb2dVertex
 10
188.681542968769
 20
-22.0852818080439
 30
0.0
  0
VERTEX
  5
26C
330
22B
100
AcDbEntity
  8
1_ANYTOOL_1MMDEEP_LABELS_S
100
AcDbVertex
100
AcDb2dVertex
 10
188.6917968750189
 20
-21.88175223215089
 30
0.0
  0
VERTEX
  5
26D
330
22B
100
AcDbEntity
  8
1_ANYTOOL_1MMDEEP_LABELS_S
100
AcDbVertex
100
AcDb2dVertex
 10
188.6979492187689
 20
-21.67713448661501
 30
0.0
  0
VERTEX
  5
26E
330
22B
100
AcDbEntity
  8
1_ANYTOOL_1MMDEEP_LABELS_S
100
AcDbVertex
100
AcDb2dVertex
 10
188.7000000000189
 20
-21.47142857143626
 30
0.0
  0
VERTEX
  5
26F
330
22B
100
AcDbEntity
  8
1_ANYTOOL_1MMDEEP_LABELS_S
100
AcDbVertex
100
AcDb2dVertex
 10
188.6971540178761
 20
-21.2192243303649
 30
0.0
  0
VERTEX
  5
270
330
22B
100
AcDbEntity
  8
1_ANYTOOL_1MMDEEP_LABELS_S
100
AcDbVertex
100
AcDb2dVertex
 10
188.6886160714475
 20
-20.97154017857923
 30
0.0
  0
VERTEX
  5
271
330
22B
100
AcDbEntity
  8
1_ANYTOOL_1MMDEEP_LABELS_S
100
AcDbVertex
100
AcDb2dVertex
 10
188.6743861607333
 20
-20.72837611607927
 30
0.0
  0
VERTEX
  5
272
330
22B
100
AcDbEntity
  8
1_ANYTOOL_1MMDEEP_LABELS_S
100
AcDbVertex
100
AcDb2dVertex
 10
188.6544642857333
 20
-20.48973214286502
 30
0.0
  0
VERTEX
  5
273
330
22B
100
AcDbEntity
  8
1_ANYTOOL_1MMDEEP_LABELS_S
100
AcDbVertex
100
AcDb2dVertex
 10
188.6288504464476
 20
-20.25560825893648
 30
0.0
  0
VERTEX
  5
274
330
22B
100
AcDbEntity
  8
1_ANYTOOL_1MMDEEP_LABELS_S
100
AcDbVertex
100
AcDb2dVertex
 10
188.5975446428763
 20
-20.02600446429364
 30
0.0
  0
VERTEX
  5
275
330
22B
100
AcDbEntity
  8
1_ANYTOOL_1MMDEEP_LABELS_S
100
AcDbVertex
100
AcDb2dVertex
 10
188.5605468750192
 20
-19.8009207589365
 30
0.0
  0
VERTEX
  5
276
330
22B
100
AcDbEntity
  8
1_ANYTOOL_1MMDEEP_LABELS_S
100
AcDbVertex
100
AcDb2dVertex
 10
188.5178571428764
 20
-19.58035714286507
 30
0.0
  0
VERTEX
  5
277
330
22B
100
AcDbEntity
  8
1_ANYTOOL_1MMDEEP_LABELS_S
100
AcDbVertex
100
AcDb2dVertex
 10
188.469475446448
 20
-19.36431361607934
 30
0.0
  0
VERTEX
  5
278
330
22B
100
AcDbEntity
  8
1_ANYTOOL_1MMDEEP_LABELS_S
100
AcDbVertex
100
AcDb2dVertex
 10
188.4154017857338
 20
-19.15279017857932
 30
0.0
  0
VERTEX
  5
279
330
22B
100
AcDbEntity
  8
1_ANYTOOL_1MMDEEP_LABELS_S
100
AcDbVertex
100
AcDb2dVertex
 10
188.3556361607339
 20
-18.94578683036501
 30
0.0
  0
VERTEX
  5
27A
330
22B
100
AcDbEntity
  8
1_ANYTOOL_1MMDEEP_LABELS_S
100
AcDbVertex
100
AcDb2dVertex
 10
188.2901785714483
 20
-18.7433035714364
 30
0.0
  0
VERTEX
  5
27B
330
22B
100
AcDbEntity
  8
1_ANYTOOL_1MMDEEP_LABELS_S
100
AcDbVertex
100
AcDb2dVertex
 10
188.2190290178771
 20
-18.5453404017935
 30
0.0
  0
VERTEX
  5
27C
330
22B
100
AcDbEntity
  8
1_ANYTOOL_1MMDEEP_LABELS_S
100
AcDbVertex
100
AcDb2dVertex
 10
188.1421875000201
 20
-18.3518973214363
 30
0.0
  0
VERTEX
  5
27D
330
22B
100
AcDbEntity
  8
1_ANYTOOL_1MMDEEP_LABELS_S
100
AcDbVertex
100
AcDb2dVertex
 10
188.0596540178774
 20
-18.1629743303648
 30
0.0
  0
VERTEX
  5
27E
330
22B
100
AcDbEntity
  8
1_ANYTOOL_1MMDEEP_LABELS_S
100
AcDbVertex
100
AcDb2dVertex
 10
187.971428571449
 20
-17.97857142857902
 30
0.0
  0
VERTEX
  5
27F
330
22B
100
AcDbEntity
  8
1_ANYTOOL_1MMDEEP_LABELS_S
100
AcDbVertex
100
AcDb2dVertex
 10
187.9251813616277
 20
-17.88806501116826
 30
0.0
  0
VERTEX
  5
280
330
22B
100
AcDbEntity
  8
1_ANYTOOL_1MMDEEP_LABELS_S
100
AcDbVertex
100
AcDb2dVertex
 10
187.8775111607349
 20
-17.79868861607893
 30
0.0
  0
VERTEX
  5
281
330
22B
100
AcDbEntity
  8
1_ANYTOOL_1MMDEEP_LABELS_S
100
AcDbVertex
100
AcDb2dVertex
 10
187.8284179687707
 20
-17.71044224331103
 30
0.0
  0
VERTEX
  5
282
330
22B
100
AcDbEntity
  8
1_ANYTOOL_1MMDEEP_LABELS_S
100
AcDbVertex
100
AcDb2dVertex
 10
187.7779017857351
 20
-17.62332589286456
 30
0.0
  0
VERTEX
  5
283
330
22B
100
AcDbEntity
  8
1_ANYTOOL_1MMDEEP_LABELS_S
100
AcDbVertex
100
AcDb2dVertex
 10
187.7259626116281
 20
-17.53733956473951
 30
0.0
  0
VERTEX
  5
284
330
22B
100
AcDbEntity
  8
1_ANYTOOL_1MMDEEP_LABELS_S
100
AcDbVertex
100
AcDb2dVertex
 10
187.6726004464496
 20
-17.45248325893589
 30
0.0
  0
VERTEX
  5
285
330
22B
100
AcDbEntity
  8
1_ANYTOOL_1MMDEEP_LABELS_S
100
AcDbVertex
100
AcDb2dVertex
 10
187.6178152901997
 20
-17.36875697545369
 30
0.0
  0
VERTEX
  5
286
330
22B
100
AcDbEntity
  8
1_ANYTOOL_1MMDEEP_LABELS_S
100
AcDbVertex
100
AcDb2dVertex
 10
187.5616071428784
 20
-17.28616071429292
 30
0.0
  0
VERTEX
  5
287
330
22B
100
AcDbEntity
  8
1_ANYTOOL_1MMDEEP_LABELS_S
100
AcDbVertex
100
AcDb2dVertex
 10
187.5039760044857
 20
-17.20469447545358
 30
0.0
  0
VERTEX
  5
288
330
22B
100
AcDbEntity
  8
1_ANYTOOL_1MMDEEP_LABELS_S
100
AcDbVertex
100
AcDb2dVertex
 10
187.4449218750215
 20
-17.12435825893566
 30
0.0
  0
VERTEX
  5
289
330
22B
100
AcDbEntity
  8
1_ANYTOOL_1MMDEEP_LABELS_S
100
AcDbVertex
100
AcDb2dVertex
 10
187.3844447544859
 20
-17.04515206473917
 30
0.0
  0
VERTEX
  5
28A
330
22B
100
AcDbEntity
  8
1_ANYTOOL_1MMDEEP_LABELS_S
100
AcDbVertex
100
AcDb2dVertex
 10
187.3225446428789
 20
-16.9670758928641
 30
0.0
  0
VERTEX
  5
28B
330
22B
100
AcDbEntity
  8
1_ANYTOOL_1MMDEEP_LABELS_S
100
AcDbVertex
100
AcDb2dVertex
 10
187.2592215402005
 20
-16.89012974331046
 30
0.0
  0
VERTEX
  5
28C
330
22B
100
AcDbEntity
  8
1_ANYTOOL_1MMDEEP_LABELS_S
100
AcDbVertex
100
AcDb2dVertex
 10
187.1944754464506
 20
-16.81431361607825
 30
0.0
  0
VERTEX
  5
28D
330
22B
100
AcDbEntity
  8
1_ANYTOOL_1MMDEEP_LABELS_S
100
AcDbVertex
100
AcDb2dVertex
 10
187.1283063616293
 20
-16.73962751116747
 30
0.0
  0
VERTEX
  5
28E
330
22B
100
AcDbEntity
  8
1_ANYTOOL_1MMDEEP_LABELS_S
100
AcDbVertex
100
AcDb2dVertex
 10
187.0607142857366
 20
-16.66607142857811
 30
0.0
  0
VERTEX
  5
28F
330
22B
100
AcDbEntity
  8
1_ANYTOOL_1MMDEEP_LABELS_S
100
AcDbVertex
100
AcDb2dVertex
 10
186.9916992187725
 20
-16.59364536831017
 30
0.0
  0
VERTEX
  5
290
330
22B
100
AcDbEntity
  8
1_ANYTOOL_1MMDEEP_LABELS_S
100
AcDbVertex
100
AcDb2dVertex
 10
186.9212611607369
 20
-16.52234933036367
 30
0.0
  0
VERTEX
  5
291
330
22B
100
AcDbEntity
  8
1_ANYTOOL_1MMDEEP_LABELS_S
100
AcDbVertex
100
AcDb2dVertex
 10
186.8494001116299
 20
-16.45218331473859
 30
0.0
  0
VERTEX
  5
292
330
22B
100
AcDbEntity
  8
1_ANYTOOL_1MMDEEP_LABELS_S
100
AcDbVertex
100
AcDb2dVertex
 10
186.7761160714515
 20
-16.38314732143493
 30
0.0
  0
VERTEX
  5
293
330
22B
100
AcDbEntity
  8
1_ANYTOOL_1MMDEEP_LABELS_S
100
AcDbVertex
100
AcDb2dVertex
 10
186.7014090402016
 20
-16.31524135045271
 30
0.0
  0
VERTEX
  5
294
330
22B
100
AcDbEntity
  8
1_ANYTOOL_1MMDEEP_LABELS_S
100
AcDbVertex
100
AcDb2dVertex
 10
186.6252790178804
 20
-16.2484654017919
 30
0.0
  0
VERTEX
  5
295
330
22B
100
AcDbEntity
  8
1_ANYTOOL_1MMDEEP_LABELS_S
100
AcDbVertex
100
AcDb2dVertex
 10
186.5477260044877
 20
-16.18281947545253
 30
0.0
  0
VERTEX
  5
296
330
22B
100
AcDbEntity
  8
1_ANYTOOL_1MMDEEP_LABELS_S
100
AcDbVertex
100
AcDb2dVertex
 10
186.4687500000235
 20
-16.11830357143458
 30
0.0
  0
VERTEX
  5
297
330
22B
100
AcDbEntity
  8
1_ANYTOOL_1MMDEEP_LABELS_S
100
AcDbVertex
100
AcDb2dVertex
 10
186.306529017881
 20
-15.99266183036296
 30
0.0
  0
VERTEX
  5
298
330
22B
100
AcDbEntity
  8
1_ANYTOOL_1MMDEEP_LABELS_S
100
AcDbVertex
100
AcDb2dVertex
 10
186.1386160714528
 20
-15.87154017857705
 30
0.0
  0
VERTEX
  5
299
330
22B
100
AcDbEntity
  8
1_ANYTOOL_1MMDEEP_LABELS_S
100
AcDbVertex
100
AcDb2dVertex
 10
185.9650111607389
 20
-15.75493861607684
 30
0.0
  0
VERTEX
  5
29A
330
22B
100
AcDbEntity
  8
1_ANYTOOL_1MMDEEP_LABELS_S
100
AcDbVertex
100
AcDb2dVertex
 10
185.7857142857392
 20
-15.64285714286234
 30
0.0
  0
VERTEX
  5
29B
330
22B
100
AcDbEntity
  8
1_ANYTOOL_1MMDEEP_LABELS_S
100
AcDbVertex
100
AcDb2dVertex
 10
185.4184151785962
 20
-15.42371651786286
 30
0.0
  0
VERTEX
  5
29C
330
22B
100
AcDbEntity
  8
1_ANYTOOL_1MMDEEP_LABELS_S
100
AcDbVertex
100
AcDb2dVertex
 10
185.0450892857389
 20
-15.21629464286332
 30
0.0
  0
VERTEX
  5
29D
330
22B
100
AcDbEntity
  8
1_ANYTOOL_1MMDEEP_LABELS_S
100
AcDbVertex
100
AcDb2dVertex
 10
184.6657366071672
 20
-15.02059151786372
 30
0.0
  0
VERTEX
  5
29E
330
22B
100
AcDbEntity
  8
1_ANYTOOL_1MMDEEP_LABELS_S
100
AcDbVertex
100
AcDb2dVertex
 10
184.2803571428813
 20
-14.83660714286407
 30
0.0
  0
VERTEX
  5
29F
330
22B
100
AcDbEntity
  8
1_ANYTOOL_1MMDEEP_LABELS_S
100
AcDbVertex
100
AcDb2dVertex
 10
183.888950892881
 20
-14.66434151786436
 30
0.0
  0
VERTEX
  5
2A0
330
22B
100
AcDbEntity
  8
1_ANYTOOL_1MMDEEP_LABELS_S
100
AcDbVertex
100
AcDb2dVertex
 10
183.4915178571664
 20
-14.50379464286459
 30
0.0
  0
VERTEX
  5
2A1
330
22B
100
AcDbEntity
  8
1_ANYTOOL_1MMDEEP_LABELS_S
100
AcDbVertex
100
AcDb2dVertex
 10
183.0880580357375
 20
-14.35496651786477
 30
0.0
  0
VERTEX
  5
2A2
330
22B
100
AcDbEntity
  8
1_ANYTOOL_1MMDEEP_LABELS_S
100
AcDbVertex
100
AcDb2dVertex
 10
182.6785714285943
 20
-14.21785714286489
 30
0.0
  0
VERTEX
  5
2A3
330
22B
100
AcDbEntity
  8
1_ANYTOOL_1MMDEEP_LABELS_S
100
AcDbVertex
100
AcDb2dVertex
 10
182.2630580357368
 20
-14.09246651786495
 30
0.0
  0
VERTEX
  5
2A4
330
22B
100
AcDbEntity
  8
1_ANYTOOL_1MMDEEP_LABELS_S
100
AcDbVertex
100
AcDb2dVertex
 10
181.8415178571649
 20
-13.97879464286495
 30
0.0
  0
VERTEX
  5
2A5
330
22B
100
AcDbEntity
  8
1_ANYTOOL_1MMDEEP_LABELS_S
100
AcDbVertex
100
AcDb2dVertex
 10
181.4139508928788
 20
-13.8768415178649
 30
0.0
  0
VERTEX
  5
2A6
330
22B
100
AcDbEntity
  8
1_ANYTOOL_1MMDEEP_LABELS_S
100
AcDbVertex
100
AcDb2dVertex
 10
180.9803571428783
 20
-13.7866071428648
 30
0.0
  0
VERTEX
  5
2A7
330
22B
100
AcDbEntity
  8
1_ANYTOOL_1MMDEEP_LABELS_S
100
AcDbVertex
100
AcDb2dVertex
 10
180.5407366071636
 20
-13.70809151786463
 30
0.0
  0
VERTEX
  5
2A8
330
22B
100
AcDbEntity
  8
1_ANYTOOL_1MMDEEP_LABELS_S
100
AcDbVertex
100
AcDb2dVertex
 10
180.0950892857345
 20
-13.64129464286441
 30
0.0
  0
VERTEX
  5
2A9
330
22B
100
AcDbEntity
  8
1_ANYTOOL_1MMDEEP_LABELS_S
100
AcDbVertex
100
AcDb2dVertex
 10
179.6434151785911
 20
-13.58621651786413
 30
0.0
  0
VERTEX
  5
2AA
330
22B
100
AcDbEntity
  8
1_ANYTOOL_1MMDEEP_LABELS_S
100
AcDbVertex
100
AcDb2dVertex
 10
179.1857142857334
 20
-13.5428571428638
 30
0.0
  0
SEQEND
  5
2AB
330
22B
100
AcDbEntity
  8
1_ANYTOOL_1MMDEEP_LABELS_S
  0
POLYLINE
  5
2AC
330
1F
100
AcDbEntity
  8
1_ANYTOOL_1MMDEEP_LABELS_S
100
AcDb2dPolyline
 66
     1
 10
0.0
 20
0.0
 30
0.0
  0
VERTEX
  5
2AD
330
2AC
100
AcDbEntity
  8
1_ANYTOOL_1MMDEEP_LABELS_S
100
AcDbVertex
100
AcDb2dVertex
 10
168.6428571428769
 20
-13.67142857143335
 30
0.0
  0
VERTEX
  5
2AE
330
2AC
100
AcDbEntity
  8
1_ANYTOOL_1MMDEEP_LABELS_S
100
AcDbVertex
100
AcDb2dVertex
 10
179.1857142857334
 20
-13.5428571428638
 30
0.0
  0
VERTEX
  5
2AF
330
2AC
100
AcDbEntity
  8
1_ANYTOOL_1MMDEEP_LABELS_S
100
AcDbVertex
100
AcDb2dVertex
 10
179.5846540178768
 20
-13.51171875000702
 30
0.0
  0
VERTEX
  5
2B0
330
2AC
100
AcDbEntity
  8
1_ANYTOOL_1MMDEEP_LABELS_S
100
AcDbVertex
100
AcDb2dVertex
 10
179.9779017857344
 20
-13.47187500000734
 30
0.0
  0
VERTEX
  5
2B1
330
2AC
100
AcDbEntity
  8
1_ANYTOOL_1MMDEEP_LABELS_S
100
AcDbVertex
100
AcDb2dVertex
 10
180.3654575893063
 20
-13.42332589286477
 30
0.0
  0
VERTEX
  5
2B2
330
2AC
100
AcDbEntity
  8
1_ANYTOOL_1MMDEEP_LABELS_S
100
AcDbVertex
100
AcDb2dVertex
 10
180.7473214285924
 20
-13.36607142857929
 30
0.0
  0
VERTEX
  5
2B3
330
2AC
100
AcDbEntity
  8
1_ANYTOOL_1MMDEEP_LABELS_S
100
AcDbVertex
100
AcDb2dVertex
 10
181.1234933035928
 20
-13.30011160715091
 30
0.0
  0
VERTEX
  5
2B4
330
2AC
100
AcDbEntity
  8
1_ANYTOOL_1MMDEEP_LABELS_S
100
AcDbVertex
100
AcDb2dVertex
 10
181.4939732143074
 20
-13.22544642857963
 30
0.0
  0
VERTEX
  5
2B5
330
2AC
100
AcDbEntity
  8
1_ANYTOOL_1MMDEEP_LABELS_S
100
AcDbVertex
100
AcDb2dVertex
 10
181.8587611607363
 20
-13.14207589286545
 30
0.0
  0
VERTEX
  5
2B6
330
2AC
100
AcDbEntity
  8
1_ANYTOOL_1MMDEEP_LABELS_S
100
AcDbVertex
100
AcDb2dVertex
 10
182.2178571428794
 20
-13.05000000000837
 30
0.0
  0
VERTEX
  5
2B7
330
2AC
100
AcDbEntity
  8
1_ANYTOOL_1MMDEEP_LABELS_S
100
AcDbVertex
100
AcDb2dVertex
 10
182.5712611607368
 20
-12.94921875000838
 30
0.0
  0
VERTEX
  5
2B8
330
2AC
100
AcDbEntity
  8
1_ANYTOOL_1MMDEEP_LABELS_S
100
AcDbVertex
100
AcDb2dVertex
 10
182.9189732143085
 20
-12.8397321428655
 30
0.0
  0
VERTEX
  5
2B9
330
2AC
100
AcDbEntity
  8
1_ANYTOOL_1MMDEEP_LABELS_S
100
AcDbVertex
100
AcDb2dVertex
 10
183.2609933035944
 20
-12.72154017857972
 30
0.0
  0
VERTEX
  5
2BA
330
2AC
100
AcDbEntity
  8
1_ANYTOOL_1MMDEEP_LABELS_S
100
AcDbVertex
100
AcDb2dVertex
 10
183.5973214285946
 20
-12.59464285715103
 30
0.0
  0
VERTEX
  5
2BB
330
2AC
100
AcDbEntity
  8
1_ANYTOOL_1MMDEEP_LABELS_S
100
AcDbVertex
100
AcDb2dVertex
 10
183.927957589309
 20
-12.45904017857944
 30
0.0
  0
VERTEX
  5
2BC
330
2AC
100
AcDbEntity
  8
1_ANYTOOL_1MMDEEP_LABELS_S
100
AcDbVertex
100
AcDb2dVertex
 10
184.2529017857377
 20
-12.31473214286495
 30
0.0
  0
VERTEX
  5
2BD
330
2AC
100
AcDbEntity
  8
1_ANYTOOL_1MMDEEP_LABELS_S
100
AcDbVertex
100
AcDb2dVertex
 10
184.5721540178806
 20
-12.16171875000757
 30
0.0
  0
VERTEX
  5
2BE
330
2AC
100
AcDbEntity
  8
1_ANYTOOL_1MMDEEP_LABELS_S
100
AcDbVertex
100
AcDb2dVertex
 10
184.8857142857378
 20
-12.00000000000728
 30
0.0
  0
VERTEX
  5
2BF
330
2AC
100
AcDbEntity
  8
1_ANYTOOL_1MMDEEP_LABELS_S
100
AcDbVertex
100
AcDb2dVertex
 10
184.9641148158717
 20
-11.95646275112329
 30
0.0
  0
VERTEX
  5
2C0
330
2AC
100
AcDbEntity
  8
1_ANYTOOL_1MMDEEP_LABELS_S
100
AcDbVertex
100
AcDb2dVertex
 10
185.0412806919878
 20
-11.91156529018573
 30
0.0
  0
VERTEX
  5
2C1
330
2AC
100
AcDbEntity
  8
1_ANYTOOL_1MMDEEP_LABELS_S
100
AcDbVertex
100
AcDb2dVertex
 10
185.1172119140859
 20
-11.86530761719461
 30
0.0
  0
VERTEX
  5
2C2
330
2AC
100
AcDbEntity
  8
1_ANYTOOL_1MMDEEP_LABELS_S
100
AcDbVertex
100
AcDb2dVertex
 10
185.1919084821663
 20
-11.81768973214992
 30
0.0
  0
VERTEX
  5
2C3
330
2AC
100
AcDbEntity
  8
1_ANYTOOL_1MMDEEP_LABELS_S
100
AcDbVertex
100
AcDb2dVertex
 10
185.2653703962288
 20
-11.76871163505165
 30
0.0
  0
VERTEX
  5
2C4
330
2AC
100
AcDbEntity
  8
1_ANYTOOL_1MMDEEP_LABELS_S
100
AcDbVertex
100
AcDb2dVertex
 10
185.3375976562734
 20
-11.71837332589982
 30
0.0
  0
VERTEX
  5
2C5
330
2AC
100
AcDbEntity
  8
1_ANYTOOL_1MMDEEP_LABELS_S
100
AcDbVertex
100
AcDb2dVertex
 10
185.4085902623002
 20
-11.66667480469442
 30
0.0
  0
VERTEX
  5
2C6
330
2AC
100
AcDbEntity
  8
1_ANYTOOL_1MMDEEP_LABELS_S
100
AcDbVertex
100
AcDb2dVertex
 10
185.4783482143091
 20
-11.61361607143544
 30
0.0
  0
VERTEX
  5
2C7
330
2AC
100
AcDbEntity
  8
1_ANYTOOL_1MMDEEP_LABELS_S
100
AcDbVertex
100
AcDb2dVertex
 10
185.5468715123002
 20
-11.5591971261229
 30
0.0
  0
VERTEX
  5
2C8
330
2AC
100
AcDbEntity
  8
1_ANYTOOL_1MMDEEP_LABELS_S
100
AcDbVertex
100
AcDb2dVertex
 10
185.6141601562734
 20
-11.50341796875679
 30
0.0
  0
VERTEX
  5
2C9
330
2AC
100
AcDbEntity
  8
1_ANYTOOL_1MMDEEP_LABELS_S
100
AcDbVertex
100
AcDb2dVertex
 10
185.6802141462287
 20
-11.44627859933711
 30
0.0
  0
VERTEX
  5
2CA
330
2AC
100
AcDbEntity
  8
1_ANYTOOL_1MMDEEP_LABELS_S
100
AcDbVertex
100
AcDb2dVertex
 10
185.7450334821662
 20
-11.38777901786386
 30
0.0
  0
VERTEX
  5
2CB
330
2AC
100
AcDbEntity
  8
1_ANYTOOL_1MMDEEP_LABELS_S
100
AcDbVertex
100
AcDb2dVertex
 10
185.8086181640858
 20
-11.32791922433704
 30
0.0
  0
VERTEX
  5
2CC
330
2AC
100
AcDbEntity
  8
1_ANYTOOL_1MMDEEP_LABELS_S
100
AcDbVertex
100
AcDb2dVertex
 10
185.8709681919876
 20
-11.26669921875666
 30
0.0
  0
VERTEX
  5
2CD
330
2AC
100
AcDbEntity
  8
1_ANYTOOL_1MMDEEP_LABELS_S
100
AcDbVertex
100
AcDb2dVertex
 10
185.9320835658716
 20
-11.2041190011227
 30
0.0
  0
VERTEX
  5
2CE
330
2AC
100
AcDbEntity
  8
1_ANYTOOL_1MMDEEP_LABELS_S
100
AcDbVertex
100
AcDb2dVertex
 10
185.9919642857376
 20
-11.14017857143517
 30
0.0
  0
VERTEX
  5
2CF
330
2AC
100
AcDbEntity
  8
1_ANYTOOL_1MMDEEP_LABELS_S
100
AcDbVertex
100
AcDb2dVertex
 10
186.0506103515858
 20
-11.07487792969408
 30
0.0
  0
VERTEX
  5
2D0
330
2AC
100
AcDbEntity
  8
1_ANYTOOL_1MMDEEP_LABELS_S
100
AcDbVertex
100
AcDb2dVertex
 10
186.1080217634162
 20
-11.00821707589941
 30
0.0
  0
VERTEX
  5
2D1
330
2AC
100
AcDbEntity
  8
1_ANYTOOL_1MMDEEP_LABELS_S
100
AcDbVertex
100
AcDb2dVertex
 10
186.1641985212286
 20
-10.94019601005117
 30
0.0
  0
VERTEX
  5
2D2
330
2AC
100
AcDbEntity
  8
1_ANYTOOL_1MMDEEP_LABELS_S
100
AcDbVertex
100
AcDb2dVertex
 10
186.2191406250233
 20
-10.87081473214937
 30
0.0
  0
VERTEX
  5
2D3
330
2AC
100
AcDbEntity
  8
1_ANYTOOL_1MMDEEP_LABELS_S
100
AcDbVertex
100
AcDb2dVertex
 10
186.2728480748001
 20
-10.800073242194
 30
0.0
  0
VERTEX
  5
2D4
330
2AC
100
AcDbEntity
  8
1_ANYTOOL_1MMDEEP_LABELS_S
100
AcDbVertex
100
AcDb2dVertex
 10
186.325320870559
 20
-10.72797154018505
 30
0.0
  0
VERTEX
  5
2D5
330
2AC
100
AcDbEntity
  8
1_ANYTOOL_1MMDEEP_LABELS_S
100
AcDbVertex
100
AcDb2dVertex
 10
186.3765590123
 20
-10.65450962612254
 30
0.0
  0
VERTEX
  5
2D6
330
2AC
100
AcDbEntity
  8
1_ANYTOOL_1MMDEEP_LABELS_S
100
AcDbVertex
100
AcDb2dVertex
 10
186.4265625000232
 20
-10.57968750000646
 30
0.0
  0
VERTEX
  5
2D7
330
2AC
100
AcDbEntity
  8
1_ANYTOOL_1MMDEEP_LABELS_S
100
AcDbVertex
100
AcDb2dVertex
 10
186.4753313337286
 20
-10.50350516183681
 30
0.0
  0
VERTEX
  5
2D8
330
2AC
100
AcDbEntity
  8
1_ANYTOOL_1MMDEEP_LABELS_S
100
AcDbVertex
100
AcDb2dVertex
 10
186.5228655134161
 20
-10.42596261161358
 30
0.0
  0
VERTEX
  5
2D9
330
2AC
100
AcDbEntity
  8
1_ANYTOOL_1MMDEEP_LABELS_S
100
AcDbVertex
100
AcDb2dVertex
 10
186.5691650390857
 20
-10.34705984933679
 30
0.0
  0
VERTEX
  5
2DA
330
2AC
100
AcDbEntity
  8
1_ANYTOOL_1MMDEEP_LABELS_S
100
AcDbVertex
100
AcDb2dVertex
 10
186.6142299107375
 20
-10.26679687500643
 30
0.0
  0
VERTEX
  5
2DB
330
2AC
100
AcDbEntity
  8
1_ANYTOOL_1MMDEEP_LABELS_S
100
AcDbVertex
100
AcDb2dVertex
 10
186.6580601283714
 20
-10.18517368862251
 30
0.0
  0
VERTEX
  5
2DC
330
2AC
100
AcDbEntity
  8
1_ANYTOOL_1MMDEEP_LABELS_S
100
AcDbVertex
100
AcDb2dVertex
 10
186.7006556919875
 20
-10.10219029018501
 30
0.0
  0
VERTEX
  5
2DD
330
2AC
100
AcDbEntity
  8
1_ANYTOOL_1MMDEEP_LABELS_S
100
AcDbVertex
100
AcDb2dVertex
 10
186.7420166015857
 20
-10.01784667969394
 30
0.0
  0
VERTEX
  5
2DE
330
2AC
100
AcDbEntity
  8
1_ANYTOOL_1MMDEEP_LABELS_S
100
AcDbVertex
100
AcDb2dVertex
 10
186.782142857166
 20
-9.932142857149302
 30
0.0
  0
VERTEX
  5
2DF
330
2AC
100
AcDbEntity
  8
1_ANYTOOL_1MMDEEP_LABELS_S
100
AcDbVertex
100
AcDb2dVertex
 10
186.8210344587285
 20
-9.845078822551095
 30
0.0
  0
VERTEX
  5
2E0
330
2AC
100
AcDbEntity
  8
1_ANYTOOL_1MMDEEP_LABELS_S
100
AcDbVertex
100
AcDb2dVertex
 10
186.8586914062732
 20
-9.756654575899319
 30
0.0
  0
VERTEX
  5
2E1
330
2AC
100
AcDbEntity
  8
1_ANYTOOL_1MMDEEP_LABELS_S
100
AcDbVertex
100
AcDb2dVertex
 10
186.9303013393089
 20
-9.575725446435058
 30
0.0
  0
VERTEX
  5
2E2
330
2AC
100
AcDbEntity
  8
1_ANYTOOL_1MMDEEP_LABELS_S
100
AcDbVertex
100
AcDb2dVertex
 10
186.9969726562732
 20
-9.38935546875652
 30
0.0
  0
VERTEX
  5
2E3
330
2AC
100
AcDbEntity
  8
1_ANYTOOL_1MMDEEP_LABELS_S
100
AcDbVertex
100
AcDb2dVertex
 10
187.058705357166
 20
-9.197544642863704
 30
0.0
  0
VERTEX
  5
2E4
330
2AC
100
AcDbEntity
  8
1_ANYTOOL_1MMDEEP_LABELS_S
100
AcDbVertex
100
AcDb2dVertex
 10
187.1154994419874
 20
-9.000292968756611
 30
0.0
  0
VERTEX
  5
2E5
330
2AC
100
AcDbEntity
  8
1_ANYTOOL_1MMDEEP_LABELS_S
100
AcDbVertex
100
AcDb2dVertex
 10
187.1673549107374
 20
-8.79760044643524
 30
0.0
  0
VERTEX
  5
2E6
330
2AC
100
AcDbEntity
  8
1_ANYTOOL_1MMDEEP_LABELS_S
100
AcDbVertex
100
AcDb2dVertex
 10
187.214271763416
 20
-8.589467075899591
 30
0.0
  0
VERTEX
  5
2E7
330
2AC
100
AcDbEntity
  8
1_ANYTOOL_1MMDEEP_LABELS_S
100
AcDbVertex
100
AcDb2dVertex
 10
187.2562500000231
 20
-8.375892857149665
 30
0.0
  0
VERTEX
  5
2E8
330
2AC
100
AcDbEntity
  8
1_ANYTOOL_1MMDEEP_LABELS_S
100
AcDbVertex
100
AcDb2dVertex
 10
187.2932896205588
 20
-8.156877790185462
 30
0.0
  0
VERTEX
  5
2E9
330
2AC
100
AcDbEntity
  8
1_ANYTOOL_1MMDEEP_LABELS_S
100
AcDbVertex
100
AcDb2dVertex
 10
187.3253906250231
 20
-7.93242187500698
 30
0.0
  0
VERTEX
  5
2EA
330
2AC
100
AcDbEntity
  8
1_ANYTOOL_1MMDEEP_LABELS_S
100
AcDbVertex
100
AcDb2dVertex
 10
187.352553013416
 20
-7.702525111614221
 30
0.0
  0
VERTEX
  5
2EB
330
2AC
100
AcDbEntity
  8
1_ANYTOOL_1MMDEEP_LABELS_S
100
AcDbVertex
100
AcDb2dVertex
 10
187.3747767857374
 20
-7.467187500007185
 30
0.0
  0
VERTEX
  5
2EC
330
2AC
100
AcDbEntity
  8
1_ANYTOOL_1MMDEEP_LABELS_S
100
AcDbVertex
100
AcDb2dVertex
 10
187.3920619419874
 20
-7.226409040185871
 30
0.0
  0
VERTEX
  5
2ED
330
2AC
100
AcDbEntity
  8
1_ANYTOOL_1MMDEEP_LABELS_S
100
AcDbVertex
100
AcDb2dVertex
 10
187.4044084821659
 20
-6.980189732150279
 30
0.0
  0
VERTEX
  5
2EE
330
2AC
100
AcDbEntity
  8
1_ANYTOOL_1MMDEEP_LABELS_S
100
AcDbVertex
100
AcDb2dVertex
 10
187.4118164062731
 20
-6.72852957590041
 30
0.0
  0
VERTEX
  5
2EF
330
2AC
100
AcDbEntity
  8
1_ANYTOOL_1MMDEEP_LABELS_S
100
AcDbVertex
100
AcDb2dVertex
 10
187.4142857143088
 20
-6.471428571436263
 30
0.0
  0
VERTEX
  5
2F0
330
2AC
100
AcDbEntity
  8
1_ANYTOOL_1MMDEEP_LABELS_S
100
AcDbVertex
100
AcDb2dVertex
 10
187.4077566964517
 20
-6.073284040186238
 30
0.0
  0
VERTEX
  5
2F1
330
2AC
100
AcDbEntity
  8
1_ANYTOOL_1MMDEEP_LABELS_S
100
AcDbVertex
100
AcDb2dVertex
 10
187.3995954241302
 20
-5.878951590409439
 30
0.0
  0
VERTEX
  5
2F2
330
2AC
100
AcDbEntity
  8
1_ANYTOOL_1MMDEEP_LABELS_S
100
AcDbVertex
100
AcDb2dVertex
 10
187.3881696428802
 20
-5.687779017864784
 30
0.0
  0
VERTEX
  5
2F3
330
2AC
100
AcDbEntity
  8
1_ANYTOOL_1MMDEEP_LABELS_S
100
AcDbVertex
100
AcDb2dVertex
 10
187.3734793527016
 20
-5.499766322552272
 30
0.0
  0
VERTEX
  5
2F4
330
2AC
100
AcDbEntity
  8
1_ANYTOOL_1MMDEEP_LABELS_S
100
AcDbVertex
100
AcDb2dVertex
 10
187.3555245535945
 20
-5.314913504471903
 30
0.0
  0
VERTEX
  5
2F5
330
2AC
100
AcDbEntity
  8
1_ANYTOOL_1MMDEEP_LABELS_S
100
AcDbVertex
100
AcDb2dVertex
 10
187.3343052455587
 20
-5.133220563623677
 30
0.0
  0
VERTEX
  5
2F6
330
2AC
100
AcDbEntity
  8
1_ANYTOOL_1MMDEEP_LABELS_S
100
AcDbVertex
100
AcDb2dVertex
 10
187.3098214285944
 20
-4.954687500007594
 30
0.0
  0
VERTEX
  5
2F7
330
2AC
100
AcDbEntity
  8
1_ANYTOOL_1MMDEEP_LABELS_S
100
AcDbVertex
100
AcDb2dVertex
 10
187.2820731027016
 20
-4.779314313623654
 30
0.0
  0
VERTEX
  5
2F8
330
2AC
100
AcDbEntity
  8
1_ANYTOOL_1MMDEEP_LABELS_S
100
AcDbVertex
100
AcDb2dVertex
 10
187.2510602678801
 20
-4.607101004471858
 30
0.0
  0
VERTEX
  5
2F9
330
2AC
100
AcDbEntity
  8
1_ANYTOOL_1MMDEEP_LABELS_S
100
AcDbVertex
100
AcDb2dVertex
 10
187.2167829241301
 20
-4.438047572552204
 30
0.0
  0
VERTEX
  5
2FA
330
2AC
100
AcDbEntity
  8
1_ANYTOOL_1MMDEEP_LABELS_S
100
AcDbVertex
100
AcDb2dVertex
 10
187.1792410714515
 20
-4.272154017864693
 30
0.0
  0
VERTEX
  5
2FB
330
2AC
100
AcDbEntity
  8
1_ANYTOOL_1MMDEEP_LABELS_S
100
AcDbVertex
100
AcDb2dVertex
 10
187.1384347098443
 20
-4.109420340409326
 30
0.0
  0
VERTEX
  5
2FC
330
2AC
100
AcDbEntity
  8
1_ANYTOOL_1MMDEEP_LABELS_S
100
AcDbVertex
100
AcDb2dVertex
 10
187.0943638393086
 20
-3.949846540186101
 30
0.0
  0
VERTEX
  5
2FD
330
2AC
100
AcDbEntity
  8
1_ANYTOOL_1MMDEEP_LABELS_S
100
AcDbVertex
100
AcDb2dVertex
 10
187.0470284598443
 20
-3.79343261719502
 30
0.0
  0
VERTEX
  5
2FE
330
2AC
100
AcDbEntity
  8
1_ANYTOOL_1MMDEEP_LABELS_S
100
AcDbVertex
100
AcDb2dVertex
 10
186.9964285714514
 20
-3.640178571436081
 30
0.0
  0
VERTEX
  5
2FF
330
2AC
100
AcDbEntity
  8
1_ANYTOOL_1MMDEEP_LABELS_S
100
AcDbVertex
100
AcDb2dVertex
 10
186.9425641741299
 20
-3.490084402909286
 30
0.0
  0
VERTEX
  5
300
330
2AC
100
AcDbEntity
  8
1_ANYTOOL_1MMDEEP_LABELS_S
100
AcDbVertex
100
AcDb2dVertex
 10
186.8854352678799
 20
-3.343150111614634
 30
0.0
  0
VERTEX
  5
301
330
2AC
100
AcDbEntity
  8
1_ANYTOOL_1MMDEEP_LABELS_S
100
AcDbVertex
100
AcDb2dVertex
 10
186.8250418527012
 20
-3.199375697552124
 30
0.0
  0
VERTEX
  5
302
330
2AC
100
AcDbEntity
  8
1_ANYTOOL_1MMDEEP_LABELS_S
100
AcDbVertex
100
AcDb2dVertex
 10
186.7613839285941
 20
-3.058761160721758
 30
0.0
  0
VERTEX
  5
303
330
2AC
100
AcDbEntity
  8
1_ANYTOOL_1MMDEEP_LABELS_S
100
AcDbVertex
100
AcDb2dVertex
 10
186.6944614955583
 20
-2.921306501123535
 30
0.0
  0
VERTEX
  5
304
330
2AC
100
AcDbEntity
  8
1_ANYTOOL_1MMDEEP_LABELS_S
100
AcDbVertex
100
AcDb2dVertex
 10
186.624274553594
 20
-2.787011718757455
 30
0.0
  0
VERTEX
  5
305
330
2AC
100
AcDbEntity
  8
1_ANYTOOL_1MMDEEP_LABELS_S
100
AcDbVertex
100
AcDb2dVertex
 10
186.5508231027011
 20
-2.655876813623518
 30
0.0
  0
VERTEX
  5
306
330
2AC
100
AcDbEntity
  8
1_ANYTOOL_1MMDEEP_LABELS_S
100
AcDbVertex
100
AcDb2dVertex
 10
186.4741071428796
 20
-2.527901785721724
 30
0.0
  0
VERTEX
  5
307
330
2AC
100
AcDbEntity
  8
1_ANYTOOL_1MMDEEP_LABELS_S
100
AcDbVertex
100
AcDb2dVertex
 10
186.3941266741295
 20
-2.403086635052073
 30
0.0
  0
VERTEX
  5
308
330
2AC
100
AcDbEntity
  8
1_ANYTOOL_1MMDEEP_LABELS_S
100
AcDbVertex
100
AcDb2dVertex
 10
186.3108816964509
 20
-2.281431361614565
 30
0.0
  0
VERTEX
  5
309
330
2AC
100
AcDbEntity
  8
1_ANYTOOL_1MMDEEP_LABELS_S
100
AcDbVertex
100
AcDb2dVertex
 10
186.2243722098437
 20
-2.162935965409201
 30
0.0
  0
VERTEX
  5
30A
330
2AC
100
AcDbEntity
  8
1_ANYTOOL_1MMDEEP_LABELS_S
100
AcDbVertex
100
AcDb2dVertex
 10
186.1345982143079
 20
-2.047600446435979
 30
0.0
  0
VERTEX
  5
30B
330
2AC
100
AcDbEntity
  8
1_ANYTOOL_1MMDEEP_LABELS_S
100
AcDbVertex
100
AcDb2dVertex
 10
186.0415597098436
 20
-1.9354248046949
 30
0.0
  0
VERTEX
  5
30C
330
2AC
100
AcDbEntity
  8
1_ANYTOOL_1MMDEEP_LABELS_S
100
AcDbVertex
100
AcDb2dVertex
 10
185.9452566964507
 20
-1.826409040185965
 30
0.0
  0
VERTEX
  5
30D
330
2AC
100
AcDbEntity
  8
1_ANYTOOL_1MMDEEP_LABELS_S
100
AcDbVertex
100
AcDb2dVertex
 10
185.8456891741291
 20
-1.720553152909172
 30
0.0
  0
VERTEX
  5
30E
330
2AC
100
AcDbEntity
  8
1_ANYTOOL_1MMDEEP_LABELS_S
100
AcDbVertex
100
AcDb2dVertex
 10
185.7428571428791
 20
-1.617857142864523
 30
0.0
  0
VERTEX
  5
30F
330
2AC
100
AcDbEntity
  8
1_ANYTOOL_1MMDEEP_LABELS_S
100
AcDbVertex
100
AcDb2dVertex
 10
185.6367606027004
 20
-1.518321010052016
 30
0.0
  0
VERTEX
  5
310
330
2AC
100
AcDbEntity
  8
1_ANYTOOL_1MMDEEP_LABELS_S
100
AcDbVertex
100
AcDb2dVertex
 10
185.5273995535932
 20
-1.421944754471653
 30
0.0
  0
VERTEX
  5
311
330
2AC
100
AcDbEntity
  8
1_ANYTOOL_1MMDEEP_LABELS_S
100
AcDbVertex
100
AcDb2dVertex
 10
185.4147739955574
 20
-1.328728376123433
 30
0.0
  0
VERTEX
  5
312
330
2AC
100
AcDbEntity
  8
1_ANYTOOL_1MMDEEP_LABELS_S
100
AcDbVertex
100
AcDb2dVertex
 10
185.2988839285931
 20
-1.238671875007356
 30
0.0
  0
VERTEX
  5
313
330
2AC
100
AcDbEntity
  8
1_ANYTOOL_1MMDEEP_LABELS_S
100
AcDbVertex
100
AcDb2dVertex
 10
185.1797293527001
 20
-1.151775251123421
 30
0.0
  0
VERTEX
  5
314
330
2AC
100
AcDbEntity
  8
1_ANYTOOL_1MMDEEP_LABELS_S
100
AcDbVertex
100
AcDb2dVertex
 10
185.0573102678786
 20
-1.06803850447163
 30
0.0
  0
VERTEX
  5
315
330
2AC
100
AcDbEntity
  8
1_ANYTOOL_1MMDEEP_LABELS_S
100
AcDbVertex
100
AcDb2dVertex
 10
184.9316266741285
 20
-0.9874616350519823
 30
0.0
  0
VERTEX
  5
316
330
2AC
100
AcDbEntity
  8
1_ANYTOOL_1MMDEEP_LABELS_S
100
AcDbVertex
100
AcDb2dVertex
 10
184.8026785714499
 20
-0.9100446428644773
 30
0.0
  0
VERTEX
  5
317
330
2AC
100
AcDbEntity
  8
1_ANYTOOL_1MMDEEP_LABELS_S
100
AcDbVertex
100
AcDb2dVertex
 10
184.6704659598426
 20
-0.8357875279091154
 30
0.0
  0
VERTEX
  5
318
330
2AC
100
AcDbEntity
  8
1_ANYTOOL_1MMDEEP_LABELS_S
100
AcDbVertex
100
AcDb2dVertex
 10
184.5349888393068
 20
-0.7646902901858965
 30
0.0
  0
VERTEX
  5
319
330
2AC
100
AcDbEntity
  8
1_ANYTOOL_1MMDEEP_LABELS_S
100
AcDbVertex
100
AcDb2dVertex
 10
184.3962472098424
 20
-0.6967529296948207
 30
0.0
  0
VERTEX
  5
31A
330
2AC
100
AcDbEntity
  8
1_ANYTOOL_1MMDEEP_LABELS_S
100
AcDbVertex
100
AcDb2dVertex
 10
184.2542410714495
 20
-0.631975446435888
 30
0.0
  0
VERTEX
  5
31B
330
2AC
100
AcDbEntity
  8
1_ANYTOOL_1MMDEEP_LABELS_S
100
AcDbVertex
100
AcDb2dVertex
 10
184.108970424128
 20
-0.5703578404090983
 30
0.0
  0
VERTEX
  5
31C
330
2AC
100
AcDbEntity
  8
1_ANYTOOL_1MMDEEP_LABELS_S
100
AcDbVertex
100
AcDb2dVertex
 10
183.9604352678779
 20
-0.5119001116144517
 30
0.0
  0
VERTEX
  5
31D
330
2AC
100
AcDbEntity
  8
1_ANYTOOL_1MMDEEP_LABELS_S
100
AcDbVertex
100
AcDb2dVertex
 10
183.8086356026992
 20
-0.4566022600519482
 30
0.0
  0
VERTEX
  5
31E
330
2AC
100
AcDbEntity
  8
1_ANYTOOL_1MMDEEP_LABELS_S
100
AcDbVertex
100
AcDb2dVertex
 10
183.6535714285919
 20
-0.4044642857215877
 30
0.0
  0
VERTEX
  5
31F
330
2AC
100
AcDbEntity
  8
1_ANYTOOL_1MMDEEP_LABELS_S
100
AcDbVertex
100
AcDb2dVertex
 10
183.4952427455561
 20
-0.3554861886233702
 30
0.0
  0
VERTEX
  5
320
330
2AC
100
AcDbEntity
  8
1_ANYTOOL_1MMDEEP_LABELS_S
100
AcDbVertex
100
AcDb2dVertex
 10
183.3336495535917
 20
-0.3096679687572959
 30
0.0
  0
VERTEX
  5
321
330
2AC
100
AcDbEntity
  8
1_ANYTOOL_1MMDEEP_LABELS_S
100
AcDbVertex
100
AcDb2dVertex
 10
183.1687918526987
 20
-0.2670096261233645
 30
0.0
  0
VERTEX
  5
322
330
2AC
100
AcDbEntity
  8
1_ANYTOOL_1MMDEEP_LABELS_S
100
AcDbVertex
100
AcDb2dVertex
 10
183.0006696428772
 20
-0.2275111607215763
 30
0.0
  0
VERTEX
  5
323
330
2AC
100
AcDbEntity
  8
1_ANYTOOL_1MMDEEP_LABELS_S
100
AcDbVertex
100
AcDb2dVertex
 10
182.8292829241271
 20
-0.1911725725519311
 30
0.0
  0
VERTEX
  5
324
330
2AC
100
AcDbEntity
  8
1_ANYTOOL_1MMDEEP_LABELS_S
100
AcDbVertex
100
AcDb2dVertex
 10
182.6546316964484
 20
-0.157993861614429
 30
0.0
  0
VERTEX
  5
325
330
2AC
100
AcDbEntity
  8
1_ANYTOOL_1MMDEEP_LABELS_S
100
AcDbVertex
100
AcDb2dVertex
 10
182.4767159598411
 20
-0.1279750279090699
 30
0.0
  0
VERTEX
  5
326
330
2AC
100
AcDbEntity
  8
1_ANYTOOL_1MMDEEP_LABELS_S
100
AcDbVertex
100
AcDb2dVertex
 10
182.2955357143053
 20
-0.1011160714358539
 30
0.0
  0
VERTEX
  5
327
330
2AC
100
AcDbEntity
  8
1_ANYTOOL_1MMDEEP_LABELS_S
100
AcDbVertex
100
AcDb2dVertex
 10
182.1110909598409
 20
-0.0774169921947809
 30
0.0
  0
VERTEX
  5
328
330
2AC
100
AcDbEntity
  8
1_ANYTOOL_1MMDEEP_LABELS_S
100
AcDbVertex
100
AcDb2dVertex
 10
181.9233816964479
 20
-0.056877790185851
 30
0.0
  0
VERTEX
  5
329
330
2AC
100
AcDbEntity
  8
1_ANYTOOL_1MMDEEP_LABELS_S
100
AcDbVertex
100
AcDb2dVertex
 10
181.7324079241263
 20
-0.0394984654090642
 30
0.0
  0
VERTEX
  5
32A
330
2AC
100
AcDbEntity
  8
1_ANYTOOL_1MMDEEP_LABELS_S
100
AcDbVertex
100
AcDb2dVertex
 10
181.5381696428762
 20
-0.0252790178644204
 30
0.0
  0
VERTEX
  5
32B
330
2AC
100
AcDbEntity
  8
1_ANYTOOL_1MMDEEP_LABELS_S
100
AcDbVertex
100
AcDb2dVertex
 10
181.1398995535902
 20
-0.0063197544715621
 30
0.0
  0
VERTEX
  5
32C
330
2AC
100
AcDbEntity
  8
1_ANYTOOL_1MMDEEP_LABELS_S
100
AcDbVertex
100
AcDb2dVertex
 10
180.7285714285899
 20
-0.000000000007276
 30
0.0
  0
VERTEX
  5
32D
330
2AC
100
AcDbEntity
  8
1_ANYTOOL_1MMDEEP_LABELS_S
100
AcDbVertex
100
AcDb2dVertex
 10
168.6428571428769
 20
-0.000000000007276
 30
0.0
  0
SEQEND
  5
32E
330
2AC
100
AcDbEntity
  8
1_ANYTOOL_1MMDEEP_LABELS_S
  0
POLYLINE
  5
330
330
1F
100
AcDbEntity
  8
3_ANYTOOL_CUTTHROUGH_INSID
100
AcDb2dPolyline
 66
     1
 10
0.0
 20
0.0
 30
0.0001534658470708
 70
     1
  0
VERTEX
  5
331
330
330
100
AcDbEntity
  8
3_ANYTOOL_CUTTHROUGH_INSID
100
AcDbVertex
100
AcDb2dVertex
 10
1106.879213947512
 20
-33.19152856875735
 30
0.0001534658470708
  0
VERTEX
  5
332
330
330
100
AcDbEntity
  8
3_ANYTOOL_CUTTHROUGH_INSID
100
AcDbVertex
100
AcDb2dVertex
 10
1106.87921394757
 20
-9.191528568640933
 30
0.0001534658470708
  0
VERTEX
  5
333
330
330
100
AcDbEntity
  8
3_ANYTOOL_CUTTHROUGH_INSID
100
AcDbVertex
100
AcDb2dVertex
 10
1081.37921394821
 20
-9.191528568626381
 30
0.0001534658470708
  0
VERTEX
  5
334
330
330
100
AcDbEntity
  8
3_ANYTOOL_CUTTHROUGH_INSID
100
AcDbVertex
100
AcDb2dVertex
 10
1081.379213948225
 20
-43.14727538911393
 30
0.0001534658470708
  0
VERTEX
  5
335
330
330
100
AcDbEntity
  8
3_ANYTOOL_CUTTHROUGH_INSID
100
AcDbVertex
100
AcDb2dVertex
 10
1068.879213948225
 20
-43.14727538911393
 30
0.0001534658470708
  0
VERTEX
  5
336
330
330
100
AcDbEntity
  8
3_ANYTOOL_CUTTHROUGH_INSID
100
AcDbVertex
100
AcDb2dVertex
 10
1068.879213948254
 20
-37.14727538911393
 30
0.0001534658470708
  0
VERTEX
  5
337
330
330
100
AcDbEntity
  8
3_ANYTOOL_CUTTHROUGH_INSID
100
AcDbVertex
100
AcDb2dVertex
 10
1063.379213948421
 20
-37.14727538905572
 30
0.0001534658470708
  0
VERTEX
  5
338
330
330
100
AcDbEntity
  8
3_ANYTOOL_CUTTHROUGH_INSID
100
AcDbVertex
100
AcDb2dVertex
 10
1063.379213948414
 20
-37.23578174559952
 30
0.0001534658470708
  0
VERTEX
  5
339
330
330
100
AcDbEntity
  8
3_ANYTOOL_CUTTHROUGH_INSID
100
AcDbVertex
100
AcDb2dVertex
 10
1056.879213950175
 20
-37.23578174562135
 30
0.0001534658470708
  0
VERTEX
  5
33A
330
330
100
AcDbEntity
  8
3_ANYTOOL_CUTTHROUGH_INSID
100
AcDbVertex
100
AcDb2dVertex
 10
1056.879213950168
 20
-24.73578174562135
 30
0.0001534658470708
  0
VERTEX
  5
33B
330
330
100
AcDbEntity
  8
3_ANYTOOL_CUTTHROUGH_INSID
100
AcDbVertex
100
AcDb2dVertex
 10
1062.879213950197
 20
-24.7357817456068
 30
0.0001534658470708
  0
VERTEX
  5
33C
330
330
100
AcDbEntity
  8
3_ANYTOOL_CUTTHROUGH_INSID
100
AcDbVertex
100
AcDb2dVertex
 10
1062.879213950233
 20
24.76421825433499
 30
0.0001534658470708
  0
VERTEX
  5
33D
330
330
100
AcDbEntity
  8
3_ANYTOOL_CUTTHROUGH_INSID
100
AcDbVertex
100
AcDb2dVertex
 10
1056.879213950262
 20
24.76421825432044
 30
0.0001534658470708
  0
VERTEX
  5
33E
330
330
100
AcDbEntity
  8
3_ANYTOOL_CUTTHROUGH_INSID
100
AcDbVertex
100
AcDb2dVertex
 10
1056.879213950255
 20
37.26421825432044
 30
0.0001534658470708
  0
VERTEX
  5
33F
330
330
100
AcDbEntity
  8
3_ANYTOOL_CUTTHROUGH_INSID
100
AcDbVertex
100
AcDb2dVertex
 10
1062.87921394514
 20
37.26421825433499
 30
0.0001534658470708
  0
VERTEX
  5
340
330
330
100
AcDbEntity
  8
3_ANYTOOL_CUTTHROUGH_INSID
100
AcDbVertex
100
AcDb2dVertex
 10
1062.879213943328
 20
37.35272461088607
 30
0.0001534658470708
  0
VERTEX
  5
341
330
330
100
AcDbEntity
  8
3_ANYTOOL_CUTTHROUGH_INSID
100
AcDbVertex
100
AcDb2dVertex
 10
1068.879213948254
 20
37.35272461082786
 30
0.0001534658470708
  0
VERTEX
  5
342
330
330
100
AcDbEntity
  8
3_ANYTOOL_CUTTHROUGH_INSID
100
AcDbVertex
100
AcDb2dVertex
 10
1068.879213948196
 20
43.35272461088607
 30
0.0001534658470708
  0
VERTEX
  5
343
330
330
100
AcDbEntity
  8
3_ANYTOOL_CUTTHROUGH_INSID
100
AcDbVertex
100
AcDb2dVertex
 10
1081.379213948196
 20
43.35272461088607
 30
0.0001534658470708
  0
VERTEX
  5
344
330
330
100
AcDbEntity
  8
3_ANYTOOL_CUTTHROUGH_INSID
100
AcDbVertex
100
AcDb2dVertex
 10
1081.37921394821
 20
9.30847143131541
 30
0.0001534658470708
  0
VERTEX
  5
345
330
330
100
AcDbEntity
  8
3_ANYTOOL_CUTTHROUGH_INSID
100
AcDbVertex
100
AcDb2dVertex
 10
1144.879213947978
 20
9.308471430995269
 30
0.0001534658470708
  0
VERTEX
  5
346
330
330
100
AcDbEntity
  8
3_ANYTOOL_CUTTHROUGH_INSID
100
AcDbVertex
100
AcDb2dVertex
 10
1144.879213947978
 20
15.30847143099527
 30
0.0001534658470708
  0
VERTEX
  5
347
330
330
100
AcDbEntity
  8
3_ANYTOOL_CUTTHROUGH_INSID
100
AcDbVertex
100
AcDb2dVertex
 10
1157.379213947978
 20
15.30847143099527
 30
0.0001534658470708
  0
VERTEX
  5
348
330
330
100
AcDbEntity
  8
3_ANYTOOL_CUTTHROUGH_INSID
100
AcDbVertex
100
AcDb2dVertex
 10
1157.379213947978
 20
-33.19152856900473
 30
0.0001534658470708
  0
VERTEX
  5
349
330
330
100
AcDbEntity
  8
3_ANYTOOL_CUTTHROUGH_INSID
100
AcDbVertex
100
AcDb2dVertex
 10
1144.879213947978
 20
-33.19152856900473
 30
0.0001534658470708
  0
VERTEX
  5
34A
330
330
100
AcDbEntity
  8
3_ANYTOOL_CUTTHROUGH_INSID
100
AcDbVertex
100
AcDb2dVertex
 10
1144.879213947978
 20
-27.19152856900473
 30
0.0001534658470708
  0
VERTEX
  5
34B
330
330
100
AcDbEntity
  8
3_ANYTOOL_CUTTHROUGH_INSID
100
AcDbVertex
100
AcDb2dVertex
 10
1119.379213947512
 20
-27.19152856875735
 30
0.0001534658470708
  0
VERTEX
  5
34C
330
330
100
AcDbEntity
  8
3_ANYTOOL_CUTTHROUGH_INSID
100
AcDbVertex
100
AcDb2dVertex
 10
1119.379213947512
 20
-33.19152856875735
 30
0.0001534658470708
  0
SEQEND
  5
34D
330
330
100
AcDbEntity
  8
3_ANYTOOL_CUTTHROUGH_INSID
  0
POLYLINE
  5
34F
330
1F
100
AcDbEntity
  8
4_ANYTOOL_CUTTHROUGH_OUTSI
100
AcDb2dPolyline
 66
     1
 10
0.0
 20
0.0
 30
0.0
 70
     1
  0
VERTEX
  5
350
330
34F
100
AcDbEntity
  8
4_ANYTOOL_CUTTHROUGH_OUTSI
100
AcDbVertex
100
AcDb2dVertex
 10
-1186.620786046748
 20
-27.64308123823866
 30
0.0
  0
VERTEX
  5
351
330
34F
100
AcDbEntity
  8
4_ANYTOOL_CUTTHROUGH_OUTSI
100
AcDbVertex
100
AcDb2dVertex
 10
-1186.620786046733
 20
-92.78003493192955
 30
0.0
  0
VERTEX
  5
352
330
34F
100
AcDbEntity
  8
4_ANYTOOL_CUTTHROUGH_OUTSI
100
AcDbVertex
100
AcDb2dVertex
 10
1062.879213949993
 20
-92.78003492884454
 30
0.0
  0
VERTEX
  5
353
330
34F
100
AcDbEntity
  8
4_ANYTOOL_CUTTHROUGH_OUTSI
100
AcDbVertex
100
AcDb2dVertex
 10
1062.879213947628
 20
-68.85302220834274
 30
0.0
 42
-0.4142135624071471
  0
VERTEX
  5
354
330
34F
100
AcDbEntity
  8
4_ANYTOOL_CUTTHROUGH_OUTSI
100
AcDbVertex
100
AcDb2dVertex
 10
1063.129213947628
 20
-68.60302220832818
 30
0.0
  0
VERTEX
  5
355
330
34F
100
AcDbEntity
  8
4_ANYTOOL_CUTTHROUGH_OUTSI
100
AcDbVertex
100
AcDb2dVertex
 10
1075.129213947628
 20
-68.60302220832091
 30
0.0
 42
-0.4142135623899714
  0
VERTEX
  5
356
330
34F
100
AcDbEntity
  8
4_ANYTOOL_CUTTHROUGH_OUTSI
100
AcDbVertex
100
AcDb2dVertex
 10
1075.379213947628
 20
-68.85302220832091
 30
0.0
  0
VERTEX
  5
357
330
34F
100
AcDbEntity
  8
4_ANYTOOL_CUTTHROUGH_OUTSI
100
AcDbVertex
100
AcDb2dVertex
 10
1075.379213947628
 20
-74.60302220832091
 30
0.0
  0
VERTEX
  5
358
330
34F
100
AcDbEntity
  8
4_ANYTOOL_CUTTHROUGH_OUTSI
100
AcDbVertex
100
AcDb2dVertex
 10
1212.879213947017
 20
-74.60302220877202
 30
0.0
  0
VERTEX
  5
359
330
34F
100
AcDbEntity
  8
4_ANYTOOL_CUTTHROUGH_OUTSI
100
AcDbVertex
100
AcDb2dVertex
 10
1212.879213945402
 20
-59.28002220852068
 30
0.0
  0
VERTEX
  5
35A
330
34F
100
AcDbEntity
  8
4_ANYTOOL_CUTTHROUGH_OUTSI
100
AcDbVertex
100
AcDb2dVertex
 10
1189.129213945023
 20
-59.28002220852068
 30
0.0
 42
-0.414213562355858
  0
VERTEX
  5
35B
330
34F
100
AcDbEntity
  8
4_ANYTOOL_CUTTHROUGH_OUTSI
100
AcDbVertex
100
AcDb2dVertex
 10
1188.879213945023
 20
-59.03002220852068
 30
0.0
  0
VERTEX
  5
35C
330
34F
100
AcDbEntity
  8
4_ANYTOOL_CUTTHROUGH_OUTSI
100
AcDbVertex
100
AcDb2dVertex
 10
1188.879213945023
 20
-47.03002220854978
 30
0.0
 42
-0.4142135624154097
  0
VERTEX
  5
35D
330
34F
100
AcDbEntity
  8
4_ANYTOOL_CUTTHROUGH_OUTSI
100
AcDbVertex
100
AcDb2dVertex
 10
1189.129213945023
 20
-46.78002220855706
 30
0.0
  0
VERTEX
  5
35E
330
34F
100
AcDbEntity
  8
4_ANYTOOL_CUTTHROUGH_OUTSI
100
AcDbVertex
100
AcDb2dVertex
 10
1194.879213945009
 20
-46.78002220854978
 30
0.0
  0
VERTEX
  5
35F
330
34F
100
AcDbEntity
  8
4_ANYTOOL_CUTTHROUGH_OUTSI
100
AcDbVertex
100
AcDb2dVertex
 10
1194.879213945023
 20
-39.19102220859349
 30
0.0
  0
VERTEX
  5
360
330
34F
100
AcDbEntity
  8
4_ANYTOOL_CUTTHROUGH_OUTSI
100
AcDbVertex
100
AcDb2dVertex
 10
1189.129213945023
 20
-39.19102220859349
 30
0.0
 42
-0.4142135623899714
  0
VERTEX
  5
361
330
34F
100
AcDbEntity
  8
4_ANYTOOL_CUTTHROUGH_OUTSI
100
AcDbVertex
100
AcDb2dVertex
 10
1188.879213945023
 20
-38.94102220859349
 30
0.0
  0
VERTEX
  5
362
330
34F
100
AcDbEntity
  8
4_ANYTOOL_CUTTHROUGH_OUTSI
100
AcDbVertex
100
AcDb2dVertex
 10
1188.879213945009
 20
-26.94102220860805
 30
0.0
 42
-0.4142135623989661
  0
VERTEX
  5
363
330
34F
100
AcDbEntity
  8
4_ANYTOOL_CUTTHROUGH_OUTSI
100
AcDbVertex
100
AcDb2dVertex
 10
1189.129213945009
 20
-26.69102220861532
 30
0.0
  0
VERTEX
  5
364
330
34F
100
AcDbEntity
  8
4_ANYTOOL_CUTTHROUGH_OUTSI
100
AcDbVertex
100
AcDb2dVertex
 10
1212.879213945009
 20
-26.69102220860805
 30
0.0
  0
VERTEX
  5
365
330
34F
100
AcDbEntity
  8
4_ANYTOOL_CUTTHROUGH_OUTSI
100
AcDbVertex
100
AcDb2dVertex
 10
1212.879213945009
 20
10.71997779131925
 30
0.0
  0
VERTEX
  5
366
330
34F
100
AcDbEntity
  8
4_ANYTOOL_CUTTHROUGH_OUTSI
100
AcDbVertex
100
AcDb2dVertex
 10
1189.129213947264
 20
10.71997779131925
 30
0.0
 42
-0.4142135623899729
  0
VERTEX
  5
367
330
34F
100
AcDbEntity
  8
4_ANYTOOL_CUTTHROUGH_OUTSI
100
AcDbVertex
100
AcDb2dVertex
 10
1188.879213947264
 20
10.96997779131925
 30
0.0
  0
VERTEX
  5
368
330
34F
100
AcDbEntity
  8
4_ANYTOOL_CUTTHROUGH_OUTSI
100
AcDbVertex
100
AcDb2dVertex
 10
1188.879213947279
 20
22.9699777913047
 30
0.0
 42
-0.4142135623476878
  0
VERTEX
  5
369
330
34F
100
AcDbEntity
  8
4_ANYTOOL_CUTTHROUGH_OUTSI
100
AcDbVertex
100
AcDb2dVertex
 10
1189.129213947279
 20
23.21997779131198
 30
0.0
  0
VERTEX
  5
36A
330
34F
100
AcDbEntity
  8
4_ANYTOOL_CUTTHROUGH_OUTSI
100
AcDbVertex
100
AcDb2dVertex
 10
1194.879213947228
 20
23.2199777913047
 30
0.0
  0
VERTEX
  5
36B
330
34F
100
AcDbEntity
  8
4_ANYTOOL_CUTTHROUGH_OUTSI
100
AcDbVertex
100
AcDb2dVertex
 10
1194.879213945074
 20
33.7199777912756
 30
0.0
  0
VERTEX
  5
36C
330
34F
100
AcDbEntity
  8
4_ANYTOOL_CUTTHROUGH_OUTSI
100
AcDbVertex
100
AcDb2dVertex
 10
1189.129213947279
 20
33.7199777912756
 30
0.0
 42
-0.4142135623731421
  0
VERTEX
  5
36D
330
34F
100
AcDbEntity
  8
4_ANYTOOL_CUTTHROUGH_OUTSI
100
AcDbVertex
100
AcDb2dVertex
 10
1188.879213947279
 20
33.9699777912756
 30
0.0
  0
VERTEX
  5
36E
330
34F
100
AcDbEntity
  8
4_ANYTOOL_CUTTHROUGH_OUTSI
100
AcDbVertex
100
AcDb2dVertex
 10
1188.879213947279
 20
45.96997779126104
 30
0.0
 42
-0.4142135623900495
  0
VERTEX
  5
36F
330
34F
100
AcDbEntity
  8
4_ANYTOOL_CUTTHROUGH_OUTSI
100
AcDbVertex
100
AcDb2dVertex
 10
1189.129213947279
 20
46.21997779126104
 30
0.0
  0
VERTEX
  5
370
330
34F
100
AcDbEntity
  8
4_ANYTOOL_CUTTHROUGH_OUTSI
100
AcDbVertex
100
AcDb2dVertex
 10
1212.879213945562
 20
46.21997779126104
 30
0.0
  0
VERTEX
  5
371
330
34F
100
AcDbEntity
  8
4_ANYTOOL_CUTTHROUGH_OUTSI
100
AcDbVertex
100
AcDb2dVertex
 10
1212.8792139453
 20
74.89697779115522
 30
0.0
  0
VERTEX
  5
372
330
34F
100
AcDbEntity
  8
4_ANYTOOL_CUTTHROUGH_OUTSI
100
AcDbVertex
100
AcDb2dVertex
 10
1075.37921394303
 20
74.89697779156268
 30
0.0
  0
VERTEX
  5
373
330
34F
100
AcDbEntity
  8
4_ANYTOOL_CUTTHROUGH_OUTSI
100
AcDbVertex
100
AcDb2dVertex
 10
1075.37921394303
 20
69.14697779156268
 30
0.0
 42
-0.4142135624156989
  0
VERTEX
  5
374
330
34F
100
AcDbEntity
  8
4_ANYTOOL_CUTTHROUGH_OUTSI
100
AcDbVertex
100
AcDb2dVertex
 10
1075.12921394303
 20
68.8969777915554
 30
0.0
  0
VERTEX
  5
375
330
34F
100
AcDbEntity
  8
4_ANYTOOL_CUTTHROUGH_OUTSI
100
AcDbVertex
100
AcDb2dVertex
 10
1063.129213944485
 20
68.89697779167909
 30
0.0
 42
-0.4142135624923012
  0
VERTEX
  5
376
330
34F
100
AcDbEntity
  8
4_ANYTOOL_CUTTHROUGH_OUTSI
100
AcDbVertex
100
AcDb2dVertex
 10
1062.879213944492
 20
69.14697779174458
 30
0.0
  0
VERTEX
  5
377
330
34F
100
AcDbEntity
  8
4_ANYTOOL_CUTTHROUGH_OUTSI
100
AcDbVertex
100
AcDb2dVertex
 10
1062.879213950357
 20
92.71996507365839
 30
0.0
  0
VERTEX
  5
378
330
34F
100
AcDbEntity
  8
4_ANYTOOL_CUTTHROUGH_OUTSI
100
AcDbVertex
100
AcDb2dVertex
 10
-1186.620786046762
 20
92.71996506833966
 30
0.0
  0
VERTEX
  5
379
330
34F
100
AcDbEntity
  8
4_ANYTOOL_CUTTHROUGH_OUTSI
100
AcDbVertex
100
AcDb2dVertex
 10
-1186.620786046748
 20
27.58260504942882
 30
0.0
 42
0.5220939935249184
  0
VERTEX
  5
37A
330
34F
100
AcDbEntity
  8
4_ANYTOOL_CUTTHROUGH_OUTSI
100
AcDbVertex
100
AcDb2dVertex
 10
-1178.878243884328
 20
22.18887946028956
 30
0.0
  0
VERTEX
  5
37B
330
34F
100
AcDbEntity
  8
4_ANYTOOL_CUTTHROUGH_OUTSI
100
AcDbVertex
100
AcDb2dVertex
 10
-1157.18132709372
 20
30.20412250240042
 30
0.0
 42
-0.0156041595450135
  0
VERTEX
  5
37C
330
34F
100
AcDbEntity
  8
4_ANYTOOL_CUTTHROUGH_OUTSI
100
AcDbVertex
100
AcDb2dVertex
 10
-1157.166531797179
 20
30.20906926548207
 30
0.0
 42
-0.5023969467411479
  0
VERTEX
  5
37D
330
34F
100
AcDbEntity
  8
4_ANYTOOL_CUTTHROUGH_OUTSI
100
AcDbVertex
100
AcDb2dVertex
 10
-1149.120607512406
 20
24.22265380826866
 30
0.0
  0
VERTEX
  5
37E
330
34F
100
AcDbEntity
  8
4_ANYTOOL_CUTTHROUGH_OUTSI
100
AcDbVertex
100
AcDb2dVertex
 10
-1149.121063305043
 20
-24.28343076561578
 30
0.0
 42
-0.5023913917599528
  0
VERTEX
  5
37F
330
34F
100
AcDbEntity
  8
4_ANYTOOL_CUTTHROUGH_OUTSI
100
AcDbVertex
100
AcDb2dVertex
 10
-1157.166841032595
 20
-30.26984454163905
 30
0.0
 42
-0.0156106739643541
  0
VERTEX
  5
380
330
34F
100
AcDbEntity
  8
4_ANYTOOL_CUTTHROUGH_OUTSI
100
AcDbVertex
100
AcDb2dVertex
 10
-1157.181642484473
 20
-30.26489565894713
 30
0.0
  0
VERTEX
  5
381
330
34F
100
AcDbEntity
  8
4_ANYTOOL_CUTTHROUGH_OUTSI
100
AcDbVertex
100
AcDb2dVertex
 10
-1178.878153438338
 20
-22.24938906238822
 30
0.0
 42
0.5220993284561556
  0
SEQEND
  5
382
330
34F
100
AcDbEntity
  8
4_ANYTOOL_CUTTHROUGH_OUTSI
  0
ENDSEC
  0
SECTION
  2
OBJECTS
  0
DICTIONARY
  5
C
330
0
100
AcDbDictionary
  3
ACAD_GROUP
350
D
  3
ACAD_LAYOUT
350
1A
  3
ACAD_MATERIAL
350
43
  3
ACAD_MLEADERSTYLE
350
5B
  3
ACAD_MLINESTYLE
350
17
  3
ACAD_PLOTSETTINGS
350
19
  3
ACAD_SCALELIST
350
47
  3
ACAD_VISUALSTYLE
350
2A
  3
ACDBHEADERROUNDTRIPXREC
350
383
  3
ACDBVARIABLEDICTIONARY
350
3A4
  3
DWGPROPS
350
3AB
  0
DICTIONARY
  5
3AC
330
8
100
AcDbDictionary
280
     1
  3
ACAD_XREC_ROUNDTRIP
360
3AD
  0
DICTIONARY
  5
D
102
{ACAD_REACTORS
330
C
102
}
330
C
100
AcDbDictionary
  0
DICTIONARY
  5
1A
102
{ACAD_REACTORS
330
C
102
}
330
C
100
AcDbDictionary
  0
DICTIONARY
  5
43
102
{ACAD_REACTORS
330
C
102
}
330
C
100
AcDbDictionary
  3
BYBLOCK
350
45
  3
BYLAYER
350
44
  3
GLOBAL
350
46
  0
DICTIONARY
  5
5B
102
{ACAD_REACTORS
330
C
102
}
330
C
100
AcDbDictionary
  3
STANDARD
350
5C
  0
DICTIONARY
  5
17
102
{ACAD_REACTORS
330
C
102
}
330
C
100
AcDbDictionary
  3
STANDARD
350
18
  0
DICTIONARY
  5
19
102
{ACAD_REACTORS
330
C
102
}
330
C
100
AcDbDictionary
  0
DICTIONARY
  5
47
102
{ACAD_REACTORS
330
C
102
}
330
C
100
AcDbDictionary
  3
A0
350
48
  3
A1
350
49
  3
A2
350
4A
  3
A3
350
4B
  3
A4
350
4C
  3
A5
350
4D
  3
A6
350
4E
  3
A7
350
4F
  3
A8
350
50
  3
A9
350
51
  3
B1
350
52
  3
B2
350
53
  3
B3
350
54
  3
B4
350
55
  3
B5
350
56
  3
B6
350
57
  3
B7
350
58
  0
DICTIONARY
  5
2A
102
{ACAD_REACTORS
330
C
102
}
330
C
100
AcDbDictionary
  3
2DWIREFRAME
350
2F
  3
BASIC
350
32
  3
BRIGHTEN
350
36
  3
COLORCHANGE
350
3A
  3
CONCEPTUAL
350
34
  3
DIM
350
35
  3
EDGECOLOROFF
350
3D
  3
FACEPATTERN
350
39
  3
FLAT
350
2B
  3
FLATWITHEDGES
350
2C
  3
GOURAUD
350
2D
  3
GOURAUDWITHEDGES
350
2E
  3
HIDDEN
350
31
  3
JITTEROFF
350
3B
  3
LINEPATTERN
350
38
  3
OVERHANGOFF
350
3C
  3
REALISTIC
350
33
  3
SHADED
350
42
  3
SHADED_WITH_EDGES
350
41
  3
SHADES_OF_GRAY
350
3E
  3
SKETCHY
350
3F
  3
THICKEN
350
37
  3
WIREFRAME
350
30
  3
X-RAY
350
40
  0
DICTIONARY
  5
383
102
{ACAD_REACTORS
330
C
102
}
330
C
100
AcDbDictionary
  3
CEPSNID
350
38D
  3
CEPSNTYPE
350
38C
  3
DIMSTYLEDATA
350
3A3
  3
FINGERPRINTGUID
350
38E
  3
HYPERLINKBASE
350
386
  3
INSUNITS
350
38B
  3
LAYOUTDICT
350
388
  3
LWETCUNION
350
38A
  3
PLOTSETDICT
350
389
  3
PSVPSCALE
350
390
  3
PUCSBASE
350
393
  3
PUCSORGBACK
350
399
  3
PUCSORGBOTTOM
350
395
  3
PUCSORGFRONT
350
398
  3
PUCSORGLEFT
350
396
  3
PUCSORGRIGHT
350
397
  3
PUCSORGTOP
350
394
  3
PUCSORTHOREF
350
391
  3
PUCSORTHOVIEW
350
392
  3
STYLESHEET
350
387
  3
TSTACKALIGN
350
384
  3
TSTACKSIZE
350
385
  3
UCSBASE
350
39C
  3
UCSORGBACK
350
3A2
  3
UCSORGBOTTOM
350
39E
  3
UCSORGFRONT
350
3A1
  3
UCSORGLEFT
350
39F
  3
UCSORGRIGHT
350
3A0
  3
UCSORGTOP
350
39D
  3
UCSORTHOREF
350
39A
  3
UCSORTHOVIEW
350
39B
  3
VERSIONGUID
350
38F
  0
DICTIONARY
  5
3A4
102
{ACAD_REACTORS
330
C
102
}
330
C
100
AcDbDictionary
  3
CANNOSCALE
350
3AE
  3
CMLEADERSTYLE
350
3A6
  3
CTABLESTYLE
350
3A5
  3
DIMASSOC
350
3A9
  3
HIDETEXT
350
3AA
  3
MSLTSCALE
350
3AF
  0
XRECORD
  5
3AB
102
{ACAD_REACTORS
330
C
102
}
330
C
100
AcDbXrecord
  1
DWGPROPS COOKIE
  2

  3

  4

  6

  7

  8
clayt
  9

300
=
301
=
302
=
303
=
304
=
305
=
306
=
307
=
308
=
309
=
 40
0.0
 41
2461243.624020718
 42
2461243.624020857
  1

 90
        0
  0
XRECORD
  5
3AD
102
{ACAD_REACTORS
330
3AC
102
}
330
3AC
100
AcDbXrecord
102
VTR_0.000_0.000_1.000_1.000_VISUALSTYLE
340
2F
102
VTR_0.000_0.000_1.000_1.000_GRIDDISPLAY
 70
     3
102
VTR_0.000_0.000_1.000_1.000_GRIDMAJOR
 70
     5
102
VTR_0.000_0.000_1.000_1.000_DEFAULTLIGHTING
280
     1
102
VTR_0.000_0.000_1.000_1.000_DEFAULTLIGHTINGTYPE
 70
     1
102
VTR_0.000_0.000_1.000_1.000_BRIGHTNESS
141
0.0
102
VTR_0.000_0.000_1.000_1.000_CONTRAST
142
0.0
  0
MATERIAL
  5
45
102
{ACAD_REACTORS
330
43
102
}
102
{ACAD_XDICTIONARY
360
3B2
102
}
330
43
100
AcDbMaterial
  1
BYBLOCK
  0
MATERIAL
  5
44
102
{ACAD_REACTORS
330
43
102
}
102
{ACAD_XDICTIONARY
360
3B0
102
}
330
43
100
AcDbMaterial
  1
BYLAYER
  0
MATERIAL
  5
46
102
{ACAD_REACTORS
330
43
102
}
102
{ACAD_XDICTIONARY
360
3B4
102
}
330
43
100
AcDbMaterial
  1
GLOBAL
  0
ACAD_PROXY_OBJECT
  5
5C
102
{ACAD_REACTORS
330
5B
102
}
330
5B
100
AcDbProxyObject
 90
      499
 91
      505
 93
      610
310
40901902A4063FBFFFFFE056BD1B81E855B9FC0AD7A3703D0AD73F4214DD185B99185C9900AD7A3703D0AC73F90141901A02B5E8DC0F42B1CFC02B5E8DC0F42B1CFE5764000000000000300FC0
340
14
340
0
340
11
340
0
 94
        0
1001
ACAD_MLEADERVER
1070
     2
  0
MLINESTYLE
  5
18
102
{ACAD_REACTORS
330
17
102
}
330
17
100
AcDbMlineStyle
  2
Standard
 70
     0
  3

 62
   256
 51
90.0
 52
90.0
 71
     2
 49
0.5
 62
   256
  6
BYLAYER
 49
-0.5
 62
   256
  6
BYLAYER
  0
ACAD_PROXY_OBJECT
  5
48
102
{ACAD_REACTORS
330
47
102
}
330
47
100
AcDbProxyObject
 90
      499
 91
      503
 93
       41
310
903313A31580
  0
ACAD_PROXY_OBJECT
  5
49
102
{ACAD_REACTORS
330
47
102
}
330
47
100
AcDbProxyObject
 90
      499
 91
      503
 93
      257
310
90E312F31323822203D2031272D3022000000000000200FC000000000000284000
  0
ACAD_PROXY_OBJECT
  5
4A
102
{ACAD_REACTORS
330
47
102
}
330
47
100
AcDbProxyObject
 90
      499
 91
      503
 93
      249
310
90D312F363422203D2031272D3022000000000000240FC000000000000284000
  0
ACAD_PROXY_OBJECT
  5
4B
102
{ACAD_REACTORS
330
47
102
}
330
47
100
AcDbProxyObject
 90
      499
 91
      503
 93
      249
310
90D312F333222203D2031272D3022000000000000280FC000000000000284000
  0
ACAD_PROXY_OBJECT
  5
4C
102
{ACAD_REACTORS
330
47
102
}
330
47
100
AcDbProxyObject
 90
      499
 91
      503
 93
      249
310
90D312F313622203D2031272D30220000000000002C0FC000000000000284000
  0
ACAD_PROXY_OBJECT
  5
4D
102
{ACAD_REACTORS
330
47
102
}
330
47
100
AcDbProxyObject
 90
      499
 91
      503
 93
      249
310
90D332F333222203D2031272D30220000000000002E0FC000000000000284000
  0
ACAD_PROXY_OBJECT
  5
4E
102
{ACAD_REACTORS
330
47
102
}
330
47
100
AcDbProxyObject
 90
      499
 91
      503
 93
      241
310
90C312F3822203D2031272D3022000000000000300FC000000000000284000
  0
ACAD_PROXY_OBJECT
  5
4F
102
{ACAD_REACTORS
330
47
102
}
330
47
100
AcDbProxyObject
 90
      499
 91
      503
 93
      249
310
90D332F313622203D2031272D3022000000000000320FC000000000000284000
  0
ACAD_PROXY_OBJECT
  5
50
102
{ACAD_REACTORS
330
47
102
}
330
47
100
AcDbProxyObject
 90
      499
 91
      503
 93
      241
310
90C312F3422203D2031272D3022000000000000340FC000000000000284000
  0
ACAD_PROXY_OBJECT
  5
51
102
{ACAD_REACTORS
330
47
102
}
330
47
100
AcDbProxyObject
 90
      499
 91
      503
 93
      241
310
90C332F3822203D2031272D3022000000000000360FC000000000000284000
  0
ACAD_PROXY_OBJECT
  5
52
102
{ACAD_REACTORS
330
47
102
}
330
47
100
AcDbProxyObject
 90
      499
 91
      503
 93
      241
310
90C312F3222203D2031272D3022000000000000380FC000000000000284000
  0
ACAD_PROXY_OBJECT
  5
53
102
{ACAD_REACTORS
330
47
102
}
330
47
100
AcDbProxyObject
 90
      499
 91
      503
 93
      241
310
90C332F3422203D2031272D30220000000000003A0FC000000000000284000
  0
ACAD_PROXY_OBJECT
  5
54
102
{ACAD_REACTORS
330
47
102
}
330
47
100
AcDbProxyObject
 90
      499
 91
      503
 93
      161
310
90A3122203D2031272D30224000000000000284000
  0
ACAD_PROXY_OBJECT
  5
55
102
{ACAD_REACTORS
330
47
102
}
330
47
100
AcDbProxyObject
 90
      499
 91
      503
 93
      257
310
90E312D312F3222203D2031272D30220000000000003E0FC000000000000284000
  0
ACAD_PROXY_OBJECT
  5
56
102
{ACAD_REACTORS
330
47
102
}
330
47
100
AcDbProxyObject
 90
      499
 91
      503
 93
      225
310
90A3322203D2031272D302200000000000002100000000000000284000
  0
ACAD_PROXY_OBJECT
  5
57
102
{ACAD_REACTORS
330
47
102
}
330
47
100
AcDbProxyObject
 90
      499
 91
      503
 93
      225
310
90A3622203D2031272D302200000000000006100000000000000284000
  0
ACAD_PROXY_OBJECT
  5
58
102
{ACAD_REACTORS
330
47
102
}
330
47
100
AcDbProxyObject
 90
      499
 91
      503
 93
      249
310
90D31272D3022203D2031272D30220000000000000A100000000000000284000
  0
ACAD_PROXY_OBJECT
  5
2F
102
{ACAD_REACTORS
330
2A
102
}
330
2A
100
AcDbProxyObject
 90
      499
 91
      501
 93
      436
310
42CC9915DA5C99599C985B595049028333333333333E33F0000000000000F90107901411070040501600405405064090741402480A0340
1001
ACAD
1000
AcDbSavedByObjectVersion
1070
     0
  0
ACAD_PROXY_OBJECT
  5
32
102
{ACAD_REACTORS
330
2A
102
}
330
2A
100
AcDbProxyObject
 90
      499
 91
      501
 93
      388
310
4150985CDA58D07406404333333333333E33F0000000000000F90107A41107004050150841D405064090741402480A0350
1001
ACAD
1000
AcDbSavedByObjectVersion
1070
     0
  0
ACAD_PROXY_OBJECT
  5
36
102
{ACAD_REACTORS
330
2A
102
}
330
2A
100
AcDbProxyObject
 90
      499
 91
      501
 93
      428
310
42109C9A59DA1D195B90C409028333333333333E33F0000000000000F9010790141107004050150841D405064090741402480A029950
1001
ACAD
1000
AcDbSavedByObjectVersion
1070
     0
  0
ACAD_PROXY_OBJECT
  5
3A
102
{ACAD_REACTORS
330
2A
102
}
330
2A
100
AcDbProxyObject
 90
      499
 91
      501
 93
      452
310
42D0DBDB1BDC90DA185B99D95104090240C333333333333E33F0000000000000F90108901411070040501508421405064090741402480A0350
1001
ACAD
1000
AcDbSavedByObjectVersion
1070
     0
  0
ACAD_PROXY_OBJECT
  5
34
102
{ACAD_REACTORS
330
2A
102
}
330
2A
100
AcDbProxyObject
 90
      499
 91
      501
 93
      500
310
4290DBDB98D95C1D1D585B10940D028333333333333E33F0000000000000F90107902409070040501000000000018199010841D405064090740C02480A0340
1001
ACAD
1000
AcDbSavedByObjectVersion
1070
     0
  0
ACAD_PROXY_OBJECT
  5
35
102
{ACAD_REACTORS
330
2A
102
}
330
2A
100
AcDbProxyObject
 90
      499
 91
      501
 93
      412
310
40D11A5B50B409028333333333333E33F0000000000000F9010790141107004050150841D405064090741402480A02677FFFFFD0
1001
ACAD
1000
AcDbSavedByObjectVersion
1070
     0
  0
ACAD_PROXY_OBJECT
  5
3D
102
{ACAD_REACTORS
330
2A
102
}
330
2A
100
AcDbProxyObject
 90
      499
 91
      501
 93
      452
310
43115919D950DBDB1BDC93D999916409028333333333333E33F0000000000000F9010790141107004050150841D405064090741402480A0350
1001
ACAD
1000
AcDbSavedByObjectVersion
1070
     0
  0
ACAD_PROXY_OBJECT
  5
39
102
{ACAD_REACTORS
330
2A
102
}
330
2A
100
AcDbProxyObject
 90
      499
 91
      501
 93
      444
310
42D19858D95C185D1D195C9B90F409028333333333333E33F0000000000000F9010790141107004050150841D405064090741402480A0350
1001
ACAD
1000
AcDbSavedByObjectVersion
1070
     0
  0
ACAD_PROXY_OBJECT
  5
2B
102
{ACAD_REACTORS
330
2A
102
}
330
2A
100
AcDbProxyObject
 90
      499
 91
      501
 93
      380
310
41119B185D240901404333333333333E33F0000000000000F9010740A907004050150841D405064090741402480A1B50
1001
ACAD
1000
AcDbSavedByObjectVersion
1070
     0
  0
ACAD_PROXY_OBJECT
  5
2C
102
{ACAD_REACTORS
330
2A
102
}
330
2A
100
AcDbProxyObject
 90
      499
 91
      501
 93
      468
310
43519B185D15DA5D1A115919D95CD0140901404333333333333E33F0000000000000F90107409019070040501600405405064090741402480A1B50
1001
ACAD
1000
AcDbSavedByObjectVersion
1070
     0
  0
ACAD_PROXY_OBJECT
  5
2D
102
{ACAD_REACTORS
330
2A
102
}
330
2A
100
AcDbProxyObject
 90
      499
 91
      501
 93
      404
310
41D1DBDD5C985D5910240902404333333333333E33F0000000000000F9010740A9070040501641D405064090741402480A1B50
1001
ACAD
1000
AcDbSavedByObjectVersion
1070
     0
  0
ACAD_PROXY_OBJECT
  5
2E
102
{ACAD_REACTORS
330
2A
102
}
330
2A
100
AcDbProxyObject
 90
      499
 91
      501
 93
      492
310
4411DBDD5C985D5915DA5D1A115919D95CD0340902404333333333333E33F0000000000000F90107409019070040501600405405064090741402480A1B50
1001
ACAD
1000
AcDbSavedByObjectVersion
1070
     0
  0
ACAD_PROXY_OBJECT
  5
31
102
{ACAD_REACTORS
330
2A
102
}
330
2A
100
AcDbProxyObject
 90
      499
 91
      501
 93
      476
310
41921A5919195B90640502408333333333333E33F0000000000000F901079024090700405020000000000001110200405405064090740C02480A0340
1001
ACAD
1000
AcDbSavedByObjectVersion
1070
     0
  0
ACAD_PROXY_OBJECT
  5
3B
102
{ACAD_REACTORS
330
2A
102
}
330
2A
100
AcDbProxyObject
 90
      499
 91
      501
 93
      428
310
42529A5D1D195C93D999914409028333333333333E33F0000000000000F9010790141107004050150A41D405064090741402480A0350
1001
ACAD
1000
AcDbSavedByObjectVersion
1070
     0
  0
ACAD_PROXY_OBJECT
  5
38
102
{ACAD_REACTORS
330
2A
102
}
330
2A
100
AcDbProxyObject
 90
      499
 91
      501
 93
      444
310
42D31A5B995C185D1D195C9B90E409028333333333333E33F0000000000000F9010790141107004050750841D405064090741402483A0350
1001
ACAD
1000
AcDbSavedByObjectVersion
1070
     0
  0
ACAD_PROXY_OBJECT
  5
3C
102
{ACAD_REACTORS
330
2A
102
}
330
2A
100
AcDbProxyObject
 90
      499
 91
      501
 93
      444
310
42D3DD995C9A185B99D3D999915409028333333333333E33F0000000000000F9010790141107004050150941D405064090741402480A0350
1001
ACAD
1000
AcDbSavedByObjectVersion
1070
     0
  0
ACAD_PROXY_OBJECT
  5
33
102
{ACAD_REACTORS
330
2A
102
}
330
2A
100
AcDbProxyObject
 90
      499
 91
      501
 93
      428
310
425499585B1A5CDD1A58D08409038333333333333E33F0000000000000F9010740A907004050150800405405064090740C02480A1B40
1001
ACAD
1000
AcDbSavedByObjectVersion
1070
     0
  0
ACAD_PROXY_OBJECT
  5
42
102
{ACAD_REACTORS
330
2A
102
}
330
2A
100
AcDbProxyObject
 90
      499
 91
      501
 93
      420
310
4194DA1859195911B40902404333333333333E33F0000000000000F9010740A41107004050150800405405064090840C02480A0B40
1001
ACAD
1000
AcDbSavedByObjectVersion
1070
     0
  0
ACAD_PROXY_OBJECT
  5
41
102
{ACAD_REACTORS
330
2A
102
}
330
2A
100
AcDbProxyObject
 90
      499
 91
      501
 93
      516
310
4454DA18591959081DDA5D1A08195919D95CD1A40902404333333333333E33F0000000000000F901074090142907004050250800405405064090740C02480A0B40
1001
ACAD
1000
AcDbSavedByObjectVersion
1070
     0
  0
ACAD_PROXY_OBJECT
  5
3E
102
{ACAD_REACTORS
330
2A
102
}
330
2A
100
AcDbProxyObject
 90
      499
 91
      501
 93
      532
310
4394DA1859195CC81BD98811DC985E5174090240C333333333333E33F0000000000000F901079024090741D01000000000000111010841D405064090740C02480A0340
1001
ACAD
1000
AcDbSavedByObjectVersion
1070
     0
  0
ACAD_PROXY_OBJECT
  5
3F
102
{ACAD_REACTORS
330
2A
102
}
330
2A
100
AcDbProxyObject
 90
      499
 91
      501
 93
      476
310
41D4DAD95D18DA1E51840502408333333333333E33F0000000000000F901079024090741D01000000000000111010B41D405064090741802480A0340
1001
ACAD
1000
AcDbSavedByObjectVersion
1070
     0
  0
ACAD_PROXY_OBJECT
  5
37
102
{ACAD_REACTORS
330
2A
102
}
330
2A
100
AcDbProxyObject
 90
      499
 91
      501
 93
      412
310
41D51A1A58DAD95B90D409028333333333333E33F0000000000000F9010790141107004050150C41D405064090741402480A0350
1001
ACAD
1000
AcDbSavedByObjectVersion
1070
     0
  0
ACAD_PROXY_OBJECT
  5
30
102
{ACAD_REACTORS
330
2A
102
}
330
2A
100
AcDbProxyObject
 90
      499
 91
      501
 93
      420
310
4255DA5C99599C985B595059028333333333333E33F0000000000000F90107901411070040501600405405064090740C02480A0340
1001
ACAD
1000
AcDbSavedByObjectVersion
1070
     0
  0
ACAD_PROXY_OBJECT
  5
40
102
{ACAD_REACTORS
330
2A
102
}
330
2A
100
AcDbProxyObject
 90
      499
 91
      501
 93
      404
310
41560B54985E51940902404000000000000E03F0000000000000F9010740501907004050150841D405064090740C02480A1B40
1001
ACAD
1000
AcDbSavedByObjectVersion
1070
     0
  0
XRECORD
  5
38D
102
{ACAD_REACTORS
330
383
102
}
330
383
100
AcDbXrecord
340
0
  0
XRECORD
  5
38C
102
{ACAD_REACTORS
330
383
102
}
330
383
100
AcDbXrecord
 90
        0
  0
XRECORD
  5
3A3
102
{ACAD_REACTORS
330
383
102
}
330
383
100
AcDbXrecord
1000
DSTYLE
1002
{
1070
   171
 70
     2
1070
   143
 40
25.4
1070
   274
 70
     2
1070
    41
 40
0.18
1070
   141
 40
0.09
1070
   271
 70
     4
1070
    43
 40
0.38
1070
   278
 70
    46
1070
    44
 40
0.18
1070
    42
 40
0.0625
1070
   147
 40
0.09
1070
    77
 70
     0
1070
   272
 70
     4
1070
    73
 70
     1
1070
   279
 70
     2
1070
   172
 70
     0
1070
    74
 70
     1
1070
   283
 70
     1
1070
   340
340
11
1070
   140
 40
0.18
1070
   284
 70
     0
1070
    78
 70
     0
1002
}
  0
XRECORD
  5
38E
102
{ACAD_REACTORS
330
383
102
}
330
383
100
AcDbXrecord
  1
{c8a4be31-e09c-4077-9c60-1eb21f23a16a}
  0
XRECORD
  5
386
102
{ACAD_REACTORS
330
383
102
}
330
383
100
AcDbXrecord
  1

  0
XRECORD
  5
38B
102
{ACAD_REACTORS
330
383
102
}
330
383
100
AcDbXrecord
 90
        4
  0
XRECORD
  5
388
102
{ACAD_REACTORS
330
383
102
}
330
383
100
AcDbXrecord
340
1A
  0
XRECORD
  5
38A
102
{ACAD_REACTORS
330
383
102
}
330
383
100
AcDbXrecord
 90
    10781
  0
XRECORD
  5
389
102
{ACAD_REACTORS
330
383
102
}
330
383
100
AcDbXrecord
340
19
  0
XRECORD
  5
390
102
{ACAD_REACTORS
330
383
102
}
330
383
100
AcDbXrecord
 40
0.0
  0
XRECORD
  5
393
102
{ACAD_REACTORS
330
383
102
}
330
383
100
AcDbXrecord
340
0
  0
XRECORD
  5
399
102
{ACAD_REACTORS
330
383
102
}
330
383
100
AcDbXrecord
 10
0.0
 20
0.0
 30
0.0
  0
XRECORD
  5
395
102
{ACAD_REACTORS
330
383
102
}
330
383
100
AcDbXrecord
 10
0.0
 20
0.0
 30
0.0
  0
XRECORD
  5
398
102
{ACAD_REACTORS
330
383
102
}
330
383
100
AcDbXrecord
 10
0.0
 20
0.0
 30
0.0
  0
XRECORD
  5
396
102
{ACAD_REACTORS
330
383
102
}
330
383
100
AcDbXrecord
 10
0.0
 20
0.0
 30
0.0
  0
XRECORD
  5
397
102
{ACAD_REACTORS
330
383
102
}
330
383
100
AcDbXrecord
 10
0.0
 20
0.0
 30
0.0
  0
XRECORD
  5
394
102
{ACAD_REACTORS
330
383
102
}
330
383
100
AcDbXrecord
 10
0.0
 20
0.0
 30
0.0
  0
XRECORD
  5
391
102
{ACAD_REACTORS
330
383
102
}
330
383
100
AcDbXrecord
340
0
  0
XRECORD
  5
392
102
{ACAD_REACTORS
330
383
102
}
330
383
100
AcDbXrecord
 70
     0
  0
XRECORD
  5
387
102
{ACAD_REACTORS
330
383
102
}
330
383
100
AcDbXrecord
  1

  0
XRECORD
  5
384
102
{ACAD_REACTORS
330
383
102
}
330
383
100
AcDbXrecord
 90
        1
  0
XRECORD
  5
385
102
{ACAD_REACTORS
330
383
102
}
330
383
100
AcDbXrecord
 90
       70
  0
XRECORD
  5
39C
102
{ACAD_REACTORS
330
383
102
}
330
383
100
AcDbXrecord
340
0
  0
XRECORD
  5
3A2
102
{ACAD_REACTORS
330
383
102
}
330
383
100
AcDbXrecord
 10
0.0
 20
0.0
 30
0.0
  0
XRECORD
  5
39E
102
{ACAD_REACTORS
330
383
102
}
330
383
100
AcDbXrecord
 10
0.0
 20
0.0
 30
0.0
  0
XRECORD
  5
3A1
102
{ACAD_REACTORS
330
383
102
}
330
383
100
AcDbXrecord
 10
0.0
 20
0.0
 30
0.0
  0
XRECORD
  5
39F
102
{ACAD_REACTORS
330
383
102
}
330
383
100
AcDbXrecord
 10
0.0
 20
0.0
 30
0.0
  0
XRECORD
  5
3A0
102
{ACAD_REACTORS
330
383
102
}
330
383
100
AcDbXrecord
 10
0.0
 20
0.0
 30
0.0
  0
XRECORD
  5
39D
102
{ACAD_REACTORS
330
383
102
}
330
383
100
AcDbXrecord
 10
0.0
 20
0.0
 30
0.0
  0
XRECORD
  5
39A
102
{ACAD_REACTORS
330
383
102
}
330
383
100
AcDbXrecord
340
0
  0
XRECORD
  5
39B
102
{ACAD_REACTORS
330
383
102
}
330
383
100
AcDbXrecord
 70
     0
  0
XRECORD
  5
38F
102
{ACAD_REACTORS
330
383
102
}
330
383
100
AcDbXrecord
  1
{FAEB1C32-E019-11D5-929B-00C0DF256EC4}
  0
DICTIONARYVAR
  5
3AE
102
{ACAD_REACTORS
330
3A4
102
}
330
3A4
100
DictionaryVariables
280
     0
  1
1:1
  0
DICTIONARYVAR
  5
3A6
102
{ACAD_REACTORS
330
3A4
102
}
330
3A4
100
DictionaryVariables
280
     0
  1
Standard
  0
DICTIONARYVAR
  5
3A5
102
{ACAD_REACTORS
330
3A4
102
}
330
3A4
100
DictionaryVariables
280
     0
  1
Standard
  0
DICTIONARYVAR
  5
3A9
102
{ACAD_REACTORS
330
3A4
102
}
330
3A4
100
DictionaryVariables
280
     0
  1
2
  0
DICTIONARYVAR
  5
3AA
102
{ACAD_REACTORS
330
3A4
102
}
330
3A4
100
DictionaryVariables
280
     0
  1
1
  0
DICTIONARYVAR
  5
3AF
102
{ACAD_REACTORS
330
3A4
102
}
330
3A4
100
DictionaryVariables
280
     0
  1
1
  0
DICTIONARY
  5
3B2
330
45
100
AcDbDictionary
280
     1
  3
ACAD_XREC_ROUNDTRIP
360
3B3
  0
DICTIONARY
  5
3B0
330
44
100
AcDbDictionary
280
     1
  3
ACAD_XREC_ROUNDTRIP
360
3B1
  0
DICTIONARY
  5
3B4
330
46
100
AcDbDictionary
280
     1
  3
ACAD_XREC_ROUNDTRIP
360
3B5
  0
XRECORD
  5
3B3
102
{ACAD_REACTORS
330
3B2
102
}
330
3B2
100
AcDbXrecord
102
MATERIAL
148
0.0
149
0.0
149
0.0
 93
        0
 94
      127
282
     0
 72
     1
 77
     1
171
     1
175
     1
179
     1
273
     0
  0
XRECORD
  5
3B1
102
{ACAD_REACTORS
330
3B0
102
}
330
3B0
100
AcDbXrecord
102
MATERIAL
148
0.0
149
0.0
149
0.0
 93
        0
 94
      127
282
     0
 72
     1
 77
     1
171
     1
175
     1
179
     1
273
     0
  0
XRECORD
  5
3B5
102
{ACAD_REACTORS
330
3B4
102
}
330
3B4
100
AcDbXrecord
102
MATERIAL
148
0.0
149
0.0
149
0.0
 93
        0
 94
      127
282
     0
 72
     1
 77
     1
171
     1
175
     1
179
     1
273
     0
  0
ENDSEC
  0
EOF
