  0
SECTION
  2
HEADER
  9
$ACADVER
  1
AC1014
  9
$ACADMAINTVER
 70
     9
  9
$DWGCODEPAGE
  3
ANSI_1252
  9
$INSBASE
 10
0.0
 20
0.0
 30
0.0
  9
$EXTMIN
 10
-1199.7500000004
 20
-92.79425287627964
 30
0.0
  9
$EXTMAX
 10
1199.750000000291
 20
92.79425287622144
 30
0.0
  9
$LIMMIN
 10
0.0
 20
0.0
  9
$LIMMAX
 10
12.0
 20
9.0
  9
$ORTHOMODE
 70
     0
  9
$REGENMODE
 70
     1
  9
$FILLMODE
 70
     1
  9
$QTEXTMODE
 70
     0
  9
$MIRRTEXT
 70
     1
  9
$DRAGMODE
 70
     2
  9
$LTSCALE
 40
1.0
  9
$OSMODE
 70
    37
  9
$ATTMODE
 70
     1
  9
$TEXTSIZE
 40
0.2
  9
$TRACEWID
 40
0.05
  9
$TEXTSTYLE
  7
STANDARD
  9
$CLAYER
  8
0
  9
$CELTYPE
  6
BYLAYER
  9
$CECOLOR
 62
   256
  9
$CELTSCALE
 40
1.0
  9
$DELOBJ
 70
     1
  9
$DISPSILH
 70
     0
  9
$DIMSCALE
 40
1.0
  9
$DIMASZ
 40
0.18
  9
$DIMEXO
 40
0.0625
  9
$DIMDLI
 40
0.38
  9
$DIMRND
 40
0.0
  9
$DIMDLE
 40
0.0
  9
$DIMEXE
 40
0.18
  9
$DIMTP
 40
0.0
  9
$DIMTM
 40
0.0
  9
$DIMTXT
 40
0.18
  9
$DIMCEN
 40
0.09
  9
$DIMTSZ
 40
0.0
  9
$DIMTOL
 70
     0
  9
$DIMLIM
 70
     0
  9
$DIMTIH
 70
     1
  9
$DIMTOH
 70
     1
  9
$DIMSE1
 70
     0
  9
$DIMSE2
 70
     0
  9
$DIMTAD
 70
     0
  9
$DIMZIN
 70
     0
  9
$DIMBLK
  1

  9
$DIMASO
 70
     1
  9
$DIMSHO
 70
     1
  9
$DIMPOST
  1

  9
$DIMAPOST
  1

  9
$DIMALT
 70
     0
  9
$DIMALTD
 70
     2
  9
$DIMALTF
 40
25.4
  9
$DIMLFAC
 40
1.0
  9
$DIMTOFL
 70
     0
  9
$DIMTVP
 40
0.0
  9
$DIMTIX
 70
     0
  9
$DIMSOXD
 70
     0
  9
$DIMSAH
 70
     0
  9
$DIMBLK1
  1

  9
$DIMBLK2
  1

  9
$DIMSTYLE
  2
STANDARD_ACAD
  9
$DIMCLRD
 70
     0
  9
$DIMCLRE
 70
     0
  9
$DIMCLRT
 70
     0
  9
$DIMTFAC
 40
1.0
  9
$DIMGAP
 40
0.09
  9
$DIMJUST
 70
     0
  9
$DIMSD1
 70
     0
  9
$DIMSD2
 70
     0
  9
$DIMTOLJ
 70
     1
  9
$DIMTZIN
 70
     0
  9
$DIMALTZ
 70
     0
  9
$DIMALTTZ
 70
     0
  9
$DIMFIT
 70
     5
  9
$DIMUPT
 70
     0
  9
$DIMUNIT
 70
     2
  9
$DIMDEC
 70
     4
  9
$DIMTDEC
 70
     4
  9
$DIMALTU
 70
     2
  9
$DIMALTTD
 70
     2
  9
$DIMTXSTY
  7
STANDARD
  9
$DIMAUNIT
 70
     0
  9
$LUNITS
 70
     2
  9
$LUPREC
 70
     3
  9
$SKETCHINC
 40
0.1
  9
$FILLETRAD
 40
0.0
  9
$AUNITS
 70
     0
  9
$AUPREC
 70
     0
  9
$MENU
  1
.
  9
$ELEVATION
 40
0.0
  9
$PELEVATION
 40
0.0
  9
$THICKNESS
 40
0.0
  9
$LIMCHECK
 70
     0
  9
$CHAMFERA
 40
0.0
  9
$CHAMFERB
 40
0.0
  9
$CHAMFERC
 40
0.0
  9
$CHAMFERD
 40
0.0
  9
$SKPOLY
 70
     0
  9
$TDCREATE
 40
2461243.665659618
  9
$TDUPDATE
 40
2461243.665659804
  9
$TDINDWG
 40
0.0000000116
  9
$TDUSRTIMER
 40
0.0000000116
  9
$USRTIMER
 70
     1
  9
$ANGBASE
 50
0.0
  9
$ANGDIR
 70
     0
  9
$PDMODE
 70
     0
  9
$PDSIZE
 40
0.0
  9
$PLINEWID
 40
0.0
  9
$COORDS
 70
     1
  9
$SPLFRAME
 70
     0
  9
$SPLINETYPE
 70
     6
  9
$SPLINESEGS
 70
     8
  9
$ATTDIA
 70
     0
  9
$ATTREQ
 70
     1
  9
$HANDLING
 70
     1
  9
$HANDSEED
  5
50D
  9
$SURFTAB1
 70
     6
  9
$SURFTAB2
 70
     6
  9
$SURFTYPE
 70
     6
  9
$SURFU
 70
     6
  9
$SURFV
 70
     6
  9
$UCSNAME
  2

  9
$UCSORG
 10
0.0
 20
0.0
 30
0.0
  9
$UCSXDIR
 10
1.0
 20
0.0
 30
0.0
  9
$UCSYDIR
 10
0.0
 20
1.0
 30
0.0
  9
$PUCSNAME
  2

  9
$PUCSORG
 10
0.0
 20
0.0
 30
0.0
  9
$PUCSXDIR
 10
1.0
 20
0.0
 30
0.0
  9
$PUCSYDIR
 10
0.0
 20
1.0
 30
0.0
  9
$USERI1
 70
     0
  9
$USERI2
 70
     0
  9
$USERI3
 70
     0
  9
$USERI4
 70
     0
  9
$USERI5
 70
     0
  9
$USERR1
 40
0.0
  9
$USERR2
 40
0.0
  9
$USERR3
 40
0.0
  9
$USERR4
 40
0.0
  9
$USERR5
 40
0.0
  9
$WORLDVIEW
 70
     1
  9
$SHADEDGE
 70
     3
  9
$SHADEDIF
 70
    70
  9
$TILEMODE
 70
     1
  9
$MAXACTVP
 70
    64
  9
$PINSBASE
 10
0.0
 20
0.0
 30
0.0
  9
$PLIMCHECK
 70
     0
  9
$PEXTMIN
 10
1.000000000000000E+20
 20
1.000000000000000E+20
 30
1.000000000000000E+20
  9
$PEXTMAX
 10
-1.000000000000000E+20
 20
-1.000000000000000E+20
 30
-1.000000000000000E+20
  9
$PLIMMIN
 10
0.0
 20
0.0
  9
$PLIMMAX
 10
12.0
 20
9.0
  9
$UNITMODE
 70
     0
  9
$VISRETAIN
 70
     1
  9
$PLINEGEN
 70
     0
  9
$PSLTSCALE
 70
     1
  9
$TREEDEPTH
 70
  3020
  9
$PICKSTYLE
 70
     1
  9
$CMLSTYLE
  2
STANDARD
  9
$CMLJUST
 70
     0
  9
$CMLSCALE
 40
1.0
  9
$PROXYGRAPHICS
 70
     1
  9
$MEASUREMENT
 70
     1
  0
ENDSEC
  0
SECTION
  2
CLASSES
  0
CLASS
  1
ACDBDICTIONARYWDFLT
  2
AcDbDictionaryWithDefault
  3
ObjectDBX Classes
 90
        0
280
     0
281
     0
  0
CLASS
  1
VISUALSTYLE
  2
AcDbVisualStyle
  3
ObjectDBX Classes
 90
     4095
280
     0
281
     0
  0
CLASS
  1
MATERIAL
  2
AcDbMaterial
  3
ObjectDBX Classes
 90
     1153
280
     0
281
     0
  0
CLASS
  1
SCALE
  2
AcDbScale
  3
ObjectDBX Classes
 90
     1153
280
     0
281
     0
  0
CLASS
  1
TABLESTYLE
  2
AcDbTableStyle
  3
ObjectDBX Classes
 90
     4095
280
     0
281
     0
  0
CLASS
  1
MLEADERSTYLE
  2
AcDbMLeaderStyle
  3
ACDB_MLEADERSTYLE_CLASS
 90
     4095
280
     0
281
     0
  0
CLASS
  1
SUN
  2
AcDbSun
  3
SCENEOE
 90
     1153
280
     0
281
     0
  0
CLASS
  1
DICTIONARYVAR
  2
AcDbDictionaryVar
  3
ObjectDBX Classes
 90
        0
280
     0
281
     0
  0
CLASS
  1
XRECORD
  2
AcDbXrecord
  3
ObjectDBX Classes
 90
        0
280
     0
281
     0
  0
CLASS
  1
LWPOLYLINE
  2
AcDbPolyline
  3
ObjectDBX Classes
 90
        0
280
     0
281
     1
  0
CLASS
  1
HATCH
  2
AcDbHatch
  3
ObjectDBX Classes
 90
        0
280
     0
281
     1
  0
CLASS
  1
ACDBPLACEHOLDER
  2
AcDbPlaceHolder
  3
ObjectDBX Classes
 90
        0
280
     0
281
     0
  0
CLASS
  1
LAYOUT
  2
AcDbLayout
  3
ObjectDBX Classes
 90
        0
280
     0
281
     0
  0
ENDSEC
  0
SECTION
  2
TABLES
  0
TABLE
  2
VPORT
  5
8
102
{ACAD_XDICTIONARY
360
502
102
}
330
0
100
AcDbSymbolTable
 70
     1
  0
VPORT
  5
29
330
8
100
AcDbSymbolTableRecord
100
AcDbViewportTableRecord
  2
*ACTIVE
 70
     0
 10
0.0
 20
0.0
 11
1.0
 21
1.0
 12
10.42990654205607
 22
4.5
 13
0.0
 23
0.0
 14
0.5
 24
0.5
 15
0.5
 25
0.5
 16
0.0
 26
0.0
 36
1.0
 17
0.0
 27
0.0
 37
0.0
 40
9.0
 41
1.972972972850329
 42
50.0
 43
0.0
 44
0.0
 50
0.0
 51
0.0
 71
     0
 72
   100
 73
     1
 74
     3
 75
     0
 76
     0
 77
     0
 78
     0
  0
ENDTAB
  0
TABLE
  2
LTYPE
  5
5
330
0
100
AcDbSymbolTable
 70
     1
  0
LTYPE
  5
14
330
5
100
AcDbSymbolTableRecord
100
AcDbLinetypeTableRecord
  2
BYBLOCK
 70
     0
  3

 72
    65
 73
     0
 40
0.0
  0
LTYPE
  5
15
330
5
100
AcDbSymbolTableRecord
100
AcDbLinetypeTableRecord
  2
BYLAYER
 70
     0
  3

 72
    65
 73
     0
 40
0.0
  0
LTYPE
  5
16
330
5
100
AcDbSymbolTableRecord
100
AcDbLinetypeTableRecord
  2
CONTINUOUS
 70
     0
  3
Solid line
 72
    65
 73
     0
 40
0.0
  0
ENDTAB
  0
TABLE
  2
LAYER
  5
2
330
0
100
AcDbSymbolTable
 70
     4
  0
LAYER
  5
10
330
2
100
AcDbSymbolTableRecord
100
AcDbLayerTableRecord
  2
0
 70
     0
 62
     7
  6
CONTINUOUS
  0
LAYER
  5
5F
330
2
100
AcDbSymbolTableRecord
100
AcDbLayerTableRecord
  2
1_ANYTOOL_1MMDEEP_LABELS_S
 70
     0
 62
     2
  6
CONTINUOUS
  0
LAYER
  5
231
330
2
100
AcDbSymbolTableRecord
100
AcDbLayerTableRecord
  2
3_ANYTOOL_CUTTHROUGH_INSID
 70
     0
 62
     4
  6
CONTINUOUS
  0
LAYER
  5
3B2
330
2
100
AcDbSymbolTableRecord
100
AcDbLayerTableRecord
  2
4_ANYTOOL_CUTTHROUGH_OUTSI
 70
     0
 62
     5
  6
CONTINUOUS
  0
ENDTAB
  0
TABLE
  2
STYLE
  5
3
330
0
100
AcDbSymbolTable
 70
     1
  0
STYLE
  5
11
330
3
100
AcDbSymbolTableRecord
100
AcDbTextStyleTableRecord
  2
STANDARD
 70
     0
 40
0.0
 41
1.0
 50
0.0
 71
     0
 42
0.2
  3
txt
  4

  0
ENDTAB
  0
TABLE
  2
VIEW
  5
6
330
0
100
AcDbSymbolTable
 70
     0
  0
ENDTAB
  0
TABLE
  2
UCS
  5
7
330
0
100
AcDbSymbolTable
 70
     0
  0
ENDTAB
  0
TABLE
  2
APPID
  5
9
330
0
100
AcDbSymbolTable
 70
     3
  0
APPID
  5
12
330
9
100
AcDbSymbolTableRecord
100
AcDbRegAppTableRecord
  2
ACAD
 70
     0
  0
APPID
  5
5E
330
9
100
AcDbSymbolTableRecord
100
AcDbRegAppTableRecord
  2
RHINO
 70
     0
  0
APPID
  5
50C
330
9
100
AcDbSymbolTableRecord
100
AcDbRegAppTableRecord
  2
ACAD_MLEADERVER
 70
     0
  0
ENDTAB
  0
TABLE
  2
DIMSTYLE
  5
A
330
0
100
AcDbSymbolTable
 70
     1
  0
DIMSTYLE
105
27
330
A
100
AcDbSymbolTableRecord
100
AcDbDimStyleTableRecord
  2
STANDARD_ACAD
 70
     0
  3

  4

  5

  6

  7

 40
1.0
 41
0.18
 42
0.0625
 43
0.38
 44
0.18
 45
0.0
 46
0.0
 47
0.0
 48
0.0
140
0.18
141
0.09
142
0.0
143
25.4
144
1.0
145
0.0
146
1.0
147
0.09
 71
     0
 72
     0
 73
     1
 74
     1
 75
     0
 76
     0
 77
     0
 78
     0
170
     0
171
     2
172
     0
173
     0
174
     0
175
     0
176
     0
177
     0
178
     0
270
     2
271
     4
272
     4
273
     2
274
     2
340
11
275
     0
280
     0
281
     0
282
     0
283
     1
284
     0
285
     0
286
     0
287
     3
288
     0
  0
ENDTAB
  0
TABLE
  2
BLOCK_RECORD
  5
1
330
0
100
AcDbSymbolTable
 70
     0
  0
BLOCK_RECORD
  5
1F
330
1
100
AcDbSymbolTableRecord
100
AcDbBlockTableRecord
  2
*MODEL_SPACE
  0
BLOCK_RECORD
  5
1B
330
1
100
AcDbSymbolTableRecord
100
AcDbBlockTableRecord
  2
*PAPER_SPACE
  0
ENDTAB
  0
ENDSEC
  0
SECTION
  2
BLOCKS
  0
BLOCK
  5
20
330
1F
100
AcDbEntity
  8
0
100
AcDbBlockBegin
  2
*MODEL_SPACE
 70
     0
 10
0.0
 20
0.0
 30
0.0
  3
*MODEL_SPACE
  1

  0
ENDBLK
  5
21
330
1F
100
AcDbEntity
  8
0
100
AcDbBlockEnd
  0
BLOCK
  5
1C
330
1B
100
AcDbEntity
 67
     1
  8
0
100
AcDbBlockBegin
  2
*PAPER_SPACE
 70
     0
 10
0.0
 20
0.0
 30
0.0
  3
*PAPER_SPACE
  1

  0
ENDBLK
  5
1D
330
1B
100
AcDbEntity
 67
     1
  8
0
100
AcDbBlockEnd
  0
ENDSEC
  0
SECTION
  2
ENTITIES
  0
LINE
  5
60
330
1F
100
AcDbEntity
  8
1_ANYTOOL_1MMDEEP_LABELS_S
100
AcDbLine
 10
183.2999999999956
 20
39.85739523319353
 30
0.0
 11
168.8142857142811
 21
39.85739523319353
 31
0.0
  0
POLYLINE
  5
61
330
1F
100
AcDbEntity
  8
1_ANYTOOL_1MMDEEP_LABELS_S
100
AcDb2dPolyline
 66
     1
 10
0.0
 20
0.0
 30
0.0
  0
VERTEX
  5
62
330
61
100
AcDbEntity
  8
1_ANYTOOL_1MMDEEP_LABELS_S
100
AcDbVertex
100
AcDb2dVertex
 10
186.4714285714217
 20
53.82882380462252
 30
0.0
  0
VERTEX
  5
63
330
61
100
AcDbEntity
  8
1_ANYTOOL_1MMDEEP_LABELS_S
100
AcDbVertex
100
AcDb2dVertex
 10
168.8142857142811
 20
53.82882380462252
 30
0.0
  0
VERTEX
  5
64
330
61
100
AcDbEntity
  8
1_ANYTOOL_1MMDEEP_LABELS_S
100
AcDbVertex
100
AcDb2dVertex
 10
168.8142857142811
 20
23.82882380462252
 30
0.0
  0
SEQEND
  5
65
330
61
100
AcDbEntity
  8
1_ANYTOOL_1MMDEEP_LABELS_S
  0
LINE
  5
66
330
1F
100
AcDbEntity
  8
1_ANYTOOL_1MMDEEP_LABELS_S
100
AcDbLine
 10
165.2142857142753
 20
53.35739523319353
 30
0.0
 11
148.0285714285637
 21
22.58596666176891
 31
0.0
  0
POLYLINE
  5
67
330
1F
100
AcDbEntity
  8
1_ANYTOOL_1MMDEEP_LABELS_S
100
AcDb2dPolyline
 66
     1
 10
0.0
 20
0.0
 30
0.0
  0
VERTEX
  5
68
330
67
100
AcDbEntity
  8
1_ANYTOOL_1MMDEEP_LABELS_S
100
AcDbVertex
100
AcDb2dVertex
 10
124.8428571428522
 20
28.58596666176891
 30
0.0
  0
VERTEX
  5
69
330
67
100
AcDbEntity
  8
1_ANYTOOL_1MMDEEP_LABELS_S
100
AcDbVertex
100
AcDb2dVertex
 10
125.0514090401733
 20
28.29329088051869
 30
0.0
  0
VERTEX
  5
6A
330
67
100
AcDbEntity
  8
1_ANYTOOL_1MMDEEP_LABELS_S
100
AcDbVertex
100
AcDb2dVertex
 10
125.2645647321374
 20
28.00990639391134
 30
0.0
  0
VERTEX
  5
6B
330
67
100
AcDbEntity
  8
1_ANYTOOL_1MMDEEP_LABELS_S
100
AcDbVertex
100
AcDb2dVertex
 10
125.4823242187443
 20
27.73581320194685
 30
0.0
  0
VERTEX
  5
6C
330
67
100
AcDbEntity
  8
1_ANYTOOL_1MMDEEP_LABELS_S
100
AcDbVertex
100
AcDb2dVertex
 10
125.7046874999941
 20
27.47101130462522
 30
0.0
  0
VERTEX
  5
6D
330
67
100
AcDbEntity
  8
1_ANYTOOL_1MMDEEP_LABELS_S
100
AcDbVertex
100
AcDb2dVertex
 10
125.9316545758867
 20
27.21550070194646
 30
0.0
  0
VERTEX
  5
6E
330
67
100
AcDbEntity
  8
1_ANYTOOL_1MMDEEP_LABELS_S
100
AcDbVertex
100
AcDb2dVertex
 10
126.1632254464223
 20
26.96928139391056
 30
0.0
  0
VERTEX
  5
6F
330
67
100
AcDbEntity
  8
1_ANYTOOL_1MMDEEP_LABELS_S
100
AcDbVertex
100
AcDb2dVertex
 10
126.3994001116007
 20
26.73235338051753
 30
0.0
  0
VERTEX
  5
70
330
67
100
AcDbEntity
  8
1_ANYTOOL_1MMDEEP_LABELS_S
100
AcDbVertex
100
AcDb2dVertex
 10
126.640178571422
 20
26.50471666176736
 30
0.0
  0
VERTEX
  5
71
330
67
100
AcDbEntity
  8
1_ANYTOOL_1MMDEEP_LABELS_S
100
AcDbVertex
100
AcDb2dVertex
 10
126.8855608258862
 20
26.28637123766006
 30
0.0
  0
VERTEX
  5
72
330
67
100
AcDbEntity
  8
1_ANYTOOL_1MMDEEP_LABELS_S
100
AcDbVertex
100
AcDb2dVertex
 10
127.1355468749932
 20
26.07731710819561
 30
0.0
  0
VERTEX
  5
73
330
67
100
AcDbEntity
  8
1_ANYTOOL_1MMDEEP_LABELS_S
100
AcDbVertex
100
AcDb2dVertex
 10
127.3901367187431
 20
25.87755427337404
 30
0.0
  0
VERTEX
  5
74
330
67
100
AcDbEntity
  8
1_ANYTOOL_1MMDEEP_LABELS_S
100
AcDbVertex
100
AcDb2dVertex
 10
127.6493303571359
 20
25.68708273319533
 30
0.0
  0
VERTEX
  5
75
330
67
100
AcDbEntity
  8
1_ANYTOOL_1MMDEEP_LABELS_S
100
AcDbVertex
100
AcDb2dVertex
 10
127.9131277901716
 20
25.50590248765948
 30
0.0
  0
VERTEX
  5
76
330
67
100
AcDbEntity
  8
1_ANYTOOL_1MMDEEP_LABELS_S
100
AcDbVertex
100
AcDb2dVertex
 10
128.1815290178501
 20
25.33401353676649
 30
0.0
  0
VERTEX
  5
77
330
67
100
AcDbEntity
  8
1_ANYTOOL_1MMDEEP_LABELS_S
100
AcDbVertex
100
AcDb2dVertex
 10
128.4545340401716
 20
25.17141588051637
 30
0.0
  0
VERTEX
  5
78
330
67
100
AcDbEntity
  8
1_ANYTOOL_1MMDEEP_LABELS_S
100
AcDbVertex
100
AcDb2dVertex
 10
128.7321428571358
 20
25.01810951890911
 30
0.0
  0
VERTEX
  5
79
330
67
100
AcDbEntity
  8
1_ANYTOOL_1MMDEEP_LABELS_S
100
AcDbVertex
100
AcDb2dVertex
 10
129.014355468743
 20
24.87409445194472
 30
0.0
  0
VERTEX
  5
7A
330
67
100
AcDbEntity
  8
1_ANYTOOL_1MMDEEP_LABELS_S
100
AcDbVertex
100
AcDb2dVertex
 10
129.3011718749931
 20
24.73937067962319
 30
0.0
  0
VERTEX
  5
7B
330
67
100
AcDbEntity
  8
1_ANYTOOL_1MMDEEP_LABELS_S
100
AcDbVertex
100
AcDb2dVertex
 10
129.592592075886
 20
24.61393820194453
 30
0.0
  0
VERTEX
  5
7C
330
67
100
AcDbEntity
  8
1_ANYTOOL_1MMDEEP_LABELS_S
100
AcDbVertex
100
AcDb2dVertex
 10
129.8886160714218
 20
24.49779701890873
 30
0.0
  0
VERTEX
  5
7D
330
67
100
AcDbEntity
  8
1_ANYTOOL_1MMDEEP_LABELS_S
100
AcDbVertex
100
AcDb2dVertex
 10
130.1892438616005
 20
24.39094713051579
 30
0.0
  0
VERTEX
  5
7E
330
67
100
AcDbEntity
  8
1_ANYTOOL_1MMDEEP_LABELS_S
100
AcDbVertex
100
AcDb2dVertex
 10
130.494475446422
 20
24.29338853676572
 30
0.0
  0
VERTEX
  5
7F
330
67
100
AcDbEntity
  8
1_ANYTOOL_1MMDEEP_LABELS_S
100
AcDbVertex
100
AcDb2dVertex
 10
130.8043108258864
 20
24.20512123765851
 30
0.0
  0
VERTEX
  5
80
330
67
100
AcDbEntity
  8
1_ANYTOOL_1MMDEEP_LABELS_S
100
AcDbVertex
100
AcDb2dVertex
 10
131.1187499999937
 20
24.12614523319417
 30
0.0
  0
VERTEX
  5
81
330
67
100
AcDbEntity
  8
1_ANYTOOL_1MMDEEP_LABELS_S
100
AcDbVertex
100
AcDb2dVertex
 10
131.4377929687439
 20
24.05646052337269
 30
0.0
  0
VERTEX
  5
82
330
67
100
AcDbEntity
  8
1_ANYTOOL_1MMDEEP_LABELS_S
100
AcDbVertex
100
AcDb2dVertex
 10
131.7614397321369
 20
23.99606710819407
 30
0.0
  0
VERTEX
  5
83
330
67
100
AcDbEntity
  8
1_ANYTOOL_1MMDEEP_LABELS_S
100
AcDbVertex
100
AcDb2dVertex
 10
132.0896902901729
 20
23.94496498765832
 30
0.0
  0
VERTEX
  5
84
330
67
100
AcDbEntity
  8
1_ANYTOOL_1MMDEEP_LABELS_S
100
AcDbVertex
100
AcDb2dVertex
 10
132.4225446428517
 20
23.90315416176543
 30
0.0
  0
VERTEX
  5
85
330
67
100
AcDbEntity
  8
1_ANYTOOL_1MMDEEP_LABELS_S
100
AcDbVertex
100
AcDb2dVertex
 10
132.7600027901734
 20
23.8706346305154
 30
0.0
  0
VERTEX
  5
86
330
67
100
AcDbEntity
  8
1_ANYTOOL_1MMDEEP_LABELS_S
100
AcDbVertex
100
AcDb2dVertex
 10
133.1020647321379
 20
23.84740639390824
 30
0.0
  0
VERTEX
  5
87
330
67
100
AcDbEntity
  8
1_ANYTOOL_1MMDEEP_LABELS_S
100
AcDbVertex
100
AcDb2dVertex
 10
133.4487304687453
 20
23.83346945194395
 30
0.0
  0
VERTEX
  5
88
330
67
100
AcDbEntity
  8
1_ANYTOOL_1MMDEEP_LABELS_S
100
AcDbVertex
100
AcDb2dVertex
 10
133.7999999999956
 20
23.82882380462252
 30
0.0
  0
VERTEX
  5
89
330
67
100
AcDbEntity
  8
1_ANYTOOL_1MMDEEP_LABELS_S
100
AcDbVertex
100
AcDb2dVertex
 10
134.2145089285665
 20
23.83284166176537
 30
0.0
  0
VERTEX
  5
8A
330
67
100
AcDbEntity
  8
1_ANYTOOL_1MMDEEP_LABELS_S
100
AcDbVertex
100
AcDb2dVertex
 10
134.6223214285659
 20
23.84489523319394
 30
0.0
  0
VERTEX
  5
8B
330
67
100
AcDbEntity
  8
1_ANYTOOL_1MMDEEP_LABELS_S
100
AcDbVertex
100
AcDb2dVertex
 10
135.0234374999939
 20
23.86498451890822
 30
0.0
  0
VERTEX
  5
8C
330
67
100
AcDbEntity
  8
1_ANYTOOL_1MMDEEP_LABELS_S
100
AcDbVertex
100
AcDb2dVertex
 10
135.4178571428506
 20
23.8931095189082
 30
0.0
  0
VERTEX
  5
8D
330
67
100
AcDbEntity
  8
1_ANYTOOL_1MMDEEP_LABELS_S
100
AcDbVertex
100
AcDb2dVertex
 10
135.8055803571359
 20
23.9292702331939
 30
0.0
  0
VERTEX
  5
8E
330
67
100
AcDbEntity
  8
1_ANYTOOL_1MMDEEP_LABELS_S
100
AcDbVertex
100
AcDb2dVertex
 10
136.1866071428498
 20
23.97346666176531
 30
0.0
  0
VERTEX
  5
8F
330
67
100
AcDbEntity
  8
1_ANYTOOL_1MMDEEP_LABELS_S
100
AcDbVertex
100
AcDb2dVertex
 10
136.5609374999923
 20
24.02569880462244
 30
0.0
  0
VERTEX
  5
90
330
67
100
AcDbEntity
  8
1_ANYTOOL_1MMDEEP_LABELS_S
100
AcDbVertex
100
AcDb2dVertex
 10
136.9285714285634
 20
24.08596666176527
 30
0.0
  0
VERTEX
  5
91
330
67
100
AcDbEntity
  8
1_ANYTOOL_1MMDEEP_LABELS_S
100
AcDbVertex
100
AcDb2dVertex
 10
137.2895089285631
 20
24.15427023319381
 30
0.0
  0
VERTEX
  5
92
330
67
100
AcDbEntity
  8
1_ANYTOOL_1MMDEEP_LABELS_S
100
AcDbVertex
100
AcDb2dVertex
 10
137.6437499999914
 20
24.23060951890807
 30
0.0
  0
VERTEX
  5
93
330
67
100
AcDbEntity
  8
1_ANYTOOL_1MMDEEP_LABELS_S
100
AcDbVertex
100
AcDb2dVertex
 10
137.9912946428484
 20
24.31498451890803
 30
0.0
  0
VERTEX
  5
94
330
67
100
AcDbEntity
  8
1_ANYTOOL_1MMDEEP_LABELS_S
100
AcDbVertex
100
AcDb2dVertex
 10
138.3321428571339
 20
24.40739523319371
 30
0.0
  0
VERTEX
  5
95
330
67
100
AcDbEntity
  8
1_ANYTOOL_1MMDEEP_LABELS_S
100
AcDbVertex
100
AcDb2dVertex
 10
138.6662946428481
 20
24.5078416617651
 30
0.0
  0
VERTEX
  5
96
330
67
100
AcDbEntity
  8
1_ANYTOOL_1MMDEEP_LABELS_S
100
AcDbVertex
100
AcDb2dVertex
 10
138.9937499999909
 20
24.6163238046222
 30
0.0
  0
VERTEX
  5
97
330
67
100
AcDbEntity
  8
1_ANYTOOL_1MMDEEP_LABELS_S
100
AcDbVertex
100
AcDb2dVertex
 10
139.3145089285623
 20
24.73284166176501
 30
0.0
  0
VERTEX
  5
98
330
67
100
AcDbEntity
  8
1_ANYTOOL_1MMDEEP_LABELS_S
100
AcDbVertex
100
AcDb2dVertex
 10
139.6285714285623
 20
24.85739523319353
 30
0.0
  0
VERTEX
  5
99
330
67
100
AcDbEntity
  8
1_ANYTOOL_1MMDEEP_LABELS_S
100
AcDbVertex
100
AcDb2dVertex
 10
139.7856445312408
 20
24.92645215283633
 30
0.0
  0
VERTEX
  5
9A
330
67
100
AcDbEntity
  8
1_ANYTOOL_1MMDEEP_LABELS_S
100
AcDbVertex
100
AcDb2dVertex
 10
139.9407924107051
 20
24.99969434033628
 30
0.0
  0
VERTEX
  5
9B
330
67
100
AcDbEntity
  8
1_ANYTOOL_1MMDEEP_LABELS_S
100
AcDbVertex
100
AcDb2dVertex
 10
140.0940150669551
 20
25.07712179569338
 30
0.0
  0
VERTEX
  5
9C
330
67
100
AcDbEntity
  8
1_ANYTOOL_1MMDEEP_LABELS_S
100
AcDbVertex
100
AcDb2dVertex
 10
140.2453124999907
 20
25.15873451890764
 30
0.0
  0
VERTEX
  5
9D
330
67
100
AcDbEntity
  8
1_ANYTOOL_1MMDEEP_LABELS_S
100
AcDbVertex
100
AcDb2dVertex
 10
140.3946847098122
 20
25.24453250997905
 30
0.0
  0
VERTEX
  5
9E
330
67
100
AcDbEntity
  8
1_ANYTOOL_1MMDEEP_LABELS_S
100
AcDbVertex
100
AcDb2dVertex
 10
140.5421316964193
 20
25.33451576890761
 30
0.0
  0
VERTEX
  5
9F
330
67
100
AcDbEntity
  8
1_ANYTOOL_1MMDEEP_LABELS_S
100
AcDbVertex
100
AcDb2dVertex
 10
140.6876534598121
 20
25.42868429569332
 30
0.0
  0
VERTEX
  5
A0
330
67
100
AcDbEntity
  8
1_ANYTOOL_1MMDEEP_LABELS_S
100
AcDbVertex
100
AcDb2dVertex
 10
140.8312499999906
 20
25.52703809033619
 30
0.0
  0
VERTEX
  5
A1
330
67
100
AcDbEntity
  8
1_ANYTOOL_1MMDEEP_LABELS_S
100
AcDbVertex
100
AcDb2dVertex
 10
140.9729213169549
 20
25.62957715283621
 30
0.0
  0
VERTEX
  5
A2
330
67
100
AcDbEntity
  8
1_ANYTOOL_1MMDEEP_LABELS_S
100
AcDbVertex
100
AcDb2dVertex
 10
141.1126674107049
 20
25.73630148319339
 30
0.0
  0
VERTEX
  5
A3
330
67
100
AcDbEntity
  8
1_ANYTOOL_1MMDEEP_LABELS_S
100
AcDbVertex
100
AcDb2dVertex
 10
141.2504882812406
 20
25.84721108140771
 30
0.0
  0
VERTEX
  5
A4
330
67
100
AcDbEntity
  8
1_ANYTOOL_1MMDEEP_LABELS_S
100
AcDbVertex
100
AcDb2dVertex
 10
141.3863839285619
 20
25.96230594747919
 30
0.0
  0
VERTEX
  5
A5
330
67
100
AcDbEntity
  8
1_ANYTOOL_1MMDEEP_LABELS_S
100
AcDbVertex
100
AcDb2dVertex
 10
141.5203543526691
 20
26.08158608140783
 30
0.0
  0
VERTEX
  5
A6
330
67
100
AcDbEntity
  8
1_ANYTOOL_1MMDEEP_LABELS_S
100
AcDbVertex
100
AcDb2dVertex
 10
141.6523995535619
 20
26.20505148319361
 30
0.0
  0
VERTEX
  5
A7
330
67
100
AcDbEntity
  8
1_ANYTOOL_1MMDEEP_LABELS_S
100
AcDbVertex
100
AcDb2dVertex
 10
141.7825195312404
 20
26.33270215283655
 30
0.0
  0
VERTEX
  5
A8
330
67
100
AcDbEntity
  8
1_ANYTOOL_1MMDEEP_LABELS_S
100
AcDbVertex
100
AcDb2dVertex
 10
141.9107142857047
 20
26.46453809033665
 30
0.0
  0
VERTEX
  5
A9
330
67
100
AcDbEntity
  8
1_ANYTOOL_1MMDEEP_LABELS_S
100
AcDbVertex
100
AcDb2dVertex
 10
142.0369838169546
 20
26.60055929569389
 30
0.0
  0
VERTEX
  5
AA
330
67
100
AcDbEntity
  8
1_ANYTOOL_1MMDEEP_LABELS_S
100
AcDbVertex
100
AcDb2dVertex
 10
142.1613281249903
 20
26.74076576890829
 30
0.0
  0
VERTEX
  5
AB
330
67
100
AcDbEntity
  8
1_ANYTOOL_1MMDEEP_LABELS_S
100
AcDbVertex
100
AcDb2dVertex
 10
142.2837472098117
 20
26.88515750997984
 30
0.0
  0
VERTEX
  5
AC
330
67
100
AcDbEntity
  8
1_ANYTOOL_1MMDEEP_LABELS_S
100
AcDbVertex
100
AcDb2dVertex
 10
142.4042410714188
 20
27.03373451890855
 30
0.0
  0
VERTEX
  5
AD
330
67
100
AcDbEntity
  8
1_ANYTOOL_1MMDEEP_LABELS_S
100
AcDbVertex
100
AcDb2dVertex
 10
142.5228097098117
 20
27.1864967956944
 30
0.0
  0
VERTEX
  5
AE
330
67
100
AcDbEntity
  8
1_ANYTOOL_1MMDEEP_LABELS_S
100
AcDbVertex
100
AcDb2dVertex
 10
142.6394531249902
 20
27.34344434033741
 30
0.0
  0
VERTEX
  5
AF
330
67
100
AcDbEntity
  8
1_ANYTOOL_1MMDEEP_LABELS_S
100
AcDbVertex
100
AcDb2dVertex
 10
142.7541713169544
 20
27.50457715283758
 30
0.0
  0
VERTEX
  5
B0
330
67
100
AcDbEntity
  8
1_ANYTOOL_1MMDEEP_LABELS_S
100
AcDbVertex
100
AcDb2dVertex
 10
142.8669642857044
 20
27.66989523319489
 30
0.0
  0
VERTEX
  5
B1
330
67
100
AcDbEntity
  8
1_ANYTOOL_1MMDEEP_LABELS_S
100
AcDbVertex
100
AcDb2dVertex
 10
142.9778320312401
 20
27.83939858140936
 30
0.0
  0
VERTEX
  5
B2
330
67
100
AcDbEntity
  8
1_ANYTOOL_1MMDEEP_LABELS_S
100
AcDbVertex
100
AcDb2dVertex
 10
143.0867745535615
 20
28.01308719748098
 30
0.0
  0
VERTEX
  5
B3
330
67
100
AcDbEntity
  8
1_ANYTOOL_1MMDEEP_LABELS_S
100
AcDbVertex
100
AcDb2dVertex
 10
143.1937918526686
 20
28.19096108140976
 30
0.0
  0
VERTEX
  5
B4
330
67
100
AcDbEntity
  8
1_ANYTOOL_1MMDEEP_LABELS_S
100
AcDbVertex
100
AcDb2dVertex
 10
143.2988839285614
 20
28.37302023319569
 30
0.0
  0
VERTEX
  5
B5
330
67
100
AcDbEntity
  8
1_ANYTOOL_1MMDEEP_LABELS_S
100
AcDbVertex
100
AcDb2dVertex
 10
143.5032924107042
 20
28.749694340339
 30
0.0
  0
VERTEX
  5
B6
330
67
100
AcDbEntity
  8
1_ANYTOOL_1MMDEEP_LABELS_S
100
AcDbVertex
100
AcDb2dVertex
 10
143.6999999999898
 20
29.14310951891093
 30
0.0
  0
VERTEX
  5
B7
330
67
100
AcDbEntity
  8
1_ANYTOOL_1MMDEEP_LABELS_S
100
AcDbVertex
100
AcDb2dVertex
 10
143.8141741071328
 20
29.38920326891096
 30
0.0
  0
VERTEX
  5
B8
330
67
100
AcDbEntity
  8
1_ANYTOOL_1MMDEEP_LABELS_S
100
AcDbVertex
100
AcDb2dVertex
 10
143.9209821428472
 20
29.6346273760538
 30
0.0
  0
VERTEX
  5
B9
330
67
100
AcDbEntity
  8
1_ANYTOOL_1MMDEEP_LABELS_S
100
AcDbVertex
100
AcDb2dVertex
 10
144.020424107133
 20
29.87938184033945
 30
0.0
  0
VERTEX
  5
BA
330
67
100
AcDbEntity
  8
1_ANYTOOL_1MMDEEP_LABELS_S
100
AcDbVertex
100
AcDb2dVertex
 10
144.1124999999902
 20
30.12346666176791
 30
0.0
  0
VERTEX
  5
BB
330
67
100
AcDbEntity
  8
1_ANYTOOL_1MMDEEP_LABELS_S
100
AcDbVertex
100
AcDb2dVertex
 10
144.1972098214188
 20
30.36688184033918
 30
0.0
  0
VERTEX
  5
BC
330
67
100
AcDbEntity
  8
1_ANYTOOL_1MMDEEP_LABELS_S
100
AcDbVertex
100
AcDb2dVertex
 10
144.2745535714189
 20
30.60962737605325
 30
0.0
  0
VERTEX
  5
BD
330
67
100
AcDbEntity
  8
1_ANYTOOL_1MMDEEP_LABELS_S
100
AcDbVertex
100
AcDb2dVertex
 10
144.3445312499904
 20
30.85170326891014
 30
0.0
  0
VERTEX
  5
BE
330
67
100
AcDbEntity
  8
1_ANYTOOL_1MMDEEP_LABELS_S
100
AcDbVertex
100
AcDb2dVertex
 10
144.4071428571333
 20
31.09310951890984
 30
0.0
  0
VERTEX
  5
BF
330
67
100
AcDbEntity
  8
1_ANYTOOL_1MMDEEP_LABELS_S
100
AcDbVertex
100
AcDb2dVertex
 10
144.4623883928476
 20
31.33384612605235
 30
0.0
  0
VERTEX
  5
C0
330
67
100
AcDbEntity
  8
1_ANYTOOL_1MMDEEP_LABELS_S
100
AcDbVertex
100
AcDb2dVertex
 10
144.5102678571334
 20
31.57391309033767
 30
0.0
  0
VERTEX
  5
C1
330
67
100
AcDbEntity
  8
1_ANYTOOL_1MMDEEP_LABELS_S
100
AcDbVertex
100
AcDb2dVertex
 10
144.5507812499906
 20
31.8133104117658
 30
0.0
  0
VERTEX
  5
C2
330
67
100
AcDbEntity
  8
1_ANYTOOL_1MMDEEP_LABELS_S
100
AcDbVertex
100
AcDb2dVertex
 10
144.5839285714192
 20
32.05203809033674
 30
0.0
  0
VERTEX
  5
C3
330
67
100
AcDbEntity
  8
1_ANYTOOL_1MMDEEP_LABELS_S
100
AcDbVertex
100
AcDb2dVertex
 10
144.6097098214192
 20
32.29009612605049
 30
0.0
  0
VERTEX
  5
C4
330
67
100
AcDbEntity
  8
1_ANYTOOL_1MMDEEP_LABELS_S
100
AcDbVertex
100
AcDb2dVertex
 10
144.6281249999906
 20
32.52748451890704
 30
0.0
  0
VERTEX
  5
C5
330
67
100
AcDbEntity
  8
1_ANYTOOL_1MMDEEP_LABELS_S
100
AcDbVertex
100
AcDb2dVertex
 10
144.6391741071335
 20
32.76420326890641
 30
0.0
  0
VERTEX
  5
C6
330
67
100
AcDbEntity
  8
1_ANYTOOL_1MMDEEP_LABELS_S
100
AcDbVertex
100
AcDb2dVertex
 10
144.6428571428478
 20
33.00025237604859
 30
0.0
  0
VERTEX
  5
C7
330
67
100
AcDbEntity
  8
1_ANYTOOL_1MMDEEP_LABELS_S
100
AcDbVertex
100
AcDb2dVertex
 10
144.6405133928478
 20
33.26677023319164
 30
0.0
  0
VERTEX
  5
C8
330
67
100
AcDbEntity
  8
1_ANYTOOL_1MMDEEP_LABELS_S
100
AcDbVertex
100
AcDb2dVertex
 10
144.6334821428478
 20
33.53060951890612
 30
0.0
  0
VERTEX
  5
C9
330
67
100
AcDbEntity
  8
1_ANYTOOL_1MMDEEP_LABELS_S
100
AcDbVertex
100
AcDb2dVertex
 10
144.6217633928478
 20
33.79177023319202
 30
0.0
  0
VERTEX
  5
CA
330
67
100
AcDbEntity
  8
1_ANYTOOL_1MMDEEP_LABELS_S
100
AcDbVertex
100
AcDb2dVertex
 10
144.6053571428478
 20
34.05025237604934
 30
0.0
  0
VERTEX
  5
CB
330
67
100
AcDbEntity
  8
1_ANYTOOL_1MMDEEP_LABELS_S
100
AcDbVertex
100
AcDb2dVertex
 10
144.5842633928477
 20
34.30605594747809
 30
0.0
  0
VERTEX
  5
CC
330
67
100
AcDbEntity
  8
1_ANYTOOL_1MMDEEP_LABELS_S
100
AcDbVertex
100
AcDb2dVertex
 10
144.5584821428477
 20
34.55918094747827
 30
0.0
  0
VERTEX
  5
CD
330
67
100
AcDbEntity
  8
1_ANYTOOL_1MMDEEP_LABELS_S
100
AcDbVertex
100
AcDb2dVertex
 10
144.5280133928477
 20
34.80962737604987
 30
0.0
  0
VERTEX
  5
CE
330
67
100
AcDbEntity
  8
1_ANYTOOL_1MMDEEP_LABELS_S
100
AcDbVertex
100
AcDb2dVertex
 10
144.4928571428477
 20
35.05739523319289
 30
0.0
  0
VERTEX
  5
CF
330
67
100
AcDbEntity
  8
1_ANYTOOL_1MMDEEP_LABELS_S
100
AcDbVertex
100
AcDb2dVertex
 10
144.4530133928477
 20
35.30248451890734
 30
0.0
  0
VERTEX
  5
D0
330
67
100
AcDbEntity
  8
1_ANYTOOL_1MMDEEP_LABELS_S
100
AcDbVertex
100
AcDb2dVertex
 10
144.4084821428476
 20
35.54489523319322
 30
0.0
  0
VERTEX
  5
D1
330
67
100
AcDbEntity
  8
1_ANYTOOL_1MMDEEP_LABELS_S
100
AcDbVertex
100
AcDb2dVertex
 10
144.3592633928476
 20
35.78462737605052
 30
0.0
  0
VERTEX
  5
D2
330
67
100
AcDbEntity
  8
1_ANYTOOL_1MMDEEP_LABELS_S
100
AcDbVertex
100
AcDb2dVertex
 10
144.3053571428476
 20
36.02168094747924
 30
0.0
  0
VERTEX
  5
D3
330
67
100
AcDbEntity
  8
1_ANYTOOL_1MMDEEP_LABELS_S
100
AcDbVertex
100
AcDb2dVertex
 10
144.2467633928475
 20
36.25605594747939
 30
0.0
  0
VERTEX
  5
D4
330
67
100
AcDbEntity
  8
1_ANYTOOL_1MMDEEP_LABELS_S
100
AcDbVertex
100
AcDb2dVertex
 10
144.1834821428475
 20
36.48775237605096
 30
0.0
  0
VERTEX
  5
D5
330
67
100
AcDbEntity
  8
1_ANYTOOL_1MMDEEP_LABELS_S
100
AcDbVertex
100
AcDb2dVertex
 10
144.1155133928475
 20
36.71677023319396
 30
0.0
  0
VERTEX
  5
D6
330
67
100
AcDbEntity
  8
1_ANYTOOL_1MMDEEP_LABELS_S
100
AcDbVertex
100
AcDb2dVertex
 10
144.0428571428474
 20
36.94310951890839
 30
0.0
  0
VERTEX
  5
D7
330
67
100
AcDbEntity
  8
1_ANYTOOL_1MMDEEP_LABELS_S
100
AcDbVertex
100
AcDb2dVertex
 10
143.9655133928474
 20
37.16677023319424
 30
0.0
  0
VERTEX
  5
D8
330
67
100
AcDbEntity
  8
1_ANYTOOL_1MMDEEP_LABELS_S
100
AcDbVertex
100
AcDb2dVertex
 10
143.8834821428473
 20
37.38775237605151
 30
0.0
  0
VERTEX
  5
D9
330
67
100
AcDbEntity
  8
1_ANYTOOL_1MMDEEP_LABELS_S
100
AcDbVertex
100
AcDb2dVertex
 10
143.7967633928473
 20
37.60605594748021
 30
0.0
  0
VERTEX
  5
DA
330
67
100
AcDbEntity
  8
1_ANYTOOL_1MMDEEP_LABELS_S
100
AcDbVertex
100
AcDb2dVertex
 10
143.7053571428472
 20
37.82168094748033
 30
0.0
  0
VERTEX
  5
DB
330
67
100
AcDbEntity
  8
1_ANYTOOL_1MMDEEP_LABELS_S
100
AcDbVertex
100
AcDb2dVertex
 10
143.6092633928471
 20
38.03462737605188
 30
0.0
  0
VERTEX
  5
DC
330
67
100
AcDbEntity
  8
1_ANYTOOL_1MMDEEP_LABELS_S
100
AcDbVertex
100
AcDb2dVertex
 10
143.5084821428471
 20
38.24489523319485
 30
0.0
  0
VERTEX
  5
DD
330
67
100
AcDbEntity
  8
1_ANYTOOL_1MMDEEP_LABELS_S
100
AcDbVertex
100
AcDb2dVertex
 10
143.403013392847
 20
38.45248451890925
 30
0.0
  0
VERTEX
  5
DE
330
67
100
AcDbEntity
  8
1_ANYTOOL_1MMDEEP_LABELS_S
100
AcDbVertex
100
AcDb2dVertex
 10
143.292857142847
 20
38.65739523319507
 30
0.0
  0
VERTEX
  5
DF
330
67
100
AcDbEntity
  8
1_ANYTOOL_1MMDEEP_LABELS_S
100
AcDbVertex
100
AcDb2dVertex
 10
143.1780133928469
 20
38.85962737605232
 30
0.0
  0
VERTEX
  5
E0
330
67
100
AcDbEntity
  8
1_ANYTOOL_1MMDEEP_LABELS_S
100
AcDbVertex
100
AcDb2dVertex
 10
143.0584821428468
 20
39.059180947481
 30
0.0
  0
VERTEX
  5
E1
330
67
100
AcDbEntity
  8
1_ANYTOOL_1MMDEEP_LABELS_S
100
AcDbVertex
100
AcDb2dVertex
 10
142.9342633928467
 20
39.25605594748109
 30
0.0
  0
VERTEX
  5
E2
330
67
100
AcDbEntity
  8
1_ANYTOOL_1MMDEEP_LABELS_S
100
AcDbVertex
100
AcDb2dVertex
 10
142.8053571428467
 20
39.45025237605262
 30
0.0
  0
VERTEX
  5
E3
330
67
100
AcDbEntity
  8
1_ANYTOOL_1MMDEEP_LABELS_S
100
AcDbVertex
100
AcDb2dVertex
 10
142.6717633928466
 20
39.64177023319557
 30
0.0
  0
VERTEX
  5
E4
330
67
100
AcDbEntity
  8
1_ANYTOOL_1MMDEEP_LABELS_S
100
AcDbVertex
100
AcDb2dVertex
 10
142.5334821428465
 20
39.83060951890994
 30
0.0
  0
VERTEX
  5
E5
330
67
100
AcDbEntity
  8
1_ANYTOOL_1MMDEEP_LABELS_S
100
AcDbVertex
100
AcDb2dVertex
 10
142.3905133928464
 20
40.01677023319574
 30
0.0
  0
VERTEX
  5
E6
330
67
100
AcDbEntity
  8
1_ANYTOOL_1MMDEEP_LABELS_S
100
AcDbVertex
100
AcDb2dVertex
 10
142.2428571428463
 20
40.20025237605296
 30
0.0
  0
VERTEX
  5
E7
330
67
100
AcDbEntity
  8
1_ANYTOOL_1MMDEEP_LABELS_S
100
AcDbVertex
100
AcDb2dVertex
 10
142.0907645089181
 20
40.37954925105304
 30
0.0
  0
VERTEX
  5
E8
330
67
100
AcDbEntity
  8
1_ANYTOOL_1MMDEEP_LABELS_S
100
AcDbVertex
100
AcDb2dVertex
 10
141.9344866071328
 20
40.5531541617674
 30
0.0
  0
VERTEX
  5
E9
330
67
100
AcDbEntity
  8
1_ANYTOOL_1MMDEEP_LABELS_S
100
AcDbVertex
100
AcDb2dVertex
 10
141.7740234374903
 20
40.72106710819604
 30
0.0
  0
VERTEX
  5
EA
330
67
100
AcDbEntity
  8
1_ANYTOOL_1MMDEEP_LABELS_S
100
AcDbVertex
100
AcDb2dVertex
 10
141.6093749999906
 20
40.88328809033897
 30
0.0
  0
VERTEX
  5
EB
330
67
100
AcDbEntity
  8
1_ANYTOOL_1MMDEEP_LABELS_S
100
AcDbVertex
100
AcDb2dVertex
 10
141.4405412946338
 20
41.03981710819617
 30
0.0
  0
VERTEX
  5
EC
330
67
100
AcDbEntity
  8
1_ANYTOOL_1MMDEEP_LABELS_S
100
AcDbVertex
100
AcDb2dVertex
 10
141.2675223214198
 20
41.19065416176767
 30
0.0
  0
VERTEX
  5
ED
330
67
100
AcDbEntity
  8
1_ANYTOOL_1MMDEEP_LABELS_S
100
AcDbVertex
100
AcDb2dVertex
 10
141.0903180803486
 20
41.33579925105344
 30
0.0
  0
VERTEX
  5
EE
330
67
100
AcDbEntity
  8
1_ANYTOOL_1MMDEEP_LABELS_S
100
AcDbVertex
100
AcDb2dVertex
 10
140.9089285714203
 20
41.4752523760535
 30
0.0
  0
VERTEX
  5
EF
330
67
100
AcDbEntity
  8
1_ANYTOOL_1MMDEEP_LABELS_S
100
AcDbVertex
100
AcDb2dVertex
 10
140.7233537946349
 20
41.60901353676785
 30
0.0
  0
VERTEX
  5
F0
330
67
100
AcDbEntity
  8
1_ANYTOOL_1MMDEEP_LABELS_S
100
AcDbVertex
100
AcDb2dVertex
 10
140.5335937499923
 20
41.73708273319647
 30
0.0
  0
VERTEX
  5
F1
330
67
100
AcDbEntity
  8
1_ANYTOOL_1MMDEEP_LABELS_S
100
AcDbVertex
100
AcDb2dVertex
 10
140.3396484374926
 20
41.85945996533938
 30
0.0
  0
VERTEX
  5
F2
330
67
100
AcDbEntity
  8
1_ANYTOOL_1MMDEEP_LABELS_S
100
AcDbVertex
100
AcDb2dVertex
 10
140.1415178571357
 20
41.97614523319658
 30
0.0
  0
VERTEX
  5
F3
330
67
100
AcDbEntity
  8
1_ANYTOOL_1MMDEEP_LABELS_S
100
AcDbVertex
100
AcDb2dVertex
 10
139.9392020089217
 20
42.08713853676805
 30
0.0
  0
VERTEX
  5
F4
330
67
100
AcDbEntity
  8
1_ANYTOOL_1MMDEEP_LABELS_S
100
AcDbVertex
100
AcDb2dVertex
 10
139.7327008928504
 20
42.19243987605381
 30
0.0
  0
VERTEX
  5
F5
330
67
100
AcDbEntity
  8
1_ANYTOOL_1MMDEEP_LABELS_S
100
AcDbVertex
100
AcDb2dVertex
 10
139.5220145089221
 20
42.29204925105385
 30
0.0
  0
VERTEX
  5
F6
330
67
100
AcDbEntity
  8
1_ANYTOOL_1MMDEEP_LABELS_S
100
AcDbVertex
100
AcDb2dVertex
 10
139.3071428571366
 20
42.38596666176818
 30
0.0
  0
VERTEX
  5
F7
330
67
100
AcDbEntity
  8
1_ANYTOOL_1MMDEEP_LABELS_S
100
AcDbVertex
100
AcDb2dVertex
 10
139.0880859374939
 20
42.47419210819679
 30
0.0
  0
VERTEX
  5
F8
330
67
100
AcDbEntity
  8
1_ANYTOOL_1MMDEEP_LABELS_S
100
AcDbVertex
100
AcDb2dVertex
 10
138.8648437499941
 20
42.55672559033968
 30
0.0
  0
VERTEX
  5
F9
330
67
100
AcDbEntity
  8
1_ANYTOOL_1MMDEEP_LABELS_S
100
AcDbVertex
100
AcDb2dVertex
 10
138.6374162946371
 20
42.63356710819686
 30
0.0
  0
VERTEX
  5
FA
330
67
100
AcDbEntity
  8
1_ANYTOOL_1MMDEEP_LABELS_S
100
AcDbVertex
100
AcDb2dVertex
 10
138.405803571423
 20
42.70471666176832
 30
0.0
  0
VERTEX
  5
FB
330
67
100
AcDbEntity
  8
1_ANYTOOL_1MMDEEP_LABELS_S
100
AcDbVertex
100
AcDb2dVertex
 10
138.1700055803518
 20
42.77017425105406
 30
0.0
  0
VERTEX
  5
FC
330
67
100
AcDbEntity
  8
1_ANYTOOL_1MMDEEP_LABELS_S
100
AcDbVertex
100
AcDb2dVertex
 10
137.9300223214233
 20
42.82993987605408
 30
0.0
  0
VERTEX
  5
FD
330
67
100
AcDbEntity
  8
1_ANYTOOL_1MMDEEP_LABELS_S
100
AcDbVertex
100
AcDb2dVertex
 10
137.6858537946377
 20
42.88401353676839
 30
0.0
  0
VERTEX
  5
FE
330
67
100
AcDbEntity
  8
1_ANYTOOL_1MMDEEP_LABELS_S
100
AcDbVertex
100
AcDb2dVertex
 10
137.437499999995
 20
42.93239523319698
 30
0.0
  0
VERTEX
  5
FF
330
67
100
AcDbEntity
  8
1_ANYTOOL_1MMDEEP_LABELS_S
100
AcDbVertex
100
AcDb2dVertex
 10
137.1849609374951
 20
42.97508496533986
 30
0.0
  0
VERTEX
  5
100
330
67
100
AcDbEntity
  8
1_ANYTOOL_1MMDEEP_LABELS_S
100
AcDbVertex
100
AcDb2dVertex
 10
136.9282366071381
 20
43.01208273319702
 30
0.0
  0
VERTEX
  5
101
330
67
100
AcDbEntity
  8
1_ANYTOOL_1MMDEEP_LABELS_S
100
AcDbVertex
100
AcDb2dVertex
 10
136.6673270089239
 20
43.04338853676846
 30
0.0
  0
VERTEX
  5
102
330
67
100
AcDbEntity
  8
1_ANYTOOL_1MMDEEP_LABELS_S
100
AcDbVertex
100
AcDb2dVertex
 10
136.4022321428525
 20
43.06900237605419
 30
0.0
  0
VERTEX
  5
103
330
67
100
AcDbEntity
  8
1_ANYTOOL_1MMDEEP_LABELS_S
100
AcDbVertex
100
AcDb2dVertex
 10
136.1329520089241
 20
43.08892425105419
 30
0.0
  0
VERTEX
  5
104
330
67
100
AcDbEntity
  8
1_ANYTOOL_1MMDEEP_LABELS_S
100
AcDbVertex
100
AcDb2dVertex
 10
135.8594866071384
 20
43.10315416176849
 30
0.0
  0
VERTEX
  5
105
330
67
100
AcDbEntity
  8
1_ANYTOOL_1MMDEEP_LABELS_S
100
AcDbVertex
100
AcDb2dVertex
 10
135.5818359374956
 20
43.11169210819706
 30
0.0
  0
VERTEX
  5
106
330
67
100
AcDbEntity
  8
1_ANYTOOL_1MMDEEP_LABELS_S
100
AcDbVertex
100
AcDb2dVertex
 10
135.2999999999956
 20
43.11453809033992
 30
0.0
  0
VERTEX
  5
107
330
67
100
AcDbEntity
  8
1_ANYTOOL_1MMDEEP_LABELS_S
100
AcDbVertex
100
AcDb2dVertex
 10
134.9489397321382
 20
43.11001800105419
 30
0.0
  0
VERTEX
  5
108
330
67
100
AcDbEntity
  8
1_ANYTOOL_1MMDEEP_LABELS_S
100
AcDbVertex
100
AcDb2dVertex
 10
134.6029017857094
 20
43.09645773319698
 30
0.0
  0
VERTEX
  5
109
330
67
100
AcDbEntity
  8
1_ANYTOOL_1MMDEEP_LABELS_S
100
AcDbVertex
100
AcDb2dVertex
 10
134.2618861607092
 20
43.07385728676832
 30
0.0
  0
VERTEX
  5
10A
330
67
100
AcDbEntity
  8
1_ANYTOOL_1MMDEEP_LABELS_S
100
AcDbVertex
100
AcDb2dVertex
 10
133.9258928571376
 20
43.04221666176818
 30
0.0
  0
VERTEX
  5
10B
330
67
100
AcDbEntity
  8
1_ANYTOOL_1MMDEEP_LABELS_S
100
AcDbVertex
100
AcDb2dVertex
 10
133.5949218749946
 20
43.00153585819658
 30
0.0
  0
VERTEX
  5
10C
330
67
100
AcDbEntity
  8
1_ANYTOOL_1MMDEEP_LABELS_S
100
AcDbVertex
100
AcDb2dVertex
 10
133.2689732142802
 20
42.9518148760535
 30
0.0
  0
VERTEX
  5
10D
330
67
100
AcDbEntity
  8
1_ANYTOOL_1MMDEEP_LABELS_S
100
AcDbVertex
100
AcDb2dVertex
 10
132.9480468749944
 20
42.89305371533897
 30
0.0
  0
VERTEX
  5
10E
330
67
100
AcDbEntity
  8
1_ANYTOOL_1MMDEEP_LABELS_S
100
AcDbVertex
100
AcDb2dVertex
 10
132.6321428571373
 20
42.82525237605296
 30
0.0
  0
VERTEX
  5
10F
330
67
100
AcDbEntity
  8
1_ANYTOOL_1MMDEEP_LABELS_S
100
AcDbVertex
100
AcDb2dVertex
 10
132.3212611607088
 20
42.74841085819548
 30
0.0
  0
VERTEX
  5
110
330
67
100
AcDbEntity
  8
1_ANYTOOL_1MMDEEP_LABELS_S
100
AcDbVertex
100
AcDb2dVertex
 10
132.0154017857088
 20
42.66252916176654
 30
0.0
  0
VERTEX
  5
111
330
67
100
AcDbEntity
  8
1_ANYTOOL_1MMDEEP_LABELS_S
100
AcDbVertex
100
AcDb2dVertex
 10
131.7145647321375
 20
42.56760728676613
 30
0.0
  0
VERTEX
  5
112
330
67
100
AcDbEntity
  8
1_ANYTOOL_1MMDEEP_LABELS_S
100
AcDbVertex
100
AcDb2dVertex
 10
131.4187499999948
 20
42.46364523319426
 30
0.0
  0
VERTEX
  5
113
330
67
100
AcDbEntity
  8
1_ANYTOOL_1MMDEEP_LABELS_S
100
AcDbVertex
100
AcDb2dVertex
 10
131.1279575892807
 20
42.35064300105091
 30
0.0
  0
VERTEX
  5
114
330
67
100
AcDbEntity
  8
1_ANYTOOL_1MMDEEP_LABELS_S
100
AcDbVertex
100
AcDb2dVertex
 10
130.8421874999952
 20
42.2286005903361
 30
0.0
  0
VERTEX
  5
115
330
67
100
AcDbEntity
  8
1_ANYTOOL_1MMDEEP_LABELS_S
100
AcDbVertex
100
AcDb2dVertex
 10
130.5614397321384
 20
42.09751800104982
 30
0.0
  0
VERTEX
  5
116
330
67
100
AcDbEntity
  8
1_ANYTOOL_1MMDEEP_LABELS_S
100
AcDbVertex
100
AcDb2dVertex
 10
130.2857142857101
 20
41.95739523319207
 30
0.0
  0
VERTEX
  5
117
330
67
100
AcDbEntity
  8
1_ANYTOOL_1MMDEEP_LABELS_S
100
AcDbVertex
100
AcDb2dVertex
 10
129.7412946428519
 20
41.6640916617639
 30
0.0
  0
VERTEX
  5
118
330
67
100
AcDbEntity
  8
1_ANYTOOL_1MMDEEP_LABELS_S
100
AcDbVertex
100
AcDb2dVertex
 10
129.4705915178515
 20
41.50639076890695
 30
0.0
  0
VERTEX
  5
119
330
67
100
AcDbEntity
  8
1_ANYTOOL_1MMDEEP_LABELS_S
100
AcDbVertex
100
AcDb2dVertex
 10
129.2008928571368
 20
41.34132380462142
 30
0.0
  0
VERTEX
  5
11A
330
67
100
AcDbEntity
  8
1_ANYTOOL_1MMDEEP_LABELS_S
100
AcDbVertex
100
AcDb2dVertex
 10
128.9321986607078
 20
41.16889076890732
 30
0.0
  0
VERTEX
  5
11B
330
67
100
AcDbEntity
  8
1_ANYTOOL_1MMDEEP_LABELS_S
100
AcDbVertex
100
AcDb2dVertex
 10
128.6645089285646
 20
40.98909166176463
 30
0.0
  0
VERTEX
  5
11C
330
67
100
AcDbEntity
  8
1_ANYTOOL_1MMDEEP_LABELS_S
100
AcDbVertex
100
AcDb2dVertex
 10
128.3978236607072
 20
40.80192648319337
 30
0.0
  0
VERTEX
  5
11D
330
67
100
AcDbEntity
  8
1_ANYTOOL_1MMDEEP_LABELS_S
100
AcDbVertex
100
AcDb2dVertex
 10
128.1321428571355
 20
40.60739523319353
 30
0.0
  0
VERTEX
  5
11E
330
67
100
AcDbEntity
  8
1_ANYTOOL_1MMDEEP_LABELS_S
100
AcDbVertex
100
AcDb2dVertex
 10
127.8674665178496
 20
40.40549791176511
 30
0.0
  0
VERTEX
  5
11F
330
67
100
AcDbEntity
  8
1_ANYTOOL_1MMDEEP_LABELS_S
100
AcDbVertex
100
AcDb2dVertex
 10
127.6037946428494
 20
40.19623451890811
 30
0.0
  0
VERTEX
  5
120
330
67
100
AcDbEntity
  8
1_ANYTOOL_1MMDEEP_LABELS_S
100
AcDbVertex
100
AcDb2dVertex
 10
127.341127232135
 20
39.97960505462254
 30
0.0
  0
VERTEX
  5
121
330
67
100
AcDbEntity
  8
1_ANYTOOL_1MMDEEP_LABELS_S
100
AcDbVertex
100
AcDb2dVertex
 10
127.0794642857063
 20
39.75560951890839
 30
0.0
  0
VERTEX
  5
122
330
67
100
AcDbEntity
  8
1_ANYTOOL_1MMDEEP_LABELS_S
100
AcDbVertex
100
AcDb2dVertex
 10
126.8188058035634
 20
39.52424791176566
 30
0.0
  0
VERTEX
  5
123
330
67
100
AcDbEntity
  8
1_ANYTOOL_1MMDEEP_LABELS_S
100
AcDbVertex
100
AcDb2dVertex
 10
126.5591517857063
 20
39.28552023319435
 30
0.0
  0
VERTEX
  5
124
330
67
100
AcDbEntity
  8
1_ANYTOOL_1MMDEEP_LABELS_S
100
AcDbVertex
100
AcDb2dVertex
 10
126.0428571428492
 20
38.785966661766
 30
0.0
  0
VERTEX
  5
125
330
67
100
AcDbEntity
  8
1_ANYTOOL_1MMDEEP_LABELS_S
100
AcDbVertex
100
AcDb2dVertex
 10
126.7714285714246
 20
53.82882380462252
 30
0.0
  0
VERTEX
  5
126
330
67
100
AcDbEntity
  8
1_ANYTOOL_1MMDEEP_LABELS_S
100
AcDbVertex
100
AcDb2dVertex
 10
142.9714285714217
 20
53.82882380462252
 30
0.0
  0
SEQEND
  5
127
330
67
100
AcDbEntity
  8
1_ANYTOOL_1MMDEEP_LABELS_S
  0
LINE
  5
128
330
1F
100
AcDbEntity
  8
1_ANYTOOL_1MMDEEP_LABELS_S
100
AcDbLine
 10
120.5571428571347
 20
37.71453809033846
 30
0.0
 11
111.7714285714246
 21
37.62882380462543
 31
0.0
  0
POLYLINE
  5
129
330
1F
100
AcDbEntity
  8
1_ANYTOOL_1MMDEEP_LABELS_S
100
AcDb2dPolyline
 66
     1
 10
0.0
 20
0.0
 30
0.0
  0
VERTEX
  5
12A
330
129
100
AcDbEntity
  8
1_ANYTOOL_1MMDEEP_LABELS_S
100
AcDbVertex
100
AcDb2dVertex
 10
90.81428571428114
 20
53.82882380462252
 30
0.0
  0
VERTEX
  5
12B
330
129
100
AcDbEntity
  8
1_ANYTOOL_1MMDEEP_LABELS_S
100
AcDbVertex
100
AcDb2dVertex
 10
90.81428571428114
 20
23.82882380462252
 30
0.0
  0
VERTEX
  5
12C
330
129
100
AcDbEntity
  8
1_ANYTOOL_1MMDEEP_LABELS_S
100
AcDbVertex
100
AcDb2dVertex
 10
107.9142857142797
 20
23.82882380462252
 30
0.0
  0
SEQEND
  5
12D
330
129
100
AcDbEntity
  8
1_ANYTOOL_1MMDEEP_LABELS_S
  0
LINE
  5
12E
330
1F
100
AcDbEntity
  8
1_ANYTOOL_1MMDEEP_LABELS_S
100
AcDbLine
 10
85.6714285714188
 20
37.71453809033846
 30
0.0
 11
76.88571428570867
 21
37.62882380462543
 31
0.0
  0
POLYLINE
  5
12F
330
1F
100
AcDbEntity
  8
1_ANYTOOL_1MMDEEP_LABELS_S
100
AcDb2dPolyline
 66
     1
 10
0.0
 20
0.0
 30
0.0
 70
     1
  0
VERTEX
  5
130
330
12F
100
AcDbEntity
  8
1_ANYTOOL_1MMDEEP_LABELS_S
100
AcDbVertex
100
AcDb2dVertex
 10
61.71428571427532
 20
54.17168094748195
 30
0.0
  0
VERTEX
  5
131
330
12F
100
AcDbEntity
  8
1_ANYTOOL_1MMDEEP_LABELS_S
100
AcDbVertex
100
AcDb2dVertex
 10
62.08577008927534
 20
54.16582157248195
 30
0.0
  0
VERTEX
  5
132
330
12F
100
AcDbEntity
  8
1_ANYTOOL_1MMDEEP_LABELS_S
100
AcDbVertex
100
AcDb2dVertex
 10
62.45022321427541
 20
54.14824344748195
 30
0.0
  0
VERTEX
  5
133
330
12F
100
AcDbEntity
  8
1_ANYTOOL_1MMDEEP_LABELS_S
100
AcDbVertex
100
AcDb2dVertex
 10
62.80764508927552
 20
54.11894657248195
 30
0.0
  0
VERTEX
  5
134
330
12F
100
AcDbEntity
  8
1_ANYTOOL_1MMDEEP_LABELS_S
100
AcDbVertex
100
AcDb2dVertex
 10
62.9837193080256
 20
54.09990360373195
 30
0.0
  0
VERTEX
  5
135
330
12F
100
AcDbEntity
  8
1_ANYTOOL_1MMDEEP_LABELS_S
100
AcDbVertex
100
AcDb2dVertex
 10
63.15803571427568
 20
54.07793094748195
 30
0.0
  0
VERTEX
  5
136
330
12F
100
AcDbEntity
  8
1_ANYTOOL_1MMDEEP_LABELS_S
100
AcDbVertex
100
AcDb2dVertex
 10
63.33059430802578
 20
54.05302860373195
 30
0.0
  0
VERTEX
  5
137
330
12F
100
AcDbEntity
  8
1_ANYTOOL_1MMDEEP_LABELS_S
100
AcDbVertex
100
AcDb2dVertex
 10
63.50139508927589
 20
54.02519657248195
 30
0.0
  0
VERTEX
  5
138
330
12F
100
AcDbEntity
  8
1_ANYTOOL_1MMDEEP_LABELS_S
100
AcDbVertex
100
AcDb2dVertex
 10
63.67043805802601
 20
53.99443485373195
 30
0.0
  0
VERTEX
  5
139
330
12F
100
AcDbEntity
  8
1_ANYTOOL_1MMDEEP_LABELS_S
100
AcDbVertex
100
AcDb2dVertex
 10
63.83772321427614
 20
53.96074344748195
 30
0.0
  0
VERTEX
  5
13A
330
12F
100
AcDbEntity
  8
1_ANYTOOL_1MMDEEP_LABELS_S
100
AcDbVertex
100
AcDb2dVertex
 10
64.00325055802628
 20
53.92412235373195
 30
0.0
  0
VERTEX
  5
13B
330
12F
100
AcDbEntity
  8
1_ANYTOOL_1MMDEEP_LABELS_S
100
AcDbVertex
100
AcDb2dVertex
 10
64.16702008927643
 20
53.88457157248195
 30
0.0
  0
VERTEX
  5
13C
330
12F
100
AcDbEntity
  8
1_ANYTOOL_1MMDEEP_LABELS_S
100
AcDbVertex
100
AcDb2dVertex
 10
64.3290318080266
 20
53.84209110373195
 30
0.0
  0
VERTEX
  5
13D
330
12F
100
AcDbEntity
  8
1_ANYTOOL_1MMDEEP_LABELS_S
100
AcDbVertex
100
AcDb2dVertex
 10
64.48928571427678
 20
53.79668094748195
 30
0.0
  0
VERTEX
  5
13E
330
12F
100
AcDbEntity
  8
1_ANYTOOL_1MMDEEP_LABELS_S
100
AcDbVertex
100
AcDb2dVertex
 10
64.64778180802696
 20
53.74834110373195
 30
0.0
  0
VERTEX
  5
13F
330
12F
100
AcDbEntity
  8
1_ANYTOOL_1MMDEEP_LABELS_S
100
AcDbVertex
100
AcDb2dVertex
 10
64.80452008927716
 20
53.69707157248195
 30
0.0
  0
VERTEX
  5
140
330
12F
100
AcDbEntity
  8
1_ANYTOOL_1MMDEEP_LABELS_S
100
AcDbVertex
100
AcDb2dVertex
 10
64.95950055802737
 20
53.64287235373195
 30
0.0
  0
VERTEX
  5
141
330
12F
100
AcDbEntity
  8
1_ANYTOOL_1MMDEEP_LABELS_S
100
AcDbVertex
100
AcDb2dVertex
 10
65.1127232142776
 20
53.58574344748195
 30
0.0
  0
VERTEX
  5
142
330
12F
100
AcDbEntity
  8
1_ANYTOOL_1MMDEEP_LABELS_S
100
AcDbVertex
100
AcDb2dVertex
 10
65.26418805802783
 20
53.52568485373195
 30
0.0
  0
VERTEX
  5
143
330
12F
100
AcDbEntity
  8
1_ANYTOOL_1MMDEEP_LABELS_S
100
AcDbVertex
100
AcDb2dVertex
 10
65.41389508927807
 20
53.46269657248195
 30
0.0
  0
VERTEX
  5
144
330
12F
100
AcDbEntity
  8
1_ANYTOOL_1MMDEEP_LABELS_S
100
AcDbVertex
100
AcDb2dVertex
 10
65.56184430802833
 20
53.39677860373195
 30
0.0
  0
VERTEX
  5
145
330
12F
100
AcDbEntity
  8
1_ANYTOOL_1MMDEEP_LABELS_S
100
AcDbVertex
100
AcDb2dVertex
 10
65.7080357142786
 20
53.32793094748195
 30
0.0
  0
VERTEX
  5
146
330
12F
100
AcDbEntity
  8
1_ANYTOOL_1MMDEEP_LABELS_S
100
AcDbVertex
100
AcDb2dVertex
 10
65.85246930802887
 20
53.25615360373195
 30
0.0
  0
VERTEX
  5
147
330
12F
100
AcDbEntity
  8
1_ANYTOOL_1MMDEEP_LABELS_S
100
AcDbVertex
100
AcDb2dVertex
 10
65.99514508927916
 20
53.18144657248195
 30
0.0
  0
VERTEX
  5
148
330
12F
100
AcDbEntity
  8
1_ANYTOOL_1MMDEEP_LABELS_S
100
AcDbVertex
100
AcDb2dVertex
 10
66.13606305802946
 20
53.10380985373195
 30
0.0
  0
VERTEX
  5
149
330
12F
100
AcDbEntity
  8
1_ANYTOOL_1MMDEEP_LABELS_S
100
AcDbVertex
100
AcDb2dVertex
 10
66.27522321427978
 20
53.02324344748195
 30
0.0
  0
VERTEX
  5
14A
330
12F
100
AcDbEntity
  8
1_ANYTOOL_1MMDEEP_LABELS_S
100
AcDbVertex
100
AcDb2dVertex
 10
66.4126255580301
 20
52.93974735373195
 30
0.0
  0
VERTEX
  5
14B
330
12F
100
AcDbEntity
  8
1_ANYTOOL_1MMDEEP_LABELS_S
100
AcDbVertex
100
AcDb2dVertex
 10
66.54827008928044
 20
52.85332157248195
 30
0.0
  0
VERTEX
  5
14C
330
12F
100
AcDbEntity
  8
1_ANYTOOL_1MMDEEP_LABELS_S
100
AcDbVertex
100
AcDb2dVertex
 10
66.68215680803078
 20
52.76396610373195
 30
0.0
  0
VERTEX
  5
14D
330
12F
100
AcDbEntity
  8
1_ANYTOOL_1MMDEEP_LABELS_S
100
AcDbVertex
100
AcDb2dVertex
 10
67.0737723214238
 20
52.48635728676757
 30
0.0
  0
VERTEX
  5
14E
330
12F
100
AcDbEntity
  8
1_ANYTOOL_1MMDEEP_LABELS_S
100
AcDbVertex
100
AcDb2dVertex
 10
67.32723214285215
 20
52.29467201891032
 30
0.0
  0
VERTEX
  5
14F
330
12F
100
AcDbEntity
  8
1_ANYTOOL_1MMDEEP_LABELS_S
100
AcDbVertex
100
AcDb2dVertex
 10
67.57466517856619
 20
52.09662514391019
 30
0.0
  0
VERTEX
  5
150
330
12F
100
AcDbEntity
  8
1_ANYTOOL_1MMDEEP_LABELS_S
100
AcDbVertex
100
AcDb2dVertex
 10
67.81607142856592
 20
51.89221666176718
 30
0.0
  0
VERTEX
  5
151
330
12F
100
AcDbEntity
  8
1_ANYTOOL_1MMDEEP_LABELS_S
100
AcDbVertex
100
AcDb2dVertex
 10
68.05145089285134
 20
51.68144657248129
 30
0.0
  0
VERTEX
  5
152
330
12F
100
AcDbEntity
  8
1_ANYTOOL_1MMDEEP_LABELS_S
100
AcDbVertex
100
AcDb2dVertex
 10
68.28080357142244
 20
51.46431487605253
 30
0.0
  0
VERTEX
  5
153
330
12F
100
AcDbEntity
  8
1_ANYTOOL_1MMDEEP_LABELS_S
100
AcDbVertex
100
AcDb2dVertex
 10
68.50412946427923
 20
51.24082157248088
 30
0.0
  0
VERTEX
  5
154
330
12F
100
AcDbEntity
  8
1_ANYTOOL_1MMDEEP_LABELS_S
100
AcDbVertex
100
AcDb2dVertex
 10
68.72142857142171
 20
51.01096666176636
 30
0.0
  0
VERTEX
  5
155
330
12F
100
AcDbEntity
  8
1_ANYTOOL_1MMDEEP_LABELS_S
100
AcDbVertex
100
AcDb2dVertex
 10
68.93270089284988
 20
50.77475014390896
 30
0.0
  0
VERTEX
  5
156
330
12F
100
AcDbEntity
  8
1_ANYTOOL_1MMDEEP_LABELS_S
100
AcDbVertex
100
AcDb2dVertex
 10
69.13794642856374
 20
50.53217201890868
 30
0.0
  0
VERTEX
  5
157
330
12F
100
AcDbEntity
  8
1_ANYTOOL_1MMDEEP_LABELS_S
100
AcDbVertex
100
AcDb2dVertex
 10
69.33716517856328
 20
50.28323228676553
 30
0.0
  0
VERTEX
  5
158
330
12F
100
AcDbEntity
  8
1_ANYTOOL_1MMDEEP_LABELS_S
100
AcDbVertex
100
AcDb2dVertex
 10
69.53035714284852
 20
50.02793094747949
 30
0.0
  0
VERTEX
  5
159
330
12F
100
AcDbEntity
  8
1_ANYTOOL_1MMDEEP_LABELS_S
100
AcDbVertex
100
AcDb2dVertex
 10
69.71752232141944
 20
49.76626800105058
 30
0.0
  0
VERTEX
  5
15A
330
12F
100
AcDbEntity
  8
1_ANYTOOL_1MMDEEP_LABELS_S
100
AcDbVertex
100
AcDb2dVertex
 10
69.89866071427605
 20
49.49824344747879
 30
0.0
  0
VERTEX
  5
15B
330
12F
100
AcDbEntity
  8
1_ANYTOOL_1MMDEEP_LABELS_S
100
AcDbVertex
100
AcDb2dVertex
 10
70.07377232141835
 20
49.22385728676412
 30
0.0
  0
VERTEX
  5
15C
330
12F
100
AcDbEntity
  8
1_ANYTOOL_1MMDEEP_LABELS_S
100
AcDbVertex
100
AcDb2dVertex
 10
70.41127232141798
 20
48.65733942962132
 30
0.0
  0
VERTEX
  5
15D
330
12F
100
AcDbEntity
  8
1_ANYTOOL_1MMDEEP_LABELS_S
100
AcDbVertex
100
AcDb2dVertex
 10
70.57366071427532
 20
48.36788630462172
 30
0.0
  0
VERTEX
  5
15E
330
12F
100
AcDbEntity
  8
1_ANYTOOL_1MMDEEP_LABELS_S
100
AcDbVertex
100
AcDb2dVertex
 10
70.73002232141835
 20
48.07475014390778
 30
0.0
  0
VERTEX
  5
15F
330
12F
100
AcDbEntity
  8
1_ANYTOOL_1MMDEEP_LABELS_S
100
AcDbVertex
100
AcDb2dVertex
 10
70.88035714284706
 20
47.77793094747949
 30
0.0
  0
VERTEX
  5
160
330
12F
100
AcDbEntity
  8
1_ANYTOOL_1MMDEEP_LABELS_S
100
AcDbVertex
100
AcDb2dVertex
 10
71.02466517856146
 20
47.47742871533686
 30
0.0
  0
VERTEX
  5
161
330
12F
100
AcDbEntity
  8
1_ANYTOOL_1MMDEEP_LABELS_S
100
AcDbVertex
100
AcDb2dVertex
 10
71.16294642856155
 20
47.17324344747988
 30
0.0
  0
VERTEX
  5
162
330
12F
100
AcDbEntity
  8
1_ANYTOOL_1MMDEEP_LABELS_S
100
AcDbVertex
100
AcDb2dVertex
 10
71.29520089284733
 20
46.86537514390855
 30
0.0
  0
VERTEX
  5
163
330
12F
100
AcDbEntity
  8
1_ANYTOOL_1MMDEEP_LABELS_S
100
AcDbVertex
100
AcDb2dVertex
 10
71.4214285714188
 20
46.55382380462288
 30
0.0
  0
VERTEX
  5
164
330
12F
100
AcDbEntity
  8
1_ANYTOOL_1MMDEEP_LABELS_S
100
AcDbVertex
100
AcDb2dVertex
 10
71.54162946427596
 20
46.23858942962286
 30
0.0
  0
VERTEX
  5
165
330
12F
100
AcDbEntity
  8
1_ANYTOOL_1MMDEEP_LABELS_S
100
AcDbVertex
100
AcDb2dVertex
 10
71.6558035714188
 20
45.9196720189085
 30
0.0
  0
VERTEX
  5
166
330
12F
100
AcDbEntity
  8
1_ANYTOOL_1MMDEEP_LABELS_S
100
AcDbVertex
100
AcDb2dVertex
 10
71.76395089284733
 20
45.59707157247979
 30
0.0
  0
VERTEX
  5
167
330
12F
100
AcDbEntity
  8
1_ANYTOOL_1MMDEEP_LABELS_S
100
AcDbVertex
100
AcDb2dVertex
 10
71.86607142856155
 20
45.27078809033674
 30
0.0
  0
VERTEX
  5
168
330
12F
100
AcDbEntity
  8
1_ANYTOOL_1MMDEEP_LABELS_S
100
AcDbVertex
100
AcDb2dVertex
 10
71.96216517856146
 20
44.94082157247934
 30
0.0
  0
VERTEX
  5
169
330
12F
100
AcDbEntity
  8
1_ANYTOOL_1MMDEEP_LABELS_S
100
AcDbVertex
100
AcDb2dVertex
 10
72.05223214284706
 20
44.60717201890759
 30
0.0
  0
VERTEX
  5
16A
330
12F
100
AcDbEntity
  8
1_ANYTOOL_1MMDEEP_LABELS_S
100
AcDbVertex
100
AcDb2dVertex
 10
72.13627232141835
 20
44.2698394296215
 30
0.0
  0
VERTEX
  5
16B
330
12F
100
AcDbEntity
  8
1_ANYTOOL_1MMDEEP_LABELS_S
100
AcDbVertex
100
AcDb2dVertex
 10
72.36495535713368
 20
43.24645773319332
 30
0.0
  0
VERTEX
  5
16C
330
12F
100
AcDbEntity
  8
1_ANYTOOL_1MMDEEP_LABELS_S
100
AcDbVertex
100
AcDb2dVertex
 10
72.4955357142776
 20
42.57078809033692
 30
0.0
  0
VERTEX
  5
16D
330
12F
100
AcDbEntity
  8
1_ANYTOOL_1MMDEEP_LABELS_S
100
AcDbVertex
100
AcDb2dVertex
 10
72.60602678570706
 20
41.90181487605184
 30
0.0
  0
VERTEX
  5
16E
330
12F
100
AcDbEntity
  8
1_ANYTOOL_1MMDEEP_LABELS_S
100
AcDbVertex
100
AcDb2dVertex
 10
72.69642857142208
 20
41.2395380903381
 30
0.0
  0
VERTEX
  5
16F
330
12F
100
AcDbEntity
  8
1_ANYTOOL_1MMDEEP_LABELS_S
100
AcDbVertex
100
AcDb2dVertex
 10
72.76674107142264
 20
40.58395773319569
 30
0.0
  0
VERTEX
  5
170
330
12F
100
AcDbEntity
  8
1_ANYTOOL_1MMDEEP_LABELS_S
100
AcDbVertex
100
AcDb2dVertex
 10
72.81696428570876
 20
39.93507380462461
 30
0.0
  0
VERTEX
  5
171
330
12F
100
AcDbEntity
  8
1_ANYTOOL_1MMDEEP_LABELS_S
100
AcDbVertex
100
AcDb2dVertex
 10
72.84709821428044
 20
39.29288630462486
 30
0.0
  0
VERTEX
  5
172
330
12F
100
AcDbEntity
  8
1_ANYTOOL_1MMDEEP_LABELS_S
100
AcDbVertex
100
AcDb2dVertex
 10
72.85714285713766
 20
38.65739523319644
 30
0.0
  0
VERTEX
  5
173
330
12F
100
AcDbEntity
  8
1_ANYTOOL_1MMDEEP_LABELS_S
100
AcDbVertex
100
AcDb2dVertex
 10
72.84626116070908
 20
38.01989523319574
 30
0.0
  0
VERTEX
  5
174
330
12F
100
AcDbEntity
  8
1_ANYTOOL_1MMDEEP_LABELS_S
100
AcDbVertex
100
AcDb2dVertex
 10
72.81361607142333
 20
37.3823952331951
 30
0.0
  0
VERTEX
  5
175
330
12F
100
AcDbEntity
  8
1_ANYTOOL_1MMDEEP_LABELS_S
100
AcDbVertex
100
AcDb2dVertex
 10
72.75920758928041
 20
36.74489523319451
 30
0.0
  0
VERTEX
  5
176
330
12F
100
AcDbEntity
  8
1_ANYTOOL_1MMDEEP_LABELS_S
100
AcDbVertex
100
AcDb2dVertex
 10
72.68303571428032
 20
36.10739523319398
 30
0.0
  0
VERTEX
  5
177
330
12F
100
AcDbEntity
  8
1_ANYTOOL_1MMDEEP_LABELS_S
100
AcDbVertex
100
AcDb2dVertex
 10
72.58510044642307
 20
35.46989523319351
 30
0.0
  0
VERTEX
  5
178
330
12F
100
AcDbEntity
  8
1_ANYTOOL_1MMDEEP_LABELS_S
100
AcDbVertex
100
AcDb2dVertex
 10
72.46540178570865
 20
34.8323952331931
 30
0.0
  0
VERTEX
  5
179
330
12F
100
AcDbEntity
  8
1_ANYTOOL_1MMDEEP_LABELS_S
100
AcDbVertex
100
AcDb2dVertex
 10
72.32393973213706
 20
34.19489523319274
 30
0.0
  0
VERTEX
  5
17A
330
12F
100
AcDbEntity
  8
1_ANYTOOL_1MMDEEP_LABELS_S
100
AcDbVertex
100
AcDb2dVertex
 10
72.16071428570831
 20
33.55739523319244
 30
0.0
  0
VERTEX
  5
17B
330
12F
100
AcDbEntity
  8
1_ANYTOOL_1MMDEEP_LABELS_S
100
AcDbVertex
100
AcDb2dVertex
 10
71.97572544642239
 20
32.91989523319219
 30
0.0
  0
VERTEX
  5
17C
330
12F
100
AcDbEntity
  8
1_ANYTOOL_1MMDEEP_LABELS_S
100
AcDbVertex
100
AcDb2dVertex
 10
71.7689732142793
 20
32.28239523319201
 30
0.0
  0
VERTEX
  5
17D
330
12F
100
AcDbEntity
  8
1_ANYTOOL_1MMDEEP_LABELS_S
100
AcDbVertex
100
AcDb2dVertex
 10
71.54045758927904
 20
31.64489523319187
 30
0.0
  0
VERTEX
  5
17E
330
12F
100
AcDbEntity
  8
1_ANYTOOL_1MMDEEP_LABELS_S
100
AcDbVertex
100
AcDb2dVertex
 10
71.29017857142162
 20
31.0073952331918
 30
0.0
  0
VERTEX
  5
17F
330
12F
100
AcDbEntity
  8
1_ANYTOOL_1MMDEEP_LABELS_S
100
AcDbVertex
100
AcDb2dVertex
 10
71.01813616070703
 20
30.36989523319178
 30
0.0
  0
VERTEX
  5
180
330
12F
100
AcDbEntity
  8
1_ANYTOOL_1MMDEEP_LABELS_S
100
AcDbVertex
100
AcDb2dVertex
 10
70.72433035713527
 20
29.73239523319182
 30
0.0
  0
VERTEX
  5
181
330
12F
100
AcDbEntity
  8
1_ANYTOOL_1MMDEEP_LABELS_S
100
AcDbVertex
100
AcDb2dVertex
 10
70.40876116070635
 20
29.09489523319192
 30
0.0
  0
VERTEX
  5
182
330
12F
100
AcDbEntity
  8
1_ANYTOOL_1MMDEEP_LABELS_S
100
AcDbVertex
100
AcDb2dVertex
 10
70.07142857142026
 20
28.45739523319207
 30
0.0
  0
VERTEX
  5
183
330
12F
100
AcDbEntity
  8
1_ANYTOOL_1MMDEEP_LABELS_S
100
AcDbVertex
100
AcDb2dVertex
 10
69.89686104909904
 20
28.14362570194216
 30
0.0
  0
VERTEX
  5
184
330
12F
100
AcDbEntity
  8
1_ANYTOOL_1MMDEEP_LABELS_S
100
AcDbVertex
100
AcDb2dVertex
 10
69.71601562499211
 20
27.83981710819225
 30
0.0
  0
VERTEX
  5
185
330
12F
100
AcDbEntity
  8
1_ANYTOOL_1MMDEEP_LABELS_S
100
AcDbVertex
100
AcDb2dVertex
 10
69.52889229909945
 20
27.54596945194233
 30
0.0
  0
VERTEX
  5
186
330
12F
100
AcDbEntity
  8
1_ANYTOOL_1MMDEEP_LABELS_S
100
AcDbVertex
100
AcDb2dVertex
 10
69.33549107142107
 20
27.26208273319241
 30
0.0
  0
VERTEX
  5
187
330
12F
100
AcDbEntity
  8
1_ANYTOOL_1MMDEEP_LABELS_S
100
AcDbVertex
100
AcDb2dVertex
 10
69.13581194195697
 20
26.98815695194249
 30
0.0
  0
VERTEX
  5
188
330
12F
100
AcDbEntity
  8
1_ANYTOOL_1MMDEEP_LABELS_S
100
AcDbVertex
100
AcDb2dVertex
 10
68.92985491070715
 20
26.72419210819257
 30
0.0
  0
VERTEX
  5
189
330
12F
100
AcDbEntity
  8
1_ANYTOOL_1MMDEEP_LABELS_S
100
AcDbVertex
100
AcDb2dVertex
 10
68.7176199776716
 20
26.47018820194264
 30
0.0
  0
VERTEX
  5
18A
330
12F
100
AcDbEntity
  8
1_ANYTOOL_1MMDEEP_LABELS_S
100
AcDbVertex
100
AcDb2dVertex
 10
68.49910714285033
 20
26.22614523319271
 30
0.0
  0
VERTEX
  5
18B
330
12F
100
AcDbEntity
  8
1_ANYTOOL_1MMDEEP_LABELS_S
100
AcDbVertex
100
AcDb2dVertex
 10
68.38749651227005
 20
26.10785910038025
 30
0.0
  0
VERTEX
  5
18C
330
12F
100
AcDbEntity
  8
1_ANYTOOL_1MMDEEP_LABELS_S
100
AcDbVertex
100
AcDb2dVertex
 10
68.27431640624334
 20
25.99206320194278
 30
0.0
  0
VERTEX
  5
18D
330
12F
100
AcDbEntity
  8
1_ANYTOOL_1MMDEEP_LABELS_S
100
AcDbVertex
100
AcDb2dVertex
 10
68.1595668247702
 20
25.87875753788031
 30
0.0
  0
VERTEX
  5
18E
330
12F
100
AcDbEntity
  8
1_ANYTOOL_1MMDEEP_LABELS_S
100
AcDbVertex
100
AcDb2dVertex
 10
68.04324776785063
 20
25.76794210819284
 30
0.0
  0
VERTEX
  5
18F
330
12F
100
AcDbEntity
  8
1_ANYTOOL_1MMDEEP_LABELS_S
100
AcDbVertex
100
AcDb2dVertex
 10
67.92535923548462
 20
25.65961691288037
 30
0.0
  0
VERTEX
  5
190
330
12F
100
AcDbEntity
  8
1_ANYTOOL_1MMDEEP_LABELS_S
100
AcDbVertex
100
AcDb2dVertex
 10
67.8059012276722
 20
25.5537819519429
 30
0.0
  0
VERTEX
  5
191
330
12F
100
AcDbEntity
  8
1_ANYTOOL_1MMDEEP_LABELS_S
100
AcDbVertex
100
AcDb2dVertex
 10
67.68487374441332
 20
25.45043722538043
 30
0.0
  0
VERTEX
  5
192
330
12F
100
AcDbEntity
  8
1_ANYTOOL_1MMDEEP_LABELS_S
100
AcDbVertex
100
AcDb2dVertex
 10
67.56227678570804
 20
25.34958273319296
 30
0.0
  0
VERTEX
  5
193
330
12F
100
AcDbEntity
  8
1_ANYTOOL_1MMDEEP_LABELS_S
100
AcDbVertex
100
AcDb2dVertex
 10
67.4381103515563
 20
25.25121847538049
 30
0.0
  0
VERTEX
  5
194
330
12F
100
AcDbEntity
  8
1_ANYTOOL_1MMDEEP_LABELS_S
100
AcDbVertex
100
AcDb2dVertex
 10
67.31237444195816
 20
25.15534445194302
 30
0.0
  0
VERTEX
  5
195
330
12F
100
AcDbEntity
  8
1_ANYTOOL_1MMDEEP_LABELS_S
100
AcDbVertex
100
AcDb2dVertex
 10
67.18506905691356
 20
25.06196066288054
 30
0.0
  0
VERTEX
  5
196
330
12F
100
AcDbEntity
  8
1_ANYTOOL_1MMDEEP_LABELS_S
100
AcDbVertex
100
AcDb2dVertex
 10
67.05619419642255
 20
24.97106710819307
 30
0.0
  0
VERTEX
  5
197
330
12F
100
AcDbEntity
  8
1_ANYTOOL_1MMDEEP_LABELS_S
100
AcDbVertex
100
AcDb2dVertex
 10
66.9257498604851
 20
24.8826637878806
 30
0.0
  0
VERTEX
  5
198
330
12F
100
AcDbEntity
  8
1_ANYTOOL_1MMDEEP_LABELS_S
100
AcDbVertex
100
AcDb2dVertex
 10
66.79373604910123
 20
24.79675070194312
 30
0.0
  0
VERTEX
  5
199
330
12F
100
AcDbEntity
  8
1_ANYTOOL_1MMDEEP_LABELS_S
100
AcDbVertex
100
AcDb2dVertex
 10
66.66015276227091
 20
24.71332785038064
 30
0.0
  0
VERTEX
  5
19A
330
12F
100
AcDbEntity
  8
1_ANYTOOL_1MMDEEP_LABELS_S
100
AcDbVertex
100
AcDb2dVertex
 10
66.52499999999418
 20
24.63239523319317
 30
0.0
  0
VERTEX
  5
19B
330
12F
100
AcDbEntity
  8
1_ANYTOOL_1MMDEEP_LABELS_S
100
AcDbVertex
100
AcDb2dVertex
 10
66.388277762271
 20
24.55395285038069
 30
0.0
  0
VERTEX
  5
19C
330
12F
100
AcDbEntity
  8
1_ANYTOOL_1MMDEEP_LABELS_S
100
AcDbVertex
100
AcDb2dVertex
 10
66.24998604910141
 20
24.47800070194321
 30
0.0
  0
VERTEX
  5
19D
330
12F
100
AcDbEntity
  8
1_ANYTOOL_1MMDEEP_LABELS_S
100
AcDbVertex
100
AcDb2dVertex
 10
66.11012486048537
 20
24.40453878788073
 30
0.0
  0
VERTEX
  5
19E
330
12F
100
AcDbEntity
  8
1_ANYTOOL_1MMDEEP_LABELS_S
100
AcDbVertex
100
AcDb2dVertex
 10
65.96869419642292
 20
24.33356710819325
 30
0.0
  0
VERTEX
  5
19F
330
12F
100
AcDbEntity
  8
1_ANYTOOL_1MMDEEP_LABELS_S
100
AcDbVertex
100
AcDb2dVertex
 10
65.82569405691402
 20
24.26508566288077
 30
0.0
  0
VERTEX
  5
1A0
330
12F
100
AcDbEntity
  8
1_ANYTOOL_1MMDEEP_LABELS_S
100
AcDbVertex
100
AcDb2dVertex
 10
65.6811244419587
 20
24.19909445194329
 30
0.0
  0
VERTEX
  5
1A1
330
12F
100
AcDbEntity
  8
1_ANYTOOL_1MMDEEP_LABELS_S
100
AcDbVertex
100
AcDb2dVertex
 10
65.53498535155694
 20
24.13559347538081
 30
0.0
  0
VERTEX
  5
1A2
330
12F
100
AcDbEntity
  8
1_ANYTOOL_1MMDEEP_LABELS_S
100
AcDbVertex
100
AcDb2dVertex
 10
65.38727678570876
 20
24.07458273319332
 30
0.0
  0
VERTEX
  5
1A3
330
12F
100
AcDbEntity
  8
1_ANYTOOL_1MMDEEP_LABELS_S
100
AcDbVertex
100
AcDb2dVertex
 10
65.23799874441414
 20
24.01606222538084
 30
0.0
  0
VERTEX
  5
1A4
330
12F
100
AcDbEntity
  8
1_ANYTOOL_1MMDEEP_LABELS_S
100
AcDbVertex
100
AcDb2dVertex
 10
65.0871512276731
 20
23.96003195194336
 30
0.0
  0
VERTEX
  5
1A5
330
12F
100
AcDbEntity
  8
1_ANYTOOL_1MMDEEP_LABELS_S
100
AcDbVertex
100
AcDb2dVertex
 10
64.93473423548562
 20
23.90649191288087
 30
0.0
  0
VERTEX
  5
1A6
330
12F
100
AcDbEntity
  8
1_ANYTOOL_1MMDEEP_LABELS_S
100
AcDbVertex
100
AcDb2dVertex
 10
64.78074776785172
 20
23.85544210819339
 30
0.0
  0
VERTEX
  5
1A7
330
12F
100
AcDbEntity
  8
1_ANYTOOL_1MMDEEP_LABELS_S
100
AcDbVertex
100
AcDb2dVertex
 10
64.46806640624462
 20
23.76081320194341
 30
0.0
  0
VERTEX
  5
1A8
330
12F
100
AcDbEntity
  8
1_ANYTOOL_1MMDEEP_LABELS_S
100
AcDbVertex
100
AcDb2dVertex
 10
64.14910714285179
 20
23.67614523319344
 30
0.0
  0
VERTEX
  5
1A9
330
12F
100
AcDbEntity
  8
1_ANYTOOL_1MMDEEP_LABELS_S
100
AcDbVertex
100
AcDb2dVertex
 10
63.82386997767324
 20
23.60143820194346
 30
0.0
  0
VERTEX
  5
1AA
330
12F
100
AcDbEntity
  8
1_ANYTOOL_1MMDEEP_LABELS_S
100
AcDbVertex
100
AcDb2dVertex
 10
63.49235491070897
 20
23.53669210819348
 30
0.0
  0
VERTEX
  5
1AB
330
12F
100
AcDbEntity
  8
1_ANYTOOL_1MMDEEP_LABELS_S
100
AcDbVertex
100
AcDb2dVertex
 10
63.15456194195897
 20
23.48190695194349
 30
0.0
  0
VERTEX
  5
1AC
330
12F
100
AcDbEntity
  8
1_ANYTOOL_1MMDEEP_LABELS_S
100
AcDbVertex
100
AcDb2dVertex
 10
62.81049107142326
 20
23.43708273319351
 30
0.0
  0
VERTEX
  5
1AD
330
12F
100
AcDbEntity
  8
1_ANYTOOL_1MMDEEP_LABELS_S
100
AcDbVertex
100
AcDb2dVertex
 10
62.46014229910182
 20
23.40221945194352
 30
0.0
  0
VERTEX
  5
1AE
330
12F
100
AcDbEntity
  8
1_ANYTOOL_1MMDEEP_LABELS_S
100
AcDbVertex
100
AcDb2dVertex
 10
62.10351562499466
 20
23.37731710819352
 30
0.0
  0
VERTEX
  5
1AF
330
12F
100
AcDbEntity
  8
1_ANYTOOL_1MMDEEP_LABELS_S
100
AcDbVertex
100
AcDb2dVertex
 10
61.74061104910177
 20
23.36237570194353
 30
0.0
  0
VERTEX
  5
1B0
330
12F
100
AcDbEntity
  8
1_ANYTOOL_1MMDEEP_LABELS_S
100
AcDbVertex
100
AcDb2dVertex
 10
61.37142857142317
 20
23.35739523319353
 30
0.0
  0
VERTEX
  5
1B1
330
12F
100
AcDbEntity
  8
1_ANYTOOL_1MMDEEP_LABELS_S
100
AcDbVertex
100
AcDb2dVertex
 10
60.98902064731573
 20
23.36245940730067
 30
0.0
  0
VERTEX
  5
1B2
330
12F
100
AcDbEntity
  8
1_ANYTOOL_1MMDEEP_LABELS_S
100
AcDbVertex
100
AcDb2dVertex
 10
60.6132254464226
 20
23.37765192962209
 30
0.0
  0
VERTEX
  5
1B3
330
12F
100
AcDbEntity
  8
1_ANYTOOL_1MMDEEP_LABELS_S
100
AcDbVertex
100
AcDb2dVertex
 10
60.24404296874378
 20
23.40297280015779
 30
0.0
  0
VERTEX
  5
1B4
330
12F
100
AcDbEntity
  8
1_ANYTOOL_1MMDEEP_LABELS_S
100
AcDbVertex
100
AcDb2dVertex
 10
59.88147321427925
 20
23.43842201890777
 30
0.0
  0
VERTEX
  5
1B5
330
12F
100
AcDbEntity
  8
1_ANYTOOL_1MMDEEP_LABELS_S
100
AcDbVertex
100
AcDb2dVertex
 10
59.52551618302903
 20
23.48399958587203
 30
0.0
  0
VERTEX
  5
1B6
330
12F
100
AcDbEntity
  8
1_ANYTOOL_1MMDEEP_LABELS_S
100
AcDbVertex
100
AcDb2dVertex
 10
59.17617187499312
 20
23.53970550105058
 30
0.0
  0
VERTEX
  5
1B7
330
12F
100
AcDbEntity
  8
1_ANYTOOL_1MMDEEP_LABELS_S
100
AcDbVertex
100
AcDb2dVertex
 10
58.8334402901715
 20
23.6055397644434
 30
0.0
  0
VERTEX
  5
1B8
330
12F
100
AcDbEntity
  8
1_ANYTOOL_1MMDEEP_LABELS_S
100
AcDbVertex
100
AcDb2dVertex
 10
58.49732142856419
 20
23.6815023760505
 30
0.0
  0
VERTEX
  5
1B9
330
12F
100
AcDbEntity
  8
1_ANYTOOL_1MMDEEP_LABELS_S
100
AcDbVertex
100
AcDb2dVertex
 10
58.16781529017118
 20
23.76759333587189
 30
0.0
  0
VERTEX
  5
1BA
330
12F
100
AcDbEntity
  8
1_ANYTOOL_1MMDEEP_LABELS_S
100
AcDbVertex
100
AcDb2dVertex
 10
57.84492187499248
 20
23.86381264390755
 30
0.0
  0
VERTEX
  5
1BB
330
12F
100
AcDbEntity
  8
1_ANYTOOL_1MMDEEP_LABELS_S
100
AcDbVertex
100
AcDb2dVertex
 10
57.68595493860849
 20
23.91572042850574
 30
0.0
  0
VERTEX
  5
1BC
330
12F
100
AcDbEntity
  8
1_ANYTOOL_1MMDEEP_LABELS_S
100
AcDbVertex
100
AcDb2dVertex
 10
57.52864118302808
 20
23.9701603001575
 30
0.0
  0
VERTEX
  5
1BD
330
12F
100
AcDbEntity
  8
1_ANYTOOL_1MMDEEP_LABELS_S
100
AcDbVertex
100
AcDb2dVertex
 10
57.37298060825124
 20
24.02713225886282
 30
0.0
  0
VERTEX
  5
1BE
330
12F
100
AcDbEntity
  8
1_ANYTOOL_1MMDEEP_LABELS_S
100
AcDbVertex
100
AcDb2dVertex
 10
57.21897321427798
 20
24.08663630462172
 30
0.0
  0
VERTEX
  5
1BF
330
12F
100
AcDbEntity
  8
1_ANYTOOL_1MMDEEP_LABELS_S
100
AcDbVertex
100
AcDb2dVertex
 10
57.06661900110829
 20
24.14867243743419
 30
0.0
  0
VERTEX
  5
1C0
330
12F
100
AcDbEntity
  8
1_ANYTOOL_1MMDEEP_LABELS_S
100
AcDbVertex
100
AcDb2dVertex
 10
56.91591796874219
 20
24.21324065730023
 30
0.0
  0
VERTEX
  5
1C1
330
12F
100
AcDbEntity
  8
1_ANYTOOL_1MMDEEP_LABELS_S
100
AcDbVertex
100
AcDb2dVertex
 10
56.76687011717965
 20
24.28034096421983
 30
0.0
  0
VERTEX
  5
1C2
330
12F
100
AcDbEntity
  8
1_ANYTOOL_1MMDEEP_LABELS_S
100
AcDbVertex
100
AcDb2dVertex
 10
56.61947544642069
 20
24.34997335819301
 30
0.0
  0
VERTEX
  5
1C3
330
12F
100
AcDbEntity
  8
1_ANYTOOL_1MMDEEP_LABELS_S
100
AcDbVertex
100
AcDb2dVertex
 10
56.47373395646531
 20
24.42213783921976
 30
0.0
  0
VERTEX
  5
1C4
330
12F
100
AcDbEntity
  8
1_ANYTOOL_1MMDEEP_LABELS_S
100
AcDbVertex
100
AcDb2dVertex
 10
56.32964564731351
 20
24.49683440730008
 30
0.0
  0
VERTEX
  5
1C5
330
12F
100
AcDbEntity
  8
1_ANYTOOL_1MMDEEP_LABELS_S
100
AcDbVertex
100
AcDb2dVertex
 10
56.18721051896527
 20
24.57406306243396
 30
0.0
  0
VERTEX
  5
1C6
330
12F
100
AcDbEntity
  8
1_ANYTOOL_1MMDEEP_LABELS_S
100
AcDbVertex
100
AcDb2dVertex
 10
56.04642857142062
 20
24.65382380462142
 30
0.0
  0
VERTEX
  5
1C7
330
12F
100
AcDbEntity
  8
1_ANYTOOL_1MMDEEP_LABELS_S
100
AcDbVertex
100
AcDb2dVertex
 10
55.90729980467954
 20
24.73611663386245
 30
0.0
  0
VERTEX
  5
1C8
330
12F
100
AcDbEntity
  8
1_ANYTOOL_1MMDEEP_LABELS_S
100
AcDbVertex
100
AcDb2dVertex
 10
55.76982421874204
 20
24.82094155015705
 30
0.0
  0
VERTEX
  5
1C9
330
12F
100
AcDbEntity
  8
1_ANYTOOL_1MMDEEP_LABELS_S
100
AcDbVertex
100
AcDb2dVertex
 10
55.63400181360811
 20
24.90829855350522
 30
0.0
  0
VERTEX
  5
1CA
330
12F
100
AcDbEntity
  8
1_ANYTOOL_1MMDEEP_LABELS_S
100
AcDbVertex
100
AcDb2dVertex
 10
55.49983258927776
 20
24.99818764390696
 30
0.0
  0
VERTEX
  5
1CB
330
12F
100
AcDbEntity
  8
1_ANYTOOL_1MMDEEP_LABELS_S
100
AcDbVertex
100
AcDb2dVertex
 10
55.36731654575098
 20
25.09060882136227
 30
0.0
  0
VERTEX
  5
1CC
330
12F
100
AcDbEntity
  8
1_ANYTOOL_1MMDEEP_LABELS_S
100
AcDbVertex
100
AcDb2dVertex
 10
55.23645368302778
 20
25.18556208587115
 30
0.0
  0
VERTEX
  5
1CD
330
12F
100
AcDbEntity
  8
1_ANYTOOL_1MMDEEP_LABELS_S
100
AcDbVertex
100
AcDb2dVertex
 10
55.10724400110816
 20
25.28304743743359
 30
0.0
  0
VERTEX
  5
1CE
330
12F
100
AcDbEntity
  8
1_ANYTOOL_1MMDEEP_LABELS_S
100
AcDbVertex
100
AcDb2dVertex
 10
54.97968749999211
 20
25.38306487604962
 30
0.0
  0
VERTEX
  5
1CF
330
12F
100
AcDbEntity
  8
1_ANYTOOL_1MMDEEP_LABELS_S
100
AcDbVertex
100
AcDb2dVertex
 10
54.85378417967964
 20
25.4856144017192
 30
0.0
  0
VERTEX
  5
1D0
330
12F
100
AcDbEntity
  8
1_ANYTOOL_1MMDEEP_LABELS_S
100
AcDbVertex
100
AcDb2dVertex
 10
54.72953404017074
 20
25.59069601444236
 30
0.0
  0
VERTEX
  5
1D1
330
12F
100
AcDbEntity
  8
1_ANYTOOL_1MMDEEP_LABELS_S
100
AcDbVertex
100
AcDb2dVertex
 10
54.60693708146542
 20
25.69830971421909
 30
0.0
  0
VERTEX
  5
1D2
330
12F
100
AcDbEntity
  8
1_ANYTOOL_1MMDEEP_LABELS_S
100
AcDbVertex
100
AcDb2dVertex
 10
54.48599330356367
 20
25.80845550104939
 30
0.0
  0
VERTEX
  5
1D3
330
12F
100
AcDbEntity
  8
1_ANYTOOL_1MMDEEP_LABELS_S
100
AcDbVertex
100
AcDb2dVertex
 10
54.3667027064655
 20
25.92113337493326
 30
0.0
  0
VERTEX
  5
1D4
330
12F
100
AcDbEntity
  8
1_ANYTOOL_1MMDEEP_LABELS_S
100
AcDbVertex
100
AcDb2dVertex
 10
54.24906529017091
 20
26.0363433358707
 30
0.0
  0
VERTEX
  5
1D5
330
12F
100
AcDbEntity
  8
1_ANYTOOL_1MMDEEP_LABELS_S
100
AcDbVertex
100
AcDb2dVertex
 10
54.13308105467989
 20
26.15408538386171
 30
0.0
  0
VERTEX
  5
1D6
330
12F
100
AcDbEntity
  8
1_ANYTOOL_1MMDEEP_LABELS_S
100
AcDbVertex
100
AcDb2dVertex
 10
54.01874999999245
 20
26.27435951890629
 30
0.0
  0
VERTEX
  5
1D7
330
12F
100
AcDbEntity
  8
1_ANYTOOL_1MMDEEP_LABELS_S
100
AcDbVertex
100
AcDb2dVertex
 10
53.90607212610858
 20
26.39716574100444
 30
0.0
  0
VERTEX
  5
1D8
330
12F
100
AcDbEntity
  8
1_ANYTOOL_1MMDEEP_LABELS_S
100
AcDbVertex
100
AcDb2dVertex
 10
53.79504743302829
 20
26.52250405015617
 30
0.0
  0
VERTEX
  5
1D9
330
12F
100
AcDbEntity
  8
1_ANYTOOL_1MMDEEP_LABELS_S
100
AcDbVertex
100
AcDb2dVertex
 10
53.57795758927844
 20
26.78077692962032
 30
0.0
  0
VERTEX
  5
1DA
330
12F
100
AcDbEntity
  8
1_ANYTOOL_1MMDEEP_LABELS_S
100
AcDbVertex
100
AcDb2dVertex
 10
53.36748046874289
 20
27.04917815729875
 30
0.0
  0
VERTEX
  5
1DB
330
12F
100
AcDbEntity
  8
1_ANYTOOL_1MMDEEP_LABELS_S
100
AcDbVertex
100
AcDb2dVertex
 10
53.16361607142164
 20
27.32770773319146
 30
0.0
  0
VERTEX
  5
1DC
330
12F
100
AcDbEntity
  8
1_ANYTOOL_1MMDEEP_LABELS_S
100
AcDbVertex
100
AcDb2dVertex
 10
52.9663643973147
 20
27.61636565729845
 30
0.0
  0
VERTEX
  5
1DD
330
12F
100
AcDbEntity
  8
1_ANYTOOL_1MMDEEP_LABELS_S
100
AcDbVertex
100
AcDb2dVertex
 10
52.77572544642206
 20
27.91515192961973
 30
0.0
  0
VERTEX
  5
1DE
330
12F
100
AcDbEntity
  8
1_ANYTOOL_1MMDEEP_LABELS_S
100
AcDbVertex
100
AcDb2dVertex
 10
52.59169921874372
 20
28.22406655015528
 30
0.0
  0
VERTEX
  5
1DF
330
12F
100
AcDbEntity
  8
1_ANYTOOL_1MMDEEP_LABELS_S
100
AcDbVertex
100
AcDb2dVertex
 10
52.41428571427969
 20
28.54310951890511
 30
0.0
  0
VERTEX
  5
1E0
330
12F
100
AcDbEntity
  8
1_ANYTOOL_1MMDEEP_LABELS_S
100
AcDbVertex
100
AcDb2dVertex
 10
52.08214285713638
 20
29.19149121533422
 30
0.0
  0
VERTEX
  5
1E1
330
12F
100
AcDbEntity
  8
1_ANYTOOL_1MMDEEP_LABELS_S
100
AcDbVertex
100
AcDb2dVertex
 10
51.77142857142167
 20
29.84020773319185
 30
0.0
  0
VERTEX
  5
1E2
330
12F
100
AcDbEntity
  8
1_ANYTOOL_1MMDEEP_LABELS_S
100
AcDbVertex
100
AcDb2dVertex
 10
51.48214285713556
 20
30.48925907247798
 30
0.0
  0
VERTEX
  5
1E3
330
12F
100
AcDbEntity
  8
1_ANYTOOL_1MMDEEP_LABELS_S
100
AcDbVertex
100
AcDb2dVertex
 10
51.21428571427805
 20
31.13864523319262
 30
0.0
  0
VERTEX
  5
1E4
330
12F
100
AcDbEntity
  8
1_ANYTOOL_1MMDEEP_LABELS_S
100
AcDbVertex
100
AcDb2dVertex
 10
50.96785714284914
 20
31.78836621533577
 30
0.0
  0
VERTEX
  5
1E5
330
12F
100
AcDbEntity
  8
1_ANYTOOL_1MMDEEP_LABELS_S
100
AcDbVertex
100
AcDb2dVertex
 10
50.74285714284883
 20
32.43842201890743
 30
0.0
  0
VERTEX
  5
1E6
330
12F
100
AcDbEntity
  8
1_ANYTOOL_1MMDEEP_LABELS_S
100
AcDbVertex
100
AcDb2dVertex
 10
50.53928571427713
 20
33.0888126439076
 30
0.0
  0
VERTEX
  5
1E7
330
12F
100
AcDbEntity
  8
1_ANYTOOL_1MMDEEP_LABELS_S
100
AcDbVertex
100
AcDb2dVertex
 10
50.35714285713402
 20
33.73953809033628
 30
0.0
  0
VERTEX
  5
1E8
330
12F
100
AcDbEntity
  8
1_ANYTOOL_1MMDEEP_LABELS_S
100
AcDbVertex
100
AcDb2dVertex
 10
50.19642857141952
 20
34.39059835819347
 30
0.0
  0
VERTEX
  5
1E9
330
12F
100
AcDbEntity
  8
1_ANYTOOL_1MMDEEP_LABELS_S
100
AcDbVertex
100
AcDb2dVertex
 10
50.05714285713361
 20
35.04199344747917
 30
0.0
  0
VERTEX
  5
1EA
330
12F
100
AcDbEntity
  8
1_ANYTOOL_1MMDEEP_LABELS_S
100
AcDbVertex
100
AcDb2dVertex
 10
49.93928571427631
 20
35.69372335819338
 30
0.0
  0
VERTEX
  5
1EB
330
12F
100
AcDbEntity
  8
1_ANYTOOL_1MMDEEP_LABELS_S
100
AcDbVertex
100
AcDb2dVertex
 10
49.84285714284761
 20
36.3457880903361
 30
0.0
  0
VERTEX
  5
1EC
330
12F
100
AcDbEntity
  8
1_ANYTOOL_1MMDEEP_LABELS_S
100
AcDbVertex
100
AcDb2dVertex
 10
49.7678571428475
 20
36.99818764390733
 30
0.0
  0
VERTEX
  5
1ED
330
12F
100
AcDbEntity
  8
1_ANYTOOL_1MMDEEP_LABELS_S
100
AcDbVertex
100
AcDb2dVertex
 10
49.714285714276
 20
37.65092201890707
 30
0.0
  0
VERTEX
  5
1EE
330
12F
100
AcDbEntity
  8
1_ANYTOOL_1MMDEEP_LABELS_S
100
AcDbVertex
100
AcDb2dVertex
 10
49.6821428571331
 20
38.30399121533532
 30
0.0
  0
VERTEX
  5
1EF
330
12F
100
AcDbEntity
  8
1_ANYTOOL_1MMDEEP_LABELS_S
100
AcDbVertex
100
AcDb2dVertex
 10
49.6714285714188
 20
38.95739523319207
 30
0.0
  0
VERTEX
  5
1F0
330
12F
100
AcDbEntity
  8
1_ANYTOOL_1MMDEEP_LABELS_S
100
AcDbVertex
100
AcDb2dVertex
 10
49.68264508927595
 20
39.65081041176339
 30
0.0
  0
VERTEX
  5
1F1
330
12F
100
AcDbEntity
  8
1_ANYTOOL_1MMDEEP_LABELS_S
100
AcDbVertex
100
AcDb2dVertex
 10
49.7162946428474
 20
40.33819880462045
 30
0.0
  0
VERTEX
  5
1F2
330
12F
100
AcDbEntity
  8
1_ANYTOOL_1MMDEEP_LABELS_S
100
AcDbVertex
100
AcDb2dVertex
 10
49.77237723213315
 20
41.01956041176325
 30
0.0
  0
VERTEX
  5
1F3
330
12F
100
AcDbEntity
  8
1_ANYTOOL_1MMDEEP_LABELS_S
100
AcDbVertex
100
AcDb2dVertex
 10
49.8508928571332
 20
41.6948952331918
 30
0.0
  0
VERTEX
  5
1F4
330
12F
100
AcDbEntity
  8
1_ANYTOOL_1MMDEEP_LABELS_S
100
AcDbVertex
100
AcDb2dVertex
 10
49.95184151784755
 20
42.3642032689061
 30
0.0
  0
VERTEX
  5
1F5
330
12F
100
AcDbEntity
  8
1_ANYTOOL_1MMDEEP_LABELS_S
100
AcDbVertex
100
AcDb2dVertex
 10
50.07522321427621
 20
43.02748451890614
 30
0.0
  0
VERTEX
  5
1F6
330
12F
100
AcDbEntity
  8
1_ANYTOOL_1MMDEEP_LABELS_S
100
AcDbVertex
100
AcDb2dVertex
 10
50.22103794641916
 20
43.68473898319192
 30
0.0
  0
VERTEX
  5
1F7
330
12F
100
AcDbEntity
  8
1_ANYTOOL_1MMDEEP_LABELS_S
100
AcDbVertex
100
AcDb2dVertex
 10
50.38928571427641
 20
44.33596666176345
 30
0.0
  0
VERTEX
  5
1F8
330
12F
100
AcDbEntity
  8
1_ANYTOOL_1MMDEEP_LABELS_S
100
AcDbVertex
100
AcDb2dVertex
 10
50.57996651784796
 20
44.98116755462073
 30
0.0
  0
VERTEX
  5
1F9
330
12F
100
AcDbEntity
  8
1_ANYTOOL_1MMDEEP_LABELS_S
100
AcDbVertex
100
AcDb2dVertex
 10
50.79308035713382
 20
45.62034166176375
 30
0.0
  0
VERTEX
  5
1FA
330
12F
100
AcDbEntity
  8
1_ANYTOOL_1MMDEEP_LABELS_S
100
AcDbVertex
100
AcDb2dVertex
 10
51.02862723213397
 20
46.25348898319251
 30
0.0
  0
VERTEX
  5
1FB
330
12F
100
AcDbEntity
  8
1_ANYTOOL_1MMDEEP_LABELS_S
100
AcDbVertex
100
AcDb2dVertex
 10
51.28660714284842
 20
46.88060951890702
 30
0.0
  0
VERTEX
  5
1FC
330
12F
100
AcDbEntity
  8
1_ANYTOOL_1MMDEEP_LABELS_S
100
AcDbVertex
100
AcDb2dVertex
 10
51.56702008927718
 20
47.50170326890728
 30
0.0
  0
VERTEX
  5
1FD
330
12F
100
AcDbEntity
  8
1_ANYTOOL_1MMDEEP_LABELS_S
100
AcDbVertex
100
AcDb2dVertex
 10
51.86986607142023
 20
48.11677023319328
 30
0.0
  0
VERTEX
  5
1FE
330
12F
100
AcDbEntity
  8
1_ANYTOOL_1MMDEEP_LABELS_S
100
AcDbVertex
100
AcDb2dVertex
 10
52.19514508927759
 20
48.72581041176502
 30
0.0
  0
VERTEX
  5
1FF
330
12F
100
AcDbEntity
  8
1_ANYTOOL_1MMDEEP_LABELS_S
100
AcDbVertex
100
AcDb2dVertex
 10
52.54285714284924
 20
49.32882380462252
 30
0.0
  0
VERTEX
  5
200
330
12F
100
AcDbEntity
  8
1_ANYTOOL_1MMDEEP_LABELS_S
100
AcDbVertex
100
AcDb2dVertex
 10
52.72826450892074
 20
49.62677302337266
 30
0.0
  0
VERTEX
  5
201
330
12F
100
AcDbEntity
  8
1_ANYTOOL_1MMDEEP_LABELS_S
100
AcDbVertex
100
AcDb2dVertex
 10
52.92020089284938
 20
49.91526353676565
 30
0.0
  0
VERTEX
  5
202
330
12F
100
AcDbEntity
  8
1_ANYTOOL_1MMDEEP_LABELS_S
100
AcDbVertex
100
AcDb2dVertex
 10
53.11866629463515
 20
50.1942953448015
 30
0.0
  0
VERTEX
  5
203
330
12F
100
AcDbEntity
  8
1_ANYTOOL_1MMDEEP_LABELS_S
100
AcDbVertex
100
AcDb2dVertex
 10
53.32366071427805
 20
50.46386844748019
 30
0.0
  0
VERTEX
  5
204
330
12F
100
AcDbEntity
  8
1_ANYTOOL_1MMDEEP_LABELS_S
100
AcDbVertex
100
AcDb2dVertex
 10
53.53518415177808
 20
50.72398284480175
 30
0.0
  0
VERTEX
  5
205
330
12F
100
AcDbEntity
  8
1_ANYTOOL_1MMDEEP_LABELS_S
100
AcDbVertex
100
AcDb2dVertex
 10
53.75323660713525
 20
50.97463853676615
 30
0.0
  0
VERTEX
  5
206
330
12F
100
AcDbEntity
  8
1_ANYTOOL_1MMDEEP_LABELS_S
100
AcDbVertex
100
AcDb2dVertex
 10
53.97781808034955
 20
51.21583552337341
 30
0.0
  0
VERTEX
  5
207
330
12F
100
AcDbEntity
  8
1_ANYTOOL_1MMDEEP_LABELS_S
100
AcDbVertex
100
AcDb2dVertex
 10
54.20892857142098
 20
51.44757380462352
 30
0.0
  0
VERTEX
  5
208
330
12F
100
AcDbEntity
  8
1_ANYTOOL_1MMDEEP_LABELS_S
100
AcDbVertex
100
AcDb2dVertex
 10
54.32693219865313
 20
51.55989593073964
 30
0.0
  0
VERTEX
  5
209
330
12F
100
AcDbEntity
  8
1_ANYTOOL_1MMDEEP_LABELS_S
100
AcDbVertex
100
AcDb2dVertex
 10
54.44656808034955
 20
51.66985338051648
 30
0.0
  0
VERTEX
  5
20A
330
12F
100
AcDbEntity
  8
1_ANYTOOL_1MMDEEP_LABELS_S
100
AcDbVertex
100
AcDb2dVertex
 10
54.56783621651026
 20
51.77744615395403
 30
0.0
  0
VERTEX
  5
20B
330
12F
100
AcDbEntity
  8
1_ANYTOOL_1MMDEEP_LABELS_S
100
AcDbVertex
100
AcDb2dVertex
 10
54.69073660713525
 20
51.88267425105229
 30
0.0
  0
VERTEX
  5
20C
330
12F
100
AcDbEntity
  8
1_ANYTOOL_1MMDEEP_LABELS_S
100
AcDbVertex
100
AcDb2dVertex
 10
54.81526925222452
 20
51.98553767181127
 30
0.0
  0
VERTEX
  5
20D
330
12F
100
AcDbEntity
  8
1_ANYTOOL_1MMDEEP_LABELS_S
100
AcDbVertex
100
AcDb2dVertex
 10
54.94143415177808
 20
52.08603641623096
 30
0.0
  0
VERTEX
  5
20E
330
12F
100
AcDbEntity
  8
1_ANYTOOL_1MMDEEP_LABELS_S
100
AcDbVertex
100
AcDb2dVertex
 10
55.06923130579592
 20
52.18417048431137
 30
0.0
  0
VERTEX
  5
20F
330
12F
100
AcDbEntity
  8
1_ANYTOOL_1MMDEEP_LABELS_S
100
AcDbVertex
100
AcDb2dVertex
 10
55.19866071427805
 20
52.27993987605248
 30
0.0
  0
VERTEX
  5
210
330
12F
100
AcDbEntity
  8
1_ANYTOOL_1MMDEEP_LABELS_S
100
AcDbVertex
100
AcDb2dVertex
 10
55.32972237722446
 20
52.37334459145431
 30
0.0
  0
VERTEX
  5
211
330
12F
100
AcDbEntity
  8
1_ANYTOOL_1MMDEEP_LABELS_S
100
AcDbVertex
100
AcDb2dVertex
 10
55.46241629463515
 20
52.46438463051685
 30
0.0
  0
VERTEX
  5
212
330
12F
100
AcDbEntity
  8
1_ANYTOOL_1MMDEEP_LABELS_S
100
AcDbVertex
100
AcDb2dVertex
 10
55.59674246651012
 20
52.55305999324011
 30
0.0
  0
VERTEX
  5
213
330
12F
100
AcDbEntity
  8
1_ANYTOOL_1MMDEEP_LABELS_S
100
AcDbVertex
100
AcDb2dVertex
 10
55.73270089284938
 20
52.63937067962408
 30
0.0
  0
VERTEX
  5
214
330
12F
100
AcDbEntity
  8
1_ANYTOOL_1MMDEEP_LABELS_S
100
AcDbVertex
100
AcDb2dVertex
 10
55.87029157365292
 20
52.72331668966876
 30
0.0
  0
VERTEX
  5
215
330
12F
100
AcDbEntity
  8
1_ANYTOOL_1MMDEEP_LABELS_S
100
AcDbVertex
100
AcDb2dVertex
 10
56.00951450892074
 20
52.80489802337416
 30
0.0
  0
VERTEX
  5
216
330
12F
100
AcDbEntity
  8
1_ANYTOOL_1MMDEEP_LABELS_S
100
AcDbVertex
100
AcDb2dVertex
 10
56.15036969865285
 20
52.88411468074027
 30
0.0
  0
VERTEX
  5
217
330
12F
100
AcDbEntity
  8
1_ANYTOOL_1MMDEEP_LABELS_S
100
AcDbVertex
100
AcDb2dVertex
 10
56.29285714284924
 20
52.96096666176709
 30
0.0
  0
VERTEX
  5
218
330
12F
100
AcDbEntity
  8
1_ANYTOOL_1MMDEEP_LABELS_S
100
AcDbVertex
100
AcDb2dVertex
 10
56.43697684150992
 20
53.03545396645463
 30
0.0
  0
VERTEX
  5
219
330
12F
100
AcDbEntity
  8
1_ANYTOOL_1MMDEEP_LABELS_S
100
AcDbVertex
100
AcDb2dVertex
 10
56.58272879463487
 20
53.10757659480287
 30
0.0
  0
VERTEX
  5
21A
330
12F
100
AcDbEntity
  8
1_ANYTOOL_1MMDEEP_LABELS_S
100
AcDbVertex
100
AcDb2dVertex
 10
56.87912946427764
 20
53.24472782248151
 30
0.0
  0
VERTEX
  5
21B
330
12F
100
AcDbEntity
  8
1_ANYTOOL_1MMDEEP_LABELS_S
100
AcDbVertex
100
AcDb2dVertex
 10
57.18205915177754
 20
53.372420344803
 30
0.0
  0
VERTEX
  5
21C
330
12F
100
AcDbEntity
  8
1_ANYTOOL_1MMDEEP_LABELS_S
100
AcDbVertex
100
AcDb2dVertex
 10
57.49151785713457
 20
53.49065416176734
 30
0.0
  0
VERTEX
  5
21D
330
12F
100
AcDbEntity
  8
1_ANYTOOL_1MMDEEP_LABELS_S
100
AcDbVertex
100
AcDb2dVertex
 10
57.80750558034873
 20
53.59942927337453
 30
0.0
  0
VERTEX
  5
21E
330
12F
100
AcDbEntity
  8
1_ANYTOOL_1MMDEEP_LABELS_S
100
AcDbVertex
100
AcDb2dVertex
 10
58.13002232142003
 20
53.69874567962458
 30
0.0
  0
VERTEX
  5
21F
330
12F
100
AcDbEntity
  8
1_ANYTOOL_1MMDEEP_LABELS_S
100
AcDbVertex
100
AcDb2dVertex
 10
58.45906808034846
 20
53.78860338051748
 30
0.0
  0
VERTEX
  5
220
330
12F
100
AcDbEntity
  8
1_ANYTOOL_1MMDEEP_LABELS_S
100
AcDbVertex
100
AcDb2dVertex
 10
58.79464285713402
 20
53.86900237605323
 30
0.0
  0
VERTEX
  5
221
330
12F
100
AcDbEntity
  8
1_ANYTOOL_1MMDEEP_LABELS_S
100
AcDbVertex
100
AcDb2dVertex
 10
59.13674665177672
 20
53.93994266623184
 30
0.0
  0
VERTEX
  5
222
330
12F
100
AcDbEntity
  8
1_ANYTOOL_1MMDEEP_LABELS_S
100
AcDbVertex
100
AcDb2dVertex
 10
59.48537946427655
 20
54.00142425105329
 30
0.0
  0
VERTEX
  5
223
330
12F
100
AcDbEntity
  8
1_ANYTOOL_1MMDEEP_LABELS_S
100
AcDbVertex
100
AcDb2dVertex
 10
59.84054129463351
 20
54.0534471305176
 30
0.0
  0
VERTEX
  5
224
330
12F
100
AcDbEntity
  8
1_ANYTOOL_1MMDEEP_LABELS_S
100
AcDbVertex
100
AcDb2dVertex
 10
60.20223214284761
 20
54.09601130462477
 30
0.0
  0
VERTEX
  5
225
330
12F
100
AcDbEntity
  8
1_ANYTOOL_1MMDEEP_LABELS_S
100
AcDbVertex
100
AcDb2dVertex
 10
60.57045200891883
 20
54.12911677337478
 30
0.0
  0
VERTEX
  5
226
330
12F
100
AcDbEntity
  8
1_ANYTOOL_1MMDEEP_LABELS_S
100
AcDbVertex
100
AcDb2dVertex
 10
60.9452008928472
 20
54.15276353676765
 30
0.0
  0
VERTEX
  5
227
330
12F
100
AcDbEntity
  8
1_ANYTOOL_1MMDEEP_LABELS_S
100
AcDbVertex
100
AcDb2dVertex
 10
61.32647879463269
 20
54.16695159480337
 30
0.0
  0
SEQEND
  5
228
330
12F
100
AcDbEntity
  8
1_ANYTOOL_1MMDEEP_LABELS_S
  0
LINE
  5
229
330
1F
100
AcDbEntity
  8
1_ANYTOOL_1MMDEEP_LABELS_S
100
AcDbLine
 10
45.64285714284779
 20
37.71453809033846
 30
0.0
 11
36.85714285713766
 21
37.62882380462543
 31
0.0
  0
POLYLINE
  5
22A
330
1F
100
AcDbEntity
  8
1_ANYTOOL_1MMDEEP_LABELS_S
100
AcDb2dPolyline
 66
     1
 10
0.0
 20
0.0
 30
0.0
  0
VERTEX
  5
22B
330
22A
100
AcDbEntity
  8
1_ANYTOOL_1MMDEEP_LABELS_S
100
AcDbVertex
100
AcDb2dVertex
 10
1.285714285710128
 20
53.82882380462252
 30
0.0
  0
VERTEX
  5
22C
330
22A
100
AcDbEntity
  8
1_ANYTOOL_1MMDEEP_LABELS_S
100
AcDbVertex
100
AcDb2dVertex
 10
8.999999999992724
 20
23.82882380462252
 30
0.0
  0
VERTEX
  5
22D
330
22A
100
AcDbEntity
  8
1_ANYTOOL_1MMDEEP_LABELS_S
100
AcDbVertex
100
AcDb2dVertex
 10
17.4428571428507
 20
52.92882380462106
 30
0.0
  0
VERTEX
  5
22E
330
22A
100
AcDbEntity
  8
1_ANYTOOL_1MMDEEP_LABELS_S
100
AcDbVertex
100
AcDb2dVertex
 10
25.92857142856519
 20
23.82882380462252
 30
0.0
  0
VERTEX
  5
22F
330
22A
100
AcDbEntity
  8
1_ANYTOOL_1MMDEEP_LABELS_S
100
AcDbVertex
100
AcDb2dVertex
 10
33.42857142856519
 20
53.82882380462252
 30
0.0
  0
SEQEND
  5
230
330
22A
100
AcDbEntity
  8
1_ANYTOOL_1MMDEEP_LABELS_S
  0
POLYLINE
  5
232
330
1F
100
AcDbEntity
  8
3_ANYTOOL_CUTTHROUGH_INSID
100
AcDb2dPolyline
 66
     1
 10
0.0
 20
0.0
 30
0.0
 70
     1
  0
VERTEX
  5
233
330
232
100
AcDbEntity
  8
3_ANYTOOL_CUTTHROUGH_INSID
100
AcDbVertex
100
AcDb2dVertex
 10
42.24999999990541
 20
9.206000000100175
 30
0.0
  0
VERTEX
  5
234
330
232
100
AcDbEntity
  8
3_ANYTOOL_CUTTHROUGH_INSID
100
AcDbVertex
100
AcDb2dVertex
 10
77.74999999991996
 20
9.206000000100175
 30
0.0
  0
VERTEX
  5
235
330
232
100
AcDbEntity
  8
3_ANYTOOL_CUTTHROUGH_INSID
100
AcDbVertex
100
AcDb2dVertex
 10
77.74999999991269
 20
15.20600000010018
 30
0.0
  0
VERTEX
  5
236
330
232
100
AcDbEntity
  8
3_ANYTOOL_CUTTHROUGH_INSID
100
AcDbVertex
100
AcDb2dVertex
 10
90.24999999991269
 20
15.20600000010018
 30
0.0
  0
VERTEX
  5
237
330
232
100
AcDbEntity
  8
3_ANYTOOL_CUTTHROUGH_INSID
100
AcDbVertex
100
AcDb2dVertex
 10
90.24999999991269
 20
-33.29399999989982
 30
0.0
  0
VERTEX
  5
238
330
232
100
AcDbEntity
  8
3_ANYTOOL_CUTTHROUGH_INSID
100
AcDbVertex
100
AcDb2dVertex
 10
77.74999999991269
 20
-33.29399999989982
 30
0.0
  0
VERTEX
  5
239
330
232
100
AcDbEntity
  8
3_ANYTOOL_CUTTHROUGH_INSID
100
AcDbVertex
100
AcDb2dVertex
 10
77.74999999991996
 20
-27.29399999989982
 30
0.0
  0
VERTEX
  5
23A
330
232
100
AcDbEntity
  8
3_ANYTOOL_CUTTHROUGH_INSID
100
AcDbVertex
100
AcDb2dVertex
 10
42.24999999989814
 20
-27.29399999989982
 30
0.0
  0
VERTEX
  5
23B
330
232
100
AcDbEntity
  8
3_ANYTOOL_CUTTHROUGH_INSID
100
AcDbVertex
100
AcDb2dVertex
 10
42.24999999990541
 20
-33.29399999989982
 30
0.0
  0
VERTEX
  5
23C
330
232
100
AcDbEntity
  8
3_ANYTOOL_CUTTHROUGH_INSID
100
AcDbVertex
100
AcDb2dVertex
 10
29.74999999990541
 20
-33.29399999989982
 30
0.0
  0
VERTEX
  5
23D
330
232
100
AcDbEntity
  8
3_ANYTOOL_CUTTHROUGH_INSID
100
AcDbVertex
100
AcDb2dVertex
 10
29.74999999990541
 20
15.20600000010018
 30
0.0
  0
VERTEX
  5
23E
330
232
100
AcDbEntity
  8
3_ANYTOOL_CUTTHROUGH_INSID
100
AcDbVertex
100
AcDb2dVertex
 10
42.24999999990541
 20
15.20600000010018
 30
0.0
  0
SEQEND
  5
23F
330
232
100
AcDbEntity
  8
3_ANYTOOL_CUTTHROUGH_INSID
  0
POLYLINE
  5
240
330
1F
100
AcDbEntity
  8
3_ANYTOOL_CUTTHROUGH_INSID
100
AcDb2dPolyline
 66
     1
 10
0.0
 20
0.0
 30
0.0
 70
     1
  0
VERTEX
  5
241
330
240
100
AcDbEntity
  8
3_ANYTOOL_CUTTHROUGH_INSID
100
AcDbVertex
100
AcDb2dVertex
 10
-42.25000000002183
 20
9.206000000100175
 30
0.0
  0
VERTEX
  5
242
330
240
100
AcDbEntity
  8
3_ANYTOOL_CUTTHROUGH_INSID
100
AcDbVertex
100
AcDb2dVertex
 10
-42.25000000002183
 20
15.20600000010018
 30
0.0
  0
VERTEX
  5
243
330
240
100
AcDbEntity
  8
3_ANYTOOL_CUTTHROUGH_INSID
100
AcDbVertex
100
AcDb2dVertex
 10
-29.75000000002183
 20
15.20600000010018
 30
0.0
  0
VERTEX
  5
244
330
240
100
AcDbEntity
  8
3_ANYTOOL_CUTTHROUGH_INSID
100
AcDbVertex
100
AcDb2dVertex
 10
-29.75000000002183
 20
-33.29399999989982
 30
0.0
  0
VERTEX
  5
245
330
240
100
AcDbEntity
  8
3_ANYTOOL_CUTTHROUGH_INSID
100
AcDbVertex
100
AcDb2dVertex
 10
-42.25000000002183
 20
-33.29399999989982
 30
0.0
  0
VERTEX
  5
246
330
240
100
AcDbEntity
  8
3_ANYTOOL_CUTTHROUGH_INSID
100
AcDbVertex
100
AcDb2dVertex
 10
-42.25000000001455
 20
-27.29399999989982
 30
0.0
  0
VERTEX
  5
247
330
240
100
AcDbEntity
  8
3_ANYTOOL_CUTTHROUGH_INSID
100
AcDbVertex
100
AcDb2dVertex
 10
-77.75000000003638
 20
-27.29399999989982
 30
0.0
  0
VERTEX
  5
248
330
240
100
AcDbEntity
  8
3_ANYTOOL_CUTTHROUGH_INSID
100
AcDbVertex
100
AcDb2dVertex
 10
-77.7500000000291
 20
-33.29399999989982
 30
0.0
  0
VERTEX
  5
249
330
240
100
AcDbEntity
  8
3_ANYTOOL_CUTTHROUGH_INSID
100
AcDbVertex
100
AcDb2dVertex
 10
-90.2500000000291
 20
-33.29399999989982
 30
0.0
  0
VERTEX
  5
24A
330
240
100
AcDbEntity
  8
3_ANYTOOL_CUTTHROUGH_INSID
100
AcDbVertex
100
AcDb2dVertex
 10
-90.2500000000291
 20
15.20600000010018
 30
0.0
  0
VERTEX
  5
24B
330
240
100
AcDbEntity
  8
3_ANYTOOL_CUTTHROUGH_INSID
100
AcDbVertex
100
AcDb2dVertex
 10
-77.7500000000291
 20
15.20600000010018
 30
0.0
  0
VERTEX
  5
24C
330
240
100
AcDbEntity
  8
3_ANYTOOL_CUTTHROUGH_INSID
100
AcDbVertex
100
AcDb2dVertex
 10
-77.75000000003638
 20
9.206000000100175
 30
0.0
  0
SEQEND
  5
24D
330
240
100
AcDbEntity
  8
3_ANYTOOL_CUTTHROUGH_INSID
  0
POLYLINE
  5
24E
330
1F
100
AcDbEntity
  8
3_ANYTOOL_CUTTHROUGH_INSID
100
AcDb2dPolyline
 66
     1
 10
0.0
 20
0.0
 30
0.0
 70
     1
  0
VERTEX
  5
24F
330
24E
100
AcDbEntity
  8
3_ANYTOOL_CUTTHROUGH_INSID
100
AcDbVertex
100
AcDb2dVertex
 10
162.2499999999054
 20
9.206000000100175
 30
0.0
  0
VERTEX
  5
250
330
24E
100
AcDbEntity
  8
3_ANYTOOL_CUTTHROUGH_INSID
100
AcDbVertex
100
AcDb2dVertex
 10
197.74999999992
 20
9.206000000100175
 30
0.0
  0
VERTEX
  5
251
330
24E
100
AcDbEntity
  8
3_ANYTOOL_CUTTHROUGH_INSID
100
AcDbVertex
100
AcDb2dVertex
 10
197.7499999999127
 20
15.20600000010018
 30
0.0
  0
VERTEX
  5
252
330
24E
100
AcDbEntity
  8
3_ANYTOOL_CUTTHROUGH_INSID
100
AcDbVertex
100
AcDb2dVertex
 10
210.2499999999127
 20
15.20600000010018
 30
0.0
  0
VERTEX
  5
253
330
24E
100
AcDbEntity
  8
3_ANYTOOL_CUTTHROUGH_INSID
100
AcDbVertex
100
AcDb2dVertex
 10
210.2499999999127
 20
-33.29399999989982
 30
0.0
  0
VERTEX
  5
254
330
24E
100
AcDbEntity
  8
3_ANYTOOL_CUTTHROUGH_INSID
100
AcDbVertex
100
AcDb2dVertex
 10
197.7499999999127
 20
-33.29399999989982
 30
0.0
  0
VERTEX
  5
255
330
24E
100
AcDbEntity
  8
3_ANYTOOL_CUTTHROUGH_INSID
100
AcDbVertex
100
AcDb2dVertex
 10
197.74999999992
 20
-27.29399999989982
 30
0.0
  0
VERTEX
  5
256
330
24E
100
AcDbEntity
  8
3_ANYTOOL_CUTTHROUGH_INSID
100
AcDbVertex
100
AcDb2dVertex
 10
162.2499999998981
 20
-27.29399999989982
 30
0.0
  0
VERTEX
  5
257
330
24E
100
AcDbEntity
  8
3_ANYTOOL_CUTTHROUGH_INSID
100
AcDbVertex
100
AcDb2dVertex
 10
162.2499999999054
 20
-33.29399999989982
 30
0.0
  0
VERTEX
  5
258
330
24E
100
AcDbEntity
  8
3_ANYTOOL_CUTTHROUGH_INSID
100
AcDbVertex
100
AcDb2dVertex
 10
149.7499999999054
 20
-33.29399999989982
 30
0.0
  0
VERTEX
  5
259
330
24E
100
AcDbEntity
  8
3_ANYTOOL_CUTTHROUGH_INSID
100
AcDbVertex
100
AcDb2dVertex
 10
149.7499999999054
 20
15.20600000010018
 30
0.0
  0
VERTEX
  5
25A
330
24E
100
AcDbEntity
  8
3_ANYTOOL_CUTTHROUGH_INSID
100
AcDbVertex
100
AcDb2dVertex
 10
162.2499999999054
 20
15.20600000010018
 30
0.0
  0
SEQEND
  5
25B
330
24E
100
AcDbEntity
  8
3_ANYTOOL_CUTTHROUGH_INSID
  0
POLYLINE
  5
25C
330
1F
100
AcDbEntity
  8
3_ANYTOOL_CUTTHROUGH_INSID
100
AcDb2dPolyline
 66
     1
 10
0.0
 20
0.0
 30
0.0
 70
     1
  0
VERTEX
  5
25D
330
25C
100
AcDbEntity
  8
3_ANYTOOL_CUTTHROUGH_INSID
100
AcDbVertex
100
AcDb2dVertex
 10
282.2499999999054
 20
9.206000000100175
 30
0.0
  0
VERTEX
  5
25E
330
25C
100
AcDbEntity
  8
3_ANYTOOL_CUTTHROUGH_INSID
100
AcDbVertex
100
AcDb2dVertex
 10
317.74999999992
 20
9.206000000100175
 30
0.0
  0
VERTEX
  5
25F
330
25C
100
AcDbEntity
  8
3_ANYTOOL_CUTTHROUGH_INSID
100
AcDbVertex
100
AcDb2dVertex
 10
317.7499999999127
 20
15.20600000010018
 30
0.0
  0
VERTEX
  5
260
330
25C
100
AcDbEntity
  8
3_ANYTOOL_CUTTHROUGH_INSID
100
AcDbVertex
100
AcDb2dVertex
 10
330.2499999999127
 20
15.20600000010018
 30
0.0
  0
VERTEX
  5
261
330
25C
100
AcDbEntity
  8
3_ANYTOOL_CUTTHROUGH_INSID
100
AcDbVertex
100
AcDb2dVertex
 10
330.2499999999127
 20
-33.29399999989982
 30
0.0
  0
VERTEX
  5
262
330
25C
100
AcDbEntity
  8
3_ANYTOOL_CUTTHROUGH_INSID
100
AcDbVertex
100
AcDb2dVertex
 10
317.7499999999127
 20
-33.29399999989982
 30
0.0
  0
VERTEX
  5
263
330
25C
100
AcDbEntity
  8
3_ANYTOOL_CUTTHROUGH_INSID
100
AcDbVertex
100
AcDb2dVertex
 10
317.74999999992
 20
-27.29399999989982
 30
0.0
  0
VERTEX
  5
264
330
25C
100
AcDbEntity
  8
3_ANYTOOL_CUTTHROUGH_INSID
100
AcDbVertex
100
AcDb2dVertex
 10
282.2499999998981
 20
-27.29399999989982
 30
0.0
  0
VERTEX
  5
265
330
25C
100
AcDbEntity
  8
3_ANYTOOL_CUTTHROUGH_INSID
100
AcDbVertex
100
AcDb2dVertex
 10
282.2499999999054
 20
-33.29399999989982
 30
0.0
  0
VERTEX
  5
266
330
25C
100
AcDbEntity
  8
3_ANYTOOL_CUTTHROUGH_INSID
100
AcDbVertex
100
AcDb2dVertex
 10
269.7499999999054
 20
-33.29399999989982
 30
0.0
  0
VERTEX
  5
267
330
25C
100
AcDbEntity
  8
3_ANYTOOL_CUTTHROUGH_INSID
100
AcDbVertex
100
AcDb2dVertex
 10
269.7499999999054
 20
15.20600000010018
 30
0.0
  0
VERTEX
  5
268
330
25C
100
AcDbEntity
  8
3_ANYTOOL_CUTTHROUGH_INSID
100
AcDbVertex
100
AcDb2dVertex
 10
282.2499999999054
 20
15.20600000010018
 30
0.0
  0
SEQEND
  5
269
330
25C
100
AcDbEntity
  8
3_ANYTOOL_CUTTHROUGH_INSID
  0
POLYLINE
  5
26A
330
1F
100
AcDbEntity
  8
3_ANYTOOL_CUTTHROUGH_INSID
100
AcDb2dPolyline
 66
     1
 10
0.0
 20
0.0
 30
0.0
 70
     1
  0
VERTEX
  5
26B
330
26A
100
AcDbEntity
  8
3_ANYTOOL_CUTTHROUGH_INSID
100
AcDbVertex
100
AcDb2dVertex
 10
402.2499999999054
 20
9.206000000100175
 30
0.0
  0
VERTEX
  5
26C
330
26A
100
AcDbEntity
  8
3_ANYTOOL_CUTTHROUGH_INSID
100
AcDbVertex
100
AcDb2dVertex
 10
437.74999999992
 20
9.206000000100175
 30
0.0
  0
VERTEX
  5
26D
330
26A
100
AcDbEntity
  8
3_ANYTOOL_CUTTHROUGH_INSID
100
AcDbVertex
100
AcDb2dVertex
 10
437.7499999999127
 20
15.20600000010018
 30
0.0
  0
VERTEX
  5
26E
330
26A
100
AcDbEntity
  8
3_ANYTOOL_CUTTHROUGH_INSID
100
AcDbVertex
100
AcDb2dVertex
 10
450.2499999999127
 20
15.20600000010018
 30
0.0
  0
VERTEX
  5
26F
330
26A
100
AcDbEntity
  8
3_ANYTOOL_CUTTHROUGH_INSID
100
AcDbVertex
100
AcDb2dVertex
 10
450.2499999999127
 20
-33.29399999989982
 30
0.0
  0
VERTEX
  5
270
330
26A
100
AcDbEntity
  8
3_ANYTOOL_CUTTHROUGH_INSID
100
AcDbVertex
100
AcDb2dVertex
 10
437.7499999999127
 20
-33.29399999989982
 30
0.0
  0
VERTEX
  5
271
330
26A
100
AcDbEntity
  8
3_ANYTOOL_CUTTHROUGH_INSID
100
AcDbVertex
100
AcDb2dVertex
 10
437.74999999992
 20
-27.29399999989982
 30
0.0
  0
VERTEX
  5
272
330
26A
100
AcDbEntity
  8
3_ANYTOOL_CUTTHROUGH_INSID
100
AcDbVertex
100
AcDb2dVertex
 10
402.2499999998981
 20
-27.29399999989982
 30
0.0
  0
VERTEX
  5
273
330
26A
100
AcDbEntity
  8
3_ANYTOOL_CUTTHROUGH_INSID
100
AcDbVertex
100
AcDb2dVertex
 10
402.2499999999054
 20
-33.29399999989982
 30
0.0
  0
VERTEX
  5
274
330
26A
100
AcDbEntity
  8
3_ANYTOOL_CUTTHROUGH_INSID
100
AcDbVertex
100
AcDb2dVertex
 10
389.7499999999054
 20
-33.29399999989982
 30
0.0
  0
VERTEX
  5
275
330
26A
100
AcDbEntity
  8
3_ANYTOOL_CUTTHROUGH_INSID
100
AcDbVertex
100
AcDb2dVertex
 10
389.7499999999054
 20
15.20600000010018
 30
0.0
  0
VERTEX
  5
276
330
26A
100
AcDbEntity
  8
3_ANYTOOL_CUTTHROUGH_INSID
100
AcDbVertex
100
AcDb2dVertex
 10
402.2499999999054
 20
15.20600000010018
 30
0.0
  0
SEQEND
  5
277
330
26A
100
AcDbEntity
  8
3_ANYTOOL_CUTTHROUGH_INSID
  0
POLYLINE
  5
278
330
1F
100
AcDbEntity
  8
3_ANYTOOL_CUTTHROUGH_INSID
100
AcDb2dPolyline
 66
     1
 10
0.0
 20
0.0
 30
0.0
 70
     1
  0
VERTEX
  5
279
330
278
100
AcDbEntity
  8
3_ANYTOOL_CUTTHROUGH_INSID
100
AcDbVertex
100
AcDb2dVertex
 10
522.2499999999054
 20
9.206000000100175
 30
0.0
  0
VERTEX
  5
27A
330
278
100
AcDbEntity
  8
3_ANYTOOL_CUTTHROUGH_INSID
100
AcDbVertex
100
AcDb2dVertex
 10
557.74999999992
 20
9.206000000100175
 30
0.0
  0
VERTEX
  5
27B
330
278
100
AcDbEntity
  8
3_ANYTOOL_CUTTHROUGH_INSID
100
AcDbVertex
100
AcDb2dVertex
 10
557.7499999999127
 20
15.20600000010018
 30
0.0
  0
VERTEX
  5
27C
330
278
100
AcDbEntity
  8
3_ANYTOOL_CUTTHROUGH_INSID
100
AcDbVertex
100
AcDb2dVertex
 10
570.2499999999127
 20
15.20600000010018
 30
0.0
  0
VERTEX
  5
27D
330
278
100
AcDbEntity
  8
3_ANYTOOL_CUTTHROUGH_INSID
100
AcDbVertex
100
AcDb2dVertex
 10
570.2499999999127
 20
-33.29399999989982
 30
0.0
  0
VERTEX
  5
27E
330
278
100
AcDbEntity
  8
3_ANYTOOL_CUTTHROUGH_INSID
100
AcDbVertex
100
AcDb2dVertex
 10
557.7499999999127
 20
-33.29399999989982
 30
0.0
  0
VERTEX
  5
27F
330
278
100
AcDbEntity
  8
3_ANYTOOL_CUTTHROUGH_INSID
100
AcDbVertex
100
AcDb2dVertex
 10
557.74999999992
 20
-27.29399999989982
 30
0.0
  0
VERTEX
  5
280
330
278
100
AcDbEntity
  8
3_ANYTOOL_CUTTHROUGH_INSID
100
AcDbVertex
100
AcDb2dVertex
 10
522.2499999998981
 20
-27.29399999989982
 30
0.0
  0
VERTEX
  5
281
330
278
100
AcDbEntity
  8
3_ANYTOOL_CUTTHROUGH_INSID
100
AcDbVertex
100
AcDb2dVertex
 10
522.2499999999054
 20
-33.29399999989982
 30
0.0
  0
VERTEX
  5
282
330
278
100
AcDbEntity
  8
3_ANYTOOL_CUTTHROUGH_INSID
100
AcDbVertex
100
AcDb2dVertex
 10
509.7499999999054
 20
-33.29399999989982
 30
0.0
  0
VERTEX
  5
283
330
278
100
AcDbEntity
  8
3_ANYTOOL_CUTTHROUGH_INSID
100
AcDbVertex
100
AcDb2dVertex
 10
509.7499999999054
 20
15.20600000010018
 30
0.0
  0
VERTEX
  5
284
330
278
100
AcDbEntity
  8
3_ANYTOOL_CUTTHROUGH_INSID
100
AcDbVertex
100
AcDb2dVertex
 10
522.2499999999054
 20
15.20600000010018
 30
0.0
  0
SEQEND
  5
285
330
278
100
AcDbEntity
  8
3_ANYTOOL_CUTTHROUGH_INSID
  0
POLYLINE
  5
286
330
1F
100
AcDbEntity
  8
3_ANYTOOL_CUTTHROUGH_INSID
100
AcDb2dPolyline
 66
     1
 10
0.0
 20
0.0
 30
0.0
 70
     1
  0
VERTEX
  5
287
330
286
100
AcDbEntity
  8
3_ANYTOOL_CUTTHROUGH_INSID
100
AcDbVertex
100
AcDb2dVertex
 10
642.2499999999054
 20
9.206000000100175
 30
0.0
  0
VERTEX
  5
288
330
286
100
AcDbEntity
  8
3_ANYTOOL_CUTTHROUGH_INSID
100
AcDbVertex
100
AcDb2dVertex
 10
677.74999999992
 20
9.206000000100175
 30
0.0
  0
VERTEX
  5
289
330
286
100
AcDbEntity
  8
3_ANYTOOL_CUTTHROUGH_INSID
100
AcDbVertex
100
AcDb2dVertex
 10
677.7499999999127
 20
15.20600000010018
 30
0.0
  0
VERTEX
  5
28A
330
286
100
AcDbEntity
  8
3_ANYTOOL_CUTTHROUGH_INSID
100
AcDbVertex
100
AcDb2dVertex
 10
690.2499999999127
 20
15.20600000010018
 30
0.0
  0
VERTEX
  5
28B
330
286
100
AcDbEntity
  8
3_ANYTOOL_CUTTHROUGH_INSID
100
AcDbVertex
100
AcDb2dVertex
 10
690.2499999999127
 20
-33.29399999989982
 30
0.0
  0
VERTEX
  5
28C
330
286
100
AcDbEntity
  8
3_ANYTOOL_CUTTHROUGH_INSID
100
AcDbVertex
100
AcDb2dVertex
 10
677.7499999999127
 20
-33.29399999989982
 30
0.0
  0
VERTEX
  5
28D
330
286
100
AcDbEntity
  8
3_ANYTOOL_CUTTHROUGH_INSID
100
AcDbVertex
100
AcDb2dVertex
 10
677.74999999992
 20
-27.29399999989982
 30
0.0
  0
VERTEX
  5
28E
330
286
100
AcDbEntity
  8
3_ANYTOOL_CUTTHROUGH_INSID
100
AcDbVertex
100
AcDb2dVertex
 10
642.2499999998981
 20
-27.29399999989982
 30
0.0
  0
VERTEX
  5
28F
330
286
100
AcDbEntity
  8
3_ANYTOOL_CUTTHROUGH_INSID
100
AcDbVertex
100
AcDb2dVertex
 10
642.2499999999054
 20
-33.29399999989982
 30
0.0
  0
VERTEX
  5
290
330
286
100
AcDbEntity
  8
3_ANYTOOL_CUTTHROUGH_INSID
100
AcDbVertex
100
AcDb2dVertex
 10
629.7499999999054
 20
-33.29399999989982
 30
0.0
  0
VERTEX
  5
291
330
286
100
AcDbEntity
  8
3_ANYTOOL_CUTTHROUGH_INSID
100
AcDbVertex
100
AcDb2dVertex
 10
629.7499999999054
 20
15.20600000010018
 30
0.0
  0
VERTEX
  5
292
330
286
100
AcDbEntity
  8
3_ANYTOOL_CUTTHROUGH_INSID
100
AcDbVertex
100
AcDb2dVertex
 10
642.2499999999054
 20
15.20600000010018
 30
0.0
  0
SEQEND
  5
293
330
286
100
AcDbEntity
  8
3_ANYTOOL_CUTTHROUGH_INSID
  0
POLYLINE
  5
294
330
1F
100
AcDbEntity
  8
3_ANYTOOL_CUTTHROUGH_INSID
100
AcDb2dPolyline
 66
     1
 10
0.0
 20
0.0
 30
0.0
 70
     1
  0
VERTEX
  5
295
330
294
100
AcDbEntity
  8
3_ANYTOOL_CUTTHROUGH_INSID
100
AcDbVertex
100
AcDb2dVertex
 10
762.2499999999054
 20
9.206000000100175
 30
0.0
  0
VERTEX
  5
296
330
294
100
AcDbEntity
  8
3_ANYTOOL_CUTTHROUGH_INSID
100
AcDbVertex
100
AcDb2dVertex
 10
797.74999999992
 20
9.206000000100175
 30
0.0
  0
VERTEX
  5
297
330
294
100
AcDbEntity
  8
3_ANYTOOL_CUTTHROUGH_INSID
100
AcDbVertex
100
AcDb2dVertex
 10
797.7499999999127
 20
15.20600000010018
 30
0.0
  0
VERTEX
  5
298
330
294
100
AcDbEntity
  8
3_ANYTOOL_CUTTHROUGH_INSID
100
AcDbVertex
100
AcDb2dVertex
 10
810.2499999999127
 20
15.20600000010018
 30
0.0
  0
VERTEX
  5
299
330
294
100
AcDbEntity
  8
3_ANYTOOL_CUTTHROUGH_INSID
100
AcDbVertex
100
AcDb2dVertex
 10
810.2499999999127
 20
-33.29399999989982
 30
0.0
  0
VERTEX
  5
29A
330
294
100
AcDbEntity
  8
3_ANYTOOL_CUTTHROUGH_INSID
100
AcDbVertex
100
AcDb2dVertex
 10
797.7499999999127
 20
-33.29399999989982
 30
0.0
  0
VERTEX
  5
29B
330
294
100
AcDbEntity
  8
3_ANYTOOL_CUTTHROUGH_INSID
100
AcDbVertex
100
AcDb2dVertex
 10
797.74999999992
 20
-27.29399999989982
 30
0.0
  0
VERTEX
  5
29C
330
294
100
AcDbEntity
  8
3_ANYTOOL_CUTTHROUGH_INSID
100
AcDbVertex
100
AcDb2dVertex
 10
762.2499999998981
 20
-27.29399999989982
 30
0.0
  0
VERTEX
  5
29D
330
294
100
AcDbEntity
  8
3_ANYTOOL_CUTTHROUGH_INSID
100
AcDbVertex
100
AcDb2dVertex
 10
762.2499999999054
 20
-33.29399999989982
 30
0.0
  0
VERTEX
  5
29E
330
294
100
AcDbEntity
  8
3_ANYTOOL_CUTTHROUGH_INSID
100
AcDbVertex
100
AcDb2dVertex
 10
749.7499999999054
 20
-33.29399999989982
 30
0.0
  0
VERTEX
  5
29F
330
294
100
AcDbEntity
  8
3_ANYTOOL_CUTTHROUGH_INSID
100
AcDbVertex
100
AcDb2dVertex
 10
749.7499999999054
 20
15.20600000010018
 30
0.0
  0
VERTEX
  5
2A0
330
294
100
AcDbEntity
  8
3_ANYTOOL_CUTTHROUGH_INSID
100
AcDbVertex
100
AcDb2dVertex
 10
762.2499999999054
 20
15.20600000010018
 30
0.0
  0
SEQEND
  5
2A1
330
294
100
AcDbEntity
  8
3_ANYTOOL_CUTTHROUGH_INSID
  0
POLYLINE
  5
2A2
330
1F
100
AcDbEntity
  8
3_ANYTOOL_CUTTHROUGH_INSID
100
AcDb2dPolyline
 66
     1
 10
0.0
 20
0.0
 30
0.0
 70
     1
  0
VERTEX
  5
2A3
330
2A2
100
AcDbEntity
  8
3_ANYTOOL_CUTTHROUGH_INSID
100
AcDbVertex
100
AcDb2dVertex
 10
882.2499999998981
 20
9.206000000100175
 30
0.0
  0
VERTEX
  5
2A4
330
2A2
100
AcDbEntity
  8
3_ANYTOOL_CUTTHROUGH_INSID
100
AcDbVertex
100
AcDb2dVertex
 10
917.7499999999127
 20
9.206000000100175
 30
0.0
  0
VERTEX
  5
2A5
330
2A2
100
AcDbEntity
  8
3_ANYTOOL_CUTTHROUGH_INSID
100
AcDbVertex
100
AcDb2dVertex
 10
917.7499999999054
 20
15.20600000010018
 30
0.0
  0
VERTEX
  5
2A6
330
2A2
100
AcDbEntity
  8
3_ANYTOOL_CUTTHROUGH_INSID
100
AcDbVertex
100
AcDb2dVertex
 10
930.2499999999054
 20
15.20600000010018
 30
0.0
  0
VERTEX
  5
2A7
330
2A2
100
AcDbEntity
  8
3_ANYTOOL_CUTTHROUGH_INSID
100
AcDbVertex
100
AcDb2dVertex
 10
930.2499999999054
 20
-33.29399999989982
 30
0.0
  0
VERTEX
  5
2A8
330
2A2
100
AcDbEntity
  8
3_ANYTOOL_CUTTHROUGH_INSID
100
AcDbVertex
100
AcDb2dVertex
 10
917.7499999999054
 20
-33.29399999989982
 30
0.0
  0
VERTEX
  5
2A9
330
2A2
100
AcDbEntity
  8
3_ANYTOOL_CUTTHROUGH_INSID
100
AcDbVertex
100
AcDb2dVertex
 10
917.7499999999127
 20
-27.29399999989982
 30
0.0
  0
VERTEX
  5
2AA
330
2A2
100
AcDbEntity
  8
3_ANYTOOL_CUTTHROUGH_INSID
100
AcDbVertex
100
AcDb2dVertex
 10
882.2499999998981
 20
-27.29399999989982
 30
0.0
  0
VERTEX
  5
2AB
330
2A2
100
AcDbEntity
  8
3_ANYTOOL_CUTTHROUGH_INSID
100
AcDbVertex
100
AcDb2dVertex
 10
882.2499999998981
 20
-33.29399999989982
 30
0.0
  0
VERTEX
  5
2AC
330
2A2
100
AcDbEntity
  8
3_ANYTOOL_CUTTHROUGH_INSID
100
AcDbVertex
100
AcDb2dVertex
 10
869.7499999998981
 20
-33.29399999989982
 30
0.0
  0
VERTEX
  5
2AD
330
2A2
100
AcDbEntity
  8
3_ANYTOOL_CUTTHROUGH_INSID
100
AcDbVertex
100
AcDb2dVertex
 10
869.7499999998981
 20
15.20600000010018
 30
0.0
  0
VERTEX
  5
2AE
330
2A2
100
AcDbEntity
  8
3_ANYTOOL_CUTTHROUGH_INSID
100
AcDbVertex
100
AcDb2dVertex
 10
882.2499999998981
 20
15.20600000010018
 30
0.0
  0
SEQEND
  5
2AF
330
2A2
100
AcDbEntity
  8
3_ANYTOOL_CUTTHROUGH_INSID
  0
POLYLINE
  5
2B0
330
1F
100
AcDbEntity
  8
3_ANYTOOL_CUTTHROUGH_INSID
100
AcDb2dPolyline
 66
     1
 10
0.0
 20
0.0
 30
0.0
 70
     1
  0
VERTEX
  5
2B1
330
2B0
100
AcDbEntity
  8
3_ANYTOOL_CUTTHROUGH_INSID
100
AcDbVertex
100
AcDb2dVertex
 10
1002.249999999898
 20
9.206000000100175
 30
0.0
  0
VERTEX
  5
2B2
330
2B0
100
AcDbEntity
  8
3_ANYTOOL_CUTTHROUGH_INSID
100
AcDbVertex
100
AcDb2dVertex
 10
1037.749999999913
 20
9.206000000100175
 30
0.0
  0
VERTEX
  5
2B3
330
2B0
100
AcDbEntity
  8
3_ANYTOOL_CUTTHROUGH_INSID
100
AcDbVertex
100
AcDb2dVertex
 10
1037.749999999905
 20
15.20600000010018
 30
0.0
  0
VERTEX
  5
2B4
330
2B0
100
AcDbEntity
  8
3_ANYTOOL_CUTTHROUGH_INSID
100
AcDbVertex
100
AcDb2dVertex
 10
1050.249999999905
 20
15.20600000010018
 30
0.0
  0
VERTEX
  5
2B5
330
2B0
100
AcDbEntity
  8
3_ANYTOOL_CUTTHROUGH_INSID
100
AcDbVertex
100
AcDb2dVertex
 10
1050.249999999905
 20
-33.29399999989982
 30
0.0
  0
VERTEX
  5
2B6
330
2B0
100
AcDbEntity
  8
3_ANYTOOL_CUTTHROUGH_INSID
100
AcDbVertex
100
AcDb2dVertex
 10
1037.749999999905
 20
-33.29399999989982
 30
0.0
  0
VERTEX
  5
2B7
330
2B0
100
AcDbEntity
  8
3_ANYTOOL_CUTTHROUGH_INSID
100
AcDbVertex
100
AcDb2dVertex
 10
1037.749999999913
 20
-27.29399999989982
 30
0.0
  0
VERTEX
  5
2B8
330
2B0
100
AcDbEntity
  8
3_ANYTOOL_CUTTHROUGH_INSID
100
AcDbVertex
100
AcDb2dVertex
 10
1002.249999999898
 20
-27.29399999989982
 30
0.0
  0
VERTEX
  5
2B9
330
2B0
100
AcDbEntity
  8
3_ANYTOOL_CUTTHROUGH_INSID
100
AcDbVertex
100
AcDb2dVertex
 10
1002.249999999898
 20
-33.29399999989982
 30
0.0
  0
VERTEX
  5
2BA
330
2B0
100
AcDbEntity
  8
3_ANYTOOL_CUTTHROUGH_INSID
100
AcDbVertex
100
AcDb2dVertex
 10
989.7499999998981
 20
-33.29399999989982
 30
0.0
  0
VERTEX
  5
2BB
330
2B0
100
AcDbEntity
  8
3_ANYTOOL_CUTTHROUGH_INSID
100
AcDbVertex
100
AcDb2dVertex
 10
989.7499999998981
 20
15.20600000010018
 30
0.0
  0
VERTEX
  5
2BC
330
2B0
100
AcDbEntity
  8
3_ANYTOOL_CUTTHROUGH_INSID
100
AcDbVertex
100
AcDb2dVertex
 10
1002.249999999898
 20
15.20600000010018
 30
0.0
  0
SEQEND
  5
2BD
330
2B0
100
AcDbEntity
  8
3_ANYTOOL_CUTTHROUGH_INSID
  0
POLYLINE
  5
2BE
330
1F
100
AcDbEntity
  8
3_ANYTOOL_CUTTHROUGH_INSID
100
AcDb2dPolyline
 66
     1
 10
0.0
 20
0.0
 30
0.0
 70
     1
  0
VERTEX
  5
2BF
330
2BE
100
AcDbEntity
  8
3_ANYTOOL_CUTTHROUGH_INSID
100
AcDbVertex
100
AcDb2dVertex
 10
-162.2500000000218
 20
9.206000000100175
 30
0.0
  0
VERTEX
  5
2C0
330
2BE
100
AcDbEntity
  8
3_ANYTOOL_CUTTHROUGH_INSID
100
AcDbVertex
100
AcDb2dVertex
 10
-162.2500000000218
 20
15.20600000010018
 30
0.0
  0
VERTEX
  5
2C1
330
2BE
100
AcDbEntity
  8
3_ANYTOOL_CUTTHROUGH_INSID
100
AcDbVertex
100
AcDb2dVertex
 10
-149.7500000000218
 20
15.20600000010018
 30
0.0
  0
VERTEX
  5
2C2
330
2BE
100
AcDbEntity
  8
3_ANYTOOL_CUTTHROUGH_INSID
100
AcDbVertex
100
AcDb2dVertex
 10
-149.7500000000218
 20
-33.29399999989982
 30
0.0
  0
VERTEX
  5
2C3
330
2BE
100
AcDbEntity
  8
3_ANYTOOL_CUTTHROUGH_INSID
100
AcDbVertex
100
AcDb2dVertex
 10
-162.2500000000218
 20
-33.29399999989982
 30
0.0
  0
VERTEX
  5
2C4
330
2BE
100
AcDbEntity
  8
3_ANYTOOL_CUTTHROUGH_INSID
100
AcDbVertex
100
AcDb2dVertex
 10
-162.2500000000146
 20
-27.29399999989982
 30
0.0
  0
VERTEX
  5
2C5
330
2BE
100
AcDbEntity
  8
3_ANYTOOL_CUTTHROUGH_INSID
100
AcDbVertex
100
AcDb2dVertex
 10
-197.7500000000364
 20
-27.29399999989982
 30
0.0
  0
VERTEX
  5
2C6
330
2BE
100
AcDbEntity
  8
3_ANYTOOL_CUTTHROUGH_INSID
100
AcDbVertex
100
AcDb2dVertex
 10
-197.7500000000291
 20
-33.29399999989982
 30
0.0
  0
VERTEX
  5
2C7
330
2BE
100
AcDbEntity
  8
3_ANYTOOL_CUTTHROUGH_INSID
100
AcDbVertex
100
AcDb2dVertex
 10
-210.2500000000291
 20
-33.29399999989982
 30
0.0
  0
VERTEX
  5
2C8
330
2BE
100
AcDbEntity
  8
3_ANYTOOL_CUTTHROUGH_INSID
100
AcDbVertex
100
AcDb2dVertex
 10
-210.2500000000291
 20
15.20600000010018
 30
0.0
  0
VERTEX
  5
2C9
330
2BE
100
AcDbEntity
  8
3_ANYTOOL_CUTTHROUGH_INSID
100
AcDbVertex
100
AcDb2dVertex
 10
-197.7500000000291
 20
15.20600000010018
 30
0.0
  0
VERTEX
  5
2CA
330
2BE
100
AcDbEntity
  8
3_ANYTOOL_CUTTHROUGH_INSID
100
AcDbVertex
100
AcDb2dVertex
 10
-197.7500000000364
 20
9.206000000100175
 30
0.0
  0
SEQEND
  5
2CB
330
2BE
100
AcDbEntity
  8
3_ANYTOOL_CUTTHROUGH_INSID
  0
POLYLINE
  5
2CC
330
1F
100
AcDbEntity
  8
3_ANYTOOL_CUTTHROUGH_INSID
100
AcDb2dPolyline
 66
     1
 10
0.0
 20
0.0
 30
0.0
 70
     1
  0
VERTEX
  5
2CD
330
2CC
100
AcDbEntity
  8
3_ANYTOOL_CUTTHROUGH_INSID
100
AcDbVertex
100
AcDb2dVertex
 10
-282.2500000000218
 20
9.206000000100175
 30
0.0
  0
VERTEX
  5
2CE
330
2CC
100
AcDbEntity
  8
3_ANYTOOL_CUTTHROUGH_INSID
100
AcDbVertex
100
AcDb2dVertex
 10
-282.2500000000218
 20
15.20600000010018
 30
0.0
  0
VERTEX
  5
2CF
330
2CC
100
AcDbEntity
  8
3_ANYTOOL_CUTTHROUGH_INSID
100
AcDbVertex
100
AcDb2dVertex
 10
-269.7500000000218
 20
15.20600000010018
 30
0.0
  0
VERTEX
  5
2D0
330
2CC
100
AcDbEntity
  8
3_ANYTOOL_CUTTHROUGH_INSID
100
AcDbVertex
100
AcDb2dVertex
 10
-269.7500000000218
 20
-33.29399999989982
 30
0.0
  0
VERTEX
  5
2D1
330
2CC
100
AcDbEntity
  8
3_ANYTOOL_CUTTHROUGH_INSID
100
AcDbVertex
100
AcDb2dVertex
 10
-282.2500000000218
 20
-33.29399999989982
 30
0.0
  0
VERTEX
  5
2D2
330
2CC
100
AcDbEntity
  8
3_ANYTOOL_CUTTHROUGH_INSID
100
AcDbVertex
100
AcDb2dVertex
 10
-282.2500000000146
 20
-27.29399999989982
 30
0.0
  0
VERTEX
  5
2D3
330
2CC
100
AcDbEntity
  8
3_ANYTOOL_CUTTHROUGH_INSID
100
AcDbVertex
100
AcDb2dVertex
 10
-317.7500000000364
 20
-27.29399999989982
 30
0.0
  0
VERTEX
  5
2D4
330
2CC
100
AcDbEntity
  8
3_ANYTOOL_CUTTHROUGH_INSID
100
AcDbVertex
100
AcDb2dVertex
 10
-317.7500000000291
 20
-33.29399999989982
 30
0.0
  0
VERTEX
  5
2D5
330
2CC
100
AcDbEntity
  8
3_ANYTOOL_CUTTHROUGH_INSID
100
AcDbVertex
100
AcDb2dVertex
 10
-330.2500000000291
 20
-33.29399999989982
 30
0.0
  0
VERTEX
  5
2D6
330
2CC
100
AcDbEntity
  8
3_ANYTOOL_CUTTHROUGH_INSID
100
AcDbVertex
100
AcDb2dVertex
 10
-330.2500000000291
 20
15.20600000010018
 30
0.0
  0
VERTEX
  5
2D7
330
2CC
100
AcDbEntity
  8
3_ANYTOOL_CUTTHROUGH_INSID
100
AcDbVertex
100
AcDb2dVertex
 10
-317.7500000000291
 20
15.20600000010018
 30
0.0
  0
VERTEX
  5
2D8
330
2CC
100
AcDbEntity
  8
3_ANYTOOL_CUTTHROUGH_INSID
100
AcDbVertex
100
AcDb2dVertex
 10
-317.7500000000364
 20
9.206000000100175
 30
0.0
  0
SEQEND
  5
2D9
330
2CC
100
AcDbEntity
  8
3_ANYTOOL_CUTTHROUGH_INSID
  0
POLYLINE
  5
2DA
330
1F
100
AcDbEntity
  8
3_ANYTOOL_CUTTHROUGH_INSID
100
AcDb2dPolyline
 66
     1
 10
0.0
 20
0.0
 30
0.0
 70
     1
  0
VERTEX
  5
2DB
330
2DA
100
AcDbEntity
  8
3_ANYTOOL_CUTTHROUGH_INSID
100
AcDbVertex
100
AcDb2dVertex
 10
-402.2500000000218
 20
9.206000000100175
 30
0.0
  0
VERTEX
  5
2DC
330
2DA
100
AcDbEntity
  8
3_ANYTOOL_CUTTHROUGH_INSID
100
AcDbVertex
100
AcDb2dVertex
 10
-402.2500000000218
 20
15.20600000010018
 30
0.0
  0
VERTEX
  5
2DD
330
2DA
100
AcDbEntity
  8
3_ANYTOOL_CUTTHROUGH_INSID
100
AcDbVertex
100
AcDb2dVertex
 10
-389.7500000000218
 20
15.20600000010018
 30
0.0
  0
VERTEX
  5
2DE
330
2DA
100
AcDbEntity
  8
3_ANYTOOL_CUTTHROUGH_INSID
100
AcDbVertex
100
AcDb2dVertex
 10
-389.7500000000218
 20
-33.29399999989982
 30
0.0
  0
VERTEX
  5
2DF
330
2DA
100
AcDbEntity
  8
3_ANYTOOL_CUTTHROUGH_INSID
100
AcDbVertex
100
AcDb2dVertex
 10
-402.2500000000218
 20
-33.29399999989982
 30
0.0
  0
VERTEX
  5
2E0
330
2DA
100
AcDbEntity
  8
3_ANYTOOL_CUTTHROUGH_INSID
100
AcDbVertex
100
AcDb2dVertex
 10
-402.2500000000146
 20
-27.29399999989982
 30
0.0
  0
VERTEX
  5
2E1
330
2DA
100
AcDbEntity
  8
3_ANYTOOL_CUTTHROUGH_INSID
100
AcDbVertex
100
AcDb2dVertex
 10
-437.7500000000364
 20
-27.29399999989982
 30
0.0
  0
VERTEX
  5
2E2
330
2DA
100
AcDbEntity
  8
3_ANYTOOL_CUTTHROUGH_INSID
100
AcDbVertex
100
AcDb2dVertex
 10
-437.7500000000291
 20
-33.29399999989982
 30
0.0
  0
VERTEX
  5
2E3
330
2DA
100
AcDbEntity
  8
3_ANYTOOL_CUTTHROUGH_INSID
100
AcDbVertex
100
AcDb2dVertex
 10
-450.2500000000291
 20
-33.29399999989982
 30
0.0
  0
VERTEX
  5
2E4
330
2DA
100
AcDbEntity
  8
3_ANYTOOL_CUTTHROUGH_INSID
100
AcDbVertex
100
AcDb2dVertex
 10
-450.2500000000291
 20
15.20600000010018
 30
0.0
  0
VERTEX
  5
2E5
330
2DA
100
AcDbEntity
  8
3_ANYTOOL_CUTTHROUGH_INSID
100
AcDbVertex
100
AcDb2dVertex
 10
-437.7500000000291
 20
15.20600000010018
 30
0.0
  0
VERTEX
  5
2E6
330
2DA
100
AcDbEntity
  8
3_ANYTOOL_CUTTHROUGH_INSID
100
AcDbVertex
100
AcDb2dVertex
 10
-437.7500000000364
 20
9.206000000100175
 30
0.0
  0
SEQEND
  5
2E7
330
2DA
100
AcDbEntity
  8
3_ANYTOOL_CUTTHROUGH_INSID
  0
POLYLINE
  5
2E8
330
1F
100
AcDbEntity
  8
3_ANYTOOL_CUTTHROUGH_INSID
100
AcDb2dPolyline
 66
     1
 10
0.0
 20
0.0
 30
0.0
 70
     1
  0
VERTEX
  5
2E9
330
2E8
100
AcDbEntity
  8
3_ANYTOOL_CUTTHROUGH_INSID
100
AcDbVertex
100
AcDb2dVertex
 10
-522.2500000000218
 20
9.206000000100175
 30
0.0
  0
VERTEX
  5
2EA
330
2E8
100
AcDbEntity
  8
3_ANYTOOL_CUTTHROUGH_INSID
100
AcDbVertex
100
AcDb2dVertex
 10
-522.2500000000218
 20
15.20600000010018
 30
0.0
  0
VERTEX
  5
2EB
330
2E8
100
AcDbEntity
  8
3_ANYTOOL_CUTTHROUGH_INSID
100
AcDbVertex
100
AcDb2dVertex
 10
-509.7500000000218
 20
15.20600000010018
 30
0.0
  0
VERTEX
  5
2EC
330
2E8
100
AcDbEntity
  8
3_ANYTOOL_CUTTHROUGH_INSID
100
AcDbVertex
100
AcDb2dVertex
 10
-509.7500000000218
 20
-33.29399999989982
 30
0.0
  0
VERTEX
  5
2ED
330
2E8
100
AcDbEntity
  8
3_ANYTOOL_CUTTHROUGH_INSID
100
AcDbVertex
100
AcDb2dVertex
 10
-522.2500000000218
 20
-33.29399999989982
 30
0.0
  0
VERTEX
  5
2EE
330
2E8
100
AcDbEntity
  8
3_ANYTOOL_CUTTHROUGH_INSID
100
AcDbVertex
100
AcDb2dVertex
 10
-522.2500000000146
 20
-27.29399999989982
 30
0.0
  0
VERTEX
  5
2EF
330
2E8
100
AcDbEntity
  8
3_ANYTOOL_CUTTHROUGH_INSID
100
AcDbVertex
100
AcDb2dVertex
 10
-557.7500000000364
 20
-27.29399999989982
 30
0.0
  0
VERTEX
  5
2F0
330
2E8
100
AcDbEntity
  8
3_ANYTOOL_CUTTHROUGH_INSID
100
AcDbVertex
100
AcDb2dVertex
 10
-557.7500000000291
 20
-33.29399999989982
 30
0.0
  0
VERTEX
  5
2F1
330
2E8
100
AcDbEntity
  8
3_ANYTOOL_CUTTHROUGH_INSID
100
AcDbVertex
100
AcDb2dVertex
 10
-570.2500000000291
 20
-33.29399999989982
 30
0.0
  0
VERTEX
  5
2F2
330
2E8
100
AcDbEntity
  8
3_ANYTOOL_CUTTHROUGH_INSID
100
AcDbVertex
100
AcDb2dVertex
 10
-570.2500000000291
 20
15.20600000010018
 30
0.0
  0
VERTEX
  5
2F3
330
2E8
100
AcDbEntity
  8
3_ANYTOOL_CUTTHROUGH_INSID
100
AcDbVertex
100
AcDb2dVertex
 10
-557.7500000000291
 20
15.20600000010018
 30
0.0
  0
VERTEX
  5
2F4
330
2E8
100
AcDbEntity
  8
3_ANYTOOL_CUTTHROUGH_INSID
100
AcDbVertex
100
AcDb2dVertex
 10
-557.7500000000364
 20
9.206000000100175
 30
0.0
  0
SEQEND
  5
2F5
330
2E8
100
AcDbEntity
  8
3_ANYTOOL_CUTTHROUGH_INSID
  0
POLYLINE
  5
2F6
330
1F
100
AcDbEntity
  8
3_ANYTOOL_CUTTHROUGH_INSID
100
AcDb2dPolyline
 66
     1
 10
0.0
 20
0.0
 30
0.0
 70
     1
  0
VERTEX
  5
2F7
330
2F6
100
AcDbEntity
  8
3_ANYTOOL_CUTTHROUGH_INSID
100
AcDbVertex
100
AcDb2dVertex
 10
-642.2500000000218
 20
9.206000000100175
 30
0.0
  0
VERTEX
  5
2F8
330
2F6
100
AcDbEntity
  8
3_ANYTOOL_CUTTHROUGH_INSID
100
AcDbVertex
100
AcDb2dVertex
 10
-642.2500000000218
 20
15.20600000010018
 30
0.0
  0
VERTEX
  5
2F9
330
2F6
100
AcDbEntity
  8
3_ANYTOOL_CUTTHROUGH_INSID
100
AcDbVertex
100
AcDb2dVertex
 10
-629.7500000000218
 20
15.20600000010018
 30
0.0
  0
VERTEX
  5
2FA
330
2F6
100
AcDbEntity
  8
3_ANYTOOL_CUTTHROUGH_INSID
100
AcDbVertex
100
AcDb2dVertex
 10
-629.7500000000218
 20
-33.29399999989982
 30
0.0
  0
VERTEX
  5
2FB
330
2F6
100
AcDbEntity
  8
3_ANYTOOL_CUTTHROUGH_INSID
100
AcDbVertex
100
AcDb2dVertex
 10
-642.2500000000218
 20
-33.29399999989982
 30
0.0
  0
VERTEX
  5
2FC
330
2F6
100
AcDbEntity
  8
3_ANYTOOL_CUTTHROUGH_INSID
100
AcDbVertex
100
AcDb2dVertex
 10
-642.2500000000146
 20
-27.29399999989982
 30
0.0
  0
VERTEX
  5
2FD
330
2F6
100
AcDbEntity
  8
3_ANYTOOL_CUTTHROUGH_INSID
100
AcDbVertex
100
AcDb2dVertex
 10
-677.7500000000364
 20
-27.29399999989982
 30
0.0
  0
VERTEX
  5
2FE
330
2F6
100
AcDbEntity
  8
3_ANYTOOL_CUTTHROUGH_INSID
100
AcDbVertex
100
AcDb2dVertex
 10
-677.7500000000291
 20
-33.29399999989982
 30
0.0
  0
VERTEX
  5
2FF
330
2F6
100
AcDbEntity
  8
3_ANYTOOL_CUTTHROUGH_INSID
100
AcDbVertex
100
AcDb2dVertex
 10
-690.2500000000291
 20
-33.29399999989982
 30
0.0
  0
VERTEX
  5
300
330
2F6
100
AcDbEntity
  8
3_ANYTOOL_CUTTHROUGH_INSID
100
AcDbVertex
100
AcDb2dVertex
 10
-690.2500000000291
 20
15.20600000010018
 30
0.0
  0
VERTEX
  5
301
330
2F6
100
AcDbEntity
  8
3_ANYTOOL_CUTTHROUGH_INSID
100
AcDbVertex
100
AcDb2dVertex
 10
-677.7500000000291
 20
15.20600000010018
 30
0.0
  0
VERTEX
  5
302
330
2F6
100
AcDbEntity
  8
3_ANYTOOL_CUTTHROUGH_INSID
100
AcDbVertex
100
AcDb2dVertex
 10
-677.7500000000364
 20
9.206000000100175
 30
0.0
  0
SEQEND
  5
303
330
2F6
100
AcDbEntity
  8
3_ANYTOOL_CUTTHROUGH_INSID
  0
POLYLINE
  5
304
330
1F
100
AcDbEntity
  8
3_ANYTOOL_CUTTHROUGH_INSID
100
AcDb2dPolyline
 66
     1
 10
0.0
 20
0.0
 30
0.0
 70
     1
  0
VERTEX
  5
305
330
304
100
AcDbEntity
  8
3_ANYTOOL_CUTTHROUGH_INSID
100
AcDbVertex
100
AcDb2dVertex
 10
-762.2500000000218
 20
9.206000000100175
 30
0.0
  0
VERTEX
  5
306
330
304
100
AcDbEntity
  8
3_ANYTOOL_CUTTHROUGH_INSID
100
AcDbVertex
100
AcDb2dVertex
 10
-762.2500000000218
 20
15.20600000010018
 30
0.0
  0
VERTEX
  5
307
330
304
100
AcDbEntity
  8
3_ANYTOOL_CUTTHROUGH_INSID
100
AcDbVertex
100
AcDb2dVertex
 10
-749.7500000000218
 20
15.20600000010018
 30
0.0
  0
VERTEX
  5
308
330
304
100
AcDbEntity
  8
3_ANYTOOL_CUTTHROUGH_INSID
100
AcDbVertex
100
AcDb2dVertex
 10
-749.7500000000218
 20
-33.29399999989982
 30
0.0
  0
VERTEX
  5
309
330
304
100
AcDbEntity
  8
3_ANYTOOL_CUTTHROUGH_INSID
100
AcDbVertex
100
AcDb2dVertex
 10
-762.2500000000218
 20
-33.29399999989982
 30
0.0
  0
VERTEX
  5
30A
330
304
100
AcDbEntity
  8
3_ANYTOOL_CUTTHROUGH_INSID
100
AcDbVertex
100
AcDb2dVertex
 10
-762.2500000000146
 20
-27.29399999989982
 30
0.0
  0
VERTEX
  5
30B
330
304
100
AcDbEntity
  8
3_ANYTOOL_CUTTHROUGH_INSID
100
AcDbVertex
100
AcDb2dVertex
 10
-797.7500000000364
 20
-27.29399999989982
 30
0.0
  0
VERTEX
  5
30C
330
304
100
AcDbEntity
  8
3_ANYTOOL_CUTTHROUGH_INSID
100
AcDbVertex
100
AcDb2dVertex
 10
-797.7500000000291
 20
-33.29399999989982
 30
0.0
  0
VERTEX
  5
30D
330
304
100
AcDbEntity
  8
3_ANYTOOL_CUTTHROUGH_INSID
100
AcDbVertex
100
AcDb2dVertex
 10
-810.2500000000291
 20
-33.29399999989982
 30
0.0
  0
VERTEX
  5
30E
330
304
100
AcDbEntity
  8
3_ANYTOOL_CUTTHROUGH_INSID
100
AcDbVertex
100
AcDb2dVertex
 10
-810.2500000000291
 20
15.20600000010018
 30
0.0
  0
VERTEX
  5
30F
330
304
100
AcDbEntity
  8
3_ANYTOOL_CUTTHROUGH_INSID
100
AcDbVertex
100
AcDb2dVertex
 10
-797.7500000000291
 20
15.20600000010018
 30
0.0
  0
VERTEX
  5
310
330
304
100
AcDbEntity
  8
3_ANYTOOL_CUTTHROUGH_INSID
100
AcDbVertex
100
AcDb2dVertex
 10
-797.7500000000364
 20
9.206000000100175
 30
0.0
  0
SEQEND
  5
311
330
304
100
AcDbEntity
  8
3_ANYTOOL_CUTTHROUGH_INSID
  0
POLYLINE
  5
312
330
1F
100
AcDbEntity
  8
3_ANYTOOL_CUTTHROUGH_INSID
100
AcDb2dPolyline
 66
     1
 10
0.0
 20
0.0
 30
0.0
 70
     1
  0
VERTEX
  5
313
330
312
100
AcDbEntity
  8
3_ANYTOOL_CUTTHROUGH_INSID
100
AcDbVertex
100
AcDb2dVertex
 10
-882.2500000000073
 20
9.206000000100175
 30
0.0
  0
VERTEX
  5
314
330
312
100
AcDbEntity
  8
3_ANYTOOL_CUTTHROUGH_INSID
100
AcDbVertex
100
AcDb2dVertex
 10
-882.2500000000073
 20
15.20600000010018
 30
0.0
  0
VERTEX
  5
315
330
312
100
AcDbEntity
  8
3_ANYTOOL_CUTTHROUGH_INSID
100
AcDbVertex
100
AcDb2dVertex
 10
-869.7500000000073
 20
15.20600000010018
 30
0.0
  0
VERTEX
  5
316
330
312
100
AcDbEntity
  8
3_ANYTOOL_CUTTHROUGH_INSID
100
AcDbVertex
100
AcDb2dVertex
 10
-869.7500000000073
 20
-33.29399999989982
 30
0.0
  0
VERTEX
  5
317
330
312
100
AcDbEntity
  8
3_ANYTOOL_CUTTHROUGH_INSID
100
AcDbVertex
100
AcDb2dVertex
 10
-882.2500000000073
 20
-33.29399999989982
 30
0.0
  0
VERTEX
  5
318
330
312
100
AcDbEntity
  8
3_ANYTOOL_CUTTHROUGH_INSID
100
AcDbVertex
100
AcDb2dVertex
 10
-882.2500000000073
 20
-27.29399999989982
 30
0.0
  0
VERTEX
  5
319
330
312
100
AcDbEntity
  8
3_ANYTOOL_CUTTHROUGH_INSID
100
AcDbVertex
100
AcDb2dVertex
 10
-917.7500000000218
 20
-27.29399999989982
 30
0.0
  0
VERTEX
  5
31A
330
312
100
AcDbEntity
  8
3_ANYTOOL_CUTTHROUGH_INSID
100
AcDbVertex
100
AcDb2dVertex
 10
-917.7500000000146
 20
-33.29399999989982
 30
0.0
  0
VERTEX
  5
31B
330
312
100
AcDbEntity
  8
3_ANYTOOL_CUTTHROUGH_INSID
100
AcDbVertex
100
AcDb2dVertex
 10
-930.2500000000146
 20
-33.29399999989982
 30
0.0
  0
VERTEX
  5
31C
330
312
100
AcDbEntity
  8
3_ANYTOOL_CUTTHROUGH_INSID
100
AcDbVertex
100
AcDb2dVertex
 10
-930.2500000000146
 20
15.20600000010018
 30
0.0
  0
VERTEX
  5
31D
330
312
100
AcDbEntity
  8
3_ANYTOOL_CUTTHROUGH_INSID
100
AcDbVertex
100
AcDb2dVertex
 10
-917.7500000000146
 20
15.20600000010018
 30
0.0
  0
VERTEX
  5
31E
330
312
100
AcDbEntity
  8
3_ANYTOOL_CUTTHROUGH_INSID
100
AcDbVertex
100
AcDb2dVertex
 10
-917.7500000000218
 20
9.206000000100175
 30
0.0
  0
SEQEND
  5
31F
330
312
100
AcDbEntity
  8
3_ANYTOOL_CUTTHROUGH_INSID
  0
POLYLINE
  5
320
330
1F
100
AcDbEntity
  8
3_ANYTOOL_CUTTHROUGH_INSID
100
AcDb2dPolyline
 66
     1
 10
0.0
 20
0.0
 30
0.0
 70
     1
  0
VERTEX
  5
321
330
320
100
AcDbEntity
  8
3_ANYTOOL_CUTTHROUGH_INSID
100
AcDbVertex
100
AcDb2dVertex
 10
-1002.250000000007
 20
9.206000000100175
 30
0.0
  0
VERTEX
  5
322
330
320
100
AcDbEntity
  8
3_ANYTOOL_CUTTHROUGH_INSID
100
AcDbVertex
100
AcDb2dVertex
 10
-1002.250000000007
 20
15.20600000010018
 30
0.0
  0
VERTEX
  5
323
330
320
100
AcDbEntity
  8
3_ANYTOOL_CUTTHROUGH_INSID
100
AcDbVertex
100
AcDb2dVertex
 10
-989.7500000000073
 20
15.20600000010018
 30
0.0
  0
VERTEX
  5
324
330
320
100
AcDbEntity
  8
3_ANYTOOL_CUTTHROUGH_INSID
100
AcDbVertex
100
AcDb2dVertex
 10
-989.7500000000073
 20
-33.29399999989982
 30
0.0
  0
VERTEX
  5
325
330
320
100
AcDbEntity
  8
3_ANYTOOL_CUTTHROUGH_INSID
100
AcDbVertex
100
AcDb2dVertex
 10
-1002.250000000007
 20
-33.29399999989982
 30
0.0
  0
VERTEX
  5
326
330
320
100
AcDbEntity
  8
3_ANYTOOL_CUTTHROUGH_INSID
100
AcDbVertex
100
AcDb2dVertex
 10
-1002.250000000007
 20
-27.29399999989982
 30
0.0
  0
VERTEX
  5
327
330
320
100
AcDbEntity
  8
3_ANYTOOL_CUTTHROUGH_INSID
100
AcDbVertex
100
AcDb2dVertex
 10
-1037.750000000022
 20
-27.29399999989982
 30
0.0
  0
VERTEX
  5
328
330
320
100
AcDbEntity
  8
3_ANYTOOL_CUTTHROUGH_INSID
100
AcDbVertex
100
AcDb2dVertex
 10
-1037.750000000015
 20
-33.29399999989982
 30
0.0
  0
VERTEX
  5
329
330
320
100
AcDbEntity
  8
3_ANYTOOL_CUTTHROUGH_INSID
100
AcDbVertex
100
AcDb2dVertex
 10
-1050.250000000015
 20
-33.29399999989982
 30
0.0
  0
VERTEX
  5
32A
330
320
100
AcDbEntity
  8
3_ANYTOOL_CUTTHROUGH_INSID
100
AcDbVertex
100
AcDb2dVertex
 10
-1050.250000000015
 20
15.20600000010018
 30
0.0
  0
VERTEX
  5
32B
330
320
100
AcDbEntity
  8
3_ANYTOOL_CUTTHROUGH_INSID
100
AcDbVertex
100
AcDb2dVertex
 10
-1037.750000000015
 20
15.20600000010018
 30
0.0
  0
VERTEX
  5
32C
330
320
100
AcDbEntity
  8
3_ANYTOOL_CUTTHROUGH_INSID
100
AcDbVertex
100
AcDb2dVertex
 10
-1037.750000000022
 20
9.206000000100175
 30
0.0
  0
SEQEND
  5
32D
330
320
100
AcDbEntity
  8
3_ANYTOOL_CUTTHROUGH_INSID
  0
POLYLINE
  5
32E
330
1F
100
AcDbEntity
  8
3_ANYTOOL_CUTTHROUGH_INSID
100
AcDb2dPolyline
 66
     1
 10
0.0
 20
0.0
 30
0.0
 70
     1
  0
VERTEX
  5
32F
330
32E
100
AcDbEntity
  8
3_ANYTOOL_CUTTHROUGH_INSID
100
AcDbVertex
100
AcDb2dVertex
 10
-20.00000000005821
 20
-74.7500000000291
 30
0.0
  0
VERTEX
  5
330
330
32E
100
AcDbEntity
  8
3_ANYTOOL_CUTTHROUGH_INSID
100
AcDbVertex
100
AcDb2dVertex
 10
19.99999999994179
 20
-74.7500000000291
 30
0.0
 42
-0.9999999999999999
  0
VERTEX
  5
331
330
32E
100
AcDbEntity
  8
3_ANYTOOL_CUTTHROUGH_INSID
100
AcDbVertex
100
AcDb2dVertex
 10
19.99999999994179
 20
-84.25000000001455
 30
0.0
  0
VERTEX
  5
332
330
32E
100
AcDbEntity
  8
3_ANYTOOL_CUTTHROUGH_INSID
100
AcDbVertex
100
AcDb2dVertex
 10
-20.00000000005821
 20
-84.2500000000291
 30
0.0
 42
-1.000000000001532
  0
SEQEND
  5
333
330
32E
100
AcDbEntity
  8
3_ANYTOOL_CUTTHROUGH_INSID
  0
POLYLINE
  5
334
330
1F
100
AcDbEntity
  8
3_ANYTOOL_CUTTHROUGH_INSID
100
AcDb2dPolyline
 66
     1
 10
0.0
 20
0.0
 30
0.0
 70
     1
  0
VERTEX
  5
335
330
334
100
AcDbEntity
  8
3_ANYTOOL_CUTTHROUGH_INSID
100
AcDbVertex
100
AcDb2dVertex
 10
984.0000000000873
 20
-74.74999999991269
 30
0.0
  0
VERTEX
  5
336
330
334
100
AcDbEntity
  8
3_ANYTOOL_CUTTHROUGH_INSID
100
AcDbVertex
100
AcDb2dVertex
 10
1024.000000000087
 20
-74.74999999991269
 30
0.0
 42
-0.9999999999999999
  0
VERTEX
  5
337
330
334
100
AcDbEntity
  8
3_ANYTOOL_CUTTHROUGH_INSID
100
AcDbVertex
100
AcDb2dVertex
 10
1024.000000000087
 20
-84.24999999991269
 30
0.0
  0
VERTEX
  5
338
330
334
100
AcDbEntity
  8
3_ANYTOOL_CUTTHROUGH_INSID
100
AcDbVertex
100
AcDb2dVertex
 10
984.0000000000873
 20
-84.24999999991269
 30
0.0
 42
-0.9999999999984682
  0
SEQEND
  5
339
330
334
100
AcDbEntity
  8
3_ANYTOOL_CUTTHROUGH_INSID
  0
POLYLINE
  5
33A
330
1F
100
AcDbEntity
  8
3_ANYTOOL_CUTTHROUGH_INSID
100
AcDb2dPolyline
 66
     1
 10
0.0
 20
0.0
 30
0.0
 70
     1
  0
VERTEX
  5
33B
330
33A
100
AcDbEntity
  8
3_ANYTOOL_CUTTHROUGH_INSID
100
AcDbVertex
100
AcDb2dVertex
 10
776.0000000000873
 20
-74.7499999999709
 30
0.0
  0
VERTEX
  5
33C
330
33A
100
AcDbEntity
  8
3_ANYTOOL_CUTTHROUGH_INSID
100
AcDbVertex
100
AcDb2dVertex
 10
816.0000000000873
 20
-74.7499999999709
 30
0.0
 42
-1.000000000001532
  0
VERTEX
  5
33D
330
33A
100
AcDbEntity
  8
3_ANYTOOL_CUTTHROUGH_INSID
100
AcDbVertex
100
AcDb2dVertex
 10
816.0000000000873
 20
-84.24999999995634
 30
0.0
  0
VERTEX
  5
33E
330
33A
100
AcDbEntity
  8
3_ANYTOOL_CUTTHROUGH_INSID
100
AcDbVertex
100
AcDb2dVertex
 10
776.0000000000873
 20
-84.2499999999709
 30
0.0
 42
-0.9999999999984682
  0
SEQEND
  5
33F
330
33A
100
AcDbEntity
  8
3_ANYTOOL_CUTTHROUGH_INSID
  0
POLYLINE
  5
340
330
1F
100
AcDbEntity
  8
3_ANYTOOL_CUTTHROUGH_INSID
100
AcDb2dPolyline
 66
     1
 10
0.0
 20
0.0
 30
0.0
 70
     1
  0
VERTEX
  5
341
330
340
100
AcDbEntity
  8
3_ANYTOOL_CUTTHROUGH_INSID
100
AcDbVertex
100
AcDb2dVertex
 10
383.9999999999709
 20
-74.7499999999709
 30
0.0
  0
VERTEX
  5
342
330
340
100
AcDbEntity
  8
3_ANYTOOL_CUTTHROUGH_INSID
100
AcDbVertex
100
AcDb2dVertex
 10
423.9999999999709
 20
-74.7499999999709
 30
0.0
 42
-0.9999999999999999
  0
VERTEX
  5
343
330
340
100
AcDbEntity
  8
3_ANYTOOL_CUTTHROUGH_INSID
100
AcDbVertex
100
AcDb2dVertex
 10
423.9999999999709
 20
-84.24999999998545
 30
0.0
  0
VERTEX
  5
344
330
340
100
AcDbEntity
  8
3_ANYTOOL_CUTTHROUGH_INSID
100
AcDbVertex
100
AcDb2dVertex
 10
383.9999999999709
 20
-84.2499999999709
 30
0.0
 42
-1.000000000001532
  0
SEQEND
  5
345
330
340
100
AcDbEntity
  8
3_ANYTOOL_CUTTHROUGH_INSID
  0
POLYLINE
  5
346
330
1F
100
AcDbEntity
  8
3_ANYTOOL_CUTTHROUGH_INSID
100
AcDb2dPolyline
 66
     1
 10
0.0
 20
0.0
 30
0.0
 70
     1
  0
VERTEX
  5
347
330
346
100
AcDbEntity
  8
3_ANYTOOL_CUTTHROUGH_INSID
100
AcDbVertex
100
AcDb2dVertex
 10
175.9999999999709
 20
-74.7500000000291
 30
0.0
  0
VERTEX
  5
348
330
346
100
AcDbEntity
  8
3_ANYTOOL_CUTTHROUGH_INSID
100
AcDbVertex
100
AcDb2dVertex
 10
215.9999999999709
 20
-74.7500000000291
 30
0.0
 42
-0.9999999999984682
  0
VERTEX
  5
349
330
346
100
AcDbEntity
  8
3_ANYTOOL_CUTTHROUGH_INSID
100
AcDbVertex
100
AcDb2dVertex
 10
215.9999999999709
 20
-84.2500000000291
 30
0.0
  0
VERTEX
  5
34A
330
346
100
AcDbEntity
  8
3_ANYTOOL_CUTTHROUGH_INSID
100
AcDbVertex
100
AcDb2dVertex
 10
175.9999999999709
 20
-84.2500000000291
 30
0.0
 42
-0.9999999999984682
  0
SEQEND
  5
34B
330
346
100
AcDbEntity
  8
3_ANYTOOL_CUTTHROUGH_INSID
  0
POLYLINE
  5
34C
330
1F
100
AcDbEntity
  8
3_ANYTOOL_CUTTHROUGH_INSID
100
AcDb2dPolyline
 66
     1
 10
0.0
 20
0.0
 30
0.0
 70
     1
  0
VERTEX
  5
34D
330
34C
100
AcDbEntity
  8
3_ANYTOOL_CUTTHROUGH_INSID
100
AcDbVertex
100
AcDb2dVertex
 10
580.0000000000291
 20
-74.79425287627964
 30
0.0
  0
VERTEX
  5
34E
330
34C
100
AcDbEntity
  8
3_ANYTOOL_CUTTHROUGH_INSID
100
AcDbVertex
100
AcDb2dVertex
 10
620.0000000000291
 20
-74.79425287627964
 30
0.0
 42
-0.9999999999999999
  0
VERTEX
  5
34F
330
34C
100
AcDbEntity
  8
3_ANYTOOL_CUTTHROUGH_INSID
100
AcDbVertex
100
AcDb2dVertex
 10
620.0000000000291
 20
-84.29425287627964
 30
0.0
  0
VERTEX
  5
350
330
34C
100
AcDbEntity
  8
3_ANYTOOL_CUTTHROUGH_INSID
100
AcDbVertex
100
AcDb2dVertex
 10
580.0000000000291
 20
-84.29425287627964
 30
0.0
 42
-0.9999999999999999
  0
SEQEND
  5
351
330
34C
100
AcDbEntity
  8
3_ANYTOOL_CUTTHROUGH_INSID
  0
POLYLINE
  5
352
330
1F
100
AcDbEntity
  8
3_ANYTOOL_CUTTHROUGH_INSID
100
AcDb2dPolyline
 66
     1
 10
0.0
 20
0.0
 30
0.0
 70
     1
  0
VERTEX
  5
353
330
352
100
AcDbEntity
  8
3_ANYTOOL_CUTTHROUGH_INSID
100
AcDbVertex
100
AcDb2dVertex
 10
-984.0000000001965
 20
-74.74999999991269
 30
0.0
 42
-0.9999999999999999
  0
VERTEX
  5
354
330
352
100
AcDbEntity
  8
3_ANYTOOL_CUTTHROUGH_INSID
100
AcDbVertex
100
AcDb2dVertex
 10
-984.0000000001965
 20
-84.24999999991269
 30
0.0
  0
VERTEX
  5
355
330
352
100
AcDbEntity
  8
3_ANYTOOL_CUTTHROUGH_INSID
100
AcDbVertex
100
AcDb2dVertex
 10
-1024.000000000197
 20
-84.24999999991269
 30
0.0
 42
-0.9999999999969363
  0
VERTEX
  5
356
330
352
100
AcDbEntity
  8
3_ANYTOOL_CUTTHROUGH_INSID
100
AcDbVertex
100
AcDb2dVertex
 10
-1024.000000000197
 20
-74.74999999989814
 30
0.0
  0
SEQEND
  5
357
330
352
100
AcDbEntity
  8
3_ANYTOOL_CUTTHROUGH_INSID
  0
POLYLINE
  5
358
330
1F
100
AcDbEntity
  8
3_ANYTOOL_CUTTHROUGH_INSID
100
AcDb2dPolyline
 66
     1
 10
0.0
 20
0.0
 30
0.0
 70
     1
  0
VERTEX
  5
359
330
358
100
AcDbEntity
  8
3_ANYTOOL_CUTTHROUGH_INSID
100
AcDbVertex
100
AcDb2dVertex
 10
-776.0000000002037
 20
-74.7499999999709
 30
0.0
 42
-0.9999999999984682
  0
VERTEX
  5
35A
330
358
100
AcDbEntity
  8
3_ANYTOOL_CUTTHROUGH_INSID
100
AcDbVertex
100
AcDb2dVertex
 10
-776.0000000002037
 20
-84.2499999999709
 30
0.0
  0
VERTEX
  5
35B
330
358
100
AcDbEntity
  8
3_ANYTOOL_CUTTHROUGH_INSID
100
AcDbVertex
100
AcDb2dVertex
 10
-816.0000000002037
 20
-84.2499999999709
 30
0.0
 42
-0.9999999999999999
  0
VERTEX
  5
35C
330
358
100
AcDbEntity
  8
3_ANYTOOL_CUTTHROUGH_INSID
100
AcDbVertex
100
AcDb2dVertex
 10
-816.0000000002037
 20
-74.7499999999709
 30
0.0
  0
SEQEND
  5
35D
330
358
100
AcDbEntity
  8
3_ANYTOOL_CUTTHROUGH_INSID
  0
POLYLINE
  5
35E
330
1F
100
AcDbEntity
  8
3_ANYTOOL_CUTTHROUGH_INSID
100
AcDb2dPolyline
 66
     1
 10
0.0
 20
0.0
 30
0.0
 70
     1
  0
VERTEX
  5
35F
330
35E
100
AcDbEntity
  8
3_ANYTOOL_CUTTHROUGH_INSID
100
AcDbVertex
100
AcDb2dVertex
 10
-384.0000000000873
 20
-74.7499999999709
 30
0.0
 42
-1.000000000001532
  0
VERTEX
  5
360
330
35E
100
AcDbEntity
  8
3_ANYTOOL_CUTTHROUGH_INSID
100
AcDbVertex
100
AcDb2dVertex
 10
-384.0000000000873
 20
-84.24999999995634
 30
0.0
  0
VERTEX
  5
361
330
35E
100
AcDbEntity
  8
3_ANYTOOL_CUTTHROUGH_INSID
100
AcDbVertex
100
AcDb2dVertex
 10
-424.0000000000873
 20
-84.2499999999709
 30
0.0
 42
-1.000000000003064
  0
VERTEX
  5
362
330
35E
100
AcDbEntity
  8
3_ANYTOOL_CUTTHROUGH_INSID
100
AcDbVertex
100
AcDb2dVertex
 10
-424.0000000000873
 20
-74.7499999999709
 30
0.0
  0
SEQEND
  5
363
330
35E
100
AcDbEntity
  8
3_ANYTOOL_CUTTHROUGH_INSID
  0
POLYLINE
  5
364
330
1F
100
AcDbEntity
  8
3_ANYTOOL_CUTTHROUGH_INSID
100
AcDb2dPolyline
 66
     1
 10
0.0
 20
0.0
 30
0.0
 70
     1
  0
VERTEX
  5
365
330
364
100
AcDbEntity
  8
3_ANYTOOL_CUTTHROUGH_INSID
100
AcDbVertex
100
AcDb2dVertex
 10
-176.0000000000873
 20
-74.7500000000291
 30
0.0
 42
-1.000000000001532
  0
VERTEX
  5
366
330
364
100
AcDbEntity
  8
3_ANYTOOL_CUTTHROUGH_INSID
100
AcDbVertex
100
AcDb2dVertex
 10
-176.0000000000873
 20
-84.25000000001455
 30
0.0
  0
VERTEX
  5
367
330
364
100
AcDbEntity
  8
3_ANYTOOL_CUTTHROUGH_INSID
100
AcDbVertex
100
AcDb2dVertex
 10
-216.0000000000873
 20
-84.2500000000291
 30
0.0
 42
-0.9999999999984682
  0
VERTEX
  5
368
330
364
100
AcDbEntity
  8
3_ANYTOOL_CUTTHROUGH_INSID
100
AcDbVertex
100
AcDb2dVertex
 10
-216.0000000000873
 20
-74.75000000001455
 30
0.0
  0
SEQEND
  5
369
330
364
100
AcDbEntity
  8
3_ANYTOOL_CUTTHROUGH_INSID
  0
POLYLINE
  5
36A
330
1F
100
AcDbEntity
  8
3_ANYTOOL_CUTTHROUGH_INSID
100
AcDb2dPolyline
 66
     1
 10
0.0
 20
0.0
 30
0.0
 70
     1
  0
VERTEX
  5
36B
330
36A
100
AcDbEntity
  8
3_ANYTOOL_CUTTHROUGH_INSID
100
AcDbVertex
100
AcDb2dVertex
 10
-580.0000000001455
 20
-74.79425287627964
 30
0.0
 42
-0.9999999999999999
  0
VERTEX
  5
36C
330
36A
100
AcDbEntity
  8
3_ANYTOOL_CUTTHROUGH_INSID
100
AcDbVertex
100
AcDb2dVertex
 10
-580.0000000001455
 20
-84.29425287627964
 30
0.0
  0
VERTEX
  5
36D
330
36A
100
AcDbEntity
  8
3_ANYTOOL_CUTTHROUGH_INSID
100
AcDbVertex
100
AcDb2dVertex
 10
-620.0000000001455
 20
-84.29425287627964
 30
0.0
 42
-0.9999999999999999
  0
VERTEX
  5
36E
330
36A
100
AcDbEntity
  8
3_ANYTOOL_CUTTHROUGH_INSID
100
AcDbVertex
100
AcDb2dVertex
 10
-620.0000000001455
 20
-74.79425287627964
 30
0.0
  0
SEQEND
  5
36F
330
36A
100
AcDbEntity
  8
3_ANYTOOL_CUTTHROUGH_INSID
  0
POLYLINE
  5
370
330
1F
100
AcDbEntity
  8
3_ANYTOOL_CUTTHROUGH_INSID
100
AcDb2dPolyline
 66
     1
 10
0.0
 20
0.0
 30
0.0
 70
     1
  0
VERTEX
  5
371
330
370
100
AcDbEntity
  8
3_ANYTOOL_CUTTHROUGH_INSID
100
AcDbVertex
100
AcDb2dVertex
 10
-20.00000000005821
 20
74.75000000020373
 30
0.0
 42
-0.9999999999999999
  0
VERTEX
  5
372
330
370
100
AcDbEntity
  8
3_ANYTOOL_CUTTHROUGH_INSID
100
AcDbVertex
100
AcDb2dVertex
 10
-20.00000000005821
 20
84.25000000020373
 30
0.0
  0
VERTEX
  5
373
330
370
100
AcDbEntity
  8
3_ANYTOOL_CUTTHROUGH_INSID
100
AcDbVertex
100
AcDb2dVertex
 10
19.99999999994179
 20
84.25000000020373
 30
0.0
 42
-1.000000000001532
  0
VERTEX
  5
374
330
370
100
AcDbEntity
  8
3_ANYTOOL_CUTTHROUGH_INSID
100
AcDbVertex
100
AcDb2dVertex
 10
19.99999999994179
 20
74.75000000021828
 30
0.0
  0
SEQEND
  5
375
330
370
100
AcDbEntity
  8
3_ANYTOOL_CUTTHROUGH_INSID
  0
POLYLINE
  5
376
330
1F
100
AcDbEntity
  8
3_ANYTOOL_CUTTHROUGH_INSID
100
AcDb2dPolyline
 66
     1
 10
0.0
 20
0.0
 30
0.0
 70
     1
  0
VERTEX
  5
377
330
376
100
AcDbEntity
  8
3_ANYTOOL_CUTTHROUGH_INSID
100
AcDbVertex
100
AcDb2dVertex
 10
984.0000000001164
 20
74.7500000000291
 30
0.0
 42
-0.9999999999999999
  0
VERTEX
  5
378
330
376
100
AcDbEntity
  8
3_ANYTOOL_CUTTHROUGH_INSID
100
AcDbVertex
100
AcDb2dVertex
 10
984.0000000001164
 20
84.2500000000291
 30
0.0
  0
VERTEX
  5
379
330
376
100
AcDbEntity
  8
3_ANYTOOL_CUTTHROUGH_INSID
100
AcDbVertex
100
AcDb2dVertex
 10
1024.000000000116
 20
84.2500000000291
 30
0.0
 42
-0.9999999999984682
  0
VERTEX
  5
37A
330
376
100
AcDbEntity
  8
3_ANYTOOL_CUTTHROUGH_INSID
100
AcDbVertex
100
AcDb2dVertex
 10
1024.000000000116
 20
74.75000000001455
 30
0.0
  0
SEQEND
  5
37B
330
376
100
AcDbEntity
  8
3_ANYTOOL_CUTTHROUGH_INSID
  0
POLYLINE
  5
37C
330
1F
100
AcDbEntity
  8
3_ANYTOOL_CUTTHROUGH_INSID
100
AcDb2dPolyline
 66
     1
 10
0.0
 20
0.0
 30
0.0
 70
     1
  0
VERTEX
  5
37D
330
37C
100
AcDbEntity
  8
3_ANYTOOL_CUTTHROUGH_INSID
100
AcDbVertex
100
AcDb2dVertex
 10
776.000000000131
 20
74.7499999999709
 30
0.0
 42
-0.9999999999977022
  0
VERTEX
  5
37E
330
37C
100
AcDbEntity
  8
3_ANYTOOL_CUTTHROUGH_INSID
100
AcDbVertex
100
AcDb2dVertex
 10
776.0000000001237
 20
84.2499999999709
 30
0.0
  0
VERTEX
  5
37F
330
37C
100
AcDbEntity
  8
3_ANYTOOL_CUTTHROUGH_INSID
100
AcDbVertex
100
AcDb2dVertex
 10
816.0000000001164
 20
84.2499999999709
 30
0.0
 42
-0.9999999999999999
  0
VERTEX
  5
380
330
37C
100
AcDbEntity
  8
3_ANYTOOL_CUTTHROUGH_INSID
100
AcDbVertex
100
AcDb2dVertex
 10
816.0000000001164
 20
74.74999999998545
 30
0.0
  0
SEQEND
  5
381
330
37C
100
AcDbEntity
  8
3_ANYTOOL_CUTTHROUGH_INSID
  0
POLYLINE
  5
382
330
1F
100
AcDbEntity
  8
3_ANYTOOL_CUTTHROUGH_INSID
100
AcDb2dPolyline
 66
     1
 10
0.0
 20
0.0
 30
0.0
 70
     1
  0
VERTEX
  5
383
330
382
100
AcDbEntity
  8
3_ANYTOOL_CUTTHROUGH_INSID
100
AcDbVertex
100
AcDb2dVertex
 10
384.0000000000146
 20
74.7499999999709
 30
0.0
 42
-0.9999999999999999
  0
VERTEX
  5
384
330
382
100
AcDbEntity
  8
3_ANYTOOL_CUTTHROUGH_INSID
100
AcDbVertex
100
AcDb2dVertex
 10
384.0000000000146
 20
84.24999999995634
 30
0.0
  0
VERTEX
  5
385
330
382
100
AcDbEntity
  8
3_ANYTOOL_CUTTHROUGH_INSID
100
AcDbVertex
100
AcDb2dVertex
 10
424.0000000000146
 20
84.2499999999709
 30
0.0
 42
-0.9999999999999999
  0
VERTEX
  5
386
330
382
100
AcDbEntity
  8
3_ANYTOOL_CUTTHROUGH_INSID
100
AcDbVertex
100
AcDb2dVertex
 10
424.0000000000146
 20
74.7499999999709
 30
0.0
  0
SEQEND
  5
387
330
382
100
AcDbEntity
  8
3_ANYTOOL_CUTTHROUGH_INSID
  0
POLYLINE
  5
388
330
1F
100
AcDbEntity
  8
3_ANYTOOL_CUTTHROUGH_INSID
100
AcDb2dPolyline
 66
     1
 10
0.0
 20
0.0
 30
0.0
 70
     1
  0
VERTEX
  5
389
330
388
100
AcDbEntity
  8
3_ANYTOOL_CUTTHROUGH_INSID
100
AcDbVertex
100
AcDb2dVertex
 10
176.0000000000146
 20
74.74999999991269
 30
0.0
 42
-0.9999999999999999
  0
VERTEX
  5
38A
330
388
100
AcDbEntity
  8
3_ANYTOOL_CUTTHROUGH_INSID
100
AcDbVertex
100
AcDb2dVertex
 10
176.0000000000146
 20
84.24999999992724
 30
0.0
  0
VERTEX
  5
38B
330
388
100
AcDbEntity
  8
3_ANYTOOL_CUTTHROUGH_INSID
100
AcDbVertex
100
AcDb2dVertex
 10
216.0000000000146
 20
84.24999999991269
 30
0.0
 42
-1.000000000001532
  0
VERTEX
  5
38C
330
388
100
AcDbEntity
  8
3_ANYTOOL_CUTTHROUGH_INSID
100
AcDbVertex
100
AcDb2dVertex
 10
216.0000000000146
 20
74.74999999992724
 30
0.0
  0
SEQEND
  5
38D
330
388
100
AcDbEntity
  8
3_ANYTOOL_CUTTHROUGH_INSID
  0
POLYLINE
  5
38E
330
1F
100
AcDbEntity
  8
3_ANYTOOL_CUTTHROUGH_INSID
100
AcDb2dPolyline
 66
     1
 10
0.0
 20
0.0
 30
0.0
 70
     1
  0
VERTEX
  5
38F
330
38E
100
AcDbEntity
  8
3_ANYTOOL_CUTTHROUGH_INSID
100
AcDbVertex
100
AcDb2dVertex
 10
580.0000000000728
 20
74.79425287622144
 30
0.0
 42
-0.9999999999999999
  0
VERTEX
  5
390
330
38E
100
AcDbEntity
  8
3_ANYTOOL_CUTTHROUGH_INSID
100
AcDbVertex
100
AcDb2dVertex
 10
580.0000000000728
 20
84.29425287622144
 30
0.0
  0
VERTEX
  5
391
330
38E
100
AcDbEntity
  8
3_ANYTOOL_CUTTHROUGH_INSID
100
AcDbVertex
100
AcDb2dVertex
 10
620.0000000000728
 20
84.29425287622144
 30
0.0
 42
-1.000000000001532
  0
VERTEX
  5
392
330
38E
100
AcDbEntity
  8
3_ANYTOOL_CUTTHROUGH_INSID
100
AcDbVertex
100
AcDb2dVertex
 10
620.0000000000728
 20
74.79425287622144
 30
0.0
  0
SEQEND
  5
393
330
38E
100
AcDbEntity
  8
3_ANYTOOL_CUTTHROUGH_INSID
  0
POLYLINE
  5
394
330
1F
100
AcDbEntity
  8
3_ANYTOOL_CUTTHROUGH_INSID
100
AcDb2dPolyline
 66
     1
 10
0.0
 20
0.0
 30
0.0
 70
     1
  0
VERTEX
  5
395
330
394
100
AcDbEntity
  8
3_ANYTOOL_CUTTHROUGH_INSID
100
AcDbVertex
100
AcDb2dVertex
 10
-984.0000000002256
 20
74.7500000000291
 30
0.0
  0
VERTEX
  5
396
330
394
100
AcDbEntity
  8
3_ANYTOOL_CUTTHROUGH_INSID
100
AcDbVertex
100
AcDb2dVertex
 10
-1024.000000000226
 20
74.7500000000291
 30
0.0
 42
-1.000000000001532
  0
VERTEX
  5
397
330
394
100
AcDbEntity
  8
3_ANYTOOL_CUTTHROUGH_INSID
100
AcDbVertex
100
AcDb2dVertex
 10
-1024.000000000226
 20
84.25000000001455
 30
0.0
  0
VERTEX
  5
398
330
394
100
AcDbEntity
  8
3_ANYTOOL_CUTTHROUGH_INSID
100
AcDbVertex
100
AcDb2dVertex
 10
-984.0000000002256
 20
84.2500000000291
 30
0.0
 42
-0.9999999999999999
  0
SEQEND
  5
399
330
394
100
AcDbEntity
  8
3_ANYTOOL_CUTTHROUGH_INSID
  0
POLYLINE
  5
39A
330
1F
100
AcDbEntity
  8
3_ANYTOOL_CUTTHROUGH_INSID
100
AcDb2dPolyline
 66
     1
 10
0.0
 20
0.0
 30
0.0
 70
     1
  0
VERTEX
  5
39B
330
39A
100
AcDbEntity
  8
3_ANYTOOL_CUTTHROUGH_INSID
100
AcDbVertex
100
AcDb2dVertex
 10
-776.0000000002474
 20
74.7499999999709
 30
0.0
  0
VERTEX
  5
39C
330
39A
100
AcDbEntity
  8
3_ANYTOOL_CUTTHROUGH_INSID
100
AcDbVertex
100
AcDb2dVertex
 10
-816.0000000002328
 20
74.7499999999709
 30
0.0
 42
-0.9999999999999999
  0
VERTEX
  5
39D
330
39A
100
AcDbEntity
  8
3_ANYTOOL_CUTTHROUGH_INSID
100
AcDbVertex
100
AcDb2dVertex
 10
-816.0000000002328
 20
84.24999999995634
 30
0.0
  0
VERTEX
  5
39E
330
39A
100
AcDbEntity
  8
3_ANYTOOL_CUTTHROUGH_INSID
100
AcDbVertex
100
AcDb2dVertex
 10
-776.0000000002401
 20
84.2499999999709
 30
0.0
 42
-0.9999999999977022
  0
SEQEND
  5
39F
330
39A
100
AcDbEntity
  8
3_ANYTOOL_CUTTHROUGH_INSID
  0
POLYLINE
  5
3A0
330
1F
100
AcDbEntity
  8
3_ANYTOOL_CUTTHROUGH_INSID
100
AcDb2dPolyline
 66
     1
 10
0.0
 20
0.0
 30
0.0
 70
     1
  0
VERTEX
  5
3A1
330
3A0
100
AcDbEntity
  8
3_ANYTOOL_CUTTHROUGH_INSID
100
AcDbVertex
100
AcDb2dVertex
 10
-384.000000000131
 20
74.7499999999709
 30
0.0
  0
VERTEX
  5
3A2
330
3A0
100
AcDbEntity
  8
3_ANYTOOL_CUTTHROUGH_INSID
100
AcDbVertex
100
AcDb2dVertex
 10
-424.000000000131
 20
74.7499999999709
 30
0.0
 42
-0.9999999999984682
  0
VERTEX
  5
3A3
330
3A0
100
AcDbEntity
  8
3_ANYTOOL_CUTTHROUGH_INSID
100
AcDbVertex
100
AcDb2dVertex
 10
-424.000000000131
 20
84.24999999998545
 30
0.0
  0
VERTEX
  5
3A4
330
3A0
100
AcDbEntity
  8
3_ANYTOOL_CUTTHROUGH_INSID
100
AcDbVertex
100
AcDb2dVertex
 10
-384.000000000131
 20
84.2499999999709
 30
0.0
 42
-0.9999999999984682
  0
SEQEND
  5
3A5
330
3A0
100
AcDbEntity
  8
3_ANYTOOL_CUTTHROUGH_INSID
  0
POLYLINE
  5
3A6
330
1F
100
AcDbEntity
  8
3_ANYTOOL_CUTTHROUGH_INSID
100
AcDb2dPolyline
 66
     1
 10
0.0
 20
0.0
 30
0.0
 70
     1
  0
VERTEX
  5
3A7
330
3A6
100
AcDbEntity
  8
3_ANYTOOL_CUTTHROUGH_INSID
100
AcDbVertex
100
AcDb2dVertex
 10
-176.000000000131
 20
74.74999999991269
 30
0.0
  0
VERTEX
  5
3A8
330
3A6
100
AcDbEntity
  8
3_ANYTOOL_CUTTHROUGH_INSID
100
AcDbVertex
100
AcDb2dVertex
 10
-216.000000000131
 20
74.74999999991269
 30
0.0
 42
-1.000000000001532
  0
VERTEX
  5
3A9
330
3A6
100
AcDbEntity
  8
3_ANYTOOL_CUTTHROUGH_INSID
100
AcDbVertex
100
AcDb2dVertex
 10
-216.000000000131
 20
84.24999999989814
 30
0.0
  0
VERTEX
  5
3AA
330
3A6
100
AcDbEntity
  8
3_ANYTOOL_CUTTHROUGH_INSID
100
AcDbVertex
100
AcDb2dVertex
 10
-176.000000000131
 20
84.24999999991269
 30
0.0
 42
-0.9999999999999999
  0
SEQEND
  5
3AB
330
3A6
100
AcDbEntity
  8
3_ANYTOOL_CUTTHROUGH_INSID
  0
POLYLINE
  5
3AC
330
1F
100
AcDbEntity
  8
3_ANYTOOL_CUTTHROUGH_INSID
100
AcDb2dPolyline
 66
     1
 10
0.0
 20
0.0
 30
0.0
 70
     1
  0
VERTEX
  5
3AD
330
3AC
100
AcDbEntity
  8
3_ANYTOOL_CUTTHROUGH_INSID
100
AcDbVertex
100
AcDb2dVertex
 10
-580.0000000001892
 20
74.79425287622144
 30
0.0
  0
VERTEX
  5
3AE
330
3AC
100
AcDbEntity
  8
3_ANYTOOL_CUTTHROUGH_INSID
100
AcDbVertex
100
AcDb2dVertex
 10
-620.0000000001892
 20
74.79425287622144
 30
0.0
 42
-0.9999999999999999
  0
VERTEX
  5
3AF
330
3AC
100
AcDbEntity
  8
3_ANYTOOL_CUTTHROUGH_INSID
100
AcDbVertex
100
AcDb2dVertex
 10
-620.0000000001892
 20
84.29425287622144
 30
0.0
  0
VERTEX
  5
3B0
330
3AC
100
AcDbEntity
  8
3_ANYTOOL_CUTTHROUGH_INSID
100
AcDbVertex
100
AcDb2dVertex
 10
-580.0000000001892
 20
84.29425287622144
 30
0.0
 42
-0.9999999999999999
  0
SEQEND
  5
3B1
330
3AC
100
AcDbEntity
  8
3_ANYTOOL_CUTTHROUGH_INSID
  0
POLYLINE
  5
3B3
330
1F
100
AcDbEntity
  8
4_ANYTOOL_CUTTHROUGH_OUTSI
100
AcDb2dPolyline
 66
     1
 10
0.0
 20
0.0
 30
0.0
 70
     1
  0
VERTEX
  5
3B4
330
3B3
100
AcDbEntity
  8
4_ANYTOOL_CUTTHROUGH_OUTSI
100
AcDbVertex
100
AcDb2dVertex
 10
-66.25000000005821
 20
74.7500000000291
 30
0.0
  0
VERTEX
  5
3B5
330
3B3
100
AcDbEntity
  8
4_ANYTOOL_CUTTHROUGH_OUTSI
100
AcDbVertex
100
AcDb2dVertex
 10
-129.750000000131
 20
74.7500000000291
 30
0.0
  0
VERTEX
  5
3B6
330
3B3
100
AcDbEntity
  8
4_ANYTOOL_CUTTHROUGH_OUTSI
100
AcDbVertex
100
AcDb2dVertex
 10
-129.7500000001164
 20
68.99999999991269
 30
0.0
 42
-0.4142135623560464
  0
VERTEX
  5
3B7
330
3B3
100
AcDbEntity
  8
4_ANYTOOL_CUTTHROUGH_OUTSI
100
AcDbVertex
100
AcDb2dVertex
 10
-130.0000000001164
 20
68.74999999991269
 30
0.0
  0
VERTEX
  5
3B8
330
3B3
100
AcDbEntity
  8
4_ANYTOOL_CUTTHROUGH_OUTSI
100
AcDbVertex
100
AcDb2dVertex
 10
-142.0000000001164
 20
68.74999999991269
 30
0.0
 42
-0.414213562321951
  0
VERTEX
  5
3B9
330
3B3
100
AcDbEntity
  8
4_ANYTOOL_CUTTHROUGH_OUTSI
100
AcDbVertex
100
AcDb2dVertex
 10
-142.250000000131
 20
68.99999999991269
 30
0.0
  0
VERTEX
  5
3BA
330
3B3
100
AcDbEntity
  8
4_ANYTOOL_CUTTHROUGH_OUTSI
100
AcDbVertex
100
AcDb2dVertex
 10
-142.250000000131
 20
92.74999999991269
 30
0.0
  0
VERTEX
  5
3BB
330
3B3
100
AcDbEntity
  8
4_ANYTOOL_CUTTHROUGH_OUTSI
100
AcDbVertex
100
AcDb2dVertex
 10
-249.750000000131
 20
92.74999999991269
 30
0.0
  0
VERTEX
  5
3BC
330
3B3
100
AcDbEntity
  8
4_ANYTOOL_CUTTHROUGH_OUTSI
100
AcDbVertex
100
AcDb2dVertex
 10
-249.7500000001164
 20
68.99999999991269
 30
0.0
 42
-0.4142135623304912
  0
VERTEX
  5
3BD
330
3B3
100
AcDbEntity
  8
4_ANYTOOL_CUTTHROUGH_OUTSI
100
AcDbVertex
100
AcDb2dVertex
 10
-250.0000000001164
 20
68.74999999991996
 30
0.0
  0
VERTEX
  5
3BE
330
3B3
100
AcDbEntity
  8
4_ANYTOOL_CUTTHROUGH_OUTSI
100
AcDbVertex
100
AcDb2dVertex
 10
-262.0000000001164
 20
68.74999999991269
 30
0.0
 42
-0.4142135623305097
  0
VERTEX
  5
3BF
330
3B3
100
AcDbEntity
  8
4_ANYTOOL_CUTTHROUGH_OUTSI
100
AcDbVertex
100
AcDb2dVertex
 10
-262.2500000001237
 20
68.99999999991269
 30
0.0
  0
VERTEX
  5
3C0
330
3B3
100
AcDbEntity
  8
4_ANYTOOL_CUTTHROUGH_OUTSI
100
AcDbVertex
100
AcDb2dVertex
 10
-262.250000000131
 20
74.74999999991269
 30
0.0
  0
VERTEX
  5
3C1
330
3B3
100
AcDbEntity
  8
4_ANYTOOL_CUTTHROUGH_OUTSI
100
AcDbVertex
100
AcDb2dVertex
 10
-337.750000000131
 20
74.7499999999709
 30
0.0
  0
VERTEX
  5
3C2
330
3B3
100
AcDbEntity
  8
4_ANYTOOL_CUTTHROUGH_OUTSI
100
AcDbVertex
100
AcDb2dVertex
 10
-337.7500000001164
 20
68.9999999999709
 30
0.0
 42
-0.4142135623304441
  0
VERTEX
  5
3C3
330
3B3
100
AcDbEntity
  8
4_ANYTOOL_CUTTHROUGH_OUTSI
100
AcDbVertex
100
AcDb2dVertex
 10
-338.0000000001164
 20
68.74999999997817
 30
0.0
  0
VERTEX
  5
3C4
330
3B3
100
AcDbEntity
  8
4_ANYTOOL_CUTTHROUGH_OUTSI
100
AcDbVertex
100
AcDb2dVertex
 10
-350.0000000001164
 20
68.7499999999709
 30
0.0
 42
-0.4142135623389507
  0
VERTEX
  5
3C5
330
3B3
100
AcDbEntity
  8
4_ANYTOOL_CUTTHROUGH_OUTSI
100
AcDbVertex
100
AcDb2dVertex
 10
-350.2500000001164
 20
68.9999999999709
 30
0.0
  0
VERTEX
  5
3C6
330
3B3
100
AcDbEntity
  8
4_ANYTOOL_CUTTHROUGH_OUTSI
100
AcDbVertex
100
AcDb2dVertex
 10
-350.250000000131
 20
92.7499999999709
 30
0.0
  0
VERTEX
  5
3C7
330
3B3
100
AcDbEntity
  8
4_ANYTOOL_CUTTHROUGH_OUTSI
100
AcDbVertex
100
AcDb2dVertex
 10
-457.750000000131
 20
92.7499999999709
 30
0.0
  0
VERTEX
  5
3C8
330
3B3
100
AcDbEntity
  8
4_ANYTOOL_CUTTHROUGH_OUTSI
100
AcDbVertex
100
AcDb2dVertex
 10
-457.7500000001164
 20
68.9999999999709
 30
0.0
 42
-0.4142135623901908
  0
VERTEX
  5
3C9
330
3B3
100
AcDbEntity
  8
4_ANYTOOL_CUTTHROUGH_OUTSI
100
AcDbVertex
100
AcDb2dVertex
 10
-458.0000000001164
 20
68.7499999999709
 30
0.0
  0
VERTEX
  5
3CA
330
3B3
100
AcDbEntity
  8
4_ANYTOOL_CUTTHROUGH_OUTSI
100
AcDbVertex
100
AcDb2dVertex
 10
-470.0000000001164
 20
68.7499999999709
 30
0.0
 42
-0.4142135623474681
  0
VERTEX
  5
3CB
330
3B3
100
AcDbEntity
  8
4_ANYTOOL_CUTTHROUGH_OUTSI
100
AcDbVertex
100
AcDb2dVertex
 10
-470.2500000001237
 20
68.9999999999709
 30
0.0
  0
VERTEX
  5
3CC
330
3B3
100
AcDbEntity
  8
4_ANYTOOL_CUTTHROUGH_OUTSI
100
AcDbVertex
100
AcDb2dVertex
 10
-470.250000000131
 20
74.7501728030038
 30
0.0
  0
VERTEX
  5
3CD
330
3B3
100
AcDbEntity
  8
4_ANYTOOL_CUTTHROUGH_OUTSI
100
AcDbVertex
100
AcDb2dVertex
 10
-533.7500000001892
 20
74.7940799536591
 30
0.0
  0
VERTEX
  5
3CE
330
3B3
100
AcDbEntity
  8
4_ANYTOOL_CUTTHROUGH_OUTSI
100
AcDbVertex
100
AcDb2dVertex
 10
-533.7500000001746
 20
69.04425287622144
 30
0.0
 42
-0.414213562373048
  0
VERTEX
  5
3CF
330
3B3
100
AcDbEntity
  8
4_ANYTOOL_CUTTHROUGH_OUTSI
100
AcDbVertex
100
AcDb2dVertex
 10
-534.0000000001746
 20
68.79425287622144
 30
0.0
  0
VERTEX
  5
3D0
330
3B3
100
AcDbEntity
  8
4_ANYTOOL_CUTTHROUGH_OUTSI
100
AcDbVertex
100
AcDb2dVertex
 10
-546.0000000001746
 20
68.79425287622144
 30
0.0
 42
-0.4142135623645127
  0
VERTEX
  5
3D1
330
3B3
100
AcDbEntity
  8
4_ANYTOOL_CUTTHROUGH_OUTSI
100
AcDbVertex
100
AcDb2dVertex
 10
-546.2500000001819
 20
69.04425287622144
 30
0.0
  0
VERTEX
  5
3D2
330
3B3
100
AcDbEntity
  8
4_ANYTOOL_CUTTHROUGH_OUTSI
100
AcDbVertex
100
AcDb2dVertex
 10
-546.2500000001892
 20
92.79425287622144
 30
0.0
  0
VERTEX
  5
3D3
330
3B3
100
AcDbEntity
  8
4_ANYTOOL_CUTTHROUGH_OUTSI
100
AcDbVertex
100
AcDb2dVertex
 10
-653.7500000001892
 20
92.79425287622144
 30
0.0
  0
VERTEX
  5
3D4
330
3B3
100
AcDbEntity
  8
4_ANYTOOL_CUTTHROUGH_OUTSI
100
AcDbVertex
100
AcDb2dVertex
 10
-653.7500000001746
 20
69.04425287622144
 30
0.0
 42
-0.4142135623475968
  0
VERTEX
  5
3D5
330
3B3
100
AcDbEntity
  8
4_ANYTOOL_CUTTHROUGH_OUTSI
100
AcDbVertex
100
AcDb2dVertex
 10
-654.0000000001746
 20
68.79425287622871
 30
0.0
  0
VERTEX
  5
3D6
330
3B3
100
AcDbEntity
  8
4_ANYTOOL_CUTTHROUGH_OUTSI
100
AcDbVertex
100
AcDb2dVertex
 10
-666.0000000001746
 20
68.79425287622144
 30
0.0
 42
-0.4142135623475819
  0
VERTEX
  5
3D7
330
3B3
100
AcDbEntity
  8
4_ANYTOOL_CUTTHROUGH_OUTSI
100
AcDbVertex
100
AcDb2dVertex
 10
-666.2500000001819
 20
69.04425287622144
 30
0.0
  0
VERTEX
  5
3D8
330
3B3
100
AcDbEntity
  8
4_ANYTOOL_CUTTHROUGH_OUTSI
100
AcDbVertex
100
AcDb2dVertex
 10
-666.2500000001892
 20
74.7940799536591
 30
0.0
  0
VERTEX
  5
3D9
330
3B3
100
AcDbEntity
  8
4_ANYTOOL_CUTTHROUGH_OUTSI
100
AcDbVertex
100
AcDb2dVertex
 10
-729.7500000002474
 20
74.7501728030038
 30
0.0
  0
VERTEX
  5
3DA
330
3B3
100
AcDbEntity
  8
4_ANYTOOL_CUTTHROUGH_OUTSI
100
AcDbVertex
100
AcDb2dVertex
 10
-729.7500000002328
 20
68.9999999999709
 30
0.0
 42
-0.4142135623390449
  0
VERTEX
  5
3DB
330
3B3
100
AcDbEntity
  8
4_ANYTOOL_CUTTHROUGH_OUTSI
100
AcDbVertex
100
AcDb2dVertex
 10
-730.0000000002328
 20
68.7499999999709
 30
0.0
  0
VERTEX
  5
3DC
330
3B3
100
AcDbEntity
  8
4_ANYTOOL_CUTTHROUGH_OUTSI
100
AcDbVertex
100
AcDb2dVertex
 10
-742.0000000002328
 20
68.7499999999709
 30
0.0
 42
-0.4142135623475819
  0
VERTEX
  5
3DD
330
3B3
100
AcDbEntity
  8
4_ANYTOOL_CUTTHROUGH_OUTSI
100
AcDbVertex
100
AcDb2dVertex
 10
-742.2500000002401
 20
68.9999999999709
 30
0.0
  0
VERTEX
  5
3DE
330
3B3
100
AcDbEntity
  8
4_ANYTOOL_CUTTHROUGH_OUTSI
100
AcDbVertex
100
AcDb2dVertex
 10
-742.2500000002328
 20
92.7499999999709
 30
0.0
  0
VERTEX
  5
3DF
330
3B3
100
AcDbEntity
  8
4_ANYTOOL_CUTTHROUGH_OUTSI
100
AcDbVertex
100
AcDb2dVertex
 10
-849.7500000002328
 20
92.7499999999709
 30
0.0
  0
VERTEX
  5
3E0
330
3B3
100
AcDbEntity
  8
4_ANYTOOL_CUTTHROUGH_OUTSI
100
AcDbVertex
100
AcDb2dVertex
 10
-849.7500000002328
 20
68.9999999999709
 30
0.0
 42
-0.4142135623902378
  0
VERTEX
  5
3E1
330
3B3
100
AcDbEntity
  8
4_ANYTOOL_CUTTHROUGH_OUTSI
100
AcDbVertex
100
AcDb2dVertex
 10
-850.0000000002328
 20
68.7499999999709
 30
0.0
  0
VERTEX
  5
3E2
330
3B3
100
AcDbEntity
  8
4_ANYTOOL_CUTTHROUGH_OUTSI
100
AcDbVertex
100
AcDb2dVertex
 10
-862.0000000002328
 20
68.7499999999709
 30
0.0
 42
-0.4142135623475819
  0
VERTEX
  5
3E3
330
3B3
100
AcDbEntity
  8
4_ANYTOOL_CUTTHROUGH_OUTSI
100
AcDbVertex
100
AcDb2dVertex
 10
-862.2500000002401
 20
68.9999999999709
 30
0.0
  0
VERTEX
  5
3E4
330
3B3
100
AcDbEntity
  8
4_ANYTOOL_CUTTHROUGH_OUTSI
100
AcDbVertex
100
AcDb2dVertex
 10
-862.2500000002328
 20
74.7499999999709
 30
0.0
  0
VERTEX
  5
3E5
330
3B3
100
AcDbEntity
  8
4_ANYTOOL_CUTTHROUGH_OUTSI
100
AcDbVertex
100
AcDb2dVertex
 10
-937.7500000002256
 20
74.7499999999709
 30
0.0
  0
VERTEX
  5
3E6
330
3B3
100
AcDbEntity
  8
4_ANYTOOL_CUTTHROUGH_OUTSI
100
AcDbVertex
100
AcDb2dVertex
 10
-937.7500000002256
 20
68.9999999999709
 30
0.0
 42
-0.4142135623816957
  0
VERTEX
  5
3E7
330
3B3
100
AcDbEntity
  8
4_ANYTOOL_CUTTHROUGH_OUTSI
100
AcDbVertex
100
AcDb2dVertex
 10
-938.0000000002256
 20
68.74999999996362
 30
0.0
  0
VERTEX
  5
3E8
330
3B3
100
AcDbEntity
  8
4_ANYTOOL_CUTTHROUGH_OUTSI
100
AcDbVertex
100
AcDb2dVertex
 10
-950.0000000002256
 20
68.7500000000291
 30
0.0
 42
-0.4142135623816239
  0
VERTEX
  5
3E9
330
3B3
100
AcDbEntity
  8
4_ANYTOOL_CUTTHROUGH_OUTSI
100
AcDbVertex
100
AcDb2dVertex
 10
-950.2500000002328
 20
69.0000000000291
 30
0.0
  0
VERTEX
  5
3EA
330
3B3
100
AcDbEntity
  8
4_ANYTOOL_CUTTHROUGH_OUTSI
100
AcDbVertex
100
AcDb2dVertex
 10
-950.2500000002256
 20
92.7500000000291
 30
0.0
  0
VERTEX
  5
3EB
330
3B3
100
AcDbEntity
  8
4_ANYTOOL_CUTTHROUGH_OUTSI
100
AcDbVertex
100
AcDb2dVertex
 10
-1057.750000000226
 20
92.7500000000291
 30
0.0
  0
VERTEX
  5
3EC
330
3B3
100
AcDbEntity
  8
4_ANYTOOL_CUTTHROUGH_OUTSI
100
AcDbVertex
100
AcDb2dVertex
 10
-1057.750000000226
 20
69.0000000000291
 30
0.0
 42
-0.414213562373048
  0
VERTEX
  5
3ED
330
3B3
100
AcDbEntity
  8
4_ANYTOOL_CUTTHROUGH_OUTSI
100
AcDbVertex
100
AcDb2dVertex
 10
-1058.000000000226
 20
68.7500000000291
 30
0.0
  0
VERTEX
  5
3EE
330
3B3
100
AcDbEntity
  8
4_ANYTOOL_CUTTHROUGH_OUTSI
100
AcDbVertex
100
AcDb2dVertex
 10
-1070.000000000226
 20
68.7500000000291
 30
0.0
 42
-0.4142135623475819
  0
VERTEX
  5
3EF
330
3B3
100
AcDbEntity
  8
4_ANYTOOL_CUTTHROUGH_OUTSI
100
AcDbVertex
100
AcDb2dVertex
 10
-1070.250000000233
 20
69.0000000000291
 30
0.0
  0
VERTEX
  5
3F0
330
3B3
100
AcDbEntity
  8
4_ANYTOOL_CUTTHROUGH_OUTSI
100
AcDbVertex
100
AcDb2dVertex
 10
-1070.250000000226
 20
74.7500000000291
 30
0.0
  0
VERTEX
  5
3F1
330
3B3
100
AcDbEntity
  8
4_ANYTOOL_CUTTHROUGH_OUTSI
100
AcDbVertex
100
AcDb2dVertex
 10
-1163.749999965927
 20
74.75000000008731
 30
0.0
  0
VERTEX
  5
3F2
330
3B3
100
AcDbEntity
  8
4_ANYTOOL_CUTTHROUGH_OUTSI
100
AcDbVertex
100
AcDb2dVertex
 10
-1163.749999999949
 20
49.25000000008731
 30
0.0
  0
VERTEX
  5
3F3
330
3B3
100
AcDbEntity
  8
4_ANYTOOL_CUTTHROUGH_OUTSI
100
AcDbVertex
100
AcDb2dVertex
 10
-1158.000000000284
 20
49.25000000008731
 30
0.0
 42
-0.4142135623731421
  0
VERTEX
  5
3F4
330
3B3
100
AcDbEntity
  8
4_ANYTOOL_CUTTHROUGH_OUTSI
100
AcDbVertex
100
AcDb2dVertex
 10
-1157.750000000284
 20
49.00000000008731
 30
0.0
  0
VERTEX
  5
3F5
330
3B3
100
AcDbEntity
  8
4_ANYTOOL_CUTTHROUGH_OUTSI
100
AcDbVertex
100
AcDb2dVertex
 10
-1157.750000000284
 20
37.00000000008731
 30
0.0
 42
-0.414213562373048
  0
VERTEX
  5
3F6
330
3B3
100
AcDbEntity
  8
4_ANYTOOL_CUTTHROUGH_OUTSI
100
AcDbVertex
100
AcDb2dVertex
 10
-1158.000000000284
 20
36.75000000008731
 30
0.0
  0
VERTEX
  5
3F7
330
3B3
100
AcDbEntity
  8
4_ANYTOOL_CUTTHROUGH_OUTSI
100
AcDbVertex
100
AcDb2dVertex
 10
-1199.750000000284
 20
36.75000000008731
 30
0.0
  0
VERTEX
  5
3F8
330
3B3
100
AcDbEntity
  8
4_ANYTOOL_CUTTHROUGH_OUTSI
100
AcDbVertex
100
AcDb2dVertex
 10
-1199.7500000004
 20
-36.74999999991269
 30
0.0
  0
VERTEX
  5
3F9
330
3B3
100
AcDbEntity
  8
4_ANYTOOL_CUTTHROUGH_OUTSI
100
AcDbVertex
100
AcDb2dVertex
 10
-1158.000000000284
 20
-36.74999999991269
 30
0.0
 42
-0.4142135623731421
  0
VERTEX
  5
3FA
330
3B3
100
AcDbEntity
  8
4_ANYTOOL_CUTTHROUGH_OUTSI
100
AcDbVertex
100
AcDb2dVertex
 10
-1157.750000000284
 20
-36.99999999991269
 30
0.0
  0
VERTEX
  5
3FB
330
3B3
100
AcDbEntity
  8
4_ANYTOOL_CUTTHROUGH_OUTSI
100
AcDbVertex
100
AcDb2dVertex
 10
-1157.750000000284
 20
-48.99999999991269
 30
0.0
 42
-0.4142135623477802
  0
VERTEX
  5
3FC
330
3B3
100
AcDbEntity
  8
4_ANYTOOL_CUTTHROUGH_OUTSI
100
AcDbVertex
100
AcDb2dVertex
 10
-1158.000000000284
 20
-49.24999999990541
 30
0.0
  0
VERTEX
  5
3FD
330
3B3
100
AcDbEntity
  8
4_ANYTOOL_CUTTHROUGH_OUTSI
100
AcDbVertex
100
AcDb2dVertex
 10
-1163.749999999949
 20
-49.2499999999709
 30
0.0
  0
VERTEX
  5
3FE
330
3B3
100
AcDbEntity
  8
4_ANYTOOL_CUTTHROUGH_OUTSI
100
AcDbVertex
100
AcDb2dVertex
 10
-1163.749999965883
 20
-74.7499999999709
 30
0.0
  0
VERTEX
  5
3FF
330
3B3
100
AcDbEntity
  8
4_ANYTOOL_CUTTHROUGH_OUTSI
100
AcDbVertex
100
AcDb2dVertex
 10
-1070.250000000197
 20
-74.74999999991269
 30
0.0
  0
VERTEX
  5
400
330
3B3
100
AcDbEntity
  8
4_ANYTOOL_CUTTHROUGH_OUTSI
100
AcDbVertex
100
AcDb2dVertex
 10
-1070.250000000197
 20
-68.99999999991269
 30
0.0
 42
-0.4142135623900495
  0
VERTEX
  5
401
330
3B3
100
AcDbEntity
  8
4_ANYTOOL_CUTTHROUGH_OUTSI
100
AcDbVertex
100
AcDb2dVertex
 10
-1070.000000000197
 20
-68.74999999991269
 30
0.0
  0
VERTEX
  5
402
330
3B3
100
AcDbEntity
  8
4_ANYTOOL_CUTTHROUGH_OUTSI
100
AcDbVertex
100
AcDb2dVertex
 10
-1058.000000000197
 20
-68.74999999991269
 30
0.0
 42
-0.4142135623731421
  0
VERTEX
  5
403
330
3B3
100
AcDbEntity
  8
4_ANYTOOL_CUTTHROUGH_OUTSI
100
AcDbVertex
100
AcDb2dVertex
 10
-1057.750000000197
 20
-68.99999999991269
 30
0.0
  0
VERTEX
  5
404
330
3B3
100
AcDbEntity
  8
4_ANYTOOL_CUTTHROUGH_OUTSI
100
AcDbVertex
100
AcDb2dVertex
 10
-1057.750000000197
 20
-92.74999999991269
 30
0.0
  0
VERTEX
  5
405
330
3B3
100
AcDbEntity
  8
4_ANYTOOL_CUTTHROUGH_OUTSI
100
AcDbVertex
100
AcDb2dVertex
 10
-950.2500000001965
 20
-92.74999999991269
 30
0.0
  0
VERTEX
  5
406
330
3B3
100
AcDbEntity
  8
4_ANYTOOL_CUTTHROUGH_OUTSI
100
AcDbVertex
100
AcDb2dVertex
 10
-950.2500000001965
 20
-68.99999999991269
 30
0.0
 42
-0.414213562373048
  0
VERTEX
  5
407
330
3B3
100
AcDbEntity
  8
4_ANYTOOL_CUTTHROUGH_OUTSI
100
AcDbVertex
100
AcDb2dVertex
 10
-950.0000000001965
 20
-68.74999999991269
 30
0.0
  0
VERTEX
  5
408
330
3B3
100
AcDbEntity
  8
4_ANYTOOL_CUTTHROUGH_OUTSI
100
AcDbVertex
100
AcDb2dVertex
 10
-938.0000000001965
 20
-68.7499999999709
 30
0.0
 42
-0.4142135623049866
  0
VERTEX
  5
409
330
3B3
100
AcDbEntity
  8
4_ANYTOOL_CUTTHROUGH_OUTSI
100
AcDbVertex
100
AcDb2dVertex
 10
-937.7500000001965
 20
-68.9999999999709
 30
0.0
  0
VERTEX
  5
40A
330
3B3
100
AcDbEntity
  8
4_ANYTOOL_CUTTHROUGH_OUTSI
100
AcDbVertex
100
AcDb2dVertex
 10
-937.7500000001892
 20
-74.7499999999709
 30
0.0
  0
VERTEX
  5
40B
330
3B3
100
AcDbEntity
  8
4_ANYTOOL_CUTTHROUGH_OUTSI
100
AcDbVertex
100
AcDb2dVertex
 10
-862.2500000002037
 20
-74.7499999999709
 30
0.0
  0
VERTEX
  5
40C
330
3B3
100
AcDbEntity
  8
4_ANYTOOL_CUTTHROUGH_OUTSI
100
AcDbVertex
100
AcDb2dVertex
 10
-862.2500000002037
 20
-68.9999999999709
 30
0.0
 42
-0.4142135623902378
  0
VERTEX
  5
40D
330
3B3
100
AcDbEntity
  8
4_ANYTOOL_CUTTHROUGH_OUTSI
100
AcDbVertex
100
AcDb2dVertex
 10
-862.0000000002037
 20
-68.7499999999709
 30
0.0
  0
VERTEX
  5
40E
330
3B3
100
AcDbEntity
  8
4_ANYTOOL_CUTTHROUGH_OUTSI
100
AcDbVertex
100
AcDb2dVertex
 10
-850.0000000002037
 20
-68.7499999999709
 30
0.0
 42
-0.4142135623731421
  0
VERTEX
  5
40F
330
3B3
100
AcDbEntity
  8
4_ANYTOOL_CUTTHROUGH_OUTSI
100
AcDbVertex
100
AcDb2dVertex
 10
-849.7500000002037
 20
-68.9999999999709
 30
0.0
  0
VERTEX
  5
410
330
3B3
100
AcDbEntity
  8
4_ANYTOOL_CUTTHROUGH_OUTSI
100
AcDbVertex
100
AcDb2dVertex
 10
-849.7500000002037
 20
-92.7499999999709
 30
0.0
  0
VERTEX
  5
411
330
3B3
100
AcDbEntity
  8
4_ANYTOOL_CUTTHROUGH_OUTSI
100
AcDbVertex
100
AcDb2dVertex
 10
-742.2500000002037
 20
-92.7499999999709
 30
0.0
  0
VERTEX
  5
412
330
3B3
100
AcDbEntity
  8
4_ANYTOOL_CUTTHROUGH_OUTSI
100
AcDbVertex
100
AcDb2dVertex
 10
-742.2500000002037
 20
-69.0000000000291
 30
0.0
 42
-0.4142135624325964
  0
VERTEX
  5
413
330
3B3
100
AcDbEntity
  8
4_ANYTOOL_CUTTHROUGH_OUTSI
100
AcDbVertex
100
AcDb2dVertex
 10
-742.0000000002037
 20
-68.75000000002183
 30
0.0
  0
VERTEX
  5
414
330
3B3
100
AcDbEntity
  8
4_ANYTOOL_CUTTHROUGH_OUTSI
100
AcDbVertex
100
AcDb2dVertex
 10
-730.0000000002037
 20
-68.7500000000291
 30
0.0
 42
-0.4142135624327445
  0
VERTEX
  5
415
330
3B3
100
AcDbEntity
  8
4_ANYTOOL_CUTTHROUGH_OUTSI
100
AcDbVertex
100
AcDb2dVertex
 10
-729.750000000211
 20
-69.0000000000291
 30
0.0
  0
VERTEX
  5
416
330
3B3
100
AcDbEntity
  8
4_ANYTOOL_CUTTHROUGH_OUTSI
100
AcDbVertex
100
AcDb2dVertex
 10
-729.7500000002037
 20
-74.75017280306201
 30
0.0
  0
VERTEX
  5
417
330
3B3
100
AcDbEntity
  8
4_ANYTOOL_CUTTHROUGH_OUTSI
100
AcDbVertex
100
AcDb2dVertex
 10
-666.2500000001455
 20
-74.7940799537173
 30
0.0
  0
VERTEX
  5
418
330
3B3
100
AcDbEntity
  8
4_ANYTOOL_CUTTHROUGH_OUTSI
100
AcDbVertex
100
AcDb2dVertex
 10
-666.2500000001455
 20
-69.04425287627964
 30
0.0
 42
-0.4142135623134994
  0
VERTEX
  5
419
330
3B3
100
AcDbEntity
  8
4_ANYTOOL_CUTTHROUGH_OUTSI
100
AcDbVertex
100
AcDb2dVertex
 10
-666.0000000001455
 20
-68.79425287628692
 30
0.0
  0
VERTEX
  5
41A
330
3B3
100
AcDbEntity
  8
4_ANYTOOL_CUTTHROUGH_OUTSI
100
AcDbVertex
100
AcDb2dVertex
 10
-654.0000000001455
 20
-68.79425287627964
 30
0.0
 42
-0.4142135623645127
  0
VERTEX
  5
41B
330
3B3
100
AcDbEntity
  8
4_ANYTOOL_CUTTHROUGH_OUTSI
100
AcDbVertex
100
AcDb2dVertex
 10
-653.7500000001382
 20
-69.04425287627964
 30
0.0
  0
VERTEX
  5
41C
330
3B3
100
AcDbEntity
  8
4_ANYTOOL_CUTTHROUGH_OUTSI
100
AcDbVertex
100
AcDb2dVertex
 10
-653.7500000001455
 20
-92.79425287627964
 30
0.0
  0
VERTEX
  5
41D
330
3B3
100
AcDbEntity
  8
4_ANYTOOL_CUTTHROUGH_OUTSI
100
AcDbVertex
100
AcDb2dVertex
 10
-546.2500000001455
 20
-92.79425287627964
 30
0.0
  0
VERTEX
  5
41E
330
3B3
100
AcDbEntity
  8
4_ANYTOOL_CUTTHROUGH_OUTSI
100
AcDbVertex
100
AcDb2dVertex
 10
-546.2500000001455
 20
-69.04425287627964
 30
0.0
 42
-0.4142135623560953
  0
VERTEX
  5
41F
330
3B3
100
AcDbEntity
  8
4_ANYTOOL_CUTTHROUGH_OUTSI
100
AcDbVertex
100
AcDb2dVertex
 10
-546.0000000001528
 20
-68.79425287627237
 30
0.0
  0
VERTEX
  5
420
330
3B3
100
AcDbEntity
  8
4_ANYTOOL_CUTTHROUGH_OUTSI
100
AcDbVertex
100
AcDb2dVertex
 10
-534.0000000001528
 20
-68.79425287604681
 30
0.0
 42
-0.4142135624071859
  0
VERTEX
  5
421
330
3B3
100
AcDbEntity
  8
4_ANYTOOL_CUTTHROUGH_OUTSI
100
AcDbVertex
100
AcDb2dVertex
 10
-533.7500000001382
 20
-69.04425287604681
 30
0.0
  0
VERTEX
  5
422
330
3B3
100
AcDbEntity
  8
4_ANYTOOL_CUTTHROUGH_OUTSI
100
AcDbVertex
100
AcDb2dVertex
 10
-533.7500000001455
 20
-74.7940799537173
 30
0.0
  0
VERTEX
  5
423
330
3B3
100
AcDbEntity
  8
4_ANYTOOL_CUTTHROUGH_OUTSI
100
AcDbVertex
100
AcDb2dVertex
 10
-470.2500000000873
 20
-74.75017280306201
 30
0.0
  0
VERTEX
  5
424
330
3B3
100
AcDbEntity
  8
4_ANYTOOL_CUTTHROUGH_OUTSI
100
AcDbVertex
100
AcDb2dVertex
 10
-470.2500000000873
 20
-69.0000000000291
 30
0.0
 42
-0.4142135624328318
  0
VERTEX
  5
425
330
3B3
100
AcDbEntity
  8
4_ANYTOOL_CUTTHROUGH_OUTSI
100
AcDbVertex
100
AcDb2dVertex
 10
-470.0000000000873
 20
-68.75000000002183
 30
0.0
  0
VERTEX
  5
426
330
3B3
100
AcDbEntity
  8
4_ANYTOOL_CUTTHROUGH_OUTSI
100
AcDbVertex
100
AcDb2dVertex
 10
-458.0000000000873
 20
-68.7500000000291
 30
0.0
 42
-0.4142135624327802
  0
VERTEX
  5
427
330
3B3
100
AcDbEntity
  8
4_ANYTOOL_CUTTHROUGH_OUTSI
100
AcDbVertex
100
AcDb2dVertex
 10
-457.7500000000946
 20
-69.0000000000291
 30
0.0
  0
VERTEX
  5
428
330
3B3
100
AcDbEntity
  8
4_ANYTOOL_CUTTHROUGH_OUTSI
100
AcDbVertex
100
AcDb2dVertex
 10
-457.7500000000873
 20
-92.7499999999709
 30
0.0
  0
VERTEX
  5
429
330
3B3
100
AcDbEntity
  8
4_ANYTOOL_CUTTHROUGH_OUTSI
100
AcDbVertex
100
AcDb2dVertex
 10
-350.2500000000873
 20
-92.7499999999709
 30
0.0
  0
VERTEX
  5
42A
330
3B3
100
AcDbEntity
  8
4_ANYTOOL_CUTTHROUGH_OUTSI
100
AcDbVertex
100
AcDb2dVertex
 10
-350.2500000000873
 20
-68.9999999999709
 30
0.0
 42
-0.4142135623986875
  0
VERTEX
  5
42B
330
3B3
100
AcDbEntity
  8
4_ANYTOOL_CUTTHROUGH_OUTSI
100
AcDbVertex
100
AcDb2dVertex
 10
-350.0000000000873
 20
-68.74999999996362
 30
0.0
  0
VERTEX
  5
42C
330
3B3
100
AcDbEntity
  8
4_ANYTOOL_CUTTHROUGH_OUTSI
100
AcDbVertex
100
AcDb2dVertex
 10
-338.0000000000873
 20
-68.7499999999709
 30
0.0
 42
-0.4142135623730285
  0
VERTEX
  5
42D
330
3B3
100
AcDbEntity
  8
4_ANYTOOL_CUTTHROUGH_OUTSI
100
AcDbVertex
100
AcDb2dVertex
 10
-337.7500000000873
 20
-68.9999999999709
 30
0.0
  0
VERTEX
  5
42E
330
3B3
100
AcDbEntity
  8
4_ANYTOOL_CUTTHROUGH_OUTSI
100
AcDbVertex
100
AcDb2dVertex
 10
-337.7500000000873
 20
-74.7499999999709
 30
0.0
  0
VERTEX
  5
42F
330
3B3
100
AcDbEntity
  8
4_ANYTOOL_CUTTHROUGH_OUTSI
100
AcDbVertex
100
AcDb2dVertex
 10
-262.2500000000873
 20
-74.7500000000291
 30
0.0
  0
VERTEX
  5
430
330
3B3
100
AcDbEntity
  8
4_ANYTOOL_CUTTHROUGH_OUTSI
100
AcDbVertex
100
AcDb2dVertex
 10
-262.2500000000873
 20
-69.0000000000291
 30
0.0
 42
-0.4142135623901908
  0
VERTEX
  5
431
330
3B3
100
AcDbEntity
  8
4_ANYTOOL_CUTTHROUGH_OUTSI
100
AcDbVertex
100
AcDb2dVertex
 10
-262.0000000000873
 20
-68.7500000000291
 30
0.0
  0
VERTEX
  5
432
330
3B3
100
AcDbEntity
  8
4_ANYTOOL_CUTTHROUGH_OUTSI
100
AcDbVertex
100
AcDb2dVertex
 10
-250.0000000000873
 20
-68.7500000000291
 30
0.0
 42
-0.4142135624327623
  0
VERTEX
  5
433
330
3B3
100
AcDbEntity
  8
4_ANYTOOL_CUTTHROUGH_OUTSI
100
AcDbVertex
100
AcDb2dVertex
 10
-249.7500000000946
 20
-69.0000000000291
 30
0.0
  0
VERTEX
  5
434
330
3B3
100
AcDbEntity
  8
4_ANYTOOL_CUTTHROUGH_OUTSI
100
AcDbVertex
100
AcDb2dVertex
 10
-249.7500000000873
 20
-92.7500000000291
 30
0.0
  0
VERTEX
  5
435
330
3B3
100
AcDbEntity
  8
4_ANYTOOL_CUTTHROUGH_OUTSI
100
AcDbVertex
100
AcDb2dVertex
 10
-142.2500000000873
 20
-92.7500000000291
 30
0.0
  0
VERTEX
  5
436
330
3B3
100
AcDbEntity
  8
4_ANYTOOL_CUTTHROUGH_OUTSI
100
AcDbVertex
100
AcDb2dVertex
 10
-142.2500000000873
 20
-69.0000000000291
 30
0.0
 42
-0.4142135623901437
  0
VERTEX
  5
437
330
3B3
100
AcDbEntity
  8
4_ANYTOOL_CUTTHROUGH_OUTSI
100
AcDbVertex
100
AcDb2dVertex
 10
-142.0000000000873
 20
-68.7500000000291
 30
0.0
  0
VERTEX
  5
438
330
3B3
100
AcDbEntity
  8
4_ANYTOOL_CUTTHROUGH_OUTSI
100
AcDbVertex
100
AcDb2dVertex
 10
-130.0000000000873
 20
-68.7500000000291
 30
0.0
 42
-0.4142135624327623
  0
VERTEX
  5
439
330
3B3
100
AcDbEntity
  8
4_ANYTOOL_CUTTHROUGH_OUTSI
100
AcDbVertex
100
AcDb2dVertex
 10
-129.7500000000946
 20
-69.0000000000291
 30
0.0
  0
VERTEX
  5
43A
330
3B3
100
AcDbEntity
  8
4_ANYTOOL_CUTTHROUGH_OUTSI
100
AcDbVertex
100
AcDb2dVertex
 10
-129.7500000000873
 20
-74.7500000000291
 30
0.0
  0
VERTEX
  5
43B
330
3B3
100
AcDbEntity
  8
4_ANYTOOL_CUTTHROUGH_OUTSI
100
AcDbVertex
100
AcDb2dVertex
 10
-66.25000000005821
 20
-74.7500000000291
 30
0.0
  0
VERTEX
  5
43C
330
3B3
100
AcDbEntity
  8
4_ANYTOOL_CUTTHROUGH_OUTSI
100
AcDbVertex
100
AcDb2dVertex
 10
-66.25000000005821
 20
-69.0000000000291
 30
0.0
 42
-0.4142135624327731
  0
VERTEX
  5
43D
330
3B3
100
AcDbEntity
  8
4_ANYTOOL_CUTTHROUGH_OUTSI
100
AcDbVertex
100
AcDb2dVertex
 10
-66.00000000005821
 20
-68.75000000002183
 30
0.0
  0
VERTEX
  5
43E
330
3B3
100
AcDbEntity
  8
4_ANYTOOL_CUTTHROUGH_OUTSI
100
AcDbVertex
100
AcDb2dVertex
 10
-54.00000000005821
 20
-68.7500000000291
 30
0.0
 42
-0.4142135624327761
  0
VERTEX
  5
43F
330
3B3
100
AcDbEntity
  8
4_ANYTOOL_CUTTHROUGH_OUTSI
100
AcDbVertex
100
AcDb2dVertex
 10
-53.75000000006548
 20
-69.0000000000291
 30
0.0
  0
VERTEX
  5
440
330
3B3
100
AcDbEntity
  8
4_ANYTOOL_CUTTHROUGH_OUTSI
100
AcDbVertex
100
AcDb2dVertex
 10
-53.75000000005821
 20
-92.7500000000291
 30
0.0
  0
VERTEX
  5
441
330
3B3
100
AcDbEntity
  8
4_ANYTOOL_CUTTHROUGH_OUTSI
100
AcDbVertex
100
AcDb2dVertex
 10
53.74999999994179
 20
-92.7500000000291
 30
0.0
  0
VERTEX
  5
442
330
3B3
100
AcDbEntity
  8
4_ANYTOOL_CUTTHROUGH_OUTSI
100
AcDbVertex
100
AcDb2dVertex
 10
53.74999999994907
 20
-69.0000000000291
 30
0.0
 42
-0.4142135624327613
  0
VERTEX
  5
443
330
3B3
100
AcDbEntity
  8
4_ANYTOOL_CUTTHROUGH_OUTSI
100
AcDbVertex
100
AcDb2dVertex
 10
53.99999999994907
 20
-68.75000000002183
 30
0.0
  0
VERTEX
  5
444
330
3B3
100
AcDbEntity
  8
4_ANYTOOL_CUTTHROUGH_OUTSI
100
AcDbVertex
100
AcDb2dVertex
 10
65.99999999994179
 20
-68.7500000000291
 30
0.0
 42
-0.4142135624327712
  0
VERTEX
  5
445
330
3B3
100
AcDbEntity
  8
4_ANYTOOL_CUTTHROUGH_OUTSI
100
AcDbVertex
100
AcDb2dVertex
 10
66.24999999993452
 20
-69.0000000000291
 30
0.0
  0
VERTEX
  5
446
330
3B3
100
AcDbEntity
  8
4_ANYTOOL_CUTTHROUGH_OUTSI
100
AcDbVertex
100
AcDb2dVertex
 10
66.24999999994179
 20
-74.7500000000291
 30
0.0
  0
VERTEX
  5
447
330
3B3
100
AcDbEntity
  8
4_ANYTOOL_CUTTHROUGH_OUTSI
100
AcDbVertex
100
AcDb2dVertex
 10
129.7499999999709
 20
-74.7500000000291
 30
0.0
  0
VERTEX
  5
448
330
3B3
100
AcDbEntity
  8
4_ANYTOOL_CUTTHROUGH_OUTSI
100
AcDbVertex
100
AcDb2dVertex
 10
129.7499999999709
 20
-69.0000000000291
 30
0.0
 42
-0.4142135623901437
  0
VERTEX
  5
449
330
3B3
100
AcDbEntity
  8
4_ANYTOOL_CUTTHROUGH_OUTSI
100
AcDbVertex
100
AcDb2dVertex
 10
129.9999999999709
 20
-68.7500000000291
 30
0.0
  0
VERTEX
  5
44A
330
3B3
100
AcDbEntity
  8
4_ANYTOOL_CUTTHROUGH_OUTSI
100
AcDbVertex
100
AcDb2dVertex
 10
141.9999999999709
 20
-68.7500000000291
 30
0.0
 42
-0.414213562407202
  0
VERTEX
  5
44B
330
3B3
100
AcDbEntity
  8
4_ANYTOOL_CUTTHROUGH_OUTSI
100
AcDbVertex
100
AcDb2dVertex
 10
142.2499999999709
 20
-69.0000000000291
 30
0.0
  0
VERTEX
  5
44C
330
3B3
100
AcDbEntity
  8
4_ANYTOOL_CUTTHROUGH_OUTSI
100
AcDbVertex
100
AcDb2dVertex
 10
142.2499999999709
 20
-92.7500000000291
 30
0.0
  0
VERTEX
  5
44D
330
3B3
100
AcDbEntity
  8
4_ANYTOOL_CUTTHROUGH_OUTSI
100
AcDbVertex
100
AcDb2dVertex
 10
249.7499999999709
 20
-92.7500000000291
 30
0.0
  0
VERTEX
  5
44E
330
3B3
100
AcDbEntity
  8
4_ANYTOOL_CUTTHROUGH_OUTSI
100
AcDbVertex
100
AcDb2dVertex
 10
249.7499999999709
 20
-69.0000000000291
 30
0.0
 42
-0.4142135623901437
  0
VERTEX
  5
44F
330
3B3
100
AcDbEntity
  8
4_ANYTOOL_CUTTHROUGH_OUTSI
100
AcDbVertex
100
AcDb2dVertex
 10
249.9999999999709
 20
-68.7500000000291
 30
0.0
  0
VERTEX
  5
450
330
3B3
100
AcDbEntity
  8
4_ANYTOOL_CUTTHROUGH_OUTSI
100
AcDbVertex
100
AcDb2dVertex
 10
261.9999999999709
 20
-68.7500000000291
 30
0.0
 42
-0.4142135624327802
  0
VERTEX
  5
451
330
3B3
100
AcDbEntity
  8
4_ANYTOOL_CUTTHROUGH_OUTSI
100
AcDbVertex
100
AcDb2dVertex
 10
262.2499999999636
 20
-69.0000000000291
 30
0.0
  0
VERTEX
  5
452
330
3B3
100
AcDbEntity
  8
4_ANYTOOL_CUTTHROUGH_OUTSI
100
AcDbVertex
100
AcDb2dVertex
 10
262.2499999999709
 20
-74.7500000000291
 30
0.0
  0
VERTEX
  5
453
330
3B3
100
AcDbEntity
  8
4_ANYTOOL_CUTTHROUGH_OUTSI
100
AcDbVertex
100
AcDb2dVertex
 10
337.7499999999709
 20
-74.7499999999709
 30
0.0
  0
VERTEX
  5
454
330
3B3
100
AcDbEntity
  8
4_ANYTOOL_CUTTHROUGH_OUTSI
100
AcDbVertex
100
AcDb2dVertex
 10
337.7499999999709
 20
-68.9999999999709
 30
0.0
 42
-0.4142135623560464
  0
VERTEX
  5
455
330
3B3
100
AcDbEntity
  8
4_ANYTOOL_CUTTHROUGH_OUTSI
100
AcDbVertex
100
AcDb2dVertex
 10
337.9999999999709
 20
-68.7499999999709
 30
0.0
  0
VERTEX
  5
456
330
3B3
100
AcDbEntity
  8
4_ANYTOOL_CUTTHROUGH_OUTSI
100
AcDbVertex
100
AcDb2dVertex
 10
349.9999999999709
 20
-68.7499999999709
 30
0.0
 42
-0.4142135623730285
  0
VERTEX
  5
457
330
3B3
100
AcDbEntity
  8
4_ANYTOOL_CUTTHROUGH_OUTSI
100
AcDbVertex
100
AcDb2dVertex
 10
350.2499999999709
 20
-68.9999999999709
 30
0.0
  0
VERTEX
  5
458
330
3B3
100
AcDbEntity
  8
4_ANYTOOL_CUTTHROUGH_OUTSI
100
AcDbVertex
100
AcDb2dVertex
 10
350.2499999999709
 20
-92.7499999999709
 30
0.0
  0
VERTEX
  5
459
330
3B3
100
AcDbEntity
  8
4_ANYTOOL_CUTTHROUGH_OUTSI
100
AcDbVertex
100
AcDb2dVertex
 10
457.7499999999709
 20
-92.7499999999709
 30
0.0
  0
VERTEX
  5
45A
330
3B3
100
AcDbEntity
  8
4_ANYTOOL_CUTTHROUGH_OUTSI
100
AcDbVertex
100
AcDb2dVertex
 10
457.7499999999709
 20
-69.0000000000291
 30
0.0
 42
-0.4142135623901908
  0
VERTEX
  5
45B
330
3B3
100
AcDbEntity
  8
4_ANYTOOL_CUTTHROUGH_OUTSI
100
AcDbVertex
100
AcDb2dVertex
 10
457.9999999999709
 20
-68.7500000000291
 30
0.0
  0
VERTEX
  5
45C
330
3B3
100
AcDbEntity
  8
4_ANYTOOL_CUTTHROUGH_OUTSI
100
AcDbVertex
100
AcDb2dVertex
 10
469.9999999999709
 20
-68.7500000000291
 30
0.0
 42
-0.4142135624071452
  0
VERTEX
  5
45D
330
3B3
100
AcDbEntity
  8
4_ANYTOOL_CUTTHROUGH_OUTSI
100
AcDbVertex
100
AcDb2dVertex
 10
470.2499999999709
 20
-69.0000000000291
 30
0.0
  0
VERTEX
  5
45E
330
3B3
100
AcDbEntity
  8
4_ANYTOOL_CUTTHROUGH_OUTSI
100
AcDbVertex
100
AcDb2dVertex
 10
470.2499999999709
 20
-74.75017280306201
 30
0.0
  0
VERTEX
  5
45F
330
3B3
100
AcDbEntity
  8
4_ANYTOOL_CUTTHROUGH_OUTSI
100
AcDbVertex
100
AcDb2dVertex
 10
533.7500000000291
 20
-74.7940799537173
 30
0.0
  0
VERTEX
  5
460
330
3B3
100
AcDbEntity
  8
4_ANYTOOL_CUTTHROUGH_OUTSI
100
AcDbVertex
100
AcDb2dVertex
 10
533.7500000000291
 20
-69.04425287604681
 30
0.0
 42
-0.414213562415546
  0
VERTEX
  5
461
330
3B3
100
AcDbEntity
  8
4_ANYTOOL_CUTTHROUGH_OUTSI
100
AcDbVertex
100
AcDb2dVertex
 10
534.0000000000364
 20
-68.79425287604681
 30
0.0
  0
VERTEX
  5
462
330
3B3
100
AcDbEntity
  8
4_ANYTOOL_CUTTHROUGH_OUTSI
100
AcDbVertex
100
AcDb2dVertex
 10
546.0000000000364
 20
-68.79425287627964
 30
0.0
 42
-0.4142135623133885
  0
VERTEX
  5
463
330
3B3
100
AcDbEntity
  8
4_ANYTOOL_CUTTHROUGH_OUTSI
100
AcDbVertex
100
AcDb2dVertex
 10
546.2500000000291
 20
-69.04425287627964
 30
0.0
  0
VERTEX
  5
464
330
3B3
100
AcDbEntity
  8
4_ANYTOOL_CUTTHROUGH_OUTSI
100
AcDbVertex
100
AcDb2dVertex
 10
546.2500000000291
 20
-92.79425287627964
 30
0.0
  0
VERTEX
  5
465
330
3B3
100
AcDbEntity
  8
4_ANYTOOL_CUTTHROUGH_OUTSI
100
AcDbVertex
100
AcDb2dVertex
 10
653.7500000000291
 20
-92.79425287627964
 30
0.0
  0
VERTEX
  5
466
330
3B3
100
AcDbEntity
  8
4_ANYTOOL_CUTTHROUGH_OUTSI
100
AcDbVertex
100
AcDb2dVertex
 10
653.7500000000291
 20
-69.04425287627964
 30
0.0
 42
-0.4142135623303971
  0
VERTEX
  5
467
330
3B3
100
AcDbEntity
  8
4_ANYTOOL_CUTTHROUGH_OUTSI
100
AcDbVertex
100
AcDb2dVertex
 10
654.0000000000291
 20
-68.79425287628692
 30
0.0
  0
VERTEX
  5
468
330
3B3
100
AcDbEntity
  8
4_ANYTOOL_CUTTHROUGH_OUTSI
100
AcDbVertex
100
AcDb2dVertex
 10
666.0000000000291
 20
-68.79425287627964
 30
0.0
 42
-0.4142135623475819
  0
VERTEX
  5
469
330
3B3
100
AcDbEntity
  8
4_ANYTOOL_CUTTHROUGH_OUTSI
100
AcDbVertex
100
AcDb2dVertex
 10
666.2500000000364
 20
-69.04425287627964
 30
0.0
  0
VERTEX
  5
46A
330
3B3
100
AcDbEntity
  8
4_ANYTOOL_CUTTHROUGH_OUTSI
100
AcDbVertex
100
AcDb2dVertex
 10
666.2500000000291
 20
-74.7940799537173
 30
0.0
  0
VERTEX
  5
46B
330
3B3
100
AcDbEntity
  8
4_ANYTOOL_CUTTHROUGH_OUTSI
100
AcDbVertex
100
AcDb2dVertex
 10
729.7500000000873
 20
-74.75017280306201
 30
0.0
  0
VERTEX
  5
46C
330
3B3
100
AcDbEntity
  8
4_ANYTOOL_CUTTHROUGH_OUTSI
100
AcDbVertex
100
AcDb2dVertex
 10
729.7500000000873
 20
-69.0000000000291
 30
0.0
 42
-0.4142135624325964
  0
VERTEX
  5
46D
330
3B3
100
AcDbEntity
  8
4_ANYTOOL_CUTTHROUGH_OUTSI
100
AcDbVertex
100
AcDb2dVertex
 10
730.0000000000873
 20
-68.75000000002183
 30
0.0
  0
VERTEX
  5
46E
330
3B3
100
AcDbEntity
  8
4_ANYTOOL_CUTTHROUGH_OUTSI
100
AcDbVertex
100
AcDb2dVertex
 10
742.0000000000873
 20
-68.7500000000291
 30
0.0
 42
-0.4142135624327445
  0
VERTEX
  5
46F
330
3B3
100
AcDbEntity
  8
4_ANYTOOL_CUTTHROUGH_OUTSI
100
AcDbVertex
100
AcDb2dVertex
 10
742.25000000008
 20
-69.0000000000291
 30
0.0
  0
VERTEX
  5
470
330
3B3
100
AcDbEntity
  8
4_ANYTOOL_CUTTHROUGH_OUTSI
100
AcDbVertex
100
AcDb2dVertex
 10
742.2500000000873
 20
-92.7499999999709
 30
0.0
  0
VERTEX
  5
471
330
3B3
100
AcDbEntity
  8
4_ANYTOOL_CUTTHROUGH_OUTSI
100
AcDbVertex
100
AcDb2dVertex
 10
849.7500000000873
 20
-92.7499999999709
 30
0.0
  0
VERTEX
  5
472
330
3B3
100
AcDbEntity
  8
4_ANYTOOL_CUTTHROUGH_OUTSI
100
AcDbVertex
100
AcDb2dVertex
 10
849.7500000000873
 20
-68.9999999999709
 30
0.0
 42
-0.4142135624156989
  0
VERTEX
  5
473
330
3B3
100
AcDbEntity
  8
4_ANYTOOL_CUTTHROUGH_OUTSI
100
AcDbVertex
100
AcDb2dVertex
 10
850.0000000000873
 20
-68.74999999996362
 30
0.0
  0
VERTEX
  5
474
330
3B3
100
AcDbEntity
  8
4_ANYTOOL_CUTTHROUGH_OUTSI
100
AcDbVertex
100
AcDb2dVertex
 10
862.0000000000873
 20
-68.7499999999709
 30
0.0
 42
-0.4142135623731421
  0
VERTEX
  5
475
330
3B3
100
AcDbEntity
  8
4_ANYTOOL_CUTTHROUGH_OUTSI
100
AcDbVertex
100
AcDb2dVertex
 10
862.2500000000873
 20
-68.9999999999709
 30
0.0
  0
VERTEX
  5
476
330
3B3
100
AcDbEntity
  8
4_ANYTOOL_CUTTHROUGH_OUTSI
100
AcDbVertex
100
AcDb2dVertex
 10
862.2500000000873
 20
-74.7499999999709
 30
0.0
  0
VERTEX
  5
477
330
3B3
100
AcDbEntity
  8
4_ANYTOOL_CUTTHROUGH_OUTSI
100
AcDbVertex
100
AcDb2dVertex
 10
937.75000000008
 20
-74.7499999999709
 30
0.0
  0
VERTEX
  5
478
330
3B3
100
AcDbEntity
  8
4_ANYTOOL_CUTTHROUGH_OUTSI
100
AcDbVertex
100
AcDb2dVertex
 10
937.7500000000873
 20
-68.9999999999709
 30
0.0
 42
-0.4142135623304931
  0
VERTEX
  5
479
330
3B3
100
AcDbEntity
  8
4_ANYTOOL_CUTTHROUGH_OUTSI
100
AcDbVertex
100
AcDb2dVertex
 10
938.0000000000873
 20
-68.74999999996362
 30
0.0
  0
VERTEX
  5
47A
330
3B3
100
AcDbEntity
  8
4_ANYTOOL_CUTTHROUGH_OUTSI
100
AcDbVertex
100
AcDb2dVertex
 10
950.0000000000873
 20
-68.74999999991269
 30
0.0
 42
-0.4142135623731421
  0
VERTEX
  5
47B
330
3B3
100
AcDbEntity
  8
4_ANYTOOL_CUTTHROUGH_OUTSI
100
AcDbVertex
100
AcDb2dVertex
 10
950.2500000000873
 20
-68.99999999991269
 30
0.0
  0
VERTEX
  5
47C
330
3B3
100
AcDbEntity
  8
4_ANYTOOL_CUTTHROUGH_OUTSI
100
AcDbVertex
100
AcDb2dVertex
 10
950.2500000000873
 20
-92.74999999991269
 30
0.0
  0
VERTEX
  5
47D
330
3B3
100
AcDbEntity
  8
4_ANYTOOL_CUTTHROUGH_OUTSI
100
AcDbVertex
100
AcDb2dVertex
 10
1057.750000000087
 20
-92.74999999991269
 30
0.0
  0
VERTEX
  5
47E
330
3B3
100
AcDbEntity
  8
4_ANYTOOL_CUTTHROUGH_OUTSI
100
AcDbVertex
100
AcDb2dVertex
 10
1057.750000000087
 20
-68.99999999991269
 30
0.0
 42
-0.4142135623644961
  0
VERTEX
  5
47F
330
3B3
100
AcDbEntity
  8
4_ANYTOOL_CUTTHROUGH_OUTSI
100
AcDbVertex
100
AcDb2dVertex
 10
1058.000000000087
 20
-68.74999999990541
 30
0.0
  0
VERTEX
  5
480
330
3B3
100
AcDbEntity
  8
4_ANYTOOL_CUTTHROUGH_OUTSI
100
AcDbVertex
100
AcDb2dVertex
 10
1070.000000000087
 20
-68.74999999991269
 30
0.0
 42
-0.4142135623731421
  0
VERTEX
  5
481
330
3B3
100
AcDbEntity
  8
4_ANYTOOL_CUTTHROUGH_OUTSI
100
AcDbVertex
100
AcDb2dVertex
 10
1070.250000000087
 20
-68.99999999991269
 30
0.0
  0
VERTEX
  5
482
330
3B3
100
AcDbEntity
  8
4_ANYTOOL_CUTTHROUGH_OUTSI
100
AcDbVertex
100
AcDb2dVertex
 10
1070.250000000087
 20
-74.74999999991269
 30
0.0
  0
VERTEX
  5
483
330
3B3
100
AcDbEntity
  8
4_ANYTOOL_CUTTHROUGH_OUTSI
100
AcDbVertex
100
AcDb2dVertex
 10
1163.749999965774
 20
-74.7499999999709
 30
0.0
  0
VERTEX
  5
484
330
3B3
100
AcDbEntity
  8
4_ANYTOOL_CUTTHROUGH_OUTSI
100
AcDbVertex
100
AcDb2dVertex
 10
1163.74999999984
 20
-49.2499999999709
 30
0.0
  0
VERTEX
  5
485
330
3B3
100
AcDbEntity
  8
4_ANYTOOL_CUTTHROUGH_OUTSI
100
AcDbVertex
100
AcDb2dVertex
 10
1158.000000000175
 20
-49.24999999991269
 30
0.0
 42
-0.4142135623899714
  0
VERTEX
  5
486
330
3B3
100
AcDbEntity
  8
4_ANYTOOL_CUTTHROUGH_OUTSI
100
AcDbVertex
100
AcDb2dVertex
 10
1157.750000000175
 20
-48.99999999991269
 30
0.0
  0
VERTEX
  5
487
330
3B3
100
AcDbEntity
  8
4_ANYTOOL_CUTTHROUGH_OUTSI
100
AcDbVertex
100
AcDb2dVertex
 10
1157.750000000175
 20
-36.99999999991269
 30
0.0
 42
-0.4142135623642166
  0
VERTEX
  5
488
330
3B3
100
AcDbEntity
  8
4_ANYTOOL_CUTTHROUGH_OUTSI
100
AcDbVertex
100
AcDb2dVertex
 10
1158.000000000175
 20
-36.74999999991996
 30
0.0
  0
VERTEX
  5
489
330
3B3
100
AcDbEntity
  8
4_ANYTOOL_CUTTHROUGH_OUTSI
100
AcDbVertex
100
AcDb2dVertex
 10
1199.750000000291
 20
-36.74999999991269
 30
0.0
  0
VERTEX
  5
48A
330
3B3
100
AcDbEntity
  8
4_ANYTOOL_CUTTHROUGH_OUTSI
100
AcDbVertex
100
AcDb2dVertex
 10
1199.750000000175
 20
36.75000000008731
 30
0.0
  0
VERTEX
  5
48B
330
3B3
100
AcDbEntity
  8
4_ANYTOOL_CUTTHROUGH_OUTSI
100
AcDbVertex
100
AcDb2dVertex
 10
1158.000000000175
 20
36.75000000008731
 30
0.0
 42
-0.4142135623475937
  0
VERTEX
  5
48C
330
3B3
100
AcDbEntity
  8
4_ANYTOOL_CUTTHROUGH_OUTSI
100
AcDbVertex
100
AcDb2dVertex
 10
1157.750000000167
 20
37.00000000008731
 30
0.0
  0
VERTEX
  5
48D
330
3B3
100
AcDbEntity
  8
4_ANYTOOL_CUTTHROUGH_OUTSI
100
AcDbVertex
100
AcDb2dVertex
 10
1157.750000000175
 20
49.00000000008731
 30
0.0
 42
-0.4142135623562348
  0
VERTEX
  5
48E
330
3B3
100
AcDbEntity
  8
4_ANYTOOL_CUTTHROUGH_OUTSI
100
AcDbVertex
100
AcDb2dVertex
 10
1158.000000000175
 20
49.25000000008731
 30
0.0
  0
VERTEX
  5
48F
330
3B3
100
AcDbEntity
  8
4_ANYTOOL_CUTTHROUGH_OUTSI
100
AcDbVertex
100
AcDb2dVertex
 10
1163.74999999984
 20
49.25000000008731
 30
0.0
  0
VERTEX
  5
490
330
3B3
100
AcDbEntity
  8
4_ANYTOOL_CUTTHROUGH_OUTSI
100
AcDbVertex
100
AcDb2dVertex
 10
1163.749999965818
 20
74.75000000008731
 30
0.0
  0
VERTEX
  5
491
330
3B3
100
AcDbEntity
  8
4_ANYTOOL_CUTTHROUGH_OUTSI
100
AcDbVertex
100
AcDb2dVertex
 10
1070.250000000116
 20
74.7500000000291
 30
0.0
  0
VERTEX
  5
492
330
3B3
100
AcDbEntity
  8
4_ANYTOOL_CUTTHROUGH_OUTSI
100
AcDbVertex
100
AcDb2dVertex
 10
1070.250000000116
 20
69.0000000000291
 30
0.0
 42
-0.4142135623303971
  0
VERTEX
  5
493
330
3B3
100
AcDbEntity
  8
4_ANYTOOL_CUTTHROUGH_OUTSI
100
AcDbVertex
100
AcDb2dVertex
 10
1070.000000000116
 20
68.75000000003638
 30
0.0
  0
VERTEX
  5
494
330
3B3
100
AcDbEntity
  8
4_ANYTOOL_CUTTHROUGH_OUTSI
100
AcDbVertex
100
AcDb2dVertex
 10
1058.000000000116
 20
68.7500000000291
 30
0.0
 42
-0.4142135623303212
  0
VERTEX
  5
495
330
3B3
100
AcDbEntity
  8
4_ANYTOOL_CUTTHROUGH_OUTSI
100
AcDbVertex
100
AcDb2dVertex
 10
1057.750000000109
 20
69.0000000000291
 30
0.0
  0
VERTEX
  5
496
330
3B3
100
AcDbEntity
  8
4_ANYTOOL_CUTTHROUGH_OUTSI
100
AcDbVertex
100
AcDb2dVertex
 10
1057.750000000116
 20
92.7500000000291
 30
0.0
  0
VERTEX
  5
497
330
3B3
100
AcDbEntity
  8
4_ANYTOOL_CUTTHROUGH_OUTSI
100
AcDbVertex
100
AcDb2dVertex
 10
950.2500000001164
 20
92.7500000000291
 30
0.0
  0
VERTEX
  5
498
330
3B3
100
AcDbEntity
  8
4_ANYTOOL_CUTTHROUGH_OUTSI
100
AcDbVertex
100
AcDb2dVertex
 10
950.2500000001164
 20
69.0000000000291
 30
0.0
 42
-0.4142135623475968
  0
VERTEX
  5
499
330
3B3
100
AcDbEntity
  8
4_ANYTOOL_CUTTHROUGH_OUTSI
100
AcDbVertex
100
AcDb2dVertex
 10
950.0000000001164
 20
68.75000000003638
 30
0.0
  0
VERTEX
  5
49A
330
3B3
100
AcDbEntity
  8
4_ANYTOOL_CUTTHROUGH_OUTSI
100
AcDbVertex
100
AcDb2dVertex
 10
938.0000000001164
 20
68.7499999999709
 30
0.0
 42
-0.4142135623475819
  0
VERTEX
  5
49B
330
3B3
100
AcDbEntity
  8
4_ANYTOOL_CUTTHROUGH_OUTSI
100
AcDbVertex
100
AcDb2dVertex
 10
937.7500000001091
 20
68.9999999999709
 30
0.0
  0
VERTEX
  5
49C
330
3B3
100
AcDbEntity
  8
4_ANYTOOL_CUTTHROUGH_OUTSI
100
AcDbVertex
100
AcDb2dVertex
 10
937.7500000001164
 20
74.7499999999709
 30
0.0
  0
VERTEX
  5
49D
330
3B3
100
AcDbEntity
  8
4_ANYTOOL_CUTTHROUGH_OUTSI
100
AcDbVertex
100
AcDb2dVertex
 10
862.2500000001164
 20
74.7499999999709
 30
0.0
  0
VERTEX
  5
49E
330
3B3
100
AcDbEntity
  8
4_ANYTOOL_CUTTHROUGH_OUTSI
100
AcDbVertex
100
AcDb2dVertex
 10
862.2500000001164
 20
68.9999999999709
 30
0.0
 42
-0.4142135623475968
  0
VERTEX
  5
49F
330
3B3
100
AcDbEntity
  8
4_ANYTOOL_CUTTHROUGH_OUTSI
100
AcDbVertex
100
AcDb2dVertex
 10
862.0000000001164
 20
68.74999999997817
 30
0.0
  0
VERTEX
  5
4A0
330
3B3
100
AcDbEntity
  8
4_ANYTOOL_CUTTHROUGH_OUTSI
100
AcDbVertex
100
AcDb2dVertex
 10
850.0000000001164
 20
68.7499999999709
 30
0.0
 42
-0.4142135623475819
  0
VERTEX
  5
4A1
330
3B3
100
AcDbEntity
  8
4_ANYTOOL_CUTTHROUGH_OUTSI
100
AcDbVertex
100
AcDb2dVertex
 10
849.7500000001091
 20
68.9999999999709
 30
0.0
  0
VERTEX
  5
4A2
330
3B3
100
AcDbEntity
  8
4_ANYTOOL_CUTTHROUGH_OUTSI
100
AcDbVertex
100
AcDb2dVertex
 10
849.7500000001164
 20
92.7499999999709
 30
0.0
  0
VERTEX
  5
4A3
330
3B3
100
AcDbEntity
  8
4_ANYTOOL_CUTTHROUGH_OUTSI
100
AcDbVertex
100
AcDb2dVertex
 10
742.2500000001164
 20
92.7499999999709
 30
0.0
  0
VERTEX
  5
4A4
330
3B3
100
AcDbEntity
  8
4_ANYTOOL_CUTTHROUGH_OUTSI
100
AcDbVertex
100
AcDb2dVertex
 10
742.2500000001164
 20
68.9999999999709
 30
0.0
 42
-0.4142135623475968
  0
VERTEX
  5
4A5
330
3B3
100
AcDbEntity
  8
4_ANYTOOL_CUTTHROUGH_OUTSI
100
AcDbVertex
100
AcDb2dVertex
 10
742.0000000001164
 20
68.74999999997817
 30
0.0
  0
VERTEX
  5
4A6
330
3B3
100
AcDbEntity
  8
4_ANYTOOL_CUTTHROUGH_OUTSI
100
AcDbVertex
100
AcDb2dVertex
 10
730.0000000001164
 20
68.7499999999709
 30
0.0
 42
-0.4142135624327445
  0
VERTEX
  5
4A7
330
3B3
100
AcDbEntity
  8
4_ANYTOOL_CUTTHROUGH_OUTSI
100
AcDbVertex
100
AcDb2dVertex
 10
729.7500000001237
 20
68.9999999999709
 30
0.0
  0
VERTEX
  5
4A8
330
3B3
100
AcDbEntity
  8
4_ANYTOOL_CUTTHROUGH_OUTSI
100
AcDbVertex
100
AcDb2dVertex
 10
729.750000000131
 20
74.7501728030038
 30
0.0
  0
VERTEX
  5
4A9
330
3B3
100
AcDbEntity
  8
4_ANYTOOL_CUTTHROUGH_OUTSI
100
AcDbVertex
100
AcDb2dVertex
 10
666.2500000000728
 20
74.7940799536591
 30
0.0
  0
VERTEX
  5
4AA
330
3B3
100
AcDbEntity
  8
4_ANYTOOL_CUTTHROUGH_OUTSI
100
AcDbVertex
100
AcDb2dVertex
 10
666.2500000000582
 20
69.04425287622144
 30
0.0
 42
-0.4142135623646828
  0
VERTEX
  5
4AB
330
3B3
100
AcDbEntity
  8
4_ANYTOOL_CUTTHROUGH_OUTSI
100
AcDbVertex
100
AcDb2dVertex
 10
666.0000000000582
 20
68.79425287622871
 30
0.0
  0
VERTEX
  5
4AC
330
3B3
100
AcDbEntity
  8
4_ANYTOOL_CUTTHROUGH_OUTSI
100
AcDbVertex
100
AcDb2dVertex
 10
654.0000000000582
 20
68.79425287622144
 30
0.0
 42
-0.4142135623900495
  0
VERTEX
  5
4AD
330
3B3
100
AcDbEntity
  8
4_ANYTOOL_CUTTHROUGH_OUTSI
100
AcDbVertex
100
AcDb2dVertex
 10
653.7500000000582
 20
69.04425287622144
 30
0.0
  0
VERTEX
  5
4AE
330
3B3
100
AcDbEntity
  8
4_ANYTOOL_CUTTHROUGH_OUTSI
100
AcDbVertex
100
AcDb2dVertex
 10
653.7500000000728
 20
92.79425287622144
 30
0.0
  0
VERTEX
  5
4AF
330
3B3
100
AcDbEntity
  8
4_ANYTOOL_CUTTHROUGH_OUTSI
100
AcDbVertex
100
AcDb2dVertex
 10
546.2500000000728
 20
92.79425287622144
 30
0.0
  0
VERTEX
  5
4B0
330
3B3
100
AcDbEntity
  8
4_ANYTOOL_CUTTHROUGH_OUTSI
100
AcDbVertex
100
AcDb2dVertex
 10
546.2500000000582
 20
69.04425287622144
 30
0.0
 42
-0.4142135623646828
  0
VERTEX
  5
4B1
330
3B3
100
AcDbEntity
  8
4_ANYTOOL_CUTTHROUGH_OUTSI
100
AcDbVertex
100
AcDb2dVertex
 10
546.0000000000582
 20
68.79425287622871
 30
0.0
  0
VERTEX
  5
4B2
330
3B3
100
AcDbEntity
  8
4_ANYTOOL_CUTTHROUGH_OUTSI
100
AcDbVertex
100
AcDb2dVertex
 10
534.0000000000582
 20
68.79425287622144
 30
0.0
 42
-0.4142135623731421
  0
VERTEX
  5
4B3
330
3B3
100
AcDbEntity
  8
4_ANYTOOL_CUTTHROUGH_OUTSI
100
AcDbVertex
100
AcDb2dVertex
 10
533.7500000000582
 20
69.04425287622144
 30
0.0
  0
VERTEX
  5
4B4
330
3B3
100
AcDbEntity
  8
4_ANYTOOL_CUTTHROUGH_OUTSI
100
AcDbVertex
100
AcDb2dVertex
 10
533.7500000000728
 20
74.7940799536591
 30
0.0
  0
VERTEX
  5
4B5
330
3B3
100
AcDbEntity
  8
4_ANYTOOL_CUTTHROUGH_OUTSI
100
AcDbVertex
100
AcDb2dVertex
 10
470.2500000000146
 20
74.7501728030038
 30
0.0
  0
VERTEX
  5
4B6
330
3B3
100
AcDbEntity
  8
4_ANYTOOL_CUTTHROUGH_OUTSI
100
AcDbVertex
100
AcDb2dVertex
 10
470.25
 20
68.9999999999709
 30
0.0
 42
-0.4142135623475496
  0
VERTEX
  5
4B7
330
3B3
100
AcDbEntity
  8
4_ANYTOOL_CUTTHROUGH_OUTSI
100
AcDbVertex
100
AcDb2dVertex
 10
470.0
 20
68.74999999997817
 30
0.0
  0
VERTEX
  5
4B8
330
3B3
100
AcDbEntity
  8
4_ANYTOOL_CUTTHROUGH_OUTSI
100
AcDbVertex
100
AcDb2dVertex
 10
458.0
 20
68.7499999999709
 30
0.0
 42
-0.4142135624327802
  0
VERTEX
  5
4B9
330
3B3
100
AcDbEntity
  8
4_ANYTOOL_CUTTHROUGH_OUTSI
100
AcDbVertex
100
AcDb2dVertex
 10
457.7500000000073
 20
68.9999999999709
 30
0.0
  0
VERTEX
  5
4BA
330
3B3
100
AcDbEntity
  8
4_ANYTOOL_CUTTHROUGH_OUTSI
100
AcDbVertex
100
AcDb2dVertex
 10
457.7500000000146
 20
92.7499999999709
 30
0.0
  0
VERTEX
  5
4BB
330
3B3
100
AcDbEntity
  8
4_ANYTOOL_CUTTHROUGH_OUTSI
100
AcDbVertex
100
AcDb2dVertex
 10
350.2500000000146
 20
92.7499999999709
 30
0.0
  0
VERTEX
  5
4BC
330
3B3
100
AcDbEntity
  8
4_ANYTOOL_CUTTHROUGH_OUTSI
100
AcDbVertex
100
AcDb2dVertex
 10
350.25
 20
68.9999999999709
 30
0.0
 42
-0.4142135623304441
  0
VERTEX
  5
4BD
330
3B3
100
AcDbEntity
  8
4_ANYTOOL_CUTTHROUGH_OUTSI
100
AcDbVertex
100
AcDb2dVertex
 10
350.0
 20
68.74999999997817
 30
0.0
  0
VERTEX
  5
4BE
330
3B3
100
AcDbEntity
  8
4_ANYTOOL_CUTTHROUGH_OUTSI
100
AcDbVertex
100
AcDb2dVertex
 10
338.0
 20
68.7499999999709
 30
0.0
 42
-0.4142135624327802
  0
VERTEX
  5
4BF
330
3B3
100
AcDbEntity
  8
4_ANYTOOL_CUTTHROUGH_OUTSI
100
AcDbVertex
100
AcDb2dVertex
 10
337.7500000000073
 20
68.9999999999709
 30
0.0
  0
VERTEX
  5
4C0
330
3B3
100
AcDbEntity
  8
4_ANYTOOL_CUTTHROUGH_OUTSI
100
AcDbVertex
100
AcDb2dVertex
 10
337.7500000000146
 20
74.7499999999709
 30
0.0
  0
VERTEX
  5
4C1
330
3B3
100
AcDbEntity
  8
4_ANYTOOL_CUTTHROUGH_OUTSI
100
AcDbVertex
100
AcDb2dVertex
 10
262.2500000000146
 20
74.74999999991269
 30
0.0
  0
VERTEX
  5
4C2
330
3B3
100
AcDbEntity
  8
4_ANYTOOL_CUTTHROUGH_OUTSI
100
AcDbVertex
100
AcDb2dVertex
 10
262.25
 20
68.99999999991269
 30
0.0
 42
-0.4142135623560464
  0
VERTEX
  5
4C3
330
3B3
100
AcDbEntity
  8
4_ANYTOOL_CUTTHROUGH_OUTSI
100
AcDbVertex
100
AcDb2dVertex
 10
262.0
 20
68.74999999991269
 30
0.0
  0
VERTEX
  5
4C4
330
3B3
100
AcDbEntity
  8
4_ANYTOOL_CUTTHROUGH_OUTSI
100
AcDbVertex
100
AcDb2dVertex
 10
250.0
 20
68.74999999991269
 30
0.0
 42
-0.414213562441278
  0
VERTEX
  5
4C5
330
3B3
100
AcDbEntity
  8
4_ANYTOOL_CUTTHROUGH_OUTSI
100
AcDbVertex
100
AcDb2dVertex
 10
249.7500000000146
 20
68.99999999991269
 30
0.0
  0
VERTEX
  5
4C6
330
3B3
100
AcDbEntity
  8
4_ANYTOOL_CUTTHROUGH_OUTSI
100
AcDbVertex
100
AcDb2dVertex
 10
249.7500000000146
 20
92.74999999991269
 30
0.0
  0
VERTEX
  5
4C7
330
3B3
100
AcDbEntity
  8
4_ANYTOOL_CUTTHROUGH_OUTSI
100
AcDbVertex
100
AcDb2dVertex
 10
142.2500000000146
 20
92.74999999991269
 30
0.0
  0
VERTEX
  5
4C8
330
3B3
100
AcDbEntity
  8
4_ANYTOOL_CUTTHROUGH_OUTSI
100
AcDbVertex
100
AcDb2dVertex
 10
142.25
 20
68.99999999991269
 30
0.0
 42
-0.4142135623560464
  0
VERTEX
  5
4C9
330
3B3
100
AcDbEntity
  8
4_ANYTOOL_CUTTHROUGH_OUTSI
100
AcDbVertex
100
AcDb2dVertex
 10
142.0
 20
68.74999999991269
 30
0.0
  0
VERTEX
  5
4CA
330
3B3
100
AcDbEntity
  8
4_ANYTOOL_CUTTHROUGH_OUTSI
100
AcDbVertex
100
AcDb2dVertex
 10
130.0
 20
68.74999999991269
 30
0.0
 42
-0.414213562441278
  0
VERTEX
  5
4CB
330
3B3
100
AcDbEntity
  8
4_ANYTOOL_CUTTHROUGH_OUTSI
100
AcDbVertex
100
AcDb2dVertex
 10
129.7500000000146
 20
68.99999999991269
 30
0.0
  0
VERTEX
  5
4CC
330
3B3
100
AcDbEntity
  8
4_ANYTOOL_CUTTHROUGH_OUTSI
100
AcDbVertex
100
AcDb2dVertex
 10
129.7500000000146
 20
74.7500000000291
 30
0.0
  0
VERTEX
  5
4CD
330
3B3
100
AcDbEntity
  8
4_ANYTOOL_CUTTHROUGH_OUTSI
100
AcDbVertex
100
AcDb2dVertex
 10
66.24999999994179
 20
74.75000000011642
 30
0.0
  0
VERTEX
  5
4CE
330
3B3
100
AcDbEntity
  8
4_ANYTOOL_CUTTHROUGH_OUTSI
100
AcDbVertex
100
AcDb2dVertex
 10
66.24999999994179
 20
69.00000000020373
 30
0.0
 42
-0.4142135623645767
  0
VERTEX
  5
4CF
330
3B3
100
AcDbEntity
  8
4_ANYTOOL_CUTTHROUGH_OUTSI
100
AcDbVertex
100
AcDb2dVertex
 10
65.99999999994179
 20
68.750000000211
 30
0.0
  0
VERTEX
  5
4D0
330
3B3
100
AcDbEntity
  8
4_ANYTOOL_CUTTHROUGH_OUTSI
100
AcDbVertex
100
AcDb2dVertex
 10
53.99999999994907
 20
68.75000000020373
 30
0.0
 42
-0.4142135623901437
  0
VERTEX
  5
4D1
330
3B3
100
AcDbEntity
  8
4_ANYTOOL_CUTTHROUGH_OUTSI
100
AcDbVertex
100
AcDb2dVertex
 10
53.74999999994907
 20
69.00000000020373
 30
0.0
  0
VERTEX
  5
4D2
330
3B3
100
AcDbEntity
  8
4_ANYTOOL_CUTTHROUGH_OUTSI
100
AcDbVertex
100
AcDb2dVertex
 10
53.74999999994179
 20
92.75000000020373
 30
0.0
  0
VERTEX
  5
4D3
330
3B3
100
AcDbEntity
  8
4_ANYTOOL_CUTTHROUGH_OUTSI
100
AcDbVertex
100
AcDb2dVertex
 10
-53.75000000005821
 20
92.75000000020373
 30
0.0
  0
VERTEX
  5
4D4
330
3B3
100
AcDbEntity
  8
4_ANYTOOL_CUTTHROUGH_OUTSI
100
AcDbVertex
100
AcDb2dVertex
 10
-53.75000000005821
 20
69.00000000020373
 30
0.0
 42
-0.4142135623901437
  0
VERTEX
  5
4D5
330
3B3
100
AcDbEntity
  8
4_ANYTOOL_CUTTHROUGH_OUTSI
100
AcDbVertex
100
AcDb2dVertex
 10
-54.00000000005821
 20
68.75000000020373
 30
0.0
  0
VERTEX
  5
4D6
330
3B3
100
AcDbEntity
  8
4_ANYTOOL_CUTTHROUGH_OUTSI
100
AcDbVertex
100
AcDb2dVertex
 10
-66.00000000005821
 20
68.75000000020373
 30
0.0
 42
-0.4142135623901437
  0
VERTEX
  5
4D7
330
3B3
100
AcDbEntity
  8
4_ANYTOOL_CUTTHROUGH_OUTSI
100
AcDbVertex
100
AcDb2dVertex
 10
-66.25000000005821
 20
69.00000000020373
 30
0.0
  0
SEQEND
  5
4D8
330
3B3
100
AcDbEntity
  8
4_ANYTOOL_CUTTHROUGH_OUTSI
  0
ENDSEC
  0
SECTION
  2
OBJECTS
  0
DICTIONARY
  5
C
330
0
100
AcDbDictionary
  3
ACAD_GROUP
350
D
  3
ACAD_LAYOUT
350
1A
  3
ACAD_MATERIAL
350
43
  3
ACAD_MLEADERSTYLE
350
5B
  3
ACAD_MLINESTYLE
350
17
  3
ACAD_PLOTSETTINGS
350
19
  3
ACAD_SCALELIST
350
47
  3
ACAD_VISUALSTYLE
350
2A
  3
ACDBHEADERROUNDTRIPXREC
350
4D9
  3
ACDBVARIABLEDICTIONARY
350
4FA
  3
DWGPROPS
350
501
  0
DICTIONARY
  5
502
330
8
100
AcDbDictionary
280
     1
  3
ACAD_XREC_ROUNDTRIP
360
503
  0
DICTIONARY
  5
D
102
{ACAD_REACTORS
330
C
102
}
330
C
100
AcDbDictionary
  0
DICTIONARY
  5
1A
102
{ACAD_REACTORS
330
C
102
}
330
C
100
AcDbDictionary
  0
DICTIONARY
  5
43
102
{ACAD_REACTORS
330
C
102
}
330
C
100
AcDbDictionary
  3
BYBLOCK
350
45
  3
BYLAYER
350
44
  3
GLOBAL
350
46
  0
DICTIONARY
  5
5B
102
{ACAD_REACTORS
330
C
102
}
330
C
100
AcDbDictionary
  3
STANDARD
350
5C
  0
DICTIONARY
  5
17
102
{ACAD_REACTORS
330
C
102
}
330
C
100
AcDbDictionary
  3
STANDARD
350
18
  0
DICTIONARY
  5
19
102
{ACAD_REACTORS
330
C
102
}
330
C
100
AcDbDictionary
  0
DICTIONARY
  5
47
102
{ACAD_REACTORS
330
C
102
}
330
C
100
AcDbDictionary
  3
A0
350
48
  3
A1
350
49
  3
A2
350
4A
  3
A3
350
4B
  3
A4
350
4C
  3
A5
350
4D
  3
A6
350
4E
  3
A7
350
4F
  3
A8
350
50
  3
A9
350
51
  3
B1
350
52
  3
B2
350
53
  3
B3
350
54
  3
B4
350
55
  3
B5
350
56
  3
B6
350
57
  3
B7
350
58
  0
DICTIONARY
  5
2A
102
{ACAD_REACTORS
330
C
102
}
330
C
100
AcDbDictionary
  3
2DWIREFRAME
350
2F
  3
BASIC
350
32
  3
BRIGHTEN
350
36
  3
COLORCHANGE
350
3A
  3
CONCEPTUAL
350
34
  3
DIM
350
35
  3
EDGECOLOROFF
350
3D
  3
FACEPATTERN
350
39
  3
FLAT
350
2B
  3
FLATWITHEDGES
350
2C
  3
GOURAUD
350
2D
  3
GOURAUDWITHEDGES
350
2E
  3
HIDDEN
350
31
  3
JITTEROFF
350
3B
  3
LINEPATTERN
350
38
  3
OVERHANGOFF
350
3C
  3
REALISTIC
350
33
  3
SHADED
350
42
  3
SHADED_WITH_EDGES
350
41
  3
SHADES_OF_GRAY
350
3E
  3
SKETCHY
350
3F
  3
THICKEN
350
37
  3
WIREFRAME
350
30
  3
X-RAY
350
40
  0
DICTIONARY
  5
4D9
102
{ACAD_REACTORS
330
C
102
}
330
C
100
AcDbDictionary
  3
CEPSNID
350
4E3
  3
CEPSNTYPE
350
4E2
  3
DIMSTYLEDATA
350
4F9
  3
FINGERPRINTGUID
350
4E4
  3
HYPERLINKBASE
350
4DC
  3
INSUNITS
350
4E1
  3
LAYOUTDICT
350
4DE
  3
LWETCUNION
350
4E0
  3
PLOTSETDICT
350
4DF
  3
PSVPSCALE
350
4E6
  3
PUCSBASE
350
4E9
  3
PUCSORGBACK
350
4EF
  3
PUCSORGBOTTOM
350
4EB
  3
PUCSORGFRONT
350
4EE
  3
PUCSORGLEFT
350
4EC
  3
PUCSORGRIGHT
350
4ED
  3
PUCSORGTOP
350
4EA
  3
PUCSORTHOREF
350
4E7
  3
PUCSORTHOVIEW
350
4E8
  3
STYLESHEET
350
4DD
  3
TSTACKALIGN
350
4DA
  3
TSTACKSIZE
350
4DB
  3
UCSBASE
350
4F2
  3
UCSORGBACK
350
4F8
  3
UCSORGBOTTOM
350
4F4
  3
UCSORGFRONT
350
4F7
  3
UCSORGLEFT
350
4F5
  3
UCSORGRIGHT
350
4F6
  3
UCSORGTOP
350
4F3
  3
UCSORTHOREF
350
4F0
  3
UCSORTHOVIEW
350
4F1
  3
VERSIONGUID
350
4E5
  0
DICTIONARY
  5
4FA
102
{ACAD_REACTORS
330
C
102
}
330
C
100
AcDbDictionary
  3
CANNOSCALE
350
504
  3
CMLEADERSTYLE
350
4FC
  3
CTABLESTYLE
350
4FB
  3
DIMASSOC
350
4FF
  3
HIDETEXT
350
500
  3
MSLTSCALE
350
505
  0
XRECORD
  5
501
102
{ACAD_REACTORS
330
C
102
}
330
C
100
AcDbXrecord
  1
DWGPROPS COOKIE
  2

  3

  4

  6

  7

  8
clayt
  9

300
=
301
=
302
=
303
=
304
=
305
=
306
=
307
=
308
=
309
=
 40
0.0
 41
2461243.623992952
 42
2461243.623993137
  1

 90
        0
  0
XRECORD
  5
503
102
{ACAD_REACTORS
330
502
102
}
330
502
100
AcDbXrecord
102
VTR_0.000_0.000_1.000_1.000_VISUALSTYLE
340
2F
102
VTR_0.000_0.000_1.000_1.000_GRIDDISPLAY
 70
     3
102
VTR_0.000_0.000_1.000_1.000_GRIDMAJOR
 70
     5
102
VTR_0.000_0.000_1.000_1.000_DEFAULTLIGHTING
280
     1
102
VTR_0.000_0.000_1.000_1.000_DEFAULTLIGHTINGTYPE
 70
     1
102
VTR_0.000_0.000_1.000_1.000_BRIGHTNESS
141
0.0
102
VTR_0.000_0.000_1.000_1.000_CONTRAST
142
0.0
  0
MATERIAL
  5
45
102
{ACAD_REACTORS
330
43
102
}
102
{ACAD_XDICTIONARY
360
508
102
}
330
43
100
AcDbMaterial
  1
BYBLOCK
  0
MATERIAL
  5
44
102
{ACAD_REACTORS
330
43
102
}
102
{ACAD_XDICTIONARY
360
506
102
}
330
43
100
AcDbMaterial
  1
BYLAYER
  0
MATERIAL
  5
46
102
{ACAD_REACTORS
330
43
102
}
102
{ACAD_XDICTIONARY
360
50A
102
}
330
43
100
AcDbMaterial
  1
GLOBAL
  0
ACAD_PROXY_OBJECT
  5
5C
102
{ACAD_REACTORS
330
5B
102
}
330
5B
100
AcDbProxyObject
 90
      499
 91
      505
 93
      610
310
40901902A4063FBFFFFFE056BD1B81E855B9FC0AD7A3703D0AD73F4214DD185B99185C9900AD7A3703D0AC73F90141901A02B5E8DC0F42B1CFC02B5E8DC0F42B1CFE5764000000000000300FC0
340
14
340
0
340
11
340
0
 94
        0
1001
ACAD_MLEADERVER
1070
     2
  0
MLINESTYLE
  5
18
102
{ACAD_REACTORS
330
17
102
}
330
17
100
AcDbMlineStyle
  2
Standard
 70
     0
  3

 62
   256
 51
90.0
 52
90.0
 71
     2
 49
0.5
 62
   256
  6
BYLAYER
 49
-0.5
 62
   256
  6
BYLAYER
  0
ACAD_PROXY_OBJECT
  5
48
102
{ACAD_REACTORS
330
47
102
}
330
47
100
AcDbProxyObject
 90
      499
 91
      503
 93
       41
310
903313A31580
  0
ACAD_PROXY_OBJECT
  5
49
102
{ACAD_REACTORS
330
47
102
}
330
47
100
AcDbProxyObject
 90
      499
 91
      503
 93
      257
310
90E312F31323822203D2031272D3022000000000000200FC000000000000284000
  0
ACAD_PROXY_OBJECT
  5
4A
102
{ACAD_REACTORS
330
47
102
}
330
47
100
AcDbProxyObject
 90
      499
 91
      503
 93
      249
310
90D312F363422203D2031272D3022000000000000240FC000000000000284000
  0
ACAD_PROXY_OBJECT
  5
4B
102
{ACAD_REACTORS
330
47
102
}
330
47
100
AcDbProxyObject
 90
      499
 91
      503
 93
      249
310
90D312F333222203D2031272D3022000000000000280FC000000000000284000
  0
ACAD_PROXY_OBJECT
  5
4C
102
{ACAD_REACTORS
330
47
102
}
330
47
100
AcDbProxyObject
 90
      499
 91
      503
 93
      249
310
90D312F313622203D2031272D30220000000000002C0FC000000000000284000
  0
ACAD_PROXY_OBJECT
  5
4D
102
{ACAD_REACTORS
330
47
102
}
330
47
100
AcDbProxyObject
 90
      499
 91
      503
 93
      249
310
90D332F333222203D2031272D30220000000000002E0FC000000000000284000
  0
ACAD_PROXY_OBJECT
  5
4E
102
{ACAD_REACTORS
330
47
102
}
330
47
100
AcDbProxyObject
 90
      499
 91
      503
 93
      241
310
90C312F3822203D2031272D3022000000000000300FC000000000000284000
  0
ACAD_PROXY_OBJECT
  5
4F
102
{ACAD_REACTORS
330
47
102
}
330
47
100
AcDbProxyObject
 90
      499
 91
      503
 93
      249
310
90D332F313622203D2031272D3022000000000000320FC000000000000284000
  0
ACAD_PROXY_OBJECT
  5
50
102
{ACAD_REACTORS
330
47
102
}
330
47
100
AcDbProxyObject
 90
      499
 91
      503
 93
      241
310
90C312F3422203D2031272D3022000000000000340FC000000000000284000
  0
ACAD_PROXY_OBJECT
  5
51
102
{ACAD_REACTORS
330
47
102
}
330
47
100
AcDbProxyObject
 90
      499
 91
      503
 93
      241
310
90C332F3822203D2031272D3022000000000000360FC000000000000284000
  0
ACAD_PROXY_OBJECT
  5
52
102
{ACAD_REACTORS
330
47
102
}
330
47
100
AcDbProxyObject
 90
      499
 91
      503
 93
      241
310
90C312F3222203D2031272D3022000000000000380FC000000000000284000
  0
ACAD_PROXY_OBJECT
  5
53
102
{ACAD_REACTORS
330
47
102
}
330
47
100
AcDbProxyObject
 90
      499
 91
      503
 93
      241
310
90C332F3422203D2031272D30220000000000003A0FC000000000000284000
  0
ACAD_PROXY_OBJECT
  5
54
102
{ACAD_REACTORS
330
47
102
}
330
47
100
AcDbProxyObject
 90
      499
 91
      503
 93
      161
310
90A3122203D2031272D30224000000000000284000
  0
ACAD_PROXY_OBJECT
  5
55
102
{ACAD_REACTORS
330
47
102
}
330
47
100
AcDbProxyObject
 90
      499
 91
      503
 93
      257
310
90E312D312F3222203D2031272D30220000000000003E0FC000000000000284000
  0
ACAD_PROXY_OBJECT
  5
56
102
{ACAD_REACTORS
330
47
102
}
330
47
100
AcDbProxyObject
 90
      499
 91
      503
 93
      225
310
90A3322203D2031272D302200000000000002100000000000000284000
  0
ACAD_PROXY_OBJECT
  5
57
102
{ACAD_REACTORS
330
47
102
}
330
47
100
AcDbProxyObject
 90
      499
 91
      503
 93
      225
310
90A3622203D2031272D302200000000000006100000000000000284000
  0
ACAD_PROXY_OBJECT
  5
58
102
{ACAD_REACTORS
330
47
102
}
330
47
100
AcDbProxyObject
 90
      499
 91
      503
 93
      249
310
90D31272D3022203D2031272D30220000000000000A100000000000000284000
  0
ACAD_PROXY_OBJECT
  5
2F
102
{ACAD_REACTORS
330
2A
102
}
330
2A
100
AcDbProxyObject
 90
      499
 91
      501
 93
      436
310
42CC9915DA5C99599C985B595049028333333333333E33F0000000000000F90107901411070040501600405405064090741402480A0340
1001
ACAD
1000
AcDbSavedByObjectVersion
1070
     0
  0
ACAD_PROXY_OBJECT
  5
32
102
{ACAD_REACTORS
330
2A
102
}
330
2A
100
AcDbProxyObject
 90
      499
 91
      501
 93
      388
310
4150985CDA58D07406404333333333333E33F0000000000000F90107A41107004050150841D405064090741402480A0350
1001
ACAD
1000
AcDbSavedByObjectVersion
1070
     0
  0
ACAD_PROXY_OBJECT
  5
36
102
{ACAD_REACTORS
330
2A
102
}
330
2A
100
AcDbProxyObject
 90
      499
 91
      501
 93
      428
310
42109C9A59DA1D195B90C409028333333333333E33F0000000000000F9010790141107004050150841D405064090741402480A029950
1001
ACAD
1000
AcDbSavedByObjectVersion
1070
     0
  0
ACAD_PROXY_OBJECT
  5
3A
102
{ACAD_REACTORS
330
2A
102
}
330
2A
100
AcDbProxyObject
 90
      499
 91
      501
 93
      452
310
42D0DBDB1BDC90DA185B99D95104090240C333333333333E33F0000000000000F90108901411070040501508421405064090741402480A0350
1001
ACAD
1000
AcDbSavedByObjectVersion
1070
     0
  0
ACAD_PROXY_OBJECT
  5
34
102
{ACAD_REACTORS
330
2A
102
}
330
2A
100
AcDbProxyObject
 90
      499
 91
      501
 93
      500
310
4290DBDB98D95C1D1D585B10940D028333333333333E33F0000000000000F90107902409070040501000000000018199010841D405064090740C02480A0340
1001
ACAD
1000
AcDbSavedByObjectVersion
1070
     0
  0
ACAD_PROXY_OBJECT
  5
35
102
{ACAD_REACTORS
330
2A
102
}
330
2A
100
AcDbProxyObject
 90
      499
 91
      501
 93
      412
310
40D11A5B50B409028333333333333E33F0000000000000F9010790141107004050150841D405064090741402480A02677FFFFFD0
1001
ACAD
1000
AcDbSavedByObjectVersion
1070
     0
  0
ACAD_PROXY_OBJECT
  5
3D
102
{ACAD_REACTORS
330
2A
102
}
330
2A
100
AcDbProxyObject
 90
      499
 91
      501
 93
      452
310
43115919D950DBDB1BDC93D999916409028333333333333E33F0000000000000F9010790141107004050150841D405064090741402480A0350
1001
ACAD
1000
AcDbSavedByObjectVersion
1070
     0
  0
ACAD_PROXY_OBJECT
  5
39
102
{ACAD_REACTORS
330
2A
102
}
330
2A
100
AcDbProxyObject
 90
      499
 91
      501
 93
      444
310
42D19858D95C185D1D195C9B90F409028333333333333E33F0000000000000F9010790141107004050150841D405064090741402480A0350
1001
ACAD
1000
AcDbSavedByObjectVersion
1070
     0
  0
ACAD_PROXY_OBJECT
  5
2B
102
{ACAD_REACTORS
330
2A
102
}
330
2A
100
AcDbProxyObject
 90
      499
 91
      501
 93
      380
310
41119B185D240901404333333333333E33F0000000000000F9010740A907004050150841D405064090741402480A1B50
1001
ACAD
1000
AcDbSavedByObjectVersion
1070
     0
  0
ACAD_PROXY_OBJECT
  5
2C
102
{ACAD_REACTORS
330
2A
102
}
330
2A
100
AcDbProxyObject
 90
      499
 91
      501
 93
      468
310
43519B185D15DA5D1A115919D95CD0140901404333333333333E33F0000000000000F90107409019070040501600405405064090741402480A1B50
1001
ACAD
1000
AcDbSavedByObjectVersion
1070
     0
  0
ACAD_PROXY_OBJECT
  5
2D
102
{ACAD_REACTORS
330
2A
102
}
330
2A
100
AcDbProxyObject
 90
      499
 91
      501
 93
      404
310
41D1DBDD5C985D5910240902404333333333333E33F0000000000000F9010740A9070040501641D405064090741402480A1B50
1001
ACAD
1000
AcDbSavedByObjectVersion
1070
     0
  0
ACAD_PROXY_OBJECT
  5
2E
102
{ACAD_REACTORS
330
2A
102
}
330
2A
100
AcDbProxyObject
 90
      499
 91
      501
 93
      492
310
4411DBDD5C985D5915DA5D1A115919D95CD0340902404333333333333E33F0000000000000F90107409019070040501600405405064090741402480A1B50
1001
ACAD
1000
AcDbSavedByObjectVersion
1070
     0
  0
ACAD_PROXY_OBJECT
  5
31
102
{ACAD_REACTORS
330
2A
102
}
330
2A
100
AcDbProxyObject
 90
      499
 91
      501
 93
      476
310
41921A5919195B90640502408333333333333E33F0000000000000F901079024090700405020000000000001110200405405064090740C02480A0340
1001
ACAD
1000
AcDbSavedByObjectVersion
1070
     0
  0
ACAD_PROXY_OBJECT
  5
3B
102
{ACAD_REACTORS
330
2A
102
}
330
2A
100
AcDbProxyObject
 90
      499
 91
      501
 93
      428
310
42529A5D1D195C93D999914409028333333333333E33F0000000000000F9010790141107004050150A41D405064090741402480A0350
1001
ACAD
1000
AcDbSavedByObjectVersion
1070
     0
  0
ACAD_PROXY_OBJECT
  5
38
102
{ACAD_REACTORS
330
2A
102
}
330
2A
100
AcDbProxyObject
 90
      499
 91
      501
 93
      444
310
42D31A5B995C185D1D195C9B90E409028333333333333E33F0000000000000F9010790141107004050750841D405064090741402483A0350
1001
ACAD
1000
AcDbSavedByObjectVersion
1070
     0
  0
ACAD_PROXY_OBJECT
  5
3C
102
{ACAD_REACTORS
330
2A
102
}
330
2A
100
AcDbProxyObject
 90
      499
 91
      501
 93
      444
310
42D3DD995C9A185B99D3D999915409028333333333333E33F0000000000000F9010790141107004050150941D405064090741402480A0350
1001
ACAD
1000
AcDbSavedByObjectVersion
1070
     0
  0
ACAD_PROXY_OBJECT
  5
33
102
{ACAD_REACTORS
330
2A
102
}
330
2A
100
AcDbProxyObject
 90
      499
 91
      501
 93
      428
310
425499585B1A5CDD1A58D08409038333333333333E33F0000000000000F9010740A907004050150800405405064090740C02480A1B40
1001
ACAD
1000
AcDbSavedByObjectVersion
1070
     0
  0
ACAD_PROXY_OBJECT
  5
42
102
{ACAD_REACTORS
330
2A
102
}
330
2A
100
AcDbProxyObject
 90
      499
 91
      501
 93
      420
310
4194DA1859195911B40902404333333333333E33F0000000000000F9010740A41107004050150800405405064090840C02480A0B40
1001
ACAD
1000
AcDbSavedByObjectVersion
1070
     0
  0
ACAD_PROXY_OBJECT
  5
41
102
{ACAD_REACTORS
330
2A
102
}
330
2A
100
AcDbProxyObject
 90
      499
 91
      501
 93
      516
310
4454DA18591959081DDA5D1A08195919D95CD1A40902404333333333333E33F0000000000000F901074090142907004050250800405405064090740C02480A0B40
1001
ACAD
1000
AcDbSavedByObjectVersion
1070
     0
  0
ACAD_PROXY_OBJECT
  5
3E
102
{ACAD_REACTORS
330
2A
102
}
330
2A
100
AcDbProxyObject
 90
      499
 91
      501
 93
      532
310
4394DA1859195CC81BD98811DC985E5174090240C333333333333E33F0000000000000F901079024090741D01000000000000111010841D405064090740C02480A0340
1001
ACAD
1000
AcDbSavedByObjectVersion
1070
     0
  0
ACAD_PROXY_OBJECT
  5
3F
102
{ACAD_REACTORS
330
2A
102
}
330
2A
100
AcDbProxyObject
 90
      499
 91
      501
 93
      476
310
41D4DAD95D18DA1E51840502408333333333333E33F0000000000000F901079024090741D01000000000000111010B41D405064090741802480A0340
1001
ACAD
1000
AcDbSavedByObjectVersion
1070
     0
  0
ACAD_PROXY_OBJECT
  5
37
102
{ACAD_REACTORS
330
2A
102
}
330
2A
100
AcDbProxyObject
 90
      499
 91
      501
 93
      412
310
41D51A1A58DAD95B90D409028333333333333E33F0000000000000F9010790141107004050150C41D405064090741402480A0350
1001
ACAD
1000
AcDbSavedByObjectVersion
1070
     0
  0
ACAD_PROXY_OBJECT
  5
30
102
{ACAD_REACTORS
330
2A
102
}
330
2A
100
AcDbProxyObject
 90
      499
 91
      501
 93
      420
310
4255DA5C99599C985B595059028333333333333E33F0000000000000F90107901411070040501600405405064090740C02480A0340
1001
ACAD
1000
AcDbSavedByObjectVersion
1070
     0
  0
ACAD_PROXY_OBJECT
  5
40
102
{ACAD_REACTORS
330
2A
102
}
330
2A
100
AcDbProxyObject
 90
      499
 91
      501
 93
      404
310
41560B54985E51940902404000000000000E03F0000000000000F9010740501907004050150841D405064090740C02480A1B40
1001
ACAD
1000
AcDbSavedByObjectVersion
1070
     0
  0
XRECORD
  5
4E3
102
{ACAD_REACTORS
330
4D9
102
}
330
4D9
100
AcDbXrecord
340
0
  0
XRECORD
  5
4E2
102
{ACAD_REACTORS
330
4D9
102
}
330
4D9
100
AcDbXrecord
 90
        0
  0
XRECORD
  5
4F9
102
{ACAD_REACTORS
330
4D9
102
}
330
4D9
100
AcDbXrecord
1000
DSTYLE
1002
{
1070
   171
 70
     2
1070
   143
 40
25.4
1070
   274
 70
     2
1070
    41
 40
0.18
1070
   141
 40
0.09
1070
   271
 70
     4
1070
    43
 40
0.38
1070
   278
 70
    46
1070
    44
 40
0.18
1070
    42
 40
0.0625
1070
   147
 40
0.09
1070
    77
 70
     0
1070
   272
 70
     4
1070
    73
 70
     1
1070
   279
 70
     2
1070
   172
 70
     0
1070
    74
 70
     1
1070
   283
 70
     1
1070
   340
340
11
1070
   140
 40
0.18
1070
   284
 70
     0
1070
    78
 70
     0
1002
}
  0
XRECORD
  5
4E4
102
{ACAD_REACTORS
330
4D9
102
}
330
4D9
100
AcDbXrecord
  1
{c65761e0-e64a-4855-9abe-28fce9cd9d24}
  0
XRECORD
  5
4DC
102
{ACAD_REACTORS
330
4D9
102
}
330
4D9
100
AcDbXrecord
  1

  0
XRECORD
  5
4E1
102
{ACAD_REACTORS
330
4D9
102
}
330
4D9
100
AcDbXrecord
 90
        4
  0
XRECORD
  5
4DE
102
{ACAD_REACTORS
330
4D9
102
}
330
4D9
100
AcDbXrecord
340
1A
  0
XRECORD
  5
4E0
102
{ACAD_REACTORS
330
4D9
102
}
330
4D9
100
AcDbXrecord
 90
    10781
  0
XRECORD
  5
4DF
102
{ACAD_REACTORS
330
4D9
102
}
330
4D9
100
AcDbXrecord
340
19
  0
XRECORD
  5
4E6
102
{ACAD_REACTORS
330
4D9
102
}
330
4D9
100
AcDbXrecord
 40
0.0
  0
XRECORD
  5
4E9
102
{ACAD_REACTORS
330
4D9
102
}
330
4D9
100
AcDbXrecord
340
0
  0
XRECORD
  5
4EF
102
{ACAD_REACTORS
330
4D9
102
}
330
4D9
100
AcDbXrecord
 10
0.0
 20
0.0
 30
0.0
  0
XRECORD
  5
4EB
102
{ACAD_REACTORS
330
4D9
102
}
330
4D9
100
AcDbXrecord
 10
0.0
 20
0.0
 30
0.0
  0
XRECORD
  5
4EE
102
{ACAD_REACTORS
330
4D9
102
}
330
4D9
100
AcDbXrecord
 10
0.0
 20
0.0
 30
0.0
  0
XRECORD
  5
4EC
102
{ACAD_REACTORS
330
4D9
102
}
330
4D9
100
AcDbXrecord
 10
0.0
 20
0.0
 30
0.0
  0
XRECORD
  5
4ED
102
{ACAD_REACTORS
330
4D9
102
}
330
4D9
100
AcDbXrecord
 10
0.0
 20
0.0
 30
0.0
  0
XRECORD
  5
4EA
102
{ACAD_REACTORS
330
4D9
102
}
330
4D9
100
AcDbXrecord
 10
0.0
 20
0.0
 30
0.0
  0
XRECORD
  5
4E7
102
{ACAD_REACTORS
330
4D9
102
}
330
4D9
100
AcDbXrecord
340
0
  0
XRECORD
  5
4E8
102
{ACAD_REACTORS
330
4D9
102
}
330
4D9
100
AcDbXrecord
 70
     0
  0
XRECORD
  5
4DD
102
{ACAD_REACTORS
330
4D9
102
}
330
4D9
100
AcDbXrecord
  1

  0
XRECORD
  5
4DA
102
{ACAD_REACTORS
330
4D9
102
}
330
4D9
100
AcDbXrecord
 90
        1
  0
XRECORD
  5
4DB
102
{ACAD_REACTORS
330
4D9
102
}
330
4D9
100
AcDbXrecord
 90
       70
  0
XRECORD
  5
4F2
102
{ACAD_REACTORS
330
4D9
102
}
330
4D9
100
AcDbXrecord
340
0
  0
XRECORD
  5
4F8
102
{ACAD_REACTORS
330
4D9
102
}
330
4D9
100
AcDbXrecord
 10
0.0
 20
0.0
 30
0.0
  0
XRECORD
  5
4F4
102
{ACAD_REACTORS
330
4D9
102
}
330
4D9
100
AcDbXrecord
 10
0.0
 20
0.0
 30
0.0
  0
XRECORD
  5
4F7
102
{ACAD_REACTORS
330
4D9
102
}
330
4D9
100
AcDbXrecord
 10
0.0
 20
0.0
 30
0.0
  0
XRECORD
  5
4F5
102
{ACAD_REACTORS
330
4D9
102
}
330
4D9
100
AcDbXrecord
 10
0.0
 20
0.0
 30
0.0
  0
XRECORD
  5
4F6
102
{ACAD_REACTORS
330
4D9
102
}
330
4D9
100
AcDbXrecord
 10
0.0
 20
0.0
 30
0.0
  0
XRECORD
  5
4F3
102
{ACAD_REACTORS
330
4D9
102
}
330
4D9
100
AcDbXrecord
 10
0.0
 20
0.0
 30
0.0
  0
XRECORD
  5
4F0
102
{ACAD_REACTORS
330
4D9
102
}
330
4D9
100
AcDbXrecord
340
0
  0
XRECORD
  5
4F1
102
{ACAD_REACTORS
330
4D9
102
}
330
4D9
100
AcDbXrecord
 70
     0
  0
XRECORD
  5
4E5
102
{ACAD_REACTORS
330
4D9
102
}
330
4D9
100
AcDbXrecord
  1
{FAEB1C32-E019-11D5-929B-00C0DF256EC4}
  0
DICTIONARYVAR
  5
504
102
{ACAD_REACTORS
330
4FA
102
}
330
4FA
100
DictionaryVariables
280
     0
  1
1:1
  0
DICTIONARYVAR
  5
4FC
102
{ACAD_REACTORS
330
4FA
102
}
330
4FA
100
DictionaryVariables
280
     0
  1
Standard
  0
DICTIONARYVAR
  5
4FB
102
{ACAD_REACTORS
330
4FA
102
}
330
4FA
100
DictionaryVariables
280
     0
  1
Standard
  0
DICTIONARYVAR
  5
4FF
102
{ACAD_REACTORS
330
4FA
102
}
330
4FA
100
DictionaryVariables
280
     0
  1
2
  0
DICTIONARYVAR
  5
500
102
{ACAD_REACTORS
330
4FA
102
}
330
4FA
100
DictionaryVariables
280
     0
  1
1
  0
DICTIONARYVAR
  5
505
102
{ACAD_REACTORS
330
4FA
102
}
330
4FA
100
DictionaryVariables
280
     0
  1
1
  0
DICTIONARY
  5
508
330
45
100
AcDbDictionary
280
     1
  3
ACAD_XREC_ROUNDTRIP
360
509
  0
DICTIONARY
  5
506
330
44
100
AcDbDictionary
280
     1
  3
ACAD_XREC_ROUNDTRIP
360
507
  0
DICTIONARY
  5
50A
330
46
100
AcDbDictionary
280
     1
  3
ACAD_XREC_ROUNDTRIP
360
50B
  0
XRECORD
  5
509
102
{ACAD_REACTORS
330
508
102
}
330
508
100
AcDbXrecord
102
MATERIAL
148
0.0
149
0.0
149
0.0
 93
        0
 94
      127
282
     0
 72
     1
 77
     1
171
     1
175
     1
179
     1
273
     0
  0
XRECORD
  5
507
102
{ACAD_REACTORS
330
506
102
}
330
506
100
AcDbXrecord
102
MATERIAL
148
0.0
149
0.0
149
0.0
 93
        0
 94
      127
282
     0
 72
     1
 77
     1
171
     1
175
     1
179
     1
273
     0
  0
XRECORD
  5
50B
102
{ACAD_REACTORS
330
50A
102
}
330
50A
100
AcDbXrecord
102
MATERIAL
148
0.0
149
0.0
149
0.0
 93
        0
 94
      127
282
     0
 72
     1
 77
     1
171
     1
175
     1
179
     1
273
     0
  0
ENDSEC
  0
EOF
