  0
SECTION
  2
HEADER
  9
$ACADVER
  1
AC1014
  9
$ACADMAINTVER
 70
     9
  9
$DWGCODEPAGE
  3
ANSI_1252
  9
$INSBASE
 10
0.0
 20
0.0
 30
0.0
  9
$EXTMIN
 10
-92.75000000010186
 20
-299.7499999974607
 30
-0.0000000000241569
  9
$EXTMAX
 10
92.75000000005821
 20
299.750000002743
 30
0.0
  9
$LIMMIN
 10
0.0
 20
0.0
  9
$LIMMAX
 10
12.0
 20
9.0
  9
$ORTHOMODE
 70
     0
  9
$REGENMODE
 70
     1
  9
$FILLMODE
 70
     1
  9
$QTEXTMODE
 70
     0
  9
$MIRRTEXT
 70
     1
  9
$DRAGMODE
 70
     2
  9
$LTSCALE
 40
1.0
  9
$OSMODE
 70
    37
  9
$ATTMODE
 70
     1
  9
$TEXTSIZE
 40
0.2
  9
$TRACEWID
 40
0.05
  9
$TEXTSTYLE
  7
STANDARD
  9
$CLAYER
  8
0
  9
$CELTYPE
  6
BYLAYER
  9
$CECOLOR
 62
   256
  9
$CELTSCALE
 40
1.0
  9
$DELOBJ
 70
     1
  9
$DISPSILH
 70
     0
  9
$DIMSCALE
 40
1.0
  9
$DIMASZ
 40
0.18
  9
$DIMEXO
 40
0.0625
  9
$DIMDLI
 40
0.38
  9
$DIMRND
 40
0.0
  9
$DIMDLE
 40
0.0
  9
$DIMEXE
 40
0.18
  9
$DIMTP
 40
0.0
  9
$DIMTM
 40
0.0
  9
$DIMTXT
 40
0.18
  9
$DIMCEN
 40
0.09
  9
$DIMTSZ
 40
0.0
  9
$DIMTOL
 70
     0
  9
$DIMLIM
 70
     0
  9
$DIMTIH
 70
     1
  9
$DIMTOH
 70
     1
  9
$DIMSE1
 70
     0
  9
$DIMSE2
 70
     0
  9
$DIMTAD
 70
     0
  9
$DIMZIN
 70
     0
  9
$DIMBLK
  1

  9
$DIMASO
 70
     1
  9
$DIMSHO
 70
     1
  9
$DIMPOST
  1

  9
$DIMAPOST
  1

  9
$DIMALT
 70
     0
  9
$DIMALTD
 70
     2
  9
$DIMALTF
 40
25.4
  9
$DIMLFAC
 40
1.0
  9
$DIMTOFL
 70
     0
  9
$DIMTVP
 40
0.0
  9
$DIMTIX
 70
     0
  9
$DIMSOXD
 70
     0
  9
$DIMSAH
 70
     0
  9
$DIMBLK1
  1

  9
$DIMBLK2
  1

  9
$DIMSTYLE
  2
STANDARD_ACAD
  9
$DIMCLRD
 70
     0
  9
$DIMCLRE
 70
     0
  9
$DIMCLRT
 70
     0
  9
$DIMTFAC
 40
1.0
  9
$DIMGAP
 40
0.09
  9
$DIMJUST
 70
     0
  9
$DIMSD1
 70
     0
  9
$DIMSD2
 70
     0
  9
$DIMTOLJ
 70
     1
  9
$DIMTZIN
 70
     0
  9
$DIMALTZ
 70
     0
  9
$DIMALTTZ
 70
     0
  9
$DIMFIT
 70
     5
  9
$DIMUPT
 70
     0
  9
$DIMUNIT
 70
     2
  9
$DIMDEC
 70
     4
  9
$DIMTDEC
 70
     4
  9
$DIMALTU
 70
     2
  9
$DIMALTTD
 70
     2
  9
$DIMTXSTY
  7
STANDARD
  9
$DIMAUNIT
 70
     0
  9
$LUNITS
 70
     2
  9
$LUPREC
 70
     3
  9
$SKETCHINC
 40
0.1
  9
$FILLETRAD
 40
0.0
  9
$AUNITS
 70
     0
  9
$AUPREC
 70
     0
  9
$MENU
  1
.
  9
$ELEVATION
 40
0.0
  9
$PELEVATION
 40
0.0
  9
$THICKNESS
 40
0.0
  9
$LIMCHECK
 70
     0
  9
$CHAMFERA
 40
0.0
  9
$CHAMFERB
 40
0.0
  9
$CHAMFERC
 40
0.0
  9
$CHAMFERD
 40
0.0
  9
$SKPOLY
 70
     0
  9
$TDCREATE
 40
2461243.658404931
  9
$TDUPDATE
 40
2461243.658405093
  9
$TDINDWG
 40
0.0000000116
  9
$TDUSRTIMER
 40
0.0000000116
  9
$USRTIMER
 70
     1
  9
$ANGBASE
 50
0.0
  9
$ANGDIR
 70
     0
  9
$PDMODE
 70
     0
  9
$PDSIZE
 40
0.0
  9
$PLINEWID
 40
0.0
  9
$COORDS
 70
     1
  9
$SPLFRAME
 70
     0
  9
$SPLINETYPE
 70
     6
  9
$SPLINESEGS
 70
     8
  9
$ATTDIA
 70
     0
  9
$ATTREQ
 70
     1
  9
$HANDLING
 70
     1
  9
$HANDSEED
  5
554
  9
$SURFTAB1
 70
     6
  9
$SURFTAB2
 70
     6
  9
$SURFTYPE
 70
     6
  9
$SURFU
 70
     6
  9
$SURFV
 70
     6
  9
$UCSNAME
  2

  9
$UCSORG
 10
0.0
 20
0.0
 30
0.0
  9
$UCSXDIR
 10
1.0
 20
0.0
 30
0.0
  9
$UCSYDIR
 10
0.0
 20
1.0
 30
0.0
  9
$PUCSNAME
  2

  9
$PUCSORG
 10
0.0
 20
0.0
 30
0.0
  9
$PUCSXDIR
 10
1.0
 20
0.0
 30
0.0
  9
$PUCSYDIR
 10
0.0
 20
1.0
 30
0.0
  9
$USERI1
 70
     0
  9
$USERI2
 70
     0
  9
$USERI3
 70
     0
  9
$USERI4
 70
     0
  9
$USERI5
 70
     0
  9
$USERR1
 40
0.0
  9
$USERR2
 40
0.0
  9
$USERR3
 40
0.0
  9
$USERR4
 40
0.0
  9
$USERR5
 40
0.0
  9
$WORLDVIEW
 70
     1
  9
$SHADEDGE
 70
     3
  9
$SHADEDIF
 70
    70
  9
$TILEMODE
 70
     1
  9
$MAXACTVP
 70
    64
  9
$PINSBASE
 10
0.0
 20
0.0
 30
0.0
  9
$PLIMCHECK
 70
     0
  9
$PEXTMIN
 10
1.000000000000000E+20
 20
1.000000000000000E+20
 30
1.000000000000000E+20
  9
$PEXTMAX
 10
-1.000000000000000E+20
 20
-1.000000000000000E+20
 30
-1.000000000000000E+20
  9
$PLIMMIN
 10
0.0
 20
0.0
  9
$PLIMMAX
 10
12.0
 20
9.0
  9
$UNITMODE
 70
     0
  9
$VISRETAIN
 70
     1
  9
$PLINEGEN
 70
     0
  9
$PSLTSCALE
 70
     1
  9
$TREEDEPTH
 70
  3020
  9
$PICKSTYLE
 70
     1
  9
$CMLSTYLE
  2
STANDARD
  9
$CMLJUST
 70
     0
  9
$CMLSCALE
 40
1.0
  9
$PROXYGRAPHICS
 70
     1
  9
$MEASUREMENT
 70
     1
  0
ENDSEC
  0
SECTION
  2
CLASSES
  0
CLASS
  1
ACDBDICTIONARYWDFLT
  2
AcDbDictionaryWithDefault
  3
ObjectDBX Classes
 90
        0
280
     0
281
     0
  0
CLASS
  1
VISUALSTYLE
  2
AcDbVisualStyle
  3
ObjectDBX Classes
 90
     4095
280
     0
281
     0
  0
CLASS
  1
MATERIAL
  2
AcDbMaterial
  3
ObjectDBX Classes
 90
     1153
280
     0
281
     0
  0
CLASS
  1
SCALE
  2
AcDbScale
  3
ObjectDBX Classes
 90
     1153
280
     0
281
     0
  0
CLASS
  1
TABLESTYLE
  2
AcDbTableStyle
  3
ObjectDBX Classes
 90
     4095
280
     0
281
     0
  0
CLASS
  1
MLEADERSTYLE
  2
AcDbMLeaderStyle
  3
ACDB_MLEADERSTYLE_CLASS
 90
     4095
280
     0
281
     0
  0
CLASS
  1
SUN
  2
AcDbSun
  3
SCENEOE
 90
     1153
280
     0
281
     0
  0
CLASS
  1
DICTIONARYVAR
  2
AcDbDictionaryVar
  3
ObjectDBX Classes
 90
        0
280
     0
281
     0
  0
CLASS
  1
XRECORD
  2
AcDbXrecord
  3
ObjectDBX Classes
 90
        0
280
     0
281
     0
  0
CLASS
  1
LWPOLYLINE
  2
AcDbPolyline
  3
ObjectDBX Classes
 90
        0
280
     0
281
     1
  0
CLASS
  1
HATCH
  2
AcDbHatch
  3
ObjectDBX Classes
 90
        0
280
     0
281
     1
  0
CLASS
  1
ACDBPLACEHOLDER
  2
AcDbPlaceHolder
  3
ObjectDBX Classes
 90
        0
280
     0
281
     0
  0
CLASS
  1
LAYOUT
  2
AcDbLayout
  3
ObjectDBX Classes
 90
        0
280
     0
281
     0
  0
ENDSEC
  0
SECTION
  2
TABLES
  0
TABLE
  2
VPORT
  5
8
102
{ACAD_XDICTIONARY
360
549
102
}
330
0
100
AcDbSymbolTable
 70
     1
  0
VPORT
  5
29
330
8
100
AcDbSymbolTableRecord
100
AcDbViewportTableRecord
  2
*ACTIVE
 70
     0
 10
0.0
 20
0.0
 11
1.0
 21
1.0
 12
10.42990654205607
 22
4.5
 13
0.0
 23
0.0
 14
0.5
 24
0.5
 15
0.5
 25
0.5
 16
0.0
 26
0.0
 36
1.0
 17
0.0
 27
0.0
 37
0.0
 40
9.0
 41
1.972972972850329
 42
50.0
 43
0.0
 44
0.0
 50
0.0
 51
0.0
 71
     0
 72
   100
 73
     1
 74
     3
 75
     0
 76
     0
 77
     0
 78
     0
  0
ENDTAB
  0
TABLE
  2
LTYPE
  5
5
330
0
100
AcDbSymbolTable
 70
     1
  0
LTYPE
  5
14
330
5
100
AcDbSymbolTableRecord
100
AcDbLinetypeTableRecord
  2
BYBLOCK
 70
     0
  3

 72
    65
 73
     0
 40
0.0
  0
LTYPE
  5
15
330
5
100
AcDbSymbolTableRecord
100
AcDbLinetypeTableRecord
  2
BYLAYER
 70
     0
  3

 72
    65
 73
     0
 40
0.0
  0
LTYPE
  5
16
330
5
100
AcDbSymbolTableRecord
100
AcDbLinetypeTableRecord
  2
CONTINUOUS
 70
     0
  3
Solid line
 72
    65
 73
     0
 40
0.0
  0
ENDTAB
  0
TABLE
  2
LAYER
  5
2
330
0
100
AcDbSymbolTable
 70
     4
  0
LAYER
  5
10
330
2
100
AcDbSymbolTableRecord
100
AcDbLayerTableRecord
  2
0
 70
     0
 62
     7
  6
CONTINUOUS
  0
LAYER
  5
5F
330
2
100
AcDbSymbolTableRecord
100
AcDbLayerTableRecord
  2
1_ANYTOOL_1MMDEEP_LABELS_S
 70
     0
 62
     2
  6
CONTINUOUS
  0
LAYER
  5
4B8
330
2
100
AcDbSymbolTableRecord
100
AcDbLayerTableRecord
  2
3_ANYTOOL_CUTTHROUGH_INSID
 70
     0
 62
     4
  6
CONTINUOUS
  0
LAYER
  5
4D1
330
2
100
AcDbSymbolTableRecord
100
AcDbLayerTableRecord
  2
4_ANYTOOL_CUTTHROUGH_OUTSI
 70
     0
 62
     5
  6
CONTINUOUS
  0
ENDTAB
  0
TABLE
  2
STYLE
  5
3
330
0
100
AcDbSymbolTable
 70
     1
  0
STYLE
  5
11
330
3
100
AcDbSymbolTableRecord
100
AcDbTextStyleTableRecord
  2
STANDARD
 70
     0
 40
0.0
 41
1.0
 50
0.0
 71
     0
 42
0.2
  3
txt
  4

  0
ENDTAB
  0
TABLE
  2
VIEW
  5
6
330
0
100
AcDbSymbolTable
 70
     0
  0
ENDTAB
  0
TABLE
  2
UCS
  5
7
330
0
100
AcDbSymbolTable
 70
     0
  0
ENDTAB
  0
TABLE
  2
APPID
  5
9
330
0
100
AcDbSymbolTable
 70
     3
  0
APPID
  5
12
330
9
100
AcDbSymbolTableRecord
100
AcDbRegAppTableRecord
  2
ACAD
 70
     0
  0
APPID
  5
5E
330
9
100
AcDbSymbolTableRecord
100
AcDbRegAppTableRecord
  2
RHINO
 70
     0
  0
APPID
  5
553
330
9
100
AcDbSymbolTableRecord
100
AcDbRegAppTableRecord
  2
ACAD_MLEADERVER
 70
     0
  0
ENDTAB
  0
TABLE
  2
DIMSTYLE
  5
A
330
0
100
AcDbSymbolTable
 70
     1
  0
DIMSTYLE
105
27
330
A
100
AcDbSymbolTableRecord
100
AcDbDimStyleTableRecord
  2
STANDARD_ACAD
 70
     0
  3

  4

  5

  6

  7

 40
1.0
 41
0.18
 42
0.0625
 43
0.38
 44
0.18
 45
0.0
 46
0.0
 47
0.0
 48
0.0
140
0.18
141
0.09
142
0.0
143
25.4
144
1.0
145
0.0
146
1.0
147
0.09
 71
     0
 72
     0
 73
     1
 74
     1
 75
     0
 76
     0
 77
     0
 78
     0
170
     0
171
     2
172
     0
173
     0
174
     0
175
     0
176
     0
177
     0
178
     0
270
     2
271
     4
272
     4
273
     2
274
     2
340
11
275
     0
280
     0
281
     0
282
     0
283
     1
284
     0
285
     0
286
     0
287
     3
288
     0
  0
ENDTAB
  0
TABLE
  2
BLOCK_RECORD
  5
1
330
0
100
AcDbSymbolTable
 70
     0
  0
BLOCK_RECORD
  5
1F
330
1
100
AcDbSymbolTableRecord
100
AcDbBlockTableRecord
  2
*MODEL_SPACE
  0
BLOCK_RECORD
  5
1B
330
1
100
AcDbSymbolTableRecord
100
AcDbBlockTableRecord
  2
*PAPER_SPACE
  0
ENDTAB
  0
ENDSEC
  0
SECTION
  2
BLOCKS
  0
BLOCK
  5
20
330
1F
100
AcDbEntity
  8
0
100
AcDbBlockBegin
  2
*MODEL_SPACE
 70
     0
 10
0.0
 20
0.0
 30
0.0
  3
*MODEL_SPACE
  1

  0
ENDBLK
  5
21
330
1F
100
AcDbEntity
  8
0
100
AcDbBlockEnd
  0
BLOCK
  5
1C
330
1B
100
AcDbEntity
 67
     1
  8
0
100
AcDbBlockBegin
  2
*PAPER_SPACE
 70
     0
 10
0.0
 20
0.0
 30
0.0
  3
*PAPER_SPACE
  1

  0
ENDBLK
  5
1D
330
1B
100
AcDbEntity
 67
     1
  8
0
100
AcDbBlockEnd
  0
ENDSEC
  0
SECTION
  2
ENTITIES
  0
POLYLINE
  5
60
330
1F
100
AcDbEntity
  8
1_ANYTOOL_1MMDEEP_LABELS_S
100
AcDb2dPolyline
 66
     1
 10
0.0
 20
0.0
 30
0.0
  0
VERTEX
  5
61
330
60
100
AcDbEntity
  8
1_ANYTOOL_1MMDEEP_LABELS_S
100
AcDbVertex
100
AcDb2dVertex
 10
0.0
 20
1.285714285717404
 30
0.0
  0
VERTEX
  5
62
330
60
100
AcDbEntity
  8
1_ANYTOOL_1MMDEEP_LABELS_S
100
AcDbVertex
100
AcDb2dVertex
 10
30.0
 20
9.0
 30
0.0
  0
VERTEX
  5
63
330
60
100
AcDbEntity
  8
1_ANYTOOL_1MMDEEP_LABELS_S
100
AcDbVertex
100
AcDb2dVertex
 10
0.9000000000014552
 20
17.44285714285797
 30
0.0
  0
VERTEX
  5
64
330
60
100
AcDbEntity
  8
1_ANYTOOL_1MMDEEP_LABELS_S
100
AcDbVertex
100
AcDb2dVertex
 10
30.0
 20
25.92857142857247
 30
0.0
  0
VERTEX
  5
65
330
60
100
AcDbEntity
  8
1_ANYTOOL_1MMDEEP_LABELS_S
100
AcDbVertex
100
AcDb2dVertex
 10
0.0
 20
33.42857142857247
 30
0.0
  0
SEQEND
  5
66
330
60
100
AcDbEntity
  8
1_ANYTOOL_1MMDEEP_LABELS_S
  0
LINE
  5
67
330
1F
100
AcDbEntity
  8
1_ANYTOOL_1MMDEEP_LABELS_S
100
AcDbLine
 10
16.11428571428405
 20
45.64285714285506
 30
0.0
 11
16.20000000000073
 21
36.85714285714494
 31
0.0
  0
POLYLINE
  5
68
330
1F
100
AcDbEntity
  8
1_ANYTOOL_1MMDEEP_LABELS_S
100
AcDb2dPolyline
 66
     1
 10
0.0
 20
0.0
 30
0.0
 70
     1
  0
VERTEX
  5
69
330
68
100
AcDbEntity
  8
1_ANYTOOL_1MMDEEP_LABELS_S
100
AcDbVertex
100
AcDb2dVertex
 10
-0.3428571428557916
 20
61.7142857142826
 30
0.0
  0
VERTEX
  5
6A
330
68
100
AcDbEntity
  8
1_ANYTOOL_1MMDEEP_LABELS_S
100
AcDbVertex
100
AcDb2dVertex
 10
-0.3369977678557916
 20
62.08577008928262
 30
0.0
  0
VERTEX
  5
6B
330
68
100
AcDbEntity
  8
1_ANYTOOL_1MMDEEP_LABELS_S
100
AcDbVertex
100
AcDb2dVertex
 10
-0.3194196428557916
 20
62.45022321428269
 30
0.0
  0
VERTEX
  5
6C
330
68
100
AcDbEntity
  8
1_ANYTOOL_1MMDEEP_LABELS_S
100
AcDbVertex
100
AcDb2dVertex
 10
-0.2901227678557916
 20
62.8076450892828
 30
0.0
  0
VERTEX
  5
6D
330
68
100
AcDbEntity
  8
1_ANYTOOL_1MMDEEP_LABELS_S
100
AcDbVertex
100
AcDb2dVertex
 10
-0.2710797991057916
 20
62.98371930803287
 30
0.0
  0
VERTEX
  5
6E
330
68
100
AcDbEntity
  8
1_ANYTOOL_1MMDEEP_LABELS_S
100
AcDbVertex
100
AcDb2dVertex
 10
-0.2491071428557916
 20
63.15803571428296
 30
0.0
  0
VERTEX
  5
6F
330
68
100
AcDbEntity
  8
1_ANYTOOL_1MMDEEP_LABELS_S
100
AcDbVertex
100
AcDb2dVertex
 10
-0.2242047991057916
 20
63.33059430803306
 30
0.0
  0
VERTEX
  5
70
330
68
100
AcDbEntity
  8
1_ANYTOOL_1MMDEEP_LABELS_S
100
AcDbVertex
100
AcDb2dVertex
 10
-0.1963727678557916
 20
63.50139508928316
 30
0.0
  0
VERTEX
  5
71
330
68
100
AcDbEntity
  8
1_ANYTOOL_1MMDEEP_LABELS_S
100
AcDbVertex
100
AcDb2dVertex
 10
-0.1656110491057916
 20
63.67043805803328
 30
0.0
  0
VERTEX
  5
72
330
68
100
AcDbEntity
  8
1_ANYTOOL_1MMDEEP_LABELS_S
100
AcDbVertex
100
AcDb2dVertex
 10
-0.1319196428557916
 20
63.83772321428341
 30
0.0
  0
VERTEX
  5
73
330
68
100
AcDbEntity
  8
1_ANYTOOL_1MMDEEP_LABELS_S
100
AcDbVertex
100
AcDb2dVertex
 10
-0.0952985491057916
 20
64.00325055803356
 30
0.0
  0
VERTEX
  5
74
330
68
100
AcDbEntity
  8
1_ANYTOOL_1MMDEEP_LABELS_S
100
AcDbVertex
100
AcDb2dVertex
 10
-0.0557477678557916
 20
64.16702008928371
 30
0.0
  0
VERTEX
  5
75
330
68
100
AcDbEntity
  8
1_ANYTOOL_1MMDEEP_LABELS_S
100
AcDbVertex
100
AcDb2dVertex
 10
-0.0132672991057916
 20
64.32903180803387
 30
0.0
  0
VERTEX
  5
76
330
68
100
AcDbEntity
  8
1_ANYTOOL_1MMDEEP_LABELS_S
100
AcDbVertex
100
AcDb2dVertex
 10
0.0321428571442084
 20
64.48928571428405
 30
0.0
  0
VERTEX
  5
77
330
68
100
AcDbEntity
  8
1_ANYTOOL_1MMDEEP_LABELS_S
100
AcDbVertex
100
AcDb2dVertex
 10
0.0804827008942084
 20
64.64778180803424
 30
0.0
  0
VERTEX
  5
78
330
68
100
AcDbEntity
  8
1_ANYTOOL_1MMDEEP_LABELS_S
100
AcDbVertex
100
AcDb2dVertex
 10
0.1317522321442084
 20
64.80452008928444
 30
0.0
  0
VERTEX
  5
79
330
68
100
AcDbEntity
  8
1_ANYTOOL_1MMDEEP_LABELS_S
100
AcDbVertex
100
AcDb2dVertex
 10
0.1859514508942084
 20
64.95950055803465
 30
0.0
  0
VERTEX
  5
7A
330
68
100
AcDbEntity
  8
1_ANYTOOL_1MMDEEP_LABELS_S
100
AcDbVertex
100
AcDb2dVertex
 10
0.2430803571442084
 20
65.11272321428487
 30
0.0
  0
VERTEX
  5
7B
330
68
100
AcDbEntity
  8
1_ANYTOOL_1MMDEEP_LABELS_S
100
AcDbVertex
100
AcDb2dVertex
 10
0.3031389508942084
 20
65.2641880580351
 30
0.0
  0
VERTEX
  5
7C
330
68
100
AcDbEntity
  8
1_ANYTOOL_1MMDEEP_LABELS_S
100
AcDbVertex
100
AcDb2dVertex
 10
0.3661272321442084
 20
65.41389508928535
 30
0.0
  0
VERTEX
  5
7D
330
68
100
AcDbEntity
  8
1_ANYTOOL_1MMDEEP_LABELS_S
100
AcDbVertex
100
AcDb2dVertex
 10
0.4320452008942084
 20
65.5618443080356
 30
0.0
  0
VERTEX
  5
7E
330
68
100
AcDbEntity
  8
1_ANYTOOL_1MMDEEP_LABELS_S
100
AcDbVertex
100
AcDb2dVertex
 10
0.5008928571442084
 20
65.70803571428587
 30
0.0
  0
VERTEX
  5
7F
330
68
100
AcDbEntity
  8
1_ANYTOOL_1MMDEEP_LABELS_S
100
AcDbVertex
100
AcDb2dVertex
 10
0.5726702008942084
 20
65.85246930803615
 30
0.0
  0
VERTEX
  5
80
330
68
100
AcDbEntity
  8
1_ANYTOOL_1MMDEEP_LABELS_S
100
AcDbVertex
100
AcDb2dVertex
 10
0.6473772321442084
 20
65.99514508928644
 30
0.0
  0
VERTEX
  5
81
330
68
100
AcDbEntity
  8
1_ANYTOOL_1MMDEEP_LABELS_S
100
AcDbVertex
100
AcDb2dVertex
 10
0.7250139508942084
 20
66.13606305803674
 30
0.0
  0
VERTEX
  5
82
330
68
100
AcDbEntity
  8
1_ANYTOOL_1MMDEEP_LABELS_S
100
AcDbVertex
100
AcDb2dVertex
 10
0.8055803571442084
 20
66.27522321428705
 30
0.0
  0
VERTEX
  5
83
330
68
100
AcDbEntity
  8
1_ANYTOOL_1MMDEEP_LABELS_S
100
AcDbVertex
100
AcDb2dVertex
 10
0.8890764508942084
 20
66.41262555803738
 30
0.0
  0
VERTEX
  5
84
330
68
100
AcDbEntity
  8
1_ANYTOOL_1MMDEEP_LABELS_S
100
AcDbVertex
100
AcDb2dVertex
 10
0.9755022321442084
 20
66.54827008928771
 30
0.0
  0
VERTEX
  5
85
330
68
100
AcDbEntity
  8
1_ANYTOOL_1MMDEEP_LABELS_S
100
AcDbVertex
100
AcDb2dVertex
 10
1.064857700894208
 20
66.68215680803806
 30
0.0
  0
VERTEX
  5
86
330
68
100
AcDbEntity
  8
1_ANYTOOL_1MMDEEP_LABELS_S
100
AcDbVertex
100
AcDb2dVertex
 10
1.342466517858142
 20
67.07377232143108
 30
0.0
  0
VERTEX
  5
87
330
68
100
AcDbEntity
  8
1_ANYTOOL_1MMDEEP_LABELS_S
100
AcDbVertex
100
AcDb2dVertex
 10
1.534151785714982
 20
67.32723214285943
 30
0.0
  0
VERTEX
  5
88
330
68
100
AcDbEntity
  8
1_ANYTOOL_1MMDEEP_LABELS_S
100
AcDbVertex
100
AcDb2dVertex
 10
1.732198660714729
 20
67.57466517857347
 30
0.0
  0
VERTEX
  5
89
330
68
100
AcDbEntity
  8
1_ANYTOOL_1MMDEEP_LABELS_S
100
AcDbVertex
100
AcDb2dVertex
 10
1.936607142857383
 20
67.8160714285732
 30
0.0
  0
VERTEX
  5
8A
330
68
100
AcDbEntity
  8
1_ANYTOOL_1MMDEEP_LABELS_S
100
AcDbVertex
100
AcDb2dVertex
 10
2.147377232142944
 20
68.05145089285861
 30
0.0
  0
VERTEX
  5
8B
330
68
100
AcDbEntity
  8
1_ANYTOOL_1MMDEEP_LABELS_S
100
AcDbVertex
100
AcDb2dVertex
 10
2.364508928571411
 20
68.28080357142971
 30
0.0
  0
VERTEX
  5
8C
330
68
100
AcDbEntity
  8
1_ANYTOOL_1MMDEEP_LABELS_S
100
AcDbVertex
100
AcDb2dVertex
 10
2.588002232142784
 20
68.5041294642865
 30
0.0
  0
VERTEX
  5
8D
330
68
100
AcDbEntity
  8
1_ANYTOOL_1MMDEEP_LABELS_S
100
AcDbVertex
100
AcDb2dVertex
 10
2.817857142857065
 20
68.72142857142899
 30
0.0
  0
VERTEX
  5
8E
330
68
100
AcDbEntity
  8
1_ANYTOOL_1MMDEEP_LABELS_S
100
AcDbVertex
100
AcDb2dVertex
 10
3.054073660714252
 20
68.93270089285716
 30
0.0
  0
VERTEX
  5
8F
330
68
100
AcDbEntity
  8
1_ANYTOOL_1MMDEEP_LABELS_S
100
AcDbVertex
100
AcDb2dVertex
 10
3.296651785714346
 20
69.13794642857101
 30
0.0
  0
VERTEX
  5
90
330
68
100
AcDbEntity
  8
1_ANYTOOL_1MMDEEP_LABELS_S
100
AcDbVertex
100
AcDb2dVertex
 10
3.545591517857346
 20
69.33716517857056
 30
0.0
  0
VERTEX
  5
91
330
68
100
AcDbEntity
  8
1_ANYTOOL_1MMDEEP_LABELS_S
100
AcDbVertex
100
AcDb2dVertex
 10
3.800892857143253
 20
69.53035714285579
 30
0.0
  0
VERTEX
  5
92
330
68
100
AcDbEntity
  8
1_ANYTOOL_1MMDEEP_LABELS_S
100
AcDbVertex
100
AcDb2dVertex
 10
4.062555803572067
 20
69.71752232142671
 30
0.0
  0
VERTEX
  5
93
330
68
100
AcDbEntity
  8
1_ANYTOOL_1MMDEEP_LABELS_S
100
AcDbVertex
100
AcDb2dVertex
 10
4.330580357143788
 20
69.89866071428332
 30
0.0
  0
VERTEX
  5
94
330
68
100
AcDbEntity
  8
1_ANYTOOL_1MMDEEP_LABELS_S
100
AcDbVertex
100
AcDb2dVertex
 10
4.604966517858415
 20
70.07377232142562
 30
0.0
  0
VERTEX
  5
95
330
68
100
AcDbEntity
  8
1_ANYTOOL_1MMDEEP_LABELS_S
100
AcDbVertex
100
AcDb2dVertex
 10
5.171484375001626
 20
70.41127232142526
 30
0.0
  0
VERTEX
  5
96
330
68
100
AcDbEntity
  8
1_ANYTOOL_1MMDEEP_LABELS_S
100
AcDbVertex
100
AcDb2dVertex
 10
5.460937500001592
 20
70.5736607142826
 30
0.0
  0
VERTEX
  5
97
330
68
100
AcDbEntity
  8
1_ANYTOOL_1MMDEEP_LABELS_S
100
AcDbVertex
100
AcDb2dVertex
 10
5.754073660715846
 20
70.73002232142562
 30
0.0
  0
VERTEX
  5
98
330
68
100
AcDbEntity
  8
1_ANYTOOL_1MMDEEP_LABELS_S
100
AcDbVertex
100
AcDb2dVertex
 10
6.05089285714439
 20
70.88035714285434
 30
0.0
  0
VERTEX
  5
99
330
68
100
AcDbEntity
  8
1_ANYTOOL_1MMDEEP_LABELS_S
100
AcDbVertex
100
AcDb2dVertex
 10
6.351395089287223
 20
71.02466517856874
 30
0.0
  0
VERTEX
  5
9A
330
68
100
AcDbEntity
  8
1_ANYTOOL_1MMDEEP_LABELS_S
100
AcDbVertex
100
AcDb2dVertex
 10
6.655580357144345
 20
71.16294642856883
 30
0.0
  0
VERTEX
  5
9B
330
68
100
AcDbEntity
  8
1_ANYTOOL_1MMDEEP_LABELS_S
100
AcDbVertex
100
AcDb2dVertex
 10
6.963448660715756
 20
71.29520089285461
 30
0.0
  0
VERTEX
  5
9C
330
68
100
AcDbEntity
  8
1_ANYTOOL_1MMDEEP_LABELS_S
100
AcDbVertex
100
AcDb2dVertex
 10
7.275000000001455
 20
71.42142857142608
 30
0.0
  0
VERTEX
  5
9D
330
68
100
AcDbEntity
  8
1_ANYTOOL_1MMDEEP_LABELS_S
100
AcDbVertex
100
AcDb2dVertex
 10
7.590234375001444
 20
71.54162946428323
 30
0.0
  0
VERTEX
  5
9E
330
68
100
AcDbEntity
  8
1_ANYTOOL_1MMDEEP_LABELS_S
100
AcDbVertex
100
AcDb2dVertex
 10
7.909151785715721
 20
71.65580357142608
 30
0.0
  0
VERTEX
  5
9F
330
68
100
AcDbEntity
  8
1_ANYTOOL_1MMDEEP_LABELS_S
100
AcDbVertex
100
AcDb2dVertex
 10
8.231752232144288
 20
71.76395089285461
 30
0.0
  0
VERTEX
  5
A0
330
68
100
AcDbEntity
  8
1_ANYTOOL_1MMDEEP_LABELS_S
100
AcDbVertex
100
AcDb2dVertex
 10
8.558035714287143
 20
71.86607142856883
 30
0.0
  0
VERTEX
  5
A1
330
68
100
AcDbEntity
  8
1_ANYTOOL_1MMDEEP_LABELS_S
100
AcDbVertex
100
AcDb2dVertex
 10
8.888002232144288
 20
71.96216517856874
 30
0.0
  0
VERTEX
  5
A2
330
68
100
AcDbEntity
  8
1_ANYTOOL_1MMDEEP_LABELS_S
100
AcDbVertex
100
AcDb2dVertex
 10
9.221651785715721
 20
72.05223214285434
 30
0.0
  0
VERTEX
  5
A3
330
68
100
AcDbEntity
  8
1_ANYTOOL_1MMDEEP_LABELS_S
100
AcDbVertex
100
AcDb2dVertex
 10
9.558984375001444
 20
72.13627232142562
 30
0.0
  0
VERTEX
  5
A4
330
68
100
AcDbEntity
  8
1_ANYTOOL_1MMDEEP_LABELS_S
100
AcDbVertex
100
AcDb2dVertex
 10
10.58236607143004
 20
72.36495535714096
 30
0.0
  0
VERTEX
  5
A5
330
68
100
AcDbEntity
  8
1_ANYTOOL_1MMDEEP_LABELS_S
100
AcDbVertex
100
AcDb2dVertex
 10
11.25803571428719
 20
72.49553571428487
 30
0.0
  0
VERTEX
  5
A6
330
68
100
AcDbEntity
  8
1_ANYTOOL_1MMDEEP_LABELS_S
100
AcDbVertex
100
AcDb2dVertex
 10
11.92700892857289
 20
72.60602678571433
 30
0.0
  0
VERTEX
  5
A7
330
68
100
AcDbEntity
  8
1_ANYTOOL_1MMDEEP_LABELS_S
100
AcDbVertex
100
AcDb2dVertex
 10
12.58928571428714
 20
72.69642857142935
 30
0.0
  0
VERTEX
  5
A8
330
68
100
AcDbEntity
  8
1_ANYTOOL_1MMDEEP_LABELS_S
100
AcDbVertex
100
AcDb2dVertex
 10
13.24486607142995
 20
72.76674107142992
 30
0.0
  0
VERTEX
  5
A9
330
68
100
AcDbEntity
  8
1_ANYTOOL_1MMDEEP_LABELS_S
100
AcDbVertex
100
AcDb2dVertex
 10
13.89375000000132
 20
72.81696428571604
 30
0.0
  0
VERTEX
  5
AA
330
68
100
AcDbEntity
  8
1_ANYTOOL_1MMDEEP_LABELS_S
100
AcDbVertex
100
AcDb2dVertex
 10
14.53593750000124
 20
72.84709821428771
 30
0.0
  0
VERTEX
  5
AB
330
68
100
AcDbEntity
  8
1_ANYTOOL_1MMDEEP_LABELS_S
100
AcDbVertex
100
AcDb2dVertex
 10
15.17142857142971
 20
72.85714285714494
 30
0.0
  0
VERTEX
  5
AC
330
68
100
AcDbEntity
  8
1_ANYTOOL_1MMDEEP_LABELS_S
100
AcDbVertex
100
AcDb2dVertex
 10
15.80892857142953
 20
72.84626116071635
 30
0.0
  0
VERTEX
  5
AD
330
68
100
AcDbEntity
  8
1_ANYTOOL_1MMDEEP_LABELS_S
100
AcDbVertex
100
AcDb2dVertex
 10
16.44642857142935
 20
72.8136160714306
 30
0.0
  0
VERTEX
  5
AE
330
68
100
AcDbEntity
  8
1_ANYTOOL_1MMDEEP_LABELS_S
100
AcDbVertex
100
AcDb2dVertex
 10
17.08392857142917
 20
72.75920758928768
 30
0.0
  0
VERTEX
  5
AF
330
68
100
AcDbEntity
  8
1_ANYTOOL_1MMDEEP_LABELS_S
100
AcDbVertex
100
AcDb2dVertex
 10
17.72142857142899
 20
72.6830357142876
 30
0.0
  0
VERTEX
  5
B0
330
68
100
AcDbEntity
  8
1_ANYTOOL_1MMDEEP_LABELS_S
100
AcDbVertex
100
AcDb2dVertex
 10
18.35892857142881
 20
72.58510044643035
 30
0.0
  0
VERTEX
  5
B1
330
68
100
AcDbEntity
  8
1_ANYTOOL_1MMDEEP_LABELS_S
100
AcDbVertex
100
AcDb2dVertex
 10
18.99642857142862
 20
72.46540178571593
 30
0.0
  0
VERTEX
  5
B2
330
68
100
AcDbEntity
  8
1_ANYTOOL_1MMDEEP_LABELS_S
100
AcDbVertex
100
AcDb2dVertex
 10
19.63392857142844
 20
72.32393973214434
 30
0.0
  0
VERTEX
  5
B3
330
68
100
AcDbEntity
  8
1_ANYTOOL_1MMDEEP_LABELS_S
100
AcDbVertex
100
AcDb2dVertex
 10
20.27142857142826
 20
72.16071428571558
 30
0.0
  0
VERTEX
  5
B4
330
68
100
AcDbEntity
  8
1_ANYTOOL_1MMDEEP_LABELS_S
100
AcDbVertex
100
AcDb2dVertex
 10
20.90892857142808
 20
71.97572544642966
 30
0.0
  0
VERTEX
  5
B5
330
68
100
AcDbEntity
  8
1_ANYTOOL_1MMDEEP_LABELS_S
100
AcDbVertex
100
AcDb2dVertex
 10
21.5464285714279
 20
71.76897321428658
 30
0.0
  0
VERTEX
  5
B6
330
68
100
AcDbEntity
  8
1_ANYTOOL_1MMDEEP_LABELS_S
100
AcDbVertex
100
AcDb2dVertex
 10
22.18392857142771
 20
71.54045758928632
 30
0.0
  0
VERTEX
  5
B7
330
68
100
AcDbEntity
  8
1_ANYTOOL_1MMDEEP_LABELS_S
100
AcDbVertex
100
AcDb2dVertex
 10
22.82142857142753
 20
71.2901785714289
 30
0.0
  0
VERTEX
  5
B8
330
68
100
AcDbEntity
  8
1_ANYTOOL_1MMDEEP_LABELS_S
100
AcDbVertex
100
AcDb2dVertex
 10
23.45892857142735
 20
71.0181361607143
 30
0.0
  0
VERTEX
  5
B9
330
68
100
AcDbEntity
  8
1_ANYTOOL_1MMDEEP_LABELS_S
100
AcDbVertex
100
AcDb2dVertex
 10
24.09642857142717
 20
70.72433035714255
 30
0.0
  0
VERTEX
  5
BA
330
68
100
AcDbEntity
  8
1_ANYTOOL_1MMDEEP_LABELS_S
100
AcDbVertex
100
AcDb2dVertex
 10
24.73392857142699
 20
70.40876116071362
 30
0.0
  0
VERTEX
  5
BB
330
68
100
AcDbEntity
  8
1_ANYTOOL_1MMDEEP_LABELS_S
100
AcDbVertex
100
AcDb2dVertex
 10
25.3714285714268
 20
70.07142857142753
 30
0.0
  0
VERTEX
  5
BC
330
68
100
AcDbEntity
  8
1_ANYTOOL_1MMDEEP_LABELS_S
100
AcDbVertex
100
AcDb2dVertex
 10
25.68519810267694
 20
69.89686104910632
 30
0.0
  0
VERTEX
  5
BD
330
68
100
AcDbEntity
  8
1_ANYTOOL_1MMDEEP_LABELS_S
100
AcDbVertex
100
AcDb2dVertex
 10
25.98900669642707
 20
69.71601562499939
 30
0.0
  0
VERTEX
  5
BE
330
68
100
AcDbEntity
  8
1_ANYTOOL_1MMDEEP_LABELS_S
100
AcDbVertex
100
AcDb2dVertex
 10
26.28285435267719
 20
69.52889229910673
 30
0.0
  0
VERTEX
  5
BF
330
68
100
AcDbEntity
  8
1_ANYTOOL_1MMDEEP_LABELS_S
100
AcDbVertex
100
AcDb2dVertex
 10
26.56674107142732
 20
69.33549107142835
 30
0.0
  0
VERTEX
  5
C0
330
68
100
AcDbEntity
  8
1_ANYTOOL_1MMDEEP_LABELS_S
100
AcDbVertex
100
AcDb2dVertex
 10
26.84066685267743
 20
69.13581194196425
 30
0.0
  0
VERTEX
  5
C1
330
68
100
AcDbEntity
  8
1_ANYTOOL_1MMDEEP_LABELS_S
100
AcDbVertex
100
AcDb2dVertex
 10
27.10463169642755
 20
68.92985491071443
 30
0.0
  0
VERTEX
  5
C2
330
68
100
AcDbEntity
  8
1_ANYTOOL_1MMDEEP_LABELS_S
100
AcDbVertex
100
AcDb2dVertex
 10
27.35863560267765
 20
68.71761997767888
 30
0.0
  0
VERTEX
  5
C3
330
68
100
AcDbEntity
  8
1_ANYTOOL_1MMDEEP_LABELS_S
100
AcDbVertex
100
AcDb2dVertex
 10
27.60267857142776
 20
68.49910714285761
 30
0.0
  0
VERTEX
  5
C4
330
68
100
AcDbEntity
  8
1_ANYTOOL_1MMDEEP_LABELS_S
100
AcDbVertex
100
AcDb2dVertex
 10
27.72096470424031
 20
68.38749651227732
 30
0.0
  0
VERTEX
  5
C5
330
68
100
AcDbEntity
  8
1_ANYTOOL_1MMDEEP_LABELS_S
100
AcDbVertex
100
AcDb2dVertex
 10
27.83676060267786
 20
68.27431640625062
 30
0.0
  0
VERTEX
  5
C6
330
68
100
AcDbEntity
  8
1_ANYTOOL_1MMDEEP_LABELS_S
100
AcDbVertex
100
AcDb2dVertex
 10
27.95006626674041
 20
68.15956682477747
 30
0.0
  0
VERTEX
  5
C7
330
68
100
AcDbEntity
  8
1_ANYTOOL_1MMDEEP_LABELS_S
100
AcDbVertex
100
AcDb2dVertex
 10
28.06088169642796
 20
68.0432477678579
 30
0.0
  0
VERTEX
  5
C8
330
68
100
AcDbEntity
  8
1_ANYTOOL_1MMDEEP_LABELS_S
100
AcDbVertex
100
AcDb2dVertex
 10
28.1692068917405
 20
67.9253592354919
 30
0.0
  0
VERTEX
  5
C9
330
68
100
AcDbEntity
  8
1_ANYTOOL_1MMDEEP_LABELS_S
100
AcDbVertex
100
AcDb2dVertex
 10
28.27504185267805
 20
67.80590122767947
 30
0.0
  0
VERTEX
  5
CA
330
68
100
AcDbEntity
  8
1_ANYTOOL_1MMDEEP_LABELS_S
100
AcDbVertex
100
AcDb2dVertex
 10
28.37838657924059
 20
67.6848737444206
 30
0.0
  0
VERTEX
  5
CB
330
68
100
AcDbEntity
  8
1_ANYTOOL_1MMDEEP_LABELS_S
100
AcDbVertex
100
AcDb2dVertex
 10
28.47924107142813
 20
67.56227678571531
 30
0.0
  0
VERTEX
  5
CC
330
68
100
AcDbEntity
  8
1_ANYTOOL_1MMDEEP_LABELS_S
100
AcDbVertex
100
AcDb2dVertex
 10
28.57760532924068
 20
67.43811035156358
 30
0.0
  0
VERTEX
  5
CD
330
68
100
AcDbEntity
  8
1_ANYTOOL_1MMDEEP_LABELS_S
100
AcDbVertex
100
AcDb2dVertex
 10
28.67347935267822
 20
67.31237444196543
 30
0.0
  0
VERTEX
  5
CE
330
68
100
AcDbEntity
  8
1_ANYTOOL_1MMDEEP_LABELS_S
100
AcDbVertex
100
AcDb2dVertex
 10
28.76686314174076
 20
67.18506905692084
 30
0.0
  0
VERTEX
  5
CF
330
68
100
AcDbEntity
  8
1_ANYTOOL_1MMDEEP_LABELS_S
100
AcDbVertex
100
AcDb2dVertex
 10
28.8577566964283
 20
67.05619419642983
 30
0.0
  0
VERTEX
  5
D0
330
68
100
AcDbEntity
  8
1_ANYTOOL_1MMDEEP_LABELS_S
100
AcDbVertex
100
AcDb2dVertex
 10
28.94616001674083
 20
66.92574986049237
 30
0.0
  0
VERTEX
  5
D1
330
68
100
AcDbEntity
  8
1_ANYTOOL_1MMDEEP_LABELS_S
100
AcDbVertex
100
AcDb2dVertex
 10
29.03207310267837
 20
66.7937360491085
 30
0.0
  0
VERTEX
  5
D2
330
68
100
AcDbEntity
  8
1_ANYTOOL_1MMDEEP_LABELS_S
100
AcDbVertex
100
AcDb2dVertex
 10
29.11549595424091
 20
66.66015276227819
 30
0.0
  0
VERTEX
  5
D3
330
68
100
AcDbEntity
  8
1_ANYTOOL_1MMDEEP_LABELS_S
100
AcDbVertex
100
AcDb2dVertex
 10
29.19642857142844
 20
66.52500000000146
 30
0.0
  0
VERTEX
  5
D4
330
68
100
AcDbEntity
  8
1_ANYTOOL_1MMDEEP_LABELS_S
100
AcDbVertex
100
AcDb2dVertex
 10
29.27487095424097
 20
66.38827776227828
 30
0.0
  0
VERTEX
  5
D5
330
68
100
AcDbEntity
  8
1_ANYTOOL_1MMDEEP_LABELS_S
100
AcDbVertex
100
AcDb2dVertex
 10
29.35082310267851
 20
66.24998604910868
 30
0.0
  0
VERTEX
  5
D6
330
68
100
AcDbEntity
  8
1_ANYTOOL_1MMDEEP_LABELS_S
100
AcDbVertex
100
AcDb2dVertex
 10
29.42428501674104
 20
66.11012486049265
 30
0.0
  0
VERTEX
  5
D7
330
68
100
AcDbEntity
  8
1_ANYTOOL_1MMDEEP_LABELS_S
100
AcDbVertex
100
AcDb2dVertex
 10
29.49525669642857
 20
65.96869419643019
 30
0.0
  0
VERTEX
  5
D8
330
68
100
AcDbEntity
  8
1_ANYTOOL_1MMDEEP_LABELS_S
100
AcDbVertex
100
AcDb2dVertex
 10
29.5637381417411
 20
65.8256940569213
 30
0.0
  0
VERTEX
  5
D9
330
68
100
AcDbEntity
  8
1_ANYTOOL_1MMDEEP_LABELS_S
100
AcDbVertex
100
AcDb2dVertex
 10
29.62972935267863
 20
65.68112444196598
 30
0.0
  0
VERTEX
  5
DA
330
68
100
AcDbEntity
  8
1_ANYTOOL_1MMDEEP_LABELS_S
100
AcDbVertex
100
AcDb2dVertex
 10
29.69323032924115
 20
65.53498535156422
 30
0.0
  0
VERTEX
  5
DB
330
68
100
AcDbEntity
  8
1_ANYTOOL_1MMDEEP_LABELS_S
100
AcDbVertex
100
AcDb2dVertex
 10
29.75424107142868
 20
65.38727678571604
 30
0.0
  0
VERTEX
  5
DC
330
68
100
AcDbEntity
  8
1_ANYTOOL_1MMDEEP_LABELS_S
100
AcDbVertex
100
AcDb2dVertex
 10
29.8127615792412
 20
65.23799874442142
 30
0.0
  0
VERTEX
  5
DD
330
68
100
AcDbEntity
  8
1_ANYTOOL_1MMDEEP_LABELS_S
100
AcDbVertex
100
AcDb2dVertex
 10
29.86879185267873
 20
65.08715122768038
 30
0.0
  0
VERTEX
  5
DE
330
68
100
AcDbEntity
  8
1_ANYTOOL_1MMDEEP_LABELS_S
100
AcDbVertex
100
AcDb2dVertex
 10
29.92233189174125
 20
64.9347342354929
 30
0.0
  0
VERTEX
  5
DF
330
68
100
AcDbEntity
  8
1_ANYTOOL_1MMDEEP_LABELS_S
100
AcDbVertex
100
AcDb2dVertex
 10
29.97338169642877
 20
64.780747767859
 30
0.0
  0
VERTEX
  5
E0
330
68
100
AcDbEntity
  8
1_ANYTOOL_1MMDEEP_LABELS_S
100
AcDbVertex
100
AcDb2dVertex
 10
30.06801060267881
 20
64.46806640625189
 30
0.0
  0
VERTEX
  5
E1
330
68
100
AcDbEntity
  8
1_ANYTOOL_1MMDEEP_LABELS_S
100
AcDbVertex
100
AcDb2dVertex
 10
30.15267857142885
 20
64.14910714285907
 30
0.0
  0
VERTEX
  5
E2
330
68
100
AcDbEntity
  8
1_ANYTOOL_1MMDEEP_LABELS_S
100
AcDbVertex
100
AcDb2dVertex
 10
30.22738560267888
 20
63.82386997768052
 30
0.0
  0
VERTEX
  5
E3
330
68
100
AcDbEntity
  8
1_ANYTOOL_1MMDEEP_LABELS_S
100
AcDbVertex
100
AcDb2dVertex
 10
30.29213169642891
 20
63.49235491071624
 30
0.0
  0
VERTEX
  5
E4
330
68
100
AcDbEntity
  8
1_ANYTOOL_1MMDEEP_LABELS_S
100
AcDbVertex
100
AcDb2dVertex
 10
30.34691685267893
 20
63.15456194196625
 30
0.0
  0
VERTEX
  5
E5
330
68
100
AcDbEntity
  8
1_ANYTOOL_1MMDEEP_LABELS_S
100
AcDbVertex
100
AcDb2dVertex
 10
30.39174107142895
 20
62.81049107143053
 30
0.0
  0
VERTEX
  5
E6
330
68
100
AcDbEntity
  8
1_ANYTOOL_1MMDEEP_LABELS_S
100
AcDbVertex
100
AcDb2dVertex
 10
30.42660435267897
 20
62.46014229910909
 30
0.0
  0
VERTEX
  5
E7
330
68
100
AcDbEntity
  8
1_ANYTOOL_1MMDEEP_LABELS_S
100
AcDbVertex
100
AcDb2dVertex
 10
30.45150669642898
 20
62.10351562500193
 30
0.0
  0
VERTEX
  5
E8
330
68
100
AcDbEntity
  8
1_ANYTOOL_1MMDEEP_LABELS_S
100
AcDbVertex
100
AcDb2dVertex
 10
30.46644810267899
 20
61.74061104910905
 30
0.0
  0
VERTEX
  5
E9
330
68
100
AcDbEntity
  8
1_ANYTOOL_1MMDEEP_LABELS_S
100
AcDbVertex
100
AcDb2dVertex
 10
30.47142857142899
 20
61.37142857143044
 30
0.0
  0
VERTEX
  5
EA
330
68
100
AcDbEntity
  8
1_ANYTOOL_1MMDEEP_LABELS_S
100
AcDbVertex
100
AcDb2dVertex
 10
30.46636439732184
 20
60.98902064732301
 30
0.0
  0
VERTEX
  5
EB
330
68
100
AcDbEntity
  8
1_ANYTOOL_1MMDEEP_LABELS_S
100
AcDbVertex
100
AcDb2dVertex
 10
30.45117187500041
 20
60.61322544642988
 30
0.0
  0
VERTEX
  5
EC
330
68
100
AcDbEntity
  8
1_ANYTOOL_1MMDEEP_LABELS_S
100
AcDbVertex
100
AcDb2dVertex
 10
30.42585100446469
 20
60.24404296875105
 30
0.0
  0
VERTEX
  5
ED
330
68
100
AcDbEntity
  8
1_ANYTOOL_1MMDEEP_LABELS_S
100
AcDbVertex
100
AcDb2dVertex
 10
30.39040178571469
 20
59.88147321428653
 30
0.0
  0
VERTEX
  5
EE
330
68
100
AcDbEntity
  8
1_ANYTOOL_1MMDEEP_LABELS_S
100
AcDbVertex
100
AcDb2dVertex
 10
30.34482421875039
 20
59.52551618303631
 30
0.0
  0
VERTEX
  5
EF
330
68
100
AcDbEntity
  8
1_ANYTOOL_1MMDEEP_LABELS_S
100
AcDbVertex
100
AcDb2dVertex
 10
30.28911830357181
 20
59.17617187500039
 30
0.0
  0
VERTEX
  5
F0
330
68
100
AcDbEntity
  8
1_ANYTOOL_1MMDEEP_LABELS_S
100
AcDbVertex
100
AcDb2dVertex
 10
30.22328404017894
 20
58.83344029017878
 30
0.0
  0
VERTEX
  5
F1
330
68
100
AcDbEntity
  8
1_ANYTOOL_1MMDEEP_LABELS_S
100
AcDbVertex
100
AcDb2dVertex
 10
30.14732142857179
 20
58.49732142857147
 30
0.0
  0
VERTEX
  5
F2
330
68
100
AcDbEntity
  8
1_ANYTOOL_1MMDEEP_LABELS_S
100
AcDbVertex
100
AcDb2dVertex
 10
30.06123046875034
 20
58.16781529017846
 30
0.0
  0
VERTEX
  5
F3
330
68
100
AcDbEntity
  8
1_ANYTOOL_1MMDEEP_LABELS_S
100
AcDbVertex
100
AcDb2dVertex
 10
29.96501116071461
 20
57.84492187499976
 30
0.0
  0
VERTEX
  5
F4
330
68
100
AcDbEntity
  8
1_ANYTOOL_1MMDEEP_LABELS_S
100
AcDbVertex
100
AcDb2dVertex
 10
29.91310337611639
 20
57.68595493861577
 30
0.0
  0
VERTEX
  5
F5
330
68
100
AcDbEntity
  8
1_ANYTOOL_1MMDEEP_LABELS_S
100
AcDbVertex
100
AcDb2dVertex
 10
29.85866350446459
 20
57.52864118303535
 30
0.0
  0
VERTEX
  5
F6
330
68
100
AcDbEntity
  8
1_ANYTOOL_1MMDEEP_LABELS_S
100
AcDbVertex
100
AcDb2dVertex
 10
29.80169154575922
 20
57.37298060825852
 30
0.0
  0
VERTEX
  5
F7
330
68
100
AcDbEntity
  8
1_ANYTOOL_1MMDEEP_LABELS_S
100
AcDbVertex
100
AcDb2dVertex
 10
29.74218750000028
 20
57.21897321428526
 30
0.0
  0
VERTEX
  5
F8
330
68
100
AcDbEntity
  8
1_ANYTOOL_1MMDEEP_LABELS_S
100
AcDbVertex
100
AcDb2dVertex
 10
29.68015136718777
 20
57.06661900111557
 30
0.0
  0
VERTEX
  5
F9
330
68
100
AcDbEntity
  8
1_ANYTOOL_1MMDEEP_LABELS_S
100
AcDbVertex
100
AcDb2dVertex
 10
29.61558314732169
 20
56.91591796874946
 30
0.0
  0
VERTEX
  5
FA
330
68
100
AcDbEntity
  8
1_ANYTOOL_1MMDEEP_LABELS_S
100
AcDbVertex
100
AcDb2dVertex
 10
29.54848284040204
 20
56.76687011718693
 30
0.0
  0
VERTEX
  5
FB
330
68
100
AcDbEntity
  8
1_ANYTOOL_1MMDEEP_LABELS_S
100
AcDbVertex
100
AcDb2dVertex
 10
29.47885044642881
 20
56.61947544642797
 30
0.0
  0
VERTEX
  5
FC
330
68
100
AcDbEntity
  8
1_ANYTOOL_1MMDEEP_LABELS_S
100
AcDbVertex
100
AcDb2dVertex
 10
29.40668596540201
 20
56.47373395647259
 30
0.0
  0
VERTEX
  5
FD
330
68
100
AcDbEntity
  8
1_ANYTOOL_1MMDEEP_LABELS_S
100
AcDbVertex
100
AcDb2dVertex
 10
29.33198939732164
 20
56.32964564732078
 30
0.0
  0
VERTEX
  5
FE
330
68
100
AcDbEntity
  8
1_ANYTOOL_1MMDEEP_LABELS_S
100
AcDbVertex
100
AcDb2dVertex
 10
29.2547607421877
 20
56.18721051897255
 30
0.0
  0
VERTEX
  5
FF
330
68
100
AcDbEntity
  8
1_ANYTOOL_1MMDEEP_LABELS_S
100
AcDbVertex
100
AcDb2dVertex
 10
29.17500000000018
 20
56.0464285714279
 30
0.0
  0
VERTEX
  5
100
330
68
100
AcDbEntity
  8
1_ANYTOOL_1MMDEEP_LABELS_S
100
AcDbVertex
100
AcDb2dVertex
 10
29.09270717075909
 20
55.90729980468682
 30
0.0
  0
VERTEX
  5
101
330
68
100
AcDbEntity
  8
1_ANYTOOL_1MMDEEP_LABELS_S
100
AcDbVertex
100
AcDb2dVertex
 10
29.00788225446444
 20
55.76982421874931
 30
0.0
  0
VERTEX
  5
102
330
68
100
AcDbEntity
  8
1_ANYTOOL_1MMDEEP_LABELS_S
100
AcDbVertex
100
AcDb2dVertex
 10
28.92052525111621
 20
55.63400181361538
 30
0.0
  0
VERTEX
  5
103
330
68
100
AcDbEntity
  8
1_ANYTOOL_1MMDEEP_LABELS_S
100
AcDbVertex
100
AcDb2dVertex
 10
28.83063616071441
 20
55.49983258928503
 30
0.0
  0
VERTEX
  5
104
330
68
100
AcDbEntity
  8
1_ANYTOOL_1MMDEEP_LABELS_S
100
AcDbVertex
100
AcDb2dVertex
 10
28.73821498325903
 20
55.36731654575826
 30
0.0
  0
VERTEX
  5
105
330
68
100
AcDbEntity
  8
1_ANYTOOL_1MMDEEP_LABELS_S
100
AcDbVertex
100
AcDb2dVertex
 10
28.64326171875009
 20
55.23645368303506
 30
0.0
  0
VERTEX
  5
106
330
68
100
AcDbEntity
  8
1_ANYTOOL_1MMDEEP_LABELS_S
100
AcDbVertex
100
AcDb2dVertex
 10
28.54577636718757
 20
55.10724400111543
 30
0.0
  0
VERTEX
  5
107
330
68
100
AcDbEntity
  8
1_ANYTOOL_1MMDEEP_LABELS_S
100
AcDbVertex
100
AcDb2dVertex
 10
28.44575892857148
 20
54.97968749999939
 30
0.0
  0
VERTEX
  5
108
330
68
100
AcDbEntity
  8
1_ANYTOOL_1MMDEEP_LABELS_S
100
AcDbVertex
100
AcDb2dVertex
 10
28.34320940290182
 20
54.85378417968691
 30
0.0
  0
VERTEX
  5
109
330
68
100
AcDbEntity
  8
1_ANYTOOL_1MMDEEP_LABELS_S
100
AcDbVertex
100
AcDb2dVertex
 10
28.23812779017858
 20
54.72953404017802
 30
0.0
  0
VERTEX
  5
10A
330
68
100
AcDbEntity
  8
1_ANYTOOL_1MMDEEP_LABELS_S
100
AcDbVertex
100
AcDb2dVertex
 10
28.13051409040178
 20
54.60693708147269
 30
0.0
  0
VERTEX
  5
10B
330
68
100
AcDbEntity
  8
1_ANYTOOL_1MMDEEP_LABELS_S
100
AcDbVertex
100
AcDb2dVertex
 10
28.0203683035714
 20
54.48599330357095
 30
0.0
  0
VERTEX
  5
10C
330
68
100
AcDbEntity
  8
1_ANYTOOL_1MMDEEP_LABELS_S
100
AcDbVertex
100
AcDb2dVertex
 10
27.90769042968746
 20
54.36670270647278
 30
0.0
  0
VERTEX
  5
10D
330
68
100
AcDbEntity
  8
1_ANYTOOL_1MMDEEP_LABELS_S
100
AcDbVertex
100
AcDb2dVertex
 10
27.79248046874993
 20
54.24906529017819
 30
0.0
  0
VERTEX
  5
10E
330
68
100
AcDbEntity
  8
1_ANYTOOL_1MMDEEP_LABELS_S
100
AcDbVertex
100
AcDb2dVertex
 10
27.67473842075884
 20
54.13308105468717
 30
0.0
  0
VERTEX
  5
10F
330
68
100
AcDbEntity
  8
1_ANYTOOL_1MMDEEP_LABELS_S
100
AcDbVertex
100
AcDb2dVertex
 10
27.55446428571418
 20
54.01874999999973
 30
0.0
  0
VERTEX
  5
110
330
68
100
AcDbEntity
  8
1_ANYTOOL_1MMDEEP_LABELS_S
100
AcDbVertex
100
AcDb2dVertex
 10
27.43165806361594
 20
53.90607212611586
 30
0.0
  0
VERTEX
  5
111
330
68
100
AcDbEntity
  8
1_ANYTOOL_1MMDEEP_LABELS_S
100
AcDbVertex
100
AcDb2dVertex
 10
27.30631975446413
 20
53.79504743303557
 30
0.0
  0
VERTEX
  5
112
330
68
100
AcDbEntity
  8
1_ANYTOOL_1MMDEEP_LABELS_S
100
AcDbVertex
100
AcDb2dVertex
 10
27.0480468749998
 20
53.57795758928572
 30
0.0
  0
VERTEX
  5
113
330
68
100
AcDbEntity
  8
1_ANYTOOL_1MMDEEP_LABELS_S
100
AcDbVertex
100
AcDb2dVertex
 10
26.77964564732118
 20
53.36748046875017
 30
0.0
  0
VERTEX
  5
114
330
68
100
AcDbEntity
  8
1_ANYTOOL_1MMDEEP_LABELS_S
100
AcDbVertex
100
AcDb2dVertex
 10
26.50111607142827
 20
53.16361607142892
 30
0.0
  0
VERTEX
  5
115
330
68
100
AcDbEntity
  8
1_ANYTOOL_1MMDEEP_LABELS_S
100
AcDbVertex
100
AcDb2dVertex
 10
26.21245814732108
 20
52.96636439732197
 30
0.0
  0
VERTEX
  5
116
330
68
100
AcDbEntity
  8
1_ANYTOOL_1MMDEEP_LABELS_S
100
AcDbVertex
100
AcDb2dVertex
 10
25.91367187499959
 20
52.77572544642933
 30
0.0
  0
VERTEX
  5
117
330
68
100
AcDbEntity
  8
1_ANYTOOL_1MMDEEP_LABELS_S
100
AcDbVertex
100
AcDb2dVertex
 10
25.60475725446382
 20
52.591699218751
 30
0.0
  0
VERTEX
  5
118
330
68
100
AcDbEntity
  8
1_ANYTOOL_1MMDEEP_LABELS_S
100
AcDbVertex
100
AcDb2dVertex
 10
25.28571428571377
 20
52.41428571428696
 30
0.0
  0
VERTEX
  5
119
330
68
100
AcDbEntity
  8
1_ANYTOOL_1MMDEEP_LABELS_S
100
AcDbVertex
100
AcDb2dVertex
 10
24.63733258928508
 20
52.08214285714365
 30
0.0
  0
VERTEX
  5
11A
330
68
100
AcDbEntity
  8
1_ANYTOOL_1MMDEEP_LABELS_S
100
AcDbVertex
100
AcDb2dVertex
 10
23.98861607142783
 20
51.77142857142894
 30
0.0
  0
VERTEX
  5
11B
330
68
100
AcDbEntity
  8
1_ANYTOOL_1MMDEEP_LABELS_S
100
AcDbVertex
100
AcDb2dVertex
 10
23.33956473214201
 20
51.48214285714283
 30
0.0
  0
VERTEX
  5
11C
330
68
100
AcDbEntity
  8
1_ANYTOOL_1MMDEEP_LABELS_S
100
AcDbVertex
100
AcDb2dVertex
 10
22.69017857142762
 20
51.21428571428532
 30
0.0
  0
VERTEX
  5
11D
330
68
100
AcDbEntity
  8
1_ANYTOOL_1MMDEEP_LABELS_S
100
AcDbVertex
100
AcDb2dVertex
 10
22.04045758928467
 20
50.96785714285642
 30
0.0
  0
VERTEX
  5
11E
330
68
100
AcDbEntity
  8
1_ANYTOOL_1MMDEEP_LABELS_S
100
AcDbVertex
100
AcDb2dVertex
 10
21.39040178571315
 20
50.74285714285611
 30
0.0
  0
VERTEX
  5
11F
330
68
100
AcDbEntity
  8
1_ANYTOOL_1MMDEEP_LABELS_S
100
AcDbVertex
100
AcDb2dVertex
 10
20.74001116071307
 20
50.5392857142844
 30
0.0
  0
VERTEX
  5
120
330
68
100
AcDbEntity
  8
1_ANYTOOL_1MMDEEP_LABELS_S
100
AcDbVertex
100
AcDb2dVertex
 10
20.08928571428442
 20
50.3571428571413
 30
0.0
  0
VERTEX
  5
121
330
68
100
AcDbEntity
  8
1_ANYTOOL_1MMDEEP_LABELS_S
100
AcDbVertex
100
AcDb2dVertex
 10
19.4382254464272
 20
50.19642857142679
 30
0.0
  0
VERTEX
  5
122
330
68
100
AcDbEntity
  8
1_ANYTOOL_1MMDEEP_LABELS_S
100
AcDbVertex
100
AcDb2dVertex
 10
18.78683035714141
 20
50.05714285714089
 30
0.0
  0
VERTEX
  5
123
330
68
100
AcDbEntity
  8
1_ANYTOOL_1MMDEEP_LABELS_S
100
AcDbVertex
100
AcDb2dVertex
 10
18.13510044642706
 20
49.93928571428359
 30
0.0
  0
VERTEX
  5
124
330
68
100
AcDbEntity
  8
1_ANYTOOL_1MMDEEP_LABELS_S
100
AcDbVertex
100
AcDb2dVertex
 10
17.48303571428414
 20
49.84285714285488
 30
0.0
  0
VERTEX
  5
125
330
68
100
AcDbEntity
  8
1_ANYTOOL_1MMDEEP_LABELS_S
100
AcDbVertex
100
AcDb2dVertex
 10
16.83063616071266
 20
49.76785714285478
 30
0.0
  0
VERTEX
  5
126
330
68
100
AcDbEntity
  8
1_ANYTOOL_1MMDEEP_LABELS_S
100
AcDbVertex
100
AcDb2dVertex
 10
16.17790178571261
 20
49.71428571428328
 30
0.0
  0
VERTEX
  5
127
330
68
100
AcDbEntity
  8
1_ANYTOOL_1MMDEEP_LABELS_S
100
AcDbVertex
100
AcDb2dVertex
 10
15.52483258928399
 20
49.68214285714038
 30
0.0
  0
VERTEX
  5
128
330
68
100
AcDbEntity
  8
1_ANYTOOL_1MMDEEP_LABELS_S
100
AcDbVertex
100
AcDb2dVertex
 10
14.8714285714268
 20
49.67142857142608
 30
0.0
  0
VERTEX
  5
129
330
68
100
AcDbEntity
  8
1_ANYTOOL_1MMDEEP_LABELS_S
100
AcDbVertex
100
AcDb2dVertex
 10
14.1780133928555
 20
49.68264508928323
 30
0.0
  0
VERTEX
  5
12A
330
68
100
AcDbEntity
  8
1_ANYTOOL_1MMDEEP_LABELS_S
100
AcDbVertex
100
AcDb2dVertex
 10
13.49062499999849
 20
49.71629464285468
 30
0.0
  0
VERTEX
  5
12B
330
68
100
AcDbEntity
  8
1_ANYTOOL_1MMDEEP_LABELS_S
100
AcDbVertex
100
AcDb2dVertex
 10
12.80926339285575
 20
49.77237723214043
 30
0.0
  0
VERTEX
  5
12C
330
68
100
AcDbEntity
  8
1_ANYTOOL_1MMDEEP_LABELS_S
100
AcDbVertex
100
AcDb2dVertex
 10
12.1339285714273
 20
49.85089285714048
 30
0.0
  0
VERTEX
  5
12D
330
68
100
AcDbEntity
  8
1_ANYTOOL_1MMDEEP_LABELS_S
100
AcDbVertex
100
AcDb2dVertex
 10
11.46462053571314
 20
49.95184151785483
 30
0.0
  0
VERTEX
  5
12E
330
68
100
AcDbEntity
  8
1_ANYTOOL_1MMDEEP_LABELS_S
100
AcDbVertex
100
AcDb2dVertex
 10
10.80133928571325
 20
50.07522321428348
 30
0.0
  0
VERTEX
  5
12F
330
68
100
AcDbEntity
  8
1_ANYTOOL_1MMDEEP_LABELS_S
100
AcDbVertex
100
AcDb2dVertex
 10
10.14408482142765
 20
50.22103794642643
 30
0.0
  0
VERTEX
  5
130
330
68
100
AcDbEntity
  8
1_ANYTOOL_1MMDEEP_LABELS_S
100
AcDbVertex
100
AcDb2dVertex
 10
9.492857142856337
 20
50.38928571428369
 30
0.0
  0
VERTEX
  5
131
330
68
100
AcDbEntity
  8
1_ANYTOOL_1MMDEEP_LABELS_S
100
AcDbVertex
100
AcDb2dVertex
 10
8.847656249999304
 20
50.57996651785524
 30
0.0
  0
VERTEX
  5
132
330
68
100
AcDbEntity
  8
1_ANYTOOL_1MMDEEP_LABELS_S
100
AcDbVertex
100
AcDb2dVertex
 10
8.208482142856553
 20
50.79308035714109
 30
0.0
  0
VERTEX
  5
133
330
68
100
AcDbEntity
  8
1_ANYTOOL_1MMDEEP_LABELS_S
100
AcDbVertex
100
AcDb2dVertex
 10
7.575334821428086
 20
51.02862723214125
 30
0.0
  0
VERTEX
  5
134
330
68
100
AcDbEntity
  8
1_ANYTOOL_1MMDEEP_LABELS_S
100
AcDbVertex
100
AcDb2dVertex
 10
6.948214285713902
 20
51.2866071428557
 30
0.0
  0
VERTEX
  5
135
330
68
100
AcDbEntity
  8
1_ANYTOOL_1MMDEEP_LABELS_S
100
AcDbVertex
100
AcDb2dVertex
 10
6.327120535714002
 20
51.56702008928445
 30
0.0
  0
VERTEX
  5
136
330
68
100
AcDbEntity
  8
1_ANYTOOL_1MMDEEP_LABELS_S
100
AcDbVertex
100
AcDb2dVertex
 10
5.712053571428385
 20
51.86986607142751
 30
0.0
  0
VERTEX
  5
137
330
68
100
AcDbEntity
  8
1_ANYTOOL_1MMDEEP_LABELS_S
100
AcDbVertex
100
AcDb2dVertex
 10
5.103013392857051
 20
52.19514508928486
 30
0.0
  0
VERTEX
  5
138
330
68
100
AcDbEntity
  8
1_ANYTOOL_1MMDEEP_LABELS_S
100
AcDbVertex
100
AcDb2dVertex
 10
4.5
 20
52.54285714285652
 30
0.0
  0
VERTEX
  5
139
330
68
100
AcDbEntity
  8
1_ANYTOOL_1MMDEEP_LABELS_S
100
AcDbVertex
100
AcDb2dVertex
 10
4.202050781250083
 20
52.72826450892802
 30
0.0
  0
VERTEX
  5
13A
330
68
100
AcDbEntity
  8
1_ANYTOOL_1MMDEEP_LABELS_S
100
AcDbVertex
100
AcDb2dVertex
 10
3.913560267857306
 20
52.92020089285666
 30
0.0
  0
VERTEX
  5
13B
330
68
100
AcDbEntity
  8
1_ANYTOOL_1MMDEEP_LABELS_S
100
AcDbVertex
100
AcDb2dVertex
 10
3.63452845982167
 20
53.11866629464242
 30
0.0
  0
VERTEX
  5
13C
330
68
100
AcDbEntity
  8
1_ANYTOOL_1MMDEEP_LABELS_S
100
AcDbVertex
100
AcDb2dVertex
 10
3.364955357143174
 20
53.32366071428532
 30
0.0
  0
VERTEX
  5
13D
330
68
100
AcDbEntity
  8
1_ANYTOOL_1MMDEEP_LABELS_S
100
AcDbVertex
100
AcDb2dVertex
 10
3.104840959821818
 20
53.53518415178536
 30
0.0
  0
VERTEX
  5
13E
330
68
100
AcDbEntity
  8
1_ANYTOOL_1MMDEEP_LABELS_S
100
AcDbVertex
100
AcDb2dVertex
 10
2.854185267857602
 20
53.75323660714253
 30
0.0
  0
VERTEX
  5
13F
330
68
100
AcDbEntity
  8
1_ANYTOOL_1MMDEEP_LABELS_S
100
AcDbVertex
100
AcDb2dVertex
 10
2.612988281250527
 20
53.97781808035683
 30
0.0
  0
VERTEX
  5
140
330
68
100
AcDbEntity
  8
1_ANYTOOL_1MMDEEP_LABELS_S
100
AcDbVertex
100
AcDb2dVertex
 10
2.381250000000591
 20
54.20892857142826
 30
0.0
  0
VERTEX
  5
141
330
68
100
AcDbEntity
  8
1_ANYTOOL_1MMDEEP_LABELS_S
100
AcDbVertex
100
AcDb2dVertex
 10
2.268927873884551
 20
54.3269321986604
 30
0.0
  0
VERTEX
  5
142
330
68
100
AcDbEntity
  8
1_ANYTOOL_1MMDEEP_LABELS_S
100
AcDbVertex
100
AcDb2dVertex
 10
2.158970424107796
 20
54.44656808035683
 30
0.0
  0
VERTEX
  5
143
330
68
100
AcDbEntity
  8
1_ANYTOOL_1MMDEEP_LABELS_S
100
AcDbVertex
100
AcDb2dVertex
 10
2.051377650670326
 20
54.56783621651753
 30
0.0
  0
VERTEX
  5
144
330
68
100
AcDbEntity
  8
1_ANYTOOL_1MMDEEP_LABELS_S
100
AcDbVertex
100
AcDb2dVertex
 10
1.946149553572141
 20
54.69073660714253
 30
0.0
  0
VERTEX
  5
145
330
68
100
AcDbEntity
  8
1_ANYTOOL_1MMDEEP_LABELS_S
100
AcDbVertex
100
AcDb2dVertex
 10
1.843286132813241
 20
54.8152692522318
 30
0.0
  0
VERTEX
  5
146
330
68
100
AcDbEntity
  8
1_ANYTOOL_1MMDEEP_LABELS_S
100
AcDbVertex
100
AcDb2dVertex
 10
1.742787388393626
 20
54.94143415178536
 30
0.0
  0
VERTEX
  5
147
330
68
100
AcDbEntity
  8
1_ANYTOOL_1MMDEEP_LABELS_S
100
AcDbVertex
100
AcDb2dVertex
 10
1.644653320313297
 20
55.0692313058032
 30
0.0
  0
VERTEX
  5
148
330
68
100
AcDbEntity
  8
1_ANYTOOL_1MMDEEP_LABELS_S
100
AcDbVertex
100
AcDb2dVertex
 10
1.548883928572252
 20
55.19866071428532
 30
0.0
  0
VERTEX
  5
149
330
68
100
AcDbEntity
  8
1_ANYTOOL_1MMDEEP_LABELS_S
100
AcDbVertex
100
AcDb2dVertex
 10
1.455479213170492
 20
55.32972237723173
 30
0.0
  0
VERTEX
  5
14A
330
68
100
AcDbEntity
  8
1_ANYTOOL_1MMDEEP_LABELS_S
100
AcDbVertex
100
AcDb2dVertex
 10
1.364439174108018
 20
55.46241629464242
 30
0.0
  0
VERTEX
  5
14B
330
68
100
AcDbEntity
  8
1_ANYTOOL_1MMDEEP_LABELS_S
100
AcDbVertex
100
AcDb2dVertex
 10
1.275763811384828
 20
55.5967424665174
 30
0.0
  0
VERTEX
  5
14C
330
68
100
AcDbEntity
  8
1_ANYTOOL_1MMDEEP_LABELS_S
100
AcDbVertex
100
AcDb2dVertex
 10
1.189453125000924
 20
55.73270089285666
 30
0.0
  0
VERTEX
  5
14D
330
68
100
AcDbEntity
  8
1_ANYTOOL_1MMDEEP_LABELS_S
100
AcDbVertex
100
AcDb2dVertex
 10
1.105507114956304
 20
55.8702915736602
 30
0.0
  0
VERTEX
  5
14E
330
68
100
AcDbEntity
  8
1_ANYTOOL_1MMDEEP_LABELS_S
100
AcDbVertex
100
AcDb2dVertex
 10
1.02392578125097
 20
56.00951450892802
 30
0.0
  0
VERTEX
  5
14F
330
68
100
AcDbEntity
  8
1_ANYTOOL_1MMDEEP_LABELS_S
100
AcDbVertex
100
AcDb2dVertex
 10
0.9447091238849206
 20
56.15036969866013
 30
0.0
  0
VERTEX
  5
150
330
68
100
AcDbEntity
  8
1_ANYTOOL_1MMDEEP_LABELS_S
100
AcDbVertex
100
AcDb2dVertex
 10
0.8678571428581563
 20
56.29285714285652
 30
0.0
  0
VERTEX
  5
151
330
68
100
AcDbEntity
  8
1_ANYTOOL_1MMDEEP_LABELS_S
100
AcDbVertex
100
AcDb2dVertex
 10
0.7933698381706771
 20
56.43697684151719
 30
0.0
  0
VERTEX
  5
152
330
68
100
AcDbEntity
  8
1_ANYTOOL_1MMDEEP_LABELS_S
100
AcDbVertex
100
AcDb2dVertex
 10
0.7212472098224829
 20
56.58272879464215
 30
0.0
  0
VERTEX
  5
153
330
68
100
AcDbEntity
  8
1_ANYTOOL_1MMDEEP_LABELS_S
100
AcDbVertex
100
AcDb2dVertex
 10
0.5840959821439498
 20
56.87912946428492
 30
0.0
  0
VERTEX
  5
154
330
68
100
AcDbEntity
  8
1_ANYTOOL_1MMDEEP_LABELS_S
100
AcDbVertex
100
AcDb2dVertex
 10
0.4564034598225568
 20
57.18205915178481
 30
0.0
  0
VERTEX
  5
155
330
68
100
AcDbEntity
  8
1_ANYTOOL_1MMDEEP_LABELS_S
100
AcDbVertex
100
AcDb2dVertex
 10
0.3381696428583041
 20
57.49151785714184
 30
0.0
  0
VERTEX
  5
156
330
68
100
AcDbEntity
  8
1_ANYTOOL_1MMDEEP_LABELS_S
100
AcDbVertex
100
AcDb2dVertex
 10
0.2293945312511916
 20
57.80750558035601
 30
0.0
  0
VERTEX
  5
157
330
68
100
AcDbEntity
  8
1_ANYTOOL_1MMDEEP_LABELS_S
100
AcDbVertex
100
AcDb2dVertex
 10
0.1300781250012193
 20
58.1300223214273
 30
0.0
  0
VERTEX
  5
158
330
68
100
AcDbEntity
  8
1_ANYTOOL_1MMDEEP_LABELS_S
100
AcDbVertex
100
AcDb2dVertex
 10
0.0402204241083872
 20
58.45906808035573
 30
0.0
  0
VERTEX
  5
159
330
68
100
AcDbEntity
  8
1_ANYTOOL_1MMDEEP_LABELS_S
100
AcDbVertex
100
AcDb2dVertex
 10
-0.0401785714273046
 20
58.7946428571413
 30
0.0
  0
VERTEX
  5
15A
330
68
100
AcDbEntity
  8
1_ANYTOOL_1MMDEEP_LABELS_S
100
AcDbVertex
100
AcDb2dVertex
 10
-0.1111188616058563
 20
59.13674665178399
 30
0.0
  0
VERTEX
  5
15B
330
68
100
AcDbEntity
  8
1_ANYTOOL_1MMDEEP_LABELS_S
100
AcDbVertex
100
AcDb2dVertex
 10
-0.1726004464272677
 20
59.48537946428382
 30
0.0
  0
VERTEX
  5
15C
330
68
100
AcDbEntity
  8
1_ANYTOOL_1MMDEEP_LABELS_S
100
AcDbVertex
100
AcDb2dVertex
 10
-0.2246233258915389
 20
59.84054129464079
 30
0.0
  0
VERTEX
  5
15D
330
68
100
AcDbEntity
  8
1_ANYTOOL_1MMDEEP_LABELS_S
100
AcDbVertex
100
AcDb2dVertex
 10
-0.2671874999986699
 20
60.20223214285488
 30
0.0
  0
VERTEX
  5
15E
330
68
100
AcDbEntity
  8
1_ANYTOOL_1MMDEEP_LABELS_S
100
AcDbVertex
100
AcDb2dVertex
 10
-0.3002929687486606
 20
60.57045200892611
 30
0.0
  0
VERTEX
  5
15F
330
68
100
AcDbEntity
  8
1_ANYTOOL_1MMDEEP_LABELS_S
100
AcDbVertex
100
AcDb2dVertex
 10
-0.3239397321415112
 20
60.94520089285447
 30
0.0
  0
VERTEX
  5
160
330
68
100
AcDbEntity
  8
1_ANYTOOL_1MMDEEP_LABELS_S
100
AcDbVertex
100
AcDb2dVertex
 10
-0.3381277901772215
 20
61.32647879463997
 30
0.0
  0
SEQEND
  5
161
330
68
100
AcDbEntity
  8
1_ANYTOOL_1MMDEEP_LABELS_S
  0
LINE
  5
162
330
1F
100
AcDbEntity
  8
1_ANYTOOL_1MMDEEP_LABELS_S
100
AcDbLine
 10
16.11428571428405
 20
85.67142857142608
 30
0.0
 11
16.20000000000073
 21
76.88571428571595
 31
0.0
  0
POLYLINE
  5
163
330
1F
100
AcDbEntity
  8
1_ANYTOOL_1MMDEEP_LABELS_S
100
AcDb2dPolyline
 66
     1
 10
0.0
 20
0.0
 30
0.0
  0
VERTEX
  5
164
330
163
100
AcDbEntity
  8
1_ANYTOOL_1MMDEEP_LABELS_S
100
AcDbVertex
100
AcDb2dVertex
 10
4.585714285713038
 20
107.914285714287
 30
0.0
  0
VERTEX
  5
165
330
163
100
AcDbEntity
  8
1_ANYTOOL_1MMDEEP_LABELS_S
100
AcDbVertex
100
AcDb2dVertex
 10
4.397586495534505
 20
107.911063058037
 30
0.0
  0
VERTEX
  5
166
330
163
100
AcDbEntity
  8
1_ANYTOOL_1MMDEEP_LABELS_S
100
AcDbVertex
100
AcDb2dVertex
 10
4.305060686382737
 20
107.9070347377244
 30
0.0
  0
VERTEX
  5
167
330
163
100
AcDbEntity
  8
1_ANYTOOL_1MMDEEP_LABELS_S
100
AcDbVertex
100
AcDb2dVertex
 10
4.213560267855968
 20
107.901395089287
 30
0.0
  0
VERTEX
  5
168
330
163
100
AcDbEntity
  8
1_ANYTOOL_1MMDEEP_LABELS_S
100
AcDbVertex
100
AcDb2dVertex
 10
4.123085239954198
 20
107.8941441127244
 30
0.0
  0
VERTEX
  5
169
330
163
100
AcDbEntity
  8
1_ANYTOOL_1MMDEEP_LABELS_S
100
AcDbVertex
100
AcDb2dVertex
 10
4.033635602677428
 20
107.8852818080369
 30
0.0
  0
VERTEX
  5
16A
330
163
100
AcDbEntity
  8
1_ANYTOOL_1MMDEEP_LABELS_S
100
AcDbVertex
100
AcDb2dVertex
 10
3.945211356025657
 20
107.8748081752244
 30
0.0
  0
VERTEX
  5
16B
330
163
100
AcDbEntity
  8
1_ANYTOOL_1MMDEEP_LABELS_S
100
AcDbVertex
100
AcDb2dVertex
 10
3.857812499998886
 20
107.8627232142869
 30
0.0
  0
VERTEX
  5
16C
330
163
100
AcDbEntity
  8
1_ANYTOOL_1MMDEEP_LABELS_S
100
AcDbVertex
100
AcDb2dVertex
 10
3.771439034597114
 20
107.8490269252244
 30
0.0
  0
VERTEX
  5
16D
330
163
100
AcDbEntity
  8
1_ANYTOOL_1MMDEEP_LABELS_S
100
AcDbVertex
100
AcDb2dVertex
 10
3.686090959820341
 20
107.8337193080369
 30
0.0
  0
VERTEX
  5
16E
330
163
100
AcDbEntity
  8
1_ANYTOOL_1MMDEEP_LABELS_S
100
AcDbVertex
100
AcDb2dVertex
 10
3.601768275668567
 20
107.8168003627244
 30
0.0
  0
VERTEX
  5
16F
330
163
100
AcDbEntity
  8
1_ANYTOOL_1MMDEEP_LABELS_S
100
AcDbVertex
100
AcDb2dVertex
 10
3.518470982141793
 20
107.7982700892869
 30
0.0
  0
VERTEX
  5
170
330
163
100
AcDbEntity
  8
1_ANYTOOL_1MMDEEP_LABELS_S
100
AcDbVertex
100
AcDb2dVertex
 10
3.436199079240017
 20
107.7781284877243
 30
0.0
  0
VERTEX
  5
171
330
163
100
AcDbEntity
  8
1_ANYTOOL_1MMDEEP_LABELS_S
100
AcDbVertex
100
AcDb2dVertex
 10
3.354952566963242
 20
107.7563755580368
 30
0.0
  0
VERTEX
  5
172
330
163
100
AcDbEntity
  8
1_ANYTOOL_1MMDEEP_LABELS_S
100
AcDbVertex
100
AcDb2dVertex
 10
3.274731445311465
 20
107.7330113002243
 30
0.0
  0
VERTEX
  5
173
330
163
100
AcDbEntity
  8
1_ANYTOOL_1MMDEEP_LABELS_S
100
AcDbVertex
100
AcDb2dVertex
 10
3.195535714284688
 20
107.7080357142868
 30
0.0
  0
VERTEX
  5
174
330
163
100
AcDbEntity
  8
1_ANYTOOL_1MMDEEP_LABELS_S
100
AcDbVertex
100
AcDb2dVertex
 10
3.11736537388291
 20
107.6814488002243
 30
0.0
  0
VERTEX
  5
175
330
163
100
AcDbEntity
  8
1_ANYTOOL_1MMDEEP_LABELS_S
100
AcDbVertex
100
AcDb2dVertex
 10
3.040220424106131
 20
107.6532505580367
 30
0.0
  0
VERTEX
  5
176
330
163
100
AcDbEntity
  8
1_ANYTOOL_1MMDEEP_LABELS_S
100
AcDbVertex
100
AcDb2dVertex
 10
2.964100864954352
 20
107.6234409877242
 30
0.0
  0
VERTEX
  5
177
330
163
100
AcDbEntity
  8
1_ANYTOOL_1MMDEEP_LABELS_S
100
AcDbVertex
100
AcDb2dVertex
 10
2.889006696427572
 20
107.5920200892867
 30
0.0
  0
VERTEX
  5
178
330
163
100
AcDbEntity
  8
1_ANYTOOL_1MMDEEP_LABELS_S
100
AcDbVertex
100
AcDb2dVertex
 10
2.814937918525791
 20
107.5589878627241
 30
0.0
  0
VERTEX
  5
179
330
163
100
AcDbEntity
  8
1_ANYTOOL_1MMDEEP_LABELS_S
100
AcDbVertex
100
AcDb2dVertex
 10
2.74189453124901
 20
107.5243443080366
 30
0.0
  0
VERTEX
  5
17A
330
163
100
AcDbEntity
  8
1_ANYTOOL_1MMDEEP_LABELS_S
100
AcDbVertex
100
AcDb2dVertex
 10
2.669876534597227
 20
107.4880894252241
 30
0.0
  0
VERTEX
  5
17B
330
163
100
AcDbEntity
  8
1_ANYTOOL_1MMDEEP_LABELS_S
100
AcDbVertex
100
AcDb2dVertex
 10
2.598883928570444
 20
107.4502232142866
 30
0.0
  0
VERTEX
  5
17C
330
163
100
AcDbEntity
  8
1_ANYTOOL_1MMDEEP_LABELS_S
100
AcDbVertex
100
AcDb2dVertex
 10
2.528916713168661
 20
107.410745675224
 30
0.0
  0
VERTEX
  5
17D
330
163
100
AcDbEntity
  8
1_ANYTOOL_1MMDEEP_LABELS_S
100
AcDbVertex
100
AcDb2dVertex
 10
2.459974888391876
 20
107.3696568080365
 30
0.0
  0
VERTEX
  5
17E
330
163
100
AcDbEntity
  8
1_ANYTOOL_1MMDEEP_LABELS_S
100
AcDbVertex
100
AcDb2dVertex
 10
2.392058454240091
 20
107.3269566127239
 30
0.0
  0
VERTEX
  5
17F
330
163
100
AcDbEntity
  8
1_ANYTOOL_1MMDEEP_LABELS_S
100
AcDbVertex
100
AcDb2dVertex
 10
2.325167410713306
 20
107.2826450892864
 30
0.0
  0
VERTEX
  5
180
330
163
100
AcDbEntity
  8
1_ANYTOOL_1MMDEEP_LABELS_S
100
AcDbVertex
100
AcDb2dVertex
 10
2.259301757811519
 20
107.2367222377239
 30
0.0
  0
VERTEX
  5
181
330
163
100
AcDbEntity
  8
1_ANYTOOL_1MMDEEP_LABELS_S
100
AcDbVertex
100
AcDb2dVertex
 10
2.194461495534732
 20
107.1891880580363
 30
0.0
  0
VERTEX
  5
182
330
163
100
AcDbEntity
  8
1_ANYTOOL_1MMDEEP_LABELS_S
100
AcDbVertex
100
AcDb2dVertex
 10
2.130646623882944
 20
107.1400425502238
 30
0.0
  0
VERTEX
  5
183
330
163
100
AcDbEntity
  8
1_ANYTOOL_1MMDEEP_LABELS_S
100
AcDbVertex
100
AcDb2dVertex
 10
2.067857142856155
 20
107.0892857142862
 30
0.0
  0
VERTEX
  5
184
330
163
100
AcDbEntity
  8
1_ANYTOOL_1MMDEEP_LABELS_S
100
AcDbVertex
100
AcDb2dVertex
 10
2.006093052454366
 20
107.0369175502237
 30
0.0
  0
VERTEX
  5
185
330
163
100
AcDbEntity
  8
1_ANYTOOL_1MMDEEP_LABELS_S
100
AcDbVertex
100
AcDb2dVertex
 10
1.945354352677576
 20
106.9829380580361
 30
0.0
  0
VERTEX
  5
186
330
163
100
AcDbEntity
  8
1_ANYTOOL_1MMDEEP_LABELS_S
100
AcDbVertex
100
AcDb2dVertex
 10
1.885641043525785
 20
106.9273472377236
 30
0.0
  0
VERTEX
  5
187
330
163
100
AcDbEntity
  8
1_ANYTOOL_1MMDEEP_LABELS_S
100
AcDbVertex
100
AcDb2dVertex
 10
1.826953124998994
 20
106.870145089286
 30
0.0
  0
VERTEX
  5
188
330
163
100
AcDbEntity
  8
1_ANYTOOL_1MMDEEP_LABELS_S
100
AcDbVertex
100
AcDb2dVertex
 10
1.769290597097202
 20
106.8113316127235
 30
0.0
  0
VERTEX
  5
189
330
163
100
AcDbEntity
  8
1_ANYTOOL_1MMDEEP_LABELS_S
100
AcDbVertex
100
AcDb2dVertex
 10
1.712653459820409
 20
106.7509068080359
 30
0.0
  0
VERTEX
  5
18A
330
163
100
AcDbEntity
  8
1_ANYTOOL_1MMDEEP_LABELS_S
100
AcDbVertex
100
AcDb2dVertex
 10
1.657041713168615
 20
106.6888706752234
 30
0.0
  0
VERTEX
  5
18B
330
163
100
AcDbEntity
  8
1_ANYTOOL_1MMDEEP_LABELS_S
100
AcDbVertex
100
AcDb2dVertex
 10
1.602455357141821
 20
106.6252232142858
 30
0.0
  0
VERTEX
  5
18C
330
163
100
AcDbEntity
  8
1_ANYTOOL_1MMDEEP_LABELS_S
100
AcDbVertex
100
AcDb2dVertex
 10
1.548894391740026
 20
106.5599644252233
 30
0.0
  0
VERTEX
  5
18D
330
163
100
AcDbEntity
  8
1_ANYTOOL_1MMDEEP_LABELS_S
100
AcDbVertex
100
AcDb2dVertex
 10
1.49635881696323
 20
106.4930943080357
 30
0.0
  0
VERTEX
  5
18E
330
163
100
AcDbEntity
  8
1_ANYTOOL_1MMDEEP_LABELS_S
100
AcDbVertex
100
AcDb2dVertex
 10
1.444848632811434
 20
106.4246128627231
 30
0.0
  0
VERTEX
  5
18F
330
163
100
AcDbEntity
  8
1_ANYTOOL_1MMDEEP_LABELS_S
100
AcDbVertex
100
AcDb2dVertex
 10
1.394363839284637
 20
106.3545200892856
 30
0.0
  0
VERTEX
  5
190
330
163
100
AcDbEntity
  8
1_ANYTOOL_1MMDEEP_LABELS_S
100
AcDbVertex
100
AcDb2dVertex
 10
1.344904436382839
 20
106.282815987723
 30
0.0
  0
VERTEX
  5
191
330
163
100
AcDbEntity
  8
1_ANYTOOL_1MMDEEP_LABELS_S
100
AcDbVertex
100
AcDb2dVertex
 10
1.29647042410604
 20
106.2095005580355
 30
0.0
  0
VERTEX
  5
192
330
163
100
AcDbEntity
  8
1_ANYTOOL_1MMDEEP_LABELS_S
100
AcDbVertex
100
AcDb2dVertex
 10
1.249061802454241
 20
106.1345738002229
 30
0.0
  0
VERTEX
  5
193
330
163
100
AcDbEntity
  8
1_ANYTOOL_1MMDEEP_LABELS_S
100
AcDbVertex
100
AcDb2dVertex
 10
1.202678571427441
 20
106.0580357142853
 30
0.0
  0
VERTEX
  5
194
330
163
100
AcDbEntity
  8
1_ANYTOOL_1MMDEEP_LABELS_S
100
AcDbVertex
100
AcDb2dVertex
 10
1.15732073102564
 20
105.9798863002228
 30
0.0
  0
VERTEX
  5
195
330
163
100
AcDbEntity
  8
1_ANYTOOL_1MMDEEP_LABELS_S
100
AcDbVertex
100
AcDb2dVertex
 10
1.112988281248839
 20
105.9001255580352
 30
0.0
  0
VERTEX
  5
196
330
163
100
AcDbEntity
  8
1_ANYTOOL_1MMDEEP_LABELS_S
100
AcDbVertex
100
AcDb2dVertex
 10
1.069681222097037
 20
105.8187534877226
 30
0.0
  0
VERTEX
  5
197
330
163
100
AcDbEntity
  8
1_ANYTOOL_1MMDEEP_LABELS_S
100
AcDbVertex
100
AcDb2dVertex
 10
1.027399553570234
 20
105.735770089285
 30
0.0
  0
VERTEX
  5
198
330
163
100
AcDbEntity
  8
1_ANYTOOL_1MMDEEP_LABELS_S
100
AcDbVertex
100
AcDb2dVertex
 10
0.9459123883916263
 20
105.5649693080349
 30
0.0
  0
VERTEX
  5
199
330
163
100
AcDbEntity
  8
1_ANYTOOL_1MMDEEP_LABELS_S
100
AcDbVertex
100
AcDb2dVertex
 10
0.8685267857130157
 20
105.3877232142847
 30
0.0
  0
VERTEX
  5
19A
330
163
100
AcDbEntity
  8
1_ANYTOOL_1MMDEEP_LABELS_S
100
AcDbVertex
100
AcDb2dVertex
 10
0.7952427455344022
 20
105.2040318080346
 30
0.0
  0
VERTEX
  5
19B
330
163
100
AcDbEntity
  8
1_ANYTOOL_1MMDEEP_LABELS_S
100
AcDbVertex
100
AcDb2dVertex
 10
0.7260602678557859
 20
105.0138950892844
 30
0.0
  0
VERTEX
  5
19C
330
163
100
AcDbEntity
  8
1_ANYTOOL_1MMDEEP_LABELS_S
100
AcDbVertex
100
AcDb2dVertex
 10
0.6609793526771668
 20
104.8173130580342
 30
0.0
  0
VERTEX
  5
19D
330
163
100
AcDbEntity
  8
1_ANYTOOL_1MMDEEP_LABELS_S
100
AcDbVertex
100
AcDb2dVertex
 10
0.5999999999985448
 20
104.6142857142841
 30
0.0
  0
VERTEX
  5
19E
330
163
100
AcDbEntity
  8
1_ANYTOOL_1MMDEEP_LABELS_S
100
AcDbVertex
100
AcDb2dVertex
 10
0.3790178571420597
 20
103.8066964285706
 30
0.0
  0
VERTEX
  5
19F
330
163
100
AcDbEntity
  8
1_ANYTOOL_1MMDEEP_LABELS_S
100
AcDbVertex
100
AcDb2dVertex
 10
0.1874999999997726
 20
103.0124999999998
 30
0.0
  0
VERTEX
  5
1A0
330
163
100
AcDbEntity
  8
1_ANYTOOL_1MMDEEP_LABELS_S
100
AcDbVertex
100
AcDb2dVertex
 10
0.0254464285716836
 20
102.2316964285717
 30
0.0
  0
VERTEX
  5
1A1
330
163
100
AcDbEntity
  8
1_ANYTOOL_1MMDEEP_LABELS_S
100
AcDbVertex
100
AcDb2dVertex
 10
-0.1071428571422075
 20
101.4642857142862
 30
0.0
  0
VERTEX
  5
1A2
330
163
100
AcDbEntity
  8
1_ANYTOOL_1MMDEEP_LABELS_S
100
AcDbVertex
100
AcDb2dVertex
 10
-0.1623883928563288
 20
101.085602678572
 30
0.0
  0
VERTEX
  5
1A3
330
163
100
AcDbEntity
  8
1_ANYTOOL_1MMDEEP_LABELS_S
100
AcDbVertex
100
AcDb2dVertex
 10
-0.2102678571419005
 20
100.7102678571434
 30
0.0
  0
VERTEX
  5
1A4
330
163
100
AcDbEntity
  8
1_ANYTOOL_1MMDEEP_LABELS_S
100
AcDbVertex
100
AcDb2dVertex
 10
-0.2507812499989228
 20
100.3382812500005
 30
0.0
  0
VERTEX
  5
1A5
330
163
100
AcDbEntity
  8
1_ANYTOOL_1MMDEEP_LABELS_S
100
AcDbVertex
100
AcDb2dVertex
 10
-0.2839285714273956
 20
99.9696428571433
 30
0.0
  0
VERTEX
  5
1A6
330
163
100
AcDbEntity
  8
1_ANYTOOL_1MMDEEP_LABELS_S
100
AcDbVertex
100
AcDb2dVertex
 10
-0.3097098214273188
 20
99.60435267857173
 30
0.0
  0
VERTEX
  5
1A7
330
163
100
AcDbEntity
  8
1_ANYTOOL_1MMDEEP_LABELS_S
100
AcDbVertex
100
AcDb2dVertex
 10
-0.3281249999986926
 20
99.24241071428582
 30
0.0
  0
VERTEX
  5
1A8
330
163
100
AcDbEntity
  8
1_ANYTOOL_1MMDEEP_LABELS_S
100
AcDbVertex
100
AcDb2dVertex
 10
-0.3391741071415169
 20
98.88381696428559
 30
0.0
  0
VERTEX
  5
1A9
330
163
100
AcDbEntity
  8
1_ANYTOOL_1MMDEEP_LABELS_S
100
AcDbVertex
100
AcDb2dVertex
 10
-0.3428571428557916
 20
98.52857142857101
 30
0.0
  0
VERTEX
  5
1AA
330
163
100
AcDbEntity
  8
1_ANYTOOL_1MMDEEP_LABELS_S
100
AcDbVertex
100
AcDb2dVertex
 10
-0.3410574776772215
 20
98.33366350446398
 30
0.0
  0
VERTEX
  5
1AB
330
163
100
AcDbEntity
  8
1_ANYTOOL_1MMDEEP_LABELS_S
100
AcDbVertex
100
AcDb2dVertex
 10
-0.3356584821415112
 20
98.1400111607141
 30
0.0
  0
VERTEX
  5
1AC
330
163
100
AcDbEntity
  8
1_ANYTOOL_1MMDEEP_LABELS_S
100
AcDbVertex
100
AcDb2dVertex
 10
-0.3266601562486606
 20
97.94761439732135
 30
0.0
  0
VERTEX
  5
1AD
330
163
100
AcDbEntity
  8
1_ANYTOOL_1MMDEEP_LABELS_S
100
AcDbVertex
100
AcDb2dVertex
 10
-0.3140624999986699
 20
97.75647321428573
 30
0.0
  0
VERTEX
  5
1AE
330
163
100
AcDbEntity
  8
1_ANYTOOL_1MMDEEP_LABELS_S
100
AcDbVertex
100
AcDb2dVertex
 10
-0.2978655133915389
 20
97.56658761160726
 30
0.0
  0
VERTEX
  5
1AF
330
163
100
AcDbEntity
  8
1_ANYTOOL_1MMDEEP_LABELS_S
100
AcDbVertex
100
AcDb2dVertex
 10
-0.2780691964272677
 20
97.37795758928593
 30
0.0
  0
VERTEX
  5
1B0
330
163
100
AcDbEntity
  8
1_ANYTOOL_1MMDEEP_LABELS_S
100
AcDbVertex
100
AcDb2dVertex
 10
-0.2546735491058563
 20
97.19058314732173
 30
0.0
  0
VERTEX
  5
1B1
330
163
100
AcDbEntity
  8
1_ANYTOOL_1MMDEEP_LABELS_S
100
AcDbVertex
100
AcDb2dVertex
 10
-0.2276785714273046
 20
97.00446428571468
 30
0.0
  0
VERTEX
  5
1B2
330
163
100
AcDbEntity
  8
1_ANYTOOL_1MMDEEP_LABELS_S
100
AcDbVertex
100
AcDb2dVertex
 10
-0.1970842633916128
 20
96.81960100446476
 30
0.0
  0
VERTEX
  5
1B3
330
163
100
AcDbEntity
  8
1_ANYTOOL_1MMDEEP_LABELS_S
100
AcDbVertex
100
AcDb2dVertex
 10
-0.1628906249987807
 20
96.63599330357198
 30
0.0
  0
VERTEX
  5
1B4
330
163
100
AcDbEntity
  8
1_ANYTOOL_1MMDEEP_LABELS_S
100
AcDbVertex
100
AcDb2dVertex
 10
-0.1250976562488084
 20
96.45364118303634
 30
0.0
  0
VERTEX
  5
1B5
330
163
100
AcDbEntity
  8
1_ANYTOOL_1MMDEEP_LABELS_S
100
AcDbVertex
100
AcDb2dVertex
 10
-0.0837053571416959
 20
96.27254464285784
 30
0.0
  0
VERTEX
  5
1B6
330
163
100
AcDbEntity
  8
1_ANYTOOL_1MMDEEP_LABELS_S
100
AcDbVertex
100
AcDb2dVertex
 10
-0.0387137276774432
 20
96.09270368303648
 30
0.0
  0
VERTEX
  5
1B7
330
163
100
AcDbEntity
  8
1_ANYTOOL_1MMDEEP_LABELS_S
100
AcDbVertex
100
AcDb2dVertex
 10
0.0098772321439498
 20
95.91411830357225
 30
0.0
  0
VERTEX
  5
1B8
330
163
100
AcDbEntity
  8
1_ANYTOOL_1MMDEEP_LABELS_S
100
AcDbVertex
100
AcDb2dVertex
 10
0.0620675223224829
 20
95.73678850446517
 30
0.0
  0
VERTEX
  5
1B9
330
163
100
AcDbEntity
  8
1_ANYTOOL_1MMDEEP_LABELS_S
100
AcDbVertex
100
AcDb2dVertex
 10
0.1178571428581563
 20
95.56071428571522
 30
0.0
  0
VERTEX
  5
1BA
330
163
100
AcDbEntity
  8
1_ANYTOOL_1MMDEEP_LABELS_S
100
AcDbVertex
100
AcDb2dVertex
 10
0.1772460937509699
 20
95.38589564732241
 30
0.0
  0
VERTEX
  5
1BB
330
163
100
AcDbEntity
  8
1_ANYTOOL_1MMDEEP_LABELS_S
100
AcDbVertex
100
AcDb2dVertex
 10
0.2402343750009237
 20
95.21233258928675
 30
0.0
  0
VERTEX
  5
1BC
330
163
100
AcDbEntity
  8
1_ANYTOOL_1MMDEEP_LABELS_S
100
AcDbVertex
100
AcDb2dVertex
 10
0.3068219866080177
 20
95.04002511160822
 30
0.0
  0
VERTEX
  5
1BD
330
163
100
AcDbEntity
  8
1_ANYTOOL_1MMDEEP_LABELS_S
100
AcDbVertex
100
AcDb2dVertex
 10
0.377008928572252
 20
94.86897321428683
 30
0.0
  0
VERTEX
  5
1BE
330
163
100
AcDbEntity
  8
1_ANYTOOL_1MMDEEP_LABELS_S
100
AcDbVertex
100
AcDb2dVertex
 10
0.4507952008936265
 20
94.69917689732257
 30
0.0
  0
VERTEX
  5
1BF
330
163
100
AcDbEntity
  8
1_ANYTOOL_1MMDEEP_LABELS_S
100
AcDbVertex
100
AcDb2dVertex
 10
0.5281808035721411
 20
94.53063616071546
 30
0.0
  0
VERTEX
  5
1C0
330
163
100
AcDbEntity
  8
1_ANYTOOL_1MMDEEP_LABELS_S
100
AcDbVertex
100
AcDb2dVertex
 10
0.609165736607796
 20
94.36335100446549
 30
0.0
  0
VERTEX
  5
1C1
330
163
100
AcDbEntity
  8
1_ANYTOOL_1MMDEEP_LABELS_S
100
AcDbVertex
100
AcDb2dVertex
 10
0.6937500000005912
 20
94.19732142857265
 30
0.0
  0
VERTEX
  5
1C2
330
163
100
AcDbEntity
  8
1_ANYTOOL_1MMDEEP_LABELS_S
100
AcDbVertex
100
AcDb2dVertex
 10
0.7819335937505265
 20
94.03254743303695
 30
0.0
  0
VERTEX
  5
1C3
330
163
100
AcDbEntity
  8
1_ANYTOOL_1MMDEEP_LABELS_S
100
AcDbVertex
100
AcDb2dVertex
 10
0.8737165178576021
 20
93.8690290178584
 30
0.0
  0
VERTEX
  5
1C4
330
163
100
AcDbEntity
  8
1_ANYTOOL_1MMDEEP_LABELS_S
100
AcDbVertex
100
AcDb2dVertex
 10
0.9690987723218178
 20
93.70676618303698
 30
0.0
  0
VERTEX
  5
1C5
330
163
100
AcDbEntity
  8
1_ANYTOOL_1MMDEEP_LABELS_S
100
AcDbVertex
100
AcDb2dVertex
 10
1.068080357143174
 20
93.5457589285727
 30
0.0
  0
VERTEX
  5
1C6
330
163
100
AcDbEntity
  8
1_ANYTOOL_1MMDEEP_LABELS_S
100
AcDbVertex
100
AcDb2dVertex
 10
1.17066127232167
 20
93.38600725446555
 30
0.0
  0
VERTEX
  5
1C7
330
163
100
AcDbEntity
  8
1_ANYTOOL_1MMDEEP_LABELS_S
100
AcDbVertex
100
AcDb2dVertex
 10
1.276841517857306
 20
93.22751116071555
 30
0.0
  0
VERTEX
  5
1C8
330
163
100
AcDbEntity
  8
1_ANYTOOL_1MMDEEP_LABELS_S
100
AcDbVertex
100
AcDb2dVertex
 10
1.386621093750083
 20
93.07027064732269
 30
0.0
  0
VERTEX
  5
1C9
330
163
100
AcDbEntity
  8
1_ANYTOOL_1MMDEEP_LABELS_S
100
AcDbVertex
100
AcDb2dVertex
 10
1.5
 20
92.91428571428696
 30
0.0
  0
VERTEX
  5
1CA
330
163
100
AcDbEntity
  8
1_ANYTOOL_1MMDEEP_LABELS_S
100
AcDbVertex
100
AcDb2dVertex
 10
1.6140485491071
 20
92.76135602678696
 30
0.0
  0
VERTEX
  5
1CB
330
163
100
AcDbEntity
  8
1_ANYTOOL_1MMDEEP_LABELS_S
100
AcDbVertex
100
AcDb2dVertex
 10
1.73119419642849
 20
92.61328125000122
 30
0.0
  0
VERTEX
  5
1CC
330
163
100
AcDbEntity
  8
1_ANYTOOL_1MMDEEP_LABELS_S
100
AcDbVertex
100
AcDb2dVertex
 10
1.85143694196417
 20
92.47006138392979
 30
0.0
  0
VERTEX
  5
1CD
330
163
100
AcDbEntity
  8
1_ANYTOOL_1MMDEEP_LABELS_S
100
AcDbVertex
100
AcDb2dVertex
 10
1.974776785714141
 20
92.33169642857263
 30
0.0
  0
VERTEX
  5
1CE
330
163
100
AcDbEntity
  8
1_ANYTOOL_1MMDEEP_LABELS_S
100
AcDbVertex
100
AcDb2dVertex
 10
2.101213727678402
 20
92.19818638392977
 30
0.0
  0
VERTEX
  5
1CF
330
163
100
AcDbEntity
  8
1_ANYTOOL_1MMDEEP_LABELS_S
100
AcDbVertex
100
AcDb2dVertex
 10
2.230747767856954
 20
92.06953125000118
 30
0.0
  0
VERTEX
  5
1D0
330
163
100
AcDbEntity
  8
1_ANYTOOL_1MMDEEP_LABELS_S
100
AcDbVertex
100
AcDb2dVertex
 10
2.363378906249796
 20
91.94573102678689
 30
0.0
  0
VERTEX
  5
1D1
330
163
100
AcDbEntity
  8
1_ANYTOOL_1MMDEEP_LABELS_S
100
AcDbVertex
100
AcDb2dVertex
 10
2.499107142856928
 20
91.82678571428687
 30
0.0
  0
VERTEX
  5
1D2
330
163
100
AcDbEntity
  8
1_ANYTOOL_1MMDEEP_LABELS_S
100
AcDbVertex
100
AcDb2dVertex
 10
2.637932477678351
 20
91.71269531250115
 30
0.0
  0
VERTEX
  5
1D3
330
163
100
AcDbEntity
  8
1_ANYTOOL_1MMDEEP_LABELS_S
100
AcDbVertex
100
AcDb2dVertex
 10
2.779854910714064
 20
91.60345982142971
 30
0.0
  0
VERTEX
  5
1D4
330
163
100
AcDbEntity
  8
1_ANYTOOL_1MMDEEP_LABELS_S
100
AcDbVertex
100
AcDb2dVertex
 10
2.924874441964068
 20
91.49907924107256
 30
0.0
  0
VERTEX
  5
1D5
330
163
100
AcDbEntity
  8
1_ANYTOOL_1MMDEEP_LABELS_S
100
AcDbVertex
100
AcDb2dVertex
 10
3.072991071428362
 20
91.39955357142969
 30
0.0
  0
VERTEX
  5
1D6
330
163
100
AcDbEntity
  8
1_ANYTOOL_1MMDEEP_LABELS_S
100
AcDbVertex
100
AcDb2dVertex
 10
3.224204799106946
 20
91.30488281250112
 30
0.0
  0
VERTEX
  5
1D7
330
163
100
AcDbEntity
  8
1_ANYTOOL_1MMDEEP_LABELS_S
100
AcDbVertex
100
AcDb2dVertex
 10
3.378515624999821
 20
91.21506696428682
 30
0.0
  0
VERTEX
  5
1D8
330
163
100
AcDbEntity
  8
1_ANYTOOL_1MMDEEP_LABELS_S
100
AcDbVertex
100
AcDb2dVertex
 10
3.535923549106986
 20
91.13010602678682
 30
0.0
  0
VERTEX
  5
1D9
330
163
100
AcDbEntity
  8
1_ANYTOOL_1MMDEEP_LABELS_S
100
AcDbVertex
100
AcDb2dVertex
 10
3.696428571428442
 20
91.05000000000109
 30
0.0
  0
VERTEX
  5
1DA
330
163
100
AcDbEntity
  8
1_ANYTOOL_1MMDEEP_LABELS_S
100
AcDbVertex
100
AcDb2dVertex
 10
3.860030691964187
 20
90.97474888392966
 30
0.0
  0
VERTEX
  5
1DB
330
163
100
AcDbEntity
  8
1_ANYTOOL_1MMDEEP_LABELS_S
100
AcDbVertex
100
AcDb2dVertex
 10
4.026729910714224
 20
90.90435267857251
 30
0.0
  0
VERTEX
  5
1DC
330
163
100
AcDbEntity
  8
1_ANYTOOL_1MMDEEP_LABELS_S
100
AcDbVertex
100
AcDb2dVertex
 10
4.19652622767855
 20
90.83881138392965
 30
0.0
  0
VERTEX
  5
1DD
330
163
100
AcDbEntity
  8
1_ANYTOOL_1MMDEEP_LABELS_S
100
AcDbVertex
100
AcDb2dVertex
 10
4.369419642857167
 20
90.77812500000107
 30
0.0
  0
VERTEX
  5
1DE
330
163
100
AcDbEntity
  8
1_ANYTOOL_1MMDEEP_LABELS_S
100
AcDbVertex
100
AcDb2dVertex
 10
4.545410156250075
 20
90.72229352678679
 30
0.0
  0
VERTEX
  5
1DF
330
163
100
AcDbEntity
  8
1_ANYTOOL_1MMDEEP_LABELS_S
100
AcDbVertex
100
AcDb2dVertex
 10
4.724497767857272
 20
90.67131696428677
 30
0.0
  0
VERTEX
  5
1E0
330
163
100
AcDbEntity
  8
1_ANYTOOL_1MMDEEP_LABELS_S
100
AcDbVertex
100
AcDb2dVertex
 10
4.906682477678761
 20
90.62519531250106
 30
0.0
  0
VERTEX
  5
1E1
330
163
100
AcDbEntity
  8
1_ANYTOOL_1MMDEEP_LABELS_S
100
AcDbVertex
100
AcDb2dVertex
 10
5.091964285714539
 20
90.58392857142962
 30
0.0
  0
VERTEX
  5
1E2
330
163
100
AcDbEntity
  8
1_ANYTOOL_1MMDEEP_LABELS_S
100
AcDbVertex
100
AcDb2dVertex
 10
5.280343191964608
 20
90.54751674107249
 30
0.0
  0
VERTEX
  5
1E3
330
163
100
AcDbEntity
  8
1_ANYTOOL_1MMDEEP_LABELS_S
100
AcDbVertex
100
AcDb2dVertex
 10
5.471819196428967
 20
90.51595982142962
 30
0.0
  0
VERTEX
  5
1E4
330
163
100
AcDbEntity
  8
1_ANYTOOL_1MMDEEP_LABELS_S
100
AcDbVertex
100
AcDb2dVertex
 10
5.666392299107617
 20
90.48925781250105
 30
0.0
  0
VERTEX
  5
1E5
330
163
100
AcDbEntity
  8
1_ANYTOOL_1MMDEEP_LABELS_S
100
AcDbVertex
100
AcDb2dVertex
 10
5.864062500000557
 20
90.46741071428676
 30
0.0
  0
VERTEX
  5
1E6
330
163
100
AcDbEntity
  8
1_ANYTOOL_1MMDEEP_LABELS_S
100
AcDbVertex
100
AcDb2dVertex
 10
6.064829799107788
 20
90.45041852678676
 30
0.0
  0
VERTEX
  5
1E7
330
163
100
AcDbEntity
  8
1_ANYTOOL_1MMDEEP_LABELS_S
100
AcDbVertex
100
AcDb2dVertex
 10
6.268694196429308
 20
90.43828125000104
 30
0.0
  0
VERTEX
  5
1E8
330
163
100
AcDbEntity
  8
1_ANYTOOL_1MMDEEP_LABELS_S
100
AcDbVertex
100
AcDb2dVertex
 10
6.47565569196512
 20
90.43099888392962
 30
0.0
  0
VERTEX
  5
1E9
330
163
100
AcDbEntity
  8
1_ANYTOOL_1MMDEEP_LABELS_S
100
AcDbVertex
100
AcDb2dVertex
 10
6.685714285715221
 20
90.42857142857247
 30
0.0
  0
VERTEX
  5
1EA
330
163
100
AcDbEntity
  8
1_ANYTOOL_1MMDEEP_LABELS_S
100
AcDbVertex
100
AcDb2dVertex
 10
6.900837053572388
 20
90.43133370535818
 30
0.0
  0
VERTEX
  5
1EB
330
163
100
AcDbEntity
  8
1_ANYTOOL_1MMDEEP_LABELS_S
100
AcDbVertex
100
AcDb2dVertex
 10
7.112276785715267
 20
90.43962053571533
 30
0.0
  0
VERTEX
  5
1EC
330
163
100
AcDbEntity
  8
1_ANYTOOL_1MMDEEP_LABELS_S
100
AcDbVertex
100
AcDb2dVertex
 10
7.320033482143856
 20
90.45343191964392
 30
0.0
  0
VERTEX
  5
1ED
330
163
100
AcDbEntity
  8
1_ANYTOOL_1MMDEEP_LABELS_S
100
AcDbVertex
100
AcDb2dVertex
 10
7.524107142858156
 20
90.47276785714394
 30
0.0
  0
VERTEX
  5
1EE
330
163
100
AcDbEntity
  8
1_ANYTOOL_1MMDEEP_LABELS_S
100
AcDbVertex
100
AcDb2dVertex
 10
7.724497767858168
 20
90.49762834821539
 30
0.0
  0
VERTEX
  5
1EF
330
163
100
AcDbEntity
  8
1_ANYTOOL_1MMDEEP_LABELS_S
100
AcDbVertex
100
AcDb2dVertex
 10
7.92120535714389
 20
90.52801339285827
 30
0.0
  0
VERTEX
  5
1F0
330
163
100
AcDbEntity
  8
1_ANYTOOL_1MMDEEP_LABELS_S
100
AcDbVertex
100
AcDb2dVertex
 10
8.114229910715324
 20
90.56392299107259
 30
0.0
  0
VERTEX
  5
1F1
330
163
100
AcDbEntity
  8
1_ANYTOOL_1MMDEEP_LABELS_S
100
AcDbVertex
100
AcDb2dVertex
 10
8.303571428572468
 20
90.60535714285834
 30
0.0
  0
VERTEX
  5
1F2
330
163
100
AcDbEntity
  8
1_ANYTOOL_1MMDEEP_LABELS_S
100
AcDbVertex
100
AcDb2dVertex
 10
8.489229910715324
 20
90.65231584821552
 30
0.0
  0
VERTEX
  5
1F3
330
163
100
AcDbEntity
  8
1_ANYTOOL_1MMDEEP_LABELS_S
100
AcDbVertex
100
AcDb2dVertex
 10
8.67120535714389
 20
90.70479910714414
 30
0.0
  0
VERTEX
  5
1F4
330
163
100
AcDbEntity
  8
1_ANYTOOL_1MMDEEP_LABELS_S
100
AcDbVertex
100
AcDb2dVertex
 10
8.849497767858168
 20
90.76280691964419
 30
0.0
  0
VERTEX
  5
1F5
330
163
100
AcDbEntity
  8
1_ANYTOOL_1MMDEEP_LABELS_S
100
AcDbVertex
100
AcDb2dVertex
 10
9.024107142858156
 20
90.82633928571568
 30
0.0
  0
VERTEX
  5
1F6
330
163
100
AcDbEntity
  8
1_ANYTOOL_1MMDEEP_LABELS_S
100
AcDbVertex
100
AcDb2dVertex
 10
9.110030691965292
 20
90.8601771763407
 30
0.0
  0
VERTEX
  5
1F7
330
163
100
AcDbEntity
  8
1_ANYTOOL_1MMDEEP_LABELS_S
100
AcDbVertex
100
AcDb2dVertex
 10
9.195033482143856
 20
90.8953962053586
 30
0.0
  0
VERTEX
  5
1F8
330
163
100
AcDbEntity
  8
1_ANYTOOL_1MMDEEP_LABELS_S
100
AcDbVertex
100
AcDb2dVertex
 10
9.279115513393847
 20
90.93199637276933
 30
0.0
  0
VERTEX
  5
1F9
330
163
100
AcDbEntity
  8
1_ANYTOOL_1MMDEEP_LABELS_S
100
AcDbVertex
100
AcDb2dVertex
 10
9.362276785715267
 20
90.96997767857295
 30
0.0
  0
VERTEX
  5
1FA
330
163
100
AcDbEntity
  8
1_ANYTOOL_1MMDEEP_LABELS_S
100
AcDbVertex
100
AcDb2dVertex
 10
9.444517299108114
 20
91.0093401227694
 30
0.0
  0
VERTEX
  5
1FB
330
163
100
AcDbEntity
  8
1_ANYTOOL_1MMDEEP_LABELS_S
100
AcDbVertex
100
AcDb2dVertex
 10
9.525837053572388
 20
91.05008370535873
 30
0.0
  0
VERTEX
  5
1FC
330
163
100
AcDbEntity
  8
1_ANYTOOL_1MMDEEP_LABELS_S
100
AcDbVertex
100
AcDb2dVertex
 10
9.606236049108091
 20
91.0922084263409
 30
0.0
  0
VERTEX
  5
1FD
330
163
100
AcDbEntity
  8
1_ANYTOOL_1MMDEEP_LABELS_S
100
AcDbVertex
100
AcDb2dVertex
 10
9.685714285715221
 20
91.13571428571595
 30
0.0
  0
VERTEX
  5
1FE
330
163
100
AcDbEntity
  8
1_ANYTOOL_1MMDEEP_LABELS_S
100
AcDbVertex
100
AcDb2dVertex
 10
9.76427176339378
 20
91.18060128348384
 30
0.0
  0
VERTEX
  5
1FF
330
163
100
AcDbEntity
  8
1_ANYTOOL_1MMDEEP_LABELS_S
100
AcDbVertex
100
AcDb2dVertex
 10
9.841908482143765
 20
91.2268694196446
 30
0.0
  0
VERTEX
  5
200
330
163
100
AcDbEntity
  8
1_ANYTOOL_1MMDEEP_LABELS_S
100
AcDbVertex
100
AcDb2dVertex
 10
9.918624441965179
 20
91.2745186941982
 30
0.0
  0
VERTEX
  5
201
330
163
100
AcDbEntity
  8
1_ANYTOOL_1MMDEEP_LABELS_S
100
AcDbVertex
100
AcDb2dVertex
 10
9.99441964285802
 20
91.32354910714469
 30
0.0
  0
VERTEX
  5
202
330
163
100
AcDbEntity
  8
1_ANYTOOL_1MMDEEP_LABELS_S
100
AcDbVertex
100
AcDb2dVertex
 10
10.06929408482229
 20
91.37396065848401
 30
0.0
  0
VERTEX
  5
203
330
163
100
AcDbEntity
  8
1_ANYTOOL_1MMDEEP_LABELS_S
100
AcDbVertex
100
AcDb2dVertex
 10
10.14324776785799
 20
91.4257533482162
 30
0.0
  0
VERTEX
  5
204
330
163
100
AcDbEntity
  8
1_ANYTOOL_1MMDEEP_LABELS_S
100
AcDbVertex
100
AcDb2dVertex
 10
10.21628069196511
 20
91.47892717634124
 30
0.0
  0
VERTEX
  5
205
330
163
100
AcDbEntity
  8
1_ANYTOOL_1MMDEEP_LABELS_S
100
AcDbVertex
100
AcDb2dVertex
 10
10.28839285714366
 20
91.53348214285916
 30
0.0
  0
VERTEX
  5
206
330
163
100
AcDbEntity
  8
1_ANYTOOL_1MMDEEP_LABELS_S
100
AcDbVertex
100
AcDb2dVertex
 10
10.35958426339364
 20
91.58941824776991
 30
0.0
  0
VERTEX
  5
207
330
163
100
AcDbEntity
  8
1_ANYTOOL_1MMDEEP_LABELS_S
100
AcDbVertex
100
AcDb2dVertex
 10
10.42985491071505
 20
91.64673549107354
 30
0.0
  0
VERTEX
  5
208
330
163
100
AcDbEntity
  8
1_ANYTOOL_1MMDEEP_LABELS_S
100
AcDbVertex
100
AcDb2dVertex
 10
10.49920479910789
 20
91.70543387277002
 30
0.0
  0
VERTEX
  5
209
330
163
100
AcDbEntity
  8
1_ANYTOOL_1MMDEEP_LABELS_S
100
AcDbVertex
100
AcDb2dVertex
 10
10.56763392857215
 20
91.76551339285936
 30
0.0
  0
VERTEX
  5
20A
330
163
100
AcDbEntity
  8
1_ANYTOOL_1MMDEEP_LABELS_S
100
AcDbVertex
100
AcDb2dVertex
 10
10.63514229910784
 20
91.82697405134155
 30
0.0
  0
VERTEX
  5
20B
330
163
100
AcDbEntity
  8
1_ANYTOOL_1MMDEEP_LABELS_S
100
AcDbVertex
100
AcDb2dVertex
 10
10.70172991071496
 20
91.88981584821661
 30
0.0
  0
VERTEX
  5
20C
330
163
100
AcDbEntity
  8
1_ANYTOOL_1MMDEEP_LABELS_S
100
AcDbVertex
100
AcDb2dVertex
 10
10.76739676339351
 20
91.95403878348452
 30
0.0
  0
VERTEX
  5
20D
330
163
100
AcDbEntity
  8
1_ANYTOOL_1MMDEEP_LABELS_S
100
AcDbVertex
100
AcDb2dVertex
 10
10.83214285714348
 20
92.0196428571453
 30
0.0
  0
VERTEX
  5
20E
330
163
100
AcDbEntity
  8
1_ANYTOOL_1MMDEEP_LABELS_S
100
AcDbVertex
100
AcDb2dVertex
 10
10.95887276785771
 20
92.15499441964542
 30
0.0
  0
VERTEX
  5
20F
330
163
100
AcDbEntity
  8
1_ANYTOOL_1MMDEEP_LABELS_S
100
AcDbVertex
100
AcDb2dVertex
 10
11.08191964285766
 20
92.29587053571697
 30
0.0
  0
VERTEX
  5
210
330
163
100
AcDbEntity
  8
1_ANYTOOL_1MMDEEP_LABELS_S
100
AcDbVertex
100
AcDb2dVertex
 10
11.20128348214331
 20
92.44227120535996
 30
0.0
  0
VERTEX
  5
211
330
163
100
AcDbEntity
  8
1_ANYTOOL_1MMDEEP_LABELS_S
100
AcDbVertex
100
AcDb2dVertex
 10
11.31696428571468
 20
92.59419642857438
 30
0.0
  0
VERTEX
  5
212
330
163
100
AcDbEntity
  8
1_ANYTOOL_1MMDEEP_LABELS_S
100
AcDbVertex
100
AcDb2dVertex
 10
11.42896205357175
 20
92.75164620536023
 30
0.0
  0
VERTEX
  5
213
330
163
100
AcDbEntity
  8
1_ANYTOOL_1MMDEEP_LABELS_S
100
AcDbVertex
100
AcDb2dVertex
 10
11.53727678571454
 20
92.91462053571752
 30
0.0
  0
VERTEX
  5
214
330
163
100
AcDbEntity
  8
1_ANYTOOL_1MMDEEP_LABELS_S
100
AcDbVertex
100
AcDb2dVertex
 10
11.64190848214304
 20
93.08311941964624
 30
0.0
  0
VERTEX
  5
215
330
163
100
AcDbEntity
  8
1_ANYTOOL_1MMDEEP_LABELS_S
100
AcDbVertex
100
AcDb2dVertex
 10
11.74285714285725
 20
93.25714285714639
 30
0.0
  0
VERTEX
  5
216
330
163
100
AcDbEntity
  8
1_ANYTOOL_1MMDEEP_LABELS_S
100
AcDbVertex
100
AcDb2dVertex
 10
12.13392857142838
 20
93.97232142857388
 30
0.0
  0
VERTEX
  5
217
330
163
100
AcDbEntity
  8
1_ANYTOOL_1MMDEEP_LABELS_S
100
AcDbVertex
100
AcDb2dVertex
 10
12.51428571428528
 20
94.70357142857301
 30
0.0
  0
VERTEX
  5
218
330
163
100
AcDbEntity
  8
1_ANYTOOL_1MMDEEP_LABELS_S
100
AcDbVertex
100
AcDb2dVertex
 10
12.88392857142793
 20
95.4508928571438
 30
0.0
  0
VERTEX
  5
219
330
163
100
AcDbEntity
  8
1_ANYTOOL_1MMDEEP_LABELS_S
100
AcDbVertex
100
AcDb2dVertex
 10
13.24285714285634
 20
96.21428571428623
 30
0.0
  0
VERTEX
  5
21A
330
163
100
AcDbEntity
  8
1_ANYTOOL_1MMDEEP_LABELS_S
100
AcDbVertex
100
AcDb2dVertex
 10
13.5910714285705
 20
96.99375000000032
 30
0.0
  0
VERTEX
  5
21B
330
163
100
AcDbEntity
  8
1_ANYTOOL_1MMDEEP_LABELS_S
100
AcDbVertex
100
AcDb2dVertex
 10
13.92857142857042
 20
97.78928571428605
 30
0.0
  0
VERTEX
  5
21C
330
163
100
AcDbEntity
  8
1_ANYTOOL_1MMDEEP_LABELS_S
100
AcDbVertex
100
AcDb2dVertex
 10
14.2553571428561
 20
98.60089285714344
 30
0.0
  0
VERTEX
  5
21D
330
163
100
AcDbEntity
  8
1_ANYTOOL_1MMDEEP_LABELS_S
100
AcDbVertex
100
AcDb2dVertex
 10
14.57142857142753
 20
99.42857142857247
 30
0.0
  0
VERTEX
  5
21E
330
163
100
AcDbEntity
  8
1_ANYTOOL_1MMDEEP_LABELS_S
100
AcDbVertex
100
AcDb2dVertex
 10
14.87946428571342
 20
100.2542410714301
 30
0.0
  0
VERTEX
  5
21F
330
163
100
AcDbEntity
  8
1_ANYTOOL_1MMDEEP_LABELS_S
100
AcDbVertex
100
AcDb2dVertex
 10
15.20357142857074
 20
101.0598214285733
 30
0.0
  0
VERTEX
  5
220
330
163
100
AcDbEntity
  8
1_ANYTOOL_1MMDEEP_LABELS_S
100
AcDbVertex
100
AcDb2dVertex
 10
15.54374999999948
 20
101.845312500002
 30
0.0
  0
VERTEX
  5
221
330
163
100
AcDbEntity
  8
1_ANYTOOL_1MMDEEP_LABELS_S
100
AcDbVertex
100
AcDb2dVertex
 10
15.89999999999964
 20
102.6107142857163
 30
0.0
  0
VERTEX
  5
222
330
163
100
AcDbEntity
  8
1_ANYTOOL_1MMDEEP_LABELS_S
100
AcDbVertex
100
AcDb2dVertex
 10
16.27232142857122
 20
103.3560267857162
 30
0.0
  0
VERTEX
  5
223
330
163
100
AcDbEntity
  8
1_ANYTOOL_1MMDEEP_LABELS_S
100
AcDbVertex
100
AcDb2dVertex
 10
16.66071428571422
 20
104.0812500000015
 30
0.0
  0
VERTEX
  5
224
330
163
100
AcDbEntity
  8
1_ANYTOOL_1MMDEEP_LABELS_S
100
AcDbVertex
100
AcDb2dVertex
 10
17.06517857142865
 20
104.7863839285725
 30
0.0
  0
VERTEX
  5
225
330
163
100
AcDbEntity
  8
1_ANYTOOL_1MMDEEP_LABELS_S
100
AcDbVertex
100
AcDb2dVertex
 10
17.48571428571449
 20
105.471428571429
 30
0.0
  0
VERTEX
  5
226
330
163
100
AcDbEntity
  8
1_ANYTOOL_1MMDEEP_LABELS_S
100
AcDbVertex
100
AcDb2dVertex
 10
17.59482421875024
 20
105.6372488839288
 30
0.0
  0
VERTEX
  5
227
330
163
100
AcDbEntity
  8
1_ANYTOOL_1MMDEEP_LABELS_S
100
AcDbVertex
100
AcDb2dVertex
 10
17.7078683035717
 20
105.7972098214287
 30
0.0
  0
VERTEX
  5
228
330
163
100
AcDbEntity
  8
1_ANYTOOL_1MMDEEP_LABELS_S
100
AcDbVertex
100
AcDb2dVertex
 10
17.82484654017887
 20
105.9513113839285
 30
0.0
  0
VERTEX
  5
229
330
163
100
AcDbEntity
  8
1_ANYTOOL_1MMDEEP_LABELS_S
100
AcDbVertex
100
AcDb2dVertex
 10
17.8848109654021
 20
106.0261648995534
 30
0.0
  0
VERTEX
  5
22A
330
163
100
AcDbEntity
  8
1_ANYTOOL_1MMDEEP_LABELS_S
100
AcDbVertex
100
AcDb2dVertex
 10
17.94575892857176
 20
106.0995535714284
 30
0.0
  0
VERTEX
  5
22B
330
163
100
AcDbEntity
  8
1_ANYTOOL_1MMDEEP_LABELS_S
100
AcDbVertex
100
AcDb2dVertex
 10
18.00769042968785
 20
106.1714773995533
 30
0.0
  0
VERTEX
  5
22C
330
163
100
AcDbEntity
  8
1_ANYTOOL_1MMDEEP_LABELS_S
100
AcDbVertex
100
AcDb2dVertex
 10
18.07060546875037
 20
106.2419363839282
 30
0.0
  0
VERTEX
  5
22D
330
163
100
AcDbEntity
  8
1_ANYTOOL_1MMDEEP_LABELS_S
100
AcDbVertex
100
AcDb2dVertex
 10
18.13450404575931
 20
106.3109305245532
 30
0.0
  0
VERTEX
  5
22E
330
163
100
AcDbEntity
  8
1_ANYTOOL_1MMDEEP_LABELS_S
100
AcDbVertex
100
AcDb2dVertex
 10
18.19938616071468
 20
106.3784598214282
 30
0.0
  0
VERTEX
  5
22F
330
163
100
AcDbEntity
  8
1_ANYTOOL_1MMDEEP_LABELS_S
100
AcDbVertex
100
AcDb2dVertex
 10
18.26525181361648
 20
106.4445242745531
 30
0.0
  0
VERTEX
  5
230
330
163
100
AcDbEntity
  8
1_ANYTOOL_1MMDEEP_LABELS_S
100
AcDbVertex
100
AcDb2dVertex
 10
18.33210100446471
 20
106.5091238839281
 30
0.0
  0
VERTEX
  5
231
330
163
100
AcDbEntity
  8
1_ANYTOOL_1MMDEEP_LABELS_S
100
AcDbVertex
100
AcDb2dVertex
 10
18.39993373325937
 20
106.572258649553
 30
0.0
  0
VERTEX
  5
232
330
163
100
AcDbEntity
  8
1_ANYTOOL_1MMDEEP_LABELS_S
100
AcDbVertex
100
AcDb2dVertex
 10
18.46875000000045
 20
106.633928571428
 30
0.0
  0
VERTEX
  5
233
330
163
100
AcDbEntity
  8
1_ANYTOOL_1MMDEEP_LABELS_S
100
AcDbVertex
100
AcDb2dVertex
 10
18.53854980468797
 20
106.694133649553
 30
0.0
  0
VERTEX
  5
234
330
163
100
AcDbEntity
  8
1_ANYTOOL_1MMDEEP_LABELS_S
100
AcDbVertex
100
AcDb2dVertex
 10
18.60933314732191
 20
106.7528738839279
 30
0.0
  0
VERTEX
  5
235
330
163
100
AcDbEntity
  8
1_ANYTOOL_1MMDEEP_LABELS_S
100
AcDbVertex
100
AcDb2dVertex
 10
18.68110002790228
 20
106.8101492745529
 30
0.0
  0
VERTEX
  5
236
330
163
100
AcDbEntity
  8
1_ANYTOOL_1MMDEEP_LABELS_S
100
AcDbVertex
100
AcDb2dVertex
 10
18.75385044642908
 20
106.8659598214279
 30
0.0
  0
VERTEX
  5
237
330
163
100
AcDbEntity
  8
1_ANYTOOL_1MMDEEP_LABELS_S
100
AcDbVertex
100
AcDb2dVertex
 10
18.82758440290231
 20
106.9203055245529
 30
0.0
  0
VERTEX
  5
238
330
163
100
AcDbEntity
  8
1_ANYTOOL_1MMDEEP_LABELS_S
100
AcDbVertex
100
AcDb2dVertex
 10
18.90230189732197
 20
106.9731863839278
 30
0.0
  0
VERTEX
  5
239
330
163
100
AcDbEntity
  8
1_ANYTOOL_1MMDEEP_LABELS_S
100
AcDbVertex
100
AcDb2dVertex
 10
18.97800292968805
 20
107.0246023995528
 30
0.0
  0
VERTEX
  5
23A
330
163
100
AcDbEntity
  8
1_ANYTOOL_1MMDEEP_LABELS_S
100
AcDbVertex
100
AcDb2dVertex
 10
19.05468750000057
 20
107.0745535714278
 30
0.0
  0
VERTEX
  5
23B
330
163
100
AcDbEntity
  8
1_ANYTOOL_1MMDEEP_LABELS_S
100
AcDbVertex
100
AcDb2dVertex
 10
19.13235560825951
 20
107.1230398995528
 30
0.0
  0
VERTEX
  5
23C
330
163
100
AcDbEntity
  8
1_ANYTOOL_1MMDEEP_LABELS_S
100
AcDbVertex
100
AcDb2dVertex
 10
19.21100725446488
 20
107.1700613839278
 30
0.0
  0
VERTEX
  5
23D
330
163
100
AcDbEntity
  8
1_ANYTOOL_1MMDEEP_LABELS_S
100
AcDbVertex
100
AcDb2dVertex
 10
19.29064243861668
 20
107.2156180245528
 30
0.0
  0
VERTEX
  5
23E
330
163
100
AcDbEntity
  8
1_ANYTOOL_1MMDEEP_LABELS_S
100
AcDbVertex
100
AcDb2dVertex
 10
19.37126116071491
 20
107.2597098214278
 30
0.0
  0
VERTEX
  5
23F
330
163
100
AcDbEntity
  8
1_ANYTOOL_1MMDEEP_LABELS_S
100
AcDbVertex
100
AcDb2dVertex
 10
19.45286342075956
 20
107.3023367745528
 30
0.0
  0
VERTEX
  5
240
330
163
100
AcDbEntity
  8
1_ANYTOOL_1MMDEEP_LABELS_S
100
AcDbVertex
100
AcDb2dVertex
 10
19.53544921875065
 20
107.3434988839279
 30
0.0
  0
VERTEX
  5
241
330
163
100
AcDbEntity
  8
1_ANYTOOL_1MMDEEP_LABELS_S
100
AcDbVertex
100
AcDb2dVertex
 10
19.61901855468816
 20
107.3831961495529
 30
0.0
  0
VERTEX
  5
242
330
163
100
AcDbEntity
  8
1_ANYTOOL_1MMDEEP_LABELS_S
100
AcDbVertex
100
AcDb2dVertex
 10
19.7035714285721
 20
107.4214285714279
 30
0.0
  0
VERTEX
  5
243
330
163
100
AcDbEntity
  8
1_ANYTOOL_1MMDEEP_LABELS_S
100
AcDbVertex
100
AcDb2dVertex
 10
19.78910784040247
 20
107.4581961495529
 30
0.0
  0
VERTEX
  5
244
330
163
100
AcDbEntity
  8
1_ANYTOOL_1MMDEEP_LABELS_S
100
AcDbVertex
100
AcDb2dVertex
 10
19.87562779017927
 20
107.4934988839279
 30
0.0
  0
VERTEX
  5
245
330
163
100
AcDbEntity
  8
1_ANYTOOL_1MMDEEP_LABELS_S
100
AcDbVertex
100
AcDb2dVertex
 10
19.9631312779025
 20
107.527336774553
 30
0.0
  0
VERTEX
  5
246
330
163
100
AcDbEntity
  8
1_ANYTOOL_1MMDEEP_LABELS_S
100
AcDbVertex
100
AcDb2dVertex
 10
20.05161830357216
 20
107.559709821428
 30
0.0
  0
VERTEX
  5
247
330
163
100
AcDbEntity
  8
1_ANYTOOL_1MMDEEP_LABELS_S
100
AcDbVertex
100
AcDb2dVertex
 10
20.14108886718824
 20
107.5906180245531
 30
0.0
  0
VERTEX
  5
248
330
163
100
AcDbEntity
  8
1_ANYTOOL_1MMDEEP_LABELS_S
100
AcDbVertex
100
AcDb2dVertex
 10
20.23154296875075
 20
107.6200613839281
 30
0.0
  0
VERTEX
  5
249
330
163
100
AcDbEntity
  8
1_ANYTOOL_1MMDEEP_LABELS_S
100
AcDbVertex
100
AcDb2dVertex
 10
20.32298060825969
 20
107.6480398995531
 30
0.0
  0
VERTEX
  5
24A
330
163
100
AcDbEntity
  8
1_ANYTOOL_1MMDEEP_LABELS_S
100
AcDbVertex
100
AcDb2dVertex
 10
20.41540178571506
 20
107.6745535714282
 30
0.0
  0
VERTEX
  5
24B
330
163
100
AcDbEntity
  8
1_ANYTOOL_1MMDEEP_LABELS_S
100
AcDbVertex
100
AcDb2dVertex
 10
20.60319475446509
 20
107.7231863839283
 30
0.0
  0
VERTEX
  5
24C
330
163
100
AcDbEntity
  8
1_ANYTOOL_1MMDEEP_LABELS_S
100
AcDbVertex
100
AcDb2dVertex
 10
20.79492187500082
 20
107.7659598214284
 30
0.0
  0
VERTEX
  5
24D
330
163
100
AcDbEntity
  8
1_ANYTOOL_1MMDEEP_LABELS_S
100
AcDbVertex
100
AcDb2dVertex
 10
20.99058314732228
 20
107.8028738839286
 30
0.0
  0
VERTEX
  5
24E
330
163
100
AcDbEntity
  8
1_ANYTOOL_1MMDEEP_LABELS_S
100
AcDbVertex
100
AcDb2dVertex
 10
21.19017857142944
 20
107.8339285714287
 30
0.0
  0
VERTEX
  5
24F
330
163
100
AcDbEntity
  8
1_ANYTOOL_1MMDEEP_LABELS_S
100
AcDbVertex
100
AcDb2dVertex
 10
21.39370814732232
 20
107.8591238839289
 30
0.0
  0
VERTEX
  5
250
330
163
100
AcDbEntity
  8
1_ANYTOOL_1MMDEEP_LABELS_S
100
AcDbVertex
100
AcDb2dVertex
 10
21.60117187500092
 20
107.8784598214291
 30
0.0
  0
VERTEX
  5
251
330
163
100
AcDbEntity
  8
1_ANYTOOL_1MMDEEP_LABELS_S
100
AcDbVertex
100
AcDb2dVertex
 10
21.81256975446522
 20
107.8919363839292
 30
0.0
  0
VERTEX
  5
252
330
163
100
AcDbEntity
  8
1_ANYTOOL_1MMDEEP_LABELS_S
100
AcDbVertex
100
AcDb2dVertex
 10
22.02790178571524
 20
107.8995535714295
 30
0.0
  0
VERTEX
  5
253
330
163
100
AcDbEntity
  8
1_ANYTOOL_1MMDEEP_LABELS_S
100
AcDbVertex
100
AcDb2dVertex
 10
22.24716796875098
 20
107.9013113839297
 30
0.0
  0
VERTEX
  5
254
330
163
100
AcDbEntity
  8
1_ANYTOOL_1MMDEEP_LABELS_S
100
AcDbVertex
100
AcDb2dVertex
 10
22.47036830357243
 20
107.8972098214299
 30
0.0
  0
VERTEX
  5
255
330
163
100
AcDbEntity
  8
1_ANYTOOL_1MMDEEP_LABELS_S
100
AcDbVertex
100
AcDb2dVertex
 10
22.69750279017959
 20
107.8872488839302
 30
0.0
  0
VERTEX
  5
256
330
163
100
AcDbEntity
  8
1_ANYTOOL_1MMDEEP_LABELS_S
100
AcDbVertex
100
AcDb2dVertex
 10
22.92857142857247
 20
107.8714285714304
 30
0.0
  0
VERTEX
  5
257
330
163
100
AcDbEntity
  8
1_ANYTOOL_1MMDEEP_LABELS_S
100
AcDbVertex
100
AcDb2dVertex
 10
23.15976562500106
 20
107.850167410716
 30
0.0
  0
VERTEX
  5
258
330
163
100
AcDbEntity
  8
1_ANYTOOL_1MMDEEP_LABELS_S
100
AcDbVertex
100
AcDb2dVertex
 10
23.38727678571536
 20
107.8238839285729
 30
0.0
  0
VERTEX
  5
259
330
163
100
AcDbEntity
  8
1_ANYTOOL_1MMDEEP_LABELS_S
100
AcDbVertex
100
AcDb2dVertex
 10
23.61110491071537
 20
107.7925781250013
 30
0.0
  0
VERTEX
  5
25A
330
163
100
AcDbEntity
  8
1_ANYTOOL_1MMDEEP_LABELS_S
100
AcDbVertex
100
AcDb2dVertex
 10
23.83125000000109
 20
107.7562500000012
 30
0.0
  0
VERTEX
  5
25B
330
163
100
AcDbEntity
  8
1_ANYTOOL_1MMDEEP_LABELS_S
100
AcDbVertex
100
AcDb2dVertex
 10
24.04771205357252
 20
107.7148995535724
 30
0.0
  0
VERTEX
  5
25C
330
163
100
AcDbEntity
  8
1_ANYTOOL_1MMDEEP_LABELS_S
100
AcDbVertex
100
AcDb2dVertex
 10
24.26049107142967
 20
107.6685267857151
 30
0.0
  0
VERTEX
  5
25D
330
163
100
AcDbEntity
  8
1_ANYTOOL_1MMDEEP_LABELS_S
100
AcDbVertex
100
AcDb2dVertex
 10
24.46958705357252
 20
107.6171316964292
 30
0.0
  0
VERTEX
  5
25E
330
163
100
AcDbEntity
  8
1_ANYTOOL_1MMDEEP_LABELS_S
100
AcDbVertex
100
AcDb2dVertex
 10
24.67500000000109
 20
107.5607142857148
 30
0.0
  0
VERTEX
  5
25F
330
163
100
AcDbEntity
  8
1_ANYTOOL_1MMDEEP_LABELS_S
100
AcDbVertex
100
AcDb2dVertex
 10
24.87672991071537
 20
107.4992745535718
 30
0.0
  0
VERTEX
  5
260
330
163
100
AcDbEntity
  8
1_ANYTOOL_1MMDEEP_LABELS_S
100
AcDbVertex
100
AcDb2dVertex
 10
25.07477678571536
 20
107.4328125000002
 30
0.0
  0
VERTEX
  5
261
330
163
100
AcDbEntity
  8
1_ANYTOOL_1MMDEEP_LABELS_S
100
AcDbVertex
100
AcDb2dVertex
 10
25.26914062500106
 20
107.361328125
 30
0.0
  0
VERTEX
  5
262
330
163
100
AcDbEntity
  8
1_ANYTOOL_1MMDEEP_LABELS_S
100
AcDbVertex
100
AcDb2dVertex
 10
25.45982142857247
 20
107.2848214285713
 30
0.0
  0
VERTEX
  5
263
330
163
100
AcDbEntity
  8
1_ANYTOOL_1MMDEEP_LABELS_S
100
AcDbVertex
100
AcDb2dVertex
 10
25.64681919642959
 20
107.203292410714
 30
0.0
  0
VERTEX
  5
264
330
163
100
AcDbEntity
  8
1_ANYTOOL_1MMDEEP_LABELS_S
100
AcDbVertex
100
AcDb2dVertex
 10
25.83013392857242
 20
107.1167410714281
 30
0.0
  0
VERTEX
  5
265
330
163
100
AcDbEntity
  8
1_ANYTOOL_1MMDEEP_LABELS_S
100
AcDbVertex
100
AcDb2dVertex
 10
26.00976562500097
 20
107.0251674107137
 30
0.0
  0
VERTEX
  5
266
330
163
100
AcDbEntity
  8
1_ANYTOOL_1MMDEEP_LABELS_S
100
AcDbVertex
100
AcDb2dVertex
 10
26.18571428571522
 20
106.9285714285706
 30
0.0
  0
VERTEX
  5
267
330
163
100
AcDbEntity
  8
1_ANYTOOL_1MMDEEP_LABELS_S
100
AcDbVertex
100
AcDb2dVertex
 10
26.35797991071519
 20
106.8269531249991
 30
0.0
  0
VERTEX
  5
268
330
163
100
AcDbEntity
  8
1_ANYTOOL_1MMDEEP_LABELS_S
100
AcDbVertex
100
AcDb2dVertex
 10
26.52656250000086
 20
106.7203124999989
 30
0.0
  0
VERTEX
  5
269
330
163
100
AcDbEntity
  8
1_ANYTOOL_1MMDEEP_LABELS_S
100
AcDbVertex
100
AcDb2dVertex
 10
26.69146205357225
 20
106.6086495535702
 30
0.0
  0
VERTEX
  5
26A
330
163
100
AcDbEntity
  8
1_ANYTOOL_1MMDEEP_LABELS_S
100
AcDbVertex
100
AcDb2dVertex
 10
26.85267857142935
 20
106.4919642857129
 30
0.0
  0
VERTEX
  5
26B
330
163
100
AcDbEntity
  8
1_ANYTOOL_1MMDEEP_LABELS_S
100
AcDbVertex
100
AcDb2dVertex
 10
27.01021205357216
 20
106.3702566964271
 30
0.0
  0
VERTEX
  5
26C
330
163
100
AcDbEntity
  8
1_ANYTOOL_1MMDEEP_LABELS_S
100
AcDbVertex
100
AcDb2dVertex
 10
27.16406250000068
 20
106.2435267857126
 30
0.0
  0
VERTEX
  5
26D
330
163
100
AcDbEntity
  8
1_ANYTOOL_1MMDEEP_LABELS_S
100
AcDbVertex
100
AcDb2dVertex
 10
27.31422991071491
 20
106.1117745535697
 30
0.0
  0
VERTEX
  5
26E
330
163
100
AcDbEntity
  8
1_ANYTOOL_1MMDEEP_LABELS_S
100
AcDbVertex
100
AcDb2dVertex
 10
27.46071428571486
 20
105.9749999999981
 30
0.0
  0
VERTEX
  5
26F
330
163
100
AcDbEntity
  8
1_ANYTOOL_1MMDEEP_LABELS_S
100
AcDbVertex
100
AcDb2dVertex
 10
27.60351562500051
 20
105.833203124998
 30
0.0
  0
VERTEX
  5
270
330
163
100
AcDbEntity
  8
1_ANYTOOL_1MMDEEP_LABELS_S
100
AcDbVertex
100
AcDb2dVertex
 10
27.74263392857188
 20
105.6863839285693
 30
0.0
  0
VERTEX
  5
271
330
163
100
AcDbEntity
  8
1_ANYTOOL_1MMDEEP_LABELS_S
100
AcDbVertex
100
AcDb2dVertex
 10
27.87806919642895
 20
105.534542410712
 30
0.0
  0
VERTEX
  5
272
330
163
100
AcDbEntity
  8
1_ANYTOOL_1MMDEEP_LABELS_S
100
AcDbVertex
100
AcDb2dVertex
 10
28.00982142857174
 20
105.3776785714261
 30
0.0
  0
VERTEX
  5
273
330
163
100
AcDbEntity
  8
1_ANYTOOL_1MMDEEP_LABELS_S
100
AcDbVertex
100
AcDb2dVertex
 10
28.13789062500024
 20
105.2157924107117
 30
0.0
  0
VERTEX
  5
274
330
163
100
AcDbEntity
  8
1_ANYTOOL_1MMDEEP_LABELS_S
100
AcDbVertex
100
AcDb2dVertex
 10
28.26227678571445
 20
105.0488839285688
 30
0.0
  0
VERTEX
  5
275
330
163
100
AcDbEntity
  8
1_ANYTOOL_1MMDEEP_LABELS_S
100
AcDbVertex
100
AcDb2dVertex
 10
28.38297991071437
 20
104.8769531249972
 30
0.0
  0
VERTEX
  5
276
330
163
100
AcDbEntity
  8
1_ANYTOOL_1MMDEEP_LABELS_S
100
AcDbVertex
100
AcDb2dVertex
 10
28.5
 20
104.6999999999971
 30
0.0
  0
VERTEX
  5
277
330
163
100
AcDbEntity
  8
1_ANYTOOL_1MMDEEP_LABELS_S
100
AcDbVertex
100
AcDb2dVertex
 10
28.7181361607142
 20
104.339229910712
 30
0.0
  0
VERTEX
  5
278
330
163
100
AcDbEntity
  8
1_ANYTOOL_1MMDEEP_LABELS_S
100
AcDbVertex
100
AcDb2dVertex
 10
28.92254464285696
 20
103.9747767857126
 30
0.0
  0
VERTEX
  5
279
330
163
100
AcDbEntity
  8
1_ANYTOOL_1MMDEEP_LABELS_S
100
AcDbVertex
100
AcDb2dVertex
 10
29.1132254464283
 20
103.6066406249988
 30
0.0
  0
VERTEX
  5
27A
330
163
100
AcDbEntity
  8
1_ANYTOOL_1MMDEEP_LABELS_S
100
AcDbVertex
100
AcDb2dVertex
 10
29.29017857142821
 20
103.2348214285707
 30
0.0
  0
VERTEX
  5
27B
330
163
100
AcDbEntity
  8
1_ANYTOOL_1MMDEEP_LABELS_S
100
AcDbVertex
100
AcDb2dVertex
 10
29.4534040178567
 20
102.8593191964283
 30
0.0
  0
VERTEX
  5
27C
330
163
100
AcDbEntity
  8
1_ANYTOOL_1MMDEEP_LABELS_S
100
AcDbVertex
100
AcDb2dVertex
 10
29.60290178571375
 20
102.4801339285715
 30
0.0
  0
VERTEX
  5
27D
330
163
100
AcDbEntity
  8
1_ANYTOOL_1MMDEEP_LABELS_S
100
AcDbVertex
100
AcDb2dVertex
 10
29.73867187499938
 20
102.0972656250003
 30
0.0
  0
VERTEX
  5
27E
330
163
100
AcDbEntity
  8
1_ANYTOOL_1MMDEEP_LABELS_S
100
AcDbVertex
100
AcDb2dVertex
 10
29.80140904017791
 20
101.9044503348219
 30
0.0
  0
VERTEX
  5
27F
330
163
100
AcDbEntity
  8
1_ANYTOOL_1MMDEEP_LABELS_S
100
AcDbVertex
100
AcDb2dVertex
 10
29.86071428571358
 20
101.7107142857149
 30
0.0
  0
VERTEX
  5
280
330
163
100
AcDbEntity
  8
1_ANYTOOL_1MMDEEP_LABELS_S
100
AcDbVertex
100
AcDb2dVertex
 10
29.9165876116064
 20
101.5160574776792
 30
0.0
  0
VERTEX
  5
281
330
163
100
AcDbEntity
  8
1_ANYTOOL_1MMDEEP_LABELS_S
100
AcDbVertex
100
AcDb2dVertex
 10
29.96902901785636
 20
101.320479910715
 30
0.0
  0
VERTEX
  5
282
330
163
100
AcDbEntity
  8
1_ANYTOOL_1MMDEEP_LABELS_S
100
AcDbVertex
100
AcDb2dVertex
 10
30.01803850446346
 20
101.1239815848222
 30
0.0
  0
VERTEX
  5
283
330
163
100
AcDbEntity
  8
1_ANYTOOL_1MMDEEP_LABELS_S
100
AcDbVertex
100
AcDb2dVertex
 10
30.0636160714277
 20
100.9265625000008
 30
0.0
  0
VERTEX
  5
284
330
163
100
AcDbEntity
  8
1_ANYTOOL_1MMDEEP_LABELS_S
100
AcDbVertex
100
AcDb2dVertex
 10
30.10576171874909
 20
100.7282226562509
 30
0.0
  0
VERTEX
  5
285
330
163
100
AcDbEntity
  8
1_ANYTOOL_1MMDEEP_LABELS_S
100
AcDbVertex
100
AcDb2dVertex
 10
30.14447544642762
 20
100.5289620535723
 30
0.0
  0
VERTEX
  5
286
330
163
100
AcDbEntity
  8
1_ANYTOOL_1MMDEEP_LABELS_S
100
AcDbVertex
100
AcDb2dVertex
 10
30.21160714285611
 20
100.1276785714294
 30
0.0
  0
VERTEX
  5
287
330
163
100
AcDbEntity
  8
1_ANYTOOL_1MMDEEP_LABELS_S
100
AcDbVertex
100
AcDb2dVertex
 10
30.26501116071317
 20
99.72271205357222
 30
0.0
  0
VERTEX
  5
288
330
163
100
AcDbEntity
  8
1_ANYTOOL_1MMDEEP_LABELS_S
100
AcDbVertex
100
AcDb2dVertex
 10
30.30468749999881
 20
99.31406250000066
 30
0.0
  0
VERTEX
  5
289
330
163
100
AcDbEntity
  8
1_ANYTOOL_1MMDEEP_LABELS_S
100
AcDbVertex
100
AcDb2dVertex
 10
30.33063616071301
 20
98.90172991071475
 30
0.0
  0
VERTEX
  5
28A
330
163
100
AcDbEntity
  8
1_ANYTOOL_1MMDEEP_LABELS_S
100
AcDbVertex
100
AcDb2dVertex
 10
30.34285714285579
 20
98.4857142857145
 30
0.0
  0
VERTEX
  5
28B
330
163
100
AcDbEntity
  8
1_ANYTOOL_1MMDEEP_LABELS_S
100
AcDbVertex
100
AcDb2dVertex
 10
30.34185267857043
 20
98.07539062499987
 30
0.0
  0
VERTEX
  5
28C
330
163
100
AcDbEntity
  8
1_ANYTOOL_1MMDEEP_LABELS_S
100
AcDbVertex
100
AcDb2dVertex
 10
30.32812499999932
 20
97.66941964285672
 30
0.0
  0
VERTEX
  5
28D
330
163
100
AcDbEntity
  8
1_ANYTOOL_1MMDEEP_LABELS_S
100
AcDbVertex
100
AcDb2dVertex
 10
30.30167410714245
 20
97.26780133928506
 30
0.0
  0
VERTEX
  5
28E
330
163
100
AcDbEntity
  8
1_ANYTOOL_1MMDEEP_LABELS_S
100
AcDbVertex
100
AcDb2dVertex
 10
30.26249999999982
 20
96.87053571428487
 30
0.0
  0
VERTEX
  5
28F
330
163
100
AcDbEntity
  8
1_ANYTOOL_1MMDEEP_LABELS_S
100
AcDbVertex
100
AcDb2dVertex
 10
30.21060267857143
 20
96.47762276785616
 30
0.0
  0
VERTEX
  5
290
330
163
100
AcDbEntity
  8
1_ANYTOOL_1MMDEEP_LABELS_S
100
AcDbVertex
100
AcDb2dVertex
 10
30.14598214285729
 20
96.08906249999893
 30
0.0
  0
VERTEX
  5
291
330
163
100
AcDbEntity
  8
1_ANYTOOL_1MMDEEP_LABELS_S
100
AcDbVertex
100
AcDb2dVertex
 10
30.06863839285739
 20
95.70485491071318
 30
0.0
  0
VERTEX
  5
292
330
163
100
AcDbEntity
  8
1_ANYTOOL_1MMDEEP_LABELS_S
100
AcDbVertex
100
AcDb2dVertex
 10
29.97857142857174
 20
95.32499999999891
 30
0.0
  0
VERTEX
  5
293
330
163
100
AcDbEntity
  8
1_ANYTOOL_1MMDEEP_LABELS_S
100
AcDbVertex
100
AcDb2dVertex
 10
29.87578125000033
 20
94.94949776785612
 30
0.0
  0
VERTEX
  5
294
330
163
100
AcDbEntity
  8
1_ANYTOOL_1MMDEEP_LABELS_S
100
AcDbVertex
100
AcDb2dVertex
 10
29.76026785714316
 20
94.5783482142848
 30
0.0
  0
VERTEX
  5
295
330
163
100
AcDbEntity
  8
1_ANYTOOL_1MMDEEP_LABELS_S
100
AcDbVertex
100
AcDb2dVertex
 10
29.63203125000024
 20
94.21155133928497
 30
0.0
  0
VERTEX
  5
296
330
163
100
AcDbEntity
  8
1_ANYTOOL_1MMDEEP_LABELS_S
100
AcDbVertex
100
AcDb2dVertex
 10
29.49107142857156
 20
93.84910714285661
 30
0.0
  0
VERTEX
  5
297
330
163
100
AcDbEntity
  8
1_ANYTOOL_1MMDEEP_LABELS_S
100
AcDbVertex
100
AcDb2dVertex
 10
29.33738839285712
 20
93.49101562499973
 30
0.0
  0
VERTEX
  5
298
330
163
100
AcDbEntity
  8
1_ANYTOOL_1MMDEEP_LABELS_S
100
AcDbVertex
100
AcDb2dVertex
 10
29.17098214285693
 20
93.13727678571433
 30
0.0
  0
VERTEX
  5
299
330
163
100
AcDbEntity
  8
1_ANYTOOL_1MMDEEP_LABELS_S
100
AcDbVertex
100
AcDb2dVertex
 10
28.99185267857098
 20
92.78789062500041
 30
0.0
  0
VERTEX
  5
29A
330
163
100
AcDbEntity
  8
1_ANYTOOL_1MMDEEP_LABELS_S
100
AcDbVertex
100
AcDb2dVertex
 10
28.79999999999927
 20
92.44285714285797
 30
0.0
  0
VERTEX
  5
29B
330
163
100
AcDbEntity
  8
1_ANYTOOL_1MMDEEP_LABELS_S
100
AcDbVertex
100
AcDb2dVertex
 10
28.69942801339221
 20
92.27410714285774
 30
0.0
  0
VERTEX
  5
29C
330
163
100
AcDbEntity
  8
1_ANYTOOL_1MMDEEP_LABELS_S
100
AcDbVertex
100
AcDb2dVertex
 10
28.59592633928514
 20
92.11071428571466
 30
0.0
  0
VERTEX
  5
29D
330
163
100
AcDbEntity
  8
1_ANYTOOL_1MMDEEP_LABELS_S
100
AcDbVertex
100
AcDb2dVertex
 10
28.48949497767808
 20
91.95267857142873
 30
0.0
  0
VERTEX
  5
29E
330
163
100
AcDbEntity
  8
1_ANYTOOL_1MMDEEP_LABELS_S
100
AcDbVertex
100
AcDb2dVertex
 10
28.38013392857101
 20
91.79999999999995
 30
0.0
  0
VERTEX
  5
29F
330
163
100
AcDbEntity
  8
1_ANYTOOL_1MMDEEP_LABELS_S
100
AcDbVertex
100
AcDb2dVertex
 10
28.26784319196395
 20
91.65267857142832
 30
0.0
  0
VERTEX
  5
2A0
330
163
100
AcDbEntity
  8
1_ANYTOOL_1MMDEEP_LABELS_S
100
AcDbVertex
100
AcDb2dVertex
 10
28.15262276785688
 20
91.51071428571385
 30
0.0
  0
VERTEX
  5
2A1
330
163
100
AcDbEntity
  8
1_ANYTOOL_1MMDEEP_LABELS_S
100
AcDbVertex
100
AcDb2dVertex
 10
28.03447265624982
 20
91.37410714285652
 30
0.0
  0
VERTEX
  5
2A2
330
163
100
AcDbEntity
  8
1_ANYTOOL_1MMDEEP_LABELS_S
100
AcDbVertex
100
AcDb2dVertex
 10
27.91339285714275
 20
91.24285714285634
 30
0.0
  0
VERTEX
  5
2A3
330
163
100
AcDbEntity
  8
1_ANYTOOL_1MMDEEP_LABELS_S
100
AcDbVertex
100
AcDb2dVertex
 10
27.78938337053569
 20
91.11696428571331
 30
0.0
  0
VERTEX
  5
2A4
330
163
100
AcDbEntity
  8
1_ANYTOOL_1MMDEEP_LABELS_S
100
AcDbVertex
100
AcDb2dVertex
 10
27.66244419642862
 20
90.99642857142743
 30
0.0
  0
VERTEX
  5
2A5
330
163
100
AcDbEntity
  8
1_ANYTOOL_1MMDEEP_LABELS_S
100
AcDbVertex
100
AcDb2dVertex
 10
27.53257533482156
 20
90.8812499999987
 30
0.0
  0
VERTEX
  5
2A6
330
163
100
AcDbEntity
  8
1_ANYTOOL_1MMDEEP_LABELS_S
100
AcDbVertex
100
AcDb2dVertex
 10
27.39977678571449
 20
90.77142857142712
 30
0.0
  0
VERTEX
  5
2A7
330
163
100
AcDbEntity
  8
1_ANYTOOL_1MMDEEP_LABELS_S
100
AcDbVertex
100
AcDb2dVertex
 10
27.33227887834846
 20
90.71852678571277
 30
0.0
  0
VERTEX
  5
2A8
330
163
100
AcDbEntity
  8
1_ANYTOOL_1MMDEEP_LABELS_S
100
AcDbVertex
100
AcDb2dVertex
 10
27.26404854910743
 20
90.6669642857127
 30
0.0
  0
VERTEX
  5
2A9
330
163
100
AcDbEntity
  8
1_ANYTOOL_1MMDEEP_LABELS_S
100
AcDbVertex
100
AcDb2dVertex
 10
27.1950857979914
 20
90.6167410714269
 30
0.0
  0
VERTEX
  5
2AA
330
163
100
AcDbEntity
  8
1_ANYTOOL_1MMDEEP_LABELS_S
100
AcDbVertex
100
AcDb2dVertex
 10
27.12539062500036
 20
90.56785714285542
 30
0.0
  0
VERTEX
  5
2AB
330
163
100
AcDbEntity
  8
1_ANYTOOL_1MMDEEP_LABELS_S
100
AcDbVertex
100
AcDb2dVertex
 10
27.05496303013433
 20
90.5203124999982
 30
0.0
  0
VERTEX
  5
2AC
330
163
100
AcDbEntity
  8
1_ANYTOOL_1MMDEEP_LABELS_S
100
AcDbVertex
100
AcDb2dVertex
 10
26.9838030133933
 20
90.47410714285529
 30
0.0
  0
VERTEX
  5
2AD
330
163
100
AcDbEntity
  8
1_ANYTOOL_1MMDEEP_LABELS_S
100
AcDbVertex
100
AcDb2dVertex
 10
26.91191057477727
 20
90.42924107142666
 30
0.0
  0
VERTEX
  5
2AE
330
163
100
AcDbEntity
  8
1_ANYTOOL_1MMDEEP_LABELS_S
100
AcDbVertex
100
AcDb2dVertex
 10
26.83928571428623
 20
90.38571428571231
 30
0.0
  0
VERTEX
  5
2AF
330
163
100
AcDbEntity
  8
1_ANYTOOL_1MMDEEP_LABELS_S
100
AcDbVertex
100
AcDb2dVertex
 10
26.7659284319202
 20
90.34352678571226
 30
0.0
  0
VERTEX
  5
2B0
330
163
100
AcDbEntity
  8
1_ANYTOOL_1MMDEEP_LABELS_S
100
AcDbVertex
100
AcDb2dVertex
 10
26.69183872767917
 20
90.30267857142648
 30
0.0
  0
VERTEX
  5
2B1
330
163
100
AcDbEntity
  8
1_ANYTOOL_1MMDEEP_LABELS_S
100
AcDbVertex
100
AcDb2dVertex
 10
26.61701660156314
 20
90.26316964285499
 30
0.0
  0
VERTEX
  5
2B2
330
163
100
AcDbEntity
  8
1_ANYTOOL_1MMDEEP_LABELS_S
100
AcDbVertex
100
AcDb2dVertex
 10
26.5414620535721
 20
90.2249999999978
 30
0.0
  0
VERTEX
  5
2B3
330
163
100
AcDbEntity
  8
1_ANYTOOL_1MMDEEP_LABELS_S
100
AcDbVertex
100
AcDb2dVertex
 10
26.46517508370607
 20
90.18816964285489
 30
0.0
  0
VERTEX
  5
2B4
330
163
100
AcDbEntity
  8
1_ANYTOOL_1MMDEEP_LABELS_S
100
AcDbVertex
100
AcDb2dVertex
 10
26.38815569196504
 20
90.15267857142628
 30
0.0
  0
VERTEX
  5
2B5
330
163
100
AcDbEntity
  8
1_ANYTOOL_1MMDEEP_LABELS_S
100
AcDbVertex
100
AcDb2dVertex
 10
26.31040387834901
 20
90.11852678571195
 30
0.0
  0
VERTEX
  5
2B6
330
163
100
AcDbEntity
  8
1_ANYTOOL_1MMDEEP_LABELS_S
100
AcDbVertex
100
AcDb2dVertex
 10
26.23191964285797
 20
90.0857142857119
 30
0.0
  0
VERTEX
  5
2B7
330
163
100
AcDbEntity
  8
1_ANYTOOL_1MMDEEP_LABELS_S
100
AcDbVertex
100
AcDb2dVertex
 10
26.15270298549194
 20
90.05424107142615
 30
0.0
  0
VERTEX
  5
2B8
330
163
100
AcDbEntity
  8
1_ANYTOOL_1MMDEEP_LABELS_S
100
AcDbVertex
100
AcDb2dVertex
 10
26.07275390625091
 20
90.02410714285467
 30
0.0
  0
VERTEX
  5
2B9
330
163
100
AcDbEntity
  8
1_ANYTOOL_1MMDEEP_LABELS_S
100
AcDbVertex
100
AcDb2dVertex
 10
25.99207240513488
 20
89.99531249999748
 30
0.0
  0
VERTEX
  5
2BA
330
163
100
AcDbEntity
  8
1_ANYTOOL_1MMDEEP_LABELS_S
100
AcDbVertex
100
AcDb2dVertex
 10
25.91065848214384
 20
89.9678571428546
 30
0.0
  0
VERTEX
  5
2BB
330
163
100
AcDbEntity
  8
1_ANYTOOL_1MMDEEP_LABELS_S
100
AcDbVertex
100
AcDb2dVertex
 10
25.74563337053678
 20
89.91696428571167
 30
0.0
  0
VERTEX
  5
2BC
330
163
100
AcDbEntity
  8
1_ANYTOOL_1MMDEEP_LABELS_S
100
AcDbVertex
100
AcDb2dVertex
 10
25.57767857142971
 20
89.8714285714259
 30
0.0
  0
VERTEX
  5
2BD
330
163
100
AcDbEntity
  8
1_ANYTOOL_1MMDEEP_LABELS_S
100
AcDbVertex
100
AcDb2dVertex
 10
25.40679408482265
 20
89.83124999999727
 30
0.0
  0
VERTEX
  5
2BE
330
163
100
AcDbEntity
  8
1_ANYTOOL_1MMDEEP_LABELS_S
100
AcDbVertex
100
AcDb2dVertex
 10
25.23297991071558
 20
89.79642857142579
 30
0.0
  0
VERTEX
  5
2BF
330
163
100
AcDbEntity
  8
1_ANYTOOL_1MMDEEP_LABELS_S
100
AcDbVertex
100
AcDb2dVertex
 10
25.05623604910852
 20
89.76696428571147
 30
0.0
  0
VERTEX
  5
2C0
330
163
100
AcDbEntity
  8
1_ANYTOOL_1MMDEEP_LABELS_S
100
AcDbVertex
100
AcDb2dVertex
 10
24.87656250000146
 20
89.74285714285429
 30
0.0
  0
VERTEX
  5
2C1
330
163
100
AcDbEntity
  8
1_ANYTOOL_1MMDEEP_LABELS_S
100
AcDbVertex
100
AcDb2dVertex
 10
24.69395926339439
 20
89.72410714285427
 30
0.0
  0
VERTEX
  5
2C2
330
163
100
AcDbEntity
  8
1_ANYTOOL_1MMDEEP_LABELS_S
100
AcDbVertex
100
AcDb2dVertex
 10
24.50842633928733
 20
89.71071428571139
 30
0.0
  0
VERTEX
  5
2C3
330
163
100
AcDbEntity
  8
1_ANYTOOL_1MMDEEP_LABELS_S
100
AcDbVertex
100
AcDb2dVertex
 10
24.31996372768026
 20
89.70267857142566
 30
0.0
  0
VERTEX
  5
2C4
330
163
100
AcDbEntity
  8
1_ANYTOOL_1MMDEEP_LABELS_S
100
AcDbVertex
100
AcDb2dVertex
 10
24.1285714285732
 20
89.69999999999709
 30
0.0
  0
SEQEND
  5
2C5
330
163
100
AcDbEntity
  8
1_ANYTOOL_1MMDEEP_LABELS_S
  0
LINE
  5
2C6
330
1F
100
AcDbEntity
  8
1_ANYTOOL_1MMDEEP_LABELS_S
100
AcDbLine
 10
16.11428571428405
 20
120.7285714285681
 30
0.0
 11
16.20000000000073
 21
111.942857142858
 31
0.0
  0
POLYLINE
  5
2C7
330
1F
100
AcDbEntity
  8
1_ANYTOOL_1MMDEEP_LABELS_S
100
AcDb2dPolyline
 66
     1
 10
0.0
 20
0.0
 30
0.0
  0
VERTEX
  5
2C8
330
2C7
100
AcDbEntity
  8
1_ANYTOOL_1MMDEEP_LABELS_S
100
AcDbVertex
100
AcDb2dVertex
 10
14.22857142857174
 20
132.8142857142884
 30
0.0
  0
VERTEX
  5
2C9
330
2C7
100
AcDbEntity
  8
1_ANYTOOL_1MMDEEP_LABELS_S
100
AcDbVertex
100
AcDb2dVertex
 10
14.25552455357187
 20
133.2513950892884
 30
0.0
  0
VERTEX
  5
2CA
330
2C7
100
AcDbEntity
  8
1_ANYTOOL_1MMDEEP_LABELS_S
100
AcDbVertex
100
AcDb2dVertex
 10
14.29352678571485
 20
133.6841517857169
 30
0.0
  0
VERTEX
  5
2CB
330
2C7
100
AcDbEntity
  8
1_ANYTOOL_1MMDEEP_LABELS_S
100
AcDbVertex
100
AcDb2dVertex
 10
14.34257812500066
 20
134.1125558035741
 30
0.0
  0
VERTEX
  5
2CC
330
2C7
100
AcDbEntity
  8
1_ANYTOOL_1MMDEEP_LABELS_S
100
AcDbVertex
100
AcDb2dVertex
 10
14.40267857142931
 20
134.5366071428598
 30
0.0
  0
VERTEX
  5
2CD
330
2C7
100
AcDbEntity
  8
1_ANYTOOL_1MMDEEP_LABELS_S
100
AcDbVertex
100
AcDb2dVertex
 10
14.47382812500079
 20
134.9563058035741
 30
0.0
  0
VERTEX
  5
2CE
330
2C7
100
AcDbEntity
  8
1_ANYTOOL_1MMDEEP_LABELS_S
100
AcDbVertex
100
AcDb2dVertex
 10
14.55602678571512
 20
135.3716517857169
 30
0.0
  0
VERTEX
  5
2CF
330
2C7
100
AcDbEntity
  8
1_ANYTOOL_1MMDEEP_LABELS_S
100
AcDbVertex
100
AcDb2dVertex
 10
14.64927455357228
 20
135.7826450892884
 30
0.0
  0
VERTEX
  5
2D0
330
2C7
100
AcDbEntity
  8
1_ANYTOOL_1MMDEEP_LABELS_S
100
AcDbVertex
100
AcDb2dVertex
 10
14.75357142857229
 20
136.1892857142884
 30
0.0
  0
VERTEX
  5
2D1
330
2C7
100
AcDbEntity
  8
1_ANYTOOL_1MMDEEP_LABELS_S
100
AcDbVertex
100
AcDb2dVertex
 10
14.86891741071513
 20
136.591573660717
 30
0.0
  0
VERTEX
  5
2D2
330
2C7
100
AcDbEntity
  8
1_ANYTOOL_1MMDEEP_LABELS_S
100
AcDbVertex
100
AcDb2dVertex
 10
14.99531250000081
 20
136.9895089285742
 30
0.0
  0
VERTEX
  5
2D3
330
2C7
100
AcDbEntity
  8
1_ANYTOOL_1MMDEEP_LABELS_S
100
AcDbVertex
100
AcDb2dVertex
 10
15.13275669642933
 20
137.38309151786
 30
0.0
  0
VERTEX
  5
2D4
330
2C7
100
AcDbEntity
  8
1_ANYTOOL_1MMDEEP_LABELS_S
100
AcDbVertex
100
AcDb2dVertex
 10
15.28125000000068
 20
137.7723214285743
 30
0.0
  0
VERTEX
  5
2D5
330
2C7
100
AcDbEntity
  8
1_ANYTOOL_1MMDEEP_LABELS_S
100
AcDbVertex
100
AcDb2dVertex
 10
15.44079241071488
 20
138.1571986607172
 30
0.0
  0
VERTEX
  5
2D6
330
2C7
100
AcDbEntity
  8
1_ANYTOOL_1MMDEEP_LABELS_S
100
AcDbVertex
100
AcDb2dVertex
 10
15.61138392857191
 20
138.5377232142887
 30
0.0
  0
VERTEX
  5
2D7
330
2C7
100
AcDbEntity
  8
1_ANYTOOL_1MMDEEP_LABELS_S
100
AcDbVertex
100
AcDb2dVertex
 10
15.79302455357178
 20
138.9138950892888
 30
0.0
  0
VERTEX
  5
2D8
330
2C7
100
AcDbEntity
  8
1_ANYTOOL_1MMDEEP_LABELS_S
100
AcDbVertex
100
AcDb2dVertex
 10
15.98571428571449
 20
139.2857142857174
 30
0.0
  0
VERTEX
  5
2D9
330
2C7
100
AcDbEntity
  8
1_ANYTOOL_1MMDEEP_LABELS_S
100
AcDbVertex
100
AcDb2dVertex
 10
16.08457031250017
 20
139.467647879467
 30
0.0
  0
VERTEX
  5
2DA
330
2C7
100
AcDbEntity
  8
1_ANYTOOL_1MMDEEP_LABELS_S
100
AcDbVertex
100
AcDb2dVertex
 10
16.18828125000013
 20
139.6438058035737
 30
0.0
  0
VERTEX
  5
2DB
330
2C7
100
AcDbEntity
  8
1_ANYTOOL_1MMDEEP_LABELS_S
100
AcDbVertex
100
AcDb2dVertex
 10
16.24195731026797
 20
139.729718889511
 30
0.0
  0
VERTEX
  5
2DC
330
2C7
100
AcDbEntity
  8
1_ANYTOOL_1MMDEEP_LABELS_S
100
AcDbVertex
100
AcDb2dVertex
 10
16.29684709821438
 20
139.8141880580376
 30
0.0
  0
VERTEX
  5
2DD
330
2C7
100
AcDbEntity
  8
1_ANYTOOL_1MMDEEP_LABELS_S
100
AcDbVertex
100
AcDb2dVertex
 10
16.35295061383936
 20
139.8972133091535
 30
0.0
  0
VERTEX
  5
2DE
330
2C7
100
AcDbEntity
  8
1_ANYTOOL_1MMDEEP_LABELS_S
100
AcDbVertex
100
AcDb2dVertex
 10
16.41026785714291
 20
139.9787946428587
 30
0.0
  0
VERTEX
  5
2DF
330
2C7
100
AcDbEntity
  8
1_ANYTOOL_1MMDEEP_LABELS_S
100
AcDbVertex
100
AcDb2dVertex
 10
16.46879882812504
 20
140.0589320591532
 30
0.0
  0
VERTEX
  5
2E0
330
2C7
100
AcDbEntity
  8
1_ANYTOOL_1MMDEEP_LABELS_S
100
AcDbVertex
100
AcDb2dVertex
 10
16.52854352678573
 20
140.1376255580369
 30
0.0
  0
VERTEX
  5
2E1
330
2C7
100
AcDbEntity
  8
1_ANYTOOL_1MMDEEP_LABELS_S
100
AcDbVertex
100
AcDb2dVertex
 10
16.589501953125
 20
140.21487513951
 30
0.0
  0
VERTEX
  5
2E2
330
2C7
100
AcDbEntity
  8
1_ANYTOOL_1MMDEEP_LABELS_S
100
AcDbVertex
100
AcDb2dVertex
 10
16.65167410714284
 20
140.2906808035723
 30
0.0
  0
VERTEX
  5
2E3
330
2C7
100
AcDbEntity
  8
1_ANYTOOL_1MMDEEP_LABELS_S
100
AcDbVertex
100
AcDb2dVertex
 10
16.71505998883925
 20
140.3650425502239
 30
0.0
  0
VERTEX
  5
2E4
330
2C7
100
AcDbEntity
  8
1_ANYTOOL_1MMDEEP_LABELS_S
100
AcDbVertex
100
AcDb2dVertex
 10
16.77965959821423
 20
140.4379603794648
 30
0.0
  0
VERTEX
  5
2E5
330
2C7
100
AcDbEntity
  8
1_ANYTOOL_1MMDEEP_LABELS_S
100
AcDbVertex
100
AcDb2dVertex
 10
16.84547293526779
 20
140.509434291295
 30
0.0
  0
VERTEX
  5
2E6
330
2C7
100
AcDbEntity
  8
1_ANYTOOL_1MMDEEP_LABELS_S
100
AcDbVertex
100
AcDb2dVertex
 10
16.91249999999991
 20
140.5794642857145
 30
0.0
  0
VERTEX
  5
2E7
330
2C7
100
AcDbEntity
  8
1_ANYTOOL_1MMDEEP_LABELS_S
100
AcDbVertex
100
AcDb2dVertex
 10
16.98074079241061
 20
140.6480503627233
 30
0.0
  0
VERTEX
  5
2E8
330
2C7
100
AcDbEntity
  8
1_ANYTOOL_1MMDEEP_LABELS_S
100
AcDbVertex
100
AcDb2dVertex
 10
17.05019531249987
 20
140.7151925223213
 30
0.0
  0
VERTEX
  5
2E9
330
2C7
100
AcDbEntity
  8
1_ANYTOOL_1MMDEEP_LABELS_S
100
AcDbVertex
100
AcDb2dVertex
 10
17.12086356026771
 20
140.7808907645087
 30
0.0
  0
VERTEX
  5
2EA
330
2C7
100
AcDbEntity
  8
1_ANYTOOL_1MMDEEP_LABELS_S
100
AcDbVertex
100
AcDb2dVertex
 10
17.19274553571412
 20
140.8451450892853
 30
0.0
  0
VERTEX
  5
2EB
330
2C7
100
AcDbEntity
  8
1_ANYTOOL_1MMDEEP_LABELS_S
100
AcDbVertex
100
AcDb2dVertex
 10
17.26584123883911
 20
140.9079554966513
 30
0.0
  0
VERTEX
  5
2EC
330
2C7
100
AcDbEntity
  8
1_ANYTOOL_1MMDEEP_LABELS_S
100
AcDbVertex
100
AcDb2dVertex
 10
17.34015066964266
 20
140.9693219866065
 30
0.0
  0
VERTEX
  5
2ED
330
2C7
100
AcDbEntity
  8
1_ANYTOOL_1MMDEEP_LABELS_S
100
AcDbVertex
100
AcDb2dVertex
 10
17.41567382812479
 20
141.029244559151
 30
0.0
  0
VERTEX
  5
2EE
330
2C7
100
AcDbEntity
  8
1_ANYTOOL_1MMDEEP_LABELS_S
100
AcDbVertex
100
AcDb2dVertex
 10
17.49241071428548
 20
141.0877232142848
 30
0.0
  0
VERTEX
  5
2EF
330
2C7
100
AcDbEntity
  8
1_ANYTOOL_1MMDEEP_LABELS_S
100
AcDbVertex
100
AcDb2dVertex
 10
17.57036132812475
 20
141.1447579520079
 30
0.0
  0
VERTEX
  5
2F0
330
2C7
100
AcDbEntity
  8
1_ANYTOOL_1MMDEEP_LABELS_S
100
AcDbVertex
100
AcDb2dVertex
 10
17.64952566964259
 20
141.2003487723202
 30
0.0
  0
VERTEX
  5
2F1
330
2C7
100
AcDbEntity
  8
1_ANYTOOL_1MMDEEP_LABELS_S
100
AcDbVertex
100
AcDb2dVertex
 10
17.72990373883901
 20
141.2544956752219
 30
0.0
  0
VERTEX
  5
2F2
330
2C7
100
AcDbEntity
  8
1_ANYTOOL_1MMDEEP_LABELS_S
100
AcDbVertex
100
AcDb2dVertex
 10
17.81149553571399
 20
141.3071986607129
 30
0.0
  0
VERTEX
  5
2F3
330
2C7
100
AcDbEntity
  8
1_ANYTOOL_1MMDEEP_LABELS_S
100
AcDbVertex
100
AcDb2dVertex
 10
17.89430106026754
 20
141.3584577287931
 30
0.0
  0
VERTEX
  5
2F4
330
2C7
100
AcDbEntity
  8
1_ANYTOOL_1MMDEEP_LABELS_S
100
AcDbVertex
100
AcDb2dVertex
 10
17.97832031249967
 20
141.4082728794626
 30
0.0
  0
VERTEX
  5
2F5
330
2C7
100
AcDbEntity
  8
1_ANYTOOL_1MMDEEP_LABELS_S
100
AcDbVertex
100
AcDb2dVertex
 10
18.06355329241037
 20
141.4566441127214
 30
0.0
  0
VERTEX
  5
2F6
330
2C7
100
AcDbEntity
  8
1_ANYTOOL_1MMDEEP_LABELS_S
100
AcDbVertex
100
AcDb2dVertex
 10
18.14999999999964
 20
141.5035714285696
 30
0.0
  0
VERTEX
  5
2F7
330
2C7
100
AcDbEntity
  8
1_ANYTOOL_1MMDEEP_LABELS_S
100
AcDbVertex
100
AcDb2dVertex
 10
18.23766043526748
 20
141.549054827007
 30
0.0
  0
VERTEX
  5
2F8
330
2C7
100
AcDbEntity
  8
1_ANYTOOL_1MMDEEP_LABELS_S
100
AcDbVertex
100
AcDb2dVertex
 10
18.32653459821389
 20
141.5930943080336
 30
0.0
  0
VERTEX
  5
2F9
330
2C7
100
AcDbEntity
  8
1_ANYTOOL_1MMDEEP_LABELS_S
100
AcDbVertex
100
AcDb2dVertex
 10
18.41662248883888
 20
141.6356898716496
 30
0.0
  0
VERTEX
  5
2FA
330
2C7
100
AcDbEntity
  8
1_ANYTOOL_1MMDEEP_LABELS_S
100
AcDbVertex
100
AcDb2dVertex
 10
18.50792410714243
 20
141.6768415178549
 30
0.0
  0
VERTEX
  5
2FB
330
2C7
100
AcDbEntity
  8
1_ANYTOOL_1MMDEEP_LABELS_S
100
AcDbVertex
100
AcDb2dVertex
 10
18.60043945312456
 20
141.7165492466494
 30
0.0
  0
VERTEX
  5
2FC
330
2C7
100
AcDbEntity
  8
1_ANYTOOL_1MMDEEP_LABELS_S
100
AcDbVertex
100
AcDb2dVertex
 10
18.69416852678525
 20
141.7548130580333
 30
0.0
  0
VERTEX
  5
2FD
330
2C7
100
AcDbEntity
  8
1_ANYTOOL_1MMDEEP_LABELS_S
100
AcDbVertex
100
AcDb2dVertex
 10
18.88526785714237
 20
141.8270089285688
 30
0.0
  0
VERTEX
  5
2FE
330
2C7
100
AcDbEntity
  8
1_ANYTOOL_1MMDEEP_LABELS_S
100
AcDbVertex
100
AcDb2dVertex
 10
19.08122209821376
 20
141.8934291294615
 30
0.0
  0
VERTEX
  5
2FF
330
2C7
100
AcDbEntity
  8
1_ANYTOOL_1MMDEEP_LABELS_S
100
AcDbVertex
100
AcDb2dVertex
 10
19.28203124999945
 20
141.9540736607114
 30
0.0
  0
VERTEX
  5
300
330
2C7
100
AcDbEntity
  8
1_ANYTOOL_1MMDEEP_LABELS_S
100
AcDbVertex
100
AcDb2dVertex
 10
19.48769531249942
 20
142.0089425223184
 30
0.0
  0
VERTEX
  5
301
330
2C7
100
AcDbEntity
  8
1_ANYTOOL_1MMDEEP_LABELS_S
100
AcDbVertex
100
AcDb2dVertex
 10
19.69821428571368
 20
142.0580357142826
 30
0.0
  0
VERTEX
  5
302
330
2C7
100
AcDbEntity
  8
1_ANYTOOL_1MMDEEP_LABELS_S
100
AcDbVertex
100
AcDb2dVertex
 10
19.91358816964222
 20
142.1013532366039
 30
0.0
  0
VERTEX
  5
303
330
2C7
100
AcDbEntity
  8
1_ANYTOOL_1MMDEEP_LABELS_S
100
AcDbVertex
100
AcDb2dVertex
 10
20.13381696428505
 20
142.1388950892824
 30
0.0
  0
VERTEX
  5
304
330
2C7
100
AcDbEntity
  8
1_ANYTOOL_1MMDEEP_LABELS_S
100
AcDbVertex
100
AcDb2dVertex
 10
20.35890066964216
 20
142.1706612723181
 30
0.0
  0
VERTEX
  5
305
330
2C7
100
AcDbEntity
  8
1_ANYTOOL_1MMDEEP_LABELS_S
100
AcDbVertex
100
AcDb2dVertex
 10
20.58883928571356
 20
142.1966517857109
 30
0.0
  0
VERTEX
  5
306
330
2C7
100
AcDbEntity
  8
1_ANYTOOL_1MMDEEP_LABELS_S
100
AcDbVertex
100
AcDb2dVertex
 10
20.82363281249925
 20
142.2168666294608
 30
0.0
  0
VERTEX
  5
307
330
2C7
100
AcDbEntity
  8
1_ANYTOOL_1MMDEEP_LABELS_S
100
AcDbVertex
100
AcDb2dVertex
 10
21.06328124999922
 20
142.2313058035679
 30
0.0
  0
VERTEX
  5
308
330
2C7
100
AcDbEntity
  8
1_ANYTOOL_1MMDEEP_LABELS_S
100
AcDbVertex
100
AcDb2dVertex
 10
21.30778459821348
 20
142.2399693080322
 30
0.0
  0
VERTEX
  5
309
330
2C7
100
AcDbEntity
  8
1_ANYTOOL_1MMDEEP_LABELS_S
100
AcDbVertex
100
AcDb2dVertex
 10
21.55714285714203
 20
142.2428571428536
 30
0.0
  0
VERTEX
  5
30A
330
2C7
100
AcDbEntity
  8
1_ANYTOOL_1MMDEEP_LABELS_S
100
AcDbVertex
100
AcDb2dVertex
 10
21.83592354910631
 20
142.2404296874965
 30
0.0
  0
VERTEX
  5
30B
330
2C7
100
AcDbEntity
  8
1_ANYTOOL_1MMDEEP_LABELS_S
100
AcDbVertex
100
AcDb2dVertex
 10
22.10976562499917
 20
142.2331473214251
 30
0.0
  0
VERTEX
  5
30C
330
2C7
100
AcDbEntity
  8
1_ANYTOOL_1MMDEEP_LABELS_S
100
AcDbVertex
100
AcDb2dVertex
 10
22.3786690848206
 20
142.2210100446394
 30
0.0
  0
VERTEX
  5
30D
330
2C7
100
AcDbEntity
  8
1_ANYTOOL_1MMDEEP_LABELS_S
100
AcDbVertex
100
AcDb2dVertex
 10
22.6426339285706
 20
142.2040178571394
 30
0.0
  0
VERTEX
  5
30E
330
2C7
100
AcDbEntity
  8
1_ANYTOOL_1MMDEEP_LABELS_S
100
AcDbVertex
100
AcDb2dVertex
 10
22.90166015624918
 20
142.1821707589252
 30
0.0
  0
VERTEX
  5
30F
330
2C7
100
AcDbEntity
  8
1_ANYTOOL_1MMDEEP_LABELS_S
100
AcDbVertex
100
AcDb2dVertex
 10
23.15574776785633
 20
142.1554687499967
 30
0.0
  0
VERTEX
  5
310
330
2C7
100
AcDbEntity
  8
1_ANYTOOL_1MMDEEP_LABELS_S
100
AcDbVertex
100
AcDb2dVertex
 10
23.40489676339205
 20
142.123911830354
 30
0.0
  0
VERTEX
  5
311
330
2C7
100
AcDbEntity
  8
1_ANYTOOL_1MMDEEP_LABELS_S
100
AcDbVertex
100
AcDb2dVertex
 10
23.64910714285634
 20
142.0874999999969
 30
0.0
  0
VERTEX
  5
312
330
2C7
100
AcDbEntity
  8
1_ANYTOOL_1MMDEEP_LABELS_S
100
AcDbVertex
100
AcDb2dVertex
 10
23.8883789062492
 20
142.0462332589256
 30
0.0
  0
VERTEX
  5
313
330
2C7
100
AcDbEntity
  8
1_ANYTOOL_1MMDEEP_LABELS_S
100
AcDbVertex
100
AcDb2dVertex
 10
24.12271205357064
 20
142.00011160714
 30
0.0
  0
VERTEX
  5
314
330
2C7
100
AcDbEntity
  8
1_ANYTOOL_1MMDEEP_LABELS_S
100
AcDbVertex
100
AcDb2dVertex
 10
24.35210658482065
 20
141.9491350446402
 30
0.0
  0
VERTEX
  5
315
330
2C7
100
AcDbEntity
  8
1_ANYTOOL_1MMDEEP_LABELS_S
100
AcDbVertex
100
AcDb2dVertex
 10
24.57656249999923
 20
141.893303571426
 30
0.0
  0
VERTEX
  5
316
330
2C7
100
AcDbEntity
  8
1_ANYTOOL_1MMDEEP_LABELS_S
100
AcDbVertex
100
AcDb2dVertex
 10
24.79607979910638
 20
141.8326171874976
 30
0.0
  0
VERTEX
  5
317
330
2C7
100
AcDbEntity
  8
1_ANYTOOL_1MMDEEP_LABELS_S
100
AcDbVertex
100
AcDb2dVertex
 10
25.01065848214211
 20
141.767075892855
 30
0.0
  0
VERTEX
  5
318
330
2C7
100
AcDbEntity
  8
1_ANYTOOL_1MMDEEP_LABELS_S
100
AcDbVertex
100
AcDb2dVertex
 10
25.2202985491064
 20
141.696679687498
 30
0.0
  0
VERTEX
  5
319
330
2C7
100
AcDbEntity
  8
1_ANYTOOL_1MMDEEP_LABELS_S
100
AcDbVertex
100
AcDb2dVertex
 10
25.42499999999927
 20
141.6214285714268
 30
0.0
  0
VERTEX
  5
31A
330
2C7
100
AcDbEntity
  8
1_ANYTOOL_1MMDEEP_LABELS_S
100
AcDbVertex
100
AcDb2dVertex
 10
25.62476283482071
 20
141.5413225446413
 30
0.0
  0
VERTEX
  5
31B
330
2C7
100
AcDbEntity
  8
1_ANYTOOL_1MMDEEP_LABELS_S
100
AcDbVertex
100
AcDb2dVertex
 10
25.81958705357073
 20
141.4563616071416
 30
0.0
  0
VERTEX
  5
31C
330
2C7
100
AcDbEntity
  8
1_ANYTOOL_1MMDEEP_LABELS_S
100
AcDbVertex
100
AcDb2dVertex
 10
26.00947265624932
 20
141.3665457589275
 30
0.0
  0
VERTEX
  5
31D
330
2C7
100
AcDbEntity
  8
1_ANYTOOL_1MMDEEP_LABELS_S
100
AcDbVertex
100
AcDb2dVertex
 10
26.19441964285647
 20
141.2718749999992
 30
0.0
  0
VERTEX
  5
31E
330
2C7
100
AcDbEntity
  8
1_ANYTOOL_1MMDEEP_LABELS_S
100
AcDbVertex
100
AcDb2dVertex
 10
26.3744280133922
 20
141.1723493303567
 30
0.0
  0
VERTEX
  5
31F
330
2C7
100
AcDbEntity
  8
1_ANYTOOL_1MMDEEP_LABELS_S
100
AcDbVertex
100
AcDb2dVertex
 10
26.54949776785651
 20
141.0679687499998
 30
0.0
  0
VERTEX
  5
320
330
2C7
100
AcDbEntity
  8
1_ANYTOOL_1MMDEEP_LABELS_S
100
AcDbVertex
100
AcDb2dVertex
 10
26.71962890624938
 20
140.9587332589287
 30
0.0
  0
VERTEX
  5
321
330
2C7
100
AcDbEntity
  8
1_ANYTOOL_1MMDEEP_LABELS_S
100
AcDbVertex
100
AcDb2dVertex
 10
26.88482142857083
 20
140.8446428571433
 30
0.0
  0
VERTEX
  5
322
330
2C7
100
AcDbEntity
  8
1_ANYTOOL_1MMDEEP_LABELS_S
100
AcDbVertex
100
AcDb2dVertex
 10
27.04507533482085
 20
140.7256975446437
 30
0.0
  0
VERTEX
  5
323
330
2C7
100
AcDbEntity
  8
1_ANYTOOL_1MMDEEP_LABELS_S
100
AcDbVertex
100
AcDb2dVertex
 10
27.20039062499944
 20
140.6018973214297
 30
0.0
  0
VERTEX
  5
324
330
2C7
100
AcDbEntity
  8
1_ANYTOOL_1MMDEEP_LABELS_S
100
AcDbVertex
100
AcDb2dVertex
 10
27.35076729910661
 20
140.4732421875015
 30
0.0
  0
VERTEX
  5
325
330
2C7
100
AcDbEntity
  8
1_ANYTOOL_1MMDEEP_LABELS_S
100
AcDbVertex
100
AcDb2dVertex
 10
27.4241036551334
 20
140.4070940290196
 30
0.0
  0
VERTEX
  5
326
330
2C7
100
AcDbEntity
  8
1_ANYTOOL_1MMDEEP_LABELS_S
100
AcDbVertex
100
AcDb2dVertex
 10
27.49620535714234
 20
140.339732142859
 30
0.0
  0
VERTEX
  5
327
330
2C7
100
AcDbEntity
  8
1_ANYTOOL_1MMDEEP_LABELS_S
100
AcDbVertex
100
AcDb2dVertex
 10
27.56707240513343
 20
140.2711565290199
 30
0.0
  0
VERTEX
  5
328
330
2C7
100
AcDbEntity
  8
1_ANYTOOL_1MMDEEP_LABELS_S
100
AcDbVertex
100
AcDb2dVertex
 10
27.63670479910665
 20
140.2013671875023
 30
0.0
  0
VERTEX
  5
329
330
2C7
100
AcDbEntity
  8
1_ANYTOOL_1MMDEEP_LABELS_S
100
AcDbVertex
100
AcDb2dVertex
 10
27.70510253906202
 20
140.1303641183061
 30
0.0
  0
VERTEX
  5
32A
330
2C7
100
AcDbEntity
  8
1_ANYTOOL_1MMDEEP_LABELS_S
100
AcDbVertex
100
AcDb2dVertex
 10
27.77226562499953
 20
140.0581473214312
 30
0.0
  0
VERTEX
  5
32B
330
2C7
100
AcDbEntity
  8
1_ANYTOOL_1MMDEEP_LABELS_S
100
AcDbVertex
100
AcDb2dVertex
 10
27.83819405691919
 20
139.9847167968779
 30
0.0
  0
VERTEX
  5
32C
330
2C7
100
AcDbEntity
  8
1_ANYTOOL_1MMDEEP_LABELS_S
100
AcDbVertex
100
AcDb2dVertex
 10
27.90288783482099
 20
139.910072544646
 30
0.0
  0
VERTEX
  5
32D
330
2C7
100
AcDbEntity
  8
1_ANYTOOL_1MMDEEP_LABELS_S
100
AcDbVertex
100
AcDb2dVertex
 10
28.02857142857101
 20
139.7571428571464
 30
0.0
  0
VERTEX
  5
32E
330
2C7
100
AcDbEntity
  8
1_ANYTOOL_1MMDEEP_LABELS_S
100
AcDbVertex
100
AcDb2dVertex
 10
28.14986049107104
 20
139.6000279017892
 30
0.0
  0
VERTEX
  5
32F
330
2C7
100
AcDbEntity
  8
1_ANYTOOL_1MMDEEP_LABELS_S
100
AcDbVertex
100
AcDb2dVertex
 10
28.26729910714249
 20
139.4393973214321
 30
0.0
  0
VERTEX
  5
330
330
2C7
100
AcDbEntity
  8
1_ANYTOOL_1MMDEEP_LABELS_S
100
AcDbVertex
100
AcDb2dVertex
 10
28.38088727678537
 20
139.2752511160749
 30
0.0
  0
VERTEX
  5
331
330
2C7
100
AcDbEntity
  8
1_ANYTOOL_1MMDEEP_LABELS_S
100
AcDbVertex
100
AcDb2dVertex
 10
28.49062499999968
 20
139.1075892857177
 30
0.0
  0
VERTEX
  5
332
330
2C7
100
AcDbEntity
  8
1_ANYTOOL_1MMDEEP_LABELS_S
100
AcDbVertex
100
AcDb2dVertex
 10
28.59651227678542
 20
138.9364118303606
 30
0.0
  0
VERTEX
  5
333
330
2C7
100
AcDbEntity
  8
1_ANYTOOL_1MMDEEP_LABELS_S
100
AcDbVertex
100
AcDb2dVertex
 10
28.69854910714258
 20
138.7617187500034
 30
0.0
  0
VERTEX
  5
334
330
2C7
100
AcDbEntity
  8
1_ANYTOOL_1MMDEEP_LABELS_S
100
AcDbVertex
100
AcDb2dVertex
 10
28.79673549107117
 20
138.5835100446462
 30
0.0
  0
VERTEX
  5
335
330
2C7
100
AcDbEntity
  8
1_ANYTOOL_1MMDEEP_LABELS_S
100
AcDbVertex
100
AcDb2dVertex
 10
28.89107142857119
 20
138.401785714289
 30
0.0
  0
VERTEX
  5
336
330
2C7
100
AcDbEntity
  8
1_ANYTOOL_1MMDEEP_LABELS_S
100
AcDbVertex
100
AcDb2dVertex
 10
28.98155691964264
 20
138.2165457589318
 30
0.0
  0
VERTEX
  5
337
330
2C7
100
AcDbEntity
  8
1_ANYTOOL_1MMDEEP_LABELS_S
100
AcDbVertex
100
AcDb2dVertex
 10
29.06819196428552
 20
138.0277901785745
 30
0.0
  0
VERTEX
  5
338
330
2C7
100
AcDbEntity
  8
1_ANYTOOL_1MMDEEP_LABELS_S
100
AcDbVertex
100
AcDb2dVertex
 10
29.15097656249982
 20
137.8355189732173
 30
0.0
  0
VERTEX
  5
339
330
2C7
100
AcDbEntity
  8
1_ANYTOOL_1MMDEEP_LABELS_S
100
AcDbVertex
100
AcDb2dVertex
 10
29.22991071428555
 20
137.6397321428601
 30
0.0
  0
VERTEX
  5
33A
330
2C7
100
AcDbEntity
  8
1_ANYTOOL_1MMDEEP_LABELS_S
100
AcDbVertex
100
AcDb2dVertex
 10
29.30499441964271
 20
137.4404296875029
 30
0.0
  0
VERTEX
  5
33B
330
2C7
100
AcDbEntity
  8
1_ANYTOOL_1MMDEEP_LABELS_S
100
AcDbVertex
100
AcDb2dVertex
 10
29.3762276785713
 20
137.2376116071457
 30
0.0
  0
VERTEX
  5
33C
330
2C7
100
AcDbEntity
  8
1_ANYTOOL_1MMDEEP_LABELS_S
100
AcDbVertex
100
AcDb2dVertex
 10
29.44361049107131
 20
137.0312779017884
 30
0.0
  0
VERTEX
  5
33D
330
2C7
100
AcDbEntity
  8
1_ANYTOOL_1MMDEEP_LABELS_S
100
AcDbVertex
100
AcDb2dVertex
 10
29.50714285714275
 20
136.8214285714312
 30
0.0
  0
VERTEX
  5
33E
330
2C7
100
AcDbEntity
  8
1_ANYTOOL_1MMDEEP_LABELS_S
100
AcDbVertex
100
AcDb2dVertex
 10
29.56682477678562
 20
136.6080636160739
 30
0.0
  0
VERTEX
  5
33F
330
2C7
100
AcDbEntity
  8
1_ANYTOOL_1MMDEEP_LABELS_S
100
AcDbVertex
100
AcDb2dVertex
 10
29.62265624999992
 20
136.3911830357167
 30
0.0
  0
VERTEX
  5
340
330
2C7
100
AcDbEntity
  8
1_ANYTOOL_1MMDEEP_LABELS_S
100
AcDbVertex
100
AcDb2dVertex
 10
29.67463727678565
 20
136.1707868303594
 30
0.0
  0
VERTEX
  5
341
330
2C7
100
AcDbEntity
  8
1_ANYTOOL_1MMDEEP_LABELS_S
100
AcDbVertex
100
AcDb2dVertex
 10
29.7227678571428
 20
135.9468750000021
 30
0.0
  0
VERTEX
  5
342
330
2C7
100
AcDbEntity
  8
1_ANYTOOL_1MMDEEP_LABELS_S
100
AcDbVertex
100
AcDb2dVertex
 10
29.76704799107138
 20
135.7194475446449
 30
0.0
  0
VERTEX
  5
343
330
2C7
100
AcDbEntity
  8
1_ANYTOOL_1MMDEEP_LABELS_S
100
AcDbVertex
100
AcDb2dVertex
 10
29.80747767857139
 20
135.4885044642876
 30
0.0
  0
VERTEX
  5
344
330
2C7
100
AcDbEntity
  8
1_ANYTOOL_1MMDEEP_LABELS_S
100
AcDbVertex
100
AcDb2dVertex
 10
29.84405691964282
 20
135.2540457589303
 30
0.0
  0
VERTEX
  5
345
330
2C7
100
AcDbEntity
  8
1_ANYTOOL_1MMDEEP_LABELS_S
100
AcDbVertex
100
AcDb2dVertex
 10
29.87678571428569
 20
135.016071428573
 30
0.0
  0
VERTEX
  5
346
330
2C7
100
AcDbEntity
  8
1_ANYTOOL_1MMDEEP_LABELS_S
100
AcDbVertex
100
AcDb2dVertex
 10
29.9306919642857
 20
134.5295758928584
 30
0.0
  0
VERTEX
  5
347
330
2C7
100
AcDbEntity
  8
1_ANYTOOL_1MMDEEP_LABELS_S
100
AcDbVertex
100
AcDb2dVertex
 10
29.96919642857142
 20
134.0290178571438
 30
0.0
  0
VERTEX
  5
348
330
2C7
100
AcDbEntity
  8
1_ANYTOOL_1MMDEEP_LABELS_S
100
AcDbVertex
100
AcDb2dVertex
 10
29.99229910714286
 20
133.5143973214292
 30
0.0
  0
VERTEX
  5
349
330
2C7
100
AcDbEntity
  8
1_ANYTOOL_1MMDEEP_LABELS_S
100
AcDbVertex
100
AcDb2dVertex
 10
30.0
 20
132.9857142857145
 30
0.0
  0
VERTEX
  5
34A
330
2C7
100
AcDbEntity
  8
1_ANYTOOL_1MMDEEP_LABELS_S
100
AcDbVertex
100
AcDb2dVertex
 10
29.99443359375
 20
132.6038504464289
 30
0.0
  0
VERTEX
  5
34B
330
2C7
100
AcDbEntity
  8
1_ANYTOOL_1MMDEEP_LABELS_S
100
AcDbVertex
100
AcDb2dVertex
 10
29.977734375
 20
132.2296875000005
 30
0.0
  0
VERTEX
  5
34C
330
2C7
100
AcDbEntity
  8
1_ANYTOOL_1MMDEEP_LABELS_S
100
AcDbVertex
100
AcDb2dVertex
 10
29.94990234374999
 20
131.8632254464292
 30
0.0
  0
VERTEX
  5
34D
330
2C7
100
AcDbEntity
  8
1_ANYTOOL_1MMDEEP_LABELS_S
100
AcDbVertex
100
AcDb2dVertex
 10
29.91093749999999
 20
131.504464285715
 30
0.0
  0
VERTEX
  5
34E
330
2C7
100
AcDbEntity
  8
1_ANYTOOL_1MMDEEP_LABELS_S
100
AcDbVertex
100
AcDb2dVertex
 10
29.86083984374998
 20
131.153404017858
 30
0.0
  0
VERTEX
  5
34F
330
2C7
100
AcDbEntity
  8
1_ANYTOOL_1MMDEEP_LABELS_S
100
AcDbVertex
100
AcDb2dVertex
 10
29.83161621093748
 20
130.9807617187508
 30
0.0
  0
VERTEX
  5
350
330
2C7
100
AcDbEntity
  8
1_ANYTOOL_1MMDEEP_LABELS_S
100
AcDbVertex
100
AcDb2dVertex
 10
29.79960937499997
 20
130.8100446428581
 30
0.0
  0
VERTEX
  5
351
330
2C7
100
AcDbEntity
  8
1_ANYTOOL_1MMDEEP_LABELS_S
100
AcDbVertex
100
AcDb2dVertex
 10
29.76481933593747
 20
130.6412527901795
 30
0.0
  0
VERTEX
  5
352
330
2C7
100
AcDbEntity
  8
1_ANYTOOL_1MMDEEP_LABELS_S
100
AcDbVertex
100
AcDb2dVertex
 10
29.72724609374997
 20
130.4743861607153
 30
0.0
  0
VERTEX
  5
353
330
2C7
100
AcDbEntity
  8
1_ANYTOOL_1MMDEEP_LABELS_S
100
AcDbVertex
100
AcDb2dVertex
 10
29.68688964843746
 20
130.3094447544653
 30
0.0
  0
VERTEX
  5
354
330
2C7
100
AcDbEntity
  8
1_ANYTOOL_1MMDEEP_LABELS_S
100
AcDbVertex
100
AcDb2dVertex
 10
29.64374999999995
 20
130.1464285714296
 30
0.0
  0
VERTEX
  5
355
330
2C7
100
AcDbEntity
  8
1_ANYTOOL_1MMDEEP_LABELS_S
100
AcDbVertex
100
AcDb2dVertex
 10
29.59782714843745
 20
129.9853376116082
 30
0.0
  0
VERTEX
  5
356
330
2C7
100
AcDbEntity
  8
1_ANYTOOL_1MMDEEP_LABELS_S
100
AcDbVertex
100
AcDb2dVertex
 10
29.54912109374994
 20
129.8261718750011
 30
0.0
  0
VERTEX
  5
357
330
2C7
100
AcDbEntity
  8
1_ANYTOOL_1MMDEEP_LABELS_S
100
AcDbVertex
100
AcDb2dVertex
 10
29.49763183593743
 20
129.6689313616083
 30
0.0
  0
VERTEX
  5
358
330
2C7
100
AcDbEntity
  8
1_ANYTOOL_1MMDEEP_LABELS_S
100
AcDbVertex
100
AcDb2dVertex
 10
29.44335937499993
 20
129.5136160714297
 30
0.0
  0
VERTEX
  5
359
330
2C7
100
AcDbEntity
  8
1_ANYTOOL_1MMDEEP_LABELS_S
100
AcDbVertex
100
AcDb2dVertex
 10
29.38630371093742
 20
129.3602260044654
 30
0.0
  0
VERTEX
  5
35A
330
2C7
100
AcDbEntity
  8
1_ANYTOOL_1MMDEEP_LABELS_S
100
AcDbVertex
100
AcDb2dVertex
 10
29.32646484374991
 20
129.2087611607154
 30
0.0
  0
VERTEX
  5
35B
330
2C7
100
AcDbEntity
  8
1_ANYTOOL_1MMDEEP_LABELS_S
100
AcDbVertex
100
AcDb2dVertex
 10
29.26384277343741
 20
129.0592215401797
 30
0.0
  0
VERTEX
  5
35C
330
2C7
100
AcDbEntity
  8
1_ANYTOOL_1MMDEEP_LABELS_S
100
AcDbVertex
100
AcDb2dVertex
 10
29.1984374999999
 20
128.9116071428583
 30
0.0
  0
VERTEX
  5
35D
330
2C7
100
AcDbEntity
  8
1_ANYTOOL_1MMDEEP_LABELS_S
100
AcDbVertex
100
AcDb2dVertex
 10
29.13024902343739
 20
128.7659179687512
 30
0.0
  0
VERTEX
  5
35E
330
2C7
100
AcDbEntity
  8
1_ANYTOOL_1MMDEEP_LABELS_S
100
AcDbVertex
100
AcDb2dVertex
 10
29.05927734374988
 20
128.6221540178583
 30
0.0
  0
VERTEX
  5
35F
330
2C7
100
AcDbEntity
  8
1_ANYTOOL_1MMDEEP_LABELS_S
100
AcDbVertex
100
AcDb2dVertex
 10
28.98552246093737
 20
128.4803152901797
 30
0.0
  0
VERTEX
  5
360
330
2C7
100
AcDbEntity
  8
1_ANYTOOL_1MMDEEP_LABELS_S
100
AcDbVertex
100
AcDb2dVertex
 10
28.90898437499986
 20
128.3404017857154
 30
0.0
  0
VERTEX
  5
361
330
2C7
100
AcDbEntity
  8
1_ANYTOOL_1MMDEEP_LABELS_S
100
AcDbVertex
100
AcDb2dVertex
 10
28.82966308593735
 20
128.2024135044654
 30
0.0
  0
VERTEX
  5
362
330
2C7
100
AcDbEntity
  8
1_ANYTOOL_1MMDEEP_LABELS_S
100
AcDbVertex
100
AcDb2dVertex
 10
28.74755859374984
 20
128.0663504464297
 30
0.0
  0
VERTEX
  5
363
330
2C7
100
AcDbEntity
  8
1_ANYTOOL_1MMDEEP_LABELS_S
100
AcDbVertex
100
AcDb2dVertex
 10
28.66267089843733
 20
127.9322126116083
 30
0.0
  0
VERTEX
  5
364
330
2C7
100
AcDbEntity
  8
1_ANYTOOL_1MMDEEP_LABELS_S
100
AcDbVertex
100
AcDb2dVertex
 10
28.57499999999982
 20
127.8000000000011
 30
0.0
  0
VERTEX
  5
365
330
2C7
100
AcDbEntity
  8
1_ANYTOOL_1MMDEEP_LABELS_S
100
AcDbVertex
100
AcDb2dVertex
 10
28.48454589843731
 20
127.6697126116082
 30
0.0
  0
VERTEX
  5
366
330
2C7
100
AcDbEntity
  8
1_ANYTOOL_1MMDEEP_LABELS_S
100
AcDbVertex
100
AcDb2dVertex
 10
28.39130859374979
 20
127.5413504464296
 30
0.0
  0
VERTEX
  5
367
330
2C7
100
AcDbEntity
  8
1_ANYTOOL_1MMDEEP_LABELS_S
100
AcDbVertex
100
AcDb2dVertex
 10
28.29528808593728
 20
127.4149135044653
 30
0.0
  0
VERTEX
  5
368
330
2C7
100
AcDbEntity
  8
1_ANYTOOL_1MMDEEP_LABELS_S
100
AcDbVertex
100
AcDb2dVertex
 10
28.19648437499977
 20
127.2904017857153
 30
0.0
  0
VERTEX
  5
369
330
2C7
100
AcDbEntity
  8
1_ANYTOOL_1MMDEEP_LABELS_S
100
AcDbVertex
100
AcDb2dVertex
 10
28.09489746093725
 20
127.1678152901795
 30
0.0
  0
VERTEX
  5
36A
330
2C7
100
AcDbEntity
  8
1_ANYTOOL_1MMDEEP_LABELS_S
100
AcDbVertex
100
AcDb2dVertex
 10
27.99052734374974
 20
127.047154017858
 30
0.0
  0
VERTEX
  5
36B
330
2C7
100
AcDbEntity
  8
1_ANYTOOL_1MMDEEP_LABELS_S
100
AcDbVertex
100
AcDb2dVertex
 10
27.88337402343723
 20
126.9284179687509
 30
0.0
  0
VERTEX
  5
36C
330
2C7
100
AcDbEntity
  8
1_ANYTOOL_1MMDEEP_LABELS_S
100
AcDbVertex
100
AcDb2dVertex
 10
27.77343749999972
 20
126.811607142858
 30
0.0
  0
VERTEX
  5
36D
330
2C7
100
AcDbEntity
  8
1_ANYTOOL_1MMDEEP_LABELS_S
100
AcDbVertex
100
AcDb2dVertex
 10
27.6607177734372
 20
126.6967215401793
 30
0.0
  0
VERTEX
  5
36E
330
2C7
100
AcDbEntity
  8
1_ANYTOOL_1MMDEEP_LABELS_S
100
AcDbVertex
100
AcDb2dVertex
 10
27.54521484374969
 20
126.583761160715
 30
0.0
  0
VERTEX
  5
36F
330
2C7
100
AcDbEntity
  8
1_ANYTOOL_1MMDEEP_LABELS_S
100
AcDbVertex
100
AcDb2dVertex
 10
27.42692871093717
 20
126.4727260044649
 30
0.0
  0
VERTEX
  5
370
330
2C7
100
AcDbEntity
  8
1_ANYTOOL_1MMDEEP_LABELS_S
100
AcDbVertex
100
AcDb2dVertex
 10
27.30585937499966
 20
126.3636160714292
 30
0.0
  0
VERTEX
  5
371
330
2C7
100
AcDbEntity
  8
1_ANYTOOL_1MMDEEP_LABELS_S
100
AcDbVertex
100
AcDb2dVertex
 10
27.18200683593714
 20
126.2564313616077
 30
0.0
  0
VERTEX
  5
372
330
2C7
100
AcDbEntity
  8
1_ANYTOOL_1MMDEEP_LABELS_S
100
AcDbVertex
100
AcDb2dVertex
 10
27.05537109374962
 20
126.1511718750005
 30
0.0
  0
VERTEX
  5
373
330
2C7
100
AcDbEntity
  8
1_ANYTOOL_1MMDEEP_LABELS_S
100
AcDbVertex
100
AcDb2dVertex
 10
26.92595214843711
 20
126.0478376116075
 30
0.0
  0
VERTEX
  5
374
330
2C7
100
AcDbEntity
  8
1_ANYTOOL_1MMDEEP_LABELS_S
100
AcDbVertex
100
AcDb2dVertex
 10
26.79374999999959
 20
125.9464285714289
 30
0.0
  0
VERTEX
  5
375
330
2C7
100
AcDbEntity
  8
1_ANYTOOL_1MMDEEP_LABELS_S
100
AcDbVertex
100
AcDb2dVertex
 10
26.65876464843707
 20
125.8469447544645
 30
0.0
  0
VERTEX
  5
376
330
2C7
100
AcDbEntity
  8
1_ANYTOOL_1MMDEEP_LABELS_S
100
AcDbVertex
100
AcDb2dVertex
 10
26.52099609374956
 20
125.7493861607145
 30
0.0
  0
VERTEX
  5
377
330
2C7
100
AcDbEntity
  8
1_ANYTOOL_1MMDEEP_LABELS_S
100
AcDbVertex
100
AcDb2dVertex
 10
26.38044433593704
 20
125.6537527901787
 30
0.0
  0
VERTEX
  5
378
330
2C7
100
AcDbEntity
  8
1_ANYTOOL_1MMDEEP_LABELS_S
100
AcDbVertex
100
AcDb2dVertex
 10
26.23710937499952
 20
125.5600446428572
 30
0.0
  0
VERTEX
  5
379
330
2C7
100
AcDbEntity
  8
1_ANYTOOL_1MMDEEP_LABELS_S
100
AcDbVertex
100
AcDb2dVertex
 10
26.090991210937
 20
125.4682617187499
 30
0.0
  0
VERTEX
  5
37A
330
2C7
100
AcDbEntity
  8
1_ANYTOOL_1MMDEEP_LABELS_S
100
AcDbVertex
100
AcDb2dVertex
 10
25.94208984374948
 20
125.378404017857
 30
0.0
  0
VERTEX
  5
37B
330
2C7
100
AcDbEntity
  8
1_ANYTOOL_1MMDEEP_LABELS_S
100
AcDbVertex
100
AcDb2dVertex
 10
25.63593749999944
 20
125.2044642857139
 30
0.0
  0
VERTEX
  5
37C
330
2C7
100
AcDbEntity
  8
1_ANYTOOL_1MMDEEP_LABELS_S
100
AcDbVertex
100
AcDb2dVertex
 10
25.3186523437494
 20
125.038225446428
 30
0.0
  0
VERTEX
  5
37D
330
2C7
100
AcDbEntity
  8
1_ANYTOOL_1MMDEEP_LABELS_S
100
AcDbVertex
100
AcDb2dVertex
 10
24.99023437499936
 20
124.8796874999992
 30
0.0
  0
VERTEX
  5
37E
330
2C7
100
AcDbEntity
  8
1_ANYTOOL_1MMDEEP_LABELS_S
100
AcDbVertex
100
AcDb2dVertex
 10
24.65068359374932
 20
124.7288504464276
 30
0.0
  0
VERTEX
  5
37F
330
2C7
100
AcDbEntity
  8
1_ANYTOOL_1MMDEEP_LABELS_S
100
AcDbVertex
100
AcDb2dVertex
 10
24.29999999999927
 20
124.585714285713
 30
0.0
  0
SEQEND
  5
380
330
2C7
100
AcDbEntity
  8
1_ANYTOOL_1MMDEEP_LABELS_S
  0
POLYLINE
  5
381
330
1F
100
AcDbEntity
  8
1_ANYTOOL_1MMDEEP_LABELS_S
100
AcDb2dPolyline
 66
     1
 10
0.0
 20
0.0
 30
0.0
  0
VERTEX
  5
382
330
381
100
AcDbEntity
  8
1_ANYTOOL_1MMDEEP_LABELS_S
100
AcDbVertex
100
AcDb2dVertex
 10
4.928571428572468
 20
125.6999999999971
 30
0.0
  0
VERTEX
  5
383
330
381
100
AcDbEntity
  8
1_ANYTOOL_1MMDEEP_LABELS_S
100
AcDbVertex
100
AcDb2dVertex
 10
4.625348772322404
 20
125.8584960937471
 30
0.0
  0
VERTEX
  5
384
330
381
100
AcDbEntity
  8
1_ANYTOOL_1MMDEEP_LABELS_S
100
AcDbVertex
100
AcDb2dVertex
 10
4.331752232143771
 20
126.0232700892828
 30
0.0
  0
VERTEX
  5
385
330
381
100
AcDbEntity
  8
1_ANYTOOL_1MMDEEP_LABELS_S
100
AcDbVertex
100
AcDb2dVertex
 10
4.047781808036568
 20
126.1943219866043
 30
0.0
  0
VERTEX
  5
386
330
381
100
AcDbEntity
  8
1_ANYTOOL_1MMDEEP_LABELS_S
100
AcDbVertex
100
AcDb2dVertex
 10
3.773437500000796
 20
126.3716517857115
 30
0.0
  0
VERTEX
  5
387
330
381
100
AcDbEntity
  8
1_ANYTOOL_1MMDEEP_LABELS_S
100
AcDbVertex
100
AcDb2dVertex
 10
3.508719308036454
 20
126.5552594866044
 30
0.0
  0
VERTEX
  5
388
330
381
100
AcDbEntity
  8
1_ANYTOOL_1MMDEEP_LABELS_S
100
AcDbVertex
100
AcDb2dVertex
 10
3.253627232143543
 20
126.745145089283
 30
0.0
  0
VERTEX
  5
389
330
381
100
AcDbEntity
  8
1_ANYTOOL_1MMDEEP_LABELS_S
100
AcDbVertex
100
AcDb2dVertex
 10
3.008161272322063
 20
126.9413085937474
 30
0.0
  0
VERTEX
  5
38A
330
381
100
AcDbEntity
  8
1_ANYTOOL_1MMDEEP_LABELS_S
100
AcDbVertex
100
AcDb2dVertex
 10
2.889038085938109
 20
127.0417445591492
 30
0.0
  0
VERTEX
  5
38B
330
381
100
AcDbEntity
  8
1_ANYTOOL_1MMDEEP_LABELS_S
100
AcDbVertex
100
AcDb2dVertex
 10
2.772321428572013
 20
127.1437499999975
 30
0.0
  0
VERTEX
  5
38C
330
381
100
AcDbEntity
  8
1_ANYTOOL_1MMDEEP_LABELS_S
100
AcDbVertex
100
AcDb2dVertex
 10
2.658011300223775
 20
127.2473249162921
 30
0.0
  0
VERTEX
  5
38D
330
381
100
AcDbEntity
  8
1_ANYTOOL_1MMDEEP_LABELS_S
100
AcDbVertex
100
AcDb2dVertex
 10
2.546107700893394
 20
127.3524693080332
 30
0.0
  0
VERTEX
  5
38E
330
381
100
AcDbEntity
  8
1_ANYTOOL_1MMDEEP_LABELS_S
100
AcDbVertex
100
AcDb2dVertex
 10
2.436610630580871
 20
127.4591831752208
 30
0.0
  0
VERTEX
  5
38F
330
381
100
AcDbEntity
  8
1_ANYTOOL_1MMDEEP_LABELS_S
100
AcDbVertex
100
AcDb2dVertex
 10
2.329520089286206
 20
127.5674665178548
 30
0.0
  0
VERTEX
  5
390
330
381
100
AcDbEntity
  8
1_ANYTOOL_1MMDEEP_LABELS_S
100
AcDbVertex
100
AcDb2dVertex
 10
2.224836077009398
 20
127.6773193359352
 30
0.0
  0
VERTEX
  5
391
330
381
100
AcDbEntity
  8
1_ANYTOOL_1MMDEEP_LABELS_S
100
AcDbVertex
100
AcDb2dVertex
 10
2.122558593750448
 20
127.788741629462
 30
0.0
  0
VERTEX
  5
392
330
381
100
AcDbEntity
  8
1_ANYTOOL_1MMDEEP_LABELS_S
100
AcDbVertex
100
AcDb2dVertex
 10
2.022687639509355
 20
127.9017333984353
 30
0.0
  0
VERTEX
  5
393
330
381
100
AcDbEntity
  8
1_ANYTOOL_1MMDEEP_LABELS_S
100
AcDbVertex
100
AcDb2dVertex
 10
1.92522321428612
 20
128.016294642855
 30
0.0
  0
VERTEX
  5
394
330
381
100
AcDbEntity
  8
1_ANYTOOL_1MMDEEP_LABELS_S
100
AcDbVertex
100
AcDb2dVertex
 10
1.830165318080743
 20
128.1324253627211
 30
0.0
  0
VERTEX
  5
395
330
381
100
AcDbEntity
  8
1_ANYTOOL_1MMDEEP_LABELS_S
100
AcDbVertex
100
AcDb2dVertex
 10
1.737513950893224
 20
128.2501255580337
 30
0.0
  0
VERTEX
  5
396
330
381
100
AcDbEntity
  8
1_ANYTOOL_1MMDEEP_LABELS_S
100
AcDbVertex
100
AcDb2dVertex
 10
1.647269112723562
 20
128.3693952287927
 30
0.0
  0
VERTEX
  5
397
330
381
100
AcDbEntity
  8
1_ANYTOOL_1MMDEEP_LABELS_S
100
AcDbVertex
100
AcDb2dVertex
 10
1.559430803571757
 20
128.4902343749981
 30
0.0
  0
VERTEX
  5
398
330
381
100
AcDbEntity
  8
1_ANYTOOL_1MMDEEP_LABELS_S
100
AcDbVertex
100
AcDb2dVertex
 10
1.473999023437811
 20
128.6126429966499
 30
0.0
  0
VERTEX
  5
399
330
381
100
AcDbEntity
  8
1_ANYTOOL_1MMDEEP_LABELS_S
100
AcDbVertex
100
AcDb2dVertex
 10
1.390973772321722
 20
128.7366210937482
 30
0.0
  0
VERTEX
  5
39A
330
381
100
AcDbEntity
  8
1_ANYTOOL_1MMDEEP_LABELS_S
100
AcDbVertex
100
AcDb2dVertex
 10
1.310355050223491
 20
128.8621686662929
 30
0.0
  0
VERTEX
  5
39B
330
381
100
AcDbEntity
  8
1_ANYTOOL_1MMDEEP_LABELS_S
100
AcDbVertex
100
AcDb2dVertex
 10
1.232142857143117
 20
128.9892857142841
 30
0.0
  0
VERTEX
  5
39C
330
381
100
AcDbEntity
  8
1_ANYTOOL_1MMDEEP_LABELS_S
100
AcDbVertex
100
AcDb2dVertex
 10
1.156337193080601
 20
129.1179722377216
 30
0.0
  0
VERTEX
  5
39D
330
381
100
AcDbEntity
  8
1_ANYTOOL_1MMDEEP_LABELS_S
100
AcDbVertex
100
AcDb2dVertex
 10
1.082938058035943
 20
129.2482282366056
 30
0.0
  0
VERTEX
  5
39E
330
381
100
AcDbEntity
  8
1_ANYTOOL_1MMDEEP_LABELS_S
100
AcDbVertex
100
AcDb2dVertex
 10
1.011945452009142
 20
129.3800537109361
 30
0.0
  0
VERTEX
  5
39F
330
381
100
AcDbEntity
  8
1_ANYTOOL_1MMDEEP_LABELS_S
100
AcDbVertex
100
AcDb2dVertex
 10
0.943359375000199
 20
129.5134486607129
 30
0.0
  0
VERTEX
  5
3A0
330
381
100
AcDbEntity
  8
1_ANYTOOL_1MMDEEP_LABELS_S
100
AcDbVertex
100
AcDb2dVertex
 10
0.8771798270091136
 20
129.6484130859362
 30
0.0
  0
VERTEX
  5
3A1
330
381
100
AcDbEntity
  8
1_ANYTOOL_1MMDEEP_LABELS_S
100
AcDbVertex
100
AcDb2dVertex
 10
0.8134068080358858
 20
129.7849469866059
 30
0.0
  0
VERTEX
  5
3A2
330
381
100
AcDbEntity
  8
1_ANYTOOL_1MMDEEP_LABELS_S
100
AcDbVertex
100
AcDb2dVertex
 10
0.7520403180805157
 20
129.9230503627221
 30
0.0
  0
VERTEX
  5
3A3
330
381
100
AcDbEntity
  8
1_ANYTOOL_1MMDEEP_LABELS_S
100
AcDbVertex
100
AcDb2dVertex
 10
0.6930803571430033
 20
130.0627232142847
 30
0.0
  0
VERTEX
  5
3A4
330
381
100
AcDbEntity
  8
1_ANYTOOL_1MMDEEP_LABELS_S
100
AcDbVertex
100
AcDb2dVertex
 10
0.6365269252233485
 20
130.2039655412937
 30
0.0
  0
VERTEX
  5
3A5
330
381
100
AcDbEntity
  8
1_ANYTOOL_1MMDEEP_LABELS_S
100
AcDbVertex
100
AcDb2dVertex
 10
0.5823800223215514
 20
130.3467773437492
 30
0.0
  0
VERTEX
  5
3A6
330
381
100
AcDbEntity
  8
1_ANYTOOL_1MMDEEP_LABELS_S
100
AcDbVertex
100
AcDb2dVertex
 10
0.5306396484376119
 20
130.491158621651
 30
0.0
  0
VERTEX
  5
3A7
330
381
100
AcDbEntity
  8
1_ANYTOOL_1MMDEEP_LABELS_S
100
AcDbVertex
100
AcDb2dVertex
 10
0.4813058035715301
 20
130.6371093749993
 30
0.0
  0
VERTEX
  5
3A8
330
381
100
AcDbEntity
  8
1_ANYTOOL_1MMDEEP_LABELS_S
100
AcDbVertex
100
AcDb2dVertex
 10
0.4343784877233059
 20
130.7846296037941
 30
0.0
  0
VERTEX
  5
3A9
330
381
100
AcDbEntity
  8
1_ANYTOOL_1MMDEEP_LABELS_S
100
AcDbVertex
100
AcDb2dVertex
 10
0.3898577008929394
 20
130.9337193080353
 30
0.0
  0
VERTEX
  5
3AA
330
381
100
AcDbEntity
  8
1_ANYTOOL_1MMDEEP_LABELS_S
100
AcDbVertex
100
AcDb2dVertex
 10
0.3080357142857792
 20
131.2366071428569
 30
0.0
  0
VERTEX
  5
3AB
330
381
100
AcDbEntity
  8
1_ANYTOOL_1MMDEEP_LABELS_S
100
AcDbVertex
100
AcDb2dVertex
 10
0.2358398437500497
 20
131.5457728794642
 30
0.0
  0
VERTEX
  5
3AC
330
381
100
AcDbEntity
  8
1_ANYTOOL_1MMDEEP_LABELS_S
100
AcDbVertex
100
AcDb2dVertex
 10
0.1732700892857508
 20
131.8612165178573
 30
0.0
  0
VERTEX
  5
3AD
330
381
100
AcDbEntity
  8
1_ANYTOOL_1MMDEEP_LABELS_S
100
AcDbVertex
100
AcDb2dVertex
 10
0.1203264508928825
 20
132.1829380580361
 30
0.0
  0
VERTEX
  5
3AE
330
381
100
AcDbEntity
  8
1_ANYTOOL_1MMDEEP_LABELS_S
100
AcDbVertex
100
AcDb2dVertex
 10
0.0770089285714448
 20
132.5109375000006
 30
0.0
  0
VERTEX
  5
3AF
330
381
100
AcDbEntity
  8
1_ANYTOOL_1MMDEEP_LABELS_S
100
AcDbVertex
100
AcDb2dVertex
 10
0.0433175223214377
 20
132.8452148437509
 30
0.0
  0
VERTEX
  5
3B0
330
381
100
AcDbEntity
  8
1_ANYTOOL_1MMDEEP_LABELS_S
100
AcDbVertex
100
AcDb2dVertex
 10
0.0192522321428612
 20
133.1857700892868
 30
0.0
  0
VERTEX
  5
3B1
330
381
100
AcDbEntity
  8
1_ANYTOOL_1MMDEEP_LABELS_S
100
AcDbVertex
100
AcDb2dVertex
 10
0.0048130580357153
 20
133.5326032366085
 30
0.0
  0
VERTEX
  5
3B2
330
381
100
AcDbEntity
  8
1_ANYTOOL_1MMDEEP_LABELS_S
100
AcDbVertex
100
AcDb2dVertex
 10
0.0
 20
133.8857142857159
 30
0.0
  0
VERTEX
  5
3B3
330
381
100
AcDbEntity
  8
1_ANYTOOL_1MMDEEP_LABELS_S
100
AcDbVertex
100
AcDb2dVertex
 10
0.0018415178571445
 20
134.0960658482161
 30
0.0
  0
VERTEX
  5
3B4
330
381
100
AcDbEntity
  8
1_ANYTOOL_1MMDEEP_LABELS_S
100
AcDbVertex
100
AcDb2dVertex
 10
0.0073660714285779
 20
134.3039062500019
 30
0.0
  0
VERTEX
  5
3B5
330
381
100
AcDbEntity
  8
1_ANYTOOL_1MMDEEP_LABELS_S
100
AcDbVertex
100
AcDb2dVertex
 10
0.0165736607143003
 20
134.5092354910734
 30
0.0
  0
VERTEX
  5
3B6
330
381
100
AcDbEntity
  8
1_ANYTOOL_1MMDEEP_LABELS_S
100
AcDbVertex
100
AcDb2dVertex
 10
0.0294642857143117
 20
134.7120535714306
 30
0.0
  0
VERTEX
  5
3B7
330
381
100
AcDbEntity
  8
1_ANYTOOL_1MMDEEP_LABELS_S
100
AcDbVertex
100
AcDb2dVertex
 10
0.046037946428612
 20
134.9123604910735
 30
0.0
  0
VERTEX
  5
3B8
330
381
100
AcDbEntity
  8
1_ANYTOOL_1MMDEEP_LABELS_S
100
AcDbVertex
100
AcDb2dVertex
 10
0.0662946428572013
 20
135.1101562500022
 30
0.0
  0
VERTEX
  5
3B9
330
381
100
AcDbEntity
  8
1_ANYTOOL_1MMDEEP_LABELS_S
100
AcDbVertex
100
AcDb2dVertex
 10
0.0902343750000796
 20
135.3054408482165
 30
0.0
  0
VERTEX
  5
3BA
330
381
100
AcDbEntity
  8
1_ANYTOOL_1MMDEEP_LABELS_S
100
AcDbVertex
100
AcDb2dVertex
 10
0.1178571428572468
 20
135.4982142857166
 30
0.0
  0
VERTEX
  5
3BB
330
381
100
AcDbEntity
  8
1_ANYTOOL_1MMDEEP_LABELS_S
100
AcDbVertex
100
AcDb2dVertex
 10
0.149162946428703
 20
135.6884765625024
 30
0.0
  0
VERTEX
  5
3BC
330
381
100
AcDbEntity
  8
1_ANYTOOL_1MMDEEP_LABELS_S
100
AcDbVertex
100
AcDb2dVertex
 10
0.1841517857144481
 20
135.8762276785738
 30
0.0
  0
VERTEX
  5
3BD
330
381
100
AcDbEntity
  8
1_ANYTOOL_1MMDEEP_LABELS_S
100
AcDbVertex
100
AcDb2dVertex
 10
0.2228236607144822
 20
136.061467633931
 30
0.0
  0
VERTEX
  5
3BE
330
381
100
AcDbEntity
  8
1_ANYTOOL_1MMDEEP_LABELS_S
100
AcDbVertex
100
AcDb2dVertex
 10
0.2651785714288053
 20
136.2441964285739
 30
0.0
  0
VERTEX
  5
3BF
330
381
100
AcDbEntity
  8
1_ANYTOOL_1MMDEEP_LABELS_S
100
AcDbVertex
100
AcDb2dVertex
 10
0.3112165178574173
 20
136.4244140625025
 30
0.0
  0
VERTEX
  5
3C0
330
381
100
AcDbEntity
  8
1_ANYTOOL_1MMDEEP_LABELS_S
100
AcDbVertex
100
AcDb2dVertex
 10
0.3609375000003183
 20
136.6021205357168
 30
0.0
  0
VERTEX
  5
3C1
330
381
100
AcDbEntity
  8
1_ANYTOOL_1MMDEEP_LABELS_S
100
AcDbVertex
100
AcDb2dVertex
 10
0.4143415178575083
 20
136.7773158482168
 30
0.0
  0
VERTEX
  5
3C2
330
381
100
AcDbEntity
  8
1_ANYTOOL_1MMDEEP_LABELS_S
100
AcDbVertex
100
AcDb2dVertex
 10
0.4714285714289872
 20
136.9500000000025
 30
0.0
  0
VERTEX
  5
3C3
330
381
100
AcDbEntity
  8
1_ANYTOOL_1MMDEEP_LABELS_S
100
AcDbVertex
100
AcDb2dVertex
 10
0.5321986607147551
 20
137.120172991074
 30
0.0
  0
VERTEX
  5
3C4
330
381
100
AcDbEntity
  8
1_ANYTOOL_1MMDEEP_LABELS_S
100
AcDbVertex
100
AcDb2dVertex
 10
0.5966517857148119
 20
137.2878348214311
 30
0.0
  0
VERTEX
  5
3C5
330
381
100
AcDbEntity
  8
1_ANYTOOL_1MMDEEP_LABELS_S
100
AcDbVertex
100
AcDb2dVertex
 10
0.6647879464291577
 20
137.4529854910739
 30
0.0
  0
VERTEX
  5
3C6
330
381
100
AcDbEntity
  8
1_ANYTOOL_1MMDEEP_LABELS_S
100
AcDbVertex
100
AcDb2dVertex
 10
0.7366071428577925
 20
137.6156250000025
 30
0.0
  0
VERTEX
  5
3C7
330
381
100
AcDbEntity
  8
1_ANYTOOL_1MMDEEP_LABELS_S
100
AcDbVertex
100
AcDb2dVertex
 10
0.8121093750007162
 20
137.7757533482168
 30
0.0
  0
VERTEX
  5
3C8
330
381
100
AcDbEntity
  8
1_ANYTOOL_1MMDEEP_LABELS_S
100
AcDbVertex
100
AcDb2dVertex
 10
0.8912946428579289
 20
137.9333705357168
 30
0.0
  0
VERTEX
  5
3C9
330
381
100
AcDbEntity
  8
1_ANYTOOL_1MMDEEP_LABELS_S
100
AcDbVertex
100
AcDb2dVertex
 10
0.9741629464294306
 20
138.0884765625024
 30
0.0
  0
VERTEX
  5
3CA
330
381
100
AcDbEntity
  8
1_ANYTOOL_1MMDEEP_LABELS_S
100
AcDbVertex
100
AcDb2dVertex
 10
1.060714285715221
 20
138.2410714285738
 30
0.0
  0
VERTEX
  5
3CB
330
381
100
AcDbEntity
  8
1_ANYTOOL_1MMDEEP_LABELS_S
100
AcDbVertex
100
AcDb2dVertex
 10
1.150948660715301
 20
138.3911551339309
 30
0.0
  0
VERTEX
  5
3CC
330
381
100
AcDbEntity
  8
1_ANYTOOL_1MMDEEP_LABELS_S
100
AcDbVertex
100
AcDb2dVertex
 10
1.244866071429669
 20
138.5387276785737
 30
0.0
  0
VERTEX
  5
3CD
330
381
100
AcDbEntity
  8
1_ANYTOOL_1MMDEEP_LABELS_S
100
AcDbVertex
100
AcDb2dVertex
 10
1.342466517858327
 20
138.6837890625022
 30
0.0
  0
VERTEX
  5
3CE
330
381
100
AcDbEntity
  8
1_ANYTOOL_1MMDEEP_LABELS_S
100
AcDbVertex
100
AcDb2dVertex
 10
1.443750000001273
 20
138.8263392857165
 30
0.0
  0
VERTEX
  5
3CF
330
381
100
AcDbEntity
  8
1_ANYTOOL_1MMDEEP_LABELS_S
100
AcDbVertex
100
AcDb2dVertex
 10
1.548716517858509
 20
138.9663783482164
 30
0.0
  0
VERTEX
  5
3D0
330
381
100
AcDbEntity
  8
1_ANYTOOL_1MMDEEP_LABELS_S
100
AcDbVertex
100
AcDb2dVertex
 10
1.657366071430033
 20
139.103906250002
 30
0.0
  0
VERTEX
  5
3D1
330
381
100
AcDbEntity
  8
1_ANYTOOL_1MMDEEP_LABELS_S
100
AcDbVertex
100
AcDb2dVertex
 10
1.769698660715846
 20
139.2389229910734
 30
0.0
  0
VERTEX
  5
3D2
330
381
100
AcDbEntity
  8
1_ANYTOOL_1MMDEEP_LABELS_S
100
AcDbVertex
100
AcDb2dVertex
 10
1.885714285715949
 20
139.3714285714304
 30
0.0
  0
VERTEX
  5
3D3
330
381
100
AcDbEntity
  8
1_ANYTOOL_1MMDEEP_LABELS_S
100
AcDbVertex
100
AcDb2dVertex
 10
2.005119977680113
 20
139.5032226562518
 30
0.0
  0
VERTEX
  5
3D4
330
381
100
AcDbEntity
  8
1_ANYTOOL_1MMDEEP_LABELS_S
100
AcDbVertex
100
AcDb2dVertex
 10
2.127622767858568
 20
139.6307477678588
 30
0.0
  0
VERTEX
  5
3D5
330
381
100
AcDbEntity
  8
1_ANYTOOL_1MMDEEP_LABELS_S
100
AcDbVertex
100
AcDb2dVertex
 10
2.253222656251314
 20
139.7540039062515
 30
0.0
  0
VERTEX
  5
3D6
330
381
100
AcDbEntity
  8
1_ANYTOOL_1MMDEEP_LABELS_S
100
AcDbVertex
100
AcDb2dVertex
 10
2.38191964285835
 20
139.87299107143
 30
0.0
  0
VERTEX
  5
3D7
330
381
100
AcDbEntity
  8
1_ANYTOOL_1MMDEEP_LABELS_S
100
AcDbVertex
100
AcDb2dVertex
 10
2.513713727679676
 20
139.9877092633942
 30
0.0
  0
VERTEX
  5
3D8
330
381
100
AcDbEntity
  8
1_ANYTOOL_1MMDEEP_LABELS_S
100
AcDbVertex
100
AcDb2dVertex
 10
2.648604910715292
 20
140.098158482144
 30
0.0
  0
VERTEX
  5
3D9
330
381
100
AcDbEntity
  8
1_ANYTOOL_1MMDEEP_LABELS_S
100
AcDbVertex
100
AcDb2dVertex
 10
2.786593191965199
 20
140.2043387276797
 30
0.0
  0
VERTEX
  5
3DA
330
381
100
AcDbEntity
  8
1_ANYTOOL_1MMDEEP_LABELS_S
100
AcDbVertex
100
AcDb2dVertex
 10
2.927678571429396
 20
140.306250000001
 30
0.0
  0
VERTEX
  5
3DB
330
381
100
AcDbEntity
  8
1_ANYTOOL_1MMDEEP_LABELS_S
100
AcDbVertex
100
AcDb2dVertex
 10
3.071861049107884
 20
140.4038922991081
 30
0.0
  0
VERTEX
  5
3DC
330
381
100
AcDbEntity
  8
1_ANYTOOL_1MMDEEP_LABELS_S
100
AcDbVertex
100
AcDb2dVertex
 10
3.219140625000662
 20
140.4972656250008
 30
0.0
  0
VERTEX
  5
3DD
330
381
100
AcDbEntity
  8
1_ANYTOOL_1MMDEEP_LABELS_S
100
AcDbVertex
100
AcDb2dVertex
 10
3.369517299107731
 20
140.5863699776793
 30
0.0
  0
VERTEX
  5
3DE
330
381
100
AcDbEntity
  8
1_ANYTOOL_1MMDEEP_LABELS_S
100
AcDbVertex
100
AcDb2dVertex
 10
3.52299107142909
 20
140.6712053571435
 30
0.0
  0
VERTEX
  5
3DF
330
381
100
AcDbEntity
  8
1_ANYTOOL_1MMDEEP_LABELS_S
100
AcDbVertex
100
AcDb2dVertex
 10
3.679561941964739
 20
140.7517717633935
 30
0.0
  0
VERTEX
  5
3E0
330
381
100
AcDbEntity
  8
1_ANYTOOL_1MMDEEP_LABELS_S
100
AcDbVertex
100
AcDb2dVertex
 10
3.839229910714678
 20
140.8280691964291
 30
0.0
  0
VERTEX
  5
3E1
330
381
100
AcDbEntity
  8
1_ANYTOOL_1MMDEEP_LABELS_S
100
AcDbVertex
100
AcDb2dVertex
 10
4.001994977678908
 20
140.9000976562505
 30
0.0
  0
VERTEX
  5
3E2
330
381
100
AcDbEntity
  8
1_ANYTOOL_1MMDEEP_LABELS_S
100
AcDbVertex
100
AcDb2dVertex
 10
4.167857142857429
 20
140.9678571428576
 30
0.0
  0
VERTEX
  5
3E3
330
381
100
AcDbEntity
  8
1_ANYTOOL_1MMDEEP_LABELS_S
100
AcDbVertex
100
AcDb2dVertex
 10
4.336816406250239
 20
141.0313476562504
 30
0.0
  0
VERTEX
  5
3E4
330
381
100
AcDbEntity
  8
1_ANYTOOL_1MMDEEP_LABELS_S
100
AcDbVertex
100
AcDb2dVertex
 10
4.508872767857341
 20
141.090569196429
 30
0.0
  0
VERTEX
  5
3E5
330
381
100
AcDbEntity
  8
1_ANYTOOL_1MMDEEP_LABELS_S
100
AcDbVertex
100
AcDb2dVertex
 10
4.684026227678732
 20
141.1455217633932
 30
0.0
  0
VERTEX
  5
3E6
330
381
100
AcDbEntity
  8
1_ANYTOOL_1MMDEEP_LABELS_S
100
AcDbVertex
100
AcDb2dVertex
 10
4.862276785714414
 20
141.1962053571432
 30
0.0
  0
VERTEX
  5
3E7
330
381
100
AcDbEntity
  8
1_ANYTOOL_1MMDEEP_LABELS_S
100
AcDbVertex
100
AcDb2dVertex
 10
5.043624441964386
 20
141.2426199776789
 30
0.0
  0
VERTEX
  5
3E8
330
381
100
AcDbEntity
  8
1_ANYTOOL_1MMDEEP_LABELS_S
100
AcDbVertex
100
AcDb2dVertex
 10
5.228069196428649
 20
141.2847656250003
 30
0.0
  0
VERTEX
  5
3E9
330
381
100
AcDbEntity
  8
1_ANYTOOL_1MMDEEP_LABELS_S
100
AcDbVertex
100
AcDb2dVertex
 10
5.415611049107202
 20
141.3226422991074
 30
0.0
  0
VERTEX
  5
3EA
330
381
100
AcDbEntity
  8
1_ANYTOOL_1MMDEEP_LABELS_S
100
AcDbVertex
100
AcDb2dVertex
 10
5.606250000000045
 20
141.3562500000003
 30
0.0
  0
VERTEX
  5
3EB
330
381
100
AcDbEntity
  8
1_ANYTOOL_1MMDEEP_LABELS_S
100
AcDbVertex
100
AcDb2dVertex
 10
5.799986049107179
 20
141.3855887276789
 30
0.0
  0
VERTEX
  5
3EC
330
381
100
AcDbEntity
  8
1_ANYTOOL_1MMDEEP_LABELS_S
100
AcDbVertex
100
AcDb2dVertex
 10
5.996819196428604
 20
141.4106584821431
 30
0.0
  0
VERTEX
  5
3ED
330
381
100
AcDbEntity
  8
1_ANYTOOL_1MMDEEP_LABELS_S
100
AcDbVertex
100
AcDb2dVertex
 10
6.196749441964318
 20
141.4314592633932
 30
0.0
  0
VERTEX
  5
3EE
330
381
100
AcDbEntity
  8
1_ANYTOOL_1MMDEEP_LABELS_S
100
AcDbVertex
100
AcDb2dVertex
 10
6.399776785714323
 20
141.4479910714289
 30
0.0
  0
VERTEX
  5
3EF
330
381
100
AcDbEntity
  8
1_ANYTOOL_1MMDEEP_LABELS_S
100
AcDbVertex
100
AcDb2dVertex
 10
6.605901227678618
 20
141.4602539062503
 30
0.0
  0
VERTEX
  5
3F0
330
381
100
AcDbEntity
  8
1_ANYTOOL_1MMDEEP_LABELS_S
100
AcDbVertex
100
AcDb2dVertex
 10
6.815122767857204
 20
141.4682477678575
 30
0.0
  0
VERTEX
  5
3F1
330
381
100
AcDbEntity
  8
1_ANYTOOL_1MMDEEP_LABELS_S
100
AcDbVertex
100
AcDb2dVertex
 10
7.02744140625008
 20
141.4719726562504
 30
0.0
  0
VERTEX
  5
3F2
330
381
100
AcDbEntity
  8
1_ANYTOOL_1MMDEEP_LABELS_S
100
AcDbVertex
100
AcDb2dVertex
 10
7.585881696428615
 20
141.4669084821433
 30
0.0
  0
VERTEX
  5
3F3
330
381
100
AcDbEntity
  8
1_ANYTOOL_1MMDEEP_LABELS_S
100
AcDbVertex
100
AcDb2dVertex
 10
7.918526785714278
 20
141.4533482142862
 30
0.0
  0
VERTEX
  5
3F4
330
381
100
AcDbEntity
  8
1_ANYTOOL_1MMDEEP_LABELS_S
100
AcDbVertex
100
AcDb2dVertex
 10
8.240792410714235
 20
141.4307477678576
 30
0.0
  0
VERTEX
  5
3F5
330
381
100
AcDbEntity
  8
1_ANYTOOL_1MMDEEP_LABELS_S
100
AcDbVertex
100
AcDb2dVertex
 10
8.552678571428487
 20
141.3991071428577
 30
0.0
  0
VERTEX
  5
3F6
330
381
100
AcDbEntity
  8
1_ANYTOOL_1MMDEEP_LABELS_S
100
AcDbVertex
100
AcDb2dVertex
 10
8.854185267857034
 20
141.3584263392864
 30
0.0
  0
VERTEX
  5
3F7
330
381
100
AcDbEntity
  8
1_ANYTOOL_1MMDEEP_LABELS_S
100
AcDbVertex
100
AcDb2dVertex
 10
9.001046316964167
 20
141.3346958705364
 30
0.0
  0
VERTEX
  5
3F8
330
381
100
AcDbEntity
  8
1_ANYTOOL_1MMDEEP_LABELS_S
100
AcDbVertex
100
AcDb2dVertex
 10
9.145312499999875
 20
141.3087053571436
 30
0.0
  0
VERTEX
  5
3F9
330
381
100
AcDbEntity
  8
1_ANYTOOL_1MMDEEP_LABELS_S
100
AcDbVertex
100
AcDb2dVertex
 10
9.286983816964156
 20
141.2804547991079
 30
0.0
  0
VERTEX
  5
3FA
330
381
100
AcDbEntity
  8
1_ANYTOOL_1MMDEEP_LABELS_S
100
AcDbVertex
100
AcDb2dVertex
 10
9.426060267857011
 20
141.2499441964294
 30
0.0
  0
VERTEX
  5
3FB
330
381
100
AcDbEntity
  8
1_ANYTOOL_1MMDEEP_LABELS_S
100
AcDbVertex
100
AcDb2dVertex
 10
9.56254185267844
 20
141.2171735491081
 30
0.0
  0
VERTEX
  5
3FC
330
381
100
AcDbEntity
  8
1_ANYTOOL_1MMDEEP_LABELS_S
100
AcDbVertex
100
AcDb2dVertex
 10
9.696428571428442
 20
141.1821428571438
 30
0.0
  0
VERTEX
  5
3FD
330
381
100
AcDbEntity
  8
1_ANYTOOL_1MMDEEP_LABELS_S
100
AcDbVertex
100
AcDb2dVertex
 10
9.827720424107017
 20
141.1448521205368
 30
0.0
  0
VERTEX
  5
3FE
330
381
100
AcDbEntity
  8
1_ANYTOOL_1MMDEEP_LABELS_S
100
AcDbVertex
100
AcDb2dVertex
 10
9.956417410714167
 20
141.1053013392869
 30
0.0
  0
VERTEX
  5
3FF
330
381
100
AcDbEntity
  8
1_ANYTOOL_1MMDEEP_LABELS_S
100
AcDbVertex
100
AcDb2dVertex
 10
10.08251953124989
 20
141.0634905133941
 30
0.0
  0
VERTEX
  5
400
330
381
100
AcDbEntity
  8
1_ANYTOOL_1MMDEEP_LABELS_S
100
AcDbVertex
100
AcDb2dVertex
 10
10.20602678571419
 20
141.0194196428585
 30
0.0
  0
VERTEX
  5
401
330
381
100
AcDbEntity
  8
1_ANYTOOL_1MMDEEP_LABELS_S
100
AcDbVertex
100
AcDb2dVertex
 10
10.32693917410706
 20
140.97308872768
 30
0.0
  0
VERTEX
  5
402
330
381
100
AcDbEntity
  8
1_ANYTOOL_1MMDEEP_LABELS_S
100
AcDbVertex
100
AcDb2dVertex
 10
10.4452566964285
 20
140.9244977678586
 30
0.0
  0
VERTEX
  5
403
330
381
100
AcDbEntity
  8
1_ANYTOOL_1MMDEEP_LABELS_S
100
AcDbVertex
100
AcDb2dVertex
 10
10.56097935267852
 20
140.8736467633944
 30
0.0
  0
VERTEX
  5
404
330
381
100
AcDbEntity
  8
1_ANYTOOL_1MMDEEP_LABELS_S
100
AcDbVertex
100
AcDb2dVertex
 10
10.67410714285711
 20
140.8205357142874
 30
0.0
  0
VERTEX
  5
405
330
381
100
AcDbEntity
  8
1_ANYTOOL_1MMDEEP_LABELS_S
100
AcDbVertex
100
AcDb2dVertex
 10
10.78464006696428
 20
140.7651646205375
 30
0.0
  0
VERTEX
  5
406
330
381
100
AcDbEntity
  8
1_ANYTOOL_1MMDEEP_LABELS_S
100
AcDbVertex
100
AcDb2dVertex
 10
10.89257812500001
 20
140.7075334821448
 30
0.0
  0
VERTEX
  5
407
330
381
100
AcDbEntity
  8
1_ANYTOOL_1MMDEEP_LABELS_S
100
AcDbVertex
100
AcDb2dVertex
 10
10.99792131696433
 20
140.6476422991092
 30
0.0
  0
VERTEX
  5
408
330
381
100
AcDbEntity
  8
1_ANYTOOL_1MMDEEP_LABELS_S
100
AcDbVertex
100
AcDb2dVertex
 10
11.10066964285721
 20
140.5854910714307
 30
0.0
  0
VERTEX
  5
409
330
381
100
AcDbEntity
  8
1_ANYTOOL_1MMDEEP_LABELS_S
100
AcDbVertex
100
AcDb2dVertex
 10
11.20082310267867
 20
140.5210797991094
 30
0.0
  0
VERTEX
  5
40A
330
381
100
AcDbEntity
  8
1_ANYTOOL_1MMDEEP_LABELS_S
100
AcDbVertex
100
AcDb2dVertex
 10
11.29838169642871
 20
140.4544084821453
 30
0.0
  0
VERTEX
  5
40B
330
381
100
AcDbEntity
  8
1_ANYTOOL_1MMDEEP_LABELS_S
100
AcDbVertex
100
AcDb2dVertex
 10
11.39334542410731
 20
140.3854771205383
 30
0.0
  0
VERTEX
  5
40C
330
381
100
AcDbEntity
  8
1_ANYTOOL_1MMDEEP_LABELS_S
100
AcDbVertex
100
AcDb2dVertex
 10
11.48571428571449
 20
140.3142857142884
 30
0.0
  0
VERTEX
  5
40D
330
381
100
AcDbEntity
  8
1_ANYTOOL_1MMDEEP_LABELS_S
100
AcDbVertex
100
AcDb2dVertex
 10
11.66450892857171
 20
140.1674665178593
 30
0.0
  0
VERTEX
  5
40E
330
381
100
AcDbEntity
  8
1_ANYTOOL_1MMDEEP_LABELS_S
100
AcDbVertex
100
AcDb2dVertex
 10
11.83660714285747
 20
140.0162946428587
 30
0.0
  0
VERTEX
  5
40F
330
381
100
AcDbEntity
  8
1_ANYTOOL_1MMDEEP_LABELS_S
100
AcDbVertex
100
AcDb2dVertex
 10
12.0020089285718
 20
139.8607700892868
 30
0.0
  0
VERTEX
  5
410
330
381
100
AcDbEntity
  8
1_ANYTOOL_1MMDEEP_LABELS_S
100
AcDbVertex
100
AcDb2dVertex
 10
12.16071428571468
 20
139.7008928571436
 30
0.0
  0
VERTEX
  5
411
330
381
100
AcDbEntity
  8
1_ANYTOOL_1MMDEEP_LABELS_S
100
AcDbVertex
100
AcDb2dVertex
 10
12.23755580357182
 20
139.6193219866077
 30
0.0
  0
VERTEX
  5
412
330
381
100
AcDbEntity
  8
1_ANYTOOL_1MMDEEP_LABELS_S
100
AcDbVertex
100
AcDb2dVertex
 10
12.31272321428611
 20
139.5366629464289
 30
0.0
  0
VERTEX
  5
413
330
381
100
AcDbEntity
  8
1_ANYTOOL_1MMDEEP_LABELS_S
100
AcDbVertex
100
AcDb2dVertex
 10
12.38621651785753
 20
139.4529157366074
 30
0.0
  0
VERTEX
  5
414
330
381
100
AcDbEntity
  8
1_ANYTOOL_1MMDEEP_LABELS_S
100
AcDbVertex
100
AcDb2dVertex
 10
12.4580357142861
 20
139.368080357143
 30
0.0
  0
VERTEX
  5
415
330
381
100
AcDbEntity
  8
1_ANYTOOL_1MMDEEP_LABELS_S
100
AcDbVertex
100
AcDb2dVertex
 10
12.5281808035718
 20
139.2821568080357
 30
0.0
  0
VERTEX
  5
416
330
381
100
AcDbEntity
  8
1_ANYTOOL_1MMDEEP_LABELS_S
100
AcDbVertex
100
AcDb2dVertex
 10
12.59665178571464
 20
139.1951450892856
 30
0.0
  0
VERTEX
  5
417
330
381
100
AcDbEntity
  8
1_ANYTOOL_1MMDEEP_LABELS_S
100
AcDbVertex
100
AcDb2dVertex
 10
12.66344866071462
 20
139.1070452008927
 30
0.0
  0
VERTEX
  5
418
330
381
100
AcDbEntity
  8
1_ANYTOOL_1MMDEEP_LABELS_S
100
AcDbVertex
100
AcDb2dVertex
 10
12.72857142857174
 20
139.0178571428569
 30
0.0
  0
VERTEX
  5
419
330
381
100
AcDbEntity
  8
1_ANYTOOL_1MMDEEP_LABELS_S
100
AcDbVertex
100
AcDb2dVertex
 10
12.792020089286
 20
138.9275809151783
 30
0.0
  0
VERTEX
  5
41A
330
381
100
AcDbEntity
  8
1_ANYTOOL_1MMDEEP_LABELS_S
100
AcDbVertex
100
AcDb2dVertex
 10
12.85379464285739
 20
138.8362165178568
 30
0.0
  0
VERTEX
  5
41B
330
381
100
AcDbEntity
  8
1_ANYTOOL_1MMDEEP_LABELS_S
100
AcDbVertex
100
AcDb2dVertex
 10
12.91389508928593
 20
138.7437639508925
 30
0.0
  0
VERTEX
  5
41C
330
381
100
AcDbEntity
  8
1_ANYTOOL_1MMDEEP_LABELS_S
100
AcDbVertex
100
AcDb2dVertex
 10
12.9723214285716
 20
138.6502232142853
 30
0.0
  0
VERTEX
  5
41D
330
381
100
AcDbEntity
  8
1_ANYTOOL_1MMDEEP_LABELS_S
100
AcDbVertex
100
AcDb2dVertex
 10
13.02907366071442
 20
138.5555943080354
 30
0.0
  0
VERTEX
  5
41E
330
381
100
AcDbEntity
  8
1_ANYTOOL_1MMDEEP_LABELS_S
100
AcDbVertex
100
AcDb2dVertex
 10
13.08415178571437
 20
138.4598772321425
 30
0.0
  0
VERTEX
  5
41F
330
381
100
AcDbEntity
  8
1_ANYTOOL_1MMDEEP_LABELS_S
100
AcDbVertex
100
AcDb2dVertex
 10
13.13755580357146
 20
138.3630719866069
 30
0.0
  0
VERTEX
  5
420
330
381
100
AcDbEntity
  8
1_ANYTOOL_1MMDEEP_LABELS_S
100
AcDbVertex
100
AcDb2dVertex
 10
13.18928571428569
 20
138.2651785714284
 30
0.0
  0
VERTEX
  5
421
330
381
100
AcDbEntity
  8
1_ANYTOOL_1MMDEEP_LABELS_S
100
AcDbVertex
100
AcDb2dVertex
 10
13.23934151785706
 20
138.166196986607
 30
0.0
  0
VERTEX
  5
422
330
381
100
AcDbEntity
  8
1_ANYTOOL_1MMDEEP_LABELS_S
100
AcDbVertex
100
AcDb2dVertex
 10
13.28772321428556
 20
138.0661272321428
 30
0.0
  0
VERTEX
  5
423
330
381
100
AcDbEntity
  8
1_ANYTOOL_1MMDEEP_LABELS_S
100
AcDbVertex
100
AcDb2dVertex
 10
13.33443080357121
 20
137.9649693080358
 30
0.0
  0
VERTEX
  5
424
330
381
100
AcDbEntity
  8
1_ANYTOOL_1MMDEEP_LABELS_S
100
AcDbVertex
100
AcDb2dVertex
 10
13.37946428571399
 20
137.8627232142859
 30
0.0
  0
VERTEX
  5
425
330
381
100
AcDbEntity
  8
1_ANYTOOL_1MMDEEP_LABELS_S
100
AcDbVertex
100
AcDb2dVertex
 10
13.42282366071392
 20
137.7593889508932
 30
0.0
  0
VERTEX
  5
426
330
381
100
AcDbEntity
  8
1_ANYTOOL_1MMDEEP_LABELS_S
100
AcDbVertex
100
AcDb2dVertex
 10
13.46450892857098
 20
137.6549665178576
 30
0.0
  0
VERTEX
  5
427
330
381
100
AcDbEntity
  8
1_ANYTOOL_1MMDEEP_LABELS_S
100
AcDbVertex
100
AcDb2dVertex
 10
13.54285714285652
 20
137.442857142858
 30
0.0
  0
VERTEX
  5
428
330
381
100
AcDbEntity
  8
1_ANYTOOL_1MMDEEP_LABELS_S
100
AcDbVertex
100
AcDb2dVertex
 10
13.61568080357107
 20
137.2273995535718
 30
0.0
  0
VERTEX
  5
429
330
381
100
AcDbEntity
  8
1_ANYTOOL_1MMDEEP_LABELS_S
100
AcDbVertex
100
AcDb2dVertex
 10
13.68415178571416
 20
137.0095982142856
 30
0.0
  0
VERTEX
  5
42A
330
381
100
AcDbEntity
  8
1_ANYTOOL_1MMDEEP_LABELS_S
100
AcDbVertex
100
AcDb2dVertex
 10
13.74827008928581
 20
136.7894531249994
 30
0.0
  0
VERTEX
  5
42B
330
381
100
AcDbEntity
  8
1_ANYTOOL_1MMDEEP_LABELS_S
100
AcDbVertex
100
AcDb2dVertex
 10
13.80803571428601
 20
136.5669642857133
 30
0.0
  0
VERTEX
  5
42C
330
381
100
AcDbEntity
  8
1_ANYTOOL_1MMDEEP_LABELS_S
100
AcDbVertex
100
AcDb2dVertex
 10
13.86344866071475
 20
136.3421316964272
 30
0.0
  0
VERTEX
  5
42D
330
381
100
AcDbEntity
  8
1_ANYTOOL_1MMDEEP_LABELS_S
100
AcDbVertex
100
AcDb2dVertex
 10
13.91450892857205
 20
136.1149553571412
 30
0.0
  0
VERTEX
  5
42E
330
381
100
AcDbEntity
  8
1_ANYTOOL_1MMDEEP_LABELS_S
100
AcDbVertex
100
AcDb2dVertex
 10
13.96121651785789
 20
135.8854352678552
 30
0.0
  0
VERTEX
  5
42F
330
381
100
AcDbEntity
  8
1_ANYTOOL_1MMDEEP_LABELS_S
100
AcDbVertex
100
AcDb2dVertex
 10
14.00357142857229
 20
135.6535714285692
 30
0.0
  0
VERTEX
  5
430
330
381
100
AcDbEntity
  8
1_ANYTOOL_1MMDEEP_LABELS_S
100
AcDbVertex
100
AcDb2dVertex
 10
14.04157366071523
 20
135.4193638392832
 30
0.0
  0
VERTEX
  5
431
330
381
100
AcDbEntity
  8
1_ANYTOOL_1MMDEEP_LABELS_S
100
AcDbVertex
100
AcDb2dVertex
 10
14.07522321428672
 20
135.1828124999973
 30
0.0
  0
VERTEX
  5
432
330
381
100
AcDbEntity
  8
1_ANYTOOL_1MMDEEP_LABELS_S
100
AcDbVertex
100
AcDb2dVertex
 10
14.10452008928677
 20
134.9439174107115
 30
0.0
  0
VERTEX
  5
433
330
381
100
AcDbEntity
  8
1_ANYTOOL_1MMDEEP_LABELS_S
100
AcDbVertex
100
AcDb2dVertex
 10
14.12946428571536
 20
134.7026785714256
 30
0.0
  0
VERTEX
  5
434
330
381
100
AcDbEntity
  8
1_ANYTOOL_1MMDEEP_LABELS_S
100
AcDbVertex
100
AcDb2dVertex
 10
14.1500558035725
 20
134.4590959821398
 30
0.0
  0
VERTEX
  5
435
330
381
100
AcDbEntity
  8
1_ANYTOOL_1MMDEEP_LABELS_S
100
AcDbVertex
100
AcDb2dVertex
 10
14.16629464285819
 20
134.213169642854
 30
0.0
  0
VERTEX
  5
436
330
381
100
AcDbEntity
  8
1_ANYTOOL_1MMDEEP_LABELS_S
100
AcDbVertex
100
AcDb2dVertex
 10
14.17818080357243
 20
133.9648995535683
 30
0.0
  0
VERTEX
  5
437
330
381
100
AcDbEntity
  8
1_ANYTOOL_1MMDEEP_LABELS_S
100
AcDbVertex
100
AcDb2dVertex
 10
14.18571428571522
 20
133.7142857142826
 30
0.0
  0
VERTEX
  5
438
330
381
100
AcDbEntity
  8
1_ANYTOOL_1MMDEEP_LABELS_S
100
AcDbVertex
100
AcDb2dVertex
 10
14.22857142857174
 20
130.028571428571
 30
0.0
  0
SEQEND
  5
439
330
381
100
AcDbEntity
  8
1_ANYTOOL_1MMDEEP_LABELS_S
  0
LINE
  5
43A
330
1F
100
AcDbEntity
  8
1_ANYTOOL_1MMDEEP_LABELS_S
100
AcDbLine
 10
0.4714285714289872
 20
163.2428571428536
 30
0.0
 11
31.24285714285725
 21
146.057142857142
 31
0.0
  0
POLYLINE
  5
43B
330
1F
100
AcDbEntity
  8
1_ANYTOOL_1MMDEEP_LABELS_S
100
AcDb2dPolyline
 66
     1
 10
0.0
 20
0.0
 30
0.0
 70
     1
  0
VERTEX
  5
43C
330
43B
100
AcDbEntity
  8
1_ANYTOOL_1MMDEEP_LABELS_S
100
AcDbVertex
100
AcDb2dVertex
 10
0.0
 20
166.6714285714261
 30
0.0
  0
VERTEX
  5
43D
330
43B
100
AcDbEntity
  8
1_ANYTOOL_1MMDEEP_LABELS_S
100
AcDbVertex
100
AcDb2dVertex
 10
30.0
 20
166.6714285714261
 30
0.0
  0
VERTEX
  5
43E
330
43B
100
AcDbEntity
  8
1_ANYTOOL_1MMDEEP_LABELS_S
100
AcDbVertex
100
AcDb2dVertex
 10
29.91428571428696
 20
175.1999999999971
 30
0.0
  0
VERTEX
  5
43F
330
43B
100
AcDbEntity
  8
1_ANYTOOL_1MMDEEP_LABELS_S
100
AcDbVertex
100
AcDb2dVertex
 10
29.9041992187511
 20
175.6112444196403
 30
0.0
  0
VERTEX
  5
440
330
43B
100
AcDbEntity
  8
1_ANYTOOL_1MMDEEP_LABELS_S
100
AcDbVertex
100
AcDb2dVertex
 10
29.88465401785811
 20
176.014620535712
 30
0.0
  0
VERTEX
  5
441
330
43B
100
AcDbEntity
  8
1_ANYTOOL_1MMDEEP_LABELS_S
100
AcDbVertex
100
AcDb2dVertex
 10
29.85565011160799
 20
176.4101283482123
 30
0.0
  0
VERTEX
  5
442
330
43B
100
AcDbEntity
  8
1_ANYTOOL_1MMDEEP_LABELS_S
100
AcDbVertex
100
AcDb2dVertex
 10
29.81718750000073
 20
176.7977678571411
 30
0.0
  0
VERTEX
  5
443
330
43B
100
AcDbEntity
  8
1_ANYTOOL_1MMDEEP_LABELS_S
100
AcDbVertex
100
AcDb2dVertex
 10
29.76926618303634
 20
177.1775390624986
 30
0.0
  0
VERTEX
  5
444
330
43B
100
AcDbEntity
  8
1_ANYTOOL_1MMDEEP_LABELS_S
100
AcDbVertex
100
AcDb2dVertex
 10
29.71188616071481
 20
177.5494419642845
 30
0.0
  0
VERTEX
  5
445
330
43B
100
AcDbEntity
  8
1_ANYTOOL_1MMDEEP_LABELS_S
100
AcDbVertex
100
AcDb2dVertex
 10
29.64504743303615
 20
177.913476562499
 30
0.0
  0
VERTEX
  5
446
330
43B
100
AcDbEntity
  8
1_ANYTOOL_1MMDEEP_LABELS_S
100
AcDbVertex
100
AcDb2dVertex
 10
29.56875000000036
 20
178.2696428571421
 30
0.0
  0
VERTEX
  5
447
330
43B
100
AcDbEntity
  8
1_ANYTOOL_1MMDEEP_LABELS_S
100
AcDbVertex
100
AcDb2dVertex
 10
29.48299386160744
 20
178.6179408482137
 30
0.0
  0
VERTEX
  5
448
330
43B
100
AcDbEntity
  8
1_ANYTOOL_1MMDEEP_LABELS_S
100
AcDbVertex
100
AcDb2dVertex
 10
29.38777901785738
 20
178.958370535714
 30
0.0
  0
VERTEX
  5
449
330
43B
100
AcDbEntity
  8
1_ANYTOOL_1MMDEEP_LABELS_S
100
AcDbVertex
100
AcDb2dVertex
 10
29.28310546875019
 20
179.2909319196427
 30
0.0
  0
VERTEX
  5
44A
330
43B
100
AcDbEntity
  8
1_ANYTOOL_1MMDEEP_LABELS_S
100
AcDbVertex
100
AcDb2dVertex
 10
29.16897321428587
 20
179.615625
 30
0.0
  0
VERTEX
  5
44B
330
43B
100
AcDbEntity
  8
1_ANYTOOL_1MMDEEP_LABELS_S
100
AcDbVertex
100
AcDb2dVertex
 10
29.04538225446441
 20
179.9324497767859
 30
0.0
  0
VERTEX
  5
44C
330
43B
100
AcDbEntity
  8
1_ANYTOOL_1MMDEEP_LABELS_S
100
AcDbVertex
100
AcDb2dVertex
 10
28.98003976004476
 20
180.0879115513395
 30
0.0
  0
VERTEX
  5
44D
330
43B
100
AcDbEntity
  8
1_ANYTOOL_1MMDEEP_LABELS_S
100
AcDbVertex
100
AcDb2dVertex
 10
28.91233258928582
 20
180.2414062500003
 30
0.0
  0
VERTEX
  5
44E
330
43B
100
AcDbEntity
  8
1_ANYTOOL_1MMDEEP_LABELS_S
100
AcDbVertex
100
AcDb2dVertex
 10
28.84226074218761
 20
180.3929338727683
 30
0.0
  0
VERTEX
  5
44F
330
43B
100
AcDbEntity
  8
1_ANYTOOL_1MMDEEP_LABELS_S
100
AcDbVertex
100
AcDb2dVertex
 10
28.7698242187501
 20
180.5424944196433
 30
0.0
  0
VERTEX
  5
450
330
43B
100
AcDbEntity
  8
1_ANYTOOL_1MMDEEP_LABELS_S
100
AcDbVertex
100
AcDb2dVertex
 10
28.69502301897332
 20
180.6900878906255
 30
0.0
  0
VERTEX
  5
451
330
43B
100
AcDbEntity
  8
1_ANYTOOL_1MMDEEP_LABELS_S
100
AcDbVertex
100
AcDb2dVertex
 10
28.61785714285725
 20
180.8357142857149
 30
0.0
  0
VERTEX
  5
452
330
43B
100
AcDbEntity
  8
1_ANYTOOL_1MMDEEP_LABELS_S
100
AcDbVertex
100
AcDb2dVertex
 10
28.53832659040189
 20
180.9793736049113
 30
0.0
  0
VERTEX
  5
453
330
43B
100
AcDbEntity
  8
1_ANYTOOL_1MMDEEP_LABELS_S
100
AcDbVertex
100
AcDb2dVertex
 10
28.45643136160726
 20
181.121065848215
 30
0.0
  0
VERTEX
  5
454
330
43B
100
AcDbEntity
  8
1_ANYTOOL_1MMDEEP_LABELS_S
100
AcDbVertex
100
AcDb2dVertex
 10
28.37217145647334
 20
181.2607910156257
 30
0.0
  0
VERTEX
  5
455
330
43B
100
AcDbEntity
  8
1_ANYTOOL_1MMDEEP_LABELS_S
100
AcDbVertex
100
AcDb2dVertex
 10
28.28554687500014
 20
181.3985491071436
 30
0.0
  0
VERTEX
  5
456
330
43B
100
AcDbEntity
  8
1_ANYTOOL_1MMDEEP_LABELS_S
100
AcDbVertex
100
AcDb2dVertex
 10
28.19655761718765
 20
181.5343401227687
 30
0.0
  0
VERTEX
  5
457
330
43B
100
AcDbEntity
  8
1_ANYTOOL_1MMDEEP_LABELS_S
100
AcDbVertex
100
AcDb2dVertex
 10
28.10520368303588
 20
181.6681640625009
 30
0.0
  0
VERTEX
  5
458
330
43B
100
AcDbEntity
  8
1_ANYTOOL_1MMDEEP_LABELS_S
100
AcDbVertex
100
AcDb2dVertex
 10
28.01148507254483
 20
181.8000209263402
 30
0.0
  0
VERTEX
  5
459
330
43B
100
AcDbEntity
  8
1_ANYTOOL_1MMDEEP_LABELS_S
100
AcDbVertex
100
AcDb2dVertex
 10
27.91540178571449
 20
181.9299107142866
 30
0.0
  0
VERTEX
  5
45A
330
43B
100
AcDbEntity
  8
1_ANYTOOL_1MMDEEP_LABELS_S
100
AcDbVertex
100
AcDb2dVertex
 10
27.81695382254487
 20
182.0578334263402
 30
0.0
  0
VERTEX
  5
45B
330
43B
100
AcDbEntity
  8
1_ANYTOOL_1MMDEEP_LABELS_S
100
AcDbVertex
100
AcDb2dVertex
 10
27.71614118303597
 20
182.183789062501
 30
0.0
  0
VERTEX
  5
45C
330
43B
100
AcDbEntity
  8
1_ANYTOOL_1MMDEEP_LABELS_S
100
AcDbVertex
100
AcDb2dVertex
 10
27.61296386718779
 20
182.3077776227689
 30
0.0
  0
VERTEX
  5
45D
330
43B
100
AcDbEntity
  8
1_ANYTOOL_1MMDEEP_LABELS_S
100
AcDbVertex
100
AcDb2dVertex
 10
27.50742187500032
 20
182.4297991071439
 30
0.0
  0
VERTEX
  5
45E
330
43B
100
AcDbEntity
  8
1_ANYTOOL_1MMDEEP_LABELS_S
100
AcDbVertex
100
AcDb2dVertex
 10
27.39951520647357
 20
182.549853515626
 30
0.0
  0
VERTEX
  5
45F
330
43B
100
AcDbEntity
  8
1_ANYTOOL_1MMDEEP_LABELS_S
100
AcDbVertex
100
AcDb2dVertex
 10
27.28924386160753
 20
182.6679408482153
 30
0.0
  0
VERTEX
  5
460
330
43B
100
AcDbEntity
  8
1_ANYTOOL_1MMDEEP_LABELS_S
100
AcDbVertex
100
AcDb2dVertex
 10
27.17660784040221
 20
182.7840611049118
 30
0.0
  0
VERTEX
  5
461
330
43B
100
AcDbEntity
  8
1_ANYTOOL_1MMDEEP_LABELS_S
100
AcDbVertex
100
AcDb2dVertex
 10
27.06160714285761
 20
182.8982142857153
 30
0.0
  0
VERTEX
  5
462
330
43B
100
AcDbEntity
  8
1_ANYTOOL_1MMDEEP_LABELS_S
100
AcDbVertex
100
AcDb2dVertex
 10
26.94424176897373
 20
183.010400390626
 30
0.0
  0
VERTEX
  5
463
330
43B
100
AcDbEntity
  8
1_ANYTOOL_1MMDEEP_LABELS_S
100
AcDbVertex
100
AcDb2dVertex
 10
26.82451171875056
 20
183.1206194196439
 30
0.0
  0
VERTEX
  5
464
330
43B
100
AcDbEntity
  8
1_ANYTOOL_1MMDEEP_LABELS_S
100
AcDbVertex
100
AcDb2dVertex
 10
26.70241699218811
 20
183.2288713727689
 30
0.0
  0
VERTEX
  5
465
330
43B
100
AcDbEntity
  8
1_ANYTOOL_1MMDEEP_LABELS_S
100
AcDbVertex
100
AcDb2dVertex
 10
26.57795758928637
 20
183.335156250001
 30
0.0
  0
VERTEX
  5
466
330
43B
100
AcDbEntity
  8
1_ANYTOOL_1MMDEEP_LABELS_S
100
AcDbVertex
100
AcDb2dVertex
 10
26.45113351004535
 20
183.4394740513403
 30
0.0
  0
VERTEX
  5
467
330
43B
100
AcDbEntity
  8
1_ANYTOOL_1MMDEEP_LABELS_S
100
AcDbVertex
100
AcDb2dVertex
 10
26.32194475446505
 20
183.5418247767867
 30
0.0
  0
VERTEX
  5
468
330
43B
100
AcDbEntity
  8
1_ANYTOOL_1MMDEEP_LABELS_S
100
AcDbVertex
100
AcDb2dVertex
 10
26.19039132254547
 20
183.6422084263402
 30
0.0
  0
VERTEX
  5
469
330
43B
100
AcDbEntity
  8
1_ANYTOOL_1MMDEEP_LABELS_S
100
AcDbVertex
100
AcDb2dVertex
 10
26.0564732142866
 20
183.7406250000009
 30
0.0
  0
VERTEX
  5
46A
330
43B
100
AcDbEntity
  8
1_ANYTOOL_1MMDEEP_LABELS_S
100
AcDbVertex
100
AcDb2dVertex
 10
25.92019042968845
 20
183.8370744977688
 30
0.0
  0
VERTEX
  5
46B
330
43B
100
AcDbEntity
  8
1_ANYTOOL_1MMDEEP_LABELS_S
100
AcDbVertex
100
AcDb2dVertex
 10
25.78154296875101
 20
183.9315569196438
 30
0.0
  0
VERTEX
  5
46C
330
43B
100
AcDbEntity
  8
1_ANYTOOL_1MMDEEP_LABELS_S
100
AcDbVertex
100
AcDb2dVertex
 10
25.49715401785829
 20
184.1146205357151
 30
0.0
  0
VERTEX
  5
46D
330
43B
100
AcDbEntity
  8
1_ANYTOOL_1MMDEEP_LABELS_S
100
AcDbVertex
100
AcDb2dVertex
 10
25.20330636160844
 20
184.289815848215
 30
0.0
  0
VERTEX
  5
46E
330
43B
100
AcDbEntity
  8
1_ANYTOOL_1MMDEEP_LABELS_S
100
AcDbVertex
100
AcDb2dVertex
 10
24.90000000000146
 20
184.4571428571435
 30
0.0
  0
VERTEX
  5
46F
330
43B
100
AcDbEntity
  8
1_ANYTOOL_1MMDEEP_LABELS_S
100
AcDbVertex
100
AcDb2dVertex
 10
24.28108258928704
 20
184.7737165178576
 30
0.0
  0
VERTEX
  5
470
330
43B
100
AcDbEntity
  8
1_ANYTOOL_1MMDEEP_LABELS_S
100
AcDbVertex
100
AcDb2dVertex
 10
23.6564732142869
 20
185.0698660714288
 30
0.0
  0
VERTEX
  5
471
330
43B
100
AcDbEntity
  8
1_ANYTOOL_1MMDEEP_LABELS_S
100
AcDbVertex
100
AcDb2dVertex
 10
23.02617187500105
 20
185.3455915178572
 30
0.0
  0
VERTEX
  5
472
330
43B
100
AcDbEntity
  8
1_ANYTOOL_1MMDEEP_LABELS_S
100
AcDbVertex
100
AcDb2dVertex
 10
22.39017857142949
 20
185.6008928571428
 30
0.0
  0
VERTEX
  5
473
330
43B
100
AcDbEntity
  8
1_ANYTOOL_1MMDEEP_LABELS_S
100
AcDbVertex
100
AcDb2dVertex
 10
21.7484933035722
 20
185.8357700892855
 30
0.0
  0
VERTEX
  5
474
330
43B
100
AcDbEntity
  8
1_ANYTOOL_1MMDEEP_LABELS_S
100
AcDbVertex
100
AcDb2dVertex
 10
21.1011160714292
 20
186.0502232142853
 30
0.0
  0
VERTEX
  5
475
330
43B
100
AcDbEntity
  8
1_ANYTOOL_1MMDEEP_LABELS_S
100
AcDbVertex
100
AcDb2dVertex
 10
20.44804687500049
 20
186.2442522321423
 30
0.0
  0
VERTEX
  5
476
330
43B
100
AcDbEntity
  8
1_ANYTOOL_1MMDEEP_LABELS_S
100
AcDbVertex
100
AcDb2dVertex
 10
19.78928571428605
 20
186.4178571428565
 30
0.0
  0
VERTEX
  5
477
330
43B
100
AcDbEntity
  8
1_ANYTOOL_1MMDEEP_LABELS_S
100
AcDbVertex
100
AcDb2dVertex
 10
19.1248325892859
 20
186.5710379464279
 30
0.0
  0
VERTEX
  5
478
330
43B
100
AcDbEntity
  8
1_ANYTOOL_1MMDEEP_LABELS_S
100
AcDbVertex
100
AcDb2dVertex
 10
18.45468750000003
 20
186.7037946428563
 30
0.0
  0
VERTEX
  5
479
330
43B
100
AcDbEntity
  8
1_ANYTOOL_1MMDEEP_LABELS_S
100
AcDbVertex
100
AcDb2dVertex
 10
17.77885044642845
 20
186.816127232142
 30
0.0
  0
VERTEX
  5
47A
330
43B
100
AcDbEntity
  8
1_ANYTOOL_1MMDEEP_LABELS_S
100
AcDbVertex
100
AcDb2dVertex
 10
17.09732142857115
 20
186.9080357142848
 30
0.0
  0
VERTEX
  5
47B
330
43B
100
AcDbEntity
  8
1_ANYTOOL_1MMDEEP_LABELS_S
100
AcDbVertex
100
AcDb2dVertex
 10
16.41010044642813
 20
186.9795200892847
 30
0.0
  0
VERTEX
  5
47C
330
43B
100
AcDbEntity
  8
1_ANYTOOL_1MMDEEP_LABELS_S
100
AcDbVertex
100
AcDb2dVertex
 10
15.7171874999994
 20
187.0305803571418
 30
0.0
  0
VERTEX
  5
47D
330
43B
100
AcDbEntity
  8
1_ANYTOOL_1MMDEEP_LABELS_S
100
AcDbVertex
100
AcDb2dVertex
 10
15.01858258928495
 20
187.0612165178561
 30
0.0
  0
VERTEX
  5
47E
330
43B
100
AcDbEntity
  8
1_ANYTOOL_1MMDEEP_LABELS_S
100
AcDbVertex
100
AcDb2dVertex
 10
14.31428571428478
 20
187.0714285714275
 30
0.0
  0
VERTEX
  5
47F
330
43B
100
AcDbEntity
  8
1_ANYTOOL_1MMDEEP_LABELS_S
100
AcDbVertex
100
AcDb2dVertex
 10
13.71729910714201
 20
187.061718749999
 30
0.0
  0
VERTEX
  5
480
330
43B
100
AcDbEntity
  8
1_ANYTOOL_1MMDEEP_LABELS_S
100
AcDbVertex
100
AcDb2dVertex
 10
13.12633928571353
 20
187.0325892857132
 30
0.0
  0
VERTEX
  5
481
330
43B
100
AcDbEntity
  8
1_ANYTOOL_1MMDEEP_LABELS_S
100
AcDbVertex
100
AcDb2dVertex
 10
12.54140624999933
 20
186.9840401785704
 30
0.0
  0
VERTEX
  5
482
330
43B
100
AcDbEntity
  8
1_ANYTOOL_1MMDEEP_LABELS_S
100
AcDbVertex
100
AcDb2dVertex
 10
11.96249999999941
 20
186.9160714285704
 30
0.0
  0
VERTEX
  5
483
330
43B
100
AcDbEntity
  8
1_ANYTOOL_1MMDEEP_LABELS_S
100
AcDbVertex
100
AcDb2dVertex
 10
11.38962053571377
 20
186.8286830357132
 30
0.0
  0
VERTEX
  5
484
330
43B
100
AcDbEntity
  8
1_ANYTOOL_1MMDEEP_LABELS_S
100
AcDbVertex
100
AcDb2dVertex
 10
11.10544084821381
 20
186.7777064732132
 30
0.0
  0
VERTEX
  5
485
330
43B
100
AcDbEntity
  8
1_ANYTOOL_1MMDEEP_LABELS_S
100
AcDbVertex
100
AcDb2dVertex
 10
10.82276785714242
 20
186.7218749999989
 30
0.0
  0
VERTEX
  5
486
330
43B
100
AcDbEntity
  8
1_ANYTOOL_1MMDEEP_LABELS_S
100
AcDbVertex
100
AcDb2dVertex
 10
10.5416015624996
 20
186.6611886160704
 30
0.0
  0
VERTEX
  5
487
330
43B
100
AcDbEntity
  8
1_ANYTOOL_1MMDEEP_LABELS_S
100
AcDbVertex
100
AcDb2dVertex
 10
10.26194196428536
 20
186.5956473214275
 30
0.0
  0
VERTEX
  5
488
330
43B
100
AcDbEntity
  8
1_ANYTOOL_1MMDEEP_LABELS_S
100
AcDbVertex
100
AcDb2dVertex
 10
9.983789062499678
 20
186.5252511160703
 30
0.0
  0
VERTEX
  5
489
330
43B
100
AcDbEntity
  8
1_ANYTOOL_1MMDEEP_LABELS_S
100
AcDbVertex
100
AcDb2dVertex
 10
9.707142857142571
 20
186.4499999999989
 30
0.0
  0
VERTEX
  5
48A
330
43B
100
AcDbEntity
  8
1_ANYTOOL_1MMDEEP_LABELS_S
100
AcDbVertex
100
AcDb2dVertex
 10
9.432003348214035
 20
186.3698939732132
 30
0.0
  0
VERTEX
  5
48B
330
43B
100
AcDbEntity
  8
1_ANYTOOL_1MMDEEP_LABELS_S
100
AcDbVertex
100
AcDb2dVertex
 10
9.15837053571407
 20
186.2849330357132
 30
0.0
  0
VERTEX
  5
48C
330
43B
100
AcDbEntity
  8
1_ANYTOOL_1MMDEEP_LABELS_S
100
AcDbVertex
100
AcDb2dVertex
 10
8.886244419642676
 20
186.1951171874989
 30
0.0
  0
VERTEX
  5
48D
330
43B
100
AcDbEntity
  8
1_ANYTOOL_1MMDEEP_LABELS_S
100
AcDbVertex
100
AcDb2dVertex
 10
8.615624999999852
 20
186.1004464285703
 30
0.0
  0
VERTEX
  5
48E
330
43B
100
AcDbEntity
  8
1_ANYTOOL_1MMDEEP_LABELS_S
100
AcDbVertex
100
AcDb2dVertex
 10
8.3465122767856
 20
186.0009207589275
 30
0.0
  0
VERTEX
  5
48F
330
43B
100
AcDbEntity
  8
1_ANYTOOL_1MMDEEP_LABELS_S
100
AcDbVertex
100
AcDb2dVertex
 10
8.078906249999918
 20
185.8965401785703
 30
0.0
  0
VERTEX
  5
490
330
43B
100
AcDbEntity
  8
1_ANYTOOL_1MMDEEP_LABELS_S
100
AcDbVertex
100
AcDb2dVertex
 10
7.812806919642806
 20
185.7873046874988
 30
0.0
  0
VERTEX
  5
491
330
43B
100
AcDbEntity
  8
1_ANYTOOL_1MMDEEP_LABELS_S
100
AcDbVertex
100
AcDb2dVertex
 10
7.548214285714266
 20
185.6732142857131
 30
0.0
  0
VERTEX
  5
492
330
43B
100
AcDbEntity
  8
1_ANYTOOL_1MMDEEP_LABELS_S
100
AcDbVertex
100
AcDb2dVertex
 10
7.023549107142898
 20
185.4304687499988
 30
0.0
  0
VERTEX
  5
493
330
43B
100
AcDbEntity
  8
1_ANYTOOL_1MMDEEP_LABELS_S
100
AcDbVertex
100
AcDb2dVertex
 10
6.504910714285813
 20
185.1683035714274
 30
0.0
  0
VERTEX
  5
494
330
43B
100
AcDbEntity
  8
1_ANYTOOL_1MMDEEP_LABELS_S
100
AcDbVertex
100
AcDb2dVertex
 10
5.992299107143012
 20
184.8867187499988
 30
0.0
  0
VERTEX
  5
495
330
43B
100
AcDbEntity
  8
1_ANYTOOL_1MMDEEP_LABELS_S
100
AcDbVertex
100
AcDb2dVertex
 10
5.485714285714494
 20
184.585714285713
 30
0.0
  0
VERTEX
  5
496
330
43B
100
AcDbEntity
  8
1_ANYTOOL_1MMDEEP_LABELS_S
100
AcDbVertex
100
AcDb2dVertex
 10
5.17964564732161
 20
184.3911411830345
 30
0.0
  0
VERTEX
  5
497
330
43B
100
AcDbEntity
  8
1_ANYTOOL_1MMDEEP_LABELS_S
100
AcDbVertex
100
AcDb2dVertex
 10
4.882868303571584
 20
184.1931361607132
 30
0.0
  0
VERTEX
  5
498
330
43B
100
AcDbEntity
  8
1_ANYTOOL_1MMDEEP_LABELS_S
100
AcDbVertex
100
AcDb2dVertex
 10
4.595382254464415
 20
183.991699218749
 30
0.0
  0
VERTEX
  5
499
330
43B
100
AcDbEntity
  8
1_ANYTOOL_1MMDEEP_LABELS_S
100
AcDbVertex
100
AcDb2dVertex
 10
4.317187500000102
 20
183.7868303571419
 30
0.0
  0
VERTEX
  5
49A
330
43B
100
AcDbEntity
  8
1_ANYTOOL_1MMDEEP_LABELS_S
100
AcDbVertex
100
AcDb2dVertex
 10
4.048284040178647
 20
183.5785295758919
 30
0.0
  0
VERTEX
  5
49B
330
43B
100
AcDbEntity
  8
1_ANYTOOL_1MMDEEP_LABELS_S
100
AcDbVertex
100
AcDb2dVertex
 10
3.788671875000048
 20
183.3667968749991
 30
0.0
  0
VERTEX
  5
49C
330
43B
100
AcDbEntity
  8
1_ANYTOOL_1MMDEEP_LABELS_S
100
AcDbVertex
100
AcDb2dVertex
 10
3.538351004464307
 20
183.1516322544634
 30
0.0
  0
VERTEX
  5
49D
330
43B
100
AcDbEntity
  8
1_ANYTOOL_1MMDEEP_LABELS_S
100
AcDbVertex
100
AcDb2dVertex
 10
3.297321428571422
 20
182.9330357142849
 30
0.0
  0
VERTEX
  5
49E
330
43B
100
AcDbEntity
  8
1_ANYTOOL_1MMDEEP_LABELS_S
100
AcDbVertex
100
AcDb2dVertex
 10
3.065583147321394
 20
182.7110072544635
 30
0.0
  0
VERTEX
  5
49F
330
43B
100
AcDbEntity
  8
1_ANYTOOL_1MMDEEP_LABELS_S
100
AcDbVertex
100
AcDb2dVertex
 10
2.843136160714224
 20
182.4855468749992
 30
0.0
  0
VERTEX
  5
4A0
330
43B
100
AcDbEntity
  8
1_ANYTOOL_1MMDEEP_LABELS_S
100
AcDbVertex
100
AcDb2dVertex
 10
2.62998046874991
 20
182.2566545758921
 30
0.0
  0
VERTEX
  5
4A1
330
43B
100
AcDbEntity
  8
1_ANYTOOL_1MMDEEP_LABELS_S
100
AcDbVertex
100
AcDb2dVertex
 10
2.426116071428453
 20
182.024330357142
 30
0.0
  0
VERTEX
  5
4A2
330
43B
100
AcDbEntity
  8
1_ANYTOOL_1MMDEEP_LABELS_S
100
AcDbVertex
100
AcDb2dVertex
 10
2.231542968749853
 20
181.7885742187492
 30
0.0
  0
VERTEX
  5
4A3
330
43B
100
AcDbEntity
  8
1_ANYTOOL_1MMDEEP_LABELS_S
100
AcDbVertex
100
AcDb2dVertex
 10
2.04626116071411
 20
181.5493861607135
 30
0.0
  0
VERTEX
  5
4A4
330
43B
100
AcDbEntity
  8
1_ANYTOOL_1MMDEEP_LABELS_S
100
AcDbVertex
100
AcDb2dVertex
 10
1.870270647321224
 20
181.3067661830349
 30
0.0
  0
VERTEX
  5
4A5
330
43B
100
AcDbEntity
  8
1_ANYTOOL_1MMDEEP_LABELS_S
100
AcDbVertex
100
AcDb2dVertex
 10
1.703571428571195
 20
181.0607142857134
 30
0.0
  0
VERTEX
  5
4A6
330
43B
100
AcDbEntity
  8
1_ANYTOOL_1MMDEEP_LABELS_S
100
AcDbVertex
100
AcDb2dVertex
 10
1.546163504464023
 20
180.8112304687491
 30
0.0
  0
VERTEX
  5
4A7
330
43B
100
AcDbEntity
  8
1_ANYTOOL_1MMDEEP_LABELS_S
100
AcDbVertex
100
AcDb2dVertex
 10
1.398046874999707
 20
180.5583147321419
 30
0.0
  0
VERTEX
  5
4A8
330
43B
100
AcDbEntity
  8
1_ANYTOOL_1MMDEEP_LABELS_S
100
AcDbVertex
100
AcDb2dVertex
 10
1.259221540178249
 20
180.3019670758919
 30
0.0
  0
VERTEX
  5
4A9
330
43B
100
AcDbEntity
  8
1_ANYTOOL_1MMDEEP_LABELS_S
100
AcDbVertex
100
AcDb2dVertex
 10
1.129687499999648
 20
180.0421874999989
 30
0.0
  0
VERTEX
  5
4AA
330
43B
100
AcDbEntity
  8
1_ANYTOOL_1MMDEEP_LABELS_S
100
AcDbVertex
100
AcDb2dVertex
 10
1.009444754463903
 20
179.7789760044632
 30
0.0
  0
VERTEX
  5
4AB
330
43B
100
AcDbEntity
  8
1_ANYTOOL_1MMDEEP_LABELS_S
100
AcDbVertex
100
AcDb2dVertex
 10
0.8984933035710156
 20
179.5123325892845
 30
0.0
  0
VERTEX
  5
4AC
330
43B
100
AcDbEntity
  8
1_ANYTOOL_1MMDEEP_LABELS_S
100
AcDbVertex
100
AcDb2dVertex
 10
0.7968331473209851
 20
179.242257254463
 30
0.0
  0
VERTEX
  5
4AD
330
43B
100
AcDbEntity
  8
1_ANYTOOL_1MMDEEP_LABELS_S
100
AcDbVertex
100
AcDb2dVertex
 10
0.7044642857138115
 20
178.9687499999986
 30
0.0
  0
VERTEX
  5
4AE
330
43B
100
AcDbEntity
  8
1_ANYTOOL_1MMDEEP_LABELS_S
100
AcDbVertex
100
AcDb2dVertex
 10
0.6213867187494948
 20
178.6918108258914
 30
0.0
  0
VERTEX
  5
4AF
330
43B
100
AcDbEntity
  8
1_ANYTOOL_1MMDEEP_LABELS_S
100
AcDbVertex
100
AcDb2dVertex
 10
0.5476004464280351
 20
178.4114397321413
 30
0.0
  0
VERTEX
  5
4B0
330
43B
100
AcDbEntity
  8
1_ANYTOOL_1MMDEEP_LABELS_S
100
AcDbVertex
100
AcDb2dVertex
 10
0.4831054687494323
 20
178.1276367187484
 30
0.0
  0
VERTEX
  5
4B1
330
43B
100
AcDbEntity
  8
1_ANYTOOL_1MMDEEP_LABELS_S
100
AcDbVertex
100
AcDb2dVertex
 10
0.4279017857136864
 20
177.8404017857125
 30
0.0
  0
VERTEX
  5
4B2
330
43B
100
AcDbEntity
  8
1_ANYTOOL_1MMDEEP_LABELS_S
100
AcDbVertex
100
AcDb2dVertex
 10
0.3819893973207975
 20
177.5497349330338
 30
0.0
  0
VERTEX
  5
4B3
330
43B
100
AcDbEntity
  8
1_ANYTOOL_1MMDEEP_LABELS_S
100
AcDbVertex
100
AcDb2dVertex
 10
0.3453683035707655
 20
177.2556361607123
 30
0.0
  0
VERTEX
  5
4B4
330
43B
100
AcDbEntity
  8
1_ANYTOOL_1MMDEEP_LABELS_S
100
AcDbVertex
100
AcDb2dVertex
 10
0.3180385044635905
 20
176.9581054687478
 30
0.0
  0
VERTEX
  5
4B5
330
43B
100
AcDbEntity
  8
1_ANYTOOL_1MMDEEP_LABELS_S
100
AcDbVertex
100
AcDb2dVertex
 10
0.2999999999992724
 20
176.6571428571406
 30
0.0
  0
VERTEX
  5
4B6
330
43B
100
AcDbEntity
  8
1_ANYTOOL_1MMDEEP_LABELS_S
100
AcDbVertex
100
AcDb2dVertex
 10
0.0964285714280777
 20
171.7607142857141
 30
0.0
  0
SEQEND
  5
4B7
330
43B
100
AcDbEntity
  8
1_ANYTOOL_1MMDEEP_LABELS_S
  0
POLYLINE
  5
4B9
330
1F
100
AcDbEntity
  8
3_ANYTOOL_CUTTHROUGH_INSID
100
AcDb2dPolyline
 66
     1
 10
0.0
 20
0.0
 30
-0.0000000000018174
 70
     1
  0
VERTEX
  5
4BA
330
4B9
100
AcDbEntity
  8
3_ANYTOOL_CUTTHROUGH_INSID
100
AcDbVertex
100
AcDb2dVertex
 10
74.75000000000364
 20
-123.9999999973879
 30
-0.0000000000018174
  0
VERTEX
  5
4BB
330
4B9
100
AcDbEntity
  8
3_ANYTOOL_CUTTHROUGH_INSID
100
AcDbVertex
100
AcDb2dVertex
 10
74.74999999998909
 20
-83.99999999738793
 30
-0.0000000000018174
 42
-1.000000000006893
  0
VERTEX
  5
4BC
330
4B9
100
AcDbEntity
  8
3_ANYTOOL_CUTTHROUGH_INSID
100
AcDbVertex
100
AcDb2dVertex
 10
84.24999999998181
 20
-83.99999999738066
 30
-0.0000000000018174
  0
VERTEX
  5
4BD
330
4B9
100
AcDbEntity
  8
3_ANYTOOL_CUTTHROUGH_INSID
100
AcDbVertex
100
AcDb2dVertex
 10
84.25
 20
-123.9999999973879
 30
-0.0000000000018174
 42
-0.9999999999992341
  0
SEQEND
  5
4BE
330
4B9
100
AcDbEntity
  8
3_ANYTOOL_CUTTHROUGH_INSID
  0
POLYLINE
  5
4BF
330
1F
100
AcDbEntity
  8
3_ANYTOOL_CUTTHROUGH_INSID
100
AcDb2dPolyline
 66
     1
 10
0.0
 20
0.0
 30
-0.0000000000224516
 70
     1
  0
VERTEX
  5
4C0
330
4BF
100
AcDbEntity
  8
3_ANYTOOL_CUTTHROUGH_INSID
100
AcDbVertex
100
AcDb2dVertex
 10
74.7499999998654
 20
84.00000000261207
 30
-0.0000000000224516
  0
VERTEX
  5
4C1
330
4BF
100
AcDbEntity
  8
3_ANYTOOL_CUTTHROUGH_INSID
100
AcDbVertex
100
AcDb2dVertex
 10
74.74999999985084
 20
124.0000000026121
 30
-0.0000000000224516
 42
-0.9999999999915751
  0
VERTEX
  5
4C2
330
4BF
100
AcDbEntity
  8
3_ANYTOOL_CUTTHROUGH_INSID
100
AcDbVertex
100
AcDb2dVertex
 10
84.24999999985812
 20
124.0000000026193
 30
-0.0000000000224516
  0
VERTEX
  5
4C3
330
4BF
100
AcDbEntity
  8
3_ANYTOOL_CUTTHROUGH_INSID
100
AcDbVertex
100
AcDb2dVertex
 10
84.2499999998654
 20
84.00000000261207
 30
-0.0000000000224516
 42
-1.000000000000766
  0
SEQEND
  5
4C4
330
4BF
100
AcDbEntity
  8
3_ANYTOOL_CUTTHROUGH_INSID
  0
POLYLINE
  5
4C5
330
1F
100
AcDbEntity
  8
3_ANYTOOL_CUTTHROUGH_INSID
100
AcDb2dPolyline
 66
     1
 10
0.0
 20
0.0
 30
-0.0000000000039775
 70
     1
  0
VERTEX
  5
4C6
330
4C5
100
AcDbEntity
  8
3_ANYTOOL_CUTTHROUGH_INSID
100
AcDbVertex
100
AcDb2dVertex
 10
-74.7499999999236
 20
-123.9999999974752
 30
-0.0000000000039775
 42
-0.9999999999999999
  0
VERTEX
  5
4C7
330
4C5
100
AcDbEntity
  8
3_ANYTOOL_CUTTHROUGH_INSID
100
AcDbVertex
100
AcDb2dVertex
 10
-84.2499999999236
 20
-123.9999999974752
 30
-0.0000000000039775
  0
VERTEX
  5
4C8
330
4C5
100
AcDbEntity
  8
3_ANYTOOL_CUTTHROUGH_INSID
100
AcDbVertex
100
AcDb2dVertex
 10
-84.24999999993452
 20
-83.99999999747524
 30
-0.0000000000039775
 42
-1.000000000008425
  0
VERTEX
  5
4C9
330
4C5
100
AcDbEntity
  8
3_ANYTOOL_CUTTHROUGH_INSID
100
AcDbVertex
100
AcDb2dVertex
 10
-74.74999999993452
 20
-83.99999999748252
 30
-0.0000000000039775
  0
SEQEND
  5
4CA
330
4C5
100
AcDbEntity
  8
3_ANYTOOL_CUTTHROUGH_INSID
  0
POLYLINE
  5
4CB
330
1F
100
AcDbEntity
  8
3_ANYTOOL_CUTTHROUGH_INSID
100
AcDb2dPolyline
 66
     1
 10
0.0
 20
0.0
 30
-0.0000000000241569
 70
     1
  0
VERTEX
  5
4CC
330
4CB
100
AcDbEntity
  8
3_ANYTOOL_CUTTHROUGH_INSID
100
AcDbVertex
100
AcDb2dVertex
 10
-74.75000000006185
 20
84.00000000252476
 30
-0.0000000000241569
 42
-0.9999999999923411
  0
VERTEX
  5
4CD
330
4CB
100
AcDbEntity
  8
3_ANYTOOL_CUTTHROUGH_INSID
100
AcDbVertex
100
AcDb2dVertex
 10
-84.25000000005457
 20
84.00000000252476
 30
-0.0000000000241569
  0
VERTEX
  5
4CE
330
4CB
100
AcDbEntity
  8
3_ANYTOOL_CUTTHROUGH_INSID
100
AcDbVertex
100
AcDb2dVertex
 10
-84.25000000007276
 20
124.0000000024665
 30
-0.0000000000241569
 42
-1.000000000006893
  0
VERTEX
  5
4CF
330
4CB
100
AcDbEntity
  8
3_ANYTOOL_CUTTHROUGH_INSID
100
AcDbVertex
100
AcDb2dVertex
 10
-74.75000000007276
 20
124.0000000024738
 30
-0.0000000000241569
  0
SEQEND
  5
4D0
330
4CB
100
AcDbEntity
  8
3_ANYTOOL_CUTTHROUGH_INSID
  0
POLYLINE
  5
4D2
330
1F
100
AcDbEntity
  8
4_ANYTOOL_CUTTHROUGH_OUTSI
100
AcDb2dPolyline
 66
     1
 10
0.0
 20
0.0
 30
0.0
 70
     1
  0
VERTEX
  5
4D3
330
4D2
100
AcDbEntity
  8
4_ANYTOOL_CUTTHROUGH_OUTSI
100
AcDbVertex
100
AcDb2dVertex
 10
-68.7499999998654
 20
-157.9999999974898
 30
0.0
  0
VERTEX
  5
4D4
330
4D2
100
AcDbEntity
  8
4_ANYTOOL_CUTTHROUGH_OUTSI
100
AcDbVertex
100
AcDb2dVertex
 10
-68.74999999985448
 20
-169.9999999974898
 30
0.0
 42
-0.414213562334746
  0
VERTEX
  5
4D5
330
4D2
100
AcDbEntity
  8
4_ANYTOOL_CUTTHROUGH_OUTSI
100
AcDbVertex
100
AcDb2dVertex
 10
-68.99999999985448
 20
-170.2499999974789
 30
0.0
  0
VERTEX
  5
4D6
330
4D2
100
AcDbEntity
  8
4_ANYTOOL_CUTTHROUGH_OUTSI
100
AcDbVertex
100
AcDb2dVertex
 10
-74.74999999985448
 20
-170.2499999974971
 30
0.0
  0
VERTEX
  5
4D7
330
4D2
100
AcDbEntity
  8
4_ANYTOOL_CUTTHROUGH_OUTSI
100
AcDbVertex
100
AcDb2dVertex
 10
-74.74999999999272
 20
-263.7499999975553
 30
0.0
  0
VERTEX
  5
4D8
330
4D2
100
AcDbEntity
  8
4_ANYTOOL_CUTTHROUGH_OUTSI
100
AcDbVertex
100
AcDb2dVertex
 10
-49.24999999993452
 20
-263.7499999974752
 30
0.0
  0
VERTEX
  5
4D9
330
4D2
100
AcDbEntity
  8
4_ANYTOOL_CUTTHROUGH_OUTSI
100
AcDbVertex
100
AcDb2dVertex
 10
-49.24999999988358
 20
-257.9999999974752
 30
0.0
 42
-0.4142135623560464
  0
VERTEX
  5
4DA
330
4D2
100
AcDbEntity
  8
4_ANYTOOL_CUTTHROUGH_OUTSI
100
AcDbVertex
100
AcDb2dVertex
 10
-48.99999999988358
 20
-257.7499999974752
 30
0.0
  0
VERTEX
  5
4DB
330
4D2
100
AcDbEntity
  8
4_ANYTOOL_CUTTHROUGH_OUTSI
100
AcDbVertex
100
AcDb2dVertex
 10
-36.99999999988358
 20
-257.7499999974607
 30
0.0
 42
-0.4142135624156451
  0
VERTEX
  5
4DC
330
4D2
100
AcDbEntity
  8
4_ANYTOOL_CUTTHROUGH_OUTSI
100
AcDbVertex
100
AcDb2dVertex
 10
-36.74999999989086
 20
-257.9999999974607
 30
0.0
  0
VERTEX
  5
4DD
330
4D2
100
AcDbEntity
  8
4_ANYTOOL_CUTTHROUGH_OUTSI
100
AcDbVertex
100
AcDb2dVertex
 10
-36.74999999986903
 20
-299.7499999974607
 30
0.0
  0
VERTEX
  5
4DE
330
4D2
100
AcDbEntity
  8
4_ANYTOOL_CUTTHROUGH_OUTSI
100
AcDbVertex
100
AcDb2dVertex
 10
36.75000000012369
 20
-299.7499999974316
 30
0.0
  0
VERTEX
  5
4DF
330
4D2
100
AcDbEntity
  8
4_ANYTOOL_CUTTHROUGH_OUTSI
100
AcDbVertex
100
AcDb2dVertex
 10
36.7500000001055
 20
-257.9999999974316
 30
0.0
 42
-0.4142135623432772
  0
VERTEX
  5
4E0
330
4D2
100
AcDbEntity
  8
4_ANYTOOL_CUTTHROUGH_OUTSI
100
AcDbVertex
100
AcDb2dVertex
 10
37.0000000001055
 20
-257.7499999974352
 30
0.0
  0
VERTEX
  5
4E1
330
4D2
100
AcDbEntity
  8
4_ANYTOOL_CUTTHROUGH_OUTSI
100
AcDbVertex
100
AcDb2dVertex
 10
49.0000000001055
 20
-257.749999997417
 30
0.0
 42
-0.414213562428464
  0
VERTEX
  5
4E2
330
4D2
100
AcDbEntity
  8
4_ANYTOOL_CUTTHROUGH_OUTSI
100
AcDbVertex
100
AcDb2dVertex
 10
49.25000000009459
 20
-257.999999997417
 30
0.0
  0
VERTEX
  5
4E3
330
4D2
100
AcDbEntity
  8
4_ANYTOOL_CUTTHROUGH_OUTSI
100
AcDbVertex
100
AcDb2dVertex
 10
49.25000000010914
 20
-263.749999997417
 30
0.0
  0
VERTEX
  5
4E4
330
4D2
100
AcDbEntity
  8
4_ANYTOOL_CUTTHROUGH_OUTSI
100
AcDbVertex
100
AcDb2dVertex
 10
74.7500000001055
 20
-263.749999997468
 30
0.0
  0
VERTEX
  5
4E5
330
4D2
100
AcDbEntity
  8
4_ANYTOOL_CUTTHROUGH_OUTSI
100
AcDbVertex
100
AcDb2dVertex
 10
74.75000000007276
 20
-170.2499999974098
 30
0.0
  0
VERTEX
  5
4E6
330
4D2
100
AcDbEntity
  8
4_ANYTOOL_CUTTHROUGH_OUTSI
100
AcDbVertex
100
AcDb2dVertex
 10
69.00000000007276
 20
-170.2499999974098
 30
0.0
 42
-0.4142135623560464
  0
VERTEX
  5
4E7
330
4D2
100
AcDbEntity
  8
4_ANYTOOL_CUTTHROUGH_OUTSI
100
AcDbVertex
100
AcDb2dVertex
 10
68.75000000007276
 20
-169.9999999974098
 30
0.0
  0
VERTEX
  5
4E8
330
4D2
100
AcDbEntity
  8
4_ANYTOOL_CUTTHROUGH_OUTSI
100
AcDbVertex
100
AcDb2dVertex
 10
68.75000000006185
 20
-157.9999999974098
 30
0.0
 42
-0.4142135623560464
  0
VERTEX
  5
4E9
330
4D2
100
AcDbEntity
  8
4_ANYTOOL_CUTTHROUGH_OUTSI
100
AcDbVertex
100
AcDb2dVertex
 10
69.00000000006185
 20
-157.7499999974098
 30
0.0
  0
VERTEX
  5
4EA
330
4D2
100
AcDbEntity
  8
4_ANYTOOL_CUTTHROUGH_OUTSI
100
AcDbVertex
100
AcDb2dVertex
 10
92.75000000005821
 20
-157.749999997337
 30
0.0
  0
VERTEX
  5
4EB
330
4D2
100
AcDbEntity
  8
4_ANYTOOL_CUTTHROUGH_OUTSI
100
AcDbVertex
100
AcDb2dVertex
 10
92.75000000002183
 20
-50.24999999739521
 30
0.0
  0
VERTEX
  5
4EC
330
4D2
100
AcDbEntity
  8
4_ANYTOOL_CUTTHROUGH_OUTSI
100
AcDbVertex
100
AcDb2dVertex
 10
69.00000000002547
 20
-50.24999999740976
 30
0.0
 42
-0.4142135623347175
  0
VERTEX
  5
4ED
330
4D2
100
AcDbEntity
  8
4_ANYTOOL_CUTTHROUGH_OUTSI
100
AcDbVertex
100
AcDb2dVertex
 10
68.7500000000291
 20
-49.99999999740976
 30
0.0
  0
VERTEX
  5
4EE
330
4D2
100
AcDbEntity
  8
4_ANYTOOL_CUTTHROUGH_OUTSI
100
AcDbVertex
100
AcDb2dVertex
 10
68.75000000001455
 20
-37.99999999740976
 30
0.0
 42
-0.4142135623858844
  0
VERTEX
  5
4EF
330
4D2
100
AcDbEntity
  8
4_ANYTOOL_CUTTHROUGH_OUTSI
100
AcDbVertex
100
AcDb2dVertex
 10
69.00000000001455
 20
-37.74999999740612
 30
0.0
  0
VERTEX
  5
4F0
330
4D2
100
AcDbEntity
  8
4_ANYTOOL_CUTTHROUGH_OUTSI
100
AcDbVertex
100
AcDb2dVertex
 10
74.75000000001455
 20
-37.74999999740976
 30
0.0
  0
VERTEX
  5
4F1
330
4D2
100
AcDbEntity
  8
4_ANYTOOL_CUTTHROUGH_OUTSI
100
AcDbVertex
100
AcDb2dVertex
 10
74.74999999998545
 20
37.75000000259024
 30
0.0
  0
VERTEX
  5
4F2
330
4D2
100
AcDbEntity
  8
4_ANYTOOL_CUTTHROUGH_OUTSI
100
AcDbVertex
100
AcDb2dVertex
 10
68.99999999998545
 20
37.75000000259024
 30
0.0
 42
-0.4142135624029121
  0
VERTEX
  5
4F3
330
4D2
100
AcDbEntity
  8
4_ANYTOOL_CUTTHROUGH_OUTSI
100
AcDbVertex
100
AcDb2dVertex
 10
68.74999999998909
 20
38.00000000259024
 30
0.0
  0
VERTEX
  5
4F4
330
4D2
100
AcDbEntity
  8
4_ANYTOOL_CUTTHROUGH_OUTSI
100
AcDbVertex
100
AcDb2dVertex
 10
68.7499999999236
 20
50.00000000259024
 30
0.0
 42
-0.414213562377366
  0
VERTEX
  5
4F5
330
4D2
100
AcDbEntity
  8
4_ANYTOOL_CUTTHROUGH_OUTSI
100
AcDbVertex
100
AcDb2dVertex
 10
68.9999999999236
 20
50.2500000025866
 30
0.0
  0
VERTEX
  5
4F6
330
4D2
100
AcDbEntity
  8
4_ANYTOOL_CUTTHROUGH_OUTSI
100
AcDbVertex
100
AcDb2dVertex
 10
92.7499999999236
 20
50.25000000260479
 30
0.0
  0
VERTEX
  5
4F7
330
4D2
100
AcDbEntity
  8
4_ANYTOOL_CUTTHROUGH_OUTSI
100
AcDbVertex
100
AcDb2dVertex
 10
92.7499999998181
 20
157.7500000026048
 30
0.0
  0
VERTEX
  5
4F8
330
4D2
100
AcDbEntity
  8
4_ANYTOOL_CUTTHROUGH_OUTSI
100
AcDbVertex
100
AcDb2dVertex
 10
68.99999999982174
 20
157.7500000025902
 30
0.0
 42
-0.4142135623645885
  0
VERTEX
  5
4F9
330
4D2
100
AcDbEntity
  8
4_ANYTOOL_CUTTHROUGH_OUTSI
100
AcDbVertex
100
AcDb2dVertex
 10
68.74999999982901
 20
158.0000000025902
 30
0.0
  0
VERTEX
  5
4FA
330
4D2
100
AcDbEntity
  8
4_ANYTOOL_CUTTHROUGH_OUTSI
100
AcDbVertex
100
AcDb2dVertex
 10
68.74999999987631
 20
170.0000000025902
 30
0.0
 42
-0.414213562360322
  0
VERTEX
  5
4FB
330
4D2
100
AcDbEntity
  8
4_ANYTOOL_CUTTHROUGH_OUTSI
100
AcDbVertex
100
AcDb2dVertex
 10
68.99999999987631
 20
170.2500000025866
 30
0.0
  0
VERTEX
  5
4FC
330
4D2
100
AcDbEntity
  8
4_ANYTOOL_CUTTHROUGH_OUTSI
100
AcDbVertex
100
AcDb2dVertex
 10
74.74999999987631
 20
170.2500000025902
 30
0.0
  0
VERTEX
  5
4FD
330
4D2
100
AcDbEntity
  8
4_ANYTOOL_CUTTHROUGH_OUTSI
100
AcDbVertex
100
AcDb2dVertex
 10
74.74999999989814
 20
263.7499999682914
 30
0.0
  0
VERTEX
  5
4FE
330
4D2
100
AcDbEntity
  8
4_ANYTOOL_CUTTHROUGH_OUTSI
100
AcDbVertex
100
AcDb2dVertex
 10
49.24999999989814
 20
263.7500000023065
 30
0.0
  0
VERTEX
  5
4FF
330
4D2
100
AcDbEntity
  8
4_ANYTOOL_CUTTHROUGH_OUTSI
100
AcDbVertex
100
AcDb2dVertex
 10
49.2499999998472
 20
258.0000000026412
 30
0.0
 42
-0.4142135624114735
  0
VERTEX
  5
500
330
4D2
100
AcDbEntity
  8
4_ANYTOOL_CUTTHROUGH_OUTSI
100
AcDbVertex
100
AcDb2dVertex
 10
48.9999999998472
 20
257.7500000026303
 30
0.0
  0
VERTEX
  5
501
330
4D2
100
AcDbEntity
  8
4_ANYTOOL_CUTTHROUGH_OUTSI
100
AcDbVertex
100
AcDb2dVertex
 10
36.99999999985084
 20
257.7500000026266
 30
0.0
 42
-0.4142135624200633
  0
VERTEX
  5
502
330
4D2
100
AcDbEntity
  8
4_ANYTOOL_CUTTHROUGH_OUTSI
100
AcDbVertex
100
AcDb2dVertex
 10
36.74999999985448
 20
258.0000000026266
 30
0.0
  0
VERTEX
  5
503
330
4D2
100
AcDbEntity
  8
4_ANYTOOL_CUTTHROUGH_OUTSI
100
AcDbVertex
100
AcDb2dVertex
 10
36.74999999982901
 20
299.750000002743
 30
0.0
  0
VERTEX
  5
504
330
4D2
100
AcDbEntity
  8
4_ANYTOOL_CUTTHROUGH_OUTSI
100
AcDbVertex
100
AcDb2dVertex
 10
-36.75000000016371
 20
299.7500000025393
 30
0.0
  0
VERTEX
  5
505
330
4D2
100
AcDbEntity
  8
4_ANYTOOL_CUTTHROUGH_OUTSI
100
AcDbVertex
100
AcDb2dVertex
 10
-36.75000000014188
 20
258.0000000025393
 30
0.0
 42
-0.4142135623389507
  0
VERTEX
  5
506
330
4D2
100
AcDbEntity
  8
4_ANYTOOL_CUTTHROUGH_OUTSI
100
AcDbVertex
100
AcDb2dVertex
 10
-37.00000000014188
 20
257.7500000025393
 30
0.0
  0
VERTEX
  5
507
330
4D2
100
AcDbEntity
  8
4_ANYTOOL_CUTTHROUGH_OUTSI
100
AcDbVertex
100
AcDb2dVertex
 10
-49.00000000014188
 20
257.7500000025248
 30
0.0
 42
-0.4142135624200633
  0
VERTEX
  5
508
330
4D2
100
AcDbEntity
  8
4_ANYTOOL_CUTTHROUGH_OUTSI
100
AcDbVertex
100
AcDb2dVertex
 10
-49.25000000013824
 20
258.0000000025248
 30
0.0
  0
VERTEX
  5
509
330
4D2
100
AcDbEntity
  8
4_ANYTOOL_CUTTHROUGH_OUTSI
100
AcDbVertex
100
AcDb2dVertex
 10
-49.25000000014552
 20
263.7500000021901
 30
0.0
  0
VERTEX
  5
50A
330
4D2
100
AcDbEntity
  8
4_ANYTOOL_CUTTHROUGH_OUTSI
100
AcDbVertex
100
AcDb2dVertex
 10
-74.75000000014188
 20
263.7499999681459
 30
0.0
  0
VERTEX
  5
50B
330
4D2
100
AcDbEntity
  8
4_ANYTOOL_CUTTHROUGH_OUTSI
100
AcDbVertex
100
AcDb2dVertex
 10
-74.7500000000473
 20
170.2500000024447
 30
0.0
  0
VERTEX
  5
50C
330
4D2
100
AcDbEntity
  8
4_ANYTOOL_CUTTHROUGH_OUTSI
100
AcDbVertex
100
AcDb2dVertex
 10
-69.00000000005093
 20
170.250000002452
 30
0.0
 42
-0.4142135622878519
  0
VERTEX
  5
50D
330
4D2
100
AcDbEntity
  8
4_ANYTOOL_CUTTHROUGH_OUTSI
100
AcDbVertex
100
AcDb2dVertex
 10
-68.75000000005093
 20
170.000000002452
 30
0.0
  0
VERTEX
  5
50E
330
4D2
100
AcDbEntity
  8
4_ANYTOOL_CUTTHROUGH_OUTSI
100
AcDbVertex
100
AcDb2dVertex
 10
-68.7500000001055
 20
158.0000000025102
 30
0.0
 42
-0.414213562330451
  0
VERTEX
  5
50F
330
4D2
100
AcDbEntity
  8
4_ANYTOOL_CUTTHROUGH_OUTSI
100
AcDbVertex
100
AcDb2dVertex
 10
-69.0000000001055
 20
157.7500000025175
 30
0.0
  0
VERTEX
  5
510
330
4D2
100
AcDbEntity
  8
4_ANYTOOL_CUTTHROUGH_OUTSI
100
AcDbVertex
100
AcDb2dVertex
 10
-92.75000000010186
 20
157.7500000024447
 30
0.0
  0
VERTEX
  5
511
330
4D2
100
AcDbEntity
  8
4_ANYTOOL_CUTTHROUGH_OUTSI
100
AcDbVertex
100
AcDb2dVertex
 10
-92.75
 20
50.25000000250293
 30
0.0
  0
VERTEX
  5
512
330
4D2
100
AcDbEntity
  8
4_ANYTOOL_CUTTHROUGH_OUTSI
100
AcDbVertex
100
AcDb2dVertex
 10
-69.0
 20
50.25000000251021
 30
0.0
 42
-0.414213562373095
  0
VERTEX
  5
513
330
4D2
100
AcDbEntity
  8
4_ANYTOOL_CUTTHROUGH_OUTSI
100
AcDbVertex
100
AcDb2dVertex
 10
-68.75
 20
50.00000000251021
 30
0.0
  0
VERTEX
  5
514
330
4D2
100
AcDbEntity
  8
4_ANYTOOL_CUTTHROUGH_OUTSI
100
AcDbVertex
100
AcDb2dVertex
 10
-68.74999999994179
 20
38.00000000251021
 30
0.0
 42
-0.4142135623560464
  0
VERTEX
  5
515
330
4D2
100
AcDbEntity
  8
4_ANYTOOL_CUTTHROUGH_OUTSI
100
AcDbVertex
100
AcDb2dVertex
 10
-68.99999999994179
 20
37.75000000251021
 30
0.0
  0
VERTEX
  5
516
330
4D2
100
AcDbEntity
  8
4_ANYTOOL_CUTTHROUGH_OUTSI
100
AcDbVertex
100
AcDb2dVertex
 10
-74.74999999994179
 20
37.75000000250293
 30
0.0
  0
VERTEX
  5
517
330
4D2
100
AcDbEntity
  8
4_ANYTOOL_CUTTHROUGH_OUTSI
100
AcDbVertex
100
AcDb2dVertex
 10
-74.74999999991269
 20
-37.74999999749707
 30
0.0
  0
VERTEX
  5
518
330
4D2
100
AcDbEntity
  8
4_ANYTOOL_CUTTHROUGH_OUTSI
100
AcDbVertex
100
AcDb2dVertex
 10
-68.99999999991269
 20
-37.74999999748979
 30
0.0
 42
-0.4142135623560464
  0
VERTEX
  5
519
330
4D2
100
AcDbEntity
  8
4_ANYTOOL_CUTTHROUGH_OUTSI
100
AcDbVertex
100
AcDb2dVertex
 10
-68.74999999991269
 20
-37.99999999748979
 30
0.0
  0
VERTEX
  5
51A
330
4D2
100
AcDbEntity
  8
4_ANYTOOL_CUTTHROUGH_OUTSI
100
AcDbVertex
100
AcDb2dVertex
 10
-68.74999999990177
 20
-49.99999999748979
 30
0.0
 42
-0.4142135623560464
  0
VERTEX
  5
51B
330
4D2
100
AcDbEntity
  8
4_ANYTOOL_CUTTHROUGH_OUTSI
100
AcDbVertex
100
AcDb2dVertex
 10
-68.99999999990177
 20
-50.24999999748979
 30
0.0
  0
VERTEX
  5
51C
330
4D2
100
AcDbEntity
  8
4_ANYTOOL_CUTTHROUGH_OUTSI
100
AcDbVertex
100
AcDb2dVertex
 10
-92.74999999989814
 20
-50.24999999749707
 30
0.0
  0
VERTEX
  5
51D
330
4D2
100
AcDbEntity
  8
4_ANYTOOL_CUTTHROUGH_OUTSI
100
AcDbVertex
100
AcDb2dVertex
 10
-92.74999999986176
 20
-157.7499999974971
 30
0.0
  0
VERTEX
  5
51E
330
4D2
100
AcDbEntity
  8
4_ANYTOOL_CUTTHROUGH_OUTSI
100
AcDbVertex
100
AcDb2dVertex
 10
-68.9999999998654
 20
-157.7499999974898
 30
0.0
 42
-0.4142135623773529
  0
SEQEND
  5
51F
330
4D2
100
AcDbEntity
  8
4_ANYTOOL_CUTTHROUGH_OUTSI
  0
ENDSEC
  0
SECTION
  2
OBJECTS
  0
DICTIONARY
  5
C
330
0
100
AcDbDictionary
  3
ACAD_GROUP
350
D
  3
ACAD_LAYOUT
350
1A
  3
ACAD_MATERIAL
350
43
  3
ACAD_MLEADERSTYLE
350
5B
  3
ACAD_MLINESTYLE
350
17
  3
ACAD_PLOTSETTINGS
350
19
  3
ACAD_SCALELIST
350
47
  3
ACAD_VISUALSTYLE
350
2A
  3
ACDBHEADERROUNDTRIPXREC
350
520
  3
ACDBVARIABLEDICTIONARY
350
541
  3
DWGPROPS
350
548
  0
DICTIONARY
  5
549
330
8
100
AcDbDictionary
280
     1
  3
ACAD_XREC_ROUNDTRIP
360
54A
  0
DICTIONARY
  5
D
102
{ACAD_REACTORS
330
C
102
}
330
C
100
AcDbDictionary
  0
DICTIONARY
  5
1A
102
{ACAD_REACTORS
330
C
102
}
330
C
100
AcDbDictionary
  0
DICTIONARY
  5
43
102
{ACAD_REACTORS
330
C
102
}
330
C
100
AcDbDictionary
  3
BYBLOCK
350
45
  3
BYLAYER
350
44
  3
GLOBAL
350
46
  0
DICTIONARY
  5
5B
102
{ACAD_REACTORS
330
C
102
}
330
C
100
AcDbDictionary
  3
STANDARD
350
5C
  0
DICTIONARY
  5
17
102
{ACAD_REACTORS
330
C
102
}
330
C
100
AcDbDictionary
  3
STANDARD
350
18
  0
DICTIONARY
  5
19
102
{ACAD_REACTORS
330
C
102
}
330
C
100
AcDbDictionary
  0
DICTIONARY
  5
47
102
{ACAD_REACTORS
330
C
102
}
330
C
100
AcDbDictionary
  3
A0
350
48
  3
A1
350
49
  3
A2
350
4A
  3
A3
350
4B
  3
A4
350
4C
  3
A5
350
4D
  3
A6
350
4E
  3
A7
350
4F
  3
A8
350
50
  3
A9
350
51
  3
B1
350
52
  3
B2
350
53
  3
B3
350
54
  3
B4
350
55
  3
B5
350
56
  3
B6
350
57
  3
B7
350
58
  0
DICTIONARY
  5
2A
102
{ACAD_REACTORS
330
C
102
}
330
C
100
AcDbDictionary
  3
2DWIREFRAME
350
2F
  3
BASIC
350
32
  3
BRIGHTEN
350
36
  3
COLORCHANGE
350
3A
  3
CONCEPTUAL
350
34
  3
DIM
350
35
  3
EDGECOLOROFF
350
3D
  3
FACEPATTERN
350
39
  3
FLAT
350
2B
  3
FLATWITHEDGES
350
2C
  3
GOURAUD
350
2D
  3
GOURAUDWITHEDGES
350
2E
  3
HIDDEN
350
31
  3
JITTEROFF
350
3B
  3
LINEPATTERN
350
38
  3
OVERHANGOFF
350
3C
  3
REALISTIC
350
33
  3
SHADED
350
42
  3
SHADED_WITH_EDGES
350
41
  3
SHADES_OF_GRAY
350
3E
  3
SKETCHY
350
3F
  3
THICKEN
350
37
  3
WIREFRAME
350
30
  3
X-RAY
350
40
  0
DICTIONARY
  5
520
102
{ACAD_REACTORS
330
C
102
}
330
C
100
AcDbDictionary
  3
CEPSNID
350
52A
  3
CEPSNTYPE
350
529
  3
DIMSTYLEDATA
350
540
  3
FINGERPRINTGUID
350
52B
  3
HYPERLINKBASE
350
523
  3
INSUNITS
350
528
  3
LAYOUTDICT
350
525
  3
LWETCUNION
350
527
  3
PLOTSETDICT
350
526
  3
PSVPSCALE
350
52D
  3
PUCSBASE
350
530
  3
PUCSORGBACK
350
536
  3
PUCSORGBOTTOM
350
532
  3
PUCSORGFRONT
350
535
  3
PUCSORGLEFT
350
533
  3
PUCSORGRIGHT
350
534
  3
PUCSORGTOP
350
531
  3
PUCSORTHOREF
350
52E
  3
PUCSORTHOVIEW
350
52F
  3
STYLESHEET
350
524
  3
TSTACKALIGN
350
521
  3
TSTACKSIZE
350
522
  3
UCSBASE
350
539
  3
UCSORGBACK
350
53F
  3
UCSORGBOTTOM
350
53B
  3
UCSORGFRONT
350
53E
  3
UCSORGLEFT
350
53C
  3
UCSORGRIGHT
350
53D
  3
UCSORGTOP
350
53A
  3
UCSORTHOREF
350
537
  3
UCSORTHOVIEW
350
538
  3
VERSIONGUID
350
52C
  0
DICTIONARY
  5
541
102
{ACAD_REACTORS
330
C
102
}
330
C
100
AcDbDictionary
  3
CANNOSCALE
350
54B
  3
CMLEADERSTYLE
350
543
  3
CTABLESTYLE
350
542
  3
DIMASSOC
350
546
  3
HIDETEXT
350
547
  3
MSLTSCALE
350
54C
  0
XRECORD
  5
548
102
{ACAD_REACTORS
330
C
102
}
330
C
100
AcDbXrecord
  1
DWGPROPS COOKIE
  2

  3

  4

  6

  7

  8
clayt
  9

300
=
301
=
302
=
303
=
304
=
305
=
306
=
307
=
308
=
309
=
 40
0.0
 41
2461243.616738264
 42
2461243.616738426
  1

 90
        0
  0
XRECORD
  5
54A
102
{ACAD_REACTORS
330
549
102
}
330
549
100
AcDbXrecord
102
VTR_0.000_0.000_1.000_1.000_VISUALSTYLE
340
2F
102
VTR_0.000_0.000_1.000_1.000_GRIDDISPLAY
 70
     3
102
VTR_0.000_0.000_1.000_1.000_GRIDMAJOR
 70
     5
102
VTR_0.000_0.000_1.000_1.000_DEFAULTLIGHTING
280
     1
102
VTR_0.000_0.000_1.000_1.000_DEFAULTLIGHTINGTYPE
 70
     1
102
VTR_0.000_0.000_1.000_1.000_BRIGHTNESS
141
0.0
102
VTR_0.000_0.000_1.000_1.000_CONTRAST
142
0.0
  0
MATERIAL
  5
45
102
{ACAD_REACTORS
330
43
102
}
102
{ACAD_XDICTIONARY
360
54F
102
}
330
43
100
AcDbMaterial
  1
BYBLOCK
  0
MATERIAL
  5
44
102
{ACAD_REACTORS
330
43
102
}
102
{ACAD_XDICTIONARY
360
54D
102
}
330
43
100
AcDbMaterial
  1
BYLAYER
  0
MATERIAL
  5
46
102
{ACAD_REACTORS
330
43
102
}
102
{ACAD_XDICTIONARY
360
551
102
}
330
43
100
AcDbMaterial
  1
GLOBAL
  0
ACAD_PROXY_OBJECT
  5
5C
102
{ACAD_REACTORS
330
5B
102
}
330
5B
100
AcDbProxyObject
 90
      499
 91
      505
 93
      610
310
40901902A4063FBFFFFFE056BD1B81E855B9FC0AD7A3703D0AD73F4214DD185B99185C9900AD7A3703D0AC73F90141901A02B5E8DC0F42B1CFC02B5E8DC0F42B1CFE5764000000000000300FC0
340
14
340
0
340
11
340
0
 94
        0
1001
ACAD_MLEADERVER
1070
     2
  0
MLINESTYLE
  5
18
102
{ACAD_REACTORS
330
17
102
}
330
17
100
AcDbMlineStyle
  2
Standard
 70
     0
  3

 62
   256
 51
90.0
 52
90.0
 71
     2
 49
0.5
 62
   256
  6
BYLAYER
 49
-0.5
 62
   256
  6
BYLAYER
  0
ACAD_PROXY_OBJECT
  5
48
102
{ACAD_REACTORS
330
47
102
}
330
47
100
AcDbProxyObject
 90
      499
 91
      503
 93
       41
310
903313A31580
  0
ACAD_PROXY_OBJECT
  5
49
102
{ACAD_REACTORS
330
47
102
}
330
47
100
AcDbProxyObject
 90
      499
 91
      503
 93
      257
310
90E312F31323822203D2031272D3022000000000000200FC000000000000284000
  0
ACAD_PROXY_OBJECT
  5
4A
102
{ACAD_REACTORS
330
47
102
}
330
47
100
AcDbProxyObject
 90
      499
 91
      503
 93
      249
310
90D312F363422203D2031272D3022000000000000240FC000000000000284000
  0
ACAD_PROXY_OBJECT
  5
4B
102
{ACAD_REACTORS
330
47
102
}
330
47
100
AcDbProxyObject
 90
      499
 91
      503
 93
      249
310
90D312F333222203D2031272D3022000000000000280FC000000000000284000
  0
ACAD_PROXY_OBJECT
  5
4C
102
{ACAD_REACTORS
330
47
102
}
330
47
100
AcDbProxyObject
 90
      499
 91
      503
 93
      249
310
90D312F313622203D2031272D30220000000000002C0FC000000000000284000
  0
ACAD_PROXY_OBJECT
  5
4D
102
{ACAD_REACTORS
330
47
102
}
330
47
100
AcDbProxyObject
 90
      499
 91
      503
 93
      249
310
90D332F333222203D2031272D30220000000000002E0FC000000000000284000
  0
ACAD_PROXY_OBJECT
  5
4E
102
{ACAD_REACTORS
330
47
102
}
330
47
100
AcDbProxyObject
 90
      499
 91
      503
 93
      241
310
90C312F3822203D2031272D3022000000000000300FC000000000000284000
  0
ACAD_PROXY_OBJECT
  5
4F
102
{ACAD_REACTORS
330
47
102
}
330
47
100
AcDbProxyObject
 90
      499
 91
      503
 93
      249
310
90D332F313622203D2031272D3022000000000000320FC000000000000284000
  0
ACAD_PROXY_OBJECT
  5
50
102
{ACAD_REACTORS
330
47
102
}
330
47
100
AcDbProxyObject
 90
      499
 91
      503
 93
      241
310
90C312F3422203D2031272D3022000000000000340FC000000000000284000
  0
ACAD_PROXY_OBJECT
  5
51
102
{ACAD_REACTORS
330
47
102
}
330
47
100
AcDbProxyObject
 90
      499
 91
      503
 93
      241
310
90C332F3822203D2031272D3022000000000000360FC000000000000284000
  0
ACAD_PROXY_OBJECT
  5
52
102
{ACAD_REACTORS
330
47
102
}
330
47
100
AcDbProxyObject
 90
      499
 91
      503
 93
      241
310
90C312F3222203D2031272D3022000000000000380FC000000000000284000
  0
ACAD_PROXY_OBJECT
  5
53
102
{ACAD_REACTORS
330
47
102
}
330
47
100
AcDbProxyObject
 90
      499
 91
      503
 93
      241
310
90C332F3422203D2031272D30220000000000003A0FC000000000000284000
  0
ACAD_PROXY_OBJECT
  5
54
102
{ACAD_REACTORS
330
47
102
}
330
47
100
AcDbProxyObject
 90
      499
 91
      503
 93
      161
310
90A3122203D2031272D30224000000000000284000
  0
ACAD_PROXY_OBJECT
  5
55
102
{ACAD_REACTORS
330
47
102
}
330
47
100
AcDbProxyObject
 90
      499
 91
      503
 93
      257
310
90E312D312F3222203D2031272D30220000000000003E0FC000000000000284000
  0
ACAD_PROXY_OBJECT
  5
56
102
{ACAD_REACTORS
330
47
102
}
330
47
100
AcDbProxyObject
 90
      499
 91
      503
 93
      225
310
90A3322203D2031272D302200000000000002100000000000000284000
  0
ACAD_PROXY_OBJECT
  5
57
102
{ACAD_REACTORS
330
47
102
}
330
47
100
AcDbProxyObject
 90
      499
 91
      503
 93
      225
310
90A3622203D2031272D302200000000000006100000000000000284000
  0
ACAD_PROXY_OBJECT
  5
58
102
{ACAD_REACTORS
330
47
102
}
330
47
100
AcDbProxyObject
 90
      499
 91
      503
 93
      249
310
90D31272D3022203D2031272D30220000000000000A100000000000000284000
  0
ACAD_PROXY_OBJECT
  5
2F
102
{ACAD_REACTORS
330
2A
102
}
330
2A
100
AcDbProxyObject
 90
      499
 91
      501
 93
      436
310
42CC9915DA5C99599C985B595049028333333333333E33F0000000000000F90107901411070040501600405405064090741402480A0340
1001
ACAD
1000
AcDbSavedByObjectVersion
1070
     0
  0
ACAD_PROXY_OBJECT
  5
32
102
{ACAD_REACTORS
330
2A
102
}
330
2A
100
AcDbProxyObject
 90
      499
 91
      501
 93
      388
310
4150985CDA58D07406404333333333333E33F0000000000000F90107A41107004050150841D405064090741402480A0350
1001
ACAD
1000
AcDbSavedByObjectVersion
1070
     0
  0
ACAD_PROXY_OBJECT
  5
36
102
{ACAD_REACTORS
330
2A
102
}
330
2A
100
AcDbProxyObject
 90
      499
 91
      501
 93
      428
310
42109C9A59DA1D195B90C409028333333333333E33F0000000000000F9010790141107004050150841D405064090741402480A029950
1001
ACAD
1000
AcDbSavedByObjectVersion
1070
     0
  0
ACAD_PROXY_OBJECT
  5
3A
102
{ACAD_REACTORS
330
2A
102
}
330
2A
100
AcDbProxyObject
 90
      499
 91
      501
 93
      452
310
42D0DBDB1BDC90DA185B99D95104090240C333333333333E33F0000000000000F90108901411070040501508421405064090741402480A0350
1001
ACAD
1000
AcDbSavedByObjectVersion
1070
     0
  0
ACAD_PROXY_OBJECT
  5
34
102
{ACAD_REACTORS
330
2A
102
}
330
2A
100
AcDbProxyObject
 90
      499
 91
      501
 93
      500
310
4290DBDB98D95C1D1D585B10940D028333333333333E33F0000000000000F90107902409070040501000000000018199010841D405064090740C02480A0340
1001
ACAD
1000
AcDbSavedByObjectVersion
1070
     0
  0
ACAD_PROXY_OBJECT
  5
35
102
{ACAD_REACTORS
330
2A
102
}
330
2A
100
AcDbProxyObject
 90
      499
 91
      501
 93
      412
310
40D11A5B50B409028333333333333E33F0000000000000F9010790141107004050150841D405064090741402480A02677FFFFFD0
1001
ACAD
1000
AcDbSavedByObjectVersion
1070
     0
  0
ACAD_PROXY_OBJECT
  5
3D
102
{ACAD_REACTORS
330
2A
102
}
330
2A
100
AcDbProxyObject
 90
      499
 91
      501
 93
      452
310
43115919D950DBDB1BDC93D999916409028333333333333E33F0000000000000F9010790141107004050150841D405064090741402480A0350
1001
ACAD
1000
AcDbSavedByObjectVersion
1070
     0
  0
ACAD_PROXY_OBJECT
  5
39
102
{ACAD_REACTORS
330
2A
102
}
330
2A
100
AcDbProxyObject
 90
      499
 91
      501
 93
      444
310
42D19858D95C185D1D195C9B90F409028333333333333E33F0000000000000F9010790141107004050150841D405064090741402480A0350
1001
ACAD
1000
AcDbSavedByObjectVersion
1070
     0
  0
ACAD_PROXY_OBJECT
  5
2B
102
{ACAD_REACTORS
330
2A
102
}
330
2A
100
AcDbProxyObject
 90
      499
 91
      501
 93
      380
310
41119B185D240901404333333333333E33F0000000000000F9010740A907004050150841D405064090741402480A1B50
1001
ACAD
1000
AcDbSavedByObjectVersion
1070
     0
  0
ACAD_PROXY_OBJECT
  5
2C
102
{ACAD_REACTORS
330
2A
102
}
330
2A
100
AcDbProxyObject
 90
      499
 91
      501
 93
      468
310
43519B185D15DA5D1A115919D95CD0140901404333333333333E33F0000000000000F90107409019070040501600405405064090741402480A1B50
1001
ACAD
1000
AcDbSavedByObjectVersion
1070
     0
  0
ACAD_PROXY_OBJECT
  5
2D
102
{ACAD_REACTORS
330
2A
102
}
330
2A
100
AcDbProxyObject
 90
      499
 91
      501
 93
      404
310
41D1DBDD5C985D5910240902404333333333333E33F0000000000000F9010740A9070040501641D405064090741402480A1B50
1001
ACAD
1000
AcDbSavedByObjectVersion
1070
     0
  0
ACAD_PROXY_OBJECT
  5
2E
102
{ACAD_REACTORS
330
2A
102
}
330
2A
100
AcDbProxyObject
 90
      499
 91
      501
 93
      492
310
4411DBDD5C985D5915DA5D1A115919D95CD0340902404333333333333E33F0000000000000F90107409019070040501600405405064090741402480A1B50
1001
ACAD
1000
AcDbSavedByObjectVersion
1070
     0
  0
ACAD_PROXY_OBJECT
  5
31
102
{ACAD_REACTORS
330
2A
102
}
330
2A
100
AcDbProxyObject
 90
      499
 91
      501
 93
      476
310
41921A5919195B90640502408333333333333E33F0000000000000F901079024090700405020000000000001110200405405064090740C02480A0340
1001
ACAD
1000
AcDbSavedByObjectVersion
1070
     0
  0
ACAD_PROXY_OBJECT
  5
3B
102
{ACAD_REACTORS
330
2A
102
}
330
2A
100
AcDbProxyObject
 90
      499
 91
      501
 93
      428
310
42529A5D1D195C93D999914409028333333333333E33F0000000000000F9010790141107004050150A41D405064090741402480A0350
1001
ACAD
1000
AcDbSavedByObjectVersion
1070
     0
  0
ACAD_PROXY_OBJECT
  5
38
102
{ACAD_REACTORS
330
2A
102
}
330
2A
100
AcDbProxyObject
 90
      499
 91
      501
 93
      444
310
42D31A5B995C185D1D195C9B90E409028333333333333E33F0000000000000F9010790141107004050750841D405064090741402483A0350
1001
ACAD
1000
AcDbSavedByObjectVersion
1070
     0
  0
ACAD_PROXY_OBJECT
  5
3C
102
{ACAD_REACTORS
330
2A
102
}
330
2A
100
AcDbProxyObject
 90
      499
 91
      501
 93
      444
310
42D3DD995C9A185B99D3D999915409028333333333333E33F0000000000000F9010790141107004050150941D405064090741402480A0350
1001
ACAD
1000
AcDbSavedByObjectVersion
1070
     0
  0
ACAD_PROXY_OBJECT
  5
33
102
{ACAD_REACTORS
330
2A
102
}
330
2A
100
AcDbProxyObject
 90
      499
 91
      501
 93
      428
310
425499585B1A5CDD1A58D08409038333333333333E33F0000000000000F9010740A907004050150800405405064090740C02480A1B40
1001
ACAD
1000
AcDbSavedByObjectVersion
1070
     0
  0
ACAD_PROXY_OBJECT
  5
42
102
{ACAD_REACTORS
330
2A
102
}
330
2A
100
AcDbProxyObject
 90
      499
 91
      501
 93
      420
310
4194DA1859195911B40902404333333333333E33F0000000000000F9010740A41107004050150800405405064090840C02480A0B40
1001
ACAD
1000
AcDbSavedByObjectVersion
1070
     0
  0
ACAD_PROXY_OBJECT
  5
41
102
{ACAD_REACTORS
330
2A
102
}
330
2A
100
AcDbProxyObject
 90
      499
 91
      501
 93
      516
310
4454DA18591959081DDA5D1A08195919D95CD1A40902404333333333333E33F0000000000000F901074090142907004050250800405405064090740C02480A0B40
1001
ACAD
1000
AcDbSavedByObjectVersion
1070
     0
  0
ACAD_PROXY_OBJECT
  5
3E
102
{ACAD_REACTORS
330
2A
102
}
330
2A
100
AcDbProxyObject
 90
      499
 91
      501
 93
      532
310
4394DA1859195CC81BD98811DC985E5174090240C333333333333E33F0000000000000F901079024090741D01000000000000111010841D405064090740C02480A0340
1001
ACAD
1000
AcDbSavedByObjectVersion
1070
     0
  0
ACAD_PROXY_OBJECT
  5
3F
102
{ACAD_REACTORS
330
2A
102
}
330
2A
100
AcDbProxyObject
 90
      499
 91
      501
 93
      476
310
41D4DAD95D18DA1E51840502408333333333333E33F0000000000000F901079024090741D01000000000000111010B41D405064090741802480A0340
1001
ACAD
1000
AcDbSavedByObjectVersion
1070
     0
  0
ACAD_PROXY_OBJECT
  5
37
102
{ACAD_REACTORS
330
2A
102
}
330
2A
100
AcDbProxyObject
 90
      499
 91
      501
 93
      412
310
41D51A1A58DAD95B90D409028333333333333E33F0000000000000F9010790141107004050150C41D405064090741402480A0350
1001
ACAD
1000
AcDbSavedByObjectVersion
1070
     0
  0
ACAD_PROXY_OBJECT
  5
30
102
{ACAD_REACTORS
330
2A
102
}
330
2A
100
AcDbProxyObject
 90
      499
 91
      501
 93
      420
310
4255DA5C99599C985B595059028333333333333E33F0000000000000F90107901411070040501600405405064090740C02480A0340
1001
ACAD
1000
AcDbSavedByObjectVersion
1070
     0
  0
ACAD_PROXY_OBJECT
  5
40
102
{ACAD_REACTORS
330
2A
102
}
330
2A
100
AcDbProxyObject
 90
      499
 91
      501
 93
      404
310
41560B54985E51940902404000000000000E03F0000000000000F9010740501907004050150841D405064090740C02480A1B40
1001
ACAD
1000
AcDbSavedByObjectVersion
1070
     0
  0
XRECORD
  5
52A
102
{ACAD_REACTORS
330
520
102
}
330
520
100
AcDbXrecord
340
0
  0
XRECORD
  5
529
102
{ACAD_REACTORS
330
520
102
}
330
520
100
AcDbXrecord
 90
        0
  0
XRECORD
  5
540
102
{ACAD_REACTORS
330
520
102
}
330
520
100
AcDbXrecord
1000
DSTYLE
1002
{
1070
   171
 70
     2
1070
   143
 40
25.4
1070
   274
 70
     2
1070
    41
 40
0.18
1070
   141
 40
0.09
1070
   271
 70
     4
1070
    43
 40
0.38
1070
   278
 70
    46
1070
    44
 40
0.18
1070
    42
 40
0.0625
1070
   147
 40
0.09
1070
    77
 70
     0
1070
   272
 70
     4
1070
    73
 70
     1
1070
   279
 70
     2
1070
   172
 70
     0
1070
    74
 70
     1
1070
   283
 70
     1
1070
   340
340
11
1070
   140
 40
0.18
1070
   284
 70
     0
1070
    78
 70
     0
1002
}
  0
XRECORD
  5
52B
102
{ACAD_REACTORS
330
520
102
}
330
520
100
AcDbXrecord
  1
{a1c2d147-7921-4477-ad5b-256cd334c8f8}
  0
XRECORD
  5
523
102
{ACAD_REACTORS
330
520
102
}
330
520
100
AcDbXrecord
  1

  0
XRECORD
  5
528
102
{ACAD_REACTORS
330
520
102
}
330
520
100
AcDbXrecord
 90
        4
  0
XRECORD
  5
525
102
{ACAD_REACTORS
330
520
102
}
330
520
100
AcDbXrecord
340
1A
  0
XRECORD
  5
527
102
{ACAD_REACTORS
330
520
102
}
330
520
100
AcDbXrecord
 90
    10781
  0
XRECORD
  5
526
102
{ACAD_REACTORS
330
520
102
}
330
520
100
AcDbXrecord
340
19
  0
XRECORD
  5
52D
102
{ACAD_REACTORS
330
520
102
}
330
520
100
AcDbXrecord
 40
0.0
  0
XRECORD
  5
530
102
{ACAD_REACTORS
330
520
102
}
330
520
100
AcDbXrecord
340
0
  0
XRECORD
  5
536
102
{ACAD_REACTORS
330
520
102
}
330
520
100
AcDbXrecord
 10
0.0
 20
0.0
 30
0.0
  0
XRECORD
  5
532
102
{ACAD_REACTORS
330
520
102
}
330
520
100
AcDbXrecord
 10
0.0
 20
0.0
 30
0.0
  0
XRECORD
  5
535
102
{ACAD_REACTORS
330
520
102
}
330
520
100
AcDbXrecord
 10
0.0
 20
0.0
 30
0.0
  0
XRECORD
  5
533
102
{ACAD_REACTORS
330
520
102
}
330
520
100
AcDbXrecord
 10
0.0
 20
0.0
 30
0.0
  0
XRECORD
  5
534
102
{ACAD_REACTORS
330
520
102
}
330
520
100
AcDbXrecord
 10
0.0
 20
0.0
 30
0.0
  0
XRECORD
  5
531
102
{ACAD_REACTORS
330
520
102
}
330
520
100
AcDbXrecord
 10
0.0
 20
0.0
 30
0.0
  0
XRECORD
  5
52E
102
{ACAD_REACTORS
330
520
102
}
330
520
100
AcDbXrecord
340
0
  0
XRECORD
  5
52F
102
{ACAD_REACTORS
330
520
102
}
330
520
100
AcDbXrecord
 70
     0
  0
XRECORD
  5
524
102
{ACAD_REACTORS
330
520
102
}
330
520
100
AcDbXrecord
  1

  0
XRECORD
  5
521
102
{ACAD_REACTORS
330
520
102
}
330
520
100
AcDbXrecord
 90
        1
  0
XRECORD
  5
522
102
{ACAD_REACTORS
330
520
102
}
330
520
100
AcDbXrecord
 90
       70
  0
XRECORD
  5
539
102
{ACAD_REACTORS
330
520
102
}
330
520
100
AcDbXrecord
340
0
  0
XRECORD
  5
53F
102
{ACAD_REACTORS
330
520
102
}
330
520
100
AcDbXrecord
 10
0.0
 20
0.0
 30
0.0
  0
XRECORD
  5
53B
102
{ACAD_REACTORS
330
520
102
}
330
520
100
AcDbXrecord
 10
0.0
 20
0.0
 30
0.0
  0
XRECORD
  5
53E
102
{ACAD_REACTORS
330
520
102
}
330
520
100
AcDbXrecord
 10
0.0
 20
0.0
 30
0.0
  0
XRECORD
  5
53C
102
{ACAD_REACTORS
330
520
102
}
330
520
100
AcDbXrecord
 10
0.0
 20
0.0
 30
0.0
  0
XRECORD
  5
53D
102
{ACAD_REACTORS
330
520
102
}
330
520
100
AcDbXrecord
 10
0.0
 20
0.0
 30
0.0
  0
XRECORD
  5
53A
102
{ACAD_REACTORS
330
520
102
}
330
520
100
AcDbXrecord
 10
0.0
 20
0.0
 30
0.0
  0
XRECORD
  5
537
102
{ACAD_REACTORS
330
520
102
}
330
520
100
AcDbXrecord
340
0
  0
XRECORD
  5
538
102
{ACAD_REACTORS
330
520
102
}
330
520
100
AcDbXrecord
 70
     0
  0
XRECORD
  5
52C
102
{ACAD_REACTORS
330
520
102
}
330
520
100
AcDbXrecord
  1
{FAEB1C32-E019-11D5-929B-00C0DF256EC4}
  0
DICTIONARYVAR
  5
54B
102
{ACAD_REACTORS
330
541
102
}
330
541
100
DictionaryVariables
280
     0
  1
1:1
  0
DICTIONARYVAR
  5
543
102
{ACAD_REACTORS
330
541
102
}
330
541
100
DictionaryVariables
280
     0
  1
Standard
  0
DICTIONARYVAR
  5
542
102
{ACAD_REACTORS
330
541
102
}
330
541
100
DictionaryVariables
280
     0
  1
Standard
  0
DICTIONARYVAR
  5
546
102
{ACAD_REACTORS
330
541
102
}
330
541
100
DictionaryVariables
280
     0
  1
2
  0
DICTIONARYVAR
  5
547
102
{ACAD_REACTORS
330
541
102
}
330
541
100
DictionaryVariables
280
     0
  1
1
  0
DICTIONARYVAR
  5
54C
102
{ACAD_REACTORS
330
541
102
}
330
541
100
DictionaryVariables
280
     0
  1
1
  0
DICTIONARY
  5
54F
330
45
100
AcDbDictionary
280
     1
  3
ACAD_XREC_ROUNDTRIP
360
550
  0
DICTIONARY
  5
54D
330
44
100
AcDbDictionary
280
     1
  3
ACAD_XREC_ROUNDTRIP
360
54E
  0
DICTIONARY
  5
551
330
46
100
AcDbDictionary
280
     1
  3
ACAD_XREC_ROUNDTRIP
360
552
  0
XRECORD
  5
550
102
{ACAD_REACTORS
330
54F
102
}
330
54F
100
AcDbXrecord
102
MATERIAL
148
0.0
149
0.0
149
0.0
 93
        0
 94
      127
282
     0
 72
     1
 77
     1
171
     1
175
     1
179
     1
273
     0
  0
XRECORD
  5
54E
102
{ACAD_REACTORS
330
54D
102
}
330
54D
100
AcDbXrecord
102
MATERIAL
148
0.0
149
0.0
149
0.0
 93
        0
 94
      127
282
     0
 72
     1
 77
     1
171
     1
175
     1
179
     1
273
     0
  0
XRECORD
  5
552
102
{ACAD_REACTORS
330
551
102
}
330
551
100
AcDbXrecord
102
MATERIAL
148
0.0
149
0.0
149
0.0
 93
        0
 94
      127
282
     0
 72
     1
 77
     1
171
     1
175
     1
179
     1
273
     0
  0
ENDSEC
  0
EOF
