  0
SECTION
  2
HEADER
  9
$ACADVER
  1
AC1014
  9
$ACADMAINTVER
 70
     9
  9
$DWGCODEPAGE
  3
ANSI_1252
  9
$INSBASE
 10
0.0
 20
0.0
 30
0.0
  9
$EXTMIN
 10
-312.7678582178814
 20
-92.8336101314926
 30
-0.0000000002387601
  9
$EXTMAX
 10
324.2323203120759
 20
92.66638987154147
 30
0.0000000003417426
  9
$LIMMIN
 10
0.0
 20
0.0
  9
$LIMMAX
 10
12.0
 20
9.0
  9
$ORTHOMODE
 70
     0
  9
$REGENMODE
 70
     1
  9
$FILLMODE
 70
     1
  9
$QTEXTMODE
 70
     0
  9
$MIRRTEXT
 70
     1
  9
$DRAGMODE
 70
     2
  9
$LTSCALE
 40
1.0
  9
$OSMODE
 70
    37
  9
$ATTMODE
 70
     1
  9
$TEXTSIZE
 40
0.2
  9
$TRACEWID
 40
0.05
  9
$TEXTSTYLE
  7
STANDARD
  9
$CLAYER
  8
0
  9
$CELTYPE
  6
BYLAYER
  9
$CECOLOR
 62
   256
  9
$CELTSCALE
 40
1.0
  9
$DELOBJ
 70
     1
  9
$DISPSILH
 70
     0
  9
$DIMSCALE
 40
1.0
  9
$DIMASZ
 40
0.18
  9
$DIMEXO
 40
0.0625
  9
$DIMDLI
 40
0.38
  9
$DIMRND
 40
0.0
  9
$DIMDLE
 40
0.0
  9
$DIMEXE
 40
0.18
  9
$DIMTP
 40
0.0
  9
$DIMTM
 40
0.0
  9
$DIMTXT
 40
0.18
  9
$DIMCEN
 40
0.09
  9
$DIMTSZ
 40
0.0
  9
$DIMTOL
 70
     0
  9
$DIMLIM
 70
     0
  9
$DIMTIH
 70
     1
  9
$DIMTOH
 70
     1
  9
$DIMSE1
 70
     0
  9
$DIMSE2
 70
     0
  9
$DIMTAD
 70
     0
  9
$DIMZIN
 70
     0
  9
$DIMBLK
  1

  9
$DIMASO
 70
     1
  9
$DIMSHO
 70
     1
  9
$DIMPOST
  1

  9
$DIMAPOST
  1

  9
$DIMALT
 70
     0
  9
$DIMALTD
 70
     2
  9
$DIMALTF
 40
25.4
  9
$DIMLFAC
 40
1.0
  9
$DIMTOFL
 70
     0
  9
$DIMTVP
 40
0.0
  9
$DIMTIX
 70
     0
  9
$DIMSOXD
 70
     0
  9
$DIMSAH
 70
     0
  9
$DIMBLK1
  1

  9
$DIMBLK2
  1

  9
$DIMSTYLE
  2
STANDARD_ACAD
  9
$DIMCLRD
 70
     0
  9
$DIMCLRE
 70
     0
  9
$DIMCLRT
 70
     0
  9
$DIMTFAC
 40
1.0
  9
$DIMGAP
 40
0.09
  9
$DIMJUST
 70
     0
  9
$DIMSD1
 70
     0
  9
$DIMSD2
 70
     0
  9
$DIMTOLJ
 70
     1
  9
$DIMTZIN
 70
     0
  9
$DIMALTZ
 70
     0
  9
$DIMALTTZ
 70
     0
  9
$DIMFIT
 70
     5
  9
$DIMUPT
 70
     0
  9
$DIMUNIT
 70
     2
  9
$DIMDEC
 70
     4
  9
$DIMTDEC
 70
     4
  9
$DIMALTU
 70
     2
  9
$DIMALTTD
 70
     2
  9
$DIMTXSTY
  7
STANDARD
  9
$DIMAUNIT
 70
     0
  9
$LUNITS
 70
     2
  9
$LUPREC
 70
     3
  9
$SKETCHINC
 40
0.1
  9
$FILLETRAD
 40
0.0
  9
$AUNITS
 70
     0
  9
$AUPREC
 70
     0
  9
$MENU
  1
.
  9
$ELEVATION
 40
0.0
  9
$PELEVATION
 40
0.0
  9
$THICKNESS
 40
0.0
  9
$LIMCHECK
 70
     0
  9
$CHAMFERA
 40
0.0
  9
$CHAMFERB
 40
0.0
  9
$CHAMFERC
 40
0.0
  9
$CHAMFERD
 40
0.0
  9
$SKPOLY
 70
     0
  9
$TDCREATE
 40
2461243.648387408
  9
$TDUPDATE
 40
2461243.648387616
  9
$TDINDWG
 40
0.0000000116
  9
$TDUSRTIMER
 40
0.0000000116
  9
$USRTIMER
 70
     1
  9
$ANGBASE
 50
0.0
  9
$ANGDIR
 70
     0
  9
$PDMODE
 70
     0
  9
$PDSIZE
 40
0.0
  9
$PLINEWID
 40
0.0
  9
$COORDS
 70
     1
  9
$SPLFRAME
 70
     0
  9
$SPLINETYPE
 70
     6
  9
$SPLINESEGS
 70
     8
  9
$ATTDIA
 70
     0
  9
$ATTREQ
 70
     1
  9
$HANDLING
 70
     1
  9
$HANDSEED
  5
4F2
  9
$SURFTAB1
 70
     6
  9
$SURFTAB2
 70
     6
  9
$SURFTYPE
 70
     6
  9
$SURFU
 70
     6
  9
$SURFV
 70
     6
  9
$UCSNAME
  2

  9
$UCSORG
 10
0.0
 20
0.0
 30
0.0
  9
$UCSXDIR
 10
1.0
 20
0.0
 30
0.0
  9
$UCSYDIR
 10
0.0
 20
1.0
 30
0.0
  9
$PUCSNAME
  2

  9
$PUCSORG
 10
0.0
 20
0.0
 30
0.0
  9
$PUCSXDIR
 10
1.0
 20
0.0
 30
0.0
  9
$PUCSYDIR
 10
0.0
 20
1.0
 30
0.0
  9
$USERI1
 70
     0
  9
$USERI2
 70
     0
  9
$USERI3
 70
     0
  9
$USERI4
 70
     0
  9
$USERI5
 70
     0
  9
$USERR1
 40
0.0
  9
$USERR2
 40
0.0
  9
$USERR3
 40
0.0
  9
$USERR4
 40
0.0
  9
$USERR5
 40
0.0
  9
$WORLDVIEW
 70
     1
  9
$SHADEDGE
 70
     3
  9
$SHADEDIF
 70
    70
  9
$TILEMODE
 70
     1
  9
$MAXACTVP
 70
    64
  9
$PINSBASE
 10
0.0
 20
0.0
 30
0.0
  9
$PLIMCHECK
 70
     0
  9
$PEXTMIN
 10
1.000000000000000E+20
 20
1.000000000000000E+20
 30
1.000000000000000E+20
  9
$PEXTMAX
 10
-1.000000000000000E+20
 20
-1.000000000000000E+20
 30
-1.000000000000000E+20
  9
$PLIMMIN
 10
0.0
 20
0.0
  9
$PLIMMAX
 10
12.0
 20
9.0
  9
$UNITMODE
 70
     0
  9
$VISRETAIN
 70
     1
  9
$PLINEGEN
 70
     0
  9
$PSLTSCALE
 70
     1
  9
$TREEDEPTH
 70
  3020
  9
$PICKSTYLE
 70
     1
  9
$CMLSTYLE
  2
STANDARD
  9
$CMLJUST
 70
     0
  9
$CMLSCALE
 40
1.0
  9
$PROXYGRAPHICS
 70
     1
  9
$MEASUREMENT
 70
     1
  0
ENDSEC
  0
SECTION
  2
CLASSES
  0
CLASS
  1
ACDBDICTIONARYWDFLT
  2
AcDbDictionaryWithDefault
  3
ObjectDBX Classes
 90
        0
280
     0
281
     0
  0
CLASS
  1
VISUALSTYLE
  2
AcDbVisualStyle
  3
ObjectDBX Classes
 90
     4095
280
     0
281
     0
  0
CLASS
  1
MATERIAL
  2
AcDbMaterial
  3
ObjectDBX Classes
 90
     1153
280
     0
281
     0
  0
CLASS
  1
SCALE
  2
AcDbScale
  3
ObjectDBX Classes
 90
     1153
280
     0
281
     0
  0
CLASS
  1
TABLESTYLE
  2
AcDbTableStyle
  3
ObjectDBX Classes
 90
     4095
280
     0
281
     0
  0
CLASS
  1
MLEADERSTYLE
  2
AcDbMLeaderStyle
  3
ACDB_MLEADERSTYLE_CLASS
 90
     4095
280
     0
281
     0
  0
CLASS
  1
SUN
  2
AcDbSun
  3
SCENEOE
 90
     1153
280
     0
281
     0
  0
CLASS
  1
DICTIONARYVAR
  2
AcDbDictionaryVar
  3
ObjectDBX Classes
 90
        0
280
     0
281
     0
  0
CLASS
  1
XRECORD
  2
AcDbXrecord
  3
ObjectDBX Classes
 90
        0
280
     0
281
     0
  0
CLASS
  1
LWPOLYLINE
  2
AcDbPolyline
  3
ObjectDBX Classes
 90
        0
280
     0
281
     1
  0
CLASS
  1
HATCH
  2
AcDbHatch
  3
ObjectDBX Classes
 90
        0
280
     0
281
     1
  0
CLASS
  1
ACDBPLACEHOLDER
  2
AcDbPlaceHolder
  3
ObjectDBX Classes
 90
        0
280
     0
281
     0
  0
CLASS
  1
LAYOUT
  2
AcDbLayout
  3
ObjectDBX Classes
 90
        0
280
     0
281
     0
  0
ENDSEC
  0
SECTION
  2
TABLES
  0
TABLE
  2
VPORT
  5
8
102
{ACAD_XDICTIONARY
360
4E7
102
}
330
0
100
AcDbSymbolTable
 70
     1
  0
VPORT
  5
29
330
8
100
AcDbSymbolTableRecord
100
AcDbViewportTableRecord
  2
*ACTIVE
 70
     0
 10
0.0
 20
0.0
 11
1.0
 21
1.0
 12
10.42990654205607
 22
4.5
 13
0.0
 23
0.0
 14
0.5
 24
0.5
 15
0.5
 25
0.5
 16
0.0
 26
0.0
 36
1.0
 17
0.0
 27
0.0
 37
0.0
 40
9.0
 41
1.972972972850329
 42
50.0
 43
0.0
 44
0.0
 50
0.0
 51
0.0
 71
     0
 72
   100
 73
     1
 74
     3
 75
     0
 76
     0
 77
     0
 78
     0
  0
ENDTAB
  0
TABLE
  2
LTYPE
  5
5
330
0
100
AcDbSymbolTable
 70
     1
  0
LTYPE
  5
14
330
5
100
AcDbSymbolTableRecord
100
AcDbLinetypeTableRecord
  2
BYBLOCK
 70
     0
  3

 72
    65
 73
     0
 40
0.0
  0
LTYPE
  5
15
330
5
100
AcDbSymbolTableRecord
100
AcDbLinetypeTableRecord
  2
BYLAYER
 70
     0
  3

 72
    65
 73
     0
 40
0.0
  0
LTYPE
  5
16
330
5
100
AcDbSymbolTableRecord
100
AcDbLinetypeTableRecord
  2
CONTINUOUS
 70
     0
  3
Solid line
 72
    65
 73
     0
 40
0.0
  0
ENDTAB
  0
TABLE
  2
LAYER
  5
2
330
0
100
AcDbSymbolTable
 70
     4
  0
LAYER
  5
10
330
2
100
AcDbSymbolTableRecord
100
AcDbLayerTableRecord
  2
0
 70
     0
 62
     7
  6
CONTINUOUS
  0
LAYER
  5
5F
330
2
100
AcDbSymbolTableRecord
100
AcDbLayerTableRecord
  2
1_ANYTOOL_1MMDEEP_LABELS_S
 70
     0
 62
     2
  6
CONTINUOUS
  0
LAYER
  5
35A
330
2
100
AcDbSymbolTableRecord
100
AcDbLayerTableRecord
  2
3_ANYTOOL_CUTTHROUGH_INSID
 70
     0
 62
     4
  6
CONTINUOUS
  0
LAYER
  5
47F
330
2
100
AcDbSymbolTableRecord
100
AcDbLayerTableRecord
  2
4_ANYTOOL_CUTTHROUGH_OUTSI
 70
     0
 62
     5
  6
CONTINUOUS
  0
ENDTAB
  0
TABLE
  2
STYLE
  5
3
330
0
100
AcDbSymbolTable
 70
     1
  0
STYLE
  5
11
330
3
100
AcDbSymbolTableRecord
100
AcDbTextStyleTableRecord
  2
STANDARD
 70
     0
 40
0.0
 41
1.0
 50
0.0
 71
     0
 42
0.2
  3
txt
  4

  0
ENDTAB
  0
TABLE
  2
VIEW
  5
6
330
0
100
AcDbSymbolTable
 70
     0
  0
ENDTAB
  0
TABLE
  2
UCS
  5
7
330
0
100
AcDbSymbolTable
 70
     0
  0
ENDTAB
  0
TABLE
  2
APPID
  5
9
330
0
100
AcDbSymbolTable
 70
     3
  0
APPID
  5
12
330
9
100
AcDbSymbolTableRecord
100
AcDbRegAppTableRecord
  2
ACAD
 70
     0
  0
APPID
  5
5E
330
9
100
AcDbSymbolTableRecord
100
AcDbRegAppTableRecord
  2
RHINO
 70
     0
  0
APPID
  5
4F1
330
9
100
AcDbSymbolTableRecord
100
AcDbRegAppTableRecord
  2
ACAD_MLEADERVER
 70
     0
  0
ENDTAB
  0
TABLE
  2
DIMSTYLE
  5
A
330
0
100
AcDbSymbolTable
 70
     1
  0
DIMSTYLE
105
27
330
A
100
AcDbSymbolTableRecord
100
AcDbDimStyleTableRecord
  2
STANDARD_ACAD
 70
     0
  3

  4

  5

  6

  7

 40
1.0
 41
0.18
 42
0.0625
 43
0.38
 44
0.18
 45
0.0
 46
0.0
 47
0.0
 48
0.0
140
0.18
141
0.09
142
0.0
143
25.4
144
1.0
145
0.0
146
1.0
147
0.09
 71
     0
 72
     0
 73
     1
 74
     1
 75
     0
 76
     0
 77
     0
 78
     0
170
     0
171
     2
172
     0
173
     0
174
     0
175
     0
176
     0
177
     0
178
     0
270
     2
271
     4
272
     4
273
     2
274
     2
340
11
275
     0
280
     0
281
     0
282
     0
283
     1
284
     0
285
     0
286
     0
287
     3
288
     0
  0
ENDTAB
  0
TABLE
  2
BLOCK_RECORD
  5
1
330
0
100
AcDbSymbolTable
 70
     0
  0
BLOCK_RECORD
  5
1F
330
1
100
AcDbSymbolTableRecord
100
AcDbBlockTableRecord
  2
*MODEL_SPACE
  0
BLOCK_RECORD
  5
1B
330
1
100
AcDbSymbolTableRecord
100
AcDbBlockTableRecord
  2
*PAPER_SPACE
  0
ENDTAB
  0
ENDSEC
  0
SECTION
  2
BLOCKS
  0
BLOCK
  5
20
330
1F
100
AcDbEntity
  8
0
100
AcDbBlockBegin
  2
*MODEL_SPACE
 70
     0
 10
0.0
 20
0.0
 30
0.0
  3
*MODEL_SPACE
  1

  0
ENDBLK
  5
21
330
1F
100
AcDbEntity
  8
0
100
AcDbBlockEnd
  0
BLOCK
  5
1C
330
1B
100
AcDbEntity
 67
     1
  8
0
100
AcDbBlockBegin
  2
*PAPER_SPACE
 70
     0
 10
0.0
 20
0.0
 30
0.0
  3
*PAPER_SPACE
  1

  0
ENDBLK
  5
1D
330
1B
100
AcDbEntity
 67
     1
  8
0
100
AcDbBlockEnd
  0
ENDSEC
  0
SECTION
  2
ENTITIES
  0
POLYLINE
  5
60
330
1F
100
AcDbEntity
  8
1_ANYTOOL_1MMDEEP_LABELS_S
100
AcDb2dPolyline
 66
     1
 10
0.0
 20
0.0
 30
0.0
  0
VERTEX
  5
61
330
60
100
AcDbEntity
  8
1_ANYTOOL_1MMDEEP_LABELS_S
100
AcDbVertex
100
AcDb2dVertex
 10
1.285714285721042
 20
-0.000000000007276
 30
0.0
  0
VERTEX
  5
62
330
60
100
AcDbEntity
  8
1_ANYTOOL_1MMDEEP_LABELS_S
100
AcDbVertex
100
AcDb2dVertex
 10
9.000000000007276
 20
-30.00000000000728
 30
0.0
  0
VERTEX
  5
63
330
60
100
AcDbEntity
  8
1_ANYTOOL_1MMDEEP_LABELS_S
100
AcDbVertex
100
AcDb2dVertex
 10
17.44285714286525
 20
-0.9000000000087311
 30
0.0
  0
VERTEX
  5
64
330
60
100
AcDbEntity
  8
1_ANYTOOL_1MMDEEP_LABELS_S
100
AcDbVertex
100
AcDb2dVertex
 10
25.92857142857792
 20
-30.00000000000728
 30
0.0
  0
VERTEX
  5
65
330
60
100
AcDbEntity
  8
1_ANYTOOL_1MMDEEP_LABELS_S
100
AcDbVertex
100
AcDb2dVertex
 10
33.42857142857792
 20
-0.000000000007276
 30
0.0
  0
SEQEND
  5
66
330
60
100
AcDbEntity
  8
1_ANYTOOL_1MMDEEP_LABELS_S
  0
LINE
  5
67
330
1F
100
AcDbEntity
  8
1_ANYTOOL_1MMDEEP_LABELS_S
100
AcDbLine
 10
45.64285714286416
 20
-16.11428571429133
 30
0.0
 11
36.85714285715039
 21
-16.20000000000437
 31
0.0
  0
POLYLINE
  5
68
330
1F
100
AcDbEntity
  8
1_ANYTOOL_1MMDEEP_LABELS_S
100
AcDb2dPolyline
 66
     1
 10
0.0
 20
0.0
 30
0.0
 70
     1
  0
VERTEX
  5
69
330
68
100
AcDbEntity
  8
1_ANYTOOL_1MMDEEP_LABELS_S
100
AcDbVertex
100
AcDb2dVertex
 10
61.71428571429351
 20
0.3428571428521536
 30
0.0
  0
VERTEX
  5
6A
330
68
100
AcDbEntity
  8
1_ANYTOOL_1MMDEEP_LABELS_S
100
AcDbVertex
100
AcDb2dVertex
 10
62.08577008929351
 20
0.3369977678521536
 30
0.0
  0
VERTEX
  5
6B
330
68
100
AcDbEntity
  8
1_ANYTOOL_1MMDEEP_LABELS_S
100
AcDbVertex
100
AcDb2dVertex
 10
62.45022321429352
 20
0.3194196428521536
 30
0.0
  0
VERTEX
  5
6C
330
68
100
AcDbEntity
  8
1_ANYTOOL_1MMDEEP_LABELS_S
100
AcDbVertex
100
AcDb2dVertex
 10
62.80764508929352
 20
0.2901227678521536
 30
0.0
  0
VERTEX
  5
6D
330
68
100
AcDbEntity
  8
1_ANYTOOL_1MMDEEP_LABELS_S
100
AcDbVertex
100
AcDb2dVertex
 10
62.98371930804353
 20
0.2710797991021536
 30
0.0
  0
VERTEX
  5
6E
330
68
100
AcDbEntity
  8
1_ANYTOOL_1MMDEEP_LABELS_S
100
AcDbVertex
100
AcDb2dVertex
 10
63.15803571429353
 20
0.2491071428521536
 30
0.0
  0
VERTEX
  5
6F
330
68
100
AcDbEntity
  8
1_ANYTOOL_1MMDEEP_LABELS_S
100
AcDbVertex
100
AcDb2dVertex
 10
63.33059430804354
 20
0.2242047991021536
 30
0.0
  0
VERTEX
  5
70
330
68
100
AcDbEntity
  8
1_ANYTOOL_1MMDEEP_LABELS_S
100
AcDbVertex
100
AcDb2dVertex
 10
63.50139508929355
 20
0.1963727678521536
 30
0.0
  0
VERTEX
  5
71
330
68
100
AcDbEntity
  8
1_ANYTOOL_1MMDEEP_LABELS_S
100
AcDbVertex
100
AcDb2dVertex
 10
63.67043805804356
 20
0.1656110491021536
 30
0.0
  0
VERTEX
  5
72
330
68
100
AcDbEntity
  8
1_ANYTOOL_1MMDEEP_LABELS_S
100
AcDbVertex
100
AcDb2dVertex
 10
63.83772321429356
 20
0.1319196428521536
 30
0.0
  0
VERTEX
  5
73
330
68
100
AcDbEntity
  8
1_ANYTOOL_1MMDEEP_LABELS_S
100
AcDbVertex
100
AcDb2dVertex
 10
64.00325055804358
 20
0.0952985491021536
 30
0.0
  0
VERTEX
  5
74
330
68
100
AcDbEntity
  8
1_ANYTOOL_1MMDEEP_LABELS_S
100
AcDbVertex
100
AcDb2dVertex
 10
64.16702008929357
 20
0.0557477678521536
 30
0.0
  0
VERTEX
  5
75
330
68
100
AcDbEntity
  8
1_ANYTOOL_1MMDEEP_LABELS_S
100
AcDbVertex
100
AcDb2dVertex
 10
64.3290318080436
 20
0.0132672991021536
 30
0.0
  0
VERTEX
  5
76
330
68
100
AcDbEntity
  8
1_ANYTOOL_1MMDEEP_LABELS_S
100
AcDbVertex
100
AcDb2dVertex
 10
64.4892857142936
 20
-0.0321428571478464
 30
0.0
  0
VERTEX
  5
77
330
68
100
AcDbEntity
  8
1_ANYTOOL_1MMDEEP_LABELS_S
100
AcDbVertex
100
AcDb2dVertex
 10
64.64778180804362
 20
-0.0804827008978464
 30
0.0
  0
VERTEX
  5
78
330
68
100
AcDbEntity
  8
1_ANYTOOL_1MMDEEP_LABELS_S
100
AcDbVertex
100
AcDb2dVertex
 10
64.80452008929362
 20
-0.1317522321478464
 30
0.0
  0
VERTEX
  5
79
330
68
100
AcDbEntity
  8
1_ANYTOOL_1MMDEEP_LABELS_S
100
AcDbVertex
100
AcDb2dVertex
 10
64.95950055804364
 20
-0.1859514508978464
 30
0.0
  0
VERTEX
  5
7A
330
68
100
AcDbEntity
  8
1_ANYTOOL_1MMDEEP_LABELS_S
100
AcDbVertex
100
AcDb2dVertex
 10
65.11272321429365
 20
-0.2430803571478464
 30
0.0
  0
VERTEX
  5
7B
330
68
100
AcDbEntity
  8
1_ANYTOOL_1MMDEEP_LABELS_S
100
AcDbVertex
100
AcDb2dVertex
 10
65.26418805804366
 20
-0.3031389508978464
 30
0.0
  0
VERTEX
  5
7C
330
68
100
AcDbEntity
  8
1_ANYTOOL_1MMDEEP_LABELS_S
100
AcDbVertex
100
AcDb2dVertex
 10
65.41389508929367
 20
-0.3661272321478464
 30
0.0
  0
VERTEX
  5
7D
330
68
100
AcDbEntity
  8
1_ANYTOOL_1MMDEEP_LABELS_S
100
AcDbVertex
100
AcDb2dVertex
 10
65.5618443080437
 20
-0.4320452008978464
 30
0.0
  0
VERTEX
  5
7E
330
68
100
AcDbEntity
  8
1_ANYTOOL_1MMDEEP_LABELS_S
100
AcDbVertex
100
AcDb2dVertex
 10
65.70803571429371
 20
-0.5008928571478464
 30
0.0
  0
VERTEX
  5
7F
330
68
100
AcDbEntity
  8
1_ANYTOOL_1MMDEEP_LABELS_S
100
AcDbVertex
100
AcDb2dVertex
 10
65.85246930804374
 20
-0.5726702008978464
 30
0.0
  0
VERTEX
  5
80
330
68
100
AcDbEntity
  8
1_ANYTOOL_1MMDEEP_LABELS_S
100
AcDbVertex
100
AcDb2dVertex
 10
65.99514508929374
 20
-0.6473772321478464
 30
0.0
  0
VERTEX
  5
81
330
68
100
AcDbEntity
  8
1_ANYTOOL_1MMDEEP_LABELS_S
100
AcDbVertex
100
AcDb2dVertex
 10
66.13606305804376
 20
-0.7250139508978464
 30
0.0
  0
VERTEX
  5
82
330
68
100
AcDbEntity
  8
1_ANYTOOL_1MMDEEP_LABELS_S
100
AcDbVertex
100
AcDb2dVertex
 10
66.27522321429379
 20
-0.8055803571478464
 30
0.0
  0
VERTEX
  5
83
330
68
100
AcDbEntity
  8
1_ANYTOOL_1MMDEEP_LABELS_S
100
AcDbVertex
100
AcDb2dVertex
 10
66.41262555804381
 20
-0.8890764508978464
 30
0.0
  0
VERTEX
  5
84
330
68
100
AcDbEntity
  8
1_ANYTOOL_1MMDEEP_LABELS_S
100
AcDbVertex
100
AcDb2dVertex
 10
66.54827008929382
 20
-0.9755022321478464
 30
0.0
  0
VERTEX
  5
85
330
68
100
AcDbEntity
  8
1_ANYTOOL_1MMDEEP_LABELS_S
100
AcDbVertex
100
AcDb2dVertex
 10
66.68215680804386
 20
-1.064857700897846
 30
0.0
  0
VERTEX
  5
86
330
68
100
AcDbEntity
  8
1_ANYTOOL_1MMDEEP_LABELS_S
100
AcDbVertex
100
AcDb2dVertex
 10
67.07377232143656
 20
-1.342466517862221
 30
0.0
  0
VERTEX
  5
87
330
68
100
AcDbEntity
  8
1_ANYTOOL_1MMDEEP_LABELS_S
100
AcDbVertex
100
AcDb2dVertex
 10
67.32723214286497
 20
-1.534151785719473
 30
0.0
  0
VERTEX
  5
88
330
68
100
AcDbEntity
  8
1_ANYTOOL_1MMDEEP_LABELS_S
100
AcDbVertex
100
AcDb2dVertex
 10
67.57466517857912
 20
-1.732198660719604
 30
0.0
  0
VERTEX
  5
89
330
68
100
AcDbEntity
  8
1_ANYTOOL_1MMDEEP_LABELS_S
100
AcDbVertex
100
AcDb2dVertex
 10
67.816071428579
 20
-1.936607142862613
 30
0.0
  0
VERTEX
  5
8A
330
68
100
AcDbEntity
  8
1_ANYTOOL_1MMDEEP_LABELS_S
100
AcDbVertex
100
AcDb2dVertex
 10
68.05145089286461
 20
-2.1473772321485
 30
0.0
  0
VERTEX
  5
8B
330
68
100
AcDbEntity
  8
1_ANYTOOL_1MMDEEP_LABELS_S
100
AcDbVertex
100
AcDb2dVertex
 10
68.28080357143594
 20
-2.364508928577266
 30
0.0
  0
VERTEX
  5
8C
330
68
100
AcDbEntity
  8
1_ANYTOOL_1MMDEEP_LABELS_S
100
AcDbVertex
100
AcDb2dVertex
 10
68.50412946429302
 20
-2.588002232148909
 30
0.0
  0
VERTEX
  5
8D
330
68
100
AcDbEntity
  8
1_ANYTOOL_1MMDEEP_LABELS_S
100
AcDbVertex
100
AcDb2dVertex
 10
68.72142857143581
 20
-2.817857142863431
 30
0.0
  0
VERTEX
  5
8E
330
68
100
AcDbEntity
  8
1_ANYTOOL_1MMDEEP_LABELS_S
100
AcDbVertex
100
AcDb2dVertex
 10
68.93270089286435
 20
-3.054073660720832
 30
0.0
  0
VERTEX
  5
8F
330
68
100
AcDbEntity
  8
1_ANYTOOL_1MMDEEP_LABELS_S
100
AcDbVertex
100
AcDb2dVertex
 10
69.1379464285786
 20
-3.29665178572111
 30
0.0
  0
VERTEX
  5
90
330
68
100
AcDbEntity
  8
1_ANYTOOL_1MMDEEP_LABELS_S
100
AcDbVertex
100
AcDb2dVertex
 10
69.3371651785786
 20
-3.545591517864267
 30
0.0
  0
VERTEX
  5
91
330
68
100
AcDbEntity
  8
1_ANYTOOL_1MMDEEP_LABELS_S
100
AcDbVertex
100
AcDb2dVertex
 10
69.53035714286432
 20
-3.800892857150302
 30
0.0
  0
VERTEX
  5
92
330
68
100
AcDbEntity
  8
1_ANYTOOL_1MMDEEP_LABELS_S
100
AcDbVertex
100
AcDb2dVertex
 10
69.71752232143578
 20
-4.062555803579215
 30
0.0
  0
VERTEX
  5
93
330
68
100
AcDbEntity
  8
1_ANYTOOL_1MMDEEP_LABELS_S
100
AcDbVertex
100
AcDb2dVertex
 10
69.89866071429296
 20
-4.330580357151007
 30
0.0
  0
VERTEX
  5
94
330
68
100
AcDbEntity
  8
1_ANYTOOL_1MMDEEP_LABELS_S
100
AcDbVertex
100
AcDb2dVertex
 10
70.07377232143588
 20
-4.604966517865677
 30
0.0
  0
VERTEX
  5
95
330
68
100
AcDbEntity
  8
1_ANYTOOL_1MMDEEP_LABELS_S
100
AcDbVertex
100
AcDb2dVertex
 10
70.41127232143596
 20
-5.171484375008475
 30
0.0
  0
VERTEX
  5
96
330
68
100
AcDbEntity
  8
1_ANYTOOL_1MMDEEP_LABELS_S
100
AcDbVertex
100
AcDb2dVertex
 10
70.57366071429311
 20
-5.460937500008072
 30
0.0
  0
VERTEX
  5
97
330
68
100
AcDbEntity
  8
1_ANYTOOL_1MMDEEP_LABELS_S
100
AcDbVertex
100
AcDb2dVertex
 10
70.73002232143598
 20
-5.754073660722014
 30
0.0
  0
VERTEX
  5
98
330
68
100
AcDbEntity
  8
1_ANYTOOL_1MMDEEP_LABELS_S
100
AcDbVertex
100
AcDb2dVertex
 10
70.88035714286457
 20
-6.050892857150302
 30
0.0
  0
VERTEX
  5
99
330
68
100
AcDbEntity
  8
1_ANYTOOL_1MMDEEP_LABELS_S
100
AcDbVertex
100
AcDb2dVertex
 10
71.02466517857887
 20
-6.351395089292936
 30
0.0
  0
VERTEX
  5
9A
330
68
100
AcDbEntity
  8
1_ANYTOOL_1MMDEEP_LABELS_S
100
AcDbVertex
100
AcDb2dVertex
 10
71.16294642857889
 20
-6.655580357149915
 30
0.0
  0
VERTEX
  5
9B
330
68
100
AcDbEntity
  8
1_ANYTOOL_1MMDEEP_LABELS_S
100
AcDbVertex
100
AcDb2dVertex
 10
71.29520089286463
 20
-6.963448660721241
 30
0.0
  0
VERTEX
  5
9C
330
68
100
AcDbEntity
  8
1_ANYTOOL_1MMDEEP_LABELS_S
100
AcDbVertex
100
AcDb2dVertex
 10
71.42142857143608
 20
-7.275000000006912
 30
0.0
  0
VERTEX
  5
9D
330
68
100
AcDbEntity
  8
1_ANYTOOL_1MMDEEP_LABELS_S
100
AcDbVertex
100
AcDb2dVertex
 10
71.54162946429325
 20
-7.590234375006929
 30
0.0
  0
VERTEX
  5
9E
330
68
100
AcDbEntity
  8
1_ANYTOOL_1MMDEEP_LABELS_S
100
AcDbVertex
100
AcDb2dVertex
 10
71.65580357143614
 20
-7.909151785721292
 30
0.0
  0
VERTEX
  5
9F
330
68
100
AcDbEntity
  8
1_ANYTOOL_1MMDEEP_LABELS_S
100
AcDbVertex
100
AcDb2dVertex
 10
71.76395089286474
 20
-8.23175223215
 30
0.0
  0
VERTEX
  5
A0
330
68
100
AcDbEntity
  8
1_ANYTOOL_1MMDEEP_LABELS_S
100
AcDbVertex
100
AcDb2dVertex
 10
71.86607142857906
 20
-8.558035714293055
 30
0.0
  0
VERTEX
  5
A1
330
68
100
AcDbEntity
  8
1_ANYTOOL_1MMDEEP_LABELS_S
100
AcDbVertex
100
AcDb2dVertex
 10
71.9621651785791
 20
-8.888002232150455
 30
0.0
  0
VERTEX
  5
A2
330
68
100
AcDbEntity
  8
1_ANYTOOL_1MMDEEP_LABELS_S
100
AcDbVertex
100
AcDb2dVertex
 10
72.05223214286485
 20
-9.221651785722202
 30
0.0
  0
VERTEX
  5
A3
330
68
100
AcDbEntity
  8
1_ANYTOOL_1MMDEEP_LABELS_S
100
AcDbVertex
100
AcDb2dVertex
 10
72.13627232143632
 20
-9.558984375008293
 30
0.0
  0
VERTEX
  5
A4
330
68
100
AcDbEntity
  8
1_ANYTOOL_1MMDEEP_LABELS_S
100
AcDbVertex
100
AcDb2dVertex
 10
72.36495535715059
 20
-10.58236607143647
 30
0.0
  0
VERTEX
  5
A5
330
68
100
AcDbEntity
  8
1_ANYTOOL_1MMDEEP_LABELS_S
100
AcDbVertex
100
AcDb2dVertex
 10
72.4955357142934
 20
-11.25803571429287
 30
0.0
  0
VERTEX
  5
A6
330
68
100
AcDbEntity
  8
1_ANYTOOL_1MMDEEP_LABELS_S
100
AcDbVertex
100
AcDb2dVertex
 10
72.60602678572192
 20
-11.92700892857795
 30
0.0
  0
VERTEX
  5
A7
330
68
100
AcDbEntity
  8
1_ANYTOOL_1MMDEEP_LABELS_S
100
AcDbVertex
100
AcDb2dVertex
 10
72.69642857143617
 20
-12.58928571429169
 30
0.0
  0
VERTEX
  5
A8
330
68
100
AcDbEntity
  8
1_ANYTOOL_1MMDEEP_LABELS_S
100
AcDbVertex
100
AcDb2dVertex
 10
72.76674107143614
 20
-13.2448660714341
 30
0.0
  0
VERTEX
  5
A9
330
68
100
AcDbEntity
  8
1_ANYTOOL_1MMDEEP_LABELS_S
100
AcDbVertex
100
AcDb2dVertex
 10
72.81696428572184
 20
-13.89375000000518
 30
0.0
  0
VERTEX
  5
AA
330
68
100
AcDbEntity
  8
1_ANYTOOL_1MMDEEP_LABELS_S
100
AcDbVertex
100
AcDb2dVertex
 10
72.84709821429325
 20
-14.53593750000493
 30
0.0
  0
VERTEX
  5
AB
330
68
100
AcDbEntity
  8
1_ANYTOOL_1MMDEEP_LABELS_S
100
AcDbVertex
100
AcDb2dVertex
 10
72.8571428571504
 20
-15.17142857143335
 30
0.0
  0
VERTEX
  5
AC
330
68
100
AcDbEntity
  8
1_ANYTOOL_1MMDEEP_LABELS_S
100
AcDbVertex
100
AcDb2dVertex
 10
72.84626116072182
 20
-15.80892857143405
 30
0.0
  0
VERTEX
  5
AD
330
68
100
AcDbEntity
  8
1_ANYTOOL_1MMDEEP_LABELS_S
100
AcDbVertex
100
AcDb2dVertex
 10
72.81361607143612
 20
-16.44642857143469
 30
0.0
  0
VERTEX
  5
AE
330
68
100
AcDbEntity
  8
1_ANYTOOL_1MMDEEP_LABELS_S
100
AcDbVertex
100
AcDb2dVertex
 10
72.75920758929327
 20
-17.08392857143528
 30
0.0
  0
VERTEX
  5
AF
330
68
100
AcDbEntity
  8
1_ANYTOOL_1MMDEEP_LABELS_S
100
AcDbVertex
100
AcDb2dVertex
 10
72.68303571429328
 20
-17.72142857143581
 30
0.0
  0
VERTEX
  5
B0
330
68
100
AcDbEntity
  8
1_ANYTOOL_1MMDEEP_LABELS_S
100
AcDbVertex
100
AcDb2dVertex
 10
72.58510044643616
 20
-18.35892857143628
 30
0.0
  0
VERTEX
  5
B1
330
68
100
AcDbEntity
  8
1_ANYTOOL_1MMDEEP_LABELS_S
100
AcDbVertex
100
AcDb2dVertex
 10
72.4654017857219
 20
-18.9964285714367
 30
0.0
  0
VERTEX
  5
B2
330
68
100
AcDbEntity
  8
1_ANYTOOL_1MMDEEP_LABELS_S
100
AcDbVertex
100
AcDb2dVertex
 10
72.32393973215049
 20
-19.63392857143705
 30
0.0
  0
VERTEX
  5
B3
330
68
100
AcDbEntity
  8
1_ANYTOOL_1MMDEEP_LABELS_S
100
AcDbVertex
100
AcDb2dVertex
 10
72.16071428572195
 20
-20.27142857143735
 30
0.0
  0
VERTEX
  5
B4
330
68
100
AcDbEntity
  8
1_ANYTOOL_1MMDEEP_LABELS_S
100
AcDbVertex
100
AcDb2dVertex
 10
71.97572544643627
 20
-20.9089285714376
 30
0.0
  0
VERTEX
  5
B5
330
68
100
AcDbEntity
  8
1_ANYTOOL_1MMDEEP_LABELS_S
100
AcDbVertex
100
AcDb2dVertex
 10
71.76897321429345
 20
-21.54642857143779
 30
0.0
  0
VERTEX
  5
B6
330
68
100
AcDbEntity
  8
1_ANYTOOL_1MMDEEP_LABELS_S
100
AcDbVertex
100
AcDb2dVertex
 10
71.5404575892935
 20
-22.18392857143792
 30
0.0
  0
VERTEX
  5
B7
330
68
100
AcDbEntity
  8
1_ANYTOOL_1MMDEEP_LABELS_S
100
AcDbVertex
100
AcDb2dVertex
 10
71.2901785714364
 20
-22.82142857143799
 30
0.0
  0
VERTEX
  5
B8
330
68
100
AcDbEntity
  8
1_ANYTOOL_1MMDEEP_LABELS_S
100
AcDbVertex
100
AcDb2dVertex
 10
71.01813616072216
 20
-23.45892857143801
 30
0.0
  0
VERTEX
  5
B9
330
68
100
AcDbEntity
  8
1_ANYTOOL_1MMDEEP_LABELS_S
100
AcDbVertex
100
AcDb2dVertex
 10
70.72433035715079
 20
-24.09642857143797
 30
0.0
  0
VERTEX
  5
BA
330
68
100
AcDbEntity
  8
1_ANYTOOL_1MMDEEP_LABELS_S
100
AcDbVertex
100
AcDb2dVertex
 10
70.40876116072228
 20
-24.73392857143787
 30
0.0
  0
VERTEX
  5
BB
330
68
100
AcDbEntity
  8
1_ANYTOOL_1MMDEEP_LABELS_S
100
AcDbVertex
100
AcDb2dVertex
 10
70.07142857143663
 20
-25.37142857143772
 30
0.0
  0
VERTEX
  5
BC
330
68
100
AcDbEntity
  8
1_ANYTOOL_1MMDEEP_LABELS_S
100
AcDbVertex
100
AcDb2dVertex
 10
69.89686104911519
 20
-25.68519810268763
 30
0.0
  0
VERTEX
  5
BD
330
68
100
AcDbEntity
  8
1_ANYTOOL_1MMDEEP_LABELS_S
100
AcDbVertex
100
AcDb2dVertex
 10
69.71601562500804
 20
-25.98900669643754
 30
0.0
  0
VERTEX
  5
BE
330
68
100
AcDbEntity
  8
1_ANYTOOL_1MMDEEP_LABELS_S
100
AcDbVertex
100
AcDb2dVertex
 10
69.52889229911517
 20
-26.28285435268746
 30
0.0
  0
VERTEX
  5
BF
330
68
100
AcDbEntity
  8
1_ANYTOOL_1MMDEEP_LABELS_S
100
AcDbVertex
100
AcDb2dVertex
 10
69.33549107143659
 20
-26.56674107143738
 30
0.0
  0
VERTEX
  5
C0
330
68
100
AcDbEntity
  8
1_ANYTOOL_1MMDEEP_LABELS_S
100
AcDbVertex
100
AcDb2dVertex
 10
69.13581194197229
 20
-26.8406668526873
 30
0.0
  0
VERTEX
  5
C1
330
68
100
AcDbEntity
  8
1_ANYTOOL_1MMDEEP_LABELS_S
100
AcDbVertex
100
AcDb2dVertex
 10
68.92985491072228
 20
-27.10463169643722
 30
0.0
  0
VERTEX
  5
C2
330
68
100
AcDbEntity
  8
1_ANYTOOL_1MMDEEP_LABELS_S
100
AcDbVertex
100
AcDb2dVertex
 10
68.71761997768655
 20
-27.35863560268715
 30
0.0
  0
VERTEX
  5
C3
330
68
100
AcDbEntity
  8
1_ANYTOOL_1MMDEEP_LABELS_S
100
AcDbVertex
100
AcDb2dVertex
 10
68.49910714286511
 20
-27.60267857143708
 30
0.0
  0
VERTEX
  5
C4
330
68
100
AcDbEntity
  8
1_ANYTOOL_1MMDEEP_LABELS_S
100
AcDbVertex
100
AcDb2dVertex
 10
68.38749651228474
 20
-27.72096470424955
 30
0.0
  0
VERTEX
  5
C5
330
68
100
AcDbEntity
  8
1_ANYTOOL_1MMDEEP_LABELS_S
100
AcDbVertex
100
AcDb2dVertex
 10
68.27431640625795
 20
-27.83676060268701
 30
0.0
  0
VERTEX
  5
C6
330
68
100
AcDbEntity
  8
1_ANYTOOL_1MMDEEP_LABELS_S
100
AcDbVertex
100
AcDb2dVertex
 10
68.15956682478473
 20
-27.95006626674948
 30
0.0
  0
VERTEX
  5
C7
330
68
100
AcDbEntity
  8
1_ANYTOOL_1MMDEEP_LABELS_S
100
AcDbVertex
100
AcDb2dVertex
 10
68.04324776786508
 20
-28.06088169643695
 30
0.0
  0
VERTEX
  5
C8
330
68
100
AcDbEntity
  8
1_ANYTOOL_1MMDEEP_LABELS_S
100
AcDbVertex
100
AcDb2dVertex
 10
67.925359235499
 20
-28.16920689174942
 30
0.0
  0
VERTEX
  5
C9
330
68
100
AcDbEntity
  8
1_ANYTOOL_1MMDEEP_LABELS_S
100
AcDbVertex
100
AcDb2dVertex
 10
67.80590122768649
 20
-28.27504185268689
 30
0.0
  0
VERTEX
  5
CA
330
68
100
AcDbEntity
  8
1_ANYTOOL_1MMDEEP_LABELS_S
100
AcDbVertex
100
AcDb2dVertex
 10
67.68487374442755
 20
-28.37838657924936
 30
0.0
  0
VERTEX
  5
CB
330
68
100
AcDbEntity
  8
1_ANYTOOL_1MMDEEP_LABELS_S
100
AcDbVertex
100
AcDb2dVertex
 10
67.56227678572219
 20
-28.47924107143683
 30
0.0
  0
VERTEX
  5
CC
330
68
100
AcDbEntity
  8
1_ANYTOOL_1MMDEEP_LABELS_S
100
AcDbVertex
100
AcDb2dVertex
 10
67.4381103515704
 20
-28.5776053292493
 30
0.0
  0
VERTEX
  5
CD
330
68
100
AcDbEntity
  8
1_ANYTOOL_1MMDEEP_LABELS_S
100
AcDbVertex
100
AcDb2dVertex
 10
67.31237444197217
 20
-28.67347935268678
 30
0.0
  0
VERTEX
  5
CE
330
68
100
AcDbEntity
  8
1_ANYTOOL_1MMDEEP_LABELS_S
100
AcDbVertex
100
AcDb2dVertex
 10
67.18506905692752
 20
-28.76686314174925
 30
0.0
  0
VERTEX
  5
CF
330
68
100
AcDbEntity
  8
1_ANYTOOL_1MMDEEP_LABELS_S
100
AcDbVertex
100
AcDb2dVertex
 10
67.05619419643644
 20
-28.85775669643672
 30
0.0
  0
VERTEX
  5
D0
330
68
100
AcDbEntity
  8
1_ANYTOOL_1MMDEEP_LABELS_S
100
AcDbVertex
100
AcDb2dVertex
 10
66.92574986049891
 20
-28.9461600167492
 30
0.0
  0
VERTEX
  5
D1
330
68
100
AcDbEntity
  8
1_ANYTOOL_1MMDEEP_LABELS_S
100
AcDbVertex
100
AcDb2dVertex
 10
66.79373604911498
 20
-29.03207310268667
 30
0.0
  0
VERTEX
  5
D2
330
68
100
AcDbEntity
  8
1_ANYTOOL_1MMDEEP_LABELS_S
100
AcDbVertex
100
AcDb2dVertex
 10
66.66015276228461
 20
-29.11549595424915
 30
0.0
  0
VERTEX
  5
D3
330
68
100
AcDbEntity
  8
1_ANYTOOL_1MMDEEP_LABELS_S
100
AcDbVertex
100
AcDb2dVertex
 10
66.52500000000782
 20
-29.19642857143663
 30
0.0
  0
VERTEX
  5
D4
330
68
100
AcDbEntity
  8
1_ANYTOOL_1MMDEEP_LABELS_S
100
AcDbVertex
100
AcDb2dVertex
 10
66.38827776228459
 20
-29.2748709542491
 30
0.0
  0
VERTEX
  5
D5
330
68
100
AcDbEntity
  8
1_ANYTOOL_1MMDEEP_LABELS_S
100
AcDbVertex
100
AcDb2dVertex
 10
66.24998604911494
 20
-29.35082310268658
 30
0.0
  0
VERTEX
  5
D6
330
68
100
AcDbEntity
  8
1_ANYTOOL_1MMDEEP_LABELS_S
100
AcDbVertex
100
AcDb2dVertex
 10
66.11012486049884
 20
-29.42428501674906
 30
0.0
  0
VERTEX
  5
D7
330
68
100
AcDbEntity
  8
1_ANYTOOL_1MMDEEP_LABELS_S
100
AcDbVertex
100
AcDb2dVertex
 10
65.96869419643635
 20
-29.49525669643654
 30
0.0
  0
VERTEX
  5
D8
330
68
100
AcDbEntity
  8
1_ANYTOOL_1MMDEEP_LABELS_S
100
AcDbVertex
100
AcDb2dVertex
 10
65.8256940569274
 20
-29.56373814174902
 30
0.0
  0
VERTEX
  5
D9
330
68
100
AcDbEntity
  8
1_ANYTOOL_1MMDEEP_LABELS_S
100
AcDbVertex
100
AcDb2dVertex
 10
65.68112444197203
 20
-29.6297293526865
 30
0.0
  0
VERTEX
  5
DA
330
68
100
AcDbEntity
  8
1_ANYTOOL_1MMDEEP_LABELS_S
100
AcDbVertex
100
AcDb2dVertex
 10
65.53498535157024
 20
-29.69323032924898
 30
0.0
  0
VERTEX
  5
DB
330
68
100
AcDbEntity
  8
1_ANYTOOL_1MMDEEP_LABELS_S
100
AcDbVertex
100
AcDb2dVertex
 10
65.38727678572201
 20
-29.75424107143647
 30
0.0
  0
VERTEX
  5
DC
330
68
100
AcDbEntity
  8
1_ANYTOOL_1MMDEEP_LABELS_S
100
AcDbVertex
100
AcDb2dVertex
 10
65.23799874442734
 20
-29.81276157924895
 30
0.0
  0
VERTEX
  5
DD
330
68
100
AcDbEntity
  8
1_ANYTOOL_1MMDEEP_LABELS_S
100
AcDbVertex
100
AcDb2dVertex
 10
65.08715122768626
 20
-29.86879185268644
 30
0.0
  0
VERTEX
  5
DE
330
68
100
AcDbEntity
  8
1_ANYTOOL_1MMDEEP_LABELS_S
100
AcDbVertex
100
AcDb2dVertex
 10
64.93473423549875
 20
-29.92233189174892
 30
0.0
  0
VERTEX
  5
DF
330
68
100
AcDbEntity
  8
1_ANYTOOL_1MMDEEP_LABELS_S
100
AcDbVertex
100
AcDb2dVertex
 10
64.78074776786481
 20
-29.97338169643641
 30
0.0
  0
VERTEX
  5
E0
330
68
100
AcDbEntity
  8
1_ANYTOOL_1MMDEEP_LABELS_S
100
AcDbVertex
100
AcDb2dVertex
 10
64.46806640625763
 20
-30.06801060268638
 30
0.0
  0
VERTEX
  5
E1
330
68
100
AcDbEntity
  8
1_ANYTOOL_1MMDEEP_LABELS_S
100
AcDbVertex
100
AcDb2dVertex
 10
64.14910714286475
 20
-30.15267857143635
 30
0.0
  0
VERTEX
  5
E2
330
68
100
AcDbEntity
  8
1_ANYTOOL_1MMDEEP_LABELS_S
100
AcDbVertex
100
AcDb2dVertex
 10
63.82386997768614
 20
-30.22738560268633
 30
0.0
  0
VERTEX
  5
E3
330
68
100
AcDbEntity
  8
1_ANYTOOL_1MMDEEP_LABELS_S
100
AcDbVertex
100
AcDb2dVertex
 10
63.49235491072183
 20
-30.29213169643631
 30
0.0
  0
VERTEX
  5
E4
330
68
100
AcDbEntity
  8
1_ANYTOOL_1MMDEEP_LABELS_S
100
AcDbVertex
100
AcDb2dVertex
 10
63.15456194197179
 20
-30.3469168526863
 30
0.0
  0
VERTEX
  5
E5
330
68
100
AcDbEntity
  8
1_ANYTOOL_1MMDEEP_LABELS_S
100
AcDbVertex
100
AcDb2dVertex
 10
62.81049107143605
 20
-30.39174107143629
 30
0.0
  0
VERTEX
  5
E6
330
68
100
AcDbEntity
  8
1_ANYTOOL_1MMDEEP_LABELS_S
100
AcDbVertex
100
AcDb2dVertex
 10
62.46014229911458
 20
-30.42660435268628
 30
0.0
  0
VERTEX
  5
E7
330
68
100
AcDbEntity
  8
1_ANYTOOL_1MMDEEP_LABELS_S
100
AcDbVertex
100
AcDb2dVertex
 10
62.1035156250074
 20
-30.45150669643627
 30
0.0
  0
VERTEX
  5
E8
330
68
100
AcDbEntity
  8
1_ANYTOOL_1MMDEEP_LABELS_S
100
AcDbVertex
100
AcDb2dVertex
 10
61.74061104911451
 20
-30.46644810268626
 30
0.0
  0
VERTEX
  5
E9
330
68
100
AcDbEntity
  8
1_ANYTOOL_1MMDEEP_LABELS_S
100
AcDbVertex
100
AcDb2dVertex
 10
61.3714285714359
 20
-30.47142857143626
 30
0.0
  0
VERTEX
  5
EA
330
68
100
AcDbEntity
  8
1_ANYTOOL_1MMDEEP_LABELS_S
100
AcDbVertex
100
AcDb2dVertex
 10
60.9890206473288
 20
-30.46636439732912
 30
0.0
  0
VERTEX
  5
EB
330
68
100
AcDbEntity
  8
1_ANYTOOL_1MMDEEP_LABELS_S
100
AcDbVertex
100
AcDb2dVertex
 10
60.61322544643598
 20
-30.4511718750077
 30
0.0
  0
VERTEX
  5
EC
330
68
100
AcDbEntity
  8
1_ANYTOOL_1MMDEEP_LABELS_S
100
AcDbVertex
100
AcDb2dVertex
 10
60.24404296875744
 20
-30.425851004472
 30
0.0
  0
VERTEX
  5
ED
330
68
100
AcDbEntity
  8
1_ANYTOOL_1MMDEEP_LABELS_S
100
AcDbVertex
100
AcDb2dVertex
 10
59.88147321429318
 20
-30.39040178572202
 30
0.0
  0
VERTEX
  5
EE
330
68
100
AcDbEntity
  8
1_ANYTOOL_1MMDEEP_LABELS_S
100
AcDbVertex
100
AcDb2dVertex
 10
59.52551618304321
 20
-30.34482421875776
 30
0.0
  0
VERTEX
  5
EF
330
68
100
AcDbEntity
  8
1_ANYTOOL_1MMDEEP_LABELS_S
100
AcDbVertex
100
AcDb2dVertex
 10
59.17617187500751
 20
-30.28911830357922
 30
0.0
  0
VERTEX
  5
F0
330
68
100
AcDbEntity
  8
1_ANYTOOL_1MMDEEP_LABELS_S
100
AcDbVertex
100
AcDb2dVertex
 10
58.8334402901861
 20
-30.22328404018639
 30
0.0
  0
VERTEX
  5
F1
330
68
100
AcDbEntity
  8
1_ANYTOOL_1MMDEEP_LABELS_S
100
AcDbVertex
100
AcDb2dVertex
 10
58.49732142857897
 20
-30.14732142857929
 30
0.0
  0
VERTEX
  5
F2
330
68
100
AcDbEntity
  8
1_ANYTOOL_1MMDEEP_LABELS_S
100
AcDbVertex
100
AcDb2dVertex
 10
58.16781529018613
 20
-30.06123046875791
 30
0.0
  0
VERTEX
  5
F3
330
68
100
AcDbEntity
  8
1_ANYTOOL_1MMDEEP_LABELS_S
100
AcDbVertex
100
AcDb2dVertex
 10
57.84492187500756
 20
-29.96501116072224
 30
0.0
  0
VERTEX
  5
F4
330
68
100
AcDbEntity
  8
1_ANYTOOL_1MMDEEP_LABELS_S
100
AcDbVertex
100
AcDb2dVertex
 10
57.68595493862363
 20
-29.91310337612406
 30
0.0
  0
VERTEX
  5
F5
330
68
100
AcDbEntity
  8
1_ANYTOOL_1MMDEEP_LABELS_S
100
AcDbVertex
100
AcDb2dVertex
 10
57.52864118304328
 20
-29.8586635044723
 30
0.0
  0
VERTEX
  5
F6
330
68
100
AcDbEntity
  8
1_ANYTOOL_1MMDEEP_LABELS_S
100
AcDbVertex
100
AcDb2dVertex
 10
57.37298060826649
 20
-29.80169154576697
 30
0.0
  0
VERTEX
  5
F7
330
68
100
AcDbEntity
  8
1_ANYTOOL_1MMDEEP_LABELS_S
100
AcDbVertex
100
AcDb2dVertex
 10
57.21897321429327
 20
-29.74218750000807
 30
0.0
  0
VERTEX
  5
F8
330
68
100
AcDbEntity
  8
1_ANYTOOL_1MMDEEP_LABELS_S
100
AcDbVertex
100
AcDb2dVertex
 10
57.06661900112363
 20
-29.68015136719561
 30
0.0
  0
VERTEX
  5
F9
330
68
100
AcDbEntity
  8
1_ANYTOOL_1MMDEEP_LABELS_S
100
AcDbVertex
100
AcDb2dVertex
 10
56.91591796875755
 20
-29.61558314732957
 30
0.0
  0
VERTEX
  5
FA
330
68
100
AcDbEntity
  8
1_ANYTOOL_1MMDEEP_LABELS_S
100
AcDbVertex
100
AcDb2dVertex
 10
56.76687011719505
 20
-29.54848284040996
 30
0.0
  0
VERTEX
  5
FB
330
68
100
AcDbEntity
  8
1_ANYTOOL_1MMDEEP_LABELS_S
100
AcDbVertex
100
AcDb2dVertex
 10
56.61947544643611
 20
-29.47885044643678
 30
0.0
  0
VERTEX
  5
FC
330
68
100
AcDbEntity
  8
1_ANYTOOL_1MMDEEP_LABELS_S
100
AcDbVertex
100
AcDb2dVertex
 10
56.47373395648075
 20
-29.40668596541003
 30
0.0
  0
VERTEX
  5
FD
330
68
100
AcDbEntity
  8
1_ANYTOOL_1MMDEEP_LABELS_S
100
AcDbVertex
100
AcDb2dVertex
 10
56.32964564732896
 20
-29.33198939732971
 30
0.0
  0
VERTEX
  5
FE
330
68
100
AcDbEntity
  8
1_ANYTOOL_1MMDEEP_LABELS_S
100
AcDbVertex
100
AcDb2dVertex
 10
56.18721051898073
 20
-29.25476074219583
 30
0.0
  0
VERTEX
  5
FF
330
68
100
AcDbEntity
  8
1_ANYTOOL_1MMDEEP_LABELS_S
100
AcDbVertex
100
AcDb2dVertex
 10
56.04642857143608
 20
-29.17500000000837
 30
0.0
  0
VERTEX
  5
100
330
68
100
AcDbEntity
  8
1_ANYTOOL_1MMDEEP_LABELS_S
100
AcDbVertex
100
AcDb2dVertex
 10
55.907299804695
 20
-29.09270717076734
 30
0.0
  0
VERTEX
  5
101
330
68
100
AcDbEntity
  8
1_ANYTOOL_1MMDEEP_LABELS_S
100
AcDbVertex
100
AcDb2dVertex
 10
55.76982421875749
 20
-29.00788225447274
 30
0.0
  0
VERTEX
  5
102
330
68
100
AcDbEntity
  8
1_ANYTOOL_1MMDEEP_LABELS_S
100
AcDbVertex
100
AcDb2dVertex
 10
55.63400181362355
 20
-28.92052525112457
 30
0.0
  0
VERTEX
  5
103
330
68
100
AcDbEntity
  8
1_ANYTOOL_1MMDEEP_LABELS_S
100
AcDbVertex
100
AcDb2dVertex
 10
55.49983258929318
 20
-28.83063616072283
 30
0.0
  0
VERTEX
  5
104
330
68
100
AcDbEntity
  8
1_ANYTOOL_1MMDEEP_LABELS_S
100
AcDbVertex
100
AcDb2dVertex
 10
55.36731654576638
 20
-28.73821498326753
 30
0.0
  0
VERTEX
  5
105
330
68
100
AcDbEntity
  8
1_ANYTOOL_1MMDEEP_LABELS_S
100
AcDbVertex
100
AcDb2dVertex
 10
55.23645368304315
 20
-28.64326171875864
 30
0.0
  0
VERTEX
  5
106
330
68
100
AcDbEntity
  8
1_ANYTOOL_1MMDEEP_LABELS_S
100
AcDbVertex
100
AcDb2dVertex
 10
55.10724400112349
 20
-28.5457763671962
 30
0.0
  0
VERTEX
  5
107
330
68
100
AcDbEntity
  8
1_ANYTOOL_1MMDEEP_LABELS_S
100
AcDbVertex
100
AcDb2dVertex
 10
54.9796875000074
 20
-28.44575892858018
 30
0.0
  0
VERTEX
  5
108
330
68
100
AcDbEntity
  8
1_ANYTOOL_1MMDEEP_LABELS_S
100
AcDbVertex
100
AcDb2dVertex
 10
54.85378417969488
 20
-28.34320940291059
 30
0.0
  0
VERTEX
  5
109
330
68
100
AcDbEntity
  8
1_ANYTOOL_1MMDEEP_LABELS_S
100
AcDbVertex
100
AcDb2dVertex
 10
54.72953404018594
 20
-28.23812779018743
 30
0.0
  0
VERTEX
  5
10A
330
68
100
AcDbEntity
  8
1_ANYTOOL_1MMDEEP_LABELS_S
100
AcDbVertex
100
AcDb2dVertex
 10
54.60693708148056
 20
-28.1305140904107
 30
0.0
  0
VERTEX
  5
10B
330
68
100
AcDbEntity
  8
1_ANYTOOL_1MMDEEP_LABELS_S
100
AcDbVertex
100
AcDb2dVertex
 10
54.48599330357875
 20
-28.0203683035804
 30
0.0
  0
VERTEX
  5
10C
330
68
100
AcDbEntity
  8
1_ANYTOOL_1MMDEEP_LABELS_S
100
AcDbVertex
100
AcDb2dVertex
 10
54.36670270648052
 20
-27.90769042969653
 30
0.0
  0
VERTEX
  5
10D
330
68
100
AcDbEntity
  8
1_ANYTOOL_1MMDEEP_LABELS_S
100
AcDbVertex
100
AcDb2dVertex
 10
54.24906529018585
 20
-27.79248046875909
 30
0.0
  0
VERTEX
  5
10E
330
68
100
AcDbEntity
  8
1_ANYTOOL_1MMDEEP_LABELS_S
100
AcDbVertex
100
AcDb2dVertex
 10
54.13308105469476
 20
-27.67473842076808
 30
0.0
  0
VERTEX
  5
10F
330
68
100
AcDbEntity
  8
1_ANYTOOL_1MMDEEP_LABELS_S
100
AcDbVertex
100
AcDb2dVertex
 10
54.01875000000723
 20
-27.5544642857235
 30
0.0
  0
VERTEX
  5
110
330
68
100
AcDbEntity
  8
1_ANYTOOL_1MMDEEP_LABELS_S
100
AcDbVertex
100
AcDb2dVertex
 10
53.90607212612328
 20
-27.43165806362535
 30
0.0
  0
VERTEX
  5
111
330
68
100
AcDbEntity
  8
1_ANYTOOL_1MMDEEP_LABELS_S
100
AcDbVertex
100
AcDb2dVertex
 10
53.7950474330429
 20
-27.30631975447363
 30
0.0
  0
VERTEX
  5
112
330
68
100
AcDbEntity
  8
1_ANYTOOL_1MMDEEP_LABELS_S
100
AcDbVertex
100
AcDb2dVertex
 10
53.57795758929284
 20
-27.04804687500948
 30
0.0
  0
VERTEX
  5
113
330
68
100
AcDbEntity
  8
1_ANYTOOL_1MMDEEP_LABELS_S
100
AcDbVertex
100
AcDb2dVertex
 10
53.36748046875707
 20
-26.77964564733104
 30
0.0
  0
VERTEX
  5
114
330
68
100
AcDbEntity
  8
1_ANYTOOL_1MMDEEP_LABELS_S
100
AcDbVertex
100
AcDb2dVertex
 10
53.16361607143557
 20
-26.50111607143833
 30
0.0
  0
VERTEX
  5
115
330
68
100
AcDbEntity
  8
1_ANYTOOL_1MMDEEP_LABELS_S
100
AcDbVertex
100
AcDb2dVertex
 10
52.96636439732836
 20
-26.21245814733134
 30
0.0
  0
VERTEX
  5
116
330
68
100
AcDbEntity
  8
1_ANYTOOL_1MMDEEP_LABELS_S
100
AcDbVertex
100
AcDb2dVertex
 10
52.77572544643543
 20
-25.91367187501007
 30
0.0
  0
VERTEX
  5
117
330
68
100
AcDbEntity
  8
1_ANYTOOL_1MMDEEP_LABELS_S
100
AcDbVertex
100
AcDb2dVertex
 10
52.59169921875679
 20
-25.60475725447451
 30
0.0
  0
VERTEX
  5
118
330
68
100
AcDbEntity
  8
1_ANYTOOL_1MMDEEP_LABELS_S
100
AcDbVertex
100
AcDb2dVertex
 10
52.41428571429242
 20
-25.28571428572468
 30
0.0
  0
VERTEX
  5
119
330
68
100
AcDbEntity
  8
1_ANYTOOL_1MMDEEP_LABELS_S
100
AcDbVertex
100
AcDb2dVertex
 10
52.08214285714955
 20
-24.63733258929557
 30
0.0
  0
VERTEX
  5
11A
330
68
100
AcDbEntity
  8
1_ANYTOOL_1MMDEEP_LABELS_S
100
AcDbVertex
100
AcDb2dVertex
 10
51.77142857143525
 20
-23.98861607143795
 30
0.0
  0
VERTEX
  5
11B
330
68
100
AcDbEntity
  8
1_ANYTOOL_1MMDEEP_LABELS_S
100
AcDbVertex
100
AcDb2dVertex
 10
51.48214285714953
 20
-23.33956473215181
 30
0.0
  0
VERTEX
  5
11C
330
68
100
AcDbEntity
  8
1_ANYTOOL_1MMDEEP_LABELS_S
100
AcDbVertex
100
AcDb2dVertex
 10
51.21428571429237
 20
-22.69017857143717
 30
0.0
  0
VERTEX
  5
11D
330
68
100
AcDbEntity
  8
1_ANYTOOL_1MMDEEP_LABELS_S
100
AcDbVertex
100
AcDb2dVertex
 10
50.96785714286379
 20
-22.04045758929402
 30
0.0
  0
VERTEX
  5
11E
330
68
100
AcDbEntity
  8
1_ANYTOOL_1MMDEEP_LABELS_S
100
AcDbVertex
100
AcDb2dVertex
 10
50.74285714286378
 20
-21.39040178572236
 30
0.0
  0
VERTEX
  5
11F
330
68
100
AcDbEntity
  8
1_ANYTOOL_1MMDEEP_LABELS_S
100
AcDbVertex
100
AcDb2dVertex
 10
50.53928571429235
 20
-20.74001116072219
 30
0.0
  0
VERTEX
  5
120
330
68
100
AcDbEntity
  8
1_ANYTOOL_1MMDEEP_LABELS_S
100
AcDbVertex
100
AcDb2dVertex
 10
50.35714285714948
 20
-20.08928571429351
 30
0.0
  0
VERTEX
  5
121
330
68
100
AcDbEntity
  8
1_ANYTOOL_1MMDEEP_LABELS_S
100
AcDbVertex
100
AcDb2dVertex
 10
50.19642857143519
 20
-19.43822544643632
 30
0.0
  0
VERTEX
  5
122
330
68
100
AcDbEntity
  8
1_ANYTOOL_1MMDEEP_LABELS_S
100
AcDbVertex
100
AcDb2dVertex
 10
50.05714285714947
 20
-18.78683035715062
 30
0.0
  0
VERTEX
  5
123
330
68
100
AcDbEntity
  8
1_ANYTOOL_1MMDEEP_LABELS_S
100
AcDbVertex
100
AcDb2dVertex
 10
49.93928571429232
 20
-18.13510044643641
 30
0.0
  0
VERTEX
  5
124
330
68
100
AcDbEntity
  8
1_ANYTOOL_1MMDEEP_LABELS_S
100
AcDbVertex
100
AcDb2dVertex
 10
49.84285714286375
 20
-17.48303571429369
 30
0.0
  0
VERTEX
  5
125
330
68
100
AcDbEntity
  8
1_ANYTOOL_1MMDEEP_LABELS_S
100
AcDbVertex
100
AcDb2dVertex
 10
49.76785714286375
 20
-16.83063616072246
 30
0.0
  0
VERTEX
  5
126
330
68
100
AcDbEntity
  8
1_ANYTOOL_1MMDEEP_LABELS_S
100
AcDbVertex
100
AcDb2dVertex
 10
49.71428571429232
 20
-16.17790178572272
 30
0.0
  0
VERTEX
  5
127
330
68
100
AcDbEntity
  8
1_ANYTOOL_1MMDEEP_LABELS_S
100
AcDbVertex
100
AcDb2dVertex
 10
49.68214285714946
 20
-15.52483258929448
 30
0.0
  0
VERTEX
  5
128
330
68
100
AcDbEntity
  8
1_ANYTOOL_1MMDEEP_LABELS_S
100
AcDbVertex
100
AcDb2dVertex
 10
49.67142857143517
 20
-14.87142857143772
 30
0.0
  0
VERTEX
  5
129
330
68
100
AcDbEntity
  8
1_ANYTOOL_1MMDEEP_LABELS_S
100
AcDbVertex
100
AcDb2dVertex
 10
49.68264508929231
 20
-14.1780133928664
 30
0.0
  0
VERTEX
  5
12A
330
68
100
AcDbEntity
  8
1_ANYTOOL_1MMDEEP_LABELS_S
100
AcDbVertex
100
AcDb2dVertex
 10
49.71629464286374
 20
-13.49062500000935
 30
0.0
  0
VERTEX
  5
12B
330
68
100
AcDbEntity
  8
1_ANYTOOL_1MMDEEP_LABELS_S
100
AcDbVertex
100
AcDb2dVertex
 10
49.77237723214946
 20
-12.80926339286654
 30
0.0
  0
VERTEX
  5
12C
330
68
100
AcDbEntity
  8
1_ANYTOOL_1MMDEEP_LABELS_S
100
AcDbVertex
100
AcDb2dVertex
 10
49.85089285714946
 20
-12.13392857143799
 30
0.0
  0
VERTEX
  5
12D
330
68
100
AcDbEntity
  8
1_ANYTOOL_1MMDEEP_LABELS_S
100
AcDbVertex
100
AcDb2dVertex
 10
49.95184151786375
 20
-11.4646205357237
 30
0.0
  0
VERTEX
  5
12E
330
68
100
AcDbEntity
  8
1_ANYTOOL_1MMDEEP_LABELS_S
100
AcDbVertex
100
AcDb2dVertex
 10
50.07522321429232
 20
-10.80133928572366
 30
0.0
  0
VERTEX
  5
12F
330
68
100
AcDbEntity
  8
1_ANYTOOL_1MMDEEP_LABELS_S
100
AcDbVertex
100
AcDb2dVertex
 10
50.22103794643518
 20
-10.14408482143787
 30
0.0
  0
VERTEX
  5
130
330
68
100
AcDbEntity
  8
1_ANYTOOL_1MMDEEP_LABELS_S
100
AcDbVertex
100
AcDb2dVertex
 10
50.38928571429233
 20
-9.492857142866342
 30
0.0
  0
VERTEX
  5
131
330
68
100
AcDbEntity
  8
1_ANYTOOL_1MMDEEP_LABELS_S
100
AcDbVertex
100
AcDb2dVertex
 10
50.57996651786376
 20
-8.847656250009067
 30
0.0
  0
VERTEX
  5
132
330
68
100
AcDbEntity
  8
1_ANYTOOL_1MMDEEP_LABELS_S
100
AcDbVertex
100
AcDb2dVertex
 10
50.79308035714948
 20
-8.208482142866046
 30
0.0
  0
VERTEX
  5
133
330
68
100
AcDbEntity
  8
1_ANYTOOL_1MMDEEP_LABELS_S
100
AcDbVertex
100
AcDb2dVertex
 10
51.02862723214948
 20
-7.575334821437281
 30
0.0
  0
VERTEX
  5
134
330
68
100
AcDbEntity
  8
1_ANYTOOL_1MMDEEP_LABELS_S
100
AcDbVertex
100
AcDb2dVertex
 10
51.28660714286377
 20
-6.94821428572277
 30
0.0
  0
VERTEX
  5
135
330
68
100
AcDbEntity
  8
1_ANYTOOL_1MMDEEP_LABELS_S
100
AcDbVertex
100
AcDb2dVertex
 10
51.56702008929235
 20
-6.327120535722514
 30
0.0
  0
VERTEX
  5
136
330
68
100
AcDbEntity
  8
1_ANYTOOL_1MMDEEP_LABELS_S
100
AcDbVertex
100
AcDb2dVertex
 10
51.86986607143521
 20
-5.712053571436513
 30
0.0
  0
VERTEX
  5
137
330
68
100
AcDbEntity
  8
1_ANYTOOL_1MMDEEP_LABELS_S
100
AcDbVertex
100
AcDb2dVertex
 10
52.19514508929236
 20
-5.103013392864767
 30
0.0
  0
VERTEX
  5
138
330
68
100
AcDbEntity
  8
1_ANYTOOL_1MMDEEP_LABELS_S
100
AcDbVertex
100
AcDb2dVertex
 10
52.5428571428638
 20
-4.500000000007276
 30
0.0
  0
VERTEX
  5
139
330
68
100
AcDbEntity
  8
1_ANYTOOL_1MMDEEP_LABELS_S
100
AcDbVertex
100
AcDb2dVertex
 10
52.7282645089353
 20
-4.202050781257135
 30
0.0
  0
VERTEX
  5
13A
330
68
100
AcDbEntity
  8
1_ANYTOOL_1MMDEEP_LABELS_S
100
AcDbVertex
100
AcDb2dVertex
 10
52.92020089286395
 20
-3.913560267864142
 30
0.0
  0
VERTEX
  5
13B
330
68
100
AcDbEntity
  8
1_ANYTOOL_1MMDEEP_LABELS_S
100
AcDbVertex
100
AcDb2dVertex
 10
53.11866629464973
 20
-3.634528459828296
 30
0.0
  0
VERTEX
  5
13C
330
68
100
AcDbEntity
  8
1_ANYTOOL_1MMDEEP_LABELS_S
100
AcDbVertex
100
AcDb2dVertex
 10
53.32366071429266
 20
-3.364955357149597
 30
0.0
  0
VERTEX
  5
13D
330
68
100
AcDbEntity
  8
1_ANYTOOL_1MMDEEP_LABELS_S
100
AcDbVertex
100
AcDb2dVertex
 10
53.53518415179272
 20
-3.104840959828046
 30
0.0
  0
VERTEX
  5
13E
330
68
100
AcDbEntity
  8
1_ANYTOOL_1MMDEEP_LABELS_S
100
AcDbVertex
100
AcDb2dVertex
 10
53.75323660714993
 20
-2.854185267863642
 30
0.0
  0
VERTEX
  5
13F
330
68
100
AcDbEntity
  8
1_ANYTOOL_1MMDEEP_LABELS_S
100
AcDbVertex
100
AcDb2dVertex
 10
53.97781808036427
 20
-2.612988281256385
 30
0.0
  0
VERTEX
  5
140
330
68
100
AcDbEntity
  8
1_ANYTOOL_1MMDEEP_LABELS_S
100
AcDbVertex
100
AcDb2dVertex
 10
54.20892857143576
 20
-2.381250000006276
 30
0.0
  0
VERTEX
  5
141
330
68
100
AcDbEntity
  8
1_ANYTOOL_1MMDEEP_LABELS_S
100
AcDbVertex
100
AcDb2dVertex
 10
54.32693219866793
 20
-2.268927873890151
 30
0.0
  0
VERTEX
  5
142
330
68
100
AcDbEntity
  8
1_ANYTOOL_1MMDEEP_LABELS_S
100
AcDbVertex
100
AcDb2dVertex
 10
54.44656808036439
 20
-2.158970424113313
 30
0.0
  0
VERTEX
  5
143
330
68
100
AcDbEntity
  8
1_ANYTOOL_1MMDEEP_LABELS_S
100
AcDbVertex
100
AcDb2dVertex
 10
54.56783621652513
 20
-2.051377650675763
 30
0.0
  0
VERTEX
  5
144
330
68
100
AcDbEntity
  8
1_ANYTOOL_1MMDEEP_LABELS_S
100
AcDbVertex
100
AcDb2dVertex
 10
54.69073660715016
 20
-1.946149553577499
 30
0.0
  0
VERTEX
  5
145
330
68
100
AcDbEntity
  8
1_ANYTOOL_1MMDEEP_LABELS_S
100
AcDbVertex
100
AcDb2dVertex
 10
54.81526925223947
 20
-1.843286132818521
 30
0.0
  0
VERTEX
  5
146
330
68
100
AcDbEntity
  8
1_ANYTOOL_1MMDEEP_LABELS_S
100
AcDbVertex
100
AcDb2dVertex
 10
54.94143415179306
 20
-1.742787388398831
 30
0.0
  0
VERTEX
  5
147
330
68
100
AcDbEntity
  8
1_ANYTOOL_1MMDEEP_LABELS_S
100
AcDbVertex
100
AcDb2dVertex
 10
55.06923130581094
 20
-1.644653320318428
 30
0.0
  0
VERTEX
  5
148
330
68
100
AcDbEntity
  8
1_ANYTOOL_1MMDEEP_LABELS_S
100
AcDbVertex
100
AcDb2dVertex
 10
55.19866071429311
 20
-1.548883928577311
 30
0.0
  0
VERTEX
  5
149
330
68
100
AcDbEntity
  8
1_ANYTOOL_1MMDEEP_LABELS_S
100
AcDbVertex
100
AcDb2dVertex
 10
55.32972237723956
 20
-1.455479213175481
 30
0.0
  0
VERTEX
  5
14A
330
68
100
AcDbEntity
  8
1_ANYTOOL_1MMDEEP_LABELS_S
100
AcDbVertex
100
AcDb2dVertex
 10
55.4624162946503
 20
-1.364439174112938
 30
0.0
  0
VERTEX
  5
14B
330
68
100
AcDbEntity
  8
1_ANYTOOL_1MMDEEP_LABELS_S
100
AcDbVertex
100
AcDb2dVertex
 10
55.59674246652532
 20
-1.275763811389682
 30
0.0
  0
VERTEX
  5
14C
330
68
100
AcDbEntity
  8
1_ANYTOOL_1MMDEEP_LABELS_S
100
AcDbVertex
100
AcDb2dVertex
 10
55.73270089286463
 20
-1.189453125005713
 30
0.0
  0
VERTEX
  5
14D
330
68
100
AcDbEntity
  8
1_ANYTOOL_1MMDEEP_LABELS_S
100
AcDbVertex
100
AcDb2dVertex
 10
55.87029157366822
 20
-1.10550711496103
 30
0.0
  0
VERTEX
  5
14E
330
68
100
AcDbEntity
  8
1_ANYTOOL_1MMDEEP_LABELS_S
100
AcDbVertex
100
AcDb2dVertex
 10
56.00951450893609
 20
-1.023925781255635
 30
0.0
  0
VERTEX
  5
14F
330
68
100
AcDbEntity
  8
1_ANYTOOL_1MMDEEP_LABELS_S
100
AcDbVertex
100
AcDb2dVertex
 10
56.15036969866826
 20
-0.9447091238895258
 30
0.0
  0
VERTEX
  5
150
330
68
100
AcDbEntity
  8
1_ANYTOOL_1MMDEEP_LABELS_S
100
AcDbVertex
100
AcDb2dVertex
 10
56.2928571428647
 20
-0.8678571428627038
 30
0.0
  0
VERTEX
  5
151
330
68
100
AcDbEntity
  8
1_ANYTOOL_1MMDEEP_LABELS_S
100
AcDbVertex
100
AcDb2dVertex
 10
56.43697684152544
 20
-0.7933698381751686
 30
0.0
  0
VERTEX
  5
152
330
68
100
AcDbEntity
  8
1_ANYTOOL_1MMDEEP_LABELS_S
100
AcDbVertex
100
AcDb2dVertex
 10
56.58272879465045
 20
-0.7212472098269203
 30
0.0
  0
VERTEX
  5
153
330
68
100
AcDbEntity
  8
1_ANYTOOL_1MMDEEP_LABELS_S
100
AcDbVertex
100
AcDb2dVertex
 10
56.87912946429334
 20
-0.5840959821482841
 30
0.0
  0
VERTEX
  5
154
330
68
100
AcDbEntity
  8
1_ANYTOOL_1MMDEEP_LABELS_S
100
AcDbVertex
100
AcDb2dVertex
 10
57.18205915179337
 20
-0.4564034598267952
 30
0.0
  0
VERTEX
  5
155
330
68
100
AcDbEntity
  8
1_ANYTOOL_1MMDEEP_LABELS_S
100
AcDbVertex
100
AcDb2dVertex
 10
57.49151785715054
 20
-0.3381696428624537
 30
0.0
  0
VERTEX
  5
156
330
68
100
AcDbEntity
  8
1_ANYTOOL_1MMDEEP_LABELS_S
100
AcDbVertex
100
AcDb2dVertex
 10
57.80750558036485
 20
-0.2293945312552594
 30
0.0
  0
VERTEX
  5
157
330
68
100
AcDbEntity
  8
1_ANYTOOL_1MMDEEP_LABELS_S
100
AcDbVertex
100
AcDb2dVertex
 10
58.1300223214363
 20
-0.1300781250052125
 30
0.0
  0
VERTEX
  5
158
330
68
100
AcDbEntity
  8
1_ANYTOOL_1MMDEEP_LABELS_S
100
AcDbVertex
100
AcDb2dVertex
 10
58.45906808036489
 20
-0.040220424112313
 30
0.0
  0
VERTEX
  5
159
330
68
100
AcDbEntity
  8
1_ANYTOOL_1MMDEEP_LABELS_S
100
AcDbVertex
100
AcDb2dVertex
 10
58.79464285715062
 20
0.0401785714234393
 30
0.0
  0
VERTEX
  5
15A
330
68
100
AcDbEntity
  8
1_ANYTOOL_1MMDEEP_LABELS_S
100
AcDbVertex
100
AcDb2dVertex
 10
59.13674665179349
 20
0.1111188616020442
 30
0.0
  0
VERTEX
  5
15B
330
68
100
AcDbEntity
  8
1_ANYTOOL_1MMDEEP_LABELS_S
100
AcDbVertex
100
AcDb2dVertex
 10
59.4853794642935
 20
0.1726004464235018
 30
0.0
  0
VERTEX
  5
15C
330
68
100
AcDbEntity
  8
1_ANYTOOL_1MMDEEP_LABELS_S
100
AcDbVertex
100
AcDb2dVertex
 10
59.84054129465065
 20
0.2246233258878121
 30
0.0
  0
VERTEX
  5
15D
330
68
100
AcDbEntity
  8
1_ANYTOOL_1MMDEEP_LABELS_S
100
AcDbVertex
100
AcDb2dVertex
 10
60.20223214286494
 20
0.267187499994975
 30
0.0
  0
VERTEX
  5
15E
330
68
100
AcDbEntity
  8
1_ANYTOOL_1MMDEEP_LABELS_S
100
AcDbVertex
100
AcDb2dVertex
 10
60.57045200893637
 20
0.3002929687449907
 30
0.0
  0
VERTEX
  5
15F
330
68
100
AcDbEntity
  8
1_ANYTOOL_1MMDEEP_LABELS_S
100
AcDbVertex
100
AcDb2dVertex
 10
60.94520089286495
 20
0.323939732137859
 30
0.0
  0
VERTEX
  5
160
330
68
100
AcDbEntity
  8
1_ANYTOOL_1MMDEEP_LABELS_S
100
AcDbVertex
100
AcDb2dVertex
 10
61.32647879465065
 20
0.33812779017358
 30
0.0
  0
SEQEND
  5
161
330
68
100
AcDbEntity
  8
1_ANYTOOL_1MMDEEP_LABELS_S
  0
LINE
  5
162
330
1F
100
AcDbEntity
  8
1_ANYTOOL_1MMDEEP_LABELS_S
100
AcDbLine
 10
85.67142857143517
 20
-16.11428571429133
 30
0.0
 11
76.8857142857214
 21
-16.20000000000437
 31
0.0
  0
POLYLINE
  5
163
330
1F
100
AcDbEntity
  8
1_ANYTOOL_1MMDEEP_LABELS_S
100
AcDb2dPolyline
 66
     1
 10
0.0
 20
0.0
 30
0.0
  0
VERTEX
  5
164
330
163
100
AcDbEntity
  8
1_ANYTOOL_1MMDEEP_LABELS_S
100
AcDbVertex
100
AcDb2dVertex
 10
90.81428571429387
 20
-0.000000000007276
 30
0.0
  0
VERTEX
  5
165
330
163
100
AcDbEntity
  8
1_ANYTOOL_1MMDEEP_LABELS_S
100
AcDbVertex
100
AcDb2dVertex
 10
90.81428571429387
 20
-30.00000000000728
 30
0.0
  0
VERTEX
  5
166
330
163
100
AcDbEntity
  8
1_ANYTOOL_1MMDEEP_LABELS_S
100
AcDbVertex
100
AcDb2dVertex
 10
107.9142857142924
 20
-30.00000000000728
 30
0.0
  0
SEQEND
  5
167
330
163
100
AcDbEntity
  8
1_ANYTOOL_1MMDEEP_LABELS_S
  0
LINE
  5
168
330
1F
100
AcDbEntity
  8
1_ANYTOOL_1MMDEEP_LABELS_S
100
AcDbLine
 10
120.5571428571493
 20
-16.11428571429133
 30
0.0
 11
111.7714285714355
 21
-16.20000000000437
 31
0.0
  0
POLYLINE
  5
169
330
1F
100
AcDbEntity
  8
1_ANYTOOL_1MMDEEP_LABELS_S
100
AcDb2dPolyline
 66
     1
 10
0.0
 20
0.0
 30
0.0
  0
VERTEX
  5
16A
330
169
100
AcDbEntity
  8
1_ANYTOOL_1MMDEEP_LABELS_S
100
AcDbVertex
100
AcDb2dVertex
 10
132.6428571428642
 20
-14.22857142857538
 30
0.0
  0
VERTEX
  5
16B
330
169
100
AcDbEntity
  8
1_ANYTOOL_1MMDEEP_LABELS_S
100
AcDbVertex
100
AcDb2dVertex
 10
133.0799665178641
 20
-14.25552455357595
 30
0.0
  0
VERTEX
  5
16C
330
169
100
AcDbEntity
  8
1_ANYTOOL_1MMDEEP_LABELS_S
100
AcDbVertex
100
AcDb2dVertex
 10
133.5127232142927
 20
-14.29352678571934
 30
0.0
  0
VERTEX
  5
16D
330
169
100
AcDbEntity
  8
1_ANYTOOL_1MMDEEP_LABELS_S
100
AcDbVertex
100
AcDb2dVertex
 10
133.9411272321498
 20
-14.34257812500553
 30
0.0
  0
VERTEX
  5
16E
330
169
100
AcDbEntity
  8
1_ANYTOOL_1MMDEEP_LABELS_S
100
AcDbVertex
100
AcDb2dVertex
 10
134.3651785714355
 20
-14.40267857143454
 30
0.0
  0
VERTEX
  5
16F
330
169
100
AcDbEntity
  8
1_ANYTOOL_1MMDEEP_LABELS_S
100
AcDbVertex
100
AcDb2dVertex
 10
134.7848772321498
 20
-14.47382812500635
 30
0.0
  0
VERTEX
  5
170
330
169
100
AcDbEntity
  8
1_ANYTOOL_1MMDEEP_LABELS_S
100
AcDbVertex
100
AcDb2dVertex
 10
135.2002232142927
 20
-14.55602678572097
 30
0.0
  0
VERTEX
  5
171
330
169
100
AcDbEntity
  8
1_ANYTOOL_1MMDEEP_LABELS_S
100
AcDbVertex
100
AcDb2dVertex
 10
135.6112165178641
 20
-14.64927455357841
 30
0.0
  0
VERTEX
  5
172
330
169
100
AcDbEntity
  8
1_ANYTOOL_1MMDEEP_LABELS_S
100
AcDbVertex
100
AcDb2dVertex
 10
136.0178571428642
 20
-14.75357142857865
 30
0.0
  0
VERTEX
  5
173
330
169
100
AcDbEntity
  8
1_ANYTOOL_1MMDEEP_LABELS_S
100
AcDbVertex
100
AcDb2dVertex
 10
136.4201450892928
 20
-14.86891741072171
 30
0.0
  0
VERTEX
  5
174
330
169
100
AcDbEntity
  8
1_ANYTOOL_1MMDEEP_LABELS_S
100
AcDbVertex
100
AcDb2dVertex
 10
136.8180803571499
 20
-14.99531250000757
 30
0.0
  0
VERTEX
  5
175
330
169
100
AcDbEntity
  8
1_ANYTOOL_1MMDEEP_LABELS_S
100
AcDbVertex
100
AcDb2dVertex
 10
137.2116629464357
 20
-15.13275669643625
 30
0.0
  0
VERTEX
  5
176
330
169
100
AcDbEntity
  8
1_ANYTOOL_1MMDEEP_LABELS_S
100
AcDbVertex
100
AcDb2dVertex
 10
137.60089285715
 20
-15.28125000000773
 30
0.0
  0
VERTEX
  5
177
330
169
100
AcDbEntity
  8
1_ANYTOOL_1MMDEEP_LABELS_S
100
AcDbVertex
100
AcDb2dVertex
 10
137.9857700892929
 20
-15.44079241072203
 30
0.0
  0
VERTEX
  5
178
330
169
100
AcDbEntity
  8
1_ANYTOOL_1MMDEEP_LABELS_S
100
AcDbVertex
100
AcDb2dVertex
 10
138.3662946428644
 20
-15.61138392857913
 30
0.0
  0
VERTEX
  5
179
330
169
100
AcDbEntity
  8
1_ANYTOOL_1MMDEEP_LABELS_S
100
AcDbVertex
100
AcDb2dVertex
 10
138.7424665178645
 20
-15.79302455357904
 30
0.0
  0
VERTEX
  5
17A
330
169
100
AcDbEntity
  8
1_ANYTOOL_1MMDEEP_LABELS_S
100
AcDbVertex
100
AcDb2dVertex
 10
139.1142857142931
 20
-15.98571428572177
 30
0.0
  0
VERTEX
  5
17B
330
169
100
AcDbEntity
  8
1_ANYTOOL_1MMDEEP_LABELS_S
100
AcDbVertex
100
AcDb2dVertex
 10
139.2962193080432
 20
-16.08457031250745
 30
0.0
  0
VERTEX
  5
17C
330
169
100
AcDbEntity
  8
1_ANYTOOL_1MMDEEP_LABELS_S
100
AcDbVertex
100
AcDb2dVertex
 10
139.4723772321504
 20
-16.18828125000741
 30
0.0
  0
VERTEX
  5
17D
330
169
100
AcDbEntity
  8
1_ANYTOOL_1MMDEEP_LABELS_S
100
AcDbVertex
100
AcDb2dVertex
 10
139.5582903180879
 20
-16.24195731027525
 30
0.0
  0
VERTEX
  5
17E
330
169
100
AcDbEntity
  8
1_ANYTOOL_1MMDEEP_LABELS_S
100
AcDbVertex
100
AcDb2dVertex
 10
139.6427594866147
 20
-16.29684709822165
 30
0.0
  0
VERTEX
  5
17F
330
169
100
AcDbEntity
  8
1_ANYTOOL_1MMDEEP_LABELS_S
100
AcDbVertex
100
AcDb2dVertex
 10
139.7257847377308
 20
-16.35295061384664
 30
0.0
  0
VERTEX
  5
180
330
169
100
AcDbEntity
  8
1_ANYTOOL_1MMDEEP_LABELS_S
100
AcDbVertex
100
AcDb2dVertex
 10
139.8073660714361
 20
-16.41026785715019
 30
0.0
  0
VERTEX
  5
181
330
169
100
AcDbEntity
  8
1_ANYTOOL_1MMDEEP_LABELS_S
100
AcDbVertex
100
AcDb2dVertex
 10
139.8875034877308
 20
-16.46879882813231
 30
0.0
  0
VERTEX
  5
182
330
169
100
AcDbEntity
  8
1_ANYTOOL_1MMDEEP_LABELS_S
100
AcDbVertex
100
AcDb2dVertex
 10
139.9661969866148
 20
-16.52854352679301
 30
0.0
  0
VERTEX
  5
183
330
169
100
AcDbEntity
  8
1_ANYTOOL_1MMDEEP_LABELS_S
100
AcDbVertex
100
AcDb2dVertex
 10
140.043446568088
 20
-16.58950195313228
 30
0.0
  0
VERTEX
  5
184
330
169
100
AcDbEntity
  8
1_ANYTOOL_1MMDEEP_LABELS_S
100
AcDbVertex
100
AcDb2dVertex
 10
140.1192522321505
 20
-16.65167410715011
 30
0.0
  0
VERTEX
  5
185
330
169
100
AcDbEntity
  8
1_ANYTOOL_1MMDEEP_LABELS_S
100
AcDbVertex
100
AcDb2dVertex
 10
140.1936139788023
 20
-16.71505998884653
 30
0.0
  0
VERTEX
  5
186
330
169
100
AcDbEntity
  8
1_ANYTOOL_1MMDEEP_LABELS_S
100
AcDbVertex
100
AcDb2dVertex
 10
140.2665318080434
 20
-16.77965959822151
 30
0.0
  0
VERTEX
  5
187
330
169
100
AcDbEntity
  8
1_ANYTOOL_1MMDEEP_LABELS_S
100
AcDbVertex
100
AcDb2dVertex
 10
140.3380057198738
 20
-16.84547293527506
 30
0.0
  0
VERTEX
  5
188
330
169
100
AcDbEntity
  8
1_ANYTOOL_1MMDEEP_LABELS_S
100
AcDbVertex
100
AcDb2dVertex
 10
140.4080357142934
 20
-16.91250000000719
 30
0.0
  0
VERTEX
  5
189
330
169
100
AcDbEntity
  8
1_ANYTOOL_1MMDEEP_LABELS_S
100
AcDbVertex
100
AcDb2dVertex
 10
140.4766217913024
 20
-16.98074079241788
 30
0.0
  0
VERTEX
  5
18A
330
169
100
AcDbEntity
  8
1_ANYTOOL_1MMDEEP_LABELS_S
100
AcDbVertex
100
AcDb2dVertex
 10
140.5437639509006
 20
-17.05019531250715
 30
0.0
  0
VERTEX
  5
18B
330
169
100
AcDbEntity
  8
1_ANYTOOL_1MMDEEP_LABELS_S
100
AcDbVertex
100
AcDb2dVertex
 10
140.6094621930881
 20
-17.12086356027499
 30
0.0
  0
VERTEX
  5
18C
330
169
100
AcDbEntity
  8
1_ANYTOOL_1MMDEEP_LABELS_S
100
AcDbVertex
100
AcDb2dVertex
 10
140.6737165178649
 20
-17.1927455357214
 30
0.0
  0
VERTEX
  5
18D
330
169
100
AcDbEntity
  8
1_ANYTOOL_1MMDEEP_LABELS_S
100
AcDbVertex
100
AcDb2dVertex
 10
140.736526925231
 20
-17.26584123884638
 30
0.0
  0
VERTEX
  5
18E
330
169
100
AcDbEntity
  8
1_ANYTOOL_1MMDEEP_LABELS_S
100
AcDbVertex
100
AcDb2dVertex
 10
140.7978934151864
 20
-17.34015066964994
 30
0.0
  0
VERTEX
  5
18F
330
169
100
AcDbEntity
  8
1_ANYTOOL_1MMDEEP_LABELS_S
100
AcDbVertex
100
AcDb2dVertex
 10
140.857815987731
 20
-17.41567382813206
 30
0.0
  0
VERTEX
  5
190
330
169
100
AcDbEntity
  8
1_ANYTOOL_1MMDEEP_LABELS_S
100
AcDbVertex
100
AcDb2dVertex
 10
140.916294642865
 20
-17.49241071429276
 30
0.0
  0
VERTEX
  5
191
330
169
100
AcDbEntity
  8
1_ANYTOOL_1MMDEEP_LABELS_S
100
AcDbVertex
100
AcDb2dVertex
 10
140.9733293805882
 20
-17.57036132813203
 30
0.0
  0
VERTEX
  5
192
330
169
100
AcDbEntity
  8
1_ANYTOOL_1MMDEEP_LABELS_S
100
AcDbVertex
100
AcDb2dVertex
 10
141.0289202009007
 20
-17.64952566964987
 30
0.0
  0
VERTEX
  5
193
330
169
100
AcDbEntity
  8
1_ANYTOOL_1MMDEEP_LABELS_S
100
AcDbVertex
100
AcDb2dVertex
 10
141.0830671038025
 20
-17.72990373884628
 30
0.0
  0
VERTEX
  5
194
330
169
100
AcDbEntity
  8
1_ANYTOOL_1MMDEEP_LABELS_S
100
AcDbVertex
100
AcDb2dVertex
 10
141.1357700892936
 20
-17.81149553572126
 30
0.0
  0
VERTEX
  5
195
330
169
100
AcDbEntity
  8
1_ANYTOOL_1MMDEEP_LABELS_S
100
AcDbVertex
100
AcDb2dVertex
 10
141.187029157374
 20
-17.89430106027482
 30
0.0
  0
VERTEX
  5
196
330
169
100
AcDbEntity
  8
1_ANYTOOL_1MMDEEP_LABELS_S
100
AcDbVertex
100
AcDb2dVertex
 10
141.2368443080436
 20
-17.97832031250694
 30
0.0
  0
VERTEX
  5
197
330
169
100
AcDbEntity
  8
1_ANYTOOL_1MMDEEP_LABELS_S
100
AcDbVertex
100
AcDb2dVertex
 10
141.2852155413025
 20
-18.06355329241764
 30
0.0
  0
VERTEX
  5
198
330
169
100
AcDbEntity
  8
1_ANYTOOL_1MMDEEP_LABELS_S
100
AcDbVertex
100
AcDb2dVertex
 10
141.3321428571508
 20
-18.15000000000691
 30
0.0
  0
VERTEX
  5
199
330
169
100
AcDbEntity
  8
1_ANYTOOL_1MMDEEP_LABELS_S
100
AcDbVertex
100
AcDb2dVertex
 10
141.3776262555883
 20
-18.23766043527475
 30
0.0
  0
VERTEX
  5
19A
330
169
100
AcDbEntity
  8
1_ANYTOOL_1MMDEEP_LABELS_S
100
AcDbVertex
100
AcDb2dVertex
 10
141.4216657366151
 20
-18.32653459822117
 30
0.0
  0
VERTEX
  5
19B
330
169
100
AcDbEntity
  8
1_ANYTOOL_1MMDEEP_LABELS_S
100
AcDbVertex
100
AcDb2dVertex
 10
141.4642613002312
 20
-18.41662248884615
 30
0.0
  0
VERTEX
  5
19C
330
169
100
AcDbEntity
  8
1_ANYTOOL_1MMDEEP_LABELS_S
100
AcDbVertex
100
AcDb2dVertex
 10
141.5054129464365
 20
-18.50792410714971
 30
0.0
  0
VERTEX
  5
19D
330
169
100
AcDbEntity
  8
1_ANYTOOL_1MMDEEP_LABELS_S
100
AcDbVertex
100
AcDb2dVertex
 10
141.5451206752311
 20
-18.60043945313183
 30
0.0
  0
VERTEX
  5
19E
330
169
100
AcDbEntity
  8
1_ANYTOOL_1MMDEEP_LABELS_S
100
AcDbVertex
100
AcDb2dVertex
 10
141.5833844866151
 20
-18.69416852679253
 30
0.0
  0
VERTEX
  5
19F
330
169
100
AcDbEntity
  8
1_ANYTOOL_1MMDEEP_LABELS_S
100
AcDbVertex
100
AcDb2dVertex
 10
141.6555803571508
 20
-18.88526785714964
 30
0.0
  0
VERTEX
  5
1A0
330
169
100
AcDbEntity
  8
1_ANYTOOL_1MMDEEP_LABELS_S
100
AcDbVertex
100
AcDb2dVertex
 10
141.7220005580437
 20
-19.08122209822104
 30
0.0
  0
VERTEX
  5
1A1
330
169
100
AcDbEntity
  8
1_ANYTOOL_1MMDEEP_LABELS_S
100
AcDbVertex
100
AcDb2dVertex
 10
141.7826450892937
 20
-19.28203125000672
 30
0.0
  0
VERTEX
  5
1A2
330
169
100
AcDbEntity
  8
1_ANYTOOL_1MMDEEP_LABELS_S
100
AcDbVertex
100
AcDb2dVertex
 10
141.8375139509009
 20
-19.48769531250669
 30
0.0
  0
VERTEX
  5
1A3
330
169
100
AcDbEntity
  8
1_ANYTOOL_1MMDEEP_LABELS_S
100
AcDbVertex
100
AcDb2dVertex
 10
141.8866071428652
 20
-19.69821428572095
 30
0.0
  0
VERTEX
  5
1A4
330
169
100
AcDbEntity
  8
1_ANYTOOL_1MMDEEP_LABELS_S
100
AcDbVertex
100
AcDb2dVertex
 10
141.9299246651866
 20
-19.91358816964949
 30
0.0
  0
VERTEX
  5
1A5
330
169
100
AcDbEntity
  8
1_ANYTOOL_1MMDEEP_LABELS_S
100
AcDbVertex
100
AcDb2dVertex
 10
141.9674665178652
 20
-20.13381696429232
 30
0.0
  0
VERTEX
  5
1A6
330
169
100
AcDbEntity
  8
1_ANYTOOL_1MMDEEP_LABELS_S
100
AcDbVertex
100
AcDb2dVertex
 10
141.9992327009009
 20
-20.35890066964944
 30
0.0
  0
VERTEX
  5
1A7
330
169
100
AcDbEntity
  8
1_ANYTOOL_1MMDEEP_LABELS_S
100
AcDbVertex
100
AcDb2dVertex
 10
142.0252232142938
 20
-20.58883928572084
 30
0.0
  0
VERTEX
  5
1A8
330
169
100
AcDbEntity
  8
1_ANYTOOL_1MMDEEP_LABELS_S
100
AcDbVertex
100
AcDb2dVertex
 10
142.0454380580438
 20
-20.82363281250652
 30
0.0
  0
VERTEX
  5
1A9
330
169
100
AcDbEntity
  8
1_ANYTOOL_1MMDEEP_LABELS_S
100
AcDbVertex
100
AcDb2dVertex
 10
142.0598772321509
 20
-21.0632812500065
 30
0.0
  0
VERTEX
  5
1AA
330
169
100
AcDbEntity
  8
1_ANYTOOL_1MMDEEP_LABELS_S
100
AcDbVertex
100
AcDb2dVertex
 10
142.0685407366152
 20
-21.30778459822076
 30
0.0
  0
VERTEX
  5
1AB
330
169
100
AcDbEntity
  8
1_ANYTOOL_1MMDEEP_LABELS_S
100
AcDbVertex
100
AcDb2dVertex
 10
142.0714285714366
 20
-21.5571428571493
 30
0.0
  0
VERTEX
  5
1AC
330
169
100
AcDbEntity
  8
1_ANYTOOL_1MMDEEP_LABELS_S
100
AcDbVertex
100
AcDb2dVertex
 10
142.0690011160795
 20
-21.83592354911359
 30
0.0
  0
VERTEX
  5
1AD
330
169
100
AcDbEntity
  8
1_ANYTOOL_1MMDEEP_LABELS_S
100
AcDbVertex
100
AcDb2dVertex
 10
142.0617187500081
 20
-22.10976562500645
 30
0.0
  0
VERTEX
  5
1AE
330
169
100
AcDbEntity
  8
1_ANYTOOL_1MMDEEP_LABELS_S
100
AcDbVertex
100
AcDb2dVertex
 10
142.0495814732224
 20
-22.37866908482788
 30
0.0
  0
VERTEX
  5
1AF
330
169
100
AcDbEntity
  8
1_ANYTOOL_1MMDEEP_LABELS_S
100
AcDbVertex
100
AcDb2dVertex
 10
142.0325892857223
 20
-22.64263392857788
 30
0.0
  0
VERTEX
  5
1B0
330
169
100
AcDbEntity
  8
1_ANYTOOL_1MMDEEP_LABELS_S
100
AcDbVertex
100
AcDb2dVertex
 10
142.0107421875081
 20
-22.90166015625645
 30
0.0
  0
VERTEX
  5
1B1
330
169
100
AcDbEntity
  8
1_ANYTOOL_1MMDEEP_LABELS_S
100
AcDbVertex
100
AcDb2dVertex
 10
141.9840401785795
 20
-23.1557477678636
 30
0.0
  0
VERTEX
  5
1B2
330
169
100
AcDbEntity
  8
1_ANYTOOL_1MMDEEP_LABELS_S
100
AcDbVertex
100
AcDb2dVertex
 10
141.9524832589366
 20
-23.40489676339932
 30
0.0
  0
VERTEX
  5
1B3
330
169
100
AcDbEntity
  8
1_ANYTOOL_1MMDEEP_LABELS_S
100
AcDbVertex
100
AcDb2dVertex
 10
141.9160714285795
 20
-23.64910714286361
 30
0.0
  0
VERTEX
  5
1B4
330
169
100
AcDbEntity
  8
1_ANYTOOL_1MMDEEP_LABELS_S
100
AcDbVertex
100
AcDb2dVertex
 10
141.874804687508
 20
-23.88837890625648
 30
0.0
  0
VERTEX
  5
1B5
330
169
100
AcDbEntity
  8
1_ANYTOOL_1MMDEEP_LABELS_S
100
AcDbVertex
100
AcDb2dVertex
 10
141.8286830357223
 20
-24.12271205357791
 30
0.0
  0
VERTEX
  5
1B6
330
169
100
AcDbEntity
  8
1_ANYTOOL_1MMDEEP_LABELS_S
100
AcDbVertex
100
AcDb2dVertex
 10
141.7777064732223
 20
-24.35210658482792
 30
0.0
  0
VERTEX
  5
1B7
330
169
100
AcDbEntity
  8
1_ANYTOOL_1MMDEEP_LABELS_S
100
AcDbVertex
100
AcDb2dVertex
 10
141.721875000008
 20
-24.5765625000065
 30
0.0
  0
VERTEX
  5
1B8
330
169
100
AcDbEntity
  8
1_ANYTOOL_1MMDEEP_LABELS_S
100
AcDbVertex
100
AcDb2dVertex
 10
141.6611886160795
 20
-24.79607979911366
 30
0.0
  0
VERTEX
  5
1B9
330
169
100
AcDbEntity
  8
1_ANYTOOL_1MMDEEP_LABELS_S
100
AcDbVertex
100
AcDb2dVertex
 10
141.5956473214366
 20
-25.01065848214938
 30
0.0
  0
VERTEX
  5
1BA
330
169
100
AcDbEntity
  8
1_ANYTOOL_1MMDEEP_LABELS_S
100
AcDbVertex
100
AcDb2dVertex
 10
141.5252511160794
 20
-25.22029854911368
 30
0.0
  0
VERTEX
  5
1BB
330
169
100
AcDbEntity
  8
1_ANYTOOL_1MMDEEP_LABELS_S
100
AcDbVertex
100
AcDb2dVertex
 10
141.450000000008
 20
-25.42500000000655
 30
0.0
  0
VERTEX
  5
1BC
330
169
100
AcDbEntity
  8
1_ANYTOOL_1MMDEEP_LABELS_S
100
AcDbVertex
100
AcDb2dVertex
 10
141.3698939732223
 20
-25.62476283482799
 30
0.0
  0
VERTEX
  5
1BD
330
169
100
AcDbEntity
  8
1_ANYTOOL_1MMDEEP_LABELS_S
100
AcDbVertex
100
AcDb2dVertex
 10
141.2849330357223
 20
-25.819587053578
 30
0.0
  0
VERTEX
  5
1BE
330
169
100
AcDbEntity
  8
1_ANYTOOL_1MMDEEP_LABELS_S
100
AcDbVertex
100
AcDb2dVertex
 10
141.195117187508
 20
-26.00947265625659
 30
0.0
  0
VERTEX
  5
1BF
330
169
100
AcDbEntity
  8
1_ANYTOOL_1MMDEEP_LABELS_S
100
AcDbVertex
100
AcDb2dVertex
 10
141.1004464285794
 20
-26.19441964286375
 30
0.0
  0
VERTEX
  5
1C0
330
169
100
AcDbEntity
  8
1_ANYTOOL_1MMDEEP_LABELS_S
100
AcDbVertex
100
AcDb2dVertex
 10
141.0009207589366
 20
-26.37442801339948
 30
0.0
  0
VERTEX
  5
1C1
330
169
100
AcDbEntity
  8
1_ANYTOOL_1MMDEEP_LABELS_S
100
AcDbVertex
100
AcDb2dVertex
 10
140.8965401785794
 20
-26.54949776786378
 30
0.0
  0
VERTEX
  5
1C2
330
169
100
AcDbEntity
  8
1_ANYTOOL_1MMDEEP_LABELS_S
100
AcDbVertex
100
AcDb2dVertex
 10
140.7873046875079
 20
-26.71962890625666
 30
0.0
  0
VERTEX
  5
1C3
330
169
100
AcDbEntity
  8
1_ANYTOOL_1MMDEEP_LABELS_S
100
AcDbVertex
100
AcDb2dVertex
 10
140.6732142857222
 20
-26.88482142857811
 30
0.0
  0
VERTEX
  5
1C4
330
169
100
AcDbEntity
  8
1_ANYTOOL_1MMDEEP_LABELS_S
100
AcDbVertex
100
AcDb2dVertex
 10
140.5542689732222
 20
-27.04507533482813
 30
0.0
  0
VERTEX
  5
1C5
330
169
100
AcDbEntity
  8
1_ANYTOOL_1MMDEEP_LABELS_S
100
AcDbVertex
100
AcDb2dVertex
 10
140.4304687500079
 20
-27.20039062500672
 30
0.0
  0
VERTEX
  5
1C6
330
169
100
AcDbEntity
  8
1_ANYTOOL_1MMDEEP_LABELS_S
100
AcDbVertex
100
AcDb2dVertex
 10
140.3018136160794
 20
-27.35076729911388
 30
0.0
  0
VERTEX
  5
1C7
330
169
100
AcDbEntity
  8
1_ANYTOOL_1MMDEEP_LABELS_S
100
AcDbVertex
100
AcDb2dVertex
 10
140.2356654575972
 20
-27.42410365514068
 30
0.0
  0
VERTEX
  5
1C8
330
169
100
AcDbEntity
  8
1_ANYTOOL_1MMDEEP_LABELS_S
100
AcDbVertex
100
AcDb2dVertex
 10
140.1683035714365
 20
-27.49620535714962
 30
0.0
  0
VERTEX
  5
1C9
330
169
100
AcDbEntity
  8
1_ANYTOOL_1MMDEEP_LABELS_S
100
AcDbVertex
100
AcDb2dVertex
 10
140.0997279575972
 20
-27.5670724051407
 30
0.0
  0
VERTEX
  5
1CA
330
169
100
AcDbEntity
  8
1_ANYTOOL_1MMDEEP_LABELS_S
100
AcDbVertex
100
AcDb2dVertex
 10
140.0299386160793
 20
-27.63670479911393
 30
0.0
  0
VERTEX
  5
1CB
330
169
100
AcDbEntity
  8
1_ANYTOOL_1MMDEEP_LABELS_S
100
AcDbVertex
100
AcDb2dVertex
 10
139.9589355468829
 20
-27.7051025390693
 30
0.0
  0
VERTEX
  5
1CC
330
169
100
AcDbEntity
  8
1_ANYTOOL_1MMDEEP_LABELS_S
100
AcDbVertex
100
AcDb2dVertex
 10
139.8867187500079
 20
-27.77226562500681
 30
0.0
  0
VERTEX
  5
1CD
330
169
100
AcDbEntity
  8
1_ANYTOOL_1MMDEEP_LABELS_S
100
AcDbVertex
100
AcDb2dVertex
 10
139.8132882254543
 20
-27.83819405692646
 30
0.0
  0
VERTEX
  5
1CE
330
169
100
AcDbEntity
  8
1_ANYTOOL_1MMDEEP_LABELS_S
100
AcDbVertex
100
AcDb2dVertex
 10
139.7386439732221
 20
-27.90288783482826
 30
0.0
  0
VERTEX
  5
1CF
330
169
100
AcDbEntity
  8
1_ANYTOOL_1MMDEEP_LABELS_S
100
AcDbVertex
100
AcDb2dVertex
 10
139.5857142857221
 20
-28.02857142857829
 30
0.0
  0
VERTEX
  5
1D0
330
169
100
AcDbEntity
  8
1_ANYTOOL_1MMDEEP_LABELS_S
100
AcDbVertex
100
AcDb2dVertex
 10
139.428599330365
 20
-28.14986049107831
 30
0.0
  0
VERTEX
  5
1D1
330
169
100
AcDbEntity
  8
1_ANYTOOL_1MMDEEP_LABELS_S
100
AcDbVertex
100
AcDb2dVertex
 10
139.2679687500078
 20
-28.26729910714977
 30
0.0
  0
VERTEX
  5
1D2
330
169
100
AcDbEntity
  8
1_ANYTOOL_1MMDEEP_LABELS_S
100
AcDbVertex
100
AcDb2dVertex
 10
139.1038225446507
 20
-28.38088727679265
 30
0.0
  0
VERTEX
  5
1D3
330
169
100
AcDbEntity
  8
1_ANYTOOL_1MMDEEP_LABELS_S
100
AcDbVertex
100
AcDb2dVertex
 10
138.9361607142935
 20
-28.49062500000696
 30
0.0
  0
VERTEX
  5
1D4
330
169
100
AcDbEntity
  8
1_ANYTOOL_1MMDEEP_LABELS_S
100
AcDbVertex
100
AcDb2dVertex
 10
138.7649832589364
 20
-28.59651227679269
 30
0.0
  0
VERTEX
  5
1D5
330
169
100
AcDbEntity
  8
1_ANYTOOL_1MMDEEP_LABELS_S
100
AcDbVertex
100
AcDb2dVertex
 10
138.5902901785792
 20
-28.69854910714986
 30
0.0
  0
VERTEX
  5
1D6
330
169
100
AcDbEntity
  8
1_ANYTOOL_1MMDEEP_LABELS_S
100
AcDbVertex
100
AcDb2dVertex
 10
138.4120814732221
 20
-28.79673549107845
 30
0.0
  0
VERTEX
  5
1D7
330
169
100
AcDbEntity
  8
1_ANYTOOL_1MMDEEP_LABELS_S
100
AcDbVertex
100
AcDb2dVertex
 10
138.2303571428649
 20
-28.89107142857847
 30
0.0
  0
VERTEX
  5
1D8
330
169
100
AcDbEntity
  8
1_ANYTOOL_1MMDEEP_LABELS_S
100
AcDbVertex
100
AcDb2dVertex
 10
138.0451171875078
 20
-28.98155691964992
 30
0.0
  0
VERTEX
  5
1D9
330
169
100
AcDbEntity
  8
1_ANYTOOL_1MMDEEP_LABELS_S
100
AcDbVertex
100
AcDb2dVertex
 10
137.8563616071506
 20
-29.06819196429279
 30
0.0
  0
VERTEX
  5
1DA
330
169
100
AcDbEntity
  8
1_ANYTOOL_1MMDEEP_LABELS_S
100
AcDbVertex
100
AcDb2dVertex
 10
137.6640904017935
 20
-29.1509765625071
 30
0.0
  0
VERTEX
  5
1DB
330
169
100
AcDbEntity
  8
1_ANYTOOL_1MMDEEP_LABELS_S
100
AcDbVertex
100
AcDb2dVertex
 10
137.4683035714364
 20
-29.22991071429283
 30
0.0
  0
VERTEX
  5
1DC
330
169
100
AcDbEntity
  8
1_ANYTOOL_1MMDEEP_LABELS_S
100
AcDbVertex
100
AcDb2dVertex
 10
137.2690011160792
 20
-29.30499441964999
 30
0.0
  0
VERTEX
  5
1DD
330
169
100
AcDbEntity
  8
1_ANYTOOL_1MMDEEP_LABELS_S
100
AcDbVertex
100
AcDb2dVertex
 10
137.0661830357221
 20
-29.37622767857857
 30
0.0
  0
VERTEX
  5
1DE
330
169
100
AcDbEntity
  8
1_ANYTOOL_1MMDEEP_LABELS_S
100
AcDbVertex
100
AcDb2dVertex
 10
136.859849330365
 20
-29.44361049107859
 30
0.0
  0
VERTEX
  5
1DF
330
169
100
AcDbEntity
  8
1_ANYTOOL_1MMDEEP_LABELS_S
100
AcDbVertex
100
AcDb2dVertex
 10
136.6500000000078
 20
-29.50714285715003
 30
0.0
  0
VERTEX
  5
1E0
330
169
100
AcDbEntity
  8
1_ANYTOOL_1MMDEEP_LABELS_S
100
AcDbVertex
100
AcDb2dVertex
 10
136.4366350446507
 20
-29.5668247767929
 30
0.0
  0
VERTEX
  5
1E1
330
169
100
AcDbEntity
  8
1_ANYTOOL_1MMDEEP_LABELS_S
100
AcDbVertex
100
AcDb2dVertex
 10
136.2197544642935
 20
-29.6226562500072
 30
0.0
  0
VERTEX
  5
1E2
330
169
100
AcDbEntity
  8
1_ANYTOOL_1MMDEEP_LABELS_S
100
AcDbVertex
100
AcDb2dVertex
 10
135.9993582589364
 20
-29.67463727679292
 30
0.0
  0
VERTEX
  5
1E3
330
169
100
AcDbEntity
  8
1_ANYTOOL_1MMDEEP_LABELS_S
100
AcDbVertex
100
AcDb2dVertex
 10
135.7754464285793
 20
-29.72276785715007
 30
0.0
  0
VERTEX
  5
1E4
330
169
100
AcDbEntity
  8
1_ANYTOOL_1MMDEEP_LABELS_S
100
AcDbVertex
100
AcDb2dVertex
 10
135.5480189732222
 20
-29.76704799107866
 30
0.0
  0
VERTEX
  5
1E5
330
169
100
AcDbEntity
  8
1_ANYTOOL_1MMDEEP_LABELS_S
100
AcDbVertex
100
AcDb2dVertex
 10
135.317075892865
 20
-29.80747767857866
 30
0.0
  0
VERTEX
  5
1E6
330
169
100
AcDbEntity
  8
1_ANYTOOL_1MMDEEP_LABELS_S
100
AcDbVertex
100
AcDb2dVertex
 10
135.0826171875079
 20
-29.8440569196501
 30
0.0
  0
VERTEX
  5
1E7
330
169
100
AcDbEntity
  8
1_ANYTOOL_1MMDEEP_LABELS_S
100
AcDbVertex
100
AcDb2dVertex
 10
134.8446428571508
 20
-29.87678571429296
 30
0.0
  0
VERTEX
  5
1E8
330
169
100
AcDbEntity
  8
1_ANYTOOL_1MMDEEP_LABELS_S
100
AcDbVertex
100
AcDb2dVertex
 10
134.3581473214365
 20
-29.93069196429298
 30
0.0
  0
VERTEX
  5
1E9
330
169
100
AcDbEntity
  8
1_ANYTOOL_1MMDEEP_LABELS_S
100
AcDbVertex
100
AcDb2dVertex
 10
133.8575892857223
 20
-29.9691964285787
 30
0.0
  0
VERTEX
  5
1EA
330
169
100
AcDbEntity
  8
1_ANYTOOL_1MMDEEP_LABELS_S
100
AcDbVertex
100
AcDb2dVertex
 10
133.3429687500081
 20
-29.99229910715013
 30
0.0
  0
VERTEX
  5
1EB
330
169
100
AcDbEntity
  8
1_ANYTOOL_1MMDEEP_LABELS_S
100
AcDbVertex
100
AcDb2dVertex
 10
132.8142857142939
 20
-30.00000000000728
 30
0.0
  0
VERTEX
  5
1EC
330
169
100
AcDbEntity
  8
1_ANYTOOL_1MMDEEP_LABELS_S
100
AcDbVertex
100
AcDb2dVertex
 10
132.4324218750081
 20
-29.99443359375728
 30
0.0
  0
VERTEX
  5
1ED
330
169
100
AcDbEntity
  8
1_ANYTOOL_1MMDEEP_LABELS_S
100
AcDbVertex
100
AcDb2dVertex
 10
132.0582589285794
 20
-29.97773437500729
 30
0.0
  0
VERTEX
  5
1EE
330
169
100
AcDbEntity
  8
1_ANYTOOL_1MMDEEP_LABELS_S
100
AcDbVertex
100
AcDb2dVertex
 10
131.691796875008
 20
-29.9499023437573
 30
0.0
  0
VERTEX
  5
1EF
330
169
100
AcDbEntity
  8
1_ANYTOOL_1MMDEEP_LABELS_S
100
AcDbVertex
100
AcDb2dVertex
 10
131.3330357142936
 20
-29.91093750000732
 30
0.0
  0
VERTEX
  5
1F0
330
169
100
AcDbEntity
  8
1_ANYTOOL_1MMDEEP_LABELS_S
100
AcDbVertex
100
AcDb2dVertex
 10
130.9819754464364
 20
-29.86083984375735
 30
0.0
  0
VERTEX
  5
1F1
330
169
100
AcDbEntity
  8
1_ANYTOOL_1MMDEEP_LABELS_S
100
AcDbVertex
100
AcDb2dVertex
 10
130.8093331473292
 20
-29.83161621094486
 30
0.0
  0
VERTEX
  5
1F2
330
169
100
AcDbEntity
  8
1_ANYTOOL_1MMDEEP_LABELS_S
100
AcDbVertex
100
AcDb2dVertex
 10
130.6386160714363
 20
-29.79960937500738
 30
0.0
  0
VERTEX
  5
1F3
330
169
100
AcDbEntity
  8
1_ANYTOOL_1MMDEEP_LABELS_S
100
AcDbVertex
100
AcDb2dVertex
 10
130.4698242187577
 20
-29.7648193359449
 30
0.0
  0
VERTEX
  5
1F4
330
169
100
AcDbEntity
  8
1_ANYTOOL_1MMDEEP_LABELS_S
100
AcDbVertex
100
AcDb2dVertex
 10
130.3029575892934
 20
-29.72724609375742
 30
0.0
  0
VERTEX
  5
1F5
330
169
100
AcDbEntity
  8
1_ANYTOOL_1MMDEEP_LABELS_S
100
AcDbVertex
100
AcDb2dVertex
 10
130.1380161830434
 20
-29.68688964844494
 30
0.0
  0
VERTEX
  5
1F6
330
169
100
AcDbEntity
  8
1_ANYTOOL_1MMDEEP_LABELS_S
100
AcDbVertex
100
AcDb2dVertex
 10
129.9750000000076
 20
-29.64375000000746
 30
0.0
  0
VERTEX
  5
1F7
330
169
100
AcDbEntity
  8
1_ANYTOOL_1MMDEEP_LABELS_S
100
AcDbVertex
100
AcDb2dVertex
 10
129.8139090401862
 20
-29.59782714844498
 30
0.0
  0
VERTEX
  5
1F8
330
169
100
AcDbEntity
  8
1_ANYTOOL_1MMDEEP_LABELS_S
100
AcDbVertex
100
AcDb2dVertex
 10
129.654743303579
 20
-29.54912109375751
 30
0.0
  0
VERTEX
  5
1F9
330
169
100
AcDbEntity
  8
1_ANYTOOL_1MMDEEP_LABELS_S
100
AcDbVertex
100
AcDb2dVertex
 10
129.4975027901861
 20
-29.49763183594503
 30
0.0
  0
VERTEX
  5
1FA
330
169
100
AcDbEntity
  8
1_ANYTOOL_1MMDEEP_LABELS_S
100
AcDbVertex
100
AcDb2dVertex
 10
129.3421875000075
 20
-29.44335937500756
 30
0.0
  0
VERTEX
  5
1FB
330
169
100
AcDbEntity
  8
1_ANYTOOL_1MMDEEP_LABELS_S
100
AcDbVertex
100
AcDb2dVertex
 10
129.1887974330432
 20
-29.38630371094509
 30
0.0
  0
VERTEX
  5
1FC
330
169
100
AcDbEntity
  8
1_ANYTOOL_1MMDEEP_LABELS_S
100
AcDbVertex
100
AcDb2dVertex
 10
129.0373325892932
 20
-29.32646484375762
 30
0.0
  0
VERTEX
  5
1FD
330
169
100
AcDbEntity
  8
1_ANYTOOL_1MMDEEP_LABELS_S
100
AcDbVertex
100
AcDb2dVertex
 10
128.8877929687575
 20
-29.26384277344515
 30
0.0
  0
VERTEX
  5
1FE
330
169
100
AcDbEntity
  8
1_ANYTOOL_1MMDEEP_LABELS_S
100
AcDbVertex
100
AcDb2dVertex
 10
128.740178571436
 20
-29.19843750000769
 30
0.0
  0
VERTEX
  5
1FF
330
169
100
AcDbEntity
  8
1_ANYTOOL_1MMDEEP_LABELS_S
100
AcDbVertex
100
AcDb2dVertex
 10
128.5944893973288
 20
-29.13024902344522
 30
0.0
  0
VERTEX
  5
200
330
169
100
AcDbEntity
  8
1_ANYTOOL_1MMDEEP_LABELS_S
100
AcDbVertex
100
AcDb2dVertex
 10
128.4507254464359
 20
-29.05927734375776
 30
0.0
  0
VERTEX
  5
201
330
169
100
AcDbEntity
  8
1_ANYTOOL_1MMDEEP_LABELS_S
100
AcDbVertex
100
AcDb2dVertex
 10
128.3088867187573
 20
-28.98552246094529
 30
0.0
  0
VERTEX
  5
202
330
169
100
AcDbEntity
  8
1_ANYTOOL_1MMDEEP_LABELS_S
100
AcDbVertex
100
AcDb2dVertex
 10
128.168973214293
 20
-28.90898437500783
 30
0.0
  0
VERTEX
  5
203
330
169
100
AcDbEntity
  8
1_ANYTOOL_1MMDEEP_LABELS_S
100
AcDbVertex
100
AcDb2dVertex
 10
128.030984933043
 20
-28.82966308594537
 30
0.0
  0
VERTEX
  5
204
330
169
100
AcDbEntity
  8
1_ANYTOOL_1MMDEEP_LABELS_S
100
AcDbVertex
100
AcDb2dVertex
 10
127.8949218750073
 20
-28.74755859375792
 30
0.0
  0
VERTEX
  5
205
330
169
100
AcDbEntity
  8
1_ANYTOOL_1MMDEEP_LABELS_S
100
AcDbVertex
100
AcDb2dVertex
 10
127.7607840401858
 20
-28.66267089844546
 30
0.0
  0
VERTEX
  5
206
330
169
100
AcDbEntity
  8
1_ANYTOOL_1MMDEEP_LABELS_S
100
AcDbVertex
100
AcDb2dVertex
 10
127.6285714285787
 20
-28.575000000008
 30
0.0
  0
VERTEX
  5
207
330
169
100
AcDbEntity
  8
1_ANYTOOL_1MMDEEP_LABELS_S
100
AcDbVertex
100
AcDb2dVertex
 10
127.4982840401858
 20
-28.48454589844555
 30
0.0
  0
VERTEX
  5
208
330
169
100
AcDbEntity
  8
1_ANYTOOL_1MMDEEP_LABELS_S
100
AcDbVertex
100
AcDb2dVertex
 10
127.3699218750072
 20
-28.3913085937581
 30
0.0
  0
VERTEX
  5
209
330
169
100
AcDbEntity
  8
1_ANYTOOL_1MMDEEP_LABELS_S
100
AcDbVertex
100
AcDb2dVertex
 10
127.2434849330429
 20
-28.29528808594565
 30
0.0
  0
VERTEX
  5
20A
330
169
100
AcDbEntity
  8
1_ANYTOOL_1MMDEEP_LABELS_S
100
AcDbVertex
100
AcDb2dVertex
 10
127.1189732142929
 20
-28.1964843750082
 30
0.0
  0
VERTEX
  5
20B
330
169
100
AcDbEntity
  8
1_ANYTOOL_1MMDEEP_LABELS_S
100
AcDbVertex
100
AcDb2dVertex
 10
126.9963867187571
 20
-28.09489746094575
 30
0.0
  0
VERTEX
  5
20C
330
169
100
AcDbEntity
  8
1_ANYTOOL_1MMDEEP_LABELS_S
100
AcDbVertex
100
AcDb2dVertex
 10
126.8757254464357
 20
-27.9905273437583
 30
0.0
  0
VERTEX
  5
20D
330
169
100
AcDbEntity
  8
1_ANYTOOL_1MMDEEP_LABELS_S
100
AcDbVertex
100
AcDb2dVertex
 10
126.7569893973285
 20
-27.88337402344586
 30
0.0
  0
VERTEX
  5
20E
330
169
100
AcDbEntity
  8
1_ANYTOOL_1MMDEEP_LABELS_S
100
AcDbVertex
100
AcDb2dVertex
 10
126.6401785714356
 20
-27.77343750000841
 30
0.0
  0
VERTEX
  5
20F
330
169
100
AcDbEntity
  8
1_ANYTOOL_1MMDEEP_LABELS_S
100
AcDbVertex
100
AcDb2dVertex
 10
126.525292968757
 20
-27.66071777344597
 30
0.0
  0
VERTEX
  5
210
330
169
100
AcDbEntity
  8
1_ANYTOOL_1MMDEEP_LABELS_S
100
AcDbVertex
100
AcDb2dVertex
 10
126.4123325892927
 20
-27.54521484375853
 30
0.0
  0
VERTEX
  5
211
330
169
100
AcDbEntity
  8
1_ANYTOOL_1MMDEEP_LABELS_S
100
AcDbVertex
100
AcDb2dVertex
 10
126.3012974330427
 20
-27.42692871094609
 30
0.0
  0
VERTEX
  5
212
330
169
100
AcDbEntity
  8
1_ANYTOOL_1MMDEEP_LABELS_S
100
AcDbVertex
100
AcDb2dVertex
 10
126.192187500007
 20
-27.30585937500865
 30
0.0
  0
VERTEX
  5
213
330
169
100
AcDbEntity
  8
1_ANYTOOL_1MMDEEP_LABELS_S
100
AcDbVertex
100
AcDb2dVertex
 10
126.0850027901855
 20
-27.18200683594621
 30
0.0
  0
VERTEX
  5
214
330
169
100
AcDbEntity
  8
1_ANYTOOL_1MMDEEP_LABELS_S
100
AcDbVertex
100
AcDb2dVertex
 10
125.9797433035784
 20
-27.05537109375878
 30
0.0
  0
VERTEX
  5
215
330
169
100
AcDbEntity
  8
1_ANYTOOL_1MMDEEP_LABELS_S
100
AcDbVertex
100
AcDb2dVertex
 10
125.8764090401855
 20
-26.92595214844635
 30
0.0
  0
VERTEX
  5
216
330
169
100
AcDbEntity
  8
1_ANYTOOL_1MMDEEP_LABELS_S
100
AcDbVertex
100
AcDb2dVertex
 10
125.7750000000069
 20
-26.79375000000891
 30
0.0
  0
VERTEX
  5
217
330
169
100
AcDbEntity
  8
1_ANYTOOL_1MMDEEP_LABELS_S
100
AcDbVertex
100
AcDb2dVertex
 10
125.6755161830426
 20
-26.65876464844648
 30
0.0
  0
VERTEX
  5
218
330
169
100
AcDbEntity
  8
1_ANYTOOL_1MMDEEP_LABELS_S
100
AcDbVertex
100
AcDb2dVertex
 10
125.5779575892926
 20
-26.52099609375905
 30
0.0
  0
VERTEX
  5
219
330
169
100
AcDbEntity
  8
1_ANYTOOL_1MMDEEP_LABELS_S
100
AcDbVertex
100
AcDb2dVertex
 10
125.4823242187569
 20
-26.38044433594662
 30
0.0
  0
VERTEX
  5
21A
330
169
100
AcDbEntity
  8
1_ANYTOOL_1MMDEEP_LABELS_S
100
AcDbVertex
100
AcDb2dVertex
 10
125.3886160714354
 20
-26.2371093750092
 30
0.0
  0
VERTEX
  5
21B
330
169
100
AcDbEntity
  8
1_ANYTOOL_1MMDEEP_LABELS_S
100
AcDbVertex
100
AcDb2dVertex
 10
125.2968331473283
 20
-26.09099121094677
 30
0.0
  0
VERTEX
  5
21C
330
169
100
AcDbEntity
  8
1_ANYTOOL_1MMDEEP_LABELS_S
100
AcDbVertex
100
AcDb2dVertex
 10
125.2069754464354
 20
-25.94208984375935
 30
0.0
  0
VERTEX
  5
21D
330
169
100
AcDbEntity
  8
1_ANYTOOL_1MMDEEP_LABELS_S
100
AcDbVertex
100
AcDb2dVertex
 10
125.0330357142925
 20
-25.6359375000095
 30
0.0
  0
VERTEX
  5
21E
330
169
100
AcDbEntity
  8
1_ANYTOOL_1MMDEEP_LABELS_S
100
AcDbVertex
100
AcDb2dVertex
 10
124.8667968750068
 20
-25.31865234375967
 30
0.0
  0
VERTEX
  5
21F
330
169
100
AcDbEntity
  8
1_ANYTOOL_1MMDEEP_LABELS_S
100
AcDbVertex
100
AcDb2dVertex
 10
124.7082589285782
 20
-24.99023437500983
 30
0.0
  0
VERTEX
  5
220
330
169
100
AcDbEntity
  8
1_ANYTOOL_1MMDEEP_LABELS_S
100
AcDbVertex
100
AcDb2dVertex
 10
124.5574218750067
 20
-24.65068359376001
 30
0.0
  0
VERTEX
  5
221
330
169
100
AcDbEntity
  8
1_ANYTOOL_1MMDEEP_LABELS_S
100
AcDbVertex
100
AcDb2dVertex
 10
124.4142857142924
 20
-24.30000000001019
 30
0.0
  0
SEQEND
  5
222
330
169
100
AcDbEntity
  8
1_ANYTOOL_1MMDEEP_LABELS_S
  0
POLYLINE
  5
223
330
1F
100
AcDbEntity
  8
1_ANYTOOL_1MMDEEP_LABELS_S
100
AcDb2dPolyline
 66
     1
 10
0.0
 20
0.0
 30
0.0
  0
VERTEX
  5
224
330
223
100
AcDbEntity
  8
1_ANYTOOL_1MMDEEP_LABELS_S
100
AcDbVertex
100
AcDb2dVertex
 10
125.5285714285783
 20
-4.928571428579744
 30
0.0
  0
VERTEX
  5
225
330
223
100
AcDbEntity
  8
1_ANYTOOL_1MMDEEP_LABELS_S
100
AcDbVertex
100
AcDb2dVertex
 10
125.6870675223283
 20
-4.62534877232968
 30
0.0
  0
VERTEX
  5
226
330
223
100
AcDbEntity
  8
1_ANYTOOL_1MMDEEP_LABELS_S
100
AcDbVertex
100
AcDb2dVertex
 10
125.851841517864
 20
-4.331752232151047
 30
0.0
  0
VERTEX
  5
227
330
223
100
AcDbEntity
  8
1_ANYTOOL_1MMDEEP_LABELS_S
100
AcDbVertex
100
AcDb2dVertex
 10
126.0228934151855
 20
-4.047781808043844
 30
0.0
  0
VERTEX
  5
228
330
223
100
AcDbEntity
  8
1_ANYTOOL_1MMDEEP_LABELS_S
100
AcDbVertex
100
AcDb2dVertex
 10
126.2002232142926
 20
-3.773437500008072
 30
0.0
  0
VERTEX
  5
229
330
223
100
AcDbEntity
  8
1_ANYTOOL_1MMDEEP_LABELS_S
100
AcDbVertex
100
AcDb2dVertex
 10
126.3838309151855
 20
-3.50871930804373
 30
0.0
  0
VERTEX
  5
22A
330
223
100
AcDbEntity
  8
1_ANYTOOL_1MMDEEP_LABELS_S
100
AcDbVertex
100
AcDb2dVertex
 10
126.5737165178641
 20
-3.253627232150819
 30
0.0
  0
VERTEX
  5
22B
330
223
100
AcDbEntity
  8
1_ANYTOOL_1MMDEEP_LABELS_S
100
AcDbVertex
100
AcDb2dVertex
 10
126.7698800223284
 20
-3.008161272329339
 30
0.0
  0
VERTEX
  5
22C
330
223
100
AcDbEntity
  8
1_ANYTOOL_1MMDEEP_LABELS_S
100
AcDbVertex
100
AcDb2dVertex
 10
126.8703159877302
 20
-2.889038085945385
 30
0.0
  0
VERTEX
  5
22D
330
223
100
AcDbEntity
  8
1_ANYTOOL_1MMDEEP_LABELS_S
100
AcDbVertex
100
AcDb2dVertex
 10
126.9723214285784
 20
-2.772321428579289
 30
0.0
  0
VERTEX
  5
22E
330
223
100
AcDbEntity
  8
1_ANYTOOL_1MMDEEP_LABELS_S
100
AcDbVertex
100
AcDb2dVertex
 10
127.0758963448731
 20
-2.658011300231051
 30
0.0
  0
VERTEX
  5
22F
330
223
100
AcDbEntity
  8
1_ANYTOOL_1MMDEEP_LABELS_S
100
AcDbVertex
100
AcDb2dVertex
 10
127.1810407366142
 20
-2.54610770090067
 30
0.0
  0
VERTEX
  5
230
330
223
100
AcDbEntity
  8
1_ANYTOOL_1MMDEEP_LABELS_S
100
AcDbVertex
100
AcDb2dVertex
 10
127.2877546038017
 20
-2.436610630588147
 30
0.0
  0
VERTEX
  5
231
330
223
100
AcDbEntity
  8
1_ANYTOOL_1MMDEEP_LABELS_S
100
AcDbVertex
100
AcDb2dVertex
 10
127.3960379464356
 20
-2.329520089293482
 30
0.0
  0
VERTEX
  5
232
330
223
100
AcDbEntity
  8
1_ANYTOOL_1MMDEEP_LABELS_S
100
AcDbVertex
100
AcDb2dVertex
 10
127.505890764516
 20
-2.224836077016674
 30
0.0
  0
VERTEX
  5
233
330
223
100
AcDbEntity
  8
1_ANYTOOL_1MMDEEP_LABELS_S
100
AcDbVertex
100
AcDb2dVertex
 10
127.6173130580428
 20
-2.122558593757724
 30
0.0
  0
VERTEX
  5
234
330
223
100
AcDbEntity
  8
1_ANYTOOL_1MMDEEP_LABELS_S
100
AcDbVertex
100
AcDb2dVertex
 10
127.730304827016
 20
-2.022687639516631
 30
0.0
  0
VERTEX
  5
235
330
223
100
AcDbEntity
  8
1_ANYTOOL_1MMDEEP_LABELS_S
100
AcDbVertex
100
AcDb2dVertex
 10
127.8448660714357
 20
-1.925223214293396
 30
0.0
  0
VERTEX
  5
236
330
223
100
AcDbEntity
  8
1_ANYTOOL_1MMDEEP_LABELS_S
100
AcDbVertex
100
AcDb2dVertex
 10
127.9609967913017
 20
-1.830165318088019
 30
0.0
  0
VERTEX
  5
237
330
223
100
AcDbEntity
  8
1_ANYTOOL_1MMDEEP_LABELS_S
100
AcDbVertex
100
AcDb2dVertex
 10
128.0786969866143
 20
-1.7375139509005
 30
0.0
  0
VERTEX
  5
238
330
223
100
AcDbEntity
  8
1_ANYTOOL_1MMDEEP_LABELS_S
100
AcDbVertex
100
AcDb2dVertex
 10
128.1979666573732
 20
-1.647269112730838
 30
0.0
  0
VERTEX
  5
239
330
223
100
AcDbEntity
  8
1_ANYTOOL_1MMDEEP_LABELS_S
100
AcDbVertex
100
AcDb2dVertex
 10
128.3188058035786
 20
-1.559430803579033
 30
0.0
  0
VERTEX
  5
23A
330
223
100
AcDbEntity
  8
1_ANYTOOL_1MMDEEP_LABELS_S
100
AcDbVertex
100
AcDb2dVertex
 10
128.4412144252304
 20
-1.473999023445087
 30
0.0
  0
VERTEX
  5
23B
330
223
100
AcDbEntity
  8
1_ANYTOOL_1MMDEEP_LABELS_S
100
AcDbVertex
100
AcDb2dVertex
 10
128.5651925223286
 20
-1.390973772328998
 30
0.0
  0
VERTEX
  5
23C
330
223
100
AcDbEntity
  8
1_ANYTOOL_1MMDEEP_LABELS_S
100
AcDbVertex
100
AcDb2dVertex
 10
128.6907400948733
 20
-1.310355050230767
 30
0.0
  0
VERTEX
  5
23D
330
223
100
AcDbEntity
  8
1_ANYTOOL_1MMDEEP_LABELS_S
100
AcDbVertex
100
AcDb2dVertex
 10
128.8178571428643
 20
-1.232142857150393
 30
0.0
  0
VERTEX
  5
23E
330
223
100
AcDbEntity
  8
1_ANYTOOL_1MMDEEP_LABELS_S
100
AcDbVertex
100
AcDb2dVertex
 10
128.9465436663019
 20
-1.156337193087877
 30
0.0
  0
VERTEX
  5
23F
330
223
100
AcDbEntity
  8
1_ANYTOOL_1MMDEEP_LABELS_S
100
AcDbVertex
100
AcDb2dVertex
 10
129.0767996651858
 20
-1.082938058043219
 30
0.0
  0
VERTEX
  5
240
330
223
100
AcDbEntity
  8
1_ANYTOOL_1MMDEEP_LABELS_S
100
AcDbVertex
100
AcDb2dVertex
 10
129.2086251395162
 20
-1.011945452016418
 30
0.0
  0
VERTEX
  5
241
330
223
100
AcDbEntity
  8
1_ANYTOOL_1MMDEEP_LABELS_S
100
AcDbVertex
100
AcDb2dVertex
 10
129.342020089293
 20
-0.9433593750074749
 30
0.0
  0
VERTEX
  5
242
330
223
100
AcDbEntity
  8
1_ANYTOOL_1MMDEEP_LABELS_S
100
AcDbVertex
100
AcDb2dVertex
 10
129.4769845145162
 20
-0.8771798270163895
 30
0.0
  0
VERTEX
  5
243
330
223
100
AcDbEntity
  8
1_ANYTOOL_1MMDEEP_LABELS_S
100
AcDbVertex
100
AcDb2dVertex
 10
129.6135184151859
 20
-0.8134068080431618
 30
0.0
  0
VERTEX
  5
244
330
223
100
AcDbEntity
  8
1_ANYTOOL_1MMDEEP_LABELS_S
100
AcDbVertex
100
AcDb2dVertex
 10
129.7516217913019
 20
-0.7520403180877917
 30
0.0
  0
VERTEX
  5
245
330
223
100
AcDbEntity
  8
1_ANYTOOL_1MMDEEP_LABELS_S
100
AcDbVertex
100
AcDb2dVertex
 10
129.8912946428645
 20
-0.6930803571502793
 30
0.0
  0
VERTEX
  5
246
330
223
100
AcDbEntity
  8
1_ANYTOOL_1MMDEEP_LABELS_S
100
AcDbVertex
100
AcDb2dVertex
 10
130.0325369698734
 20
-0.6365269252306245
 30
0.0
  0
VERTEX
  5
247
330
223
100
AcDbEntity
  8
1_ANYTOOL_1MMDEEP_LABELS_S
100
AcDbVertex
100
AcDb2dVertex
 10
130.1753487723288
 20
-0.5823800223288274
 30
0.0
  0
VERTEX
  5
248
330
223
100
AcDbEntity
  8
1_ANYTOOL_1MMDEEP_LABELS_S
100
AcDbVertex
100
AcDb2dVertex
 10
130.3197300502306
 20
-0.5306396484448879
 30
0.0
  0
VERTEX
  5
249
330
223
100
AcDbEntity
  8
1_ANYTOOL_1MMDEEP_LABELS_S
100
AcDbVertex
100
AcDb2dVertex
 10
130.4656808035788
 20
-0.481305803578806
 30
0.0
  0
VERTEX
  5
24A
330
223
100
AcDbEntity
  8
1_ANYTOOL_1MMDEEP_LABELS_S
100
AcDbVertex
100
AcDb2dVertex
 10
130.6132010323735
 20
-0.4343784877305819
 30
0.0
  0
VERTEX
  5
24B
330
223
100
AcDbEntity
  8
1_ANYTOOL_1MMDEEP_LABELS_S
100
AcDbVertex
100
AcDb2dVertex
 10
130.7622907366146
 20
-0.3898577009002153
 30
0.0
  0
VERTEX
  5
24C
330
223
100
AcDbEntity
  8
1_ANYTOOL_1MMDEEP_LABELS_S
100
AcDbVertex
100
AcDb2dVertex
 10
131.065178571436
 20
-0.3080357142930552
 30
0.0
  0
VERTEX
  5
24D
330
223
100
AcDbEntity
  8
1_ANYTOOL_1MMDEEP_LABELS_S
100
AcDbVertex
100
AcDb2dVertex
 10
131.3743443080432
 20
-0.2358398437573257
 30
0.0
  0
VERTEX
  5
24E
330
223
100
AcDbEntity
  8
1_ANYTOOL_1MMDEEP_LABELS_S
100
AcDbVertex
100
AcDb2dVertex
 10
131.6897879464361
 20
-0.1732700892930268
 30
0.0
  0
VERTEX
  5
24F
330
223
100
AcDbEntity
  8
1_ANYTOOL_1MMDEEP_LABELS_S
100
AcDbVertex
100
AcDb2dVertex
 10
132.0115094866147
 20
-0.1203264509001585
 30
0.0
  0
VERTEX
  5
250
330
223
100
AcDbEntity
  8
1_ANYTOOL_1MMDEEP_LABELS_S
100
AcDbVertex
100
AcDb2dVertex
 10
132.3395089285791
 20
-0.0770089285787208
 30
0.0
  0
VERTEX
  5
251
330
223
100
AcDbEntity
  8
1_ANYTOOL_1MMDEEP_LABELS_S
100
AcDbVertex
100
AcDb2dVertex
 10
132.6737862723291
 20
-0.0433175223287137
 30
0.0
  0
VERTEX
  5
252
330
223
100
AcDbEntity
  8
1_ANYTOOL_1MMDEEP_LABELS_S
100
AcDbVertex
100
AcDb2dVertex
 10
133.0143415178649
 20
-0.0192522321501372
 30
0.0
  0
VERTEX
  5
253
330
223
100
AcDbEntity
  8
1_ANYTOOL_1MMDEEP_LABELS_S
100
AcDbVertex
100
AcDb2dVertex
 10
133.3611746651863
 20
-0.0048130580429913
 30
0.0
  0
VERTEX
  5
254
330
223
100
AcDbEntity
  8
1_ANYTOOL_1MMDEEP_LABELS_S
100
AcDbVertex
100
AcDb2dVertex
 10
133.7142857142935
 20
-0.000000000007276
 30
0.0
  0
VERTEX
  5
255
330
223
100
AcDbEntity
  8
1_ANYTOOL_1MMDEEP_LABELS_S
100
AcDbVertex
100
AcDb2dVertex
 10
133.9246372767935
 20
-0.0018415178644204
 30
0.0
  0
VERTEX
  5
256
330
223
100
AcDbEntity
  8
1_ANYTOOL_1MMDEEP_LABELS_S
100
AcDbVertex
100
AcDb2dVertex
 10
134.1324776785792
 20
-0.0073660714358539
 30
0.0
  0
VERTEX
  5
257
330
223
100
AcDbEntity
  8
1_ANYTOOL_1MMDEEP_LABELS_S
100
AcDbVertex
100
AcDb2dVertex
 10
134.3378069196506
 20
-0.0165736607215763
 30
0.0
  0
VERTEX
  5
258
330
223
100
AcDbEntity
  8
1_ANYTOOL_1MMDEEP_LABELS_S
100
AcDbVertex
100
AcDb2dVertex
 10
134.5406250000078
 20
-0.0294642857215877
 30
0.0
  0
VERTEX
  5
259
330
223
100
AcDbEntity
  8
1_ANYTOOL_1MMDEEP_LABELS_S
100
AcDbVertex
100
AcDb2dVertex
 10
134.7409319196506
 20
-0.046037946435888
 30
0.0
  0
VERTEX
  5
25A
330
223
100
AcDbEntity
  8
1_ANYTOOL_1MMDEEP_LABELS_S
100
AcDbVertex
100
AcDb2dVertex
 10
134.9387276785792
 20
-0.0662946428644773
 30
0.0
  0
VERTEX
  5
25B
330
223
100
AcDbEntity
  8
1_ANYTOOL_1MMDEEP_LABELS_S
100
AcDbVertex
100
AcDb2dVertex
 10
135.1340122767935
 20
-0.0902343750073555
 30
0.0
  0
VERTEX
  5
25C
330
223
100
AcDbEntity
  8
1_ANYTOOL_1MMDEEP_LABELS_S
100
AcDbVertex
100
AcDb2dVertex
 10
135.3267857142935
 20
-0.1178571428645228
 30
0.0
  0
VERTEX
  5
25D
330
223
100
AcDbEntity
  8
1_ANYTOOL_1MMDEEP_LABELS_S
100
AcDbVertex
100
AcDb2dVertex
 10
135.5170479910792
 20
-0.1491629464359789
 30
0.0
  0
VERTEX
  5
25E
330
223
100
AcDbEntity
  8
1_ANYTOOL_1MMDEEP_LABELS_S
100
AcDbVertex
100
AcDb2dVertex
 10
135.7047991071506
 20
-0.1841517857217241
 30
0.0
  0
VERTEX
  5
25F
330
223
100
AcDbEntity
  8
1_ANYTOOL_1MMDEEP_LABELS_S
100
AcDbVertex
100
AcDb2dVertex
 10
135.8900390625078
 20
-0.2228236607217582
 30
0.0
  0
VERTEX
  5
260
330
223
100
AcDbEntity
  8
1_ANYTOOL_1MMDEEP_LABELS_S
100
AcDbVertex
100
AcDb2dVertex
 10
136.0727678571506
 20
-0.2651785714360813
 30
0.0
  0
VERTEX
  5
261
330
223
100
AcDbEntity
  8
1_ANYTOOL_1MMDEEP_LABELS_S
100
AcDbVertex
100
AcDb2dVertex
 10
136.2529854910792
 20
-0.3112165178646933
 30
0.0
  0
VERTEX
  5
262
330
223
100
AcDbEntity
  8
1_ANYTOOL_1MMDEEP_LABELS_S
100
AcDbVertex
100
AcDb2dVertex
 10
136.4306919642935
 20
-0.3609375000075943
 30
0.0
  0
VERTEX
  5
263
330
223
100
AcDbEntity
  8
1_ANYTOOL_1MMDEEP_LABELS_S
100
AcDbVertex
100
AcDb2dVertex
 10
136.6058872767935
 20
-0.4143415178647842
 30
0.0
  0
VERTEX
  5
264
330
223
100
AcDbEntity
  8
1_ANYTOOL_1MMDEEP_LABELS_S
100
AcDbVertex
100
AcDb2dVertex
 10
136.7785714285792
 20
-0.4714285714362632
 30
0.0
  0
VERTEX
  5
265
330
223
100
AcDbEntity
  8
1_ANYTOOL_1MMDEEP_LABELS_S
100
AcDbVertex
100
AcDb2dVertex
 10
136.9487444196506
 20
-0.532198660722031
 30
0.0
  0
VERTEX
  5
266
330
223
100
AcDbEntity
  8
1_ANYTOOL_1MMDEEP_LABELS_S
100
AcDbVertex
100
AcDb2dVertex
 10
137.1164062500078
 20
-0.5966517857220879
 30
0.0
  0
VERTEX
  5
267
330
223
100
AcDbEntity
  8
1_ANYTOOL_1MMDEEP_LABELS_S
100
AcDbVertex
100
AcDb2dVertex
 10
137.2815569196507
 20
-0.6647879464364337
 30
0.0
  0
VERTEX
  5
268
330
223
100
AcDbEntity
  8
1_ANYTOOL_1MMDEEP_LABELS_S
100
AcDbVertex
100
AcDb2dVertex
 10
137.4441964285792
 20
-0.7366071428650685
 30
0.0
  0
VERTEX
  5
269
330
223
100
AcDbEntity
  8
1_ANYTOOL_1MMDEEP_LABELS_S
100
AcDbVertex
100
AcDb2dVertex
 10
137.6043247767935
 20
-0.8121093750079922
 30
0.0
  0
VERTEX
  5
26A
330
223
100
AcDbEntity
  8
1_ANYTOOL_1MMDEEP_LABELS_S
100
AcDbVertex
100
AcDb2dVertex
 10
137.7619419642936
 20
-0.8912946428652049
 30
0.0
  0
VERTEX
  5
26B
330
223
100
AcDbEntity
  8
1_ANYTOOL_1MMDEEP_LABELS_S
100
AcDbVertex
100
AcDb2dVertex
 10
137.9170479910793
 20
-0.9741629464367065
 30
0.0
  0
VERTEX
  5
26C
330
223
100
AcDbEntity
  8
1_ANYTOOL_1MMDEEP_LABELS_S
100
AcDbVertex
100
AcDb2dVertex
 10
138.0696428571507
 20
-1.060714285722497
 30
0.0
  0
VERTEX
  5
26D
330
223
100
AcDbEntity
  8
1_ANYTOOL_1MMDEEP_LABELS_S
100
AcDbVertex
100
AcDb2dVertex
 10
138.2197265625079
 20
-1.150948660722577
 30
0.0
  0
VERTEX
  5
26E
330
223
100
AcDbEntity
  8
1_ANYTOOL_1MMDEEP_LABELS_S
100
AcDbVertex
100
AcDb2dVertex
 10
138.3672991071508
 20
-1.244866071436945
 30
0.0
  0
VERTEX
  5
26F
330
223
100
AcDbEntity
  8
1_ANYTOOL_1MMDEEP_LABELS_S
100
AcDbVertex
100
AcDb2dVertex
 10
138.5123604910793
 20
-1.342466517865603
 30
0.0
  0
VERTEX
  5
270
330
223
100
AcDbEntity
  8
1_ANYTOOL_1MMDEEP_LABELS_S
100
AcDbVertex
100
AcDb2dVertex
 10
138.6549107142936
 20
-1.443750000008549
 30
0.0
  0
VERTEX
  5
271
330
223
100
AcDbEntity
  8
1_ANYTOOL_1MMDEEP_LABELS_S
100
AcDbVertex
100
AcDb2dVertex
 10
138.7949497767937
 20
-1.548716517865785
 30
0.0
  0
VERTEX
  5
272
330
223
100
AcDbEntity
  8
1_ANYTOOL_1MMDEEP_LABELS_S
100
AcDbVertex
100
AcDb2dVertex
 10
138.9324776785794
 20
-1.657366071437309
 30
0.0
  0
VERTEX
  5
273
330
223
100
AcDbEntity
  8
1_ANYTOOL_1MMDEEP_LABELS_S
100
AcDbVertex
100
AcDb2dVertex
 10
139.0674944196508
 20
-1.769698660723122
 30
0.0
  0
VERTEX
  5
274
330
223
100
AcDbEntity
  8
1_ANYTOOL_1MMDEEP_LABELS_S
100
AcDbVertex
100
AcDb2dVertex
 10
139.200000000008
 20
-1.885714285723225
 30
0.0
  0
VERTEX
  5
275
330
223
100
AcDbEntity
  8
1_ANYTOOL_1MMDEEP_LABELS_S
100
AcDbVertex
100
AcDb2dVertex
 10
139.3317940848294
 20
-2.005119977687606
 30
0.0
  0
VERTEX
  5
276
330
223
100
AcDbEntity
  8
1_ANYTOOL_1MMDEEP_LABELS_S
100
AcDbVertex
100
AcDb2dVertex
 10
139.4593191964365
 20
-2.127622767866256
 30
0.0
  0
VERTEX
  5
277
330
223
100
AcDbEntity
  8
1_ANYTOOL_1MMDEEP_LABELS_S
100
AcDbVertex
100
AcDb2dVertex
 10
139.5825753348294
 20
-2.253222656259176
 30
0.0
  0
VERTEX
  5
278
330
223
100
AcDbEntity
  8
1_ANYTOOL_1MMDEEP_LABELS_S
100
AcDbVertex
100
AcDb2dVertex
 10
139.7015625000079
 20
-2.381919642866364
 30
0.0
  0
VERTEX
  5
279
330
223
100
AcDbEntity
  8
1_ANYTOOL_1MMDEEP_LABELS_S
100
AcDbVertex
100
AcDb2dVertex
 10
139.8162806919722
 20
-2.513713727687822
 30
0.0
  0
VERTEX
  5
27A
330
223
100
AcDbEntity
  8
1_ANYTOOL_1MMDEEP_LABELS_S
100
AcDbVertex
100
AcDb2dVertex
 10
139.9267299107221
 20
-2.648604910723549
 30
0.0
  0
VERTEX
  5
27B
330
223
100
AcDbEntity
  8
1_ANYTOOL_1MMDEEP_LABELS_S
100
AcDbVertex
100
AcDb2dVertex
 10
140.0329101562579
 20
-2.786593191973544
 30
0.0
  0
VERTEX
  5
27C
330
223
100
AcDbEntity
  8
1_ANYTOOL_1MMDEEP_LABELS_S
100
AcDbVertex
100
AcDb2dVertex
 10
140.1348214285792
 20
-2.927678571437809
 30
0.0
  0
VERTEX
  5
27D
330
223
100
AcDbEntity
  8
1_ANYTOOL_1MMDEEP_LABELS_S
100
AcDbVertex
100
AcDb2dVertex
 10
140.2324637276864
 20
-3.071861049116343
 30
0.0
  0
VERTEX
  5
27E
330
223
100
AcDbEntity
  8
1_ANYTOOL_1MMDEEP_LABELS_S
100
AcDbVertex
100
AcDb2dVertex
 10
140.3258370535792
 20
-3.219140625009146
 30
0.0
  0
VERTEX
  5
27F
330
223
100
AcDbEntity
  8
1_ANYTOOL_1MMDEEP_LABELS_S
100
AcDbVertex
100
AcDb2dVertex
 10
140.4149414062577
 20
-3.369517299116218
 30
0.0
  0
VERTEX
  5
280
330
223
100
AcDbEntity
  8
1_ANYTOOL_1MMDEEP_LABELS_S
100
AcDbVertex
100
AcDb2dVertex
 10
140.499776785722
 20
-3.522991071437559
 30
0.0
  0
VERTEX
  5
281
330
223
100
AcDbEntity
  8
1_ANYTOOL_1MMDEEP_LABELS_S
100
AcDbVertex
100
AcDb2dVertex
 10
140.5803431919719
 20
-3.679561941973169
 30
0.0
  0
VERTEX
  5
282
330
223
100
AcDbEntity
  8
1_ANYTOOL_1MMDEEP_LABELS_S
100
AcDbVertex
100
AcDb2dVertex
 10
140.6566406250076
 20
-3.839229910723049
 30
0.0
  0
VERTEX
  5
283
330
223
100
AcDbEntity
  8
1_ANYTOOL_1MMDEEP_LABELS_S
100
AcDbVertex
100
AcDb2dVertex
 10
140.728669084829
 20
-4.001994977687197
 30
0.0
  0
VERTEX
  5
284
330
223
100
AcDbEntity
  8
1_ANYTOOL_1MMDEEP_LABELS_S
100
AcDbVertex
100
AcDb2dVertex
 10
140.7964285714361
 20
-4.167857142865614
 30
0.0
  0
VERTEX
  5
285
330
223
100
AcDbEntity
  8
1_ANYTOOL_1MMDEEP_LABELS_S
100
AcDbVertex
100
AcDb2dVertex
 10
140.8599190848289
 20
-4.336816406258301
 30
0.0
  0
VERTEX
  5
286
330
223
100
AcDbEntity
  8
1_ANYTOOL_1MMDEEP_LABELS_S
100
AcDbVertex
100
AcDb2dVertex
 10
140.9191406250074
 20
-4.508872767865256
 30
0.0
  0
VERTEX
  5
287
330
223
100
AcDbEntity
  8
1_ANYTOOL_1MMDEEP_LABELS_S
100
AcDbVertex
100
AcDb2dVertex
 10
140.9740931919717
 20
-4.684026227686481
 30
0.0
  0
VERTEX
  5
288
330
223
100
AcDbEntity
  8
1_ANYTOOL_1MMDEEP_LABELS_S
100
AcDbVertex
100
AcDb2dVertex
 10
141.0247767857216
 20
-4.862276785721974
 30
0.0
  0
VERTEX
  5
289
330
223
100
AcDbEntity
  8
1_ANYTOOL_1MMDEEP_LABELS_S
100
AcDbVertex
100
AcDb2dVertex
 10
141.0711914062572
 20
-5.043624441971737
 30
0.0
  0
VERTEX
  5
28A
330
223
100
AcDbEntity
  8
1_ANYTOOL_1MMDEEP_LABELS_S
100
AcDbVertex
100
AcDb2dVertex
 10
141.1133370535786
 20
-5.228069196435769
 30
0.0
  0
VERTEX
  5
28B
330
223
100
AcDbEntity
  8
1_ANYTOOL_1MMDEEP_LABELS_S
100
AcDbVertex
100
AcDb2dVertex
 10
141.1512137276857
 20
-5.415611049114069
 30
0.0
  0
VERTEX
  5
28C
330
223
100
AcDbEntity
  8
1_ANYTOOL_1MMDEEP_LABELS_S
100
AcDbVertex
100
AcDb2dVertex
 10
141.1848214285785
 20
-5.606250000006639
 30
0.0
  0
VERTEX
  5
28D
330
223
100
AcDbEntity
  8
1_ANYTOOL_1MMDEEP_LABELS_S
100
AcDbVertex
100
AcDb2dVertex
 10
141.214160156257
 20
-5.799986049113478
 30
0.0
  0
VERTEX
  5
28E
330
223
100
AcDbEntity
  8
1_ANYTOOL_1MMDEEP_LABELS_S
100
AcDbVertex
100
AcDb2dVertex
 10
141.2392299107212
 20
-5.996819196434586
 30
0.0
  0
VERTEX
  5
28F
330
223
100
AcDbEntity
  8
1_ANYTOOL_1MMDEEP_LABELS_S
100
AcDbVertex
100
AcDb2dVertex
 10
141.2600306919712
 20
-6.196749441969963
 30
0.0
  0
VERTEX
  5
290
330
223
100
AcDbEntity
  8
1_ANYTOOL_1MMDEEP_LABELS_S
100
AcDbVertex
100
AcDb2dVertex
 10
141.2765625000068
 20
-6.39977678571961
 30
0.0
  0
VERTEX
  5
291
330
223
100
AcDbEntity
  8
1_ANYTOOL_1MMDEEP_LABELS_S
100
AcDbVertex
100
AcDb2dVertex
 10
141.2888253348282
 20
-6.605901227683525
 30
0.0
  0
VERTEX
  5
292
330
223
100
AcDbEntity
  8
1_ANYTOOL_1MMDEEP_LABELS_S
100
AcDbVertex
100
AcDb2dVertex
 10
141.2968191964353
 20
-6.815122767861709
 30
0.0
  0
VERTEX
  5
293
330
223
100
AcDbEntity
  8
1_ANYTOOL_1MMDEEP_LABELS_S
100
AcDbVertex
100
AcDb2dVertex
 10
141.3005440848281
 20
-7.027441406254162
 30
0.0
  0
VERTEX
  5
294
330
223
100
AcDbEntity
  8
1_ANYTOOL_1MMDEEP_LABELS_S
100
AcDbVertex
100
AcDb2dVertex
 10
141.2954799107208
 20
-7.585881696432693
 30
0.0
  0
VERTEX
  5
295
330
223
100
AcDbEntity
  8
1_ANYTOOL_1MMDEEP_LABELS_S
100
AcDbVertex
100
AcDb2dVertex
 10
141.2819196428637
 20
-7.918526785718768
 30
0.0
  0
VERTEX
  5
296
330
223
100
AcDbEntity
  8
1_ANYTOOL_1MMDEEP_LABELS_S
100
AcDbVertex
100
AcDb2dVertex
 10
141.2593191964351
 20
-8.24079241071911
 30
0.0
  0
VERTEX
  5
297
330
223
100
AcDbEntity
  8
1_ANYTOOL_1MMDEEP_LABELS_S
100
AcDbVertex
100
AcDb2dVertex
 10
141.2276785714351
 20
-8.552678571433717
 30
0.0
  0
VERTEX
  5
298
330
223
100
AcDbEntity
  8
1_ANYTOOL_1MMDEEP_LABELS_S
100
AcDbVertex
100
AcDb2dVertex
 10
141.1869977678637
 20
-8.85418526786259
 30
0.0
  0
VERTEX
  5
299
330
223
100
AcDbEntity
  8
1_ANYTOOL_1MMDEEP_LABELS_S
100
AcDbVertex
100
AcDb2dVertex
 10
141.1632672991137
 20
-9.001046316969877
 30
0.0
  0
VERTEX
  5
29A
330
223
100
AcDbEntity
  8
1_ANYTOOL_1MMDEEP_LABELS_S
100
AcDbVertex
100
AcDb2dVertex
 10
141.1372767857209
 20
-9.14531250000573
 30
0.0
  0
VERTEX
  5
29B
330
223
100
AcDbEntity
  8
1_ANYTOOL_1MMDEEP_LABELS_S
100
AcDbVertex
100
AcDb2dVertex
 10
141.1090262276852
 20
-9.28698381697015
 30
0.0
  0
VERTEX
  5
29C
330
223
100
AcDbEntity
  8
1_ANYTOOL_1MMDEEP_LABELS_S
100
AcDbVertex
100
AcDb2dVertex
 10
141.0785156250066
 20
-9.426060267863136
 30
0.0
  0
VERTEX
  5
29D
330
223
100
AcDbEntity
  8
1_ANYTOOL_1MMDEEP_LABELS_S
100
AcDbVertex
100
AcDb2dVertex
 10
141.0457449776852
 20
-9.562541852684689
 30
0.0
  0
VERTEX
  5
29E
330
223
100
AcDbEntity
  8
1_ANYTOOL_1MMDEEP_LABELS_S
100
AcDbVertex
100
AcDb2dVertex
 10
141.010714285721
 20
-9.696428571434808
 30
0.0
  0
VERTEX
  5
29F
330
223
100
AcDbEntity
  8
1_ANYTOOL_1MMDEEP_LABELS_S
100
AcDbVertex
100
AcDb2dVertex
 10
140.9734235491138
 20
-9.827720424113494
 30
0.0
  0
VERTEX
  5
2A0
330
223
100
AcDbEntity
  8
1_ANYTOOL_1MMDEEP_LABELS_S
100
AcDbVertex
100
AcDb2dVertex
 10
140.9338727678638
 20
-9.956417410720746
 30
0.0
  0
VERTEX
  5
2A1
330
223
100
AcDbEntity
  8
1_ANYTOOL_1MMDEEP_LABELS_S
100
AcDbVertex
100
AcDb2dVertex
 10
140.892061941971
 20
-10.08251953125657
 30
0.0
  0
VERTEX
  5
2A2
330
223
100
AcDbEntity
  8
1_ANYTOOL_1MMDEEP_LABELS_S
100
AcDbVertex
100
AcDb2dVertex
 10
140.8479910714353
 20
-10.20602678572095
 30
0.0
  0
VERTEX
  5
2A3
330
223
100
AcDbEntity
  8
1_ANYTOOL_1MMDEEP_LABELS_S
100
AcDbVertex
100
AcDb2dVertex
 10
140.8016601562567
 20
-10.3269391741139
 30
0.0
  0
VERTEX
  5
2A4
330
223
100
AcDbEntity
  8
1_ANYTOOL_1MMDEEP_LABELS_S
100
AcDbVertex
100
AcDb2dVertex
 10
140.7530691964353
 20
-10.44525669643542
 30
0.0
  0
VERTEX
  5
2A5
330
223
100
AcDbEntity
  8
1_ANYTOOL_1MMDEEP_LABELS_S
100
AcDbVertex
100
AcDb2dVertex
 10
140.7022181919711
 20
-10.56097935268551
 30
0.0
  0
VERTEX
  5
2A6
330
223
100
AcDbEntity
  8
1_ANYTOOL_1MMDEEP_LABELS_S
100
AcDbVertex
100
AcDb2dVertex
 10
140.649107142864
 20
-10.67410714286416
 30
0.0
  0
VERTEX
  5
2A7
330
223
100
AcDbEntity
  8
1_ANYTOOL_1MMDEEP_LABELS_S
100
AcDbVertex
100
AcDb2dVertex
 10
140.593736049114
 20
-10.78464006697138
 30
0.0
  0
VERTEX
  5
2A8
330
223
100
AcDbEntity
  8
1_ANYTOOL_1MMDEEP_LABELS_S
100
AcDbVertex
100
AcDb2dVertex
 10
140.5361049107211
 20
-10.89257812500716
 30
0.0
  0
VERTEX
  5
2A9
330
223
100
AcDbEntity
  8
1_ANYTOOL_1MMDEEP_LABELS_S
100
AcDbVertex
100
AcDb2dVertex
 10
140.4762137276854
 20
-10.99792131697151
 30
0.0
  0
VERTEX
  5
2AA
330
223
100
AcDbEntity
  8
1_ANYTOOL_1MMDEEP_LABELS_S
100
AcDbVertex
100
AcDb2dVertex
 10
140.4140625000069
 20
-11.10066964286443
 30
0.0
  0
VERTEX
  5
2AB
330
223
100
AcDbEntity
  8
1_ANYTOOL_1MMDEEP_LABELS_S
100
AcDbVertex
100
AcDb2dVertex
 10
140.3496512276855
 20
-11.20082310268592
 30
0.0
  0
VERTEX
  5
2AC
330
223
100
AcDbEntity
  8
1_ANYTOOL_1MMDEEP_LABELS_S
100
AcDbVertex
100
AcDb2dVertex
 10
140.2829799107213
 20
-11.29838169643597
 30
0.0
  0
VERTEX
  5
2AD
330
223
100
AcDbEntity
  8
1_ANYTOOL_1MMDEEP_LABELS_S
100
AcDbVertex
100
AcDb2dVertex
 10
140.2140485491141
 20
-11.39334542411459
 30
0.0
  0
VERTEX
  5
2AE
330
223
100
AcDbEntity
  8
1_ANYTOOL_1MMDEEP_LABELS_S
100
AcDbVertex
100
AcDb2dVertex
 10
140.1428571428642
 20
-11.48571428572177
 30
0.0
  0
VERTEX
  5
2AF
330
223
100
AcDbEntity
  8
1_ANYTOOL_1MMDEEP_LABELS_S
100
AcDbVertex
100
AcDb2dVertex
 10
139.9960379464356
 20
-11.66450892857898
 30
0.0
  0
VERTEX
  5
2B0
330
223
100
AcDbEntity
  8
1_ANYTOOL_1MMDEEP_LABELS_S
100
AcDbVertex
100
AcDb2dVertex
 10
139.8448660714357
 20
-11.83660714286475
 30
0.0
  0
VERTEX
  5
2B1
330
223
100
AcDbEntity
  8
1_ANYTOOL_1MMDEEP_LABELS_S
100
AcDbVertex
100
AcDb2dVertex
 10
139.6893415178643
 20
-12.00200892857907
 30
0.0
  0
VERTEX
  5
2B2
330
223
100
AcDbEntity
  8
1_ANYTOOL_1MMDEEP_LABELS_S
100
AcDbVertex
100
AcDb2dVertex
 10
139.5294642857215
 20
-12.16071428572195
 30
0.0
  0
VERTEX
  5
2B3
330
223
100
AcDbEntity
  8
1_ANYTOOL_1MMDEEP_LABELS_S
100
AcDbVertex
100
AcDb2dVertex
 10
139.4478934151858
 20
-12.2375558035791
 30
0.0
  0
VERTEX
  5
2B4
330
223
100
AcDbEntity
  8
1_ANYTOOL_1MMDEEP_LABELS_S
100
AcDbVertex
100
AcDb2dVertex
 10
139.3652343750072
 20
-12.31272321429338
 30
0.0
  0
VERTEX
  5
2B5
330
223
100
AcDbEntity
  8
1_ANYTOOL_1MMDEEP_LABELS_S
100
AcDbVertex
100
AcDb2dVertex
 10
139.2814871651858
 20
-12.38621651786481
 30
0.0
  0
VERTEX
  5
2B6
330
223
100
AcDbEntity
  8
1_ANYTOOL_1MMDEEP_LABELS_S
100
AcDbVertex
100
AcDb2dVertex
 10
139.1966517857215
 20
-12.45803571429337
 30
0.0
  0
VERTEX
  5
2B7
330
223
100
AcDbEntity
  8
1_ANYTOOL_1MMDEEP_LABELS_S
100
AcDbVertex
100
AcDb2dVertex
 10
139.1107282366144
 20
-12.52818080357908
 30
0.0
  0
VERTEX
  5
2B8
330
223
100
AcDbEntity
  8
1_ANYTOOL_1MMDEEP_LABELS_S
100
AcDbVertex
100
AcDb2dVertex
 10
139.0237165178644
 20
-12.59665178572192
 30
0.0
  0
VERTEX
  5
2B9
330
223
100
AcDbEntity
  8
1_ANYTOOL_1MMDEEP_LABELS_S
100
AcDbVertex
100
AcDb2dVertex
 10
138.9356166294715
 20
-12.6634486607219
 30
0.0
  0
VERTEX
  5
2BA
330
223
100
AcDbEntity
  8
1_ANYTOOL_1MMDEEP_LABELS_S
100
AcDbVertex
100
AcDb2dVertex
 10
138.8464285714358
 20
-12.72857142857902
 30
0.0
  0
VERTEX
  5
2BB
330
223
100
AcDbEntity
  8
1_ANYTOOL_1MMDEEP_LABELS_S
100
AcDbVertex
100
AcDb2dVertex
 10
138.7561523437572
 20
-12.79202008929327
 30
0.0
  0
VERTEX
  5
2BC
330
223
100
AcDbEntity
  8
1_ANYTOOL_1MMDEEP_LABELS_S
100
AcDbVertex
100
AcDb2dVertex
 10
138.6647879464358
 20
-12.85379464286467
 30
0.0
  0
VERTEX
  5
2BD
330
223
100
AcDbEntity
  8
1_ANYTOOL_1MMDEEP_LABELS_S
100
AcDbVertex
100
AcDb2dVertex
 10
138.5723353794715
 20
-12.91389508929321
 30
0.0
  0
VERTEX
  5
2BE
330
223
100
AcDbEntity
  8
1_ANYTOOL_1MMDEEP_LABELS_S
100
AcDbVertex
100
AcDb2dVertex
 10
138.4787946428644
 20
-12.97232142857888
 30
0.0
  0
VERTEX
  5
2BF
330
223
100
AcDbEntity
  8
1_ANYTOOL_1MMDEEP_LABELS_S
100
AcDbVertex
100
AcDb2dVertex
 10
138.3841657366144
 20
-13.02907366072169
 30
0.0
  0
VERTEX
  5
2C0
330
223
100
AcDbEntity
  8
1_ANYTOOL_1MMDEEP_LABELS_S
100
AcDbVertex
100
AcDb2dVertex
 10
138.2884486607215
 20
-13.08415178572164
 30
0.0
  0
VERTEX
  5
2C1
330
223
100
AcDbEntity
  8
1_ANYTOOL_1MMDEEP_LABELS_S
100
AcDbVertex
100
AcDb2dVertex
 10
138.1916434151858
 20
-13.13755580357873
 30
0.0
  0
VERTEX
  5
2C2
330
223
100
AcDbEntity
  8
1_ANYTOOL_1MMDEEP_LABELS_S
100
AcDbVertex
100
AcDb2dVertex
 10
138.0937500000072
 20
-13.18928571429296
 30
0.0
  0
VERTEX
  5
2C3
330
223
100
AcDbEntity
  8
1_ANYTOOL_1MMDEEP_LABELS_S
100
AcDbVertex
100
AcDb2dVertex
 10
137.9947684151857
 20
-13.23934151786433
 30
0.0
  0
VERTEX
  5
2C4
330
223
100
AcDbEntity
  8
1_ANYTOOL_1MMDEEP_LABELS_S
100
AcDbVertex
100
AcDb2dVertex
 10
137.8946986607214
 20
-13.28772321429284
 30
0.0
  0
VERTEX
  5
2C5
330
223
100
AcDbEntity
  8
1_ANYTOOL_1MMDEEP_LABELS_S
100
AcDbVertex
100
AcDb2dVertex
 10
137.7935407366142
 20
-13.33443080357848
 30
0.0
  0
VERTEX
  5
2C6
330
223
100
AcDbEntity
  8
1_ANYTOOL_1MMDEEP_LABELS_S
100
AcDbVertex
100
AcDb2dVertex
 10
137.6912946428642
 20
-13.37946428572127
 30
0.0
  0
VERTEX
  5
2C7
330
223
100
AcDbEntity
  8
1_ANYTOOL_1MMDEEP_LABELS_S
100
AcDbVertex
100
AcDb2dVertex
 10
137.5879603794714
 20
-13.42282366072119
 30
0.0
  0
VERTEX
  5
2C8
330
223
100
AcDbEntity
  8
1_ANYTOOL_1MMDEEP_LABELS_S
100
AcDbVertex
100
AcDb2dVertex
 10
137.4835379464356
 20
-13.46450892857825
 30
0.0
  0
VERTEX
  5
2C9
330
223
100
AcDbEntity
  8
1_ANYTOOL_1MMDEEP_LABELS_S
100
AcDbVertex
100
AcDb2dVertex
 10
137.2714285714355
 20
-13.5428571428638
 30
0.0
  0
VERTEX
  5
2CA
330
223
100
AcDbEntity
  8
1_ANYTOOL_1MMDEEP_LABELS_S
100
AcDbVertex
100
AcDb2dVertex
 10
137.0559709821497
 20
-13.6156808035779
 30
0.0
  0
VERTEX
  5
2CB
330
223
100
AcDbEntity
  8
1_ANYTOOL_1MMDEEP_LABELS_S
100
AcDbVertex
100
AcDb2dVertex
 10
136.838169642864
 20
-13.68415178572059
 30
0.0
  0
VERTEX
  5
2CC
330
223
100
AcDbEntity
  8
1_ANYTOOL_1MMDEEP_LABELS_S
100
AcDbVertex
100
AcDb2dVertex
 10
136.6180245535782
 20
-13.74827008929185
 30
0.0
  0
VERTEX
  5
2CD
330
223
100
AcDbEntity
  8
1_ANYTOOL_1MMDEEP_LABELS_S
100
AcDbVertex
100
AcDb2dVertex
 10
136.3955357142925
 20
-13.80803571429169
 30
0.0
  0
VERTEX
  5
2CE
330
223
100
AcDbEntity
  8
1_ANYTOOL_1MMDEEP_LABELS_S
100
AcDbVertex
100
AcDb2dVertex
 10
136.1707031250067
 20
-13.86344866072011
 30
0.0
  0
VERTEX
  5
2CF
330
223
100
AcDbEntity
  8
1_ANYTOOL_1MMDEEP_LABELS_S
100
AcDbVertex
100
AcDb2dVertex
 10
135.943526785721
 20
-13.91450892857711
 30
0.0
  0
VERTEX
  5
2D0
330
223
100
AcDbEntity
  8
1_ANYTOOL_1MMDEEP_LABELS_S
100
AcDbVertex
100
AcDb2dVertex
 10
135.7140066964352
 20
-13.96121651786268
 30
0.0
  0
VERTEX
  5
2D1
330
223
100
AcDbEntity
  8
1_ANYTOOL_1MMDEEP_LABELS_S
100
AcDbVertex
100
AcDb2dVertex
 10
135.4821428571495
 20
-14.00357142857683
 30
0.0
  0
VERTEX
  5
2D2
330
223
100
AcDbEntity
  8
1_ANYTOOL_1MMDEEP_LABELS_S
100
AcDbVertex
100
AcDb2dVertex
 10
135.2479352678637
 20
-14.04157366071956
 30
0.0
  0
VERTEX
  5
2D3
330
223
100
AcDbEntity
  8
1_ANYTOOL_1MMDEEP_LABELS_S
100
AcDbVertex
100
AcDb2dVertex
 10
135.011383928578
 20
-14.07522321429087
 30
0.0
  0
VERTEX
  5
2D4
330
223
100
AcDbEntity
  8
1_ANYTOOL_1MMDEEP_LABELS_S
100
AcDbVertex
100
AcDb2dVertex
 10
134.7724888392923
 20
-14.10452008929076
 30
0.0
  0
VERTEX
  5
2D5
330
223
100
AcDbEntity
  8
1_ANYTOOL_1MMDEEP_LABELS_S
100
AcDbVertex
100
AcDb2dVertex
 10
134.5312500000066
 20
-14.12946428571922
 30
0.0
  0
VERTEX
  5
2D6
330
223
100
AcDbEntity
  8
1_ANYTOOL_1MMDEEP_LABELS_S
100
AcDbVertex
100
AcDb2dVertex
 10
134.2876674107209
 20
-14.15005580357627
 30
0.0
  0
VERTEX
  5
2D7
330
223
100
AcDbEntity
  8
1_ANYTOOL_1MMDEEP_LABELS_S
100
AcDbVertex
100
AcDb2dVertex
 10
134.0417410714352
 20
-14.16629464286189
 30
0.0
  0
VERTEX
  5
2D8
330
223
100
AcDbEntity
  8
1_ANYTOOL_1MMDEEP_LABELS_S
100
AcDbVertex
100
AcDb2dVertex
 10
133.7934709821495
 20
-14.17818080357608
 30
0.0
  0
VERTEX
  5
2D9
330
223
100
AcDbEntity
  8
1_ANYTOOL_1MMDEEP_LABELS_S
100
AcDbVertex
100
AcDb2dVertex
 10
133.5428571428638
 20
-14.18571428571886
 30
0.0
  0
VERTEX
  5
2DA
330
223
100
AcDbEntity
  8
1_ANYTOOL_1MMDEEP_LABELS_S
100
AcDbVertex
100
AcDb2dVertex
 10
129.8571428571504
 20
-14.22857142857538
 30
0.0
  0
SEQEND
  5
2DB
330
223
100
AcDbEntity
  8
1_ANYTOOL_1MMDEEP_LABELS_S
  0
LINE
  5
2DC
330
1F
100
AcDbEntity
  8
1_ANYTOOL_1MMDEEP_LABELS_S
100
AcDbLine
 10
163.0714285714366
 20
-0.4714285714362632
 30
0.0
 11
145.8857142857214
 21
-31.24285714286088
 31
0.0
  0
POLYLINE
  5
2DD
330
1F
100
AcDbEntity
  8
1_ANYTOOL_1MMDEEP_LABELS_S
100
AcDb2dPolyline
 66
     1
 10
0.0
 20
0.0
 30
0.0
 70
     1
  0
VERTEX
  5
2DE
330
2DD
100
AcDbEntity
  8
1_ANYTOOL_1MMDEEP_LABELS_S
100
AcDbVertex
100
AcDb2dVertex
 10
166.5000000000073
 20
-0.000000000007276
 30
0.0
  0
VERTEX
  5
2DF
330
2DD
100
AcDbEntity
  8
1_ANYTOOL_1MMDEEP_LABELS_S
100
AcDbVertex
100
AcDb2dVertex
 10
166.5000000000073
 20
-30.00000000000728
 30
0.0
  0
VERTEX
  5
2E0
330
2DD
100
AcDbEntity
  8
1_ANYTOOL_1MMDEEP_LABELS_S
100
AcDbVertex
100
AcDb2dVertex
 10
175.0285714285783
 20
-29.91428571429424
 30
0.0
  0
VERTEX
  5
2E1
330
2DD
100
AcDbEntity
  8
1_ANYTOOL_1MMDEEP_LABELS_S
100
AcDbVertex
100
AcDb2dVertex
 10
175.4398158482211
 20
-29.9041992187586
 30
0.0
  0
VERTEX
  5
2E2
330
2DD
100
AcDbEntity
  8
1_ANYTOOL_1MMDEEP_LABELS_S
100
AcDbVertex
100
AcDb2dVertex
 10
175.8431919642925
 20
-29.88465401786581
 30
0.0
  0
VERTEX
  5
2E3
330
2DD
100
AcDbEntity
  8
1_ANYTOOL_1MMDEEP_LABELS_S
100
AcDbVertex
100
AcDb2dVertex
 10
176.2386997767925
 20
-29.85565011161588
 30
0.0
  0
VERTEX
  5
2E4
330
2DD
100
AcDbEntity
  8
1_ANYTOOL_1MMDEEP_LABELS_S
100
AcDbVertex
100
AcDb2dVertex
 10
176.6263392857211
 20
-29.8171875000088
 30
0.0
  0
VERTEX
  5
2E5
330
2DD
100
AcDbEntity
  8
1_ANYTOOL_1MMDEEP_LABELS_S
100
AcDbVertex
100
AcDb2dVertex
 10
177.0061104910782
 20
-29.76926618304457
 30
0.0
  0
VERTEX
  5
2E6
330
2DD
100
AcDbEntity
  8
1_ANYTOOL_1MMDEEP_LABELS_S
100
AcDbVertex
100
AcDb2dVertex
 10
177.3780133928639
 20
-29.7118861607232
 30
0.0
  0
VERTEX
  5
2E7
330
2DD
100
AcDbEntity
  8
1_ANYTOOL_1MMDEEP_LABELS_S
100
AcDbVertex
100
AcDb2dVertex
 10
177.7420479910782
 20
-29.64504743304467
 30
0.0
  0
VERTEX
  5
2E8
330
2DD
100
AcDbEntity
  8
1_ANYTOOL_1MMDEEP_LABELS_S
100
AcDbVertex
100
AcDb2dVertex
 10
178.098214285721
 20
-29.568750000009
 30
0.0
  0
VERTEX
  5
2E9
330
2DD
100
AcDbEntity
  8
1_ANYTOOL_1MMDEEP_LABELS_S
100
AcDbVertex
100
AcDb2dVertex
 10
178.4465122767925
 20
-29.48299386161619
 30
0.0
  0
VERTEX
  5
2EA
330
2DD
100
AcDbEntity
  8
1_ANYTOOL_1MMDEEP_LABELS_S
100
AcDbVertex
100
AcDb2dVertex
 10
178.7869419642925
 20
-29.38777901786622
 30
0.0
  0
VERTEX
  5
2EB
330
2DD
100
AcDbEntity
  8
1_ANYTOOL_1MMDEEP_LABELS_S
100
AcDbVertex
100
AcDb2dVertex
 10
179.119503348221
 20
-29.28310546875911
 30
0.0
  0
VERTEX
  5
2EC
330
2DD
100
AcDbEntity
  8
1_ANYTOOL_1MMDEEP_LABELS_S
100
AcDbVertex
100
AcDb2dVertex
 10
179.4441964285782
 20
-29.16897321429485
 30
0.0
  0
VERTEX
  5
2ED
330
2DD
100
AcDbEntity
  8
1_ANYTOOL_1MMDEEP_LABELS_S
100
AcDbVertex
100
AcDb2dVertex
 10
179.7610212053639
 20
-29.04538225447345
 30
0.0
  0
VERTEX
  5
2EE
330
2DD
100
AcDbEntity
  8
1_ANYTOOL_1MMDEEP_LABELS_S
100
AcDbVertex
100
AcDb2dVertex
 10
179.9164829799174
 20
-28.98003976005381
 30
0.0
  0
VERTEX
  5
2EF
330
2DD
100
AcDbEntity
  8
1_ANYTOOL_1MMDEEP_LABELS_S
100
AcDbVertex
100
AcDb2dVertex
 10
180.0699776785781
 20
-28.91233258929489
 30
0.0
  0
VERTEX
  5
2F0
330
2DD
100
AcDbEntity
  8
1_ANYTOOL_1MMDEEP_LABELS_S
100
AcDbVertex
100
AcDb2dVertex
 10
180.221505301346
 20
-28.84226074219669
 30
0.0
  0
VERTEX
  5
2F1
330
2DD
100
AcDbEntity
  8
1_ANYTOOL_1MMDEEP_LABELS_S
100
AcDbVertex
100
AcDb2dVertex
 10
180.371065848221
 20
-28.76982421875919
 30
0.0
  0
VERTEX
  5
2F2
330
2DD
100
AcDbEntity
  8
1_ANYTOOL_1MMDEEP_LABELS_S
100
AcDbVertex
100
AcDb2dVertex
 10
180.5186593192032
 20
-28.69502301898241
 30
0.0
  0
VERTEX
  5
2F3
330
2DD
100
AcDbEntity
  8
1_ANYTOOL_1MMDEEP_LABELS_S
100
AcDbVertex
100
AcDb2dVertex
 10
180.6642857142924
 20
-28.61785714286634
 30
0.0
  0
VERTEX
  5
2F4
330
2DD
100
AcDbEntity
  8
1_ANYTOOL_1MMDEEP_LABELS_S
100
AcDbVertex
100
AcDb2dVertex
 10
180.8079450334889
 20
-28.53832659041099
 30
0.0
  0
VERTEX
  5
2F5
330
2DD
100
AcDbEntity
  8
1_ANYTOOL_1MMDEEP_LABELS_S
100
AcDbVertex
100
AcDb2dVertex
 10
180.9496372767924
 20
-28.45643136161635
 30
0.0
  0
VERTEX
  5
2F6
330
2DD
100
AcDbEntity
  8
1_ANYTOOL_1MMDEEP_LABELS_S
100
AcDbVertex
100
AcDb2dVertex
 10
181.0893624442031
 20
-28.37217145648242
 30
0.0
  0
VERTEX
  5
2F7
330
2DD
100
AcDbEntity
  8
1_ANYTOOL_1MMDEEP_LABELS_S
100
AcDbVertex
100
AcDb2dVertex
 10
181.227120535721
 20
-28.2855468750092
 30
0.0
  0
VERTEX
  5
2F8
330
2DD
100
AcDbEntity
  8
1_ANYTOOL_1MMDEEP_LABELS_S
100
AcDbVertex
100
AcDb2dVertex
 10
181.362911551346
 20
-28.1965576171967
 30
0.0
  0
VERTEX
  5
2F9
330
2DD
100
AcDbEntity
  8
1_ANYTOOL_1MMDEEP_LABELS_S
100
AcDbVertex
100
AcDb2dVertex
 10
181.4967354910781
 20
-28.10520368304491
 30
0.0
  0
VERTEX
  5
2FA
330
2DD
100
AcDbEntity
  8
1_ANYTOOL_1MMDEEP_LABELS_S
100
AcDbVertex
100
AcDb2dVertex
 10
181.6285923549174
 20
-28.01148507255384
 30
0.0
  0
VERTEX
  5
2FB
330
2DD
100
AcDbEntity
  8
1_ANYTOOL_1MMDEEP_LABELS_S
100
AcDbVertex
100
AcDb2dVertex
 10
181.7584821428638
 20
-27.91540178572347
 30
0.0
  0
VERTEX
  5
2FC
330
2DD
100
AcDbEntity
  8
1_ANYTOOL_1MMDEEP_LABELS_S
100
AcDbVertex
100
AcDb2dVertex
 10
181.8864048549174
 20
-27.81695382255383
 30
0.0
  0
VERTEX
  5
2FD
330
2DD
100
AcDbEntity
  8
1_ANYTOOL_1MMDEEP_LABELS_S
100
AcDbVertex
100
AcDb2dVertex
 10
182.0123604910781
 20
-27.71614118304489
 30
0.0
  0
VERTEX
  5
2FE
330
2DD
100
AcDbEntity
  8
1_ANYTOOL_1MMDEEP_LABELS_S
100
AcDbVertex
100
AcDb2dVertex
 10
182.136349051346
 20
-27.61296386719667
 30
0.0
  0
VERTEX
  5
2FF
330
2DD
100
AcDbEntity
  8
1_ANYTOOL_1MMDEEP_LABELS_S
100
AcDbVertex
100
AcDb2dVertex
 10
182.258370535721
 20
-27.50742187500916
 30
0.0
  0
VERTEX
  5
300
330
2DD
100
AcDbEntity
  8
1_ANYTOOL_1MMDEEP_LABELS_S
100
AcDbVertex
100
AcDb2dVertex
 10
182.3784249442031
 20
-27.39951520648236
 30
0.0
  0
VERTEX
  5
301
330
2DD
100
AcDbEntity
  8
1_ANYTOOL_1MMDEEP_LABELS_S
100
AcDbVertex
100
AcDb2dVertex
 10
182.4965122767924
 20
-27.28924386161628
 30
0.0
  0
VERTEX
  5
302
330
2DD
100
AcDbEntity
  8
1_ANYTOOL_1MMDEEP_LABELS_S
100
AcDbVertex
100
AcDb2dVertex
 10
182.6126325334889
 20
-27.17660784041091
 30
0.0
  0
VERTEX
  5
303
330
2DD
100
AcDbEntity
  8
1_ANYTOOL_1MMDEEP_LABELS_S
100
AcDbVertex
100
AcDb2dVertex
 10
182.7267857142924
 20
-27.06160714286625
 30
0.0
  0
VERTEX
  5
304
330
2DD
100
AcDbEntity
  8
1_ANYTOOL_1MMDEEP_LABELS_S
100
AcDbVertex
100
AcDb2dVertex
 10
182.8389718192032
 20
-26.94424176898231
 30
0.0
  0
VERTEX
  5
305
330
2DD
100
AcDbEntity
  8
1_ANYTOOL_1MMDEEP_LABELS_S
100
AcDbVertex
100
AcDb2dVertex
 10
182.949190848221
 20
-26.82451171875908
 30
0.0
  0
VERTEX
  5
306
330
2DD
100
AcDbEntity
  8
1_ANYTOOL_1MMDEEP_LABELS_S
100
AcDbVertex
100
AcDb2dVertex
 10
183.057442801346
 20
-26.70241699219656
 30
0.0
  0
VERTEX
  5
307
330
2DD
100
AcDbEntity
  8
1_ANYTOOL_1MMDEEP_LABELS_S
100
AcDbVertex
100
AcDb2dVertex
 10
183.1637276785781
 20
-26.57795758929475
 30
0.0
  0
VERTEX
  5
308
330
2DD
100
AcDbEntity
  8
1_ANYTOOL_1MMDEEP_LABELS_S
100
AcDbVertex
100
AcDb2dVertex
 10
183.2680454799174
 20
-26.45113351005367
 30
0.0
  0
VERTEX
  5
309
330
2DD
100
AcDbEntity
  8
1_ANYTOOL_1MMDEEP_LABELS_S
100
AcDbVertex
100
AcDb2dVertex
 10
183.3703962053639
 20
-26.32194475447329
 30
0.0
  0
VERTEX
  5
30A
330
2DD
100
AcDbEntity
  8
1_ANYTOOL_1MMDEEP_LABELS_S
100
AcDbVertex
100
AcDb2dVertex
 10
183.4707798549175
 20
-26.19039132255362
 30
0.0
  0
VERTEX
  5
30B
330
2DD
100
AcDbEntity
  8
1_ANYTOOL_1MMDEEP_LABELS_S
100
AcDbVertex
100
AcDb2dVertex
 10
183.5691964285782
 20
-26.05647321429467
 30
0.0
  0
VERTEX
  5
30C
330
2DD
100
AcDbEntity
  8
1_ANYTOOL_1MMDEEP_LABELS_S
100
AcDbVertex
100
AcDb2dVertex
 10
183.665645926346
 20
-25.92019042969643
 30
0.0
  0
VERTEX
  5
30D
330
2DD
100
AcDbEntity
  8
1_ANYTOOL_1MMDEEP_LABELS_S
100
AcDbVertex
100
AcDb2dVertex
 10
183.760128348221
 20
-25.78154296875891
 30
0.0
  0
VERTEX
  5
30E
330
2DD
100
AcDbEntity
  8
1_ANYTOOL_1MMDEEP_LABELS_S
100
AcDbVertex
100
AcDb2dVertex
 10
183.9431919642925
 20
-25.497154017866
 30
0.0
  0
VERTEX
  5
30F
330
2DD
100
AcDbEntity
  8
1_ANYTOOL_1MMDEEP_LABELS_S
100
AcDbVertex
100
AcDb2dVertex
 10
184.1183872767925
 20
-25.20330636161594
 30
0.0
  0
VERTEX
  5
310
330
2DD
100
AcDbEntity
  8
1_ANYTOOL_1MMDEEP_LABELS_S
100
AcDbVertex
100
AcDb2dVertex
 10
184.285714285721
 20
-24.90000000000873
 30
0.0
  0
VERTEX
  5
311
330
2DD
100
AcDbEntity
  8
1_ANYTOOL_1MMDEEP_LABELS_S
100
AcDbVertex
100
AcDb2dVertex
 10
184.6022879464354
 20
-24.28108258929433
 30
0.0
  0
VERTEX
  5
312
330
2DD
100
AcDbEntity
  8
1_ANYTOOL_1MMDEEP_LABELS_S
100
AcDbVertex
100
AcDb2dVertex
 10
184.8984375000068
 20
-23.65647321429424
 30
0.0
  0
VERTEX
  5
313
330
2DD
100
AcDbEntity
  8
1_ANYTOOL_1MMDEEP_LABELS_S
100
AcDbVertex
100
AcDb2dVertex
 10
185.1741629464354
 20
-23.02617187500846
 30
0.0
  0
VERTEX
  5
314
330
2DD
100
AcDbEntity
  8
1_ANYTOOL_1MMDEEP_LABELS_S
100
AcDbVertex
100
AcDb2dVertex
 10
185.4294642857211
 20
-22.39017857143699
 30
0.0
  0
VERTEX
  5
315
330
2DD
100
AcDbEntity
  8
1_ANYTOOL_1MMDEEP_LABELS_S
100
AcDbVertex
100
AcDb2dVertex
 10
185.664341517864
 20
-21.74849330357983
 30
0.0
  0
VERTEX
  5
316
330
2DD
100
AcDbEntity
  8
1_ANYTOOL_1MMDEEP_LABELS_S
100
AcDbVertex
100
AcDb2dVertex
 10
185.878794642864
 20
-21.10111607143699
 30
0.0
  0
VERTEX
  5
317
330
2DD
100
AcDbEntity
  8
1_ANYTOOL_1MMDEEP_LABELS_S
100
AcDbVertex
100
AcDb2dVertex
 10
186.0728236607212
 20
-20.44804687500846
 30
0.0
  0
VERTEX
  5
318
330
2DD
100
AcDbEntity
  8
1_ANYTOOL_1MMDEEP_LABELS_S
100
AcDbVertex
100
AcDb2dVertex
 10
186.2464285714354
 20
-19.78928571429424
 30
0.0
  0
VERTEX
  5
319
330
2DD
100
AcDbEntity
  8
1_ANYTOOL_1MMDEEP_LABELS_S
100
AcDbVertex
100
AcDb2dVertex
 10
186.3996093750069
 20
-19.12483258929433
 30
0.0
  0
VERTEX
  5
31A
330
2DD
100
AcDbEntity
  8
1_ANYTOOL_1MMDEEP_LABELS_S
100
AcDbVertex
100
AcDb2dVertex
 10
186.5323660714355
 20
-18.45468750000873
 30
0.0
  0
VERTEX
  5
31B
330
2DD
100
AcDbEntity
  8
1_ANYTOOL_1MMDEEP_LABELS_S
100
AcDbVertex
100
AcDb2dVertex
 10
186.6446986607212
 20
-17.77885044643745
 30
0.0
  0
VERTEX
  5
31C
330
2DD
100
AcDbEntity
  8
1_ANYTOOL_1MMDEEP_LABELS_S
100
AcDbVertex
100
AcDb2dVertex
 10
186.736607142864
 20
-17.09732142858047
 30
0.0
  0
VERTEX
  5
31D
330
2DD
100
AcDbEntity
  8
1_ANYTOOL_1MMDEEP_LABELS_S
100
AcDbVertex
100
AcDb2dVertex
 10
186.8080915178641
 20
-16.41010044643781
 30
0.0
  0
VERTEX
  5
31E
330
2DD
100
AcDbEntity
  8
1_ANYTOOL_1MMDEEP_LABELS_S
100
AcDbVertex
100
AcDb2dVertex
 10
186.8591517857212
 20
-15.71718750000946
 30
0.0
  0
VERTEX
  5
31F
330
2DD
100
AcDbEntity
  8
1_ANYTOOL_1MMDEEP_LABELS_S
100
AcDbVertex
100
AcDb2dVertex
 10
186.8897879464355
 20
-15.01858258929542
 30
0.0
  0
VERTEX
  5
320
330
2DD
100
AcDbEntity
  8
1_ANYTOOL_1MMDEEP_LABELS_S
100
AcDbVertex
100
AcDb2dVertex
 10
186.9000000000069
 20
-14.31428571429569
 30
0.0
  0
VERTEX
  5
321
330
2DD
100
AcDbEntity
  8
1_ANYTOOL_1MMDEEP_LABELS_S
100
AcDbVertex
100
AcDb2dVertex
 10
186.8902901785783
 20
-13.71729910715248
 30
0.0
  0
VERTEX
  5
322
330
2DD
100
AcDbEntity
  8
1_ANYTOOL_1MMDEEP_LABELS_S
100
AcDbVertex
100
AcDb2dVertex
 10
186.8611607142926
 20
-13.12633928572359
 30
0.0
  0
VERTEX
  5
323
330
2DD
100
AcDbEntity
  8
1_ANYTOOL_1MMDEEP_LABELS_S
100
AcDbVertex
100
AcDb2dVertex
 10
186.8126116071498
 20
-12.541406250009
 30
0.0
  0
VERTEX
  5
324
330
2DD
100
AcDbEntity
  8
1_ANYTOOL_1MMDEEP_LABELS_S
100
AcDbVertex
100
AcDb2dVertex
 10
186.7446428571498
 20
-11.96250000000873
 30
0.0
  0
VERTEX
  5
325
330
2DD
100
AcDbEntity
  8
1_ANYTOOL_1MMDEEP_LABELS_S
100
AcDbVertex
100
AcDb2dVertex
 10
186.6572544642926
 20
-11.38962053572277
 30
0.0
  0
VERTEX
  5
326
330
2DD
100
AcDbEntity
  8
1_ANYTOOL_1MMDEEP_LABELS_S
100
AcDbVertex
100
AcDb2dVertex
 10
186.6062779017926
 20
-11.10544084822266
 30
0.0
  0
VERTEX
  5
327
330
2DD
100
AcDbEntity
  8
1_ANYTOOL_1MMDEEP_LABELS_S
100
AcDbVertex
100
AcDb2dVertex
 10
186.5504464285783
 20
-10.82276785715112
 30
0.0
  0
VERTEX
  5
328
330
2DD
100
AcDbEntity
  8
1_ANYTOOL_1MMDEEP_LABELS_S
100
AcDbVertex
100
AcDb2dVertex
 10
186.4897600446498
 20
-10.54160156250816
 30
0.0
  0
VERTEX
  5
329
330
2DD
100
AcDbEntity
  8
1_ANYTOOL_1MMDEEP_LABELS_S
100
AcDbVertex
100
AcDb2dVertex
 10
186.4242187500069
 20
-10.26194196429378
 30
0.0
  0
VERTEX
  5
32A
330
2DD
100
AcDbEntity
  8
1_ANYTOOL_1MMDEEP_LABELS_S
100
AcDbVertex
100
AcDb2dVertex
 10
186.3538225446497
 20
-9.98378906250798
 30
0.0
  0
VERTEX
  5
32B
330
2DD
100
AcDbEntity
  8
1_ANYTOOL_1MMDEEP_LABELS_S
100
AcDbVertex
100
AcDb2dVertex
 10
186.2785714285783
 20
-9.707142857150757
 30
0.0
  0
VERTEX
  5
32C
330
2DD
100
AcDbEntity
  8
1_ANYTOOL_1MMDEEP_LABELS_S
100
AcDbVertex
100
AcDb2dVertex
 10
186.1984654017926
 20
-9.43200334822211
 30
0.0
  0
VERTEX
  5
32D
330
2DD
100
AcDbEntity
  8
1_ANYTOOL_1MMDEEP_LABELS_S
100
AcDbVertex
100
AcDb2dVertex
 10
186.1135044642926
 20
-9.158370535722042
 30
0.0
  0
VERTEX
  5
32E
330
2DD
100
AcDbEntity
  8
1_ANYTOOL_1MMDEEP_LABELS_S
100
AcDbVertex
100
AcDb2dVertex
 10
186.0236886160783
 20
-8.886244419650552
 30
0.0
  0
VERTEX
  5
32F
330
2DD
100
AcDbEntity
  8
1_ANYTOOL_1MMDEEP_LABELS_S
100
AcDbVertex
100
AcDb2dVertex
 10
185.9290178571497
 20
-8.61562500000764
 30
0.0
  0
VERTEX
  5
330
330
2DD
100
AcDbEntity
  8
1_ANYTOOL_1MMDEEP_LABELS_S
100
AcDbVertex
100
AcDb2dVertex
 10
185.8294921875068
 20
-8.346512276793305
 30
0.0
  0
VERTEX
  5
331
330
2DD
100
AcDbEntity
  8
1_ANYTOOL_1MMDEEP_LABELS_S
100
AcDbVertex
100
AcDb2dVertex
 10
185.7251116071497
 20
-8.078906250007549
 30
0.0
  0
VERTEX
  5
332
330
2DD
100
AcDbEntity
  8
1_ANYTOOL_1MMDEEP_LABELS_S
100
AcDbVertex
100
AcDb2dVertex
 10
185.6158761160782
 20
-7.81280691965037
 30
0.0
  0
VERTEX
  5
333
330
2DD
100
AcDbEntity
  8
1_ANYTOOL_1MMDEEP_LABELS_S
100
AcDbVertex
100
AcDb2dVertex
 10
185.5017857142925
 20
-7.54821428572177
 30
0.0
  0
VERTEX
  5
334
330
2DD
100
AcDbEntity
  8
1_ANYTOOL_1MMDEEP_LABELS_S
100
AcDbVertex
100
AcDb2dVertex
 10
185.2590401785782
 20
-7.023549107150302
 30
0.0
  0
VERTEX
  5
335
330
2DD
100
AcDbEntity
  8
1_ANYTOOL_1MMDEEP_LABELS_S
100
AcDbVertex
100
AcDb2dVertex
 10
184.9968750000068
 20
-6.504910714293146
 30
0.0
  0
VERTEX
  5
336
330
2DD
100
AcDbEntity
  8
1_ANYTOOL_1MMDEEP_LABELS_S
100
AcDbVertex
100
AcDb2dVertex
 10
184.7152901785782
 20
-5.992299107150302
 30
0.0
  0
VERTEX
  5
337
330
2DD
100
AcDbEntity
  8
1_ANYTOOL_1MMDEEP_LABELS_S
100
AcDbVertex
100
AcDb2dVertex
 10
184.4142857142924
 20
-5.48571428572177
 30
0.0
  0
VERTEX
  5
338
330
2DD
100
AcDbEntity
  8
1_ANYTOOL_1MMDEEP_LABELS_S
100
AcDbVertex
100
AcDb2dVertex
 10
184.2197126116139
 20
-5.17964564732889
 30
0.0
  0
VERTEX
  5
339
330
2DD
100
AcDbEntity
  8
1_ANYTOOL_1MMDEEP_LABELS_S
100
AcDbVertex
100
AcDb2dVertex
 10
184.0217075892926
 20
-4.882868303578874
 30
0.0
  0
VERTEX
  5
33A
330
2DD
100
AcDbEntity
  8
1_ANYTOOL_1MMDEEP_LABELS_S
100
AcDbVertex
100
AcDb2dVertex
 10
183.8202706473284
 20
-4.595382254471723
 30
0.0
  0
VERTEX
  5
33B
330
2DD
100
AcDbEntity
  8
1_ANYTOOL_1MMDEEP_LABELS_S
100
AcDbVertex
100
AcDb2dVertex
 10
183.6154017857213
 20
-4.317187500007435
 30
0.0
  0
VERTEX
  5
33C
330
2DD
100
AcDbEntity
  8
1_ANYTOOL_1MMDEEP_LABELS_S
100
AcDbVertex
100
AcDb2dVertex
 10
183.4071010044713
 20
-4.048284040186012
 30
0.0
  0
VERTEX
  5
33D
330
2DD
100
AcDbEntity
  8
1_ANYTOOL_1MMDEEP_LABELS_S
100
AcDbVertex
100
AcDb2dVertex
 10
183.1953683035786
 20
-3.788671875007452
 30
0.0
  0
VERTEX
  5
33E
330
2DD
100
AcDbEntity
  8
1_ANYTOOL_1MMDEEP_LABELS_S
100
AcDbVertex
100
AcDb2dVertex
 10
182.9802036830429
 20
-3.538351004471757
 30
0.0
  0
VERTEX
  5
33F
330
2DD
100
AcDbEntity
  8
1_ANYTOOL_1MMDEEP_LABELS_S
100
AcDbVertex
100
AcDb2dVertex
 10
182.7616071428644
 20
-3.297321428578925
 30
0.0
  0
VERTEX
  5
340
330
2DD
100
AcDbEntity
  8
1_ANYTOOL_1MMDEEP_LABELS_S
100
AcDbVertex
100
AcDb2dVertex
 10
182.539578683043
 20
-3.065583147328958
 30
0.0
  0
VERTEX
  5
341
330
2DD
100
AcDbEntity
  8
1_ANYTOOL_1MMDEEP_LABELS_S
100
AcDbVertex
100
AcDb2dVertex
 10
182.3141183035788
 20
-2.843136160721855
 30
0.0
  0
VERTEX
  5
342
330
2DD
100
AcDbEntity
  8
1_ANYTOOL_1MMDEEP_LABELS_S
100
AcDbVertex
100
AcDb2dVertex
 10
182.0852260044717
 20
-2.629980468757616
 30
0.0
  0
VERTEX
  5
343
330
2DD
100
AcDbEntity
  8
1_ANYTOOL_1MMDEEP_LABELS_S
100
AcDbVertex
100
AcDb2dVertex
 10
181.8529017857217
 20
-2.42611607143624
 30
0.0
  0
VERTEX
  5
344
330
2DD
100
AcDbEntity
  8
1_ANYTOOL_1MMDEEP_LABELS_S
100
AcDbVertex
100
AcDb2dVertex
 10
181.6171456473288
 20
-2.231542968757729
 30
0.0
  0
VERTEX
  5
345
330
2DD
100
AcDbEntity
  8
1_ANYTOOL_1MMDEEP_LABELS_S
100
AcDbVertex
100
AcDb2dVertex
 10
181.3779575892932
 20
-2.046261160722082
 30
0.0
  0
VERTEX
  5
346
330
2DD
100
AcDbEntity
  8
1_ANYTOOL_1MMDEEP_LABELS_S
100
AcDbVertex
100
AcDb2dVertex
 10
181.1353376116147
 20
-1.870270647329299
 30
0.0
  0
VERTEX
  5
347
330
2DD
100
AcDbEntity
  8
1_ANYTOOL_1MMDEEP_LABELS_S
100
AcDbVertex
100
AcDb2dVertex
 10
180.8892857142932
 20
-1.70357142857938
 30
0.0
  0
VERTEX
  5
348
330
2DD
100
AcDbEntity
  8
1_ANYTOOL_1MMDEEP_LABELS_S
100
AcDbVertex
100
AcDb2dVertex
 10
180.639801897329
 20
-1.546163504472325
 30
0.0
  0
VERTEX
  5
349
330
2DD
100
AcDbEntity
  8
1_ANYTOOL_1MMDEEP_LABELS_S
100
AcDbVertex
100
AcDb2dVertex
 10
180.3868861607218
 20
-1.398046875008134
 30
0.0
  0
VERTEX
  5
34A
330
2DD
100
AcDbEntity
  8
1_ANYTOOL_1MMDEEP_LABELS_S
100
AcDbVertex
100
AcDb2dVertex
 10
180.1305385044718
 20
-1.259221540186807
 30
0.0
  0
VERTEX
  5
34B
330
2DD
100
AcDbEntity
  8
1_ANYTOOL_1MMDEEP_LABELS_S
100
AcDbVertex
100
AcDb2dVertex
 10
179.870758928579
 20
-1.129687500008345
 30
0.0
  0
VERTEX
  5
34C
330
2DD
100
AcDbEntity
  8
1_ANYTOOL_1MMDEEP_LABELS_S
100
AcDbVertex
100
AcDb2dVertex
 10
179.6075474330434
 20
-1.009444754472746
 30
0.0
  0
VERTEX
  5
34D
330
2DD
100
AcDbEntity
  8
1_ANYTOOL_1MMDEEP_LABELS_S
100
AcDbVertex
100
AcDb2dVertex
 10
179.3409040178648
 20
-0.8984933035800111
 30
0.0
  0
VERTEX
  5
34E
330
2DD
100
AcDbEntity
  8
1_ANYTOOL_1MMDEEP_LABELS_S
100
AcDbVertex
100
AcDb2dVertex
 10
179.0708286830433
 20
-0.7968331473301404
 30
0.0
  0
VERTEX
  5
34F
330
2DD
100
AcDbEntity
  8
1_ANYTOOL_1MMDEEP_LABELS_S
100
AcDbVertex
100
AcDb2dVertex
 10
178.797321428579
 20
-0.7044642857231338
 30
0.0
  0
VERTEX
  5
350
330
2DD
100
AcDbEntity
  8
1_ANYTOOL_1MMDEEP_LABELS_S
100
AcDbVertex
100
AcDb2dVertex
 10
178.5203822544719
 20
-0.6213867187589912
 30
0.0
  0
VERTEX
  5
351
330
2DD
100
AcDbEntity
  8
1_ANYTOOL_1MMDEEP_LABELS_S
100
AcDbVertex
100
AcDb2dVertex
 10
178.2400111607219
 20
-0.5476004464377127
 30
0.0
  0
VERTEX
  5
352
330
2DD
100
AcDbEntity
  8
1_ANYTOOL_1MMDEEP_LABELS_S
100
AcDbVertex
100
AcDb2dVertex
 10
177.956208147329
 20
-0.4831054687592982
 30
0.0
  0
VERTEX
  5
353
330
2DD
100
AcDbEntity
  8
1_ANYTOOL_1MMDEEP_LABELS_S
100
AcDbVertex
100
AcDb2dVertex
 10
177.6689732142933
 20
-0.4279017857237477
 30
0.0
  0
VERTEX
  5
354
330
2DD
100
AcDbEntity
  8
1_ANYTOOL_1MMDEEP_LABELS_S
100
AcDbVertex
100
AcDb2dVertex
 10
177.3783063616147
 20
-0.3819893973310613
 30
0.0
  0
VERTEX
  5
355
330
2DD
100
AcDbEntity
  8
1_ANYTOOL_1MMDEEP_LABELS_S
100
AcDbVertex
100
AcDb2dVertex
 10
177.0842075892932
 20
-0.3453683035812389
 30
0.0
  0
VERTEX
  5
356
330
2DD
100
AcDbEntity
  8
1_ANYTOOL_1MMDEEP_LABELS_S
100
AcDbVertex
100
AcDb2dVertex
 10
176.7866768973289
 20
-0.3180385044742806
 30
0.0
  0
VERTEX
  5
357
330
2DD
100
AcDbEntity
  8
1_ANYTOOL_1MMDEEP_LABELS_S
100
AcDbVertex
100
AcDb2dVertex
 10
176.4857142857218
 20
-0.3000000000101863
 30
0.0
  0
VERTEX
  5
358
330
2DD
100
AcDbEntity
  8
1_ANYTOOL_1MMDEEP_LABELS_S
100
AcDbVertex
100
AcDb2dVertex
 10
171.5892857142926
 20
-0.0964285714362632
 30
0.0
  0
SEQEND
  5
359
330
2DD
100
AcDbEntity
  8
1_ANYTOOL_1MMDEEP_LABELS_S
  0
POLYLINE
  5
35B
330
1F
100
AcDbEntity
  8
3_ANYTOOL_CUTTHROUGH_INSID
100
AcDb2dPolyline
 66
     1
 10
0.0
 20
0.0
 30
0.0000000003417426
 70
     1
  0
VERTEX
  5
35C
330
35B
100
AcDbEntity
  8
3_ANYTOOL_CUTTHROUGH_INSID
100
AcDbVertex
100
AcDb2dVertex
 10
-248.0178582198987
 20
84.16638987009355
 30
0.0000000003417426
  0
VERTEX
  5
35D
330
35B
100
AcDbEntity
  8
3_ANYTOOL_CUTTHROUGH_INSID
100
AcDbVertex
100
AcDb2dVertex
 10
-273.758207130455
 20
84.16638987042096
 30
0.0000000003417426
  0
VERTEX
  5
35E
330
35B
100
AcDbEntity
  8
3_ANYTOOL_CUTTHROUGH_INSID
100
AcDbVertex
100
AcDb2dVertex
 10
-273.8559969091439
 20
84.16505401616114
 30
0.0000000003417426
  0
VERTEX
  5
35F
330
35B
100
AcDbEntity
  8
3_ANYTOOL_CUTTHROUGH_INSID
100
AcDbVertex
100
AcDb2dVertex
 10
-273.953715490876
 20
84.16104866270143
 30
0.0000000003417426
  0
VERTEX
  5
360
330
35B
100
AcDbEntity
  8
3_ANYTOOL_CUTTHROUGH_INSID
100
AcDbVertex
100
AcDb2dVertex
 10
-274.0512887308632
 20
84.15437712402152
 30
0.0000000003417426
  0
VERTEX
  5
361
330
35B
100
AcDbEntity
  8
3_ANYTOOL_CUTTHROUGH_INSID
100
AcDbVertex
100
AcDb2dVertex
 10
-274.1486424843174
 20
84.14504271410104
 30
0.0000000003417426
  0
VERTEX
  5
362
330
35B
100
AcDbEntity
  8
3_ANYTOOL_CUTTHROUGH_INSID
100
AcDbVertex
100
AcDb2dVertex
 10
-274.2457026064507
 20
84.1330487469197
 30
0.0000000003417426
  0
VERTEX
  5
363
330
35B
100
AcDbEntity
  8
3_ANYTOOL_CUTTHROUGH_INSID
100
AcDbVertex
100
AcDb2dVertex
 10
-274.3423949524748
 20
84.11839853645714
 30
0.0000000003417426
  0
VERTEX
  5
364
330
35B
100
AcDbEntity
  8
3_ANYTOOL_CUTTHROUGH_INSID
100
AcDbVertex
100
AcDb2dVertex
 10
-274.4386453776017
 20
84.10109539669301
 30
0.0000000003417426
  0
VERTEX
  5
365
330
35B
100
AcDbEntity
  8
3_ANYTOOL_CUTTHROUGH_INSID
100
AcDbVertex
100
AcDb2dVertex
 10
-274.5343797370434
 20
84.08114264160702
 30
0.0000000003417426
  0
VERTEX
  5
366
330
35B
100
AcDbEntity
  8
3_ANYTOOL_CUTTHROUGH_INSID
100
AcDbVertex
100
AcDb2dVertex
 10
-274.634215430377
 20
84.05736280547023
 30
0.0000000003417426
  0
VERTEX
  5
367
330
35B
100
AcDbEntity
  8
3_ANYTOOL_CUTTHROUGH_INSID
100
AcDbVertex
100
AcDb2dVertex
 10
-274.7333246692126
 20
84.0307069650321
 30
0.0000000003417426
  0
VERTEX
  5
368
330
35B
100
AcDbEntity
  8
3_ANYTOOL_CUTTHROUGH_INSID
100
AcDbVertex
100
AcDb2dVertex
 10
-274.8316310474005
 20
84.00121370984223
 30
0.0000000003417426
  0
VERTEX
  5
369
330
35B
100
AcDbEntity
  8
3_ANYTOOL_CUTTHROUGH_INSID
100
AcDbVertex
100
AcDb2dVertex
 10
-274.9290581587908
 20
83.96892162945028
 30
0.0000000003417426
  0
VERTEX
  5
36A
330
35B
100
AcDbEntity
  8
3_ANYTOOL_CUTTHROUGH_INSID
100
AcDbVertex
100
AcDb2dVertex
 10
-275.0255295972338
 20
83.93386931340589
 30
0.0000000003417426
  0
VERTEX
  5
36B
330
35B
100
AcDbEntity
  8
3_ANYTOOL_CUTTHROUGH_INSID
100
AcDbVertex
100
AcDb2dVertex
 10
-275.1209689565797
 20
83.8960953512587
 30
0.0000000003417426
  0
VERTEX
  5
36C
330
35B
100
AcDbEntity
  8
3_ANYTOOL_CUTTHROUGH_INSID
100
AcDbVertex
100
AcDb2dVertex
 10
-275.2152998306787
 20
83.85563833255833
 30
0.0000000003417426
  0
VERTEX
  5
36D
330
35B
100
AcDbEntity
  8
3_ANYTOOL_CUTTHROUGH_INSID
100
AcDbVertex
100
AcDb2dVertex
 10
-275.3084458133812
 20
83.81253684685441
 30
0.0000000003417426
  0
VERTEX
  5
36E
330
35B
100
AcDbEntity
  8
3_ANYTOOL_CUTTHROUGH_INSID
100
AcDbVertex
100
AcDb2dVertex
 10
-275.4044055402281
 20
83.76473382154508
 30
0.0000000003417426
  0
VERTEX
  5
36F
330
35B
100
AcDbEntity
  8
3_ANYTOOL_CUTTHROUGH_INSID
100
AcDbVertex
100
AcDb2dVertex
 10
-275.4989308804264
 20
83.71415743567864
 30
0.0000000003417426
  0
VERTEX
  5
370
330
35B
100
AcDbEntity
  8
3_ANYTOOL_CUTTHROUGH_INSID
100
AcDbVertex
100
AcDb2dVertex
 10
-275.5919638403927
 20
83.6608779968445
 30
0.0000000003417426
  0
VERTEX
  5
371
330
35B
100
AcDbEntity
  8
3_ANYTOOL_CUTTHROUGH_INSID
100
AcDbVertex
100
AcDb2dVertex
 10
-275.6834464265436
 20
83.60496581263207
 30
0.0000000003417426
  0
VERTEX
  5
372
330
35B
100
AcDbEntity
  8
3_ANYTOOL_CUTTHROUGH_INSID
100
AcDbVertex
100
AcDb2dVertex
 10
-275.7733206452956
 20
83.54649119063076
 30
0.0000000003417426
  0
VERTEX
  5
373
330
35B
100
AcDbEntity
  8
3_ANYTOOL_CUTTHROUGH_INSID
100
AcDbVertex
100
AcDb2dVertex
 10
-275.8615285030652
 20
83.48552443842996
 30
0.0000000003417426
  0
VERTEX
  5
374
330
35B
100
AcDbEntity
  8
3_ANYTOOL_CUTTHROUGH_INSID
100
AcDbVertex
100
AcDb2dVertex
 10
-275.948012006269
 20
83.4221358636191
 30
0.0000000003417426
  0
VERTEX
  5
375
330
35B
100
AcDbEntity
  8
3_ANYTOOL_CUTTHROUGH_INSID
100
AcDbVertex
100
AcDb2dVertex
 10
-276.0327131613234
 20
83.35639577378757
 30
0.0000000003417426
  0
VERTEX
  5
376
330
35B
100
AcDbEntity
  8
3_ANYTOOL_CUTTHROUGH_INSID
100
AcDbVertex
100
AcDb2dVertex
 10
-276.1185143498453
 20
83.28589625890322
 30
0.0000000003417426
  0
VERTEX
  5
377
330
35B
100
AcDbEntity
  8
3_ANYTOOL_CUTTHROUGH_INSID
100
AcDbVertex
100
AcDb2dVertex
 10
-276.2023110729571
 20
83.21303281470736
 30
0.0000000003417426
  0
VERTEX
  5
378
330
35B
100
AcDbEntity
  8
3_ANYTOOL_CUTTHROUGH_INSID
100
AcDbVertex
100
AcDb2dVertex
 10
-276.2840734758192
 20
83.13788915312156
 30
0.0000000003417426
  0
VERTEX
  5
379
330
35B
100
AcDbEntity
  8
3_ANYTOOL_CUTTHROUGH_INSID
100
AcDbVertex
100
AcDb2dVertex
 10
-276.3637717035926
 20
83.06054898606742
 30
0.0000000003417426
  0
VERTEX
  5
37A
330
35B
100
AcDbEntity
  8
3_ANYTOOL_CUTTHROUGH_INSID
100
AcDbVertex
100
AcDb2dVertex
 10
-276.4413759014377
 20
82.98109602546651
 30
0.0000000003417426
  0
VERTEX
  5
37B
330
35B
100
AcDbEntity
  8
3_ANYTOOL_CUTTHROUGH_INSID
100
AcDbVertex
100
AcDb2dVertex
 10
-276.5168562145153
 20
82.89961398324047
 30
0.0000000003417426
  0
VERTEX
  5
37C
330
35B
100
AcDbEntity
  8
3_ANYTOOL_CUTTHROUGH_INSID
100
AcDbVertex
100
AcDb2dVertex
 10
-276.5901827879861
 20
82.81618657131082
 30
0.0000000003417426
  0
VERTEX
  5
37D
330
35B
100
AcDbEntity
  8
3_ANYTOOL_CUTTHROUGH_INSID
100
AcDbVertex
100
AcDb2dVertex
 10
-276.6613257670106
 20
82.73089750159919
 30
0.0000000003417426
  0
VERTEX
  5
37E
330
35B
100
AcDbEntity
  8
3_ANYTOOL_CUTTHROUGH_INSID
100
AcDbVertex
100
AcDb2dVertex
 10
-276.7317129360649
 20
82.64194321585708
 30
0.0000000003417426
  0
VERTEX
  5
37F
330
35B
100
AcDbEntity
  8
3_ANYTOOL_CUTTHROUGH_INSID
100
AcDbVertex
100
AcDb2dVertex
 10
-276.7997847735976
 20
82.55121243962449
 30
0.0000000003417426
  0
VERTEX
  5
380
330
35B
100
AcDbEntity
  8
3_ANYTOOL_CUTTHROUGH_INSID
100
AcDbVertex
100
AcDb2dVertex
 10
-276.8655353233611
 20
82.45878368050609
 30
0.0000000003417426
  0
VERTEX
  5
381
330
35B
100
AcDbEntity
  8
3_ANYTOOL_CUTTHROUGH_INSID
100
AcDbVertex
100
AcDb2dVertex
 10
-276.9289586291077
 20
82.3647354461066
 30
0.0000000003417426
  0
VERTEX
  5
382
330
35B
100
AcDbEntity
  8
3_ANYTOOL_CUTTHROUGH_INSID
100
AcDbVertex
100
AcDb2dVertex
 10
-276.9900487345899
 20
82.26914624403068
 30
0.0000000003417426
  0
VERTEX
  5
383
330
35B
100
AcDbEntity
  8
3_ANYTOOL_CUTTHROUGH_INSID
100
AcDbVertex
100
AcDb2dVertex
 10
-277.04879968356
 20
82.17209458188304
 30
0.0000000003417426
  0
VERTEX
  5
384
330
35B
100
AcDbEntity
  8
3_ANYTOOL_CUTTHROUGH_INSID
100
AcDbVertex
100
AcDb2dVertex
 10
-277.1052055197703
 20
82.07365896726837
 30
0.0000000003417426
  0
VERTEX
  5
385
330
35B
100
AcDbEntity
  8
3_ANYTOOL_CUTTHROUGH_INSID
100
AcDbVertex
100
AcDb2dVertex
 10
-277.1592602869733
 20
81.97391790779135
 30
0.0000000003417426
  0
VERTEX
  5
386
330
35B
100
AcDbEntity
  8
3_ANYTOOL_CUTTHROUGH_INSID
100
AcDbVertex
100
AcDb2dVertex
 10
-277.2110627685869
 20
81.87274103882095
 30
0.0000000003417426
  0
VERTEX
  5
387
330
35B
100
AcDbEntity
  8
3_ANYTOOL_CUTTHROUGH_INSID
100
AcDbVertex
100
AcDb2dVertex
 10
-277.2605053112385
 20
81.77039596118072
 30
0.0000000003417426
  0
VERTEX
  5
388
330
35B
100
AcDbEntity
  8
3_ANYTOOL_CUTTHROUGH_INSID
100
AcDbVertex
100
AcDb2dVertex
 10
-277.3075945882686
 20
81.6669463939462
 30
0.0000000003417426
  0
VERTEX
  5
389
330
35B
100
AcDbEntity
  8
3_ANYTOOL_CUTTHROUGH_INSID
100
AcDbVertex
100
AcDb2dVertex
 10
-277.3523372730175
 20
81.56245605619297
 30
0.0000000003417426
  0
VERTEX
  5
38A
330
35B
100
AcDbEntity
  8
3_ANYTOOL_CUTTHROUGH_INSID
100
AcDbVertex
100
AcDb2dVertex
 10
-277.3947400388257
 20
81.45698866699652
 30
0.0000000003417426
  0
VERTEX
  5
38B
330
35B
100
AcDbEntity
  8
3_ANYTOOL_CUTTHROUGH_INSID
100
AcDbVertex
100
AcDb2dVertex
 10
-277.4348095590334
 20
81.35060794543239
 30
0.0000000003417426
  0
VERTEX
  5
38C
330
35B
100
AcDbEntity
  8
3_ANYTOOL_CUTTHROUGH_INSID
100
AcDbVertex
100
AcDb2dVertex
 10
-277.4725525069811
 20
81.24337761057609
 30
0.0000000003417426
  0
VERTEX
  5
38D
330
35B
100
AcDbEntity
  8
3_ANYTOOL_CUTTHROUGH_INSID
100
AcDbVertex
100
AcDb2dVertex
 10
-277.5079755560091
 20
81.13536138150316
 30
0.0000000003417426
  0
VERTEX
  5
38E
330
35B
100
AcDbEntity
  8
3_ANYTOOL_CUTTHROUGH_INSID
100
AcDbVertex
100
AcDb2dVertex
 10
-277.5404475978298
 20
81.02879851012321
 30
0.0000000003417426
  0
VERTEX
  5
38F
330
35B
100
AcDbEntity
  8
3_ANYTOOL_CUTTHROUGH_INSID
100
AcDbVertex
100
AcDb2dVertex
 10
-277.5707079302365
 20
80.92159022437879
 30
0.0000000003417426
  0
VERTEX
  5
390
330
35B
100
AcDbEntity
  8
3_ANYTOOL_CUTTHROUGH_INSID
100
AcDbVertex
100
AcDb2dVertex
 10
-277.5987666294385
 20
80.81378473804112
 30
0.0000000003417426
  0
VERTEX
  5
391
330
35B
100
AcDbEntity
  8
3_ANYTOOL_CUTTHROUGH_INSID
100
AcDbVertex
100
AcDb2dVertex
 10
-277.6246337716451
 20
80.70543026488141
 30
0.0000000003417426
  0
VERTEX
  5
392
330
35B
100
AcDbEntity
  8
3_ANYTOOL_CUTTHROUGH_INSID
100
AcDbVertex
100
AcDb2dVertex
 10
-277.6483194330657
 20
80.59657501867093
 30
0.0000000003417426
  0
VERTEX
  5
393
330
35B
100
AcDbEntity
  8
3_ANYTOOL_CUTTHROUGH_INSID
100
AcDbVertex
100
AcDb2dVertex
 10
-277.6698336899094
 20
80.4872672131809
 30
0.0000000003417426
  0
VERTEX
  5
394
330
35B
100
AcDbEntity
  8
3_ANYTOOL_CUTTHROUGH_INSID
100
AcDbVertex
100
AcDb2dVertex
 10
-277.6891866183857
 20
80.37755506218252
 30
0.0000000003417426
  0
VERTEX
  5
395
330
35B
100
AcDbEntity
  8
3_ANYTOOL_CUTTHROUGH_INSID
100
AcDbVertex
100
AcDb2dVertex
 10
-277.7063882947039
 20
80.26748677944705
 30
0.0000000003417426
  0
VERTEX
  5
396
330
35B
100
AcDbEntity
  8
3_ANYTOOL_CUTTHROUGH_INSID
100
AcDbVertex
100
AcDb2dVertex
 10
-277.7208633468329
 20
80.16171780906174
 30
0.0000000003417426
  0
VERTEX
  5
397
330
35B
100
AcDbEntity
  8
3_ANYTOOL_CUTTHROUGH_INSID
100
AcDbVertex
100
AcDb2dVertex
 10
-277.7333806429655
 20
80.05570143914969
 30
0.0000000003417426
  0
VERTEX
  5
398
330
35B
100
AcDbEntity
  8
3_ANYTOOL_CUTTHROUGH_INSID
100
AcDbVertex
100
AcDb2dVertex
 10
-277.7439487449899
 20
79.94947304218326
 30
0.0000000003417426
  0
VERTEX
  5
399
330
35B
100
AcDbEntity
  8
3_ANYTOOL_CUTTHROUGH_INSID
100
AcDbVertex
100
AcDb2dVertex
 10
-277.7525762147945
 20
79.8430679906348
 30
0.0000000003417426
  0
VERTEX
  5
39A
330
35B
100
AcDbEntity
  8
3_ANYTOOL_CUTTHROUGH_INSID
100
AcDbVertex
100
AcDb2dVertex
 10
-277.7592716142678
 20
79.7365216569766
 30
0.0000000003417426
  0
VERTEX
  5
39B
330
35B
100
AcDbEntity
  8
3_ANYTOOL_CUTTHROUGH_INSID
100
AcDbVertex
100
AcDb2dVertex
 10
-277.7640435052984
 20
79.62986941368106
 30
0.0000000003417426
  0
VERTEX
  5
39C
330
35B
100
AcDbEntity
  8
3_ANYTOOL_CUTTHROUGH_INSID
100
AcDbVertex
100
AcDb2dVertex
 10
-277.7669004497745
 20
79.5231466332205
 30
0.0000000003417426
  0
VERTEX
  5
39D
330
35B
100
AcDbEntity
  8
3_ANYTOOL_CUTTHROUGH_INSID
100
AcDbVertex
100
AcDb2dVertex
 10
-277.7678510095847
 20
79.41638868806726
 30
0.0000000003417426
  0
VERTEX
  5
39E
330
35B
100
AcDbEntity
  8
3_ANYTOOL_CUTTHROUGH_INSID
100
AcDbVertex
100
AcDb2dVertex
 10
-277.7669008890218
 20
79.30963093685735
 30
0.0000000003417426
  0
VERTEX
  5
39F
330
35B
100
AcDbEntity
  8
3_ANYTOOL_CUTTHROUGH_INSID
100
AcDbVertex
100
AcDb2dVertex
 10
-277.7640443619977
 20
79.20290868291944
 30
0.0000000003417426
  0
VERTEX
  5
3A0
330
35B
100
AcDbEntity
  8
3_ANYTOOL_CUTTHROUGH_INSID
100
AcDbVertex
100
AcDb2dVertex
 10
-277.7592728448285
 20
79.09625721574587
 30
0.0000000003417426
  0
VERTEX
  5
3A1
330
35B
100
AcDbEntity
  8
3_ANYTOOL_CUTTHROUGH_INSID
100
AcDbVertex
100
AcDb2dVertex
 10
-277.7525777538308
 20
78.98971182482896
 30
0.0000000003417426
  0
VERTEX
  5
3A2
330
35B
100
AcDbEntity
  8
3_ANYTOOL_CUTTHROUGH_INSID
100
AcDbVertex
100
AcDb2dVertex
 10
-277.7439505053208
 20
78.88330779966104
 30
0.0000000003417426
  0
VERTEX
  5
3A3
330
35B
100
AcDbEntity
  8
3_ANYTOOL_CUTTHROUGH_INSID
100
AcDbVertex
100
AcDb2dVertex
 10
-277.7333825156151
 20
78.77708042973445
 30
0.0000000003417426
  0
VERTEX
  5
3A4
330
35B
100
AcDbEntity
  8
3_ANYTOOL_CUTTHROUGH_INSID
100
AcDbVertex
100
AcDb2dVertex
 10
-277.7208652010298
 20
78.67106500454153
 30
0.0000000003417426
  0
VERTEX
  5
3A5
330
35B
100
AcDbEntity
  8
3_ANYTOOL_CUTTHROUGH_INSID
100
AcDbVertex
100
AcDb2dVertex
 10
-277.7063899778815
 20
78.5652968135746
 30
0.0000000003417426
  0
VERTEX
  5
3A6
330
35B
100
AcDbEntity
  8
3_ANYTOOL_CUTTHROUGH_INSID
100
AcDbVertex
100
AcDb2dVertex
 10
-277.6891879499208
 20
78.455229098409
 30
0.0000000003417426
  0
VERTEX
  5
3A7
330
35B
100
AcDbEntity
  8
3_ANYTOOL_CUTTHROUGH_INSID
100
AcDbVertex
100
AcDb2dVertex
 10
-277.6698345335522
 20
78.34551727176489
 30
0.0000000003417426
  0
VERTEX
  5
3A8
330
35B
100
AcDbEntity
  8
3_ANYTOOL_CUTTHROUGH_INSID
100
AcDbVertex
100
AcDb2dVertex
 10
-277.6483197061837
 20
78.23620957455739
 30
0.0000000003417426
  0
VERTEX
  5
3A9
330
35B
100
AcDbEntity
  8
3_ANYTOOL_CUTTHROUGH_INSID
100
AcDbVertex
100
AcDb2dVertex
 10
-277.624633445223
 20
78.12735424770165
 30
0.0000000003417426
  0
VERTEX
  5
3AA
330
35B
100
AcDbEntity
  8
3_ANYTOOL_CUTTHROUGH_INSID
100
AcDbVertex
100
AcDb2dVertex
 10
-277.5987657280783
 20
78.0189995321128
 30
0.0000000003417426
  0
VERTEX
  5
3AB
330
35B
100
AcDbEntity
  8
3_ANYTOOL_CUTTHROUGH_INSID
100
AcDbVertex
100
AcDb2dVertex
 10
-277.5707065321574
 20
77.911193668706
 30
0.0000000003417426
  0
VERTEX
  5
3AC
330
35B
100
AcDbEntity
  8
3_ANYTOOL_CUTTHROUGH_INSID
100
AcDbVertex
100
AcDb2dVertex
 10
-277.5404458348681
 20
77.80398489839638
 30
0.0000000003417426
  0
VERTEX
  5
3AD
330
35B
100
AcDbEntity
  8
3_ANYTOOL_CUTTHROUGH_INSID
100
AcDbVertex
100
AcDb2dVertex
 10
-277.5079736136185
 20
77.69742146209909
 30
0.0000000003417426
  0
VERTEX
  5
3AE
330
35B
100
AcDbEntity
  8
3_ANYTOOL_CUTTHROUGH_INSID
100
AcDbVertex
100
AcDb2dVertex
 10
-277.472550609787
 20
77.58940460198488
 30
0.0000000003417426
  0
VERTEX
  5
3AF
330
35B
100
AcDbEntity
  8
3_ANYTOOL_CUTTHROUGH_INSID
100
AcDbVertex
100
AcDb2dVertex
 10
-277.4348079017807
 20
77.48217360974681
 30
0.0000000003417426
  0
VERTEX
  5
3B0
330
35B
100
AcDbEntity
  8
3_ANYTOOL_CUTTHROUGH_INSID
100
AcDbVertex
100
AcDb2dVertex
 10
-277.3947387620937
 20
77.37579223351803
 30
0.0000000003417426
  0
VERTEX
  5
3B1
330
35B
100
AcDbEntity
  8
3_ANYTOOL_CUTTHROUGH_INSID
100
AcDbVertex
100
AcDb2dVertex
 10
-277.3523364632202
 20
77.27032422143171
 30
0.0000000003417426
  0
VERTEX
  5
3B2
330
35B
100
AcDbEntity
  8
3_ANYTOOL_CUTTHROUGH_INSID
100
AcDbVertex
100
AcDb2dVertex
 10
-277.3075942776546
 20
77.165833321621
 30
0.0000000003417426
  0
VERTEX
  5
3B3
330
35B
100
AcDbEntity
  8
3_ANYTOOL_CUTTHROUGH_INSID
100
AcDbVertex
100
AcDb2dVertex
 10
-277.260505477891
 20
77.06238328221902
 30
0.0000000003417426
  0
VERTEX
  5
3B4
330
35B
100
AcDbEntity
  8
3_ANYTOOL_CUTTHROUGH_INSID
100
AcDbVertex
100
AcDb2dVertex
 10
-277.2110633364236
 20
76.96003785135896
 30
0.0000000003417426
  0
VERTEX
  5
3B5
330
35B
100
AcDbEntity
  8
3_ANYTOOL_CUTTHROUGH_INSID
100
AcDbVertex
100
AcDb2dVertex
 10
-277.1592611257466
 20
76.85886077717399
 30
0.0000000003417426
  0
VERTEX
  5
3B6
330
35B
100
AcDbEntity
  8
3_ANYTOOL_CUTTHROUGH_INSID
100
AcDbVertex
100
AcDb2dVertex
 10
-277.1052064601616
 20
76.75911967849243
 30
0.0000000003417426
  0
VERTEX
  5
3B7
330
35B
100
AcDbEntity
  8
3_ANYTOOL_CUTTHROUGH_INSID
100
AcDbVertex
100
AcDb2dVertex
 10
-277.0488005783398
 20
76.66068416441829
 30
0.0000000003417426
  0
VERTEX
  5
3B8
330
35B
100
AcDbEntity
  8
3_ANYTOOL_CUTTHROUGH_INSID
100
AcDbVertex
100
AcDb2dVertex
 10
-276.9900494729653
 20
76.56363270595583
 30
0.0000000003417426
  0
VERTEX
  5
3B9
330
35B
100
AcDbEntity
  8
3_ANYTOOL_CUTTHROUGH_INSID
100
AcDbVertex
100
AcDb2dVertex
 10
-276.9289591367223
 20
76.46804377410928
 30
0.0000000003417426
  0
VERTEX
  5
3BA
330
35B
100
AcDbEntity
  8
3_ANYTOOL_CUTTHROUGH_INSID
100
AcDbVertex
100
AcDb2dVertex
 10
-276.8655355622946
 20
76.37399583988287
 30
0.0000000003417426
  0
VERTEX
  5
3BB
330
35B
100
AcDbEntity
  8
3_ANYTOOL_CUTTHROUGH_INSID
100
AcDbVertex
100
AcDb2dVertex
 10
-276.7997847423666
 20
76.28156737428085
 30
0.0000000003417426
  0
VERTEX
  5
3BC
330
35B
100
AcDbEntity
  8
3_ANYTOOL_CUTTHROUGH_INSID
100
AcDbVertex
100
AcDb2dVertex
 10
-276.7317126696221
 20
76.19083684830746
 30
0.0000000003417426
  0
VERTEX
  5
3BD
330
35B
100
AcDbEntity
  8
3_ANYTOOL_CUTTHROUGH_INSID
100
AcDbVertex
100
AcDb2dVertex
 10
-276.6613253367456
 20
76.10188273296691
 30
0.0000000003417426
  0
VERTEX
  5
3BE
330
35B
100
AcDbEntity
  8
3_ANYTOOL_CUTTHROUGH_INSID
100
AcDbVertex
100
AcDb2dVertex
 10
-276.5901822924548
 20
76.0165937269303
 30
0.0000000003417426
  0
VERTEX
  5
3BF
330
35B
100
AcDbEntity
  8
3_ANYTOOL_CUTTHROUGH_INSID
100
AcDbVertex
100
AcDb2dVertex
 10
-276.516855736713
 20
75.93316628922689
 30
0.0000000003417426
  0
VERTEX
  5
3C0
330
35B
100
AcDbEntity
  8
3_ANYTOOL_CUTTHROUGH_INSID
100
AcDbVertex
100
AcDb2dVertex
 10
-276.441375504008
 20
75.85168415395019
 30
0.0000000003417426
  0
VERTEX
  5
3C1
330
35B
100
AcDbEntity
  8
3_ANYTOOL_CUTTHROUGH_INSID
100
AcDbVertex
100
AcDb2dVertex
 10
-276.3637714288272
 20
75.77223105519369
 30
0.0000000003417426
  0
VERTEX
  5
3C2
330
35B
100
AcDbEntity
  8
3_ANYTOOL_CUTTHROUGH_INSID
100
AcDbVertex
100
AcDb2dVertex
 10
-276.2840733456584
 20
75.69489072705088
 30
0.0000000003417426
  0
VERTEX
  5
3C3
330
35B
100
AcDbEntity
  8
3_ANYTOOL_CUTTHROUGH_INSID
100
AcDbVertex
100
AcDb2dVertex
 10
-276.2023110889891
 20
75.6197469036153
 30
0.0000000003417426
  0
VERTEX
  5
3C4
330
35B
100
AcDbEntity
  8
3_ANYTOOL_CUTTHROUGH_INSID
100
AcDbVertex
100
AcDb2dVertex
 10
-276.1185144933069
 20
75.5468833189804
 30
0.0000000003417426
  0
VERTEX
  5
3C5
330
35B
100
AcDbEntity
  8
3_ANYTOOL_CUTTHROUGH_INSID
100
AcDbVertex
100
AcDb2dVertex
 10
-276.0327133930995
 20
75.47638370723973
 30
0.0000000003417426
  0
VERTEX
  5
3C6
330
35B
100
AcDbEntity
  8
3_ANYTOOL_CUTTHROUGH_INSID
100
AcDbVertex
100
AcDb2dVertex
 10
-275.9480122719935
 20
75.41064358069244
 30
0.0000000003417426
  0
VERTEX
  5
3C7
330
35B
100
AcDbEntity
  8
3_ANYTOOL_CUTTHROUGH_INSID
100
AcDbVertex
100
AcDb2dVertex
 10
-275.8615287582891
 20
75.3472550182922
 30
0.0000000003417426
  0
VERTEX
  5
3C8
330
35B
100
AcDbEntity
  8
3_ANYTOOL_CUTTHROUGH_INSID
100
AcDbVertex
100
AcDb2dVertex
 10
-275.7733208565435
 20
75.28628831547152
 30
0.0000000003417426
  0
VERTEX
  5
3C9
330
35B
100
AcDbEntity
  8
3_ANYTOOL_CUTTHROUGH_INSID
100
AcDbVertex
100
AcDb2dVertex
 10
-275.6834465713138
 20
75.22781376766292
 30
0.0000000003417426
  0
VERTEX
  5
3CA
330
35B
100
AcDbEntity
  8
3_ANYTOOL_CUTTHROUGH_INSID
100
AcDbVertex
100
AcDb2dVertex
 10
-275.5919639071575
 20
75.17190167029884
 30
0.0000000003417426
  0
VERTEX
  5
3CB
330
35B
100
AcDbEntity
  8
3_ANYTOOL_CUTTHROUGH_INSID
100
AcDbVertex
100
AcDb2dVertex
 10
-275.4989308686319
 20
75.11862231881179
 30
0.0000000003417426
  0
VERTEX
  5
3CC
330
35B
100
AcDbEntity
  8
3_ANYTOOL_CUTTHROUGH_INSID
100
AcDbVertex
100
AcDb2dVertex
 10
-275.4044054602942
 20
75.06804600863425
 30
0.0000000003417426
  0
VERTEX
  5
3CD
330
35B
100
AcDbEntity
  8
3_ANYTOOL_CUTTHROUGH_INSID
100
AcDbVertex
100
AcDb2dVertex
 10
-275.3084456867019
 20
75.02024303519872
 30
0.0000000003417426
  0
VERTEX
  5
3CE
330
35B
100
AcDbEntity
  8
3_ANYTOOL_CUTTHROUGH_INSID
100
AcDbVertex
100
AcDb2dVertex
 10
-275.2152996868446
 20
74.97714156847964
 30
0.0000000003417426
  0
VERTEX
  5
3CF
330
35B
100
AcDbEntity
  8
3_ANYTOOL_CUTTHROUGH_INSID
100
AcDbVertex
100
AcDb2dVertex
 10
-275.1209688193824
 20
74.93668454232471
 30
0.0000000003417426
  0
VERTEX
  5
3D0
330
35B
100
AcDbEntity
  8
3_ANYTOOL_CUTTHROUGH_INSID
100
AcDbVertex
100
AcDb2dVertex
 10
-275.0255294845963
 20
74.89891055280813
 30
0.0000000003417426
  0
VERTEX
  5
3D1
330
35B
100
AcDbEntity
  8
3_ANYTOOL_CUTTHROUGH_INSID
100
AcDbVertex
100
AcDb2dVertex
 10
-274.9290580827669
 20
74.86385819600414
 30
0.0000000003417426
  0
VERTEX
  5
3D2
330
35B
100
AcDbEntity
  8
3_ANYTOOL_CUTTHROUGH_INSID
100
AcDbVertex
100
AcDb2dVertex
 10
-274.831631014175
 20
74.83156606798693
 30
0.0000000003417426
  0
VERTEX
  5
3D3
330
35B
100
AcDbEntity
  8
3_ANYTOOL_CUTTHROUGH_INSID
100
AcDbVertex
100
AcDb2dVertex
 10
-274.7333246791012
 20
74.80207276483071
 30
0.0000000003417426
  0
VERTEX
  5
3D4
330
35B
100
AcDbEntity
  8
3_ANYTOOL_CUTTHROUGH_INSID
100
AcDbVertex
100
AcDb2dVertex
 10
-274.6342154778263
 20
74.77541688260973
 30
0.0000000003417426
  0
VERTEX
  5
3D5
330
35B
100
AcDbEntity
  8
3_ANYTOOL_CUTTHROUGH_INSID
100
AcDbVertex
100
AcDb2dVertex
 10
-274.534379810631
 20
74.75163701739818
 30
0.0000000003417426
  0
VERTEX
  5
3D6
330
35B
100
AcDbEntity
  8
3_ANYTOOL_CUTTHROUGH_INSID
100
AcDbVertex
100
AcDb2dVertex
 10
-274.4386454615018
 20
74.73168425084026
 30
0.0000000003417426
  0
VERTEX
  5
3D7
330
35B
100
AcDbEntity
  8
3_ANYTOOL_CUTTHROUGH_INSID
100
AcDbVertex
100
AcDb2dVertex
 10
-274.3423950343625
 20
74.7143811133128
 30
0.0000000003417426
  0
VERTEX
  5
3D8
330
35B
100
AcDbEntity
  8
3_ANYTOOL_CUTTHROUGH_INSID
100
AcDbVertex
100
AcDb2dVertex
 10
-274.2457026773761
 20
74.69973091504181
 30
0.0000000003417426
  0
VERTEX
  5
3D9
330
35B
100
AcDbEntity
  8
3_ANYTOOL_CUTTHROUGH_INSID
100
AcDbVertex
100
AcDb2dVertex
 10
-274.1486425387058
 20
74.68773696625325
 30
0.0000000003417426
  0
VERTEX
  5
3DA
330
35B
100
AcDbEntity
  8
3_ANYTOOL_CUTTHROUGH_INSID
100
AcDbVertex
100
AcDb2dVertex
 10
-274.0512887665146
 20
74.6784025771731
 30
0.0000000003417426
  0
VERTEX
  5
3DB
330
35B
100
AcDbEntity
  8
3_ANYTOOL_CUTTHROUGH_INSID
100
AcDbVertex
100
AcDb2dVertex
 10
-273.9537155089655
 20
74.67173105802732
 30
0.0000000003417426
  0
VERTEX
  5
3DC
330
35B
100
AcDbEntity
  8
3_ANYTOOL_CUTTHROUGH_INSID
100
AcDbVertex
100
AcDb2dVertex
 10
-273.8559969142216
 20
74.6677257190419
 30
0.0000000003417426
  0
VERTEX
  5
3DD
330
35B
100
AcDbEntity
  8
3_ANYTOOL_CUTTHROUGH_INSID
100
AcDbVertex
100
AcDb2dVertex
 10
-273.758207130446
 20
74.6663898704428
 30
0.0000000003417426
  0
VERTEX
  5
3DE
330
35B
100
AcDbEntity
  8
3_ANYTOOL_CUTTHROUGH_INSID
100
AcDbVertex
100
AcDb2dVertex
 10
-248.0178582198951
 20
74.66638987009355
 30
0.0000000003417426
 42
1.000000000001924
  0
SEQEND
  5
3DF
330
35B
100
AcDbEntity
  8
3_ANYTOOL_CUTTHROUGH_INSID
  0
POLYLINE
  5
3E0
330
1F
100
AcDbEntity
  8
3_ANYTOOL_CUTTHROUGH_INSID
100
AcDb2dPolyline
 66
     1
 10
0.0
 20
0.0
 30
0.0000000003304486
 70
     1
  0
VERTEX
  5
3E1
330
3E0
100
AcDbEntity
  8
3_ANYTOOL_CUTTHROUGH_INSID
100
AcDbVertex
100
AcDb2dVertex
 10
-248.0178582158569
 20
-84.3336101286186
 30
0.0000000003304486
 42
0.9999999999938728
  0
VERTEX
  5
3E2
330
3E0
100
AcDbEntity
  8
3_ANYTOOL_CUTTHROUGH_INSID
100
AcDbVertex
100
AcDb2dVertex
 10
-248.0178582158605
 20
-74.83361012856767
 30
0.0000000003304486
  0
VERTEX
  5
3E3
330
3E0
100
AcDbEntity
  8
3_ANYTOOL_CUTTHROUGH_INSID
100
AcDbVertex
100
AcDb2dVertex
 10
-273.7582071264023
 20
-74.83361012826934
 30
0.0000000003304486
  0
VERTEX
  5
3E4
330
3E0
100
AcDbEntity
  8
3_ANYTOOL_CUTTHROUGH_INSID
100
AcDbVertex
100
AcDb2dVertex
 10
-273.855996905089
 20
-74.83494598252548
 30
0.0000000003304486
  0
VERTEX
  5
3E5
330
3E0
100
AcDbEntity
  8
3_ANYTOOL_CUTTHROUGH_INSID
100
AcDbVertex
100
AcDb2dVertex
 10
-273.9537154868198
 20
-74.83895133598027
 30
0.0000000003304486
  0
VERTEX
  5
3E6
330
3E0
100
AcDbEntity
  8
3_ANYTOOL_CUTTHROUGH_INSID
100
AcDbVertex
100
AcDb2dVertex
 10
-274.0512887268067
 20
-74.84562287465516
 30
0.0000000003304486
  0
VERTEX
  5
3E7
330
3E0
100
AcDbEntity
  8
3_ANYTOOL_CUTTHROUGH_INSID
100
AcDbVertex
100
AcDb2dVertex
 10
-274.1486424802615
 20
-74.85495728457158
 30
0.0000000003304486
  0
VERTEX
  5
3E8
330
3E0
100
AcDbEntity
  8
3_ANYTOOL_CUTTHROUGH_INSID
100
AcDbVertex
100
AcDb2dVertex
 10
-274.2457026023961
 20
-74.86695125175099
 30
0.0000000003304486
  0
VERTEX
  5
3E9
330
3E0
100
AcDbEntity
  8
3_ANYTOOL_CUTTHROUGH_INSID
100
AcDbVertex
100
AcDb2dVertex
 10
-274.3423949484224
 20
-74.88160146221483
 30
0.0000000003304486
  0
VERTEX
  5
3EA
330
3E0
100
AcDbEntity
  8
3_ANYTOOL_CUTTHROUGH_INSID
100
AcDbVertex
100
AcDb2dVertex
 10
-274.4386453735522
 20
-74.89890460198454
 30
0.0000000003304486
  0
VERTEX
  5
3EB
330
3E0
100
AcDbEntity
  8
3_ANYTOOL_CUTTHROUGH_INSID
100
AcDbVertex
100
AcDb2dVertex
 10
-274.5343797329974
 20
-74.91885735708154
 30
0.0000000003304486
  0
VERTEX
  5
3EC
330
3E0
100
AcDbEntity
  8
3_ANYTOOL_CUTTHROUGH_INSID
100
AcDbVertex
100
AcDb2dVertex
 10
-274.6342154263359
 20
-74.94263719323644
 30
0.0000000003304486
  0
VERTEX
  5
3ED
330
3E0
100
AcDbEntity
  8
3_ANYTOOL_CUTTHROUGH_INSID
100
AcDbVertex
100
AcDb2dVertex
 10
-274.7333246651766
 20
-74.96929303369744
 30
0.0000000003304486
  0
VERTEX
  5
3EE
330
3E0
100
AcDbEntity
  8
3_ANYTOOL_CUTTHROUGH_INSID
100
AcDbVertex
100
AcDb2dVertex
 10
-274.8316310433695
 20
-74.99878628891247
 30
0.0000000003304486
  0
VERTEX
  5
3EF
330
3E0
100
AcDbEntity
  8
3_ANYTOOL_CUTTHROUGH_INSID
100
AcDbVertex
100
AcDb2dVertex
 10
-274.9290581547643
 20
-75.03107836932944
 30
0.0000000003304486
  0
VERTEX
  5
3F0
330
3E0
100
AcDbEntity
  8
3_ANYTOOL_CUTTHROUGH_INSID
100
AcDbVertex
100
AcDb2dVertex
 10
-275.025529593211
 20
-75.06613068539625
 30
0.0000000003304486
  0
VERTEX
  5
3F1
330
3E0
100
AcDbEntity
  8
3_ANYTOOL_CUTTHROUGH_INSID
100
AcDbVertex
100
AcDb2dVertex
 10
-275.1209689525593
 20
-75.10390464756082
 30
0.0000000003304486
  0
VERTEX
  5
3F2
330
3E0
100
AcDbEntity
  8
3_ANYTOOL_CUTTHROUGH_INSID
100
AcDbVertex
100
AcDb2dVertex
 10
-275.2152998266592
 20
-75.14436166627108
 30
0.0000000003304486
  0
VERTEX
  5
3F3
330
3E0
100
AcDbEntity
  8
3_ANYTOOL_CUTTHROUGH_INSID
100
AcDbVertex
100
AcDb2dVertex
 10
-275.3084458093604
 20
-75.18746315197492
 30
0.0000000003304486
  0
VERTEX
  5
3F4
330
3E0
100
AcDbEntity
  8
3_ANYTOOL_CUTTHROUGH_INSID
100
AcDbVertex
100
AcDb2dVertex
 10
-275.4044055362035
 20
-75.23526617727188
 30
0.0000000003304486
  0
VERTEX
  5
3F5
330
3E0
100
AcDbEntity
  8
3_ANYTOOL_CUTTHROUGH_INSID
100
AcDbVertex
100
AcDb2dVertex
 10
-275.4989308763961
 20
-75.28584256311578
 30
0.0000000003304486
  0
VERTEX
  5
3F6
330
3E0
100
AcDbEntity
  8
3_ANYTOOL_CUTTHROUGH_INSID
100
AcDbVertex
100
AcDb2dVertex
 10
-275.5919638363555
 20
-75.33912200192063
 30
0.0000000003304486
  0
VERTEX
  5
3F7
330
3E0
100
AcDbEntity
  8
3_ANYTOOL_CUTTHROUGH_INSID
100
AcDbVertex
100
AcDb2dVertex
 10
-275.6834464224991
 20
-75.3950341861004
 30
0.0000000003304486
  0
VERTEX
  5
3F8
330
3E0
100
AcDbEntity
  8
3_ANYTOOL_CUTTHROUGH_INSID
100
AcDbVertex
100
AcDb2dVertex
 10
-275.7733206412439
 20
-75.4535088080691
 30
0.0000000003304486
  0
VERTEX
  5
3F9
330
3E0
100
AcDbEntity
  8
3_ANYTOOL_CUTTHROUGH_INSID
100
AcDbVertex
100
AcDb2dVertex
 10
-275.8615284990072
 20
-75.51447556024074
 30
0.0000000003304486
  0
VERTEX
  5
3FA
330
3E0
100
AcDbEntity
  8
3_ANYTOOL_CUTTHROUGH_INSID
100
AcDbVertex
100
AcDb2dVertex
 10
-275.9480120022065
 20
-75.57786413502927
 30
0.0000000003304486
  0
VERTEX
  5
3FB
330
3E0
100
AcDbEntity
  8
3_ANYTOOL_CUTTHROUGH_INSID
100
AcDbVertex
100
AcDb2dVertex
 10
-276.0327131572588
 20
-75.6436042248487
 30
0.0000000003304486
  0
VERTEX
  5
3FC
330
3E0
100
AcDbEntity
  8
3_ANYTOOL_CUTTHROUGH_INSID
100
AcDbVertex
100
AcDb2dVertex
 10
-276.1185143457823
 20
-75.7141037397344
 30
0.0000000003304486
  0
VERTEX
  5
3FD
330
3E0
100
AcDbEntity
  8
3_ANYTOOL_CUTTHROUGH_INSID
100
AcDbVertex
100
AcDb2dVertex
 10
-276.202311068898
 20
-75.786967183943
 30
0.0000000003304486
  0
VERTEX
  5
3FE
330
3E0
100
AcDbEntity
  8
3_ANYTOOL_CUTTHROUGH_INSID
100
AcDbVertex
100
AcDb2dVertex
 10
-276.284073471766
 20
-75.86211084554962
 30
0.0000000003304486
  0
VERTEX
  5
3FF
330
3E0
100
AcDbEntity
  8
3_ANYTOOL_CUTTHROUGH_INSID
100
AcDbVertex
100
AcDb2dVertex
 10
-276.3637716995461
 20
-75.93945101262938
 30
0.0000000003304486
  0
VERTEX
  5
400
330
3E0
100
AcDbEntity
  8
3_ANYTOOL_CUTTHROUGH_INSID
100
AcDbVertex
100
AcDb2dVertex
 10
-276.4413758973983
 20
-76.0189039732574
 30
0.0000000003304486
  0
VERTEX
  5
401
330
3E0
100
AcDbEntity
  8
3_ANYTOOL_CUTTHROUGH_INSID
100
AcDbVertex
100
AcDb2dVertex
 10
-276.5168562104824
 20
-76.10038601550878
 30
0.0000000003304486
  0
VERTEX
  5
402
330
3E0
100
AcDbEntity
  8
3_ANYTOOL_CUTTHROUGH_INSID
100
AcDbVertex
100
AcDb2dVertex
 10
-276.5901827839584
 20
-76.18381342745866
 30
0.0000000003304486
  0
VERTEX
  5
403
330
3E0
100
AcDbEntity
  8
3_ANYTOOL_CUTTHROUGH_INSID
100
AcDbVertex
100
AcDb2dVertex
 10
-276.6613257629863
 20
-76.26910249718213
 30
0.0000000003304486
  0
VERTEX
  5
404
330
3E0
100
AcDbEntity
  8
3_ANYTOOL_CUTTHROUGH_INSID
100
AcDbVertex
100
AcDb2dVertex
 10
-276.7317129320413
 20
-76.35805678292516
 30
0.0000000003304486
  0
VERTEX
  5
405
330
3E0
100
AcDbEntity
  8
3_ANYTOOL_CUTTHROUGH_INSID
100
AcDbVertex
100
AcDb2dVertex
 10
-276.7997847695723
 20
-76.44878755914908
 30
0.0000000003304486
  0
VERTEX
  5
406
330
3E0
100
AcDbEntity
  8
3_ANYTOOL_CUTTHROUGH_INSID
100
AcDbVertex
100
AcDb2dVertex
 10
-276.8655353193321
 20
-76.54121631825183
 30
0.0000000003304486
  0
VERTEX
  5
407
330
3E0
100
AcDbEntity
  8
3_ANYTOOL_CUTTHROUGH_INSID
100
AcDbVertex
100
AcDb2dVertex
 10
-276.9289586250737
 20
-76.6352645526313
 30
0.0000000003304486
  0
VERTEX
  5
408
330
3E0
100
AcDbEntity
  8
3_ANYTOOL_CUTTHROUGH_INSID
100
AcDbVertex
100
AcDb2dVertex
 10
-276.9900487305499
 20
-76.7308537546854
 30
0.0000000003304486
  0
VERTEX
  5
409
330
3E0
100
AcDbEntity
  8
3_ANYTOOL_CUTTHROUGH_INSID
100
AcDbVertex
100
AcDb2dVertex
 10
-277.0487996795135
 20
-76.82790541681203
 30
0.0000000003304486
  0
VERTEX
  5
40A
330
3E0
100
AcDbEntity
  8
3_ANYTOOL_CUTTHROUGH_INSID
100
AcDbVertex
100
AcDb2dVertex
 10
-277.1052055157173
 20
-76.92634103140912
 30
0.0000000003304486
  0
VERTEX
  5
40B
330
3E0
100
AcDbEntity
  8
3_ANYTOOL_CUTTHROUGH_INSID
100
AcDbVertex
100
AcDb2dVertex
 10
-277.1592602829143
 20
-77.02608209087458
 30
0.0000000003304486
  0
VERTEX
  5
40C
330
3E0
100
AcDbEntity
  8
3_ANYTOOL_CUTTHROUGH_INSID
100
AcDbVertex
100
AcDb2dVertex
 10
-277.2110627645227
 20
-77.12725895984141
 30
0.0000000003304486
  0
VERTEX
  5
40D
330
3E0
100
AcDbEntity
  8
3_ANYTOOL_CUTTHROUGH_INSID
100
AcDbVertex
100
AcDb2dVertex
 10
-277.2605053071702
 20
-77.229604037485
 30
0.0000000003304486
  0
VERTEX
  5
40E
330
3E0
100
AcDbEntity
  8
3_ANYTOOL_CUTTHROUGH_INSID
100
AcDbVertex
100
AcDb2dVertex
 10
-277.3075945841971
 20
-77.3330536047281
 30
0.0000000003304486
  0
VERTEX
  5
40F
330
3E0
100
AcDbEntity
  8
3_ANYTOOL_CUTTHROUGH_INSID
100
AcDbVertex
100
AcDb2dVertex
 10
-277.3523372689438
 20
-77.43754394249346
 30
0.0000000003304486
  0
VERTEX
  5
410
330
3E0
100
AcDbEntity
  8
3_ANYTOOL_CUTTHROUGH_INSID
100
AcDbVertex
100
AcDb2dVertex
 10
-277.3947400347506
 20
-77.54301133170384
 30
0.0000000003304486
  0
VERTEX
  5
411
330
3E0
100
AcDbEntity
  8
3_ANYTOOL_CUTTHROUGH_INSID
100
AcDbVertex
100
AcDb2dVertex
 10
-277.434809554958
 20
-77.64939205328201
 30
0.0000000003304486
  0
VERTEX
  5
412
330
3E0
100
AcDbEntity
  8
3_ANYTOOL_CUTTHROUGH_INSID
100
AcDbVertex
100
AcDb2dVertex
 10
-277.4725525029064
 20
-77.75662238815073
 30
0.0000000003304486
  0
VERTEX
  5
413
330
3E0
100
AcDbEntity
  8
3_ANYTOOL_CUTTHROUGH_INSID
100
AcDbVertex
100
AcDb2dVertex
 10
-277.5079755519361
 20
-77.86463861723271
 30
0.0000000003304486
  0
VERTEX
  5
414
330
3E0
100
AcDbEntity
  8
3_ANYTOOL_CUTTHROUGH_INSID
100
AcDbVertex
100
AcDb2dVertex
 10
-277.5404475937598
 20
-77.97120148861853
 30
0.0000000003304486
  0
VERTEX
  5
415
330
3E0
100
AcDbEntity
  8
3_ANYTOOL_CUTTHROUGH_INSID
100
AcDbVertex
100
AcDb2dVertex
 10
-277.5707079261701
 20
-78.07840977436433
 30
0.0000000003304486
  0
VERTEX
  5
416
330
3E0
100
AcDbEntity
  8
3_ANYTOOL_CUTTHROUGH_INSID
100
AcDbVertex
100
AcDb2dVertex
 10
-277.5987666253762
 20
-78.18621526069916
 30
0.0000000003304486
  0
VERTEX
  5
417
330
3E0
100
AcDbEntity
  8
3_ANYTOOL_CUTTHROUGH_INSID
100
AcDbVertex
100
AcDb2dVertex
 10
-277.6246337675871
 20
-78.29456973385214
 30
0.0000000003304486
  0
VERTEX
  5
418
330
3E0
100
AcDbEntity
  8
3_ANYTOOL_CUTTHROUGH_INSID
100
AcDbVertex
100
AcDb2dVertex
 10
-277.6483194290118
 20
-78.40342498005234
 30
0.0000000003304486
  0
VERTEX
  5
419
330
3E0
100
AcDbEntity
  8
3_ANYTOOL_CUTTHROUGH_INSID
100
AcDbVertex
100
AcDb2dVertex
 10
-277.6698336858596
 20
-78.51273278552881
 30
0.0000000003304486
  0
VERTEX
  5
41A
330
3E0
100
AcDbEntity
  8
3_ANYTOOL_CUTTHROUGH_INSID
100
AcDbVertex
100
AcDb2dVertex
 10
-277.6891866143394
 20
-78.6224449365107
 30
0.0000000003304486
  0
VERTEX
  5
41B
330
3E0
100
AcDbEntity
  8
3_ANYTOOL_CUTTHROUGH_INSID
100
AcDbVertex
100
AcDb2dVertex
 10
-277.7063882906602
 20
-78.73251321922706
 30
0.0000000003304486
  0
VERTEX
  5
41C
330
3E0
100
AcDbEntity
  8
3_ANYTOOL_CUTTHROUGH_INSID
100
AcDbVertex
100
AcDb2dVertex
 10
-277.7208633427911
 20
-78.83828218959097
 30
0.0000000003304486
  0
VERTEX
  5
41D
330
3E0
100
AcDbEntity
  8
3_ANYTOOL_CUTTHROUGH_INSID
100
AcDbVertex
100
AcDb2dVertex
 10
-277.7333806389245
 20
-78.94429855948019
 30
0.0000000003304486
  0
VERTEX
  5
41E
330
3E0
100
AcDbEntity
  8
3_ANYTOOL_CUTTHROUGH_INSID
100
AcDbVertex
100
AcDb2dVertex
 10
-277.7439487409491
 20
-79.05052695642303
 30
0.0000000003304486
  0
VERTEX
  5
41F
330
3E0
100
AcDbEntity
  8
3_ANYTOOL_CUTTHROUGH_INSID
100
AcDbVertex
100
AcDb2dVertex
 10
-277.7525762107537
 20
-79.15693200794786
 30
0.0000000003304486
  0
VERTEX
  5
420
330
3E0
100
AcDbEntity
  8
3_ANYTOOL_CUTTHROUGH_INSID
100
AcDbVertex
100
AcDb2dVertex
 10
-277.7592716102265
 20
-79.26347834158301
 30
0.0000000003304486
  0
VERTEX
  5
421
330
3E0
100
AcDbEntity
  8
3_ANYTOOL_CUTTHROUGH_INSID
100
AcDbVertex
100
AcDb2dVertex
 10
-277.7640435012563
 20
-79.37013058485684
 30
0.0000000003304486
  0
VERTEX
  5
422
330
3E0
100
AcDbEntity
  8
3_ANYTOOL_CUTTHROUGH_INSID
100
AcDbVertex
100
AcDb2dVertex
 10
-277.7669004457316
 20
-79.47685336529769
 30
0.0000000003304486
  0
VERTEX
  5
423
330
3E0
100
AcDbEntity
  8
3_ANYTOOL_CUTTHROUGH_INSID
100
AcDbVertex
100
AcDb2dVertex
 10
-277.767851005541
 20
-79.5836113104339
 30
0.0000000003304486
  0
VERTEX
  5
424
330
3E0
100
AcDbEntity
  8
3_ANYTOOL_CUTTHROUGH_INSID
100
AcDbVertex
100
AcDb2dVertex
 10
-277.7669008849776
 20
-79.69036906162987
 30
0.0000000003304486
  0
VERTEX
  5
425
330
3E0
100
AcDbEntity
  8
3_ANYTOOL_CUTTHROUGH_INSID
100
AcDbVertex
100
AcDb2dVertex
 10
-277.7640443579531
 20
-79.79709131555691
 30
0.0000000003304486
  0
VERTEX
  5
426
330
3E0
100
AcDbEntity
  8
3_ANYTOOL_CUTTHROUGH_INSID
100
AcDbVertex
100
AcDb2dVertex
 10
-277.7592728407838
 20
-79.90374278272243
 30
0.0000000003304486
  0
VERTEX
  5
427
330
3E0
100
AcDbEntity
  8
3_ANYTOOL_CUTTHROUGH_INSID
100
AcDbVertex
100
AcDb2dVertex
 10
-277.7525777497862
 20
-80.01028817363381
 30
0.0000000003304486
  0
VERTEX
  5
428
330
3E0
100
AcDbEntity
  8
3_ANYTOOL_CUTTHROUGH_INSID
100
AcDbVertex
100
AcDb2dVertex
 10
-277.7439505012766
 20
-80.11669219879843
 30
0.0000000003304486
  0
VERTEX
  5
429
330
3E0
100
AcDbEntity
  8
3_ANYTOOL_CUTTHROUGH_INSID
100
AcDbVertex
100
AcDb2dVertex
 10
-277.7333825115713
 20
-80.22291956872368
 30
0.0000000003304486
  0
VERTEX
  5
42A
330
3E0
100
AcDbEntity
  8
3_ANYTOOL_CUTTHROUGH_INSID
100
AcDbVertex
100
AcDb2dVertex
 10
-277.720865196987
 20
-80.32893499391693
 30
0.0000000003304486
  0
VERTEX
  5
42B
330
3E0
100
AcDbEntity
  8
3_ANYTOOL_CUTTHROUGH_INSID
100
AcDbVertex
100
AcDb2dVertex
 10
-277.70638997384
 20
-80.43470318488556
 30
0.0000000003304486
  0
VERTEX
  5
42C
330
3E0
100
AcDbEntity
  8
3_ANYTOOL_CUTTHROUGH_INSID
100
AcDbVertex
100
AcDb2dVertex
 10
-277.6891879458809
 20
-80.54477090005486
 30
0.0000000003304486
  0
VERTEX
  5
42D
330
3E0
100
AcDbEntity
  8
3_ANYTOOL_CUTTHROUGH_INSID
100
AcDbVertex
100
AcDb2dVertex
 10
-277.6698345295141
 20
-80.65448272670368
 30
0.0000000003304486
  0
VERTEX
  5
42E
330
3E0
100
AcDbEntity
  8
3_ANYTOOL_CUTTHROUGH_INSID
100
AcDbVertex
100
AcDb2dVertex
 10
-277.6483197021474
 20
-80.76379042391667
 30
0.0000000003304486
  0
VERTEX
  5
42F
330
3E0
100
AcDbEntity
  8
3_ANYTOOL_CUTTHROUGH_INSID
100
AcDbVertex
100
AcDb2dVertex
 10
-277.6246334411885
 20
-80.87264575077856
 30
0.0000000003304486
  0
VERTEX
  5
430
330
3E0
100
AcDbEntity
  8
3_ANYTOOL_CUTTHROUGH_INSID
100
AcDbVertex
100
AcDb2dVertex
 10
-277.5987657240453
 20
-80.98100046637398
 30
0.0000000003304486
  0
VERTEX
  5
431
330
3E0
100
AcDbEntity
  8
3_ANYTOOL_CUTTHROUGH_INSID
100
AcDbVertex
100
AcDb2dVertex
 10
-277.5707065281254
 20
-81.08880632978763
 30
0.0000000003304486
  0
VERTEX
  5
432
330
3E0
100
AcDbEntity
  8
3_ANYTOOL_CUTTHROUGH_INSID
100
AcDbVertex
100
AcDb2dVertex
 10
-277.5404458308368
 20
-81.19601510010416
 30
0.0000000003304486
  0
VERTEX
  5
433
330
3E0
100
AcDbEntity
  8
3_ANYTOOL_CUTTHROUGH_INSID
100
AcDbVertex
100
AcDb2dVertex
 10
-277.5079736095871
 20
-81.30257853640826
 30
0.0000000003304486
  0
VERTEX
  5
434
330
3E0
100
AcDbEntity
  8
3_ANYTOOL_CUTTHROUGH_INSID
100
AcDbVertex
100
AcDb2dVertex
 10
-277.472550605755
 20
-81.41059539652836
 30
0.0000000003304486
  0
VERTEX
  5
435
330
3E0
100
AcDbEntity
  8
3_ANYTOOL_CUTTHROUGH_INSID
100
AcDbVertex
100
AcDb2dVertex
 10
-277.4348078977477
 20
-81.51782638877293
 30
0.0000000003304486
  0
VERTEX
  5
436
330
3E0
100
AcDbEntity
  8
3_ANYTOOL_CUTTHROUGH_INSID
100
AcDbVertex
100
AcDb2dVertex
 10
-277.3947387580599
 20
-81.62420776500969
 30
0.0000000003304486
  0
VERTEX
  5
437
330
3E0
100
AcDbEntity
  8
3_ANYTOOL_CUTTHROUGH_INSID
100
AcDbVertex
100
AcDb2dVertex
 10
-277.3523364591863
 20
-81.72967577710637
 30
0.0000000003304486
  0
VERTEX
  5
438
330
3E0
100
AcDbEntity
  8
3_ANYTOOL_CUTTHROUGH_INSID
100
AcDbVertex
100
AcDb2dVertex
 10
-277.3075942736217
 20
-81.83416667693069
 30
0.0000000003304486
  0
VERTEX
  5
439
330
3E0
100
AcDbEntity
  8
3_ANYTOOL_CUTTHROUGH_INSID
100
AcDbVertex
100
AcDb2dVertex
 10
-277.2605054738606
 20
-81.93761671635039
 30
0.0000000003304486
  0
VERTEX
  5
43A
330
3E0
100
AcDbEntity
  8
3_ANYTOOL_CUTTHROUGH_INSID
100
AcDbVertex
100
AcDb2dVertex
 10
-277.2110633323978
 20
-82.03996214723321
 30
0.0000000003304486
  0
VERTEX
  5
43B
330
3E0
100
AcDbEntity
  8
3_ANYTOOL_CUTTHROUGH_INSID
100
AcDbVertex
100
AcDb2dVertex
 10
-277.1592611217279
 20
-82.14113922144685
 30
0.0000000003304486
  0
VERTEX
  5
43C
330
3E0
100
AcDbEntity
  8
3_ANYTOOL_CUTTHROUGH_INSID
100
AcDbVertex
100
AcDb2dVertex
 10
-277.1052064561521
 20
-82.24088032016462
 30
0.0000000003304486
  0
VERTEX
  5
43D
330
3E0
100
AcDbEntity
  8
3_ANYTOOL_CUTTHROUGH_INSID
100
AcDbVertex
100
AcDb2dVertex
 10
-277.0488005743414
 20
-82.33931583427932
 30
0.0000000003304486
  0
VERTEX
  5
43E
330
3E0
100
AcDbEntity
  8
3_ANYTOOL_CUTTHROUGH_INSID
100
AcDbVertex
100
AcDb2dVertex
 10
-276.9900494689789
 20
-82.43636729278435
 30
0.0000000003304486
  0
VERTEX
  5
43F
330
3E0
100
AcDbEntity
  8
3_ANYTOOL_CUTTHROUGH_INSID
100
AcDbVertex
100
AcDb2dVertex
 10
-276.9289591327477
 20
-82.53195622467312
 30
0.0000000003304486
  0
VERTEX
  5
440
330
3E0
100
AcDbEntity
  8
3_ANYTOOL_CUTTHROUGH_INSID
100
AcDbVertex
100
AcDb2dVertex
 10
-276.8655355583309
 20
-82.62600415893903
 30
0.0000000003304486
  0
VERTEX
  5
441
330
3E0
100
AcDbEntity
  8
3_ANYTOOL_CUTTHROUGH_INSID
100
AcDbVertex
100
AcDb2dVertex
 10
-276.7997847384116
 20
-82.71843262457548
 30
0.0000000003304486
  0
VERTEX
  5
442
330
3E0
100
AcDbEntity
  8
3_ANYTOOL_CUTTHROUGH_INSID
100
AcDbVertex
100
AcDb2dVertex
 10
-276.7317126656728
 20
-82.80916315057587
 30
0.0000000003304486
  0
VERTEX
  5
443
330
3E0
100
AcDbEntity
  8
3_ANYTOOL_CUTTHROUGH_INSID
100
AcDbVertex
100
AcDb2dVertex
 10
-276.6613253327978
 20
-82.89811726593356
 30
0.0000000003304486
  0
VERTEX
  5
444
330
3E0
100
AcDbEntity
  8
3_ANYTOOL_CUTTHROUGH_INSID
100
AcDbVertex
100
AcDb2dVertex
 10
-276.5901822885044
 20
-82.98340627197521
 30
0.0000000003304486
  0
VERTEX
  5
445
330
3E0
100
AcDbEntity
  8
3_ANYTOOL_CUTTHROUGH_INSID
100
AcDbVertex
100
AcDb2dVertex
 10
-276.5168557327561
 20
-83.06683370967383
 30
0.0000000003304486
  0
VERTEX
  5
446
330
3E0
100
AcDbEntity
  8
3_ANYTOOL_CUTTHROUGH_INSID
100
AcDbVertex
100
AcDb2dVertex
 10
-276.4413755000417
 20
-83.14831584493777
 30
0.0000000003304486
  0
VERTEX
  5
447
330
3E0
100
AcDbEntity
  8
3_ANYTOOL_CUTTHROUGH_INSID
100
AcDbVertex
100
AcDb2dVertex
 10
-276.3637714248497
 20
-83.22776894367534
 30
0.0000000003304486
  0
VERTEX
  5
448
330
3E0
100
AcDbEntity
  8
3_ANYTOOL_CUTTHROUGH_INSID
100
AcDbVertex
100
AcDb2dVertex
 10
-276.2840733416687
 20
-83.30510927179489
 30
0.0000000003304486
  0
VERTEX
  5
449
330
3E0
100
AcDbEntity
  8
3_ANYTOOL_CUTTHROUGH_INSID
100
AcDbVertex
100
AcDb2dVertex
 10
-276.2023110849873
 20
-83.38025309520475
 30
0.0000000003304486
  0
VERTEX
  5
44A
330
3E0
100
AcDbEntity
  8
3_ANYTOOL_CUTTHROUGH_INSID
100
AcDbVertex
100
AcDb2dVertex
 10
-276.1185144892943
 20
-83.45311667981326
 30
0.0000000003304486
  0
VERTEX
  5
44B
330
3E0
100
AcDbEntity
  8
3_ANYTOOL_CUTTHROUGH_INSID
100
AcDbVertex
100
AcDb2dVertex
 10
-276.032713389078
 20
-83.52361629152873
 30
0.0000000003304486
  0
VERTEX
  5
44C
330
3E0
100
AcDbEntity
  8
3_ANYTOOL_CUTTHROUGH_INSID
100
AcDbVertex
100
AcDb2dVertex
 10
-275.9480122679656
 20
-83.5893564180547
 30
0.0000000003304486
  0
VERTEX
  5
44D
330
3E0
100
AcDbEntity
  8
3_ANYTOOL_CUTTHROUGH_INSID
100
AcDbVertex
100
AcDb2dVertex
 10
-275.8615287542572
 20
-83.6527449804364
 30
0.0000000003304486
  0
VERTEX
  5
44E
330
3E0
100
AcDbEntity
  8
3_ANYTOOL_CUTTHROUGH_INSID
100
AcDbVertex
100
AcDb2dVertex
 10
-275.7733208525095
 20
-83.71371168324123
 30
0.0000000003304486
  0
VERTEX
  5
44F
330
3E0
100
AcDbEntity
  8
3_ANYTOOL_CUTTHROUGH_INSID
100
AcDbVertex
100
AcDb2dVertex
 10
-275.6834465672795
 20
-83.77218623103673
 30
0.0000000003304486
  0
VERTEX
  5
450
330
3E0
100
AcDbEntity
  8
3_ANYTOOL_CUTTHROUGH_INSID
100
AcDbVertex
100
AcDb2dVertex
 10
-275.5919639031239
 20
-83.82809832839035
 30
0.0000000003304486
  0
VERTEX
  5
451
330
3E0
100
AcDbEntity
  8
3_ANYTOOL_CUTTHROUGH_INSID
100
AcDbVertex
100
AcDb2dVertex
 10
-275.4989308645996
 20
-83.8813776798696
 30
0.0000000003304486
  0
VERTEX
  5
452
330
3E0
100
AcDbEntity
  8
3_ANYTOOL_CUTTHROUGH_INSID
100
AcDbVertex
100
AcDb2dVertex
 10
-275.4044054562635
 20
-83.93195399004196
 30
0.0000000003304486
  0
VERTEX
  5
453
330
3E0
100
AcDbEntity
  8
3_ANYTOOL_CUTTHROUGH_INSID
100
AcDbVertex
100
AcDb2dVertex
 10
-275.3084456826724
 20
-83.97975696347496
 30
0.0000000003304486
  0
VERTEX
  5
454
330
3E0
100
AcDbEntity
  8
3_ANYTOOL_CUTTHROUGH_INSID
100
AcDbVertex
100
AcDb2dVertex
 10
-275.2152996828161
 20
-84.02285843019375
 30
0.0000000003304486
  0
VERTEX
  5
455
330
3E0
100
AcDbEntity
  8
3_ANYTOOL_CUTTHROUGH_INSID
100
AcDbVertex
100
AcDb2dVertex
 10
-275.1209688153547
 20
-84.06331545635035
 30
0.0000000003304486
  0
VERTEX
  5
456
330
3E0
100
AcDbEntity
  8
3_ANYTOOL_CUTTHROUGH_INSID
100
AcDbVertex
100
AcDb2dVertex
 10
-275.0255294805689
 20
-84.10108944587006
 30
0.0000000003304486
  0
VERTEX
  5
457
330
3E0
100
AcDbEntity
  8
3_ANYTOOL_CUTTHROUGH_INSID
100
AcDbVertex
100
AcDb2dVertex
 10
-274.9290580787397
 20
-84.13614180267825
 30
0.0000000003304486
  0
VERTEX
  5
458
330
3E0
100
AcDbEntity
  8
3_ANYTOOL_CUTTHROUGH_INSID
100
AcDbVertex
100
AcDb2dVertex
 10
-274.8316310101477
 20
-84.16843393070025
 30
0.0000000003304486
  0
VERTEX
  5
459
330
3E0
100
AcDbEntity
  8
3_ANYTOOL_CUTTHROUGH_INSID
100
AcDbVertex
100
AcDb2dVertex
 10
-274.7333246750738
 20
-84.19792723386136
 30
0.0000000003304486
  0
VERTEX
  5
45A
330
3E0
100
AcDbEntity
  8
3_ANYTOOL_CUTTHROUGH_INSID
100
AcDbVertex
100
AcDb2dVertex
 10
-274.634215473799
 20
-84.22458311608693
 30
0.0000000003304486
  0
VERTEX
  5
45B
330
3E0
100
AcDbEntity
  8
3_ANYTOOL_CUTTHROUGH_INSID
100
AcDbVertex
100
AcDb2dVertex
 10
-274.5343798066039
 20
-84.24836298130228
 30
0.0000000003304486
  0
VERTEX
  5
45C
330
3E0
100
AcDbEntity
  8
3_ANYTOOL_CUTTHROUGH_INSID
100
AcDbVertex
100
AcDb2dVertex
 10
-274.4386454574755
 20
-84.26831574786272
 30
0.0000000003304486
  0
VERTEX
  5
45D
330
3E0
100
AcDbEntity
  8
3_ANYTOOL_CUTTHROUGH_INSID
100
AcDbVertex
100
AcDb2dVertex
 10
-274.3423950303373
 20
-84.28561888539184
 30
0.0000000003304486
  0
VERTEX
  5
45E
330
3E0
100
AcDbEntity
  8
3_ANYTOOL_CUTTHROUGH_INSID
100
AcDbVertex
100
AcDb2dVertex
 10
-274.2457026733521
 20
-84.30026908366396
 30
0.0000000003304486
  0
VERTEX
  5
45F
330
3E0
100
AcDbEntity
  8
3_ANYTOOL_CUTTHROUGH_INSID
100
AcDbVertex
100
AcDb2dVertex
 10
-274.148642534683
 20
-84.31226303245334
 30
0.0000000003304486
  0
VERTEX
  5
460
330
3E0
100
AcDbEntity
  8
3_ANYTOOL_CUTTHROUGH_INSID
100
AcDbVertex
100
AcDb2dVertex
 10
-274.0512887624929
 20
-84.32159742153429
 30
0.0000000003304486
  0
VERTEX
  5
461
330
3E0
100
AcDbEntity
  8
3_ANYTOOL_CUTTHROUGH_INSID
100
AcDbVertex
100
AcDb2dVertex
 10
-273.9537155049447
 20
-84.32826894068108
 30
0.0000000003304486
  0
VERTEX
  5
462
330
3E0
100
AcDbEntity
  8
3_ANYTOOL_CUTTHROUGH_INSID
100
AcDbVertex
100
AcDb2dVertex
 10
-273.8559969102014
 20
-84.332274279668
 30
0.0000000003304486
  0
VERTEX
  5
463
330
3E0
100
AcDbEntity
  8
3_ANYTOOL_CUTTHROUGH_INSID
100
AcDbVertex
100
AcDb2dVertex
 10
-273.758207126426
 20
-84.33361012826936
 30
0.0000000003304486
  0
SEQEND
  5
464
330
3E0
100
AcDbEntity
  8
3_ANYTOOL_CUTTHROUGH_INSID
  0
POLYLINE
  5
465
330
1F
100
AcDbEntity
  8
3_ANYTOOL_CUTTHROUGH_INSID
100
AcDb2dPolyline
 66
     1
 10
0.0
 20
0.0
 30
-0.0000000002387601
 70
     1
  0
VERTEX
  5
466
330
465
100
AcDbEntity
  8
3_ANYTOOL_CUTTHROUGH_INSID
100
AcDbVertex
100
AcDb2dVertex
 10
-168.7678287386389
 20
-43.28935473706952
 30
-0.0000000002387601
  0
VERTEX
  5
467
330
465
100
AcDbEntity
  8
3_ANYTOOL_CUTTHROUGH_INSID
100
AcDbVertex
100
AcDb2dVertex
 10
-168.7678287386389
 20
-37.2893547831336
 30
-0.0000000002387601
  0
VERTEX
  5
468
330
465
100
AcDbEntity
  8
3_ANYTOOL_CUTTHROUGH_INSID
100
AcDbVertex
100
AcDb2dVertex
 10
-156.7678582210592
 20
-37.28935699432623
 30
-0.0000000002387601
  0
VERTEX
  5
469
330
465
100
AcDbEntity
  8
3_ANYTOOL_CUTTHROUGH_INSID
100
AcDbVertex
100
AcDb2dVertex
 10
-156.7678582210501
 20
-24.78935694826214
 30
-0.0000000002387601
  0
VERTEX
  5
46A
330
465
100
AcDbEntity
  8
3_ANYTOOL_CUTTHROUGH_INSID
100
AcDbVertex
100
AcDb2dVertex
 10
-162.7678582210829
 20
-24.78935694825486
 30
-0.0000000002387601
  0
VERTEX
  5
46B
330
465
100
AcDbEntity
  8
3_ANYTOOL_CUTTHROUGH_INSID
100
AcDbVertex
100
AcDb2dVertex
 10
-162.7678582211211
 20
24.71064305168693
 30
-0.0000000002387601
  0
VERTEX
  5
46C
330
465
100
AcDbEntity
  8
3_ANYTOOL_CUTTHROUGH_INSID
100
AcDbVertex
100
AcDb2dVertex
 10
-156.7678582211465
 20
24.71064305167965
 30
-0.0000000002387601
  0
VERTEX
  5
46D
330
465
100
AcDbEntity
  8
3_ANYTOOL_CUTTHROUGH_INSID
100
AcDbVertex
100
AcDb2dVertex
 10
-156.7678582211374
 20
37.21064300561557
 30
-0.0000000002387601
  0
VERTEX
  5
46E
330
465
100
AcDbEntity
  8
3_ANYTOOL_CUTTHROUGH_INSID
100
AcDbVertex
100
AcDb2dVertex
 10
-168.7678287384606
 20
37.21064521685912
 30
-0.0000000002387601
  0
VERTEX
  5
46F
330
465
100
AcDbEntity
  8
3_ANYTOOL_CUTTHROUGH_INSID
100
AcDbVertex
100
AcDb2dVertex
 10
-168.7678287384606
 20
43.21064526292321
 30
-0.0000000002387601
  0
VERTEX
  5
470
330
465
100
AcDbEntity
  8
3_ANYTOOL_CUTTHROUGH_INSID
100
AcDbVertex
100
AcDb2dVertex
 10
-181.2678287384606
 20
43.21064526290866
 30
-0.0000000002387601
  0
VERTEX
  5
471
330
465
100
AcDbEntity
  8
3_ANYTOOL_CUTTHROUGH_INSID
100
AcDbVertex
100
AcDb2dVertex
 10
-181.2678287386352
 20
9.254898442595731
 30
-0.0000000002387601
  0
VERTEX
  5
472
330
465
100
AcDbEntity
  8
3_ANYTOOL_CUTTHROUGH_INSID
100
AcDbVertex
100
AcDb2dVertex
 10
-244.7678287384315
 20
9.254898442944977
 30
-0.0000000002387601
  0
VERTEX
  5
473
330
465
100
AcDbEntity
  8
3_ANYTOOL_CUTTHROUGH_INSID
100
AcDbVertex
100
AcDb2dVertex
 10
-244.7678287384315
 20
15.25489844294498
 30
-0.0000000002387601
  0
VERTEX
  5
474
330
465
100
AcDbEntity
  8
3_ANYTOOL_CUTTHROUGH_INSID
100
AcDbVertex
100
AcDb2dVertex
 10
-257.267828738446
 20
15.25489844295953
 30
-0.0000000002387601
  0
VERTEX
  5
475
330
465
100
AcDbEntity
  8
3_ANYTOOL_CUTTHROUGH_INSID
100
AcDbVertex
100
AcDb2dVertex
 10
-257.2678287384933
 20
-33.24510155703319
 30
-0.0000000002387601
  0
VERTEX
  5
476
330
465
100
AcDbEntity
  8
3_ANYTOOL_CUTTHROUGH_INSID
100
AcDbVertex
100
AcDb2dVertex
 10
-244.7678287384788
 20
-33.24510155704047
 30
-0.0000000002387601
  0
VERTEX
  5
477
330
465
100
AcDbEntity
  8
3_ANYTOOL_CUTTHROUGH_INSID
100
AcDbVertex
100
AcDb2dVertex
 10
-244.7678287384624
 20
-27.24510155704775
 30
-0.0000000002387601
  0
VERTEX
  5
478
330
465
100
AcDbEntity
  8
3_ANYTOOL_CUTTHROUGH_INSID
100
AcDbVertex
100
AcDb2dVertex
 10
-219.267828737984
 20
-27.24510155725147
 30
-0.0000000002387601
  0
VERTEX
  5
479
330
465
100
AcDbEntity
  8
3_ANYTOOL_CUTTHROUGH_INSID
100
AcDbVertex
100
AcDb2dVertex
 10
-219.267828737984
 20
-33.24510155725147
 30
-0.0000000002387601
  0
VERTEX
  5
47A
330
465
100
AcDbEntity
  8
3_ANYTOOL_CUTTHROUGH_INSID
100
AcDbVertex
100
AcDb2dVertex
 10
-206.767828737984
 20
-33.24510155725147
 30
-0.0000000002387601
  0
VERTEX
  5
47B
330
465
100
AcDbEntity
  8
3_ANYTOOL_CUTTHROUGH_INSID
100
AcDbVertex
100
AcDb2dVertex
 10
-206.7678287379676
 20
-9.24510155725875
 30
-0.0000000002387601
  0
VERTEX
  5
47C
330
465
100
AcDbEntity
  8
3_ANYTOOL_CUTTHROUGH_INSID
100
AcDbVertex
100
AcDb2dVertex
 10
-181.267828738637
 20
-9.245101557404269
 30
-0.0000000002387601
  0
VERTEX
  5
47D
330
465
100
AcDbEntity
  8
3_ANYTOOL_CUTTHROUGH_INSID
100
AcDbVertex
100
AcDb2dVertex
 10
-181.2678287386534
 20
-43.28935473708407
 30
-0.0000000002387601
  0
SEQEND
  5
47E
330
465
100
AcDbEntity
  8
3_ANYTOOL_CUTTHROUGH_INSID
  0
POLYLINE
  5
480
330
1F
100
AcDbEntity
  8
4_ANYTOOL_CUTTHROUGH_OUTSI
100
AcDb2dPolyline
 66
     1
 10
0.0
 20
0.0
 30
0.0
 70
     1
  0
VERTEX
  5
481
330
480
100
AcDbEntity
  8
4_ANYTOOL_CUTTHROUGH_OUTSI
100
AcDbVertex
100
AcDb2dVertex
 10
286.7321417777239
 20
-27.69625011136668
 30
0.0
  0
VERTEX
  5
482
330
480
100
AcDbEntity
  8
4_ANYTOOL_CUTTHROUGH_OUTSI
100
AcDbVertex
100
AcDb2dVertex
 10
286.7321417777348
 20
-92.83361013027752
 30
0.0
  0
VERTEX
  5
483
330
480
100
AcDbEntity
  8
4_ANYTOOL_CUTTHROUGH_OUTSI
100
AcDbVertex
100
AcDb2dVertex
 10
-162.7678582208609
 20
-92.8336101314926
 30
0.0
  0
VERTEX
  5
484
330
480
100
AcDbEntity
  8
4_ANYTOOL_CUTTHROUGH_OUTSI
100
AcDbVertex
100
AcDb2dVertex
 10
-162.7678582173266
 20
-69.08361012914247
 30
0.0
 42
0.4142135624114595
  0
VERTEX
  5
485
330
480
100
AcDbEntity
  8
4_ANYTOOL_CUTTHROUGH_OUTSI
100
AcDbVertex
100
AcDb2dVertex
 10
-163.017858217323
 20
-68.83361012910609
 30
0.0
  0
VERTEX
  5
486
330
480
100
AcDbEntity
  8
4_ANYTOOL_CUTTHROUGH_OUTSI
100
AcDbVertex
100
AcDb2dVertex
 10
-175.0178582158842
 20
-68.83361012893147
 30
0.0
 42
0.4142135623560464
  0
VERTEX
  5
487
330
480
100
AcDbEntity
  8
4_ANYTOOL_CUTTHROUGH_OUTSI
100
AcDbVertex
100
AcDb2dVertex
 10
-175.2678582158842
 20
-69.08361012893147
 30
0.0
  0
VERTEX
  5
488
330
480
100
AcDbEntity
  8
4_ANYTOOL_CUTTHROUGH_OUTSI
100
AcDbVertex
100
AcDb2dVertex
 10
-175.2678582158733
 20
-74.83361012898968
 30
0.0
  0
VERTEX
  5
489
330
480
100
AcDbEntity
  8
4_ANYTOOL_CUTTHROUGH_OUTSI
100
AcDbVertex
100
AcDb2dVertex
 10
-200.7678582158132
 20
-74.83361012868409
 30
0.0
  0
VERTEX
  5
48A
330
480
100
AcDbEntity
  8
4_ANYTOOL_CUTTHROUGH_OUTSI
100
AcDbVertex
100
AcDb2dVertex
 10
-200.7678582158296
 20
-69.08361012869136
 30
0.0
 42
0.4142135623730716
  0
VERTEX
  5
48B
330
480
100
AcDbEntity
  8
4_ANYTOOL_CUTTHROUGH_OUTSI
100
AcDbVertex
100
AcDb2dVertex
 10
-201.0178582158296
 20
-68.83361012869136
 30
0.0
  0
VERTEX
  5
48C
330
480
100
AcDbEntity
  8
4_ANYTOOL_CUTTHROUGH_OUTSI
100
AcDbVertex
100
AcDb2dVertex
 10
-213.0178582158278
 20
-68.83361012868409
 30
0.0
 42
0.4142135624071905
  0
VERTEX
  5
48D
330
480
100
AcDbEntity
  8
4_ANYTOOL_CUTTHROUGH_OUTSI
100
AcDbVertex
100
AcDb2dVertex
 10
-213.2678582158205
 20
-69.08361012869136
 30
0.0
  0
VERTEX
  5
48E
330
480
100
AcDbEntity
  8
4_ANYTOOL_CUTTHROUGH_OUTSI
100
AcDbVertex
100
AcDb2dVertex
 10
-213.2678582158442
 20
-92.83361012868409
 30
0.0
  0
VERTEX
  5
48F
330
480
100
AcDbEntity
  8
4_ANYTOOL_CUTTHROUGH_OUTSI
100
AcDbVertex
100
AcDb2dVertex
 10
-312.7678582178814
 20
-92.83361012806563
 30
0.0
  0
VERTEX
  5
490
330
480
100
AcDbEntity
  8
4_ANYTOOL_CUTTHROUGH_OUTSI
100
AcDbVertex
100
AcDb2dVertex
 10
-312.7678582162371
 20
-59.33361012814566
 30
0.0
  0
VERTEX
  5
491
330
480
100
AcDbEntity
  8
4_ANYTOOL_CUTTHROUGH_OUTSI
100
AcDbVertex
100
AcDb2dVertex
 10
-289.0178582158569
 20
-59.33361012813839
 30
0.0
 42
0.4142135623901632
  0
VERTEX
  5
492
330
480
100
AcDbEntity
  8
4_ANYTOOL_CUTTHROUGH_OUTSI
100
AcDbVertex
100
AcDb2dVertex
 10
-288.7678582158569
 20
-59.08361012813839
 30
0.0
  0
VERTEX
  5
493
330
480
100
AcDbEntity
  8
4_ANYTOOL_CUTTHROUGH_OUTSI
100
AcDbVertex
100
AcDb2dVertex
 10
-288.7678582158424
 20
-47.08361012815294
 30
0.0
 42
0.4142135623560464
  0
VERTEX
  5
494
330
480
100
AcDbEntity
  8
4_ANYTOOL_CUTTHROUGH_OUTSI
100
AcDbVertex
100
AcDb2dVertex
 10
-289.0178582158424
 20
-46.83361012815294
 30
0.0
  0
VERTEX
  5
495
330
480
100
AcDbEntity
  8
4_ANYTOOL_CUTTHROUGH_OUTSI
100
AcDbVertex
100
AcDb2dVertex
 10
-294.7678582158424
 20
-46.83361012815294
 30
0.0
  0
VERTEX
  5
496
330
480
100
AcDbEntity
  8
4_ANYTOOL_CUTTHROUGH_OUTSI
100
AcDbVertex
100
AcDb2dVertex
 10
-294.7678582158405
 20
-39.24461012819665
 30
0.0
  0
VERTEX
  5
497
330
480
100
AcDbEntity
  8
4_ANYTOOL_CUTTHROUGH_OUTSI
100
AcDbVertex
100
AcDb2dVertex
 10
-289.0178582158424
 20
-39.24461012821121
 30
0.0
 42
0.4142135623943768
  0
VERTEX
  5
498
330
480
100
AcDbEntity
  8
4_ANYTOOL_CUTTHROUGH_OUTSI
100
AcDbVertex
100
AcDb2dVertex
 10
-288.7678582158387
 20
-38.99461012821121
 30
0.0
  0
VERTEX
  5
499
330
480
100
AcDbEntity
  8
4_ANYTOOL_CUTTHROUGH_OUTSI
100
AcDbVertex
100
AcDb2dVertex
 10
-288.7678582158405
 20
-26.99461012822576
 30
0.0
 42
0.4142135623836805
  0
VERTEX
  5
49A
330
480
100
AcDbEntity
  8
4_ANYTOOL_CUTTHROUGH_OUTSI
100
AcDbVertex
100
AcDb2dVertex
 10
-289.0178582158405
 20
-26.7446101282203
 30
0.0
  0
VERTEX
  5
49B
330
480
100
AcDbEntity
  8
4_ANYTOOL_CUTTHROUGH_OUTSI
100
AcDbVertex
100
AcDb2dVertex
 10
-312.7678582158551
 20
-26.74461012821848
 30
0.0
  0
VERTEX
  5
49C
330
480
100
AcDbEntity
  8
4_ANYTOOL_CUTTHROUGH_OUTSI
100
AcDbVertex
100
AcDb2dVertex
 10
-312.7678582158387
 20
10.66638987171609
 30
0.0
  0
VERTEX
  5
49D
330
480
100
AcDbEntity
  8
4_ANYTOOL_CUTTHROUGH_OUTSI
100
AcDbVertex
100
AcDb2dVertex
 10
-289.0178582180797
 20
10.66638987170882
 30
0.0
 42
0.4142135623624345
  0
VERTEX
  5
49E
330
480
100
AcDbEntity
  8
4_ANYTOOL_CUTTHROUGH_OUTSI
100
AcDbVertex
100
AcDb2dVertex
 10
-288.7678582180743
 20
10.91638987170882
 30
0.0
  0
VERTEX
  5
49F
330
480
100
AcDbEntity
  8
4_ANYTOOL_CUTTHROUGH_OUTSI
100
AcDbVertex
100
AcDb2dVertex
 10
-288.7678582181088
 20
22.91638987169426
 30
0.0
 42
0.4142135623879539
  0
VERTEX
  5
4A0
330
480
100
AcDbEntity
  8
4_ANYTOOL_CUTTHROUGH_OUTSI
100
AcDbVertex
100
AcDb2dVertex
 10
-289.0178582181088
 20
23.16638987169608
 30
0.0
  0
VERTEX
  5
4A1
330
480
100
AcDbEntity
  8
4_ANYTOOL_CUTTHROUGH_OUTSI
100
AcDbVertex
100
AcDb2dVertex
 10
-294.7678582180579
 20
23.16638987169426
 30
0.0
  0
VERTEX
  5
4A2
330
480
100
AcDbEntity
  8
4_ANYTOOL_CUTTHROUGH_OUTSI
100
AcDbVertex
100
AcDb2dVertex
 10
-294.7678582158878
 20
33.66638987166516
 30
0.0
  0
VERTEX
  5
4A3
330
480
100
AcDbEntity
  8
4_ANYTOOL_CUTTHROUGH_OUTSI
100
AcDbVertex
100
AcDb2dVertex
 10
-289.0178582180924
 20
33.66638987166516
 30
0.0
 42
0.414213562353917
  0
VERTEX
  5
4A4
330
480
100
AcDbEntity
  8
4_ANYTOOL_CUTTHROUGH_OUTSI
100
AcDbVertex
100
AcDb2dVertex
 10
-288.7678582180943
 20
33.91638987166516
 30
0.0
  0
VERTEX
  5
4A5
330
480
100
AcDbEntity
  8
4_ANYTOOL_CUTTHROUGH_OUTSI
100
AcDbVertex
100
AcDb2dVertex
 10
-288.7678582180924
 20
45.91638987165061
 30
0.0
 42
0.4142135623751813
  0
VERTEX
  5
4A6
330
480
100
AcDbEntity
  8
4_ANYTOOL_CUTTHROUGH_OUTSI
100
AcDbVertex
100
AcDb2dVertex
 10
-289.0178582180924
 20
46.16638987164879
 30
0.0
  0
VERTEX
  5
4A7
330
480
100
AcDbEntity
  8
4_ANYTOOL_CUTTHROUGH_OUTSI
100
AcDbVertex
100
AcDb2dVertex
 10
-312.7678582163771
 20
46.16638987162878
 30
0.0
  0
VERTEX
  5
4A8
330
480
100
AcDbEntity
  8
4_ANYTOOL_CUTTHROUGH_OUTSI
100
AcDbVertex
100
AcDb2dVertex
 10
-312.7678582158333
 20
92.66638987154147
 30
0.0
  0
VERTEX
  5
4A9
330
480
100
AcDbEntity
  8
4_ANYTOOL_CUTTHROUGH_OUTSI
100
AcDbVertex
100
AcDb2dVertex
 10
-213.267858220288
 20
92.6663898711995
 30
0.0
  0
VERTEX
  5
4AA
330
480
100
AcDbEntity
  8
4_ANYTOOL_CUTTHROUGH_OUTSI
100
AcDbVertex
100
AcDb2dVertex
 10
-213.2678582202898
 20
68.91638987137412
 30
0.0
 42
0.4142135623518083
  0
VERTEX
  5
4AB
330
480
100
AcDbEntity
  8
4_ANYTOOL_CUTTHROUGH_OUTSI
100
AcDbVertex
100
AcDb2dVertex
 10
-213.0178582202916
 20
68.6663898713723
 30
0.0
  0
VERTEX
  5
4AC
330
480
100
AcDbEntity
  8
4_ANYTOOL_CUTTHROUGH_OUTSI
100
AcDbVertex
100
AcDb2dVertex
 10
-201.017858220277
 20
68.66638987131591
 30
0.0
 42
0.4142135623880222
  0
VERTEX
  5
4AD
330
480
100
AcDbEntity
  8
4_ANYTOOL_CUTTHROUGH_OUTSI
100
AcDbVertex
100
AcDb2dVertex
 10
-200.7678582202789
 20
68.91638987131591
 30
0.0
  0
VERTEX
  5
4AE
330
480
100
AcDbEntity
  8
4_ANYTOOL_CUTTHROUGH_OUTSI
100
AcDbVertex
100
AcDb2dVertex
 10
-200.7678582202752
 20
74.66638987130864
 30
0.0
  0
VERTEX
  5
4AF
330
480
100
AcDbEntity
  8
4_ANYTOOL_CUTTHROUGH_OUTSI
100
AcDbVertex
100
AcDb2dVertex
 10
-175.2678582204353
 20
74.66638987089391
 30
0.0
  0
VERTEX
  5
4B0
330
480
100
AcDbEntity
  8
4_ANYTOOL_CUTTHROUGH_OUTSI
100
AcDbVertex
100
AcDb2dVertex
 10
-175.2678582204353
 20
68.91638987088663
 30
0.0
 42
0.4142135623432782
  0
VERTEX
  5
4B1
330
480
100
AcDbEntity
  8
4_ANYTOOL_CUTTHROUGH_OUTSI
100
AcDbVertex
100
AcDb2dVertex
 10
-175.0178582204353
 20
68.66638987089027
 30
0.0
  0
VERTEX
  5
4B2
330
480
100
AcDbEntity
  8
4_ANYTOOL_CUTTHROUGH_OUTSI
100
AcDbVertex
100
AcDb2dVertex
 10
-163.0178582204171
 20
68.66638987088663
 30
0.0
 42
0.4142135624263468
  0
VERTEX
  5
4B3
330
480
100
AcDbEntity
  8
4_ANYTOOL_CUTTHROUGH_OUTSI
100
AcDbVertex
100
AcDb2dVertex
 10
-162.7678582204226
 20
68.91638987089391
 30
0.0
  0
VERTEX
  5
4B4
330
480
100
AcDbEntity
  8
4_ANYTOOL_CUTTHROUGH_OUTSI
100
AcDbVertex
100
AcDb2dVertex
 10
-162.7678582213011
 20
92.66638987101032
 30
0.0
  0
VERTEX
  5
4B5
330
480
100
AcDbEntity
  8
4_ANYTOOL_CUTTHROUGH_OUTSI
100
AcDbVertex
100
AcDb2dVertex
 10
286.7321417777312
 20
92.66638986999169
 30
0.0
  0
VERTEX
  5
4B6
330
480
100
AcDbEntity
  8
4_ANYTOOL_CUTTHROUGH_OUTSI
100
AcDbVertex
100
AcDb2dVertex
 10
286.7321417777348
 20
27.52943617630081
 30
0.0
 42
0.5220993284537172
  0
VERTEX
  5
4B7
330
480
100
AcDbEntity
  8
4_ANYTOOL_CUTTHROUGH_OUTSI
100
AcDbVertex
100
AcDb2dVertex
 10
295.1480467868737
 20
21.66672728949565
 30
0.0
  0
VERTEX
  5
4B8
330
480
100
AcDbEntity
  8
4_ANYTOOL_CUTTHROUGH_OUTSI
100
AcDbVertex
100
AcDb2dVertex
 10
316.8371562921511
 20
29.67949951277113
 30
0.0
 42
-0.5019764255538016
  0
VERTEX
  5
4B9
330
480
100
AcDbEntity
  8
4_ANYTOOL_CUTTHROUGH_OUTSI
100
AcDbVertex
100
AcDb2dVertex
 10
324.2318645194518
 20
24.16978335453314
 30
0.0
  0
VERTEX
  5
4BA
330
480
100
AcDbEntity
  8
4_ANYTOOL_CUTTHROUGH_OUTSI
100
AcDbVertex
100
AcDb2dVertex
 10
324.2323203120759
 20
-24.33630121936585
 30
0.0
 42
-0.5019765309748353
  0
VERTEX
  5
4BB
330
480
100
AcDbEntity
  8
4_ANYTOOL_CUTTHROUGH_OUTSI
100
AcDbVertex
100
AcDb2dVertex
 10
316.8374668638605
 20
-29.84601484084942
 30
0.0
  0
VERTEX
  5
4BC
330
480
100
AcDbEntity
  8
4_ANYTOOL_CUTTHROUGH_OUTSI
100
AcDbVertex
100
AcDb2dVertex
 10
295.1479484759966
 20
-21.83350490577141
 30
0.0
 42
0.5220939935251855
  0
SEQEND
  5
4BD
330
480
100
AcDbEntity
  8
4_ANYTOOL_CUTTHROUGH_OUTSI
  0
ENDSEC
  0
SECTION
  2
OBJECTS
  0
DICTIONARY
  5
C
330
0
100
AcDbDictionary
  3
ACAD_GROUP
350
D
  3
ACAD_LAYOUT
350
1A
  3
ACAD_MATERIAL
350
43
  3
ACAD_MLEADERSTYLE
350
5B
  3
ACAD_MLINESTYLE
350
17
  3
ACAD_PLOTSETTINGS
350
19
  3
ACAD_SCALELIST
350
47
  3
ACAD_VISUALSTYLE
350
2A
  3
ACDBHEADERROUNDTRIPXREC
350
4BE
  3
ACDBVARIABLEDICTIONARY
350
4DF
  3
DWGPROPS
350
4E6
  0
DICTIONARY
  5
4E7
330
8
100
AcDbDictionary
280
     1
  3
ACAD_XREC_ROUNDTRIP
360
4E8
  0
DICTIONARY
  5
D
102
{ACAD_REACTORS
330
C
102
}
330
C
100
AcDbDictionary
  0
DICTIONARY
  5
1A
102
{ACAD_REACTORS
330
C
102
}
330
C
100
AcDbDictionary
  0
DICTIONARY
  5
43
102
{ACAD_REACTORS
330
C
102
}
330
C
100
AcDbDictionary
  3
BYBLOCK
350
45
  3
BYLAYER
350
44
  3
GLOBAL
350
46
  0
DICTIONARY
  5
5B
102
{ACAD_REACTORS
330
C
102
}
330
C
100
AcDbDictionary
  3
STANDARD
350
5C
  0
DICTIONARY
  5
17
102
{ACAD_REACTORS
330
C
102
}
330
C
100
AcDbDictionary
  3
STANDARD
350
18
  0
DICTIONARY
  5
19
102
{ACAD_REACTORS
330
C
102
}
330
C
100
AcDbDictionary
  0
DICTIONARY
  5
47
102
{ACAD_REACTORS
330
C
102
}
330
C
100
AcDbDictionary
  3
A0
350
48
  3
A1
350
49
  3
A2
350
4A
  3
A3
350
4B
  3
A4
350
4C
  3
A5
350
4D
  3
A6
350
4E
  3
A7
350
4F
  3
A8
350
50
  3
A9
350
51
  3
B1
350
52
  3
B2
350
53
  3
B3
350
54
  3
B4
350
55
  3
B5
350
56
  3
B6
350
57
  3
B7
350
58
  0
DICTIONARY
  5
2A
102
{ACAD_REACTORS
330
C
102
}
330
C
100
AcDbDictionary
  3
2DWIREFRAME
350
2F
  3
BASIC
350
32
  3
BRIGHTEN
350
36
  3
COLORCHANGE
350
3A
  3
CONCEPTUAL
350
34
  3
DIM
350
35
  3
EDGECOLOROFF
350
3D
  3
FACEPATTERN
350
39
  3
FLAT
350
2B
  3
FLATWITHEDGES
350
2C
  3
GOURAUD
350
2D
  3
GOURAUDWITHEDGES
350
2E
  3
HIDDEN
350
31
  3
JITTEROFF
350
3B
  3
LINEPATTERN
350
38
  3
OVERHANGOFF
350
3C
  3
REALISTIC
350
33
  3
SHADED
350
42
  3
SHADED_WITH_EDGES
350
41
  3
SHADES_OF_GRAY
350
3E
  3
SKETCHY
350
3F
  3
THICKEN
350
37
  3
WIREFRAME
350
30
  3
X-RAY
350
40
  0
DICTIONARY
  5
4BE
102
{ACAD_REACTORS
330
C
102
}
330
C
100
AcDbDictionary
  3
CEPSNID
350
4C8
  3
CEPSNTYPE
350
4C7
  3
DIMSTYLEDATA
350
4DE
  3
FINGERPRINTGUID
350
4C9
  3
HYPERLINKBASE
350
4C1
  3
INSUNITS
350
4C6
  3
LAYOUTDICT
350
4C3
  3
LWETCUNION
350
4C5
  3
PLOTSETDICT
350
4C4
  3
PSVPSCALE
350
4CB
  3
PUCSBASE
350
4CE
  3
PUCSORGBACK
350
4D4
  3
PUCSORGBOTTOM
350
4D0
  3
PUCSORGFRONT
350
4D3
  3
PUCSORGLEFT
350
4D1
  3
PUCSORGRIGHT
350
4D2
  3
PUCSORGTOP
350
4CF
  3
PUCSORTHOREF
350
4CC
  3
PUCSORTHOVIEW
350
4CD
  3
STYLESHEET
350
4C2
  3
TSTACKALIGN
350
4BF
  3
TSTACKSIZE
350
4C0
  3
UCSBASE
350
4D7
  3
UCSORGBACK
350
4DD
  3
UCSORGBOTTOM
350
4D9
  3
UCSORGFRONT
350
4DC
  3
UCSORGLEFT
350
4DA
  3
UCSORGRIGHT
350
4DB
  3
UCSORGTOP
350
4D8
  3
UCSORTHOREF
350
4D5
  3
UCSORTHOVIEW
350
4D6
  3
VERSIONGUID
350
4CA
  0
DICTIONARY
  5
4DF
102
{ACAD_REACTORS
330
C
102
}
330
C
100
AcDbDictionary
  3
CANNOSCALE
350
4E9
  3
CMLEADERSTYLE
350
4E1
  3
CTABLESTYLE
350
4E0
  3
DIMASSOC
350
4E4
  3
HIDETEXT
350
4E5
  3
MSLTSCALE
350
4EA
  0
XRECORD
  5
4E6
102
{ACAD_REACTORS
330
C
102
}
330
C
100
AcDbXrecord
  1
DWGPROPS COOKIE
  2

  3

  4

  6

  7

  8
clayt
  9

300
=
301
=
302
=
303
=
304
=
305
=
306
=
307
=
308
=
309
=
 40
0.0
 41
2461243.606720741
 42
2461243.606720949
  1

 90
        0
  0
XRECORD
  5
4E8
102
{ACAD_REACTORS
330
4E7
102
}
330
4E7
100
AcDbXrecord
102
VTR_0.000_0.000_1.000_1.000_VISUALSTYLE
340
2F
102
VTR_0.000_0.000_1.000_1.000_GRIDDISPLAY
 70
     3
102
VTR_0.000_0.000_1.000_1.000_GRIDMAJOR
 70
     5
102
VTR_0.000_0.000_1.000_1.000_DEFAULTLIGHTING
280
     1
102
VTR_0.000_0.000_1.000_1.000_DEFAULTLIGHTINGTYPE
 70
     1
102
VTR_0.000_0.000_1.000_1.000_BRIGHTNESS
141
0.0
102
VTR_0.000_0.000_1.000_1.000_CONTRAST
142
0.0
  0
MATERIAL
  5
45
102
{ACAD_REACTORS
330
43
102
}
102
{ACAD_XDICTIONARY
360
4ED
102
}
330
43
100
AcDbMaterial
  1
BYBLOCK
  0
MATERIAL
  5
44
102
{ACAD_REACTORS
330
43
102
}
102
{ACAD_XDICTIONARY
360
4EB
102
}
330
43
100
AcDbMaterial
  1
BYLAYER
  0
MATERIAL
  5
46
102
{ACAD_REACTORS
330
43
102
}
102
{ACAD_XDICTIONARY
360
4EF
102
}
330
43
100
AcDbMaterial
  1
GLOBAL
  0
ACAD_PROXY_OBJECT
  5
5C
102
{ACAD_REACTORS
330
5B
102
}
330
5B
100
AcDbProxyObject
 90
      499
 91
      505
 93
      610
310
40901902A4063FBFFFFFE056BD1B81E855B9FC0AD7A3703D0AD73F4214DD185B99185C9900AD7A3703D0AC73F90141901A02B5E8DC0F42B1CFC02B5E8DC0F42B1CFE5764000000000000300FC0
340
14
340
0
340
11
340
0
 94
        0
1001
ACAD_MLEADERVER
1070
     2
  0
MLINESTYLE
  5
18
102
{ACAD_REACTORS
330
17
102
}
330
17
100
AcDbMlineStyle
  2
Standard
 70
     0
  3

 62
   256
 51
90.0
 52
90.0
 71
     2
 49
0.5
 62
   256
  6
BYLAYER
 49
-0.5
 62
   256
  6
BYLAYER
  0
ACAD_PROXY_OBJECT
  5
48
102
{ACAD_REACTORS
330
47
102
}
330
47
100
AcDbProxyObject
 90
      499
 91
      503
 93
       41
310
903313A31580
  0
ACAD_PROXY_OBJECT
  5
49
102
{ACAD_REACTORS
330
47
102
}
330
47
100
AcDbProxyObject
 90
      499
 91
      503
 93
      257
310
90E312F31323822203D2031272D3022000000000000200FC000000000000284000
  0
ACAD_PROXY_OBJECT
  5
4A
102
{ACAD_REACTORS
330
47
102
}
330
47
100
AcDbProxyObject
 90
      499
 91
      503
 93
      249
310
90D312F363422203D2031272D3022000000000000240FC000000000000284000
  0
ACAD_PROXY_OBJECT
  5
4B
102
{ACAD_REACTORS
330
47
102
}
330
47
100
AcDbProxyObject
 90
      499
 91
      503
 93
      249
310
90D312F333222203D2031272D3022000000000000280FC000000000000284000
  0
ACAD_PROXY_OBJECT
  5
4C
102
{ACAD_REACTORS
330
47
102
}
330
47
100
AcDbProxyObject
 90
      499
 91
      503
 93
      249
310
90D312F313622203D2031272D30220000000000002C0FC000000000000284000
  0
ACAD_PROXY_OBJECT
  5
4D
102
{ACAD_REACTORS
330
47
102
}
330
47
100
AcDbProxyObject
 90
      499
 91
      503
 93
      249
310
90D332F333222203D2031272D30220000000000002E0FC000000000000284000
  0
ACAD_PROXY_OBJECT
  5
4E
102
{ACAD_REACTORS
330
47
102
}
330
47
100
AcDbProxyObject
 90
      499
 91
      503
 93
      241
310
90C312F3822203D2031272D3022000000000000300FC000000000000284000
  0
ACAD_PROXY_OBJECT
  5
4F
102
{ACAD_REACTORS
330
47
102
}
330
47
100
AcDbProxyObject
 90
      499
 91
      503
 93
      249
310
90D332F313622203D2031272D3022000000000000320FC000000000000284000
  0
ACAD_PROXY_OBJECT
  5
50
102
{ACAD_REACTORS
330
47
102
}
330
47
100
AcDbProxyObject
 90
      499
 91
      503
 93
      241
310
90C312F3422203D2031272D3022000000000000340FC000000000000284000
  0
ACAD_PROXY_OBJECT
  5
51
102
{ACAD_REACTORS
330
47
102
}
330
47
100
AcDbProxyObject
 90
      499
 91
      503
 93
      241
310
90C332F3822203D2031272D3022000000000000360FC000000000000284000
  0
ACAD_PROXY_OBJECT
  5
52
102
{ACAD_REACTORS
330
47
102
}
330
47
100
AcDbProxyObject
 90
      499
 91
      503
 93
      241
310
90C312F3222203D2031272D3022000000000000380FC000000000000284000
  0
ACAD_PROXY_OBJECT
  5
53
102
{ACAD_REACTORS
330
47
102
}
330
47
100
AcDbProxyObject
 90
      499
 91
      503
 93
      241
310
90C332F3422203D2031272D30220000000000003A0FC000000000000284000
  0
ACAD_PROXY_OBJECT
  5
54
102
{ACAD_REACTORS
330
47
102
}
330
47
100
AcDbProxyObject
 90
      499
 91
      503
 93
      161
310
90A3122203D2031272D30224000000000000284000
  0
ACAD_PROXY_OBJECT
  5
55
102
{ACAD_REACTORS
330
47
102
}
330
47
100
AcDbProxyObject
 90
      499
 91
      503
 93
      257
310
90E312D312F3222203D2031272D30220000000000003E0FC000000000000284000
  0
ACAD_PROXY_OBJECT
  5
56
102
{ACAD_REACTORS
330
47
102
}
330
47
100
AcDbProxyObject
 90
      499
 91
      503
 93
      225
310
90A3322203D2031272D302200000000000002100000000000000284000
  0
ACAD_PROXY_OBJECT
  5
57
102
{ACAD_REACTORS
330
47
102
}
330
47
100
AcDbProxyObject
 90
      499
 91
      503
 93
      225
310
90A3622203D2031272D302200000000000006100000000000000284000
  0
ACAD_PROXY_OBJECT
  5
58
102
{ACAD_REACTORS
330
47
102
}
330
47
100
AcDbProxyObject
 90
      499
 91
      503
 93
      249
310
90D31272D3022203D2031272D30220000000000000A100000000000000284000
  0
ACAD_PROXY_OBJECT
  5
2F
102
{ACAD_REACTORS
330
2A
102
}
330
2A
100
AcDbProxyObject
 90
      499
 91
      501
 93
      436
310
42CC9915DA5C99599C985B595049028333333333333E33F0000000000000F90107901411070040501600405405064090741402480A0340
1001
ACAD
1000
AcDbSavedByObjectVersion
1070
     0
  0
ACAD_PROXY_OBJECT
  5
32
102
{ACAD_REACTORS
330
2A
102
}
330
2A
100
AcDbProxyObject
 90
      499
 91
      501
 93
      388
310
4150985CDA58D07406404333333333333E33F0000000000000F90107A41107004050150841D405064090741402480A0350
1001
ACAD
1000
AcDbSavedByObjectVersion
1070
     0
  0
ACAD_PROXY_OBJECT
  5
36
102
{ACAD_REACTORS
330
2A
102
}
330
2A
100
AcDbProxyObject
 90
      499
 91
      501
 93
      428
310
42109C9A59DA1D195B90C409028333333333333E33F0000000000000F9010790141107004050150841D405064090741402480A029950
1001
ACAD
1000
AcDbSavedByObjectVersion
1070
     0
  0
ACAD_PROXY_OBJECT
  5
3A
102
{ACAD_REACTORS
330
2A
102
}
330
2A
100
AcDbProxyObject
 90
      499
 91
      501
 93
      452
310
42D0DBDB1BDC90DA185B99D95104090240C333333333333E33F0000000000000F90108901411070040501508421405064090741402480A0350
1001
ACAD
1000
AcDbSavedByObjectVersion
1070
     0
  0
ACAD_PROXY_OBJECT
  5
34
102
{ACAD_REACTORS
330
2A
102
}
330
2A
100
AcDbProxyObject
 90
      499
 91
      501
 93
      500
310
4290DBDB98D95C1D1D585B10940D028333333333333E33F0000000000000F90107902409070040501000000000018199010841D405064090740C02480A0340
1001
ACAD
1000
AcDbSavedByObjectVersion
1070
     0
  0
ACAD_PROXY_OBJECT
  5
35
102
{ACAD_REACTORS
330
2A
102
}
330
2A
100
AcDbProxyObject
 90
      499
 91
      501
 93
      412
310
40D11A5B50B409028333333333333E33F0000000000000F9010790141107004050150841D405064090741402480A02677FFFFFD0
1001
ACAD
1000
AcDbSavedByObjectVersion
1070
     0
  0
ACAD_PROXY_OBJECT
  5
3D
102
{ACAD_REACTORS
330
2A
102
}
330
2A
100
AcDbProxyObject
 90
      499
 91
      501
 93
      452
310
43115919D950DBDB1BDC93D999916409028333333333333E33F0000000000000F9010790141107004050150841D405064090741402480A0350
1001
ACAD
1000
AcDbSavedByObjectVersion
1070
     0
  0
ACAD_PROXY_OBJECT
  5
39
102
{ACAD_REACTORS
330
2A
102
}
330
2A
100
AcDbProxyObject
 90
      499
 91
      501
 93
      444
310
42D19858D95C185D1D195C9B90F409028333333333333E33F0000000000000F9010790141107004050150841D405064090741402480A0350
1001
ACAD
1000
AcDbSavedByObjectVersion
1070
     0
  0
ACAD_PROXY_OBJECT
  5
2B
102
{ACAD_REACTORS
330
2A
102
}
330
2A
100
AcDbProxyObject
 90
      499
 91
      501
 93
      380
310
41119B185D240901404333333333333E33F0000000000000F9010740A907004050150841D405064090741402480A1B50
1001
ACAD
1000
AcDbSavedByObjectVersion
1070
     0
  0
ACAD_PROXY_OBJECT
  5
2C
102
{ACAD_REACTORS
330
2A
102
}
330
2A
100
AcDbProxyObject
 90
      499
 91
      501
 93
      468
310
43519B185D15DA5D1A115919D95CD0140901404333333333333E33F0000000000000F90107409019070040501600405405064090741402480A1B50
1001
ACAD
1000
AcDbSavedByObjectVersion
1070
     0
  0
ACAD_PROXY_OBJECT
  5
2D
102
{ACAD_REACTORS
330
2A
102
}
330
2A
100
AcDbProxyObject
 90
      499
 91
      501
 93
      404
310
41D1DBDD5C985D5910240902404333333333333E33F0000000000000F9010740A9070040501641D405064090741402480A1B50
1001
ACAD
1000
AcDbSavedByObjectVersion
1070
     0
  0
ACAD_PROXY_OBJECT
  5
2E
102
{ACAD_REACTORS
330
2A
102
}
330
2A
100
AcDbProxyObject
 90
      499
 91
      501
 93
      492
310
4411DBDD5C985D5915DA5D1A115919D95CD0340902404333333333333E33F0000000000000F90107409019070040501600405405064090741402480A1B50
1001
ACAD
1000
AcDbSavedByObjectVersion
1070
     0
  0
ACAD_PROXY_OBJECT
  5
31
102
{ACAD_REACTORS
330
2A
102
}
330
2A
100
AcDbProxyObject
 90
      499
 91
      501
 93
      476
310
41921A5919195B90640502408333333333333E33F0000000000000F901079024090700405020000000000001110200405405064090740C02480A0340
1001
ACAD
1000
AcDbSavedByObjectVersion
1070
     0
  0
ACAD_PROXY_OBJECT
  5
3B
102
{ACAD_REACTORS
330
2A
102
}
330
2A
100
AcDbProxyObject
 90
      499
 91
      501
 93
      428
310
42529A5D1D195C93D999914409028333333333333E33F0000000000000F9010790141107004050150A41D405064090741402480A0350
1001
ACAD
1000
AcDbSavedByObjectVersion
1070
     0
  0
ACAD_PROXY_OBJECT
  5
38
102
{ACAD_REACTORS
330
2A
102
}
330
2A
100
AcDbProxyObject
 90
      499
 91
      501
 93
      444
310
42D31A5B995C185D1D195C9B90E409028333333333333E33F0000000000000F9010790141107004050750841D405064090741402483A0350
1001
ACAD
1000
AcDbSavedByObjectVersion
1070
     0
  0
ACAD_PROXY_OBJECT
  5
3C
102
{ACAD_REACTORS
330
2A
102
}
330
2A
100
AcDbProxyObject
 90
      499
 91
      501
 93
      444
310
42D3DD995C9A185B99D3D999915409028333333333333E33F0000000000000F9010790141107004050150941D405064090741402480A0350
1001
ACAD
1000
AcDbSavedByObjectVersion
1070
     0
  0
ACAD_PROXY_OBJECT
  5
33
102
{ACAD_REACTORS
330
2A
102
}
330
2A
100
AcDbProxyObject
 90
      499
 91
      501
 93
      428
310
425499585B1A5CDD1A58D08409038333333333333E33F0000000000000F9010740A907004050150800405405064090740C02480A1B40
1001
ACAD
1000
AcDbSavedByObjectVersion
1070
     0
  0
ACAD_PROXY_OBJECT
  5
42
102
{ACAD_REACTORS
330
2A
102
}
330
2A
100
AcDbProxyObject
 90
      499
 91
      501
 93
      420
310
4194DA1859195911B40902404333333333333E33F0000000000000F9010740A41107004050150800405405064090840C02480A0B40
1001
ACAD
1000
AcDbSavedByObjectVersion
1070
     0
  0
ACAD_PROXY_OBJECT
  5
41
102
{ACAD_REACTORS
330
2A
102
}
330
2A
100
AcDbProxyObject
 90
      499
 91
      501
 93
      516
310
4454DA18591959081DDA5D1A08195919D95CD1A40902404333333333333E33F0000000000000F901074090142907004050250800405405064090740C02480A0B40
1001
ACAD
1000
AcDbSavedByObjectVersion
1070
     0
  0
ACAD_PROXY_OBJECT
  5
3E
102
{ACAD_REACTORS
330
2A
102
}
330
2A
100
AcDbProxyObject
 90
      499
 91
      501
 93
      532
310
4394DA1859195CC81BD98811DC985E5174090240C333333333333E33F0000000000000F901079024090741D01000000000000111010841D405064090740C02480A0340
1001
ACAD
1000
AcDbSavedByObjectVersion
1070
     0
  0
ACAD_PROXY_OBJECT
  5
3F
102
{ACAD_REACTORS
330
2A
102
}
330
2A
100
AcDbProxyObject
 90
      499
 91
      501
 93
      476
310
41D4DAD95D18DA1E51840502408333333333333E33F0000000000000F901079024090741D01000000000000111010B41D405064090741802480A0340
1001
ACAD
1000
AcDbSavedByObjectVersion
1070
     0
  0
ACAD_PROXY_OBJECT
  5
37
102
{ACAD_REACTORS
330
2A
102
}
330
2A
100
AcDbProxyObject
 90
      499
 91
      501
 93
      412
310
41D51A1A58DAD95B90D409028333333333333E33F0000000000000F9010790141107004050150C41D405064090741402480A0350
1001
ACAD
1000
AcDbSavedByObjectVersion
1070
     0
  0
ACAD_PROXY_OBJECT
  5
30
102
{ACAD_REACTORS
330
2A
102
}
330
2A
100
AcDbProxyObject
 90
      499
 91
      501
 93
      420
310
4255DA5C99599C985B595059028333333333333E33F0000000000000F90107901411070040501600405405064090740C02480A0340
1001
ACAD
1000
AcDbSavedByObjectVersion
1070
     0
  0
ACAD_PROXY_OBJECT
  5
40
102
{ACAD_REACTORS
330
2A
102
}
330
2A
100
AcDbProxyObject
 90
      499
 91
      501
 93
      404
310
41560B54985E51940902404000000000000E03F0000000000000F9010740501907004050150841D405064090740C02480A1B40
1001
ACAD
1000
AcDbSavedByObjectVersion
1070
     0
  0
XRECORD
  5
4C8
102
{ACAD_REACTORS
330
4BE
102
}
330
4BE
100
AcDbXrecord
340
0
  0
XRECORD
  5
4C7
102
{ACAD_REACTORS
330
4BE
102
}
330
4BE
100
AcDbXrecord
 90
        0
  0
XRECORD
  5
4DE
102
{ACAD_REACTORS
330
4BE
102
}
330
4BE
100
AcDbXrecord
1000
DSTYLE
1002
{
1070
   171
 70
     2
1070
   143
 40
25.4
1070
   274
 70
     2
1070
    41
 40
0.18
1070
   141
 40
0.09
1070
   271
 70
     4
1070
    43
 40
0.38
1070
   278
 70
    46
1070
    44
 40
0.18
1070
    42
 40
0.0625
1070
   147
 40
0.09
1070
    77
 70
     0
1070
   272
 70
     4
1070
    73
 70
     1
1070
   279
 70
     2
1070
   172
 70
     0
1070
    74
 70
     1
1070
   283
 70
     1
1070
   340
340
11
1070
   140
 40
0.18
1070
   284
 70
     0
1070
    78
 70
     0
1002
}
  0
XRECORD
  5
4C9
102
{ACAD_REACTORS
330
4BE
102
}
330
4BE
100
AcDbXrecord
  1
{ba685a00-bfd5-44fa-8eda-9176c15a2b3f}
  0
XRECORD
  5
4C1
102
{ACAD_REACTORS
330
4BE
102
}
330
4BE
100
AcDbXrecord
  1

  0
XRECORD
  5
4C6
102
{ACAD_REACTORS
330
4BE
102
}
330
4BE
100
AcDbXrecord
 90
        4
  0
XRECORD
  5
4C3
102
{ACAD_REACTORS
330
4BE
102
}
330
4BE
100
AcDbXrecord
340
1A
  0
XRECORD
  5
4C5
102
{ACAD_REACTORS
330
4BE
102
}
330
4BE
100
AcDbXrecord
 90
    10781
  0
XRECORD
  5
4C4
102
{ACAD_REACTORS
330
4BE
102
}
330
4BE
100
AcDbXrecord
340
19
  0
XRECORD
  5
4CB
102
{ACAD_REACTORS
330
4BE
102
}
330
4BE
100
AcDbXrecord
 40
0.0
  0
XRECORD
  5
4CE
102
{ACAD_REACTORS
330
4BE
102
}
330
4BE
100
AcDbXrecord
340
0
  0
XRECORD
  5
4D4
102
{ACAD_REACTORS
330
4BE
102
}
330
4BE
100
AcDbXrecord
 10
0.0
 20
0.0
 30
0.0
  0
XRECORD
  5
4D0
102
{ACAD_REACTORS
330
4BE
102
}
330
4BE
100
AcDbXrecord
 10
0.0
 20
0.0
 30
0.0
  0
XRECORD
  5
4D3
102
{ACAD_REACTORS
330
4BE
102
}
330
4BE
100
AcDbXrecord
 10
0.0
 20
0.0
 30
0.0
  0
XRECORD
  5
4D1
102
{ACAD_REACTORS
330
4BE
102
}
330
4BE
100
AcDbXrecord
 10
0.0
 20
0.0
 30
0.0
  0
XRECORD
  5
4D2
102
{ACAD_REACTORS
330
4BE
102
}
330
4BE
100
AcDbXrecord
 10
0.0
 20
0.0
 30
0.0
  0
XRECORD
  5
4CF
102
{ACAD_REACTORS
330
4BE
102
}
330
4BE
100
AcDbXrecord
 10
0.0
 20
0.0
 30
0.0
  0
XRECORD
  5
4CC
102
{ACAD_REACTORS
330
4BE
102
}
330
4BE
100
AcDbXrecord
340
0
  0
XRECORD
  5
4CD
102
{ACAD_REACTORS
330
4BE
102
}
330
4BE
100
AcDbXrecord
 70
     0
  0
XRECORD
  5
4C2
102
{ACAD_REACTORS
330
4BE
102
}
330
4BE
100
AcDbXrecord
  1

  0
XRECORD
  5
4BF
102
{ACAD_REACTORS
330
4BE
102
}
330
4BE
100
AcDbXrecord
 90
        1
  0
XRECORD
  5
4C0
102
{ACAD_REACTORS
330
4BE
102
}
330
4BE
100
AcDbXrecord
 90
       70
  0
XRECORD
  5
4D7
102
{ACAD_REACTORS
330
4BE
102
}
330
4BE
100
AcDbXrecord
340
0
  0
XRECORD
  5
4DD
102
{ACAD_REACTORS
330
4BE
102
}
330
4BE
100
AcDbXrecord
 10
0.0
 20
0.0
 30
0.0
  0
XRECORD
  5
4D9
102
{ACAD_REACTORS
330
4BE
102
}
330
4BE
100
AcDbXrecord
 10
0.0
 20
0.0
 30
0.0
  0
XRECORD
  5
4DC
102
{ACAD_REACTORS
330
4BE
102
}
330
4BE
100
AcDbXrecord
 10
0.0
 20
0.0
 30
0.0
  0
XRECORD
  5
4DA
102
{ACAD_REACTORS
330
4BE
102
}
330
4BE
100
AcDbXrecord
 10
0.0
 20
0.0
 30
0.0
  0
XRECORD
  5
4DB
102
{ACAD_REACTORS
330
4BE
102
}
330
4BE
100
AcDbXrecord
 10
0.0
 20
0.0
 30
0.0
  0
XRECORD
  5
4D8
102
{ACAD_REACTORS
330
4BE
102
}
330
4BE
100
AcDbXrecord
 10
0.0
 20
0.0
 30
0.0
  0
XRECORD
  5
4D5
102
{ACAD_REACTORS
330
4BE
102
}
330
4BE
100
AcDbXrecord
340
0
  0
XRECORD
  5
4D6
102
{ACAD_REACTORS
330
4BE
102
}
330
4BE
100
AcDbXrecord
 70
     0
  0
XRECORD
  5
4CA
102
{ACAD_REACTORS
330
4BE
102
}
330
4BE
100
AcDbXrecord
  1
{FAEB1C32-E019-11D5-929B-00C0DF256EC4}
  0
DICTIONARYVAR
  5
4E9
102
{ACAD_REACTORS
330
4DF
102
}
330
4DF
100
DictionaryVariables
280
     0
  1
1:1
  0
DICTIONARYVAR
  5
4E1
102
{ACAD_REACTORS
330
4DF
102
}
330
4DF
100
DictionaryVariables
280
     0
  1
Standard
  0
DICTIONARYVAR
  5
4E0
102
{ACAD_REACTORS
330
4DF
102
}
330
4DF
100
DictionaryVariables
280
     0
  1
Standard
  0
DICTIONARYVAR
  5
4E4
102
{ACAD_REACTORS
330
4DF
102
}
330
4DF
100
DictionaryVariables
280
     0
  1
2
  0
DICTIONARYVAR
  5
4E5
102
{ACAD_REACTORS
330
4DF
102
}
330
4DF
100
DictionaryVariables
280
     0
  1
1
  0
DICTIONARYVAR
  5
4EA
102
{ACAD_REACTORS
330
4DF
102
}
330
4DF
100
DictionaryVariables
280
     0
  1
1
  0
DICTIONARY
  5
4ED
330
45
100
AcDbDictionary
280
     1
  3
ACAD_XREC_ROUNDTRIP
360
4EE
  0
DICTIONARY
  5
4EB
330
44
100
AcDbDictionary
280
     1
  3
ACAD_XREC_ROUNDTRIP
360
4EC
  0
DICTIONARY
  5
4EF
330
46
100
AcDbDictionary
280
     1
  3
ACAD_XREC_ROUNDTRIP
360
4F0
  0
XRECORD
  5
4EE
102
{ACAD_REACTORS
330
4ED
102
}
330
4ED
100
AcDbXrecord
102
MATERIAL
148
0.0
149
0.0
149
0.0
 93
        0
 94
      127
282
     0
 72
     1
 77
     1
171
     1
175
     1
179
     1
273
     0
  0
XRECORD
  5
4EC
102
{ACAD_REACTORS
330
4EB
102
}
330
4EB
100
AcDbXrecord
102
MATERIAL
148
0.0
149
0.0
149
0.0
 93
        0
 94
      127
282
     0
 72
     1
 77
     1
171
     1
175
     1
179
     1
273
     0
  0
XRECORD
  5
4F0
102
{ACAD_REACTORS
330
4EF
102
}
330
4EF
100
AcDbXrecord
102
MATERIAL
148
0.0
149
0.0
149
0.0
 93
        0
 94
      127
282
     0
 72
     1
 77
     1
171
     1
175
     1
179
     1
273
     0
  0
ENDSEC
  0
EOF
