  0
SECTION
  2
HEADER
  9
$ACADVER
  1
AC1014
  9
$ACADMAINTVER
 70
     9
  9
$DWGCODEPAGE
  3
ANSI_1252
  9
$INSBASE
 10
0.0
 20
0.0
 30
0.0
  9
$EXTMIN
 10
-1081.049435501489
 20
-92.96480326671735
 30
0.0
  9
$EXTMAX
 10
1018.45056449846
 20
92.53519673606206
 30
0.0000000018650432
  9
$LIMMIN
 10
0.0
 20
0.0
  9
$LIMMAX
 10
12.0
 20
9.0
  9
$ORTHOMODE
 70
     0
  9
$REGENMODE
 70
     1
  9
$FILLMODE
 70
     1
  9
$QTEXTMODE
 70
     0
  9
$MIRRTEXT
 70
     1
  9
$DRAGMODE
 70
     2
  9
$LTSCALE
 40
1.0
  9
$OSMODE
 70
    37
  9
$ATTMODE
 70
     1
  9
$TEXTSIZE
 40
0.2
  9
$TRACEWID
 40
0.05
  9
$TEXTSTYLE
  7
STANDARD
  9
$CLAYER
  8
0
  9
$CELTYPE
  6
BYLAYER
  9
$CECOLOR
 62
   256
  9
$CELTSCALE
 40
1.0
  9
$DELOBJ
 70
     1
  9
$DISPSILH
 70
     0
  9
$DIMSCALE
 40
1.0
  9
$DIMASZ
 40
0.18
  9
$DIMEXO
 40
0.0625
  9
$DIMDLI
 40
0.38
  9
$DIMRND
 40
0.0
  9
$DIMDLE
 40
0.0
  9
$DIMEXE
 40
0.18
  9
$DIMTP
 40
0.0
  9
$DIMTM
 40
0.0
  9
$DIMTXT
 40
0.18
  9
$DIMCEN
 40
0.09
  9
$DIMTSZ
 40
0.0
  9
$DIMTOL
 70
     0
  9
$DIMLIM
 70
     0
  9
$DIMTIH
 70
     1
  9
$DIMTOH
 70
     1
  9
$DIMSE1
 70
     0
  9
$DIMSE2
 70
     0
  9
$DIMTAD
 70
     0
  9
$DIMZIN
 70
     0
  9
$DIMBLK
  1

  9
$DIMASO
 70
     1
  9
$DIMSHO
 70
     1
  9
$DIMPOST
  1

  9
$DIMAPOST
  1

  9
$DIMALT
 70
     0
  9
$DIMALTD
 70
     2
  9
$DIMALTF
 40
25.4
  9
$DIMLFAC
 40
1.0
  9
$DIMTOFL
 70
     0
  9
$DIMTVP
 40
0.0
  9
$DIMTIX
 70
     0
  9
$DIMSOXD
 70
     0
  9
$DIMSAH
 70
     0
  9
$DIMBLK1
  1

  9
$DIMBLK2
  1

  9
$DIMSTYLE
  2
STANDARD_ACAD
  9
$DIMCLRD
 70
     0
  9
$DIMCLRE
 70
     0
  9
$DIMCLRT
 70
     0
  9
$DIMTFAC
 40
1.0
  9
$DIMGAP
 40
0.09
  9
$DIMJUST
 70
     0
  9
$DIMSD1
 70
     0
  9
$DIMSD2
 70
     0
  9
$DIMTOLJ
 70
     1
  9
$DIMTZIN
 70
     0
  9
$DIMALTZ
 70
     0
  9
$DIMALTTZ
 70
     0
  9
$DIMFIT
 70
     5
  9
$DIMUPT
 70
     0
  9
$DIMUNIT
 70
     2
  9
$DIMDEC
 70
     4
  9
$DIMTDEC
 70
     4
  9
$DIMALTU
 70
     2
  9
$DIMALTTD
 70
     2
  9
$DIMTXSTY
  7
STANDARD
  9
$DIMAUNIT
 70
     0
  9
$LUNITS
 70
     2
  9
$LUPREC
 70
     3
  9
$SKETCHINC
 40
0.1
  9
$FILLETRAD
 40
0.0
  9
$AUNITS
 70
     0
  9
$AUPREC
 70
     0
  9
$MENU
  1
.
  9
$ELEVATION
 40
0.0
  9
$PELEVATION
 40
0.0
  9
$THICKNESS
 40
0.0
  9
$LIMCHECK
 70
     0
  9
$CHAMFERA
 40
0.0
  9
$CHAMFERB
 40
0.0
  9
$CHAMFERC
 40
0.0
  9
$CHAMFERD
 40
0.0
  9
$SKPOLY
 70
     0
  9
$TDCREATE
 40
2461243.648370949
  9
$TDUPDATE
 40
2461243.648371111
  9
$TDINDWG
 40
0.0000000116
  9
$TDUSRTIMER
 40
0.0000000116
  9
$USRTIMER
 70
     1
  9
$ANGBASE
 50
0.0
  9
$ANGDIR
 70
     0
  9
$PDMODE
 70
     0
  9
$PDSIZE
 40
0.0
  9
$PLINEWID
 40
0.0
  9
$COORDS
 70
     1
  9
$SPLFRAME
 70
     0
  9
$SPLINETYPE
 70
     6
  9
$SPLINESEGS
 70
     8
  9
$ATTDIA
 70
     0
  9
$ATTREQ
 70
     1
  9
$HANDLING
 70
     1
  9
$HANDSEED
  5
516
  9
$SURFTAB1
 70
     6
  9
$SURFTAB2
 70
     6
  9
$SURFTYPE
 70
     6
  9
$SURFU
 70
     6
  9
$SURFV
 70
     6
  9
$UCSNAME
  2

  9
$UCSORG
 10
0.0
 20
0.0
 30
0.0
  9
$UCSXDIR
 10
1.0
 20
0.0
 30
0.0
  9
$UCSYDIR
 10
0.0
 20
1.0
 30
0.0
  9
$PUCSNAME
  2

  9
$PUCSORG
 10
0.0
 20
0.0
 30
0.0
  9
$PUCSXDIR
 10
1.0
 20
0.0
 30
0.0
  9
$PUCSYDIR
 10
0.0
 20
1.0
 30
0.0
  9
$USERI1
 70
     0
  9
$USERI2
 70
     0
  9
$USERI3
 70
     0
  9
$USERI4
 70
     0
  9
$USERI5
 70
     0
  9
$USERR1
 40
0.0
  9
$USERR2
 40
0.0
  9
$USERR3
 40
0.0
  9
$USERR4
 40
0.0
  9
$USERR5
 40
0.0
  9
$WORLDVIEW
 70
     1
  9
$SHADEDGE
 70
     3
  9
$SHADEDIF
 70
    70
  9
$TILEMODE
 70
     1
  9
$MAXACTVP
 70
    64
  9
$PINSBASE
 10
0.0
 20
0.0
 30
0.0
  9
$PLIMCHECK
 70
     0
  9
$PEXTMIN
 10
1.000000000000000E+20
 20
1.000000000000000E+20
 30
1.000000000000000E+20
  9
$PEXTMAX
 10
-1.000000000000000E+20
 20
-1.000000000000000E+20
 30
-1.000000000000000E+20
  9
$PLIMMIN
 10
0.0
 20
0.0
  9
$PLIMMAX
 10
12.0
 20
9.0
  9
$UNITMODE
 70
     0
  9
$VISRETAIN
 70
     1
  9
$PLINEGEN
 70
     0
  9
$PSLTSCALE
 70
     1
  9
$TREEDEPTH
 70
  3020
  9
$PICKSTYLE
 70
     1
  9
$CMLSTYLE
  2
STANDARD
  9
$CMLJUST
 70
     0
  9
$CMLSCALE
 40
1.0
  9
$PROXYGRAPHICS
 70
     1
  9
$MEASUREMENT
 70
     1
  0
ENDSEC
  0
SECTION
  2
CLASSES
  0
CLASS
  1
ACDBDICTIONARYWDFLT
  2
AcDbDictionaryWithDefault
  3
ObjectDBX Classes
 90
        0
280
     0
281
     0
  0
CLASS
  1
VISUALSTYLE
  2
AcDbVisualStyle
  3
ObjectDBX Classes
 90
     4095
280
     0
281
     0
  0
CLASS
  1
MATERIAL
  2
AcDbMaterial
  3
ObjectDBX Classes
 90
     1153
280
     0
281
     0
  0
CLASS
  1
SCALE
  2
AcDbScale
  3
ObjectDBX Classes
 90
     1153
280
     0
281
     0
  0
CLASS
  1
TABLESTYLE
  2
AcDbTableStyle
  3
ObjectDBX Classes
 90
     4095
280
     0
281
     0
  0
CLASS
  1
MLEADERSTYLE
  2
AcDbMLeaderStyle
  3
ACDB_MLEADERSTYLE_CLASS
 90
     4095
280
     0
281
     0
  0
CLASS
  1
SUN
  2
AcDbSun
  3
SCENEOE
 90
     1153
280
     0
281
     0
  0
CLASS
  1
DICTIONARYVAR
  2
AcDbDictionaryVar
  3
ObjectDBX Classes
 90
        0
280
     0
281
     0
  0
CLASS
  1
XRECORD
  2
AcDbXrecord
  3
ObjectDBX Classes
 90
        0
280
     0
281
     0
  0
CLASS
  1
LWPOLYLINE
  2
AcDbPolyline
  3
ObjectDBX Classes
 90
        0
280
     0
281
     1
  0
CLASS
  1
HATCH
  2
AcDbHatch
  3
ObjectDBX Classes
 90
        0
280
     0
281
     1
  0
CLASS
  1
ACDBPLACEHOLDER
  2
AcDbPlaceHolder
  3
ObjectDBX Classes
 90
        0
280
     0
281
     0
  0
CLASS
  1
LAYOUT
  2
AcDbLayout
  3
ObjectDBX Classes
 90
        0
280
     0
281
     0
  0
ENDSEC
  0
SECTION
  2
TABLES
  0
TABLE
  2
VPORT
  5
8
102
{ACAD_XDICTIONARY
360
50B
102
}
330
0
100
AcDbSymbolTable
 70
     1
  0
VPORT
  5
29
330
8
100
AcDbSymbolTableRecord
100
AcDbViewportTableRecord
  2
*ACTIVE
 70
     0
 10
0.0
 20
0.0
 11
1.0
 21
1.0
 12
10.42990654205607
 22
4.5
 13
0.0
 23
0.0
 14
0.5
 24
0.5
 15
0.5
 25
0.5
 16
0.0
 26
0.0
 36
1.0
 17
0.0
 27
0.0
 37
0.0
 40
9.0
 41
1.972972972850329
 42
50.0
 43
0.0
 44
0.0
 50
0.0
 51
0.0
 71
     0
 72
   100
 73
     1
 74
     3
 75
     0
 76
     0
 77
     0
 78
     0
  0
ENDTAB
  0
TABLE
  2
LTYPE
  5
5
330
0
100
AcDbSymbolTable
 70
     1
  0
LTYPE
  5
14
330
5
100
AcDbSymbolTableRecord
100
AcDbLinetypeTableRecord
  2
BYBLOCK
 70
     0
  3

 72
    65
 73
     0
 40
0.0
  0
LTYPE
  5
15
330
5
100
AcDbSymbolTableRecord
100
AcDbLinetypeTableRecord
  2
BYLAYER
 70
     0
  3

 72
    65
 73
     0
 40
0.0
  0
LTYPE
  5
16
330
5
100
AcDbSymbolTableRecord
100
AcDbLinetypeTableRecord
  2
CONTINUOUS
 70
     0
  3
Solid line
 72
    65
 73
     0
 40
0.0
  0
ENDTAB
  0
TABLE
  2
LAYER
  5
2
330
0
100
AcDbSymbolTable
 70
     4
  0
LAYER
  5
10
330
2
100
AcDbSymbolTableRecord
100
AcDbLayerTableRecord
  2
0
 70
     0
 62
     7
  6
CONTINUOUS
  0
LAYER
  5
5F
330
2
100
AcDbSymbolTableRecord
100
AcDbLayerTableRecord
  2
1_ANYTOOL_1MMDEEP_LABELS_S
 70
     0
 62
     2
  6
CONTINUOUS
  0
LAYER
  5
399
330
2
100
AcDbSymbolTableRecord
100
AcDbLayerTableRecord
  2
3_ANYTOOL_CUTTHROUGH_INSID
 70
     0
 62
     4
  6
CONTINUOUS
  0
LAYER
  5
441
330
2
100
AcDbSymbolTableRecord
100
AcDbLayerTableRecord
  2
4_ANYTOOL_CUTTHROUGH_OUTSI
 70
     0
 62
     5
  6
CONTINUOUS
  0
ENDTAB
  0
TABLE
  2
STYLE
  5
3
330
0
100
AcDbSymbolTable
 70
     1
  0
STYLE
  5
11
330
3
100
AcDbSymbolTableRecord
100
AcDbTextStyleTableRecord
  2
STANDARD
 70
     0
 40
0.0
 41
1.0
 50
0.0
 71
     0
 42
0.2
  3
txt
  4

  0
ENDTAB
  0
TABLE
  2
VIEW
  5
6
330
0
100
AcDbSymbolTable
 70
     0
  0
ENDTAB
  0
TABLE
  2
UCS
  5
7
330
0
100
AcDbSymbolTable
 70
     0
  0
ENDTAB
  0
TABLE
  2
APPID
  5
9
330
0
100
AcDbSymbolTable
 70
     3
  0
APPID
  5
12
330
9
100
AcDbSymbolTableRecord
100
AcDbRegAppTableRecord
  2
ACAD
 70
     0
  0
APPID
  5
5E
330
9
100
AcDbSymbolTableRecord
100
AcDbRegAppTableRecord
  2
RHINO
 70
     0
  0
APPID
  5
515
330
9
100
AcDbSymbolTableRecord
100
AcDbRegAppTableRecord
  2
ACAD_MLEADERVER
 70
     0
  0
ENDTAB
  0
TABLE
  2
DIMSTYLE
  5
A
330
0
100
AcDbSymbolTable
 70
     1
  0
DIMSTYLE
105
27
330
A
100
AcDbSymbolTableRecord
100
AcDbDimStyleTableRecord
  2
STANDARD_ACAD
 70
     0
  3

  4

  5

  6

  7

 40
1.0
 41
0.18
 42
0.0625
 43
0.38
 44
0.18
 45
0.0
 46
0.0
 47
0.0
 48
0.0
140
0.18
141
0.09
142
0.0
143
25.4
144
1.0
145
0.0
146
1.0
147
0.09
 71
     0
 72
     0
 73
     1
 74
     1
 75
     0
 76
     0
 77
     0
 78
     0
170
     0
171
     2
172
     0
173
     0
174
     0
175
     0
176
     0
177
     0
178
     0
270
     2
271
     4
272
     4
273
     2
274
     2
340
11
275
     0
280
     0
281
     0
282
     0
283
     1
284
     0
285
     0
286
     0
287
     3
288
     0
  0
ENDTAB
  0
TABLE
  2
BLOCK_RECORD
  5
1
330
0
100
AcDbSymbolTable
 70
     0
  0
BLOCK_RECORD
  5
1F
330
1
100
AcDbSymbolTableRecord
100
AcDbBlockTableRecord
  2
*MODEL_SPACE
  0
BLOCK_RECORD
  5
1B
330
1
100
AcDbSymbolTableRecord
100
AcDbBlockTableRecord
  2
*PAPER_SPACE
  0
ENDTAB
  0
ENDSEC
  0
SECTION
  2
BLOCKS
  0
BLOCK
  5
20
330
1F
100
AcDbEntity
  8
0
100
AcDbBlockBegin
  2
*MODEL_SPACE
 70
     0
 10
0.0
 20
0.0
 30
0.0
  3
*MODEL_SPACE
  1

  0
ENDBLK
  5
21
330
1F
100
AcDbEntity
  8
0
100
AcDbBlockEnd
  0
BLOCK
  5
1C
330
1B
100
AcDbEntity
 67
     1
  8
0
100
AcDbBlockBegin
  2
*PAPER_SPACE
 70
     0
 10
0.0
 20
0.0
 30
0.0
  3
*PAPER_SPACE
  1

  0
ENDBLK
  5
1D
330
1B
100
AcDbEntity
 67
     1
  8
0
100
AcDbBlockEnd
  0
ENDSEC
  0
SECTION
  2
ENTITIES
  0
POLYLINE
  5
60
330
1F
100
AcDbEntity
  8
1_ANYTOOL_1MMDEEP_LABELS_S
100
AcDb2dPolyline
 66
     1
 10
0.0
 20
0.0
 30
0.0
  0
VERTEX
  5
61
330
60
100
AcDbEntity
  8
1_ANYTOOL_1MMDEEP_LABELS_S
100
AcDbVertex
100
AcDb2dVertex
 10
1.28571428565192
 20
0.0
 30
0.0
  0
VERTEX
  5
62
330
60
100
AcDbEntity
  8
1_ANYTOOL_1MMDEEP_LABELS_S
100
AcDbVertex
100
AcDb2dVertex
 10
8.999999999938154
 20
-30.0
 30
0.0
  0
VERTEX
  5
63
330
60
100
AcDbEntity
  8
1_ANYTOOL_1MMDEEP_LABELS_S
100
AcDbVertex
100
AcDb2dVertex
 10
17.44285714279613
 20
-0.9000000000014552
 30
0.0
  0
VERTEX
  5
64
330
60
100
AcDbEntity
  8
1_ANYTOOL_1MMDEEP_LABELS_S
100
AcDbVertex
100
AcDb2dVertex
 10
25.92857142851062
 20
-30.0
 30
0.0
  0
VERTEX
  5
65
330
60
100
AcDbEntity
  8
1_ANYTOOL_1MMDEEP_LABELS_S
100
AcDbVertex
100
AcDb2dVertex
 10
33.42857142851062
 20
0.0
 30
0.0
  0
SEQEND
  5
66
330
60
100
AcDbEntity
  8
1_ANYTOOL_1MMDEEP_LABELS_S
  0
LINE
  5
67
330
1F
100
AcDbEntity
  8
1_ANYTOOL_1MMDEEP_LABELS_S
100
AcDbLine
 10
45.64285714279686
 20
-16.11428571428405
 30
0.0
 11
36.85714285707945
 21
-16.19999999999709
 31
0.0
  0
POLYLINE
  5
68
330
1F
100
AcDbEntity
  8
1_ANYTOOL_1MMDEEP_LABELS_S
100
AcDb2dPolyline
 66
     1
 10
0.0
 20
0.0
 30
0.0
 70
     1
  0
VERTEX
  5
69
330
68
100
AcDbEntity
  8
1_ANYTOOL_1MMDEEP_LABELS_S
100
AcDbVertex
100
AcDb2dVertex
 10
61.71428571422439
 20
0.3428571428594296
 30
0.0
  0
VERTEX
  5
6A
330
68
100
AcDbEntity
  8
1_ANYTOOL_1MMDEEP_LABELS_S
100
AcDbVertex
100
AcDb2dVertex
 10
62.08577008922438
 20
0.3369977678594296
 30
0.0
  0
VERTEX
  5
6B
330
68
100
AcDbEntity
  8
1_ANYTOOL_1MMDEEP_LABELS_S
100
AcDbVertex
100
AcDb2dVertex
 10
62.45022321422437
 20
0.3194196428594296
 30
0.0
  0
VERTEX
  5
6C
330
68
100
AcDbEntity
  8
1_ANYTOOL_1MMDEEP_LABELS_S
100
AcDbVertex
100
AcDb2dVertex
 10
62.80764508922434
 20
0.2901227678594296
 30
0.0
  0
VERTEX
  5
6D
330
68
100
AcDbEntity
  8
1_ANYTOOL_1MMDEEP_LABELS_S
100
AcDbVertex
100
AcDb2dVertex
 10
62.98371930797432
 20
0.2710797991094296
 30
0.0
  0
VERTEX
  5
6E
330
68
100
AcDbEntity
  8
1_ANYTOOL_1MMDEEP_LABELS_S
100
AcDbVertex
100
AcDb2dVertex
 10
63.1580357142243
 20
0.2491071428594296
 30
0.0
  0
VERTEX
  5
6F
330
68
100
AcDbEntity
  8
1_ANYTOOL_1MMDEEP_LABELS_S
100
AcDbVertex
100
AcDb2dVertex
 10
63.33059430797427
 20
0.2242047991094296
 30
0.0
  0
VERTEX
  5
70
330
68
100
AcDbEntity
  8
1_ANYTOOL_1MMDEEP_LABELS_S
100
AcDbVertex
100
AcDb2dVertex
 10
63.50139508922425
 20
0.1963727678594296
 30
0.0
  0
VERTEX
  5
71
330
68
100
AcDbEntity
  8
1_ANYTOOL_1MMDEEP_LABELS_S
100
AcDbVertex
100
AcDb2dVertex
 10
63.67043805797422
 20
0.1656110491094296
 30
0.0
  0
VERTEX
  5
72
330
68
100
AcDbEntity
  8
1_ANYTOOL_1MMDEEP_LABELS_S
100
AcDbVertex
100
AcDb2dVertex
 10
63.83772321422418
 20
0.1319196428594296
 30
0.0
  0
VERTEX
  5
73
330
68
100
AcDbEntity
  8
1_ANYTOOL_1MMDEEP_LABELS_S
100
AcDbVertex
100
AcDb2dVertex
 10
64.00325055797416
 20
0.0952985491094296
 30
0.0
  0
VERTEX
  5
74
330
68
100
AcDbEntity
  8
1_ANYTOOL_1MMDEEP_LABELS_S
100
AcDbVertex
100
AcDb2dVertex
 10
64.16702008922411
 20
0.0557477678594296
 30
0.0
  0
VERTEX
  5
75
330
68
100
AcDbEntity
  8
1_ANYTOOL_1MMDEEP_LABELS_S
100
AcDbVertex
100
AcDb2dVertex
 10
64.32903180797408
 20
0.0132672991094296
 30
0.0
  0
VERTEX
  5
76
330
68
100
AcDbEntity
  8
1_ANYTOOL_1MMDEEP_LABELS_S
100
AcDbVertex
100
AcDb2dVertex
 10
64.48928571422402
 20
-0.0321428571405704
 30
0.0
  0
VERTEX
  5
77
330
68
100
AcDbEntity
  8
1_ANYTOOL_1MMDEEP_LABELS_S
100
AcDbVertex
100
AcDb2dVertex
 10
64.64778180797398
 20
-0.0804827008905704
 30
0.0
  0
VERTEX
  5
78
330
68
100
AcDbEntity
  8
1_ANYTOOL_1MMDEEP_LABELS_S
100
AcDbVertex
100
AcDb2dVertex
 10
64.80452008922393
 20
-0.1317522321405704
 30
0.0
  0
VERTEX
  5
79
330
68
100
AcDbEntity
  8
1_ANYTOOL_1MMDEEP_LABELS_S
100
AcDbVertex
100
AcDb2dVertex
 10
64.95950055797388
 20
-0.1859514508905704
 30
0.0
  0
VERTEX
  5
7A
330
68
100
AcDbEntity
  8
1_ANYTOOL_1MMDEEP_LABELS_S
100
AcDbVertex
100
AcDb2dVertex
 10
65.11272321422382
 20
-0.2430803571405704
 30
0.0
  0
VERTEX
  5
7B
330
68
100
AcDbEntity
  8
1_ANYTOOL_1MMDEEP_LABELS_S
100
AcDbVertex
100
AcDb2dVertex
 10
65.26418805797377
 20
-0.3031389508905704
 30
0.0
  0
VERTEX
  5
7C
330
68
100
AcDbEntity
  8
1_ANYTOOL_1MMDEEP_LABELS_S
100
AcDbVertex
100
AcDb2dVertex
 10
65.4138950892237
 20
-0.3661272321405704
 30
0.0
  0
VERTEX
  5
7D
330
68
100
AcDbEntity
  8
1_ANYTOOL_1MMDEEP_LABELS_S
100
AcDbVertex
100
AcDb2dVertex
 10
65.56184430797364
 20
-0.4320452008905704
 30
0.0
  0
VERTEX
  5
7E
330
68
100
AcDbEntity
  8
1_ANYTOOL_1MMDEEP_LABELS_S
100
AcDbVertex
100
AcDb2dVertex
 10
65.70803571422357
 20
-0.5008928571405704
 30
0.0
  0
VERTEX
  5
7F
330
68
100
AcDbEntity
  8
1_ANYTOOL_1MMDEEP_LABELS_S
100
AcDbVertex
100
AcDb2dVertex
 10
65.85246930797351
 20
-0.5726702008905704
 30
0.0
  0
VERTEX
  5
80
330
68
100
AcDbEntity
  8
1_ANYTOOL_1MMDEEP_LABELS_S
100
AcDbVertex
100
AcDb2dVertex
 10
65.99514508922343
 20
-0.6473772321405704
 30
0.0
  0
VERTEX
  5
81
330
68
100
AcDbEntity
  8
1_ANYTOOL_1MMDEEP_LABELS_S
100
AcDbVertex
100
AcDb2dVertex
 10
66.13606305797336
 20
-0.7250139508905704
 30
0.0
  0
VERTEX
  5
82
330
68
100
AcDbEntity
  8
1_ANYTOOL_1MMDEEP_LABELS_S
100
AcDbVertex
100
AcDb2dVertex
 10
66.27522321422327
 20
-0.8055803571405704
 30
0.0
  0
VERTEX
  5
83
330
68
100
AcDbEntity
  8
1_ANYTOOL_1MMDEEP_LABELS_S
100
AcDbVertex
100
AcDb2dVertex
 10
66.4126255579732
 20
-0.8890764508905704
 30
0.0
  0
VERTEX
  5
84
330
68
100
AcDbEntity
  8
1_ANYTOOL_1MMDEEP_LABELS_S
100
AcDbVertex
100
AcDb2dVertex
 10
66.54827008922311
 20
-0.9755022321405704
 30
0.0
  0
VERTEX
  5
85
330
68
100
AcDbEntity
  8
1_ANYTOOL_1MMDEEP_LABELS_S
100
AcDbVertex
100
AcDb2dVertex
 10
66.68215680797303
 20
-1.06485770089057
 30
0.0
  0
VERTEX
  5
86
330
68
100
AcDbEntity
  8
1_ANYTOOL_1MMDEEP_LABELS_S
100
AcDbVertex
100
AcDb2dVertex
 10
67.07377232136605
 20
-1.342466517854945
 30
0.0
  0
VERTEX
  5
87
330
68
100
AcDbEntity
  8
1_ANYTOOL_1MMDEEP_LABELS_S
100
AcDbVertex
100
AcDb2dVertex
 10
67.32723214279486
 20
-1.534151785712197
 30
0.0
  0
VERTEX
  5
88
330
68
100
AcDbEntity
  8
1_ANYTOOL_1MMDEEP_LABELS_S
100
AcDbVertex
100
AcDb2dVertex
 10
67.57466517850935
 20
-1.732198660712328
 30
0.0
  0
VERTEX
  5
89
330
68
100
AcDbEntity
  8
1_ANYTOOL_1MMDEEP_LABELS_S
100
AcDbVertex
100
AcDb2dVertex
 10
67.81607142850953
 20
-1.936607142855337
 30
0.0
  0
VERTEX
  5
8A
330
68
100
AcDbEntity
  8
1_ANYTOOL_1MMDEEP_LABELS_S
100
AcDbVertex
100
AcDb2dVertex
 10
68.0514508927954
 20
-2.147377232141224
 30
0.0
  0
VERTEX
  5
8B
330
68
100
AcDbEntity
  8
1_ANYTOOL_1MMDEEP_LABELS_S
100
AcDbVertex
100
AcDb2dVertex
 10
68.28080357136696
 20
-2.36450892856999
 30
0.0
  0
VERTEX
  5
8C
330
68
100
AcDbEntity
  8
1_ANYTOOL_1MMDEEP_LABELS_S
100
AcDbVertex
100
AcDb2dVertex
 10
68.5041294642242
 20
-2.588002232141633
 30
0.0
  0
VERTEX
  5
8D
330
68
100
AcDbEntity
  8
1_ANYTOOL_1MMDEEP_LABELS_S
100
AcDbVertex
100
AcDb2dVertex
 10
68.72142857136714
 20
-2.817857142856155
 30
0.0
  0
VERTEX
  5
8E
330
68
100
AcDbEntity
  8
1_ANYTOOL_1MMDEEP_LABELS_S
100
AcDbVertex
100
AcDb2dVertex
 10
68.93270089279576
 20
-3.054073660713556
 30
0.0
  0
VERTEX
  5
8F
330
68
100
AcDbEntity
  8
1_ANYTOOL_1MMDEEP_LABELS_S
100
AcDbVertex
100
AcDb2dVertex
 10
69.13794642851008
 20
-3.296651785713834
 30
0.0
  0
VERTEX
  5
90
330
68
100
AcDbEntity
  8
1_ANYTOOL_1MMDEEP_LABELS_S
100
AcDbVertex
100
AcDb2dVertex
 10
69.33716517851008
 20
-3.545591517856991
 30
0.0
  0
VERTEX
  5
91
330
68
100
AcDbEntity
  8
1_ANYTOOL_1MMDEEP_LABELS_S
100
AcDbVertex
100
AcDb2dVertex
 10
69.53035714279576
 20
-3.800892857143026
 30
0.0
  0
VERTEX
  5
92
330
68
100
AcDbEntity
  8
1_ANYTOOL_1MMDEEP_LABELS_S
100
AcDbVertex
100
AcDb2dVertex
 10
69.71752232136714
 20
-4.062555803571939
 30
0.0
  0
VERTEX
  5
93
330
68
100
AcDbEntity
  8
1_ANYTOOL_1MMDEEP_LABELS_S
100
AcDbVertex
100
AcDb2dVertex
 10
69.8986607142242
 20
-4.330580357143731
 30
0.0
  0
VERTEX
  5
94
330
68
100
AcDbEntity
  8
1_ANYTOOL_1MMDEEP_LABELS_S
100
AcDbVertex
100
AcDb2dVertex
 10
70.07377232136696
 20
-4.604966517858401
 30
0.0
  0
VERTEX
  5
95
330
68
100
AcDbEntity
  8
1_ANYTOOL_1MMDEEP_LABELS_S
100
AcDbVertex
100
AcDb2dVertex
 10
70.41127232136662
 20
-5.171484375001199
 30
0.0
  0
VERTEX
  5
96
330
68
100
AcDbEntity
  8
1_ANYTOOL_1MMDEEP_LABELS_S
100
AcDbVertex
100
AcDb2dVertex
 10
70.57366071422359
 20
-5.460937500000796
 30
0.0
  0
VERTEX
  5
97
330
68
100
AcDbEntity
  8
1_ANYTOOL_1MMDEEP_LABELS_S
100
AcDbVertex
100
AcDb2dVertex
 10
70.7300223213663
 20
-5.754073660714738
 30
0.0
  0
VERTEX
  5
98
330
68
100
AcDbEntity
  8
1_ANYTOOL_1MMDEEP_LABELS_S
100
AcDbVertex
100
AcDb2dVertex
 10
70.88035714279476
 20
-6.050892857143026
 30
0.0
  0
VERTEX
  5
99
330
68
100
AcDbEntity
  8
1_ANYTOOL_1MMDEEP_LABELS_S
100
AcDbVertex
100
AcDb2dVertex
 10
71.02466517850897
 20
-6.35139508928566
 30
0.0
  0
VERTEX
  5
9A
330
68
100
AcDbEntity
  8
1_ANYTOOL_1MMDEEP_LABELS_S
100
AcDbVertex
100
AcDb2dVertex
 10
71.16294642850892
 20
-6.65558035714264
 30
0.0
  0
VERTEX
  5
9B
330
68
100
AcDbEntity
  8
1_ANYTOOL_1MMDEEP_LABELS_S
100
AcDbVertex
100
AcDb2dVertex
 10
71.29520089279461
 20
-6.963448660713965
 30
0.0
  0
VERTEX
  5
9C
330
68
100
AcDbEntity
  8
1_ANYTOOL_1MMDEEP_LABELS_S
100
AcDbVertex
100
AcDb2dVertex
 10
71.42142857136605
 20
-7.274999999999636
 30
0.0
  0
VERTEX
  5
9D
330
68
100
AcDbEntity
  8
1_ANYTOOL_1MMDEEP_LABELS_S
100
AcDbVertex
100
AcDb2dVertex
 10
71.54162946422323
 20
-7.590234374999653
 30
0.0
  0
VERTEX
  5
9E
330
68
100
AcDbEntity
  8
1_ANYTOOL_1MMDEEP_LABELS_S
100
AcDbVertex
100
AcDb2dVertex
 10
71.65580357136616
 20
-7.909151785714016
 30
0.0
  0
VERTEX
  5
9F
330
68
100
AcDbEntity
  8
1_ANYTOOL_1MMDEEP_LABELS_S
100
AcDbVertex
100
AcDb2dVertex
 10
71.76395089279484
 20
-8.231752232142725
 30
0.0
  0
VERTEX
  5
A0
330
68
100
AcDbEntity
  8
1_ANYTOOL_1MMDEEP_LABELS_S
100
AcDbVertex
100
AcDb2dVertex
 10
71.86607142850926
 20
-8.55803571428578
 30
0.0
  0
VERTEX
  5
A1
330
68
100
AcDbEntity
  8
1_ANYTOOL_1MMDEEP_LABELS_S
100
AcDbVertex
100
AcDb2dVertex
 10
71.96216517850942
 20
-8.88800223214318
 30
0.0
  0
VERTEX
  5
A2
330
68
100
AcDbEntity
  8
1_ANYTOOL_1MMDEEP_LABELS_S
100
AcDbVertex
100
AcDb2dVertex
 10
72.05223214279533
 20
-9.221651785714926
 30
0.0
  0
VERTEX
  5
A3
330
68
100
AcDbEntity
  8
1_ANYTOOL_1MMDEEP_LABELS_S
100
AcDbVertex
100
AcDb2dVertex
 10
72.13627232136699
 20
-9.558984375001017
 30
0.0
  0
VERTEX
  5
A4
330
68
100
AcDbEntity
  8
1_ANYTOOL_1MMDEEP_LABELS_S
100
AcDbVertex
100
AcDb2dVertex
 10
72.36495535708104
 20
-10.58236607142919
 30
0.0
  0
VERTEX
  5
A5
330
68
100
AcDbEntity
  8
1_ANYTOOL_1MMDEEP_LABELS_S
100
AcDbVertex
100
AcDb2dVertex
 10
72.49553571422348
 20
-11.2580357142856
 30
0.0
  0
VERTEX
  5
A6
330
68
100
AcDbEntity
  8
1_ANYTOOL_1MMDEEP_LABELS_S
100
AcDbVertex
100
AcDb2dVertex
 10
72.6060267856517
 20
-11.92700892857067
 30
0.0
  0
VERTEX
  5
A7
330
68
100
AcDbEntity
  8
1_ANYTOOL_1MMDEEP_LABELS_S
100
AcDbVertex
100
AcDb2dVertex
 10
72.69642857136569
 20
-12.58928571428442
 30
0.0
  0
VERTEX
  5
A8
330
68
100
AcDbEntity
  8
1_ANYTOOL_1MMDEEP_LABELS_S
100
AcDbVertex
100
AcDb2dVertex
 10
72.76674107136546
 20
-13.24486607142683
 30
0.0
  0
VERTEX
  5
A9
330
68
100
AcDbEntity
  8
1_ANYTOOL_1MMDEEP_LABELS_S
100
AcDbVertex
100
AcDb2dVertex
 10
72.81696428565101
 20
-13.89374999999791
 30
0.0
  0
VERTEX
  5
AA
330
68
100
AcDbEntity
  8
1_ANYTOOL_1MMDEEP_LABELS_S
100
AcDbVertex
100
AcDb2dVertex
 10
72.84709821422234
 20
-14.53593749999766
 30
0.0
  0
VERTEX
  5
AB
330
68
100
AcDbEntity
  8
1_ANYTOOL_1MMDEEP_LABELS_S
100
AcDbVertex
100
AcDb2dVertex
 10
72.85714285707945
 20
-15.17142857142608
 30
0.0
  0
VERTEX
  5
AC
330
68
100
AcDbEntity
  8
1_ANYTOOL_1MMDEEP_LABELS_S
100
AcDbVertex
100
AcDb2dVertex
 10
72.84626116065088
 20
-15.80892857142678
 30
0.0
  0
VERTEX
  5
AD
330
68
100
AcDbEntity
  8
1_ANYTOOL_1MMDEEP_LABELS_S
100
AcDbVertex
100
AcDb2dVertex
 10
72.81361607136517
 20
-16.44642857142742
 30
0.0
  0
VERTEX
  5
AE
330
68
100
AcDbEntity
  8
1_ANYTOOL_1MMDEEP_LABELS_S
100
AcDbVertex
100
AcDb2dVertex
 10
72.75920758922233
 20
-17.083928571428
 30
0.0
  0
VERTEX
  5
AF
330
68
100
AcDbEntity
  8
1_ANYTOOL_1MMDEEP_LABELS_S
100
AcDbVertex
100
AcDb2dVertex
 10
72.68303571422234
 20
-17.72142857142853
 30
0.0
  0
VERTEX
  5
B0
330
68
100
AcDbEntity
  8
1_ANYTOOL_1MMDEEP_LABELS_S
100
AcDbVertex
100
AcDb2dVertex
 10
72.58510044636522
 20
-18.358928571429
 30
0.0
  0
VERTEX
  5
B1
330
68
100
AcDbEntity
  8
1_ANYTOOL_1MMDEEP_LABELS_S
100
AcDbVertex
100
AcDb2dVertex
 10
72.46540178565095
 20
-18.99642857142942
 30
0.0
  0
VERTEX
  5
B2
330
68
100
AcDbEntity
  8
1_ANYTOOL_1MMDEEP_LABELS_S
100
AcDbVertex
100
AcDb2dVertex
 10
72.32393973207955
 20
-19.63392857142978
 30
0.0
  0
VERTEX
  5
B3
330
68
100
AcDbEntity
  8
1_ANYTOOL_1MMDEEP_LABELS_S
100
AcDbVertex
100
AcDb2dVertex
 10
72.16071428565101
 20
-20.27142857143008
 30
0.0
  0
VERTEX
  5
B4
330
68
100
AcDbEntity
  8
1_ANYTOOL_1MMDEEP_LABELS_S
100
AcDbVertex
100
AcDb2dVertex
 10
71.97572544636533
 20
-20.90892857143032
 30
0.0
  0
VERTEX
  5
B5
330
68
100
AcDbEntity
  8
1_ANYTOOL_1MMDEEP_LABELS_S
100
AcDbVertex
100
AcDb2dVertex
 10
71.76897321422251
 20
-21.54642857143051
 30
0.0
  0
VERTEX
  5
B6
330
68
100
AcDbEntity
  8
1_ANYTOOL_1MMDEEP_LABELS_S
100
AcDbVertex
100
AcDb2dVertex
 10
71.54045758922256
 20
-22.18392857143064
 30
0.0
  0
VERTEX
  5
B7
330
68
100
AcDbEntity
  8
1_ANYTOOL_1MMDEEP_LABELS_S
100
AcDbVertex
100
AcDb2dVertex
 10
71.29017857136546
 20
-22.82142857143072
 30
0.0
  0
VERTEX
  5
B8
330
68
100
AcDbEntity
  8
1_ANYTOOL_1MMDEEP_LABELS_S
100
AcDbVertex
100
AcDb2dVertex
 10
71.01813616065122
 20
-23.45892857143073
 30
0.0
  0
VERTEX
  5
B9
330
68
100
AcDbEntity
  8
1_ANYTOOL_1MMDEEP_LABELS_S
100
AcDbVertex
100
AcDb2dVertex
 10
70.72433035707985
 20
-24.09642857143069
 30
0.0
  0
VERTEX
  5
BA
330
68
100
AcDbEntity
  8
1_ANYTOOL_1MMDEEP_LABELS_S
100
AcDbVertex
100
AcDb2dVertex
 10
70.40876116065134
 20
-24.7339285714306
 30
0.0
  0
VERTEX
  5
BB
330
68
100
AcDbEntity
  8
1_ANYTOOL_1MMDEEP_LABELS_S
100
AcDbVertex
100
AcDb2dVertex
 10
70.07142857136569
 20
-25.37142857143044
 30
0.0
  0
VERTEX
  5
BC
330
68
100
AcDbEntity
  8
1_ANYTOOL_1MMDEEP_LABELS_S
100
AcDbVertex
100
AcDb2dVertex
 10
69.89686104904425
 20
-25.68519810268035
 30
0.0
  0
VERTEX
  5
BD
330
68
100
AcDbEntity
  8
1_ANYTOOL_1MMDEEP_LABELS_S
100
AcDbVertex
100
AcDb2dVertex
 10
69.7160156249371
 20
-25.98900669643027
 30
0.0
  0
VERTEX
  5
BE
330
68
100
AcDbEntity
  8
1_ANYTOOL_1MMDEEP_LABELS_S
100
AcDbVertex
100
AcDb2dVertex
 10
69.52889229904423
 20
-26.28285435268018
 30
0.0
  0
VERTEX
  5
BF
330
68
100
AcDbEntity
  8
1_ANYTOOL_1MMDEEP_LABELS_S
100
AcDbVertex
100
AcDb2dVertex
 10
69.33549107136565
 20
-26.5667410714301
 30
0.0
  0
VERTEX
  5
C0
330
68
100
AcDbEntity
  8
1_ANYTOOL_1MMDEEP_LABELS_S
100
AcDbVertex
100
AcDb2dVertex
 10
69.13581194190135
 20
-26.84066685268002
 30
0.0
  0
VERTEX
  5
C1
330
68
100
AcDbEntity
  8
1_ANYTOOL_1MMDEEP_LABELS_S
100
AcDbVertex
100
AcDb2dVertex
 10
68.92985491065134
 20
-27.10463169642995
 30
0.0
  0
VERTEX
  5
C2
330
68
100
AcDbEntity
  8
1_ANYTOOL_1MMDEEP_LABELS_S
100
AcDbVertex
100
AcDb2dVertex
 10
68.71761997761561
 20
-27.35863560267988
 30
0.0
  0
VERTEX
  5
C3
330
68
100
AcDbEntity
  8
1_ANYTOOL_1MMDEEP_LABELS_S
100
AcDbVertex
100
AcDb2dVertex
 10
68.49910714279417
 20
-27.60267857142981
 30
0.0
  0
VERTEX
  5
C4
330
68
100
AcDbEntity
  8
1_ANYTOOL_1MMDEEP_LABELS_S
100
AcDbVertex
100
AcDb2dVertex
 10
68.3874965122138
 20
-27.72096470424227
 30
0.0
  0
VERTEX
  5
C5
330
68
100
AcDbEntity
  8
1_ANYTOOL_1MMDEEP_LABELS_S
100
AcDbVertex
100
AcDb2dVertex
 10
68.27431640618701
 20
-27.83676060267974
 30
0.0
  0
VERTEX
  5
C6
330
68
100
AcDbEntity
  8
1_ANYTOOL_1MMDEEP_LABELS_S
100
AcDbVertex
100
AcDb2dVertex
 10
68.15956682471379
 20
-27.9500662667422
 30
0.0
  0
VERTEX
  5
C7
330
68
100
AcDbEntity
  8
1_ANYTOOL_1MMDEEP_LABELS_S
100
AcDbVertex
100
AcDb2dVertex
 10
68.04324776779414
 20
-28.06088169642968
 30
0.0
  0
VERTEX
  5
C8
330
68
100
AcDbEntity
  8
1_ANYTOOL_1MMDEEP_LABELS_S
100
AcDbVertex
100
AcDb2dVertex
 10
67.92535923542806
 20
-28.16920689174214
 30
0.0
  0
VERTEX
  5
C9
330
68
100
AcDbEntity
  8
1_ANYTOOL_1MMDEEP_LABELS_S
100
AcDbVertex
100
AcDb2dVertex
 10
67.80590122761555
 20
-28.27504185267961
 30
0.0
  0
VERTEX
  5
CA
330
68
100
AcDbEntity
  8
1_ANYTOOL_1MMDEEP_LABELS_S
100
AcDbVertex
100
AcDb2dVertex
 10
67.68487374435661
 20
-28.37838657924208
 30
0.0
  0
VERTEX
  5
CB
330
68
100
AcDbEntity
  8
1_ANYTOOL_1MMDEEP_LABELS_S
100
AcDbVertex
100
AcDb2dVertex
 10
67.56227678565125
 20
-28.47924107142956
 30
0.0
  0
VERTEX
  5
CC
330
68
100
AcDbEntity
  8
1_ANYTOOL_1MMDEEP_LABELS_S
100
AcDbVertex
100
AcDb2dVertex
 10
67.43811035149946
 20
-28.57760532924203
 30
0.0
  0
VERTEX
  5
CD
330
68
100
AcDbEntity
  8
1_ANYTOOL_1MMDEEP_LABELS_S
100
AcDbVertex
100
AcDb2dVertex
 10
67.31237444190123
 20
-28.6734793526795
 30
0.0
  0
VERTEX
  5
CE
330
68
100
AcDbEntity
  8
1_ANYTOOL_1MMDEEP_LABELS_S
100
AcDbVertex
100
AcDb2dVertex
 10
67.18506905685658
 20
-28.76686314174197
 30
0.0
  0
VERTEX
  5
CF
330
68
100
AcDbEntity
  8
1_ANYTOOL_1MMDEEP_LABELS_S
100
AcDbVertex
100
AcDb2dVertex
 10
67.0561941963655
 20
-28.85775669642945
 30
0.0
  0
VERTEX
  5
D0
330
68
100
AcDbEntity
  8
1_ANYTOOL_1MMDEEP_LABELS_S
100
AcDbVertex
100
AcDb2dVertex
 10
66.92574986042797
 20
-28.94616001674192
 30
0.0
  0
VERTEX
  5
D1
330
68
100
AcDbEntity
  8
1_ANYTOOL_1MMDEEP_LABELS_S
100
AcDbVertex
100
AcDb2dVertex
 10
66.79373604904404
 20
-29.0320731026794
 30
0.0
  0
VERTEX
  5
D2
330
68
100
AcDbEntity
  8
1_ANYTOOL_1MMDEEP_LABELS_S
100
AcDbVertex
100
AcDb2dVertex
 10
66.66015276221367
 20
-29.11549595424187
 30
0.0
  0
VERTEX
  5
D3
330
68
100
AcDbEntity
  8
1_ANYTOOL_1MMDEEP_LABELS_S
100
AcDbVertex
100
AcDb2dVertex
 10
66.52499999993688
 20
-29.19642857142935
 30
0.0
  0
VERTEX
  5
D4
330
68
100
AcDbEntity
  8
1_ANYTOOL_1MMDEEP_LABELS_S
100
AcDbVertex
100
AcDb2dVertex
 10
66.38827776221365
 20
-29.27487095424183
 30
0.0
  0
VERTEX
  5
D5
330
68
100
AcDbEntity
  8
1_ANYTOOL_1MMDEEP_LABELS_S
100
AcDbVertex
100
AcDb2dVertex
 10
66.249986049044
 20
-29.35082310267931
 30
0.0
  0
VERTEX
  5
D6
330
68
100
AcDbEntity
  8
1_ANYTOOL_1MMDEEP_LABELS_S
100
AcDbVertex
100
AcDb2dVertex
 10
66.1101248604279
 20
-29.42428501674178
 30
0.0
  0
VERTEX
  5
D7
330
68
100
AcDbEntity
  8
1_ANYTOOL_1MMDEEP_LABELS_S
100
AcDbVertex
100
AcDb2dVertex
 10
65.9686941963654
 20
-29.49525669642927
 30
0.0
  0
VERTEX
  5
D8
330
68
100
AcDbEntity
  8
1_ANYTOOL_1MMDEEP_LABELS_S
100
AcDbVertex
100
AcDb2dVertex
 10
65.82569405685646
 20
-29.56373814174174
 30
0.0
  0
VERTEX
  5
D9
330
68
100
AcDbEntity
  8
1_ANYTOOL_1MMDEEP_LABELS_S
100
AcDbVertex
100
AcDb2dVertex
 10
65.68112444190109
 20
-29.62972935267923
 30
0.0
  0
VERTEX
  5
DA
330
68
100
AcDbEntity
  8
1_ANYTOOL_1MMDEEP_LABELS_S
100
AcDbVertex
100
AcDb2dVertex
 10
65.5349853514993
 20
-29.69323032924171
 30
0.0
  0
VERTEX
  5
DB
330
68
100
AcDbEntity
  8
1_ANYTOOL_1MMDEEP_LABELS_S
100
AcDbVertex
100
AcDb2dVertex
 10
65.38727678565107
 20
-29.75424107142919
 30
0.0
  0
VERTEX
  5
DC
330
68
100
AcDbEntity
  8
1_ANYTOOL_1MMDEEP_LABELS_S
100
AcDbVertex
100
AcDb2dVertex
 10
65.2379987443564
 20
-29.81276157924167
 30
0.0
  0
VERTEX
  5
DD
330
68
100
AcDbEntity
  8
1_ANYTOOL_1MMDEEP_LABELS_S
100
AcDbVertex
100
AcDb2dVertex
 10
65.08715122761532
 20
-29.86879185267916
 30
0.0
  0
VERTEX
  5
DE
330
68
100
AcDbEntity
  8
1_ANYTOOL_1MMDEEP_LABELS_S
100
AcDbVertex
100
AcDb2dVertex
 10
64.93473423542781
 20
-29.92233189174164
 30
0.0
  0
VERTEX
  5
DF
330
68
100
AcDbEntity
  8
1_ANYTOOL_1MMDEEP_LABELS_S
100
AcDbVertex
100
AcDb2dVertex
 10
64.78074776779387
 20
-29.97338169642913
 30
0.0
  0
VERTEX
  5
E0
330
68
100
AcDbEntity
  8
1_ANYTOOL_1MMDEEP_LABELS_S
100
AcDbVertex
100
AcDb2dVertex
 10
64.4680664061867
 20
-30.0680106026791
 30
0.0
  0
VERTEX
  5
E1
330
68
100
AcDbEntity
  8
1_ANYTOOL_1MMDEEP_LABELS_S
100
AcDbVertex
100
AcDb2dVertex
 10
64.14910714279381
 20
-30.15267857142908
 30
0.0
  0
VERTEX
  5
E2
330
68
100
AcDbEntity
  8
1_ANYTOOL_1MMDEEP_LABELS_S
100
AcDbVertex
100
AcDb2dVertex
 10
63.8238699776152
 20
-30.22738560267906
 30
0.0
  0
VERTEX
  5
E3
330
68
100
AcDbEntity
  8
1_ANYTOOL_1MMDEEP_LABELS_S
100
AcDbVertex
100
AcDb2dVertex
 10
63.49235491065089
 20
-30.29213169642904
 30
0.0
  0
VERTEX
  5
E4
330
68
100
AcDbEntity
  8
1_ANYTOOL_1MMDEEP_LABELS_S
100
AcDbVertex
100
AcDb2dVertex
 10
63.15456194190085
 20
-30.34691685267902
 30
0.0
  0
VERTEX
  5
E5
330
68
100
AcDbEntity
  8
1_ANYTOOL_1MMDEEP_LABELS_S
100
AcDbVertex
100
AcDb2dVertex
 10
62.81049107136511
 20
-30.39174107142901
 30
0.0
  0
VERTEX
  5
E6
330
68
100
AcDbEntity
  8
1_ANYTOOL_1MMDEEP_LABELS_S
100
AcDbVertex
100
AcDb2dVertex
 10
62.46014229904364
 20
-30.426604352679
 30
0.0
  0
VERTEX
  5
E7
330
68
100
AcDbEntity
  8
1_ANYTOOL_1MMDEEP_LABELS_S
100
AcDbVertex
100
AcDb2dVertex
 10
62.10351562493646
 20
-30.45150669642899
 30
0.0
  0
VERTEX
  5
E8
330
68
100
AcDbEntity
  8
1_ANYTOOL_1MMDEEP_LABELS_S
100
AcDbVertex
100
AcDb2dVertex
 10
61.74061104904357
 20
-30.46644810267899
 30
0.0
  0
VERTEX
  5
E9
330
68
100
AcDbEntity
  8
1_ANYTOOL_1MMDEEP_LABELS_S
100
AcDbVertex
100
AcDb2dVertex
 10
61.37142857136496
 20
-30.47142857142899
 30
0.0
  0
VERTEX
  5
EA
330
68
100
AcDbEntity
  8
1_ANYTOOL_1MMDEEP_LABELS_S
100
AcDbVertex
100
AcDb2dVertex
 10
60.98902064725797
 20
-30.46636439732185
 30
0.0
  0
VERTEX
  5
EB
330
68
100
AcDbEntity
  8
1_ANYTOOL_1MMDEEP_LABELS_S
100
AcDbVertex
100
AcDb2dVertex
 10
60.61322544636526
 20
-30.45117187500043
 30
0.0
  0
VERTEX
  5
EC
330
68
100
AcDbEntity
  8
1_ANYTOOL_1MMDEEP_LABELS_S
100
AcDbVertex
100
AcDb2dVertex
 10
60.24404296868684
 20
-30.42585100446473
 30
0.0
  0
VERTEX
  5
ED
330
68
100
AcDbEntity
  8
1_ANYTOOL_1MMDEEP_LABELS_S
100
AcDbVertex
100
AcDb2dVertex
 10
59.88147321422269
 20
-30.39040178571474
 30
0.0
  0
VERTEX
  5
EE
330
68
100
AcDbEntity
  8
1_ANYTOOL_1MMDEEP_LABELS_S
100
AcDbVertex
100
AcDb2dVertex
 10
59.52551618297284
 20
-30.34482421875048
 30
0.0
  0
VERTEX
  5
EF
330
68
100
AcDbEntity
  8
1_ANYTOOL_1MMDEEP_LABELS_S
100
AcDbVertex
100
AcDb2dVertex
 10
59.17617187493725
 20
-30.28911830357194
 30
0.0
  0
VERTEX
  5
F0
330
68
100
AcDbEntity
  8
1_ANYTOOL_1MMDEEP_LABELS_S
100
AcDbVertex
100
AcDb2dVertex
 10
58.83344029011596
 20
-30.22328404017912
 30
0.0
  0
VERTEX
  5
F1
330
68
100
AcDbEntity
  8
1_ANYTOOL_1MMDEEP_LABELS_S
100
AcDbVertex
100
AcDb2dVertex
 10
58.49732142850894
 20
-30.14732142857201
 30
0.0
  0
VERTEX
  5
F2
330
68
100
AcDbEntity
  8
1_ANYTOOL_1MMDEEP_LABELS_S
100
AcDbVertex
100
AcDb2dVertex
 10
58.16781529011621
 20
-30.06123046875063
 30
0.0
  0
VERTEX
  5
F3
330
68
100
AcDbEntity
  8
1_ANYTOOL_1MMDEEP_LABELS_S
100
AcDbVertex
100
AcDb2dVertex
 10
57.84492187493775
 20
-29.96501116071497
 30
0.0
  0
VERTEX
  5
F4
330
68
100
AcDbEntity
  8
1_ANYTOOL_1MMDEEP_LABELS_S
100
AcDbVertex
100
AcDb2dVertex
 10
57.68595493855388
 20
-29.91310337611678
 30
0.0
  0
VERTEX
  5
F5
330
68
100
AcDbEntity
  8
1_ANYTOOL_1MMDEEP_LABELS_S
100
AcDbVertex
100
AcDb2dVertex
 10
57.52864118297359
 20
-29.85866350446502
 30
0.0
  0
VERTEX
  5
F6
330
68
100
AcDbEntity
  8
1_ANYTOOL_1MMDEEP_LABELS_S
100
AcDbVertex
100
AcDb2dVertex
 10
57.37298060819685
 20
-29.8016915457597
 30
0.0
  0
VERTEX
  5
F7
330
68
100
AcDbEntity
  8
1_ANYTOOL_1MMDEEP_LABELS_S
100
AcDbVertex
100
AcDb2dVertex
 10
57.21897321422369
 20
-29.7421875000008
 30
0.0
  0
VERTEX
  5
F8
330
68
100
AcDbEntity
  8
1_ANYTOOL_1MMDEEP_LABELS_S
100
AcDbVertex
100
AcDb2dVertex
 10
57.06661900105411
 20
-29.68015136718833
 30
0.0
  0
VERTEX
  5
F9
330
68
100
AcDbEntity
  8
1_ANYTOOL_1MMDEEP_LABELS_S
100
AcDbVertex
100
AcDb2dVertex
 10
56.91591796868809
 20
-29.61558314732229
 30
0.0
  0
VERTEX
  5
FA
330
68
100
AcDbEntity
  8
1_ANYTOOL_1MMDEEP_LABELS_S
100
AcDbVertex
100
AcDb2dVertex
 10
56.76687011712564
 20
-29.54848284040268
 30
0.0
  0
VERTEX
  5
FB
330
68
100
AcDbEntity
  8
1_ANYTOOL_1MMDEEP_LABELS_S
100
AcDbVertex
100
AcDb2dVertex
 10
56.61947544636676
 20
-29.4788504464295
 30
0.0
  0
VERTEX
  5
FC
330
68
100
AcDbEntity
  8
1_ANYTOOL_1MMDEEP_LABELS_S
100
AcDbVertex
100
AcDb2dVertex
 10
56.47373395641146
 20
-29.40668596540276
 30
0.0
  0
VERTEX
  5
FD
330
68
100
AcDbEntity
  8
1_ANYTOOL_1MMDEEP_LABELS_S
100
AcDbVertex
100
AcDb2dVertex
 10
56.32964564725972
 20
-29.33198939732244
 30
0.0
  0
VERTEX
  5
FE
330
68
100
AcDbEntity
  8
1_ANYTOOL_1MMDEEP_LABELS_S
100
AcDbVertex
100
AcDb2dVertex
 10
56.18721051891156
 20
-29.25476074218855
 30
0.0
  0
VERTEX
  5
FF
330
68
100
AcDbEntity
  8
1_ANYTOOL_1MMDEEP_LABELS_S
100
AcDbVertex
100
AcDb2dVertex
 10
56.04642857136696
 20
-29.17500000000109
 30
0.0
  0
VERTEX
  5
100
330
68
100
AcDbEntity
  8
1_ANYTOOL_1MMDEEP_LABELS_S
100
AcDbVertex
100
AcDb2dVertex
 10
55.90729980462594
 20
-29.09270717076006
 30
0.0
  0
VERTEX
  5
101
330
68
100
AcDbEntity
  8
1_ANYTOOL_1MMDEEP_LABELS_S
100
AcDbVertex
100
AcDb2dVertex
 10
55.76982421868848
 20
-29.00788225446546
 30
0.0
  0
VERTEX
  5
102
330
68
100
AcDbEntity
  8
1_ANYTOOL_1MMDEEP_LABELS_S
100
AcDbVertex
100
AcDb2dVertex
 10
55.6340018135546
 20
-28.9205252511173
 30
0.0
  0
VERTEX
  5
103
330
68
100
AcDbEntity
  8
1_ANYTOOL_1MMDEEP_LABELS_S
100
AcDbVertex
100
AcDb2dVertex
 10
55.49983258922428
 20
-28.83063616071556
 30
0.0
  0
VERTEX
  5
104
330
68
100
AcDbEntity
  8
1_ANYTOOL_1MMDEEP_LABELS_S
100
AcDbVertex
100
AcDb2dVertex
 10
55.36731654569754
 20
-28.73821498326025
 30
0.0
  0
VERTEX
  5
105
330
68
100
AcDbEntity
  8
1_ANYTOOL_1MMDEEP_LABELS_S
100
AcDbVertex
100
AcDb2dVertex
 10
55.23645368297437
 20
-28.64326171875137
 30
0.0
  0
VERTEX
  5
106
330
68
100
AcDbEntity
  8
1_ANYTOOL_1MMDEEP_LABELS_S
100
AcDbVertex
100
AcDb2dVertex
 10
55.10724400105477
 20
-28.54577636718892
 30
0.0
  0
VERTEX
  5
107
330
68
100
AcDbEntity
  8
1_ANYTOOL_1MMDEEP_LABELS_S
100
AcDbVertex
100
AcDb2dVertex
 10
54.97968749993873
 20
-28.4457589285729
 30
0.0
  0
VERTEX
  5
108
330
68
100
AcDbEntity
  8
1_ANYTOOL_1MMDEEP_LABELS_S
100
AcDbVertex
100
AcDb2dVertex
 10
54.85378417962627
 20
-28.34320940290331
 30
0.0
  0
VERTEX
  5
109
330
68
100
AcDbEntity
  8
1_ANYTOOL_1MMDEEP_LABELS_S
100
AcDbVertex
100
AcDb2dVertex
 10
54.72953404011739
 20
-28.23812779018015
 30
0.0
  0
VERTEX
  5
10A
330
68
100
AcDbEntity
  8
1_ANYTOOL_1MMDEEP_LABELS_S
100
AcDbVertex
100
AcDb2dVertex
 10
54.60693708141206
 20
-28.13051409040342
 30
0.0
  0
VERTEX
  5
10B
330
68
100
AcDbEntity
  8
1_ANYTOOL_1MMDEEP_LABELS_S
100
AcDbVertex
100
AcDb2dVertex
 10
54.48599330351031
 20
-28.02036830357312
 30
0.0
  0
VERTEX
  5
10C
330
68
100
AcDbEntity
  8
1_ANYTOOL_1MMDEEP_LABELS_S
100
AcDbVertex
100
AcDb2dVertex
 10
54.36670270641213
 20
-27.90769042968925
 30
0.0
  0
VERTEX
  5
10D
330
68
100
AcDbEntity
  8
1_ANYTOOL_1MMDEEP_LABELS_S
100
AcDbVertex
100
AcDb2dVertex
 10
54.24906529011753
 20
-27.79248046875181
 30
0.0
  0
VERTEX
  5
10E
330
68
100
AcDbEntity
  8
1_ANYTOOL_1MMDEEP_LABELS_S
100
AcDbVertex
100
AcDb2dVertex
 10
54.13308105462649
 20
-27.6747384207608
 30
0.0
  0
VERTEX
  5
10F
330
68
100
AcDbEntity
  8
1_ANYTOOL_1MMDEEP_LABELS_S
100
AcDbVertex
100
AcDb2dVertex
 10
54.01874999993902
 20
-27.55446428571622
 30
0.0
  0
VERTEX
  5
110
330
68
100
AcDbEntity
  8
1_ANYTOOL_1MMDEEP_LABELS_S
100
AcDbVertex
100
AcDb2dVertex
 10
53.90607212605512
 20
-27.43165806361807
 30
0.0
  0
VERTEX
  5
111
330
68
100
AcDbEntity
  8
1_ANYTOOL_1MMDEEP_LABELS_S
100
AcDbVertex
100
AcDb2dVertex
 10
53.7950474329748
 20
-27.30631975446635
 30
0.0
  0
VERTEX
  5
112
330
68
100
AcDbEntity
  8
1_ANYTOOL_1MMDEEP_LABELS_S
100
AcDbVertex
100
AcDb2dVertex
 10
53.57795758922485
 20
-27.0480468750022
 30
0.0
  0
VERTEX
  5
113
330
68
100
AcDbEntity
  8
1_ANYTOOL_1MMDEEP_LABELS_S
100
AcDbVertex
100
AcDb2dVertex
 10
53.36748046868919
 20
-26.77964564732377
 30
0.0
  0
VERTEX
  5
114
330
68
100
AcDbEntity
  8
1_ANYTOOL_1MMDEEP_LABELS_S
100
AcDbVertex
100
AcDb2dVertex
 10
53.16361607136781
 20
-26.50111607143106
 30
0.0
  0
VERTEX
  5
115
330
68
100
AcDbEntity
  8
1_ANYTOOL_1MMDEEP_LABELS_S
100
AcDbVertex
100
AcDb2dVertex
 10
52.96636439726072
 20
-26.21245814732406
 30
0.0
  0
VERTEX
  5
116
330
68
100
AcDbEntity
  8
1_ANYTOOL_1MMDEEP_LABELS_S
100
AcDbVertex
100
AcDb2dVertex
 10
52.7757254463679
 20
-25.91367187500279
 30
0.0
  0
VERTEX
  5
117
330
68
100
AcDbEntity
  8
1_ANYTOOL_1MMDEEP_LABELS_S
100
AcDbVertex
100
AcDb2dVertex
 10
52.59169921868937
 20
-25.60475725446724
 30
0.0
  0
VERTEX
  5
118
330
68
100
AcDbEntity
  8
1_ANYTOOL_1MMDEEP_LABELS_S
100
AcDbVertex
100
AcDb2dVertex
 10
52.41428571422512
 20
-25.2857142857174
 30
0.0
  0
VERTEX
  5
119
330
68
100
AcDbEntity
  8
1_ANYTOOL_1MMDEEP_LABELS_S
100
AcDbVertex
100
AcDb2dVertex
 10
52.08214285708225
 20
-24.63733258928829
 30
0.0
  0
VERTEX
  5
11A
330
68
100
AcDbEntity
  8
1_ANYTOOL_1MMDEEP_LABELS_S
100
AcDbVertex
100
AcDb2dVertex
 10
51.77142857136795
 20
-23.98861607143067
 30
0.0
  0
VERTEX
  5
11B
330
68
100
AcDbEntity
  8
1_ANYTOOL_1MMDEEP_LABELS_S
100
AcDbVertex
100
AcDb2dVertex
 10
51.48214285708222
 20
-23.33956473214454
 30
0.0
  0
VERTEX
  5
11C
330
68
100
AcDbEntity
  8
1_ANYTOOL_1MMDEEP_LABELS_S
100
AcDbVertex
100
AcDb2dVertex
 10
51.21428571422507
 20
-22.6901785714299
 30
0.0
  0
VERTEX
  5
11D
330
68
100
AcDbEntity
  8
1_ANYTOOL_1MMDEEP_LABELS_S
100
AcDbVertex
100
AcDb2dVertex
 10
50.96785714279649
 20
-22.04045758928675
 30
0.0
  0
VERTEX
  5
11E
330
68
100
AcDbEntity
  8
1_ANYTOOL_1MMDEEP_LABELS_S
100
AcDbVertex
100
AcDb2dVertex
 10
50.74285714279648
 20
-21.39040178571508
 30
0.0
  0
VERTEX
  5
11F
330
68
100
AcDbEntity
  8
1_ANYTOOL_1MMDEEP_LABELS_S
100
AcDbVertex
100
AcDb2dVertex
 10
50.53928571422504
 20
-20.74001116071491
 30
0.0
  0
VERTEX
  5
120
330
68
100
AcDbEntity
  8
1_ANYTOOL_1MMDEEP_LABELS_S
100
AcDbVertex
100
AcDb2dVertex
 10
50.35714285708218
 20
-20.08928571428623
 30
0.0
  0
VERTEX
  5
121
330
68
100
AcDbEntity
  8
1_ANYTOOL_1MMDEEP_LABELS_S
100
AcDbVertex
100
AcDb2dVertex
 10
50.19642857136789
 20
-19.43822544642904
 30
0.0
  0
VERTEX
  5
122
330
68
100
AcDbEntity
  8
1_ANYTOOL_1MMDEEP_LABELS_S
100
AcDbVertex
100
AcDb2dVertex
 10
50.05714285708217
 20
-18.78683035714334
 30
0.0
  0
VERTEX
  5
123
330
68
100
AcDbEntity
  8
1_ANYTOOL_1MMDEEP_LABELS_S
100
AcDbVertex
100
AcDb2dVertex
 10
49.93928571422502
 20
-18.13510044642913
 30
0.0
  0
VERTEX
  5
124
330
68
100
AcDbEntity
  8
1_ANYTOOL_1MMDEEP_LABELS_S
100
AcDbVertex
100
AcDb2dVertex
 10
49.84285714279645
 20
-17.48303571428642
 30
0.0
  0
VERTEX
  5
125
330
68
100
AcDbEntity
  8
1_ANYTOOL_1MMDEEP_LABELS_S
100
AcDbVertex
100
AcDb2dVertex
 10
49.76785714279644
 20
-16.83063616071519
 30
0.0
  0
VERTEX
  5
126
330
68
100
AcDbEntity
  8
1_ANYTOOL_1MMDEEP_LABELS_S
100
AcDbVertex
100
AcDb2dVertex
 10
49.71428571422501
 20
-16.17790178571545
 30
0.0
  0
VERTEX
  5
127
330
68
100
AcDbEntity
  8
1_ANYTOOL_1MMDEEP_LABELS_S
100
AcDbVertex
100
AcDb2dVertex
 10
49.68214285708216
 20
-15.5248325892872
 30
0.0
  0
VERTEX
  5
128
330
68
100
AcDbEntity
  8
1_ANYTOOL_1MMDEEP_LABELS_S
100
AcDbVertex
100
AcDb2dVertex
 10
49.67142857136787
 20
-14.87142857143044
 30
0.0
  0
VERTEX
  5
129
330
68
100
AcDbEntity
  8
1_ANYTOOL_1MMDEEP_LABELS_S
100
AcDbVertex
100
AcDb2dVertex
 10
49.68264508922501
 20
-14.17801339285913
 30
0.0
  0
VERTEX
  5
12A
330
68
100
AcDbEntity
  8
1_ANYTOOL_1MMDEEP_LABELS_S
100
AcDbVertex
100
AcDb2dVertex
 10
49.71629464279641
 20
-13.49062500000207
 30
0.0
  0
VERTEX
  5
12B
330
68
100
AcDbEntity
  8
1_ANYTOOL_1MMDEEP_LABELS_S
100
AcDbVertex
100
AcDb2dVertex
 10
49.77237723208209
 20
-12.80926339285926
 30
0.0
  0
VERTEX
  5
12C
330
68
100
AcDbEntity
  8
1_ANYTOOL_1MMDEEP_LABELS_S
100
AcDbVertex
100
AcDb2dVertex
 10
49.85089285708204
 20
-12.13392857143072
 30
0.0
  0
VERTEX
  5
12D
330
68
100
AcDbEntity
  8
1_ANYTOOL_1MMDEEP_LABELS_S
100
AcDbVertex
100
AcDb2dVertex
 10
49.95184151779627
 20
-11.46462053571642
 30
0.0
  0
VERTEX
  5
12E
330
68
100
AcDbEntity
  8
1_ANYTOOL_1MMDEEP_LABELS_S
100
AcDbVertex
100
AcDb2dVertex
 10
50.07522321422476
 20
-10.80133928571638
 30
0.0
  0
VERTEX
  5
12F
330
68
100
AcDbEntity
  8
1_ANYTOOL_1MMDEEP_LABELS_S
100
AcDbVertex
100
AcDb2dVertex
 10
50.22103794636753
 20
-10.1440848214306
 30
0.0
  0
VERTEX
  5
130
330
68
100
AcDbEntity
  8
1_ANYTOOL_1MMDEEP_LABELS_S
100
AcDbVertex
100
AcDb2dVertex
 10
50.38928571422457
 20
-9.492857142859066
 30
0.0
  0
VERTEX
  5
131
330
68
100
AcDbEntity
  8
1_ANYTOOL_1MMDEEP_LABELS_S
100
AcDbVertex
100
AcDb2dVertex
 10
50.57996651779588
 20
-8.84765625000179
 30
0.0
  0
VERTEX
  5
132
330
68
100
AcDbEntity
  8
1_ANYTOOL_1MMDEEP_LABELS_S
100
AcDbVertex
100
AcDb2dVertex
 10
50.79308035708146
 20
-8.20848214285877
 30
0.0
  0
VERTEX
  5
133
330
68
100
AcDbEntity
  8
1_ANYTOOL_1MMDEEP_LABELS_S
100
AcDbVertex
100
AcDb2dVertex
 10
51.02862723208132
 20
-7.575334821430005
 30
0.0
  0
VERTEX
  5
134
330
68
100
AcDbEntity
  8
1_ANYTOOL_1MMDEEP_LABELS_S
100
AcDbVertex
100
AcDb2dVertex
 10
51.28660714279545
 20
-6.948214285715494
 30
0.0
  0
VERTEX
  5
135
330
68
100
AcDbEntity
  8
1_ANYTOOL_1MMDEEP_LABELS_S
100
AcDbVertex
100
AcDb2dVertex
 10
51.56702008922385
 20
-6.327120535715238
 30
0.0
  0
VERTEX
  5
136
330
68
100
AcDbEntity
  8
1_ANYTOOL_1MMDEEP_LABELS_S
100
AcDbVertex
100
AcDb2dVertex
 10
51.86986607136652
 20
-5.712053571429237
 30
0.0
  0
VERTEX
  5
137
330
68
100
AcDbEntity
  8
1_ANYTOOL_1MMDEEP_LABELS_S
100
AcDbVertex
100
AcDb2dVertex
 10
52.19514508922346
 20
-5.103013392857491
 30
0.0
  0
VERTEX
  5
138
330
68
100
AcDbEntity
  8
1_ANYTOOL_1MMDEEP_LABELS_S
100
AcDbVertex
100
AcDb2dVertex
 10
52.54285714279467
 20
-4.5
 30
0.0
  0
VERTEX
  5
139
330
68
100
AcDbEntity
  8
1_ANYTOOL_1MMDEEP_LABELS_S
100
AcDbVertex
100
AcDb2dVertex
 10
52.72826450886618
 20
-4.202050781249859
 30
0.0
  0
VERTEX
  5
13A
330
68
100
AcDbEntity
  8
1_ANYTOOL_1MMDEEP_LABELS_S
100
AcDbVertex
100
AcDb2dVertex
 10
52.92020089279482
 20
-3.913560267856866
 30
0.0
  0
VERTEX
  5
13B
330
68
100
AcDbEntity
  8
1_ANYTOOL_1MMDEEP_LABELS_S
100
AcDbVertex
100
AcDb2dVertex
 10
53.11866629458061
 20
-3.63452845982102
 30
0.0
  0
VERTEX
  5
13C
330
68
100
AcDbEntity
  8
1_ANYTOOL_1MMDEEP_LABELS_S
100
AcDbVertex
100
AcDb2dVertex
 10
53.32366071422354
 20
-3.364955357142321
 30
0.0
  0
VERTEX
  5
13D
330
68
100
AcDbEntity
  8
1_ANYTOOL_1MMDEEP_LABELS_S
100
AcDbVertex
100
AcDb2dVertex
 10
53.5351841517236
 20
-3.10484095982077
 30
0.0
  0
VERTEX
  5
13E
330
68
100
AcDbEntity
  8
1_ANYTOOL_1MMDEEP_LABELS_S
100
AcDbVertex
100
AcDb2dVertex
 10
53.75323660708081
 20
-2.854185267856366
 30
0.0
  0
VERTEX
  5
13F
330
68
100
AcDbEntity
  8
1_ANYTOOL_1MMDEEP_LABELS_S
100
AcDbVertex
100
AcDb2dVertex
 10
53.97781808029515
 20
-2.612988281249109
 30
0.0
  0
VERTEX
  5
140
330
68
100
AcDbEntity
  8
1_ANYTOOL_1MMDEEP_LABELS_S
100
AcDbVertex
100
AcDb2dVertex
 10
54.20892857136664
 20
-2.381249999999
 30
0.0
  0
VERTEX
  5
141
330
68
100
AcDbEntity
  8
1_ANYTOOL_1MMDEEP_LABELS_S
100
AcDbVertex
100
AcDb2dVertex
 10
54.32693219859881
 20
-2.268927873882875
 30
0.0
  0
VERTEX
  5
142
330
68
100
AcDbEntity
  8
1_ANYTOOL_1MMDEEP_LABELS_S
100
AcDbVertex
100
AcDb2dVertex
 10
54.44656808029526
 20
-2.158970424106037
 30
0.0
  0
VERTEX
  5
143
330
68
100
AcDbEntity
  8
1_ANYTOOL_1MMDEEP_LABELS_S
100
AcDbVertex
100
AcDb2dVertex
 10
54.56783621645601
 20
-2.051377650668487
 30
0.0
  0
VERTEX
  5
144
330
68
100
AcDbEntity
  8
1_ANYTOOL_1MMDEEP_LABELS_S
100
AcDbVertex
100
AcDb2dVertex
 10
54.69073660708104
 20
-1.946149553570223
 30
0.0
  0
VERTEX
  5
145
330
68
100
AcDbEntity
  8
1_ANYTOOL_1MMDEEP_LABELS_S
100
AcDbVertex
100
AcDb2dVertex
 10
54.81526925217035
 20
-1.843286132811246
 30
0.0
  0
VERTEX
  5
146
330
68
100
AcDbEntity
  8
1_ANYTOOL_1MMDEEP_LABELS_S
100
AcDbVertex
100
AcDb2dVertex
 10
54.94143415172394
 20
-1.742787388391555
 30
0.0
  0
VERTEX
  5
147
330
68
100
AcDbEntity
  8
1_ANYTOOL_1MMDEEP_LABELS_S
100
AcDbVertex
100
AcDb2dVertex
 10
55.06923130574182
 20
-1.644653320311152
 30
0.0
  0
VERTEX
  5
148
330
68
100
AcDbEntity
  8
1_ANYTOOL_1MMDEEP_LABELS_S
100
AcDbVertex
100
AcDb2dVertex
 10
55.19866071422399
 20
-1.548883928570035
 30
0.0
  0
VERTEX
  5
149
330
68
100
AcDbEntity
  8
1_ANYTOOL_1MMDEEP_LABELS_S
100
AcDbVertex
100
AcDb2dVertex
 10
55.32972237717044
 20
-1.455479213168205
 30
0.0
  0
VERTEX
  5
14A
330
68
100
AcDbEntity
  8
1_ANYTOOL_1MMDEEP_LABELS_S
100
AcDbVertex
100
AcDb2dVertex
 10
55.46241629458117
 20
-1.364439174105662
 30
0.0
  0
VERTEX
  5
14B
330
68
100
AcDbEntity
  8
1_ANYTOOL_1MMDEEP_LABELS_S
100
AcDbVertex
100
AcDb2dVertex
 10
55.5967424664562
 20
-1.275763811382406
 30
0.0
  0
VERTEX
  5
14C
330
68
100
AcDbEntity
  8
1_ANYTOOL_1MMDEEP_LABELS_S
100
AcDbVertex
100
AcDb2dVertex
 10
55.73270089279551
 20
-1.189453124998437
 30
0.0
  0
VERTEX
  5
14D
330
68
100
AcDbEntity
  8
1_ANYTOOL_1MMDEEP_LABELS_S
100
AcDbVertex
100
AcDb2dVertex
 10
55.8702915735991
 20
-1.105507114953754
 30
0.0
  0
VERTEX
  5
14E
330
68
100
AcDbEntity
  8
1_ANYTOOL_1MMDEEP_LABELS_S
100
AcDbVertex
100
AcDb2dVertex
 10
56.00951450886697
 20
-1.023925781248359
 30
0.0
  0
VERTEX
  5
14F
330
68
100
AcDbEntity
  8
1_ANYTOOL_1MMDEEP_LABELS_S
100
AcDbVertex
100
AcDb2dVertex
 10
56.15036969859914
 20
-0.9447091238822498
 30
0.0
  0
VERTEX
  5
150
330
68
100
AcDbEntity
  8
1_ANYTOOL_1MMDEEP_LABELS_S
100
AcDbVertex
100
AcDb2dVertex
 10
56.29285714279558
 20
-0.8678571428554278
 30
0.0
  0
VERTEX
  5
151
330
68
100
AcDbEntity
  8
1_ANYTOOL_1MMDEEP_LABELS_S
100
AcDbVertex
100
AcDb2dVertex
 10
56.43697684145631
 20
-0.7933698381678926
 30
0.0
  0
VERTEX
  5
152
330
68
100
AcDbEntity
  8
1_ANYTOOL_1MMDEEP_LABELS_S
100
AcDbVertex
100
AcDb2dVertex
 10
56.58272879458133
 20
-0.7212472098196443
 30
0.0
  0
VERTEX
  5
153
330
68
100
AcDbEntity
  8
1_ANYTOOL_1MMDEEP_LABELS_S
100
AcDbVertex
100
AcDb2dVertex
 10
56.87912946422422
 20
-0.5840959821410081
 30
0.0
  0
VERTEX
  5
154
330
68
100
AcDbEntity
  8
1_ANYTOOL_1MMDEEP_LABELS_S
100
AcDbVertex
100
AcDb2dVertex
 10
57.18205915172425
 20
-0.4564034598195192
 30
0.0
  0
VERTEX
  5
155
330
68
100
AcDbEntity
  8
1_ANYTOOL_1MMDEEP_LABELS_S
100
AcDbVertex
100
AcDb2dVertex
 10
57.49151785708142
 20
-0.3381696428551777
 30
0.0
  0
VERTEX
  5
156
330
68
100
AcDbEntity
  8
1_ANYTOOL_1MMDEEP_LABELS_S
100
AcDbVertex
100
AcDb2dVertex
 10
57.80750558029573
 20
-0.2293945312479835
 30
0.0
  0
VERTEX
  5
157
330
68
100
AcDbEntity
  8
1_ANYTOOL_1MMDEEP_LABELS_S
100
AcDbVertex
100
AcDb2dVertex
 10
58.13002232136718
 20
-0.1300781249979366
 30
0.0
  0
VERTEX
  5
158
330
68
100
AcDbEntity
  8
1_ANYTOOL_1MMDEEP_LABELS_S
100
AcDbVertex
100
AcDb2dVertex
 10
58.45906808029576
 20
-0.040220424105037
 30
0.0
  0
VERTEX
  5
159
330
68
100
AcDbEntity
  8
1_ANYTOOL_1MMDEEP_LABELS_S
100
AcDbVertex
100
AcDb2dVertex
 10
58.7946428570815
 20
0.0401785714307152
 30
0.0
  0
VERTEX
  5
15A
330
68
100
AcDbEntity
  8
1_ANYTOOL_1MMDEEP_LABELS_S
100
AcDbVertex
100
AcDb2dVertex
 10
59.13674665172437
 20
0.1111188616093202
 30
0.0
  0
VERTEX
  5
15B
330
68
100
AcDbEntity
  8
1_ANYTOOL_1MMDEEP_LABELS_S
100
AcDbVertex
100
AcDb2dVertex
 10
59.48537946422438
 20
0.1726004464307778
 30
0.0
  0
VERTEX
  5
15C
330
68
100
AcDbEntity
  8
1_ANYTOOL_1MMDEEP_LABELS_S
100
AcDbVertex
100
AcDb2dVertex
 10
59.84054129458153
 20
0.224623325895088
 30
0.0
  0
VERTEX
  5
15D
330
68
100
AcDbEntity
  8
1_ANYTOOL_1MMDEEP_LABELS_S
100
AcDbVertex
100
AcDb2dVertex
 10
60.20223214279582
 20
0.267187500002251
 30
0.0
  0
VERTEX
  5
15E
330
68
100
AcDbEntity
  8
1_ANYTOOL_1MMDEEP_LABELS_S
100
AcDbVertex
100
AcDb2dVertex
 10
60.57045200886725
 20
0.3002929687522666
 30
0.0
  0
VERTEX
  5
15F
330
68
100
AcDbEntity
  8
1_ANYTOOL_1MMDEEP_LABELS_S
100
AcDbVertex
100
AcDb2dVertex
 10
60.94520089279582
 20
0.3239397321451349
 30
0.0
  0
VERTEX
  5
160
330
68
100
AcDbEntity
  8
1_ANYTOOL_1MMDEEP_LABELS_S
100
AcDbVertex
100
AcDb2dVertex
 10
61.32647879458153
 20
0.3381277901808559
 30
0.0
  0
SEQEND
  5
161
330
68
100
AcDbEntity
  8
1_ANYTOOL_1MMDEEP_LABELS_S
  0
LINE
  5
162
330
1F
100
AcDbEntity
  8
1_ANYTOOL_1MMDEEP_LABELS_S
100
AcDbLine
 10
85.67142857136787
 20
-16.11428571428405
 30
0.0
 11
76.8857142856541
 21
-16.19999999999709
 31
0.0
  0
POLYLINE
  5
163
330
1F
100
AcDbEntity
  8
1_ANYTOOL_1MMDEEP_LABELS_S
100
AcDb2dPolyline
 66
     1
 10
0.0
 20
0.0
 30
0.0
  0
VERTEX
  5
164
330
163
100
AcDbEntity
  8
1_ANYTOOL_1MMDEEP_LABELS_S
100
AcDbVertex
100
AcDb2dVertex
 10
90.81428571422293
 20
0.0
 30
0.0
  0
VERTEX
  5
165
330
163
100
AcDbEntity
  8
1_ANYTOOL_1MMDEEP_LABELS_S
100
AcDbVertex
100
AcDb2dVertex
 10
90.81428571422293
 20
-30.0
 30
0.0
  0
VERTEX
  5
166
330
163
100
AcDbEntity
  8
1_ANYTOOL_1MMDEEP_LABELS_S
100
AcDbVertex
100
AcDb2dVertex
 10
107.9142857142251
 20
-30.0
 30
0.0
  0
SEQEND
  5
167
330
163
100
AcDbEntity
  8
1_ANYTOOL_1MMDEEP_LABELS_S
  0
LINE
  5
168
330
1F
100
AcDbEntity
  8
1_ANYTOOL_1MMDEEP_LABELS_S
100
AcDbLine
 10
120.5571428570802
 20
-16.11428571428405
 30
0.0
 11
111.7714285713664
 21
-16.19999999999709
 31
0.0
  0
POLYLINE
  5
169
330
1F
100
AcDbEntity
  8
1_ANYTOOL_1MMDEEP_LABELS_S
100
AcDb2dPolyline
 66
     1
 10
0.0
 20
0.0
 30
0.0
  0
VERTEX
  5
16A
330
169
100
AcDbEntity
  8
1_ANYTOOL_1MMDEEP_LABELS_S
100
AcDbVertex
100
AcDb2dVertex
 10
132.6428571427969
 20
-14.2285714285681
 30
0.0
  0
VERTEX
  5
16B
330
169
100
AcDbEntity
  8
1_ANYTOOL_1MMDEEP_LABELS_S
100
AcDbVertex
100
AcDb2dVertex
 10
133.0799665177968
 20
-14.25552455356868
 30
0.0
  0
VERTEX
  5
16C
330
169
100
AcDbEntity
  8
1_ANYTOOL_1MMDEEP_LABELS_S
100
AcDbVertex
100
AcDb2dVertex
 10
133.5127232142253
 20
-14.29352678571206
 30
0.0
  0
VERTEX
  5
16D
330
169
100
AcDbEntity
  8
1_ANYTOOL_1MMDEEP_LABELS_S
100
AcDbVertex
100
AcDb2dVertex
 10
133.9411272320824
 20
-14.34257812499825
 30
0.0
  0
VERTEX
  5
16E
330
169
100
AcDbEntity
  8
1_ANYTOOL_1MMDEEP_LABELS_S
100
AcDbVertex
100
AcDb2dVertex
 10
134.365178571368
 20
-14.40267857142726
 30
0.0
  0
VERTEX
  5
16F
330
169
100
AcDbEntity
  8
1_ANYTOOL_1MMDEEP_LABELS_S
100
AcDbVertex
100
AcDb2dVertex
 10
134.7848772320822
 20
-14.47382812499907
 30
0.0
  0
VERTEX
  5
170
330
169
100
AcDbEntity
  8
1_ANYTOOL_1MMDEEP_LABELS_S
100
AcDbVertex
100
AcDb2dVertex
 10
135.2002232142249
 20
-14.5560267857137
 30
0.0
  0
VERTEX
  5
171
330
169
100
AcDbEntity
  8
1_ANYTOOL_1MMDEEP_LABELS_S
100
AcDbVertex
100
AcDb2dVertex
 10
135.6112165177962
 20
-14.64927455357113
 30
0.0
  0
VERTEX
  5
172
330
169
100
AcDbEntity
  8
1_ANYTOOL_1MMDEEP_LABELS_S
100
AcDbVertex
100
AcDb2dVertex
 10
136.0178571427959
 20
-14.75357142857138
 30
0.0
  0
VERTEX
  5
173
330
169
100
AcDbEntity
  8
1_ANYTOOL_1MMDEEP_LABELS_S
100
AcDbVertex
100
AcDb2dVertex
 10
136.4201450892243
 20
-14.86891741071443
 30
0.0
  0
VERTEX
  5
174
330
169
100
AcDbEntity
  8
1_ANYTOOL_1MMDEEP_LABELS_S
100
AcDbVertex
100
AcDb2dVertex
 10
136.8180803570812
 20
-14.9953125000003
 30
0.0
  0
VERTEX
  5
175
330
169
100
AcDbEntity
  8
1_ANYTOOL_1MMDEEP_LABELS_S
100
AcDbVertex
100
AcDb2dVertex
 10
137.2116629463667
 20
-15.13275669642897
 30
0.0
  0
VERTEX
  5
176
330
169
100
AcDbEntity
  8
1_ANYTOOL_1MMDEEP_LABELS_S
100
AcDbVertex
100
AcDb2dVertex
 10
137.6008928570807
 20
-15.28125000000045
 30
0.0
  0
VERTEX
  5
177
330
169
100
AcDbEntity
  8
1_ANYTOOL_1MMDEEP_LABELS_S
100
AcDbVertex
100
AcDb2dVertex
 10
137.9857700892233
 20
-15.44079241071475
 30
0.0
  0
VERTEX
  5
178
330
169
100
AcDbEntity
  8
1_ANYTOOL_1MMDEEP_LABELS_S
100
AcDbVertex
100
AcDb2dVertex
 10
138.3662946427943
 20
-15.61138392857185
 30
0.0
  0
VERTEX
  5
179
330
169
100
AcDbEntity
  8
1_ANYTOOL_1MMDEEP_LABELS_S
100
AcDbVertex
100
AcDb2dVertex
 10
138.742466517794
 20
-15.79302455357177
 30
0.0
  0
VERTEX
  5
17A
330
169
100
AcDbEntity
  8
1_ANYTOOL_1MMDEEP_LABELS_S
100
AcDbVertex
100
AcDb2dVertex
 10
139.1142857142222
 20
-15.98571428571449
 30
0.0
  0
VERTEX
  5
17B
330
169
100
AcDbEntity
  8
1_ANYTOOL_1MMDEEP_LABELS_S
100
AcDbVertex
100
AcDb2dVertex
 10
139.2962193079723
 20
-16.08457031250017
 30
0.0
  0
VERTEX
  5
17C
330
169
100
AcDbEntity
  8
1_ANYTOOL_1MMDEEP_LABELS_S
100
AcDbVertex
100
AcDb2dVertex
 10
139.4723772320794
 20
-16.18828125000013
 30
0.0
  0
VERTEX
  5
17D
330
169
100
AcDbEntity
  8
1_ANYTOOL_1MMDEEP_LABELS_S
100
AcDbVertex
100
AcDb2dVertex
 10
139.5582903180169
 20
-16.24195731026797
 30
0.0
  0
VERTEX
  5
17E
330
169
100
AcDbEntity
  8
1_ANYTOOL_1MMDEEP_LABELS_S
100
AcDbVertex
100
AcDb2dVertex
 10
139.6427594865438
 20
-16.29684709821438
 30
0.0
  0
VERTEX
  5
17F
330
169
100
AcDbEntity
  8
1_ANYTOOL_1MMDEEP_LABELS_S
100
AcDbVertex
100
AcDb2dVertex
 10
139.7257847376598
 20
-16.35295061383936
 30
0.0
  0
VERTEX
  5
180
330
169
100
AcDbEntity
  8
1_ANYTOOL_1MMDEEP_LABELS_S
100
AcDbVertex
100
AcDb2dVertex
 10
139.8073660713652
 20
-16.41026785714291
 30
0.0
  0
VERTEX
  5
181
330
169
100
AcDbEntity
  8
1_ANYTOOL_1MMDEEP_LABELS_S
100
AcDbVertex
100
AcDb2dVertex
 10
139.8875034876599
 20
-16.46879882812504
 30
0.0
  0
VERTEX
  5
182
330
169
100
AcDbEntity
  8
1_ANYTOOL_1MMDEEP_LABELS_S
100
AcDbVertex
100
AcDb2dVertex
 10
139.9661969865438
 20
-16.52854352678573
 30
0.0
  0
VERTEX
  5
183
330
169
100
AcDbEntity
  8
1_ANYTOOL_1MMDEEP_LABELS_S
100
AcDbVertex
100
AcDb2dVertex
 10
140.043446568017
 20
-16.589501953125
 30
0.0
  0
VERTEX
  5
184
330
169
100
AcDbEntity
  8
1_ANYTOOL_1MMDEEP_LABELS_S
100
AcDbVertex
100
AcDb2dVertex
 10
140.1192522320796
 20
-16.65167410714284
 30
0.0
  0
VERTEX
  5
185
330
169
100
AcDbEntity
  8
1_ANYTOOL_1MMDEEP_LABELS_S
100
AcDbVertex
100
AcDb2dVertex
 10
140.1936139787314
 20
-16.71505998883925
 30
0.0
  0
VERTEX
  5
186
330
169
100
AcDbEntity
  8
1_ANYTOOL_1MMDEEP_LABELS_S
100
AcDbVertex
100
AcDb2dVertex
 10
140.2665318079725
 20
-16.77965959821423
 30
0.0
  0
VERTEX
  5
187
330
169
100
AcDbEntity
  8
1_ANYTOOL_1MMDEEP_LABELS_S
100
AcDbVertex
100
AcDb2dVertex
 10
140.3380057198028
 20
-16.84547293526779
 30
0.0
  0
VERTEX
  5
188
330
169
100
AcDbEntity
  8
1_ANYTOOL_1MMDEEP_LABELS_S
100
AcDbVertex
100
AcDb2dVertex
 10
140.4080357142225
 20
-16.91249999999991
 30
0.0
  0
VERTEX
  5
189
330
169
100
AcDbEntity
  8
1_ANYTOOL_1MMDEEP_LABELS_S
100
AcDbVertex
100
AcDb2dVertex
 10
140.4766217912314
 20
-16.98074079241061
 30
0.0
  0
VERTEX
  5
18A
330
169
100
AcDbEntity
  8
1_ANYTOOL_1MMDEEP_LABELS_S
100
AcDbVertex
100
AcDb2dVertex
 10
140.5437639508297
 20
-17.05019531249987
 30
0.0
  0
VERTEX
  5
18B
330
169
100
AcDbEntity
  8
1_ANYTOOL_1MMDEEP_LABELS_S
100
AcDbVertex
100
AcDb2dVertex
 10
140.6094621930172
 20
-17.12086356026771
 30
0.0
  0
VERTEX
  5
18C
330
169
100
AcDbEntity
  8
1_ANYTOOL_1MMDEEP_LABELS_S
100
AcDbVertex
100
AcDb2dVertex
 10
140.673716517794
 20
-17.19274553571412
 30
0.0
  0
VERTEX
  5
18D
330
169
100
AcDbEntity
  8
1_ANYTOOL_1MMDEEP_LABELS_S
100
AcDbVertex
100
AcDb2dVertex
 10
140.73652692516
 20
-17.26584123883911
 30
0.0
  0
VERTEX
  5
18E
330
169
100
AcDbEntity
  8
1_ANYTOOL_1MMDEEP_LABELS_S
100
AcDbVertex
100
AcDb2dVertex
 10
140.7978934151154
 20
-17.34015066964266
 30
0.0
  0
VERTEX
  5
18F
330
169
100
AcDbEntity
  8
1_ANYTOOL_1MMDEEP_LABELS_S
100
AcDbVertex
100
AcDb2dVertex
 10
140.8578159876601
 20
-17.41567382812479
 30
0.0
  0
VERTEX
  5
190
330
169
100
AcDbEntity
  8
1_ANYTOOL_1MMDEEP_LABELS_S
100
AcDbVertex
100
AcDb2dVertex
 10
140.916294642794
 20
-17.49241071428548
 30
0.0
  0
VERTEX
  5
191
330
169
100
AcDbEntity
  8
1_ANYTOOL_1MMDEEP_LABELS_S
100
AcDbVertex
100
AcDb2dVertex
 10
140.9733293805172
 20
-17.57036132812475
 30
0.0
  0
VERTEX
  5
192
330
169
100
AcDbEntity
  8
1_ANYTOOL_1MMDEEP_LABELS_S
100
AcDbVertex
100
AcDb2dVertex
 10
141.0289202008298
 20
-17.64952566964259
 30
0.0
  0
VERTEX
  5
193
330
169
100
AcDbEntity
  8
1_ANYTOOL_1MMDEEP_LABELS_S
100
AcDbVertex
100
AcDb2dVertex
 10
141.0830671037315
 20
-17.72990373883901
 30
0.0
  0
VERTEX
  5
194
330
169
100
AcDbEntity
  8
1_ANYTOOL_1MMDEEP_LABELS_S
100
AcDbVertex
100
AcDb2dVertex
 10
141.1357700892226
 20
-17.81149553571399
 30
0.0
  0
VERTEX
  5
195
330
169
100
AcDbEntity
  8
1_ANYTOOL_1MMDEEP_LABELS_S
100
AcDbVertex
100
AcDb2dVertex
 10
141.187029157303
 20
-17.89430106026754
 30
0.0
  0
VERTEX
  5
196
330
169
100
AcDbEntity
  8
1_ANYTOOL_1MMDEEP_LABELS_S
100
AcDbVertex
100
AcDb2dVertex
 10
141.2368443079727
 20
-17.97832031249967
 30
0.0
  0
VERTEX
  5
197
330
169
100
AcDbEntity
  8
1_ANYTOOL_1MMDEEP_LABELS_S
100
AcDbVertex
100
AcDb2dVertex
 10
141.2852155412316
 20
-18.06355329241037
 30
0.0
  0
VERTEX
  5
198
330
169
100
AcDbEntity
  8
1_ANYTOOL_1MMDEEP_LABELS_S
100
AcDbVertex
100
AcDb2dVertex
 10
141.3321428570798
 20
-18.14999999999964
 30
0.0
  0
VERTEX
  5
199
330
169
100
AcDbEntity
  8
1_ANYTOOL_1MMDEEP_LABELS_S
100
AcDbVertex
100
AcDb2dVertex
 10
141.3776262555173
 20
-18.23766043526748
 30
0.0
  0
VERTEX
  5
19A
330
169
100
AcDbEntity
  8
1_ANYTOOL_1MMDEEP_LABELS_S
100
AcDbVertex
100
AcDb2dVertex
 10
141.4216657365441
 20
-18.32653459821389
 30
0.0
  0
VERTEX
  5
19B
330
169
100
AcDbEntity
  8
1_ANYTOOL_1MMDEEP_LABELS_S
100
AcDbVertex
100
AcDb2dVertex
 10
141.4642613001602
 20
-18.41662248883888
 30
0.0
  0
VERTEX
  5
19C
330
169
100
AcDbEntity
  8
1_ANYTOOL_1MMDEEP_LABELS_S
100
AcDbVertex
100
AcDb2dVertex
 10
141.5054129463656
 20
-18.50792410714243
 30
0.0
  0
VERTEX
  5
19D
330
169
100
AcDbEntity
  8
1_ANYTOOL_1MMDEEP_LABELS_S
100
AcDbVertex
100
AcDb2dVertex
 10
141.5451206751602
 20
-18.60043945312456
 30
0.0
  0
VERTEX
  5
19E
330
169
100
AcDbEntity
  8
1_ANYTOOL_1MMDEEP_LABELS_S
100
AcDbVertex
100
AcDb2dVertex
 10
141.5833844865442
 20
-18.69416852678525
 30
0.0
  0
VERTEX
  5
19F
330
169
100
AcDbEntity
  8
1_ANYTOOL_1MMDEEP_LABELS_S
100
AcDbVertex
100
AcDb2dVertex
 10
141.6555803570799
 20
-18.88526785714237
 30
0.0
  0
VERTEX
  5
1A0
330
169
100
AcDbEntity
  8
1_ANYTOOL_1MMDEEP_LABELS_S
100
AcDbVertex
100
AcDb2dVertex
 10
141.7220005579728
 20
-19.08122209821376
 30
0.0
  0
VERTEX
  5
1A1
330
169
100
AcDbEntity
  8
1_ANYTOOL_1MMDEEP_LABELS_S
100
AcDbVertex
100
AcDb2dVertex
 10
141.7826450892228
 20
-19.28203124999945
 30
0.0
  0
VERTEX
  5
1A2
330
169
100
AcDbEntity
  8
1_ANYTOOL_1MMDEEP_LABELS_S
100
AcDbVertex
100
AcDb2dVertex
 10
141.8375139508299
 20
-19.48769531249942
 30
0.0
  0
VERTEX
  5
1A3
330
169
100
AcDbEntity
  8
1_ANYTOOL_1MMDEEP_LABELS_S
100
AcDbVertex
100
AcDb2dVertex
 10
141.8866071427942
 20
-19.69821428571368
 30
0.0
  0
VERTEX
  5
1A4
330
169
100
AcDbEntity
  8
1_ANYTOOL_1MMDEEP_LABELS_S
100
AcDbVertex
100
AcDb2dVertex
 10
141.9299246651157
 20
-19.91358816964222
 30
0.0
  0
VERTEX
  5
1A5
330
169
100
AcDbEntity
  8
1_ANYTOOL_1MMDEEP_LABELS_S
100
AcDbVertex
100
AcDb2dVertex
 10
141.9674665177942
 20
-20.13381696428505
 30
0.0
  0
VERTEX
  5
1A6
330
169
100
AcDbEntity
  8
1_ANYTOOL_1MMDEEP_LABELS_S
100
AcDbVertex
100
AcDb2dVertex
 10
141.99923270083
 20
-20.35890066964216
 30
0.0
  0
VERTEX
  5
1A7
330
169
100
AcDbEntity
  8
1_ANYTOOL_1MMDEEP_LABELS_S
100
AcDbVertex
100
AcDb2dVertex
 10
142.0252232142228
 20
-20.58883928571356
 30
0.0
  0
VERTEX
  5
1A8
330
169
100
AcDbEntity
  8
1_ANYTOOL_1MMDEEP_LABELS_S
100
AcDbVertex
100
AcDb2dVertex
 10
142.0454380579728
 20
-20.82363281249925
 30
0.0
  0
VERTEX
  5
1A9
330
169
100
AcDbEntity
  8
1_ANYTOOL_1MMDEEP_LABELS_S
100
AcDbVertex
100
AcDb2dVertex
 10
142.05987723208
 20
-21.06328124999922
 30
0.0
  0
VERTEX
  5
1AA
330
169
100
AcDbEntity
  8
1_ANYTOOL_1MMDEEP_LABELS_S
100
AcDbVertex
100
AcDb2dVertex
 10
142.0685407365443
 20
-21.30778459821348
 30
0.0
  0
VERTEX
  5
1AB
330
169
100
AcDbEntity
  8
1_ANYTOOL_1MMDEEP_LABELS_S
100
AcDbVertex
100
AcDb2dVertex
 10
142.0714285713657
 20
-21.55714285714203
 30
0.0
  0
VERTEX
  5
1AC
330
169
100
AcDbEntity
  8
1_ANYTOOL_1MMDEEP_LABELS_S
100
AcDbVertex
100
AcDb2dVertex
 10
142.0690011160085
 20
-21.83592354910631
 30
0.0
  0
VERTEX
  5
1AD
330
169
100
AcDbEntity
  8
1_ANYTOOL_1MMDEEP_LABELS_S
100
AcDbVertex
100
AcDb2dVertex
 10
142.0617187499371
 20
-22.10976562499917
 30
0.0
  0
VERTEX
  5
1AE
330
169
100
AcDbEntity
  8
1_ANYTOOL_1MMDEEP_LABELS_S
100
AcDbVertex
100
AcDb2dVertex
 10
142.0495814731514
 20
-22.3786690848206
 30
0.0
  0
VERTEX
  5
1AF
330
169
100
AcDbEntity
  8
1_ANYTOOL_1MMDEEP_LABELS_S
100
AcDbVertex
100
AcDb2dVertex
 10
142.0325892856514
 20
-22.6426339285706
 30
0.0
  0
VERTEX
  5
1B0
330
169
100
AcDbEntity
  8
1_ANYTOOL_1MMDEEP_LABELS_S
100
AcDbVertex
100
AcDb2dVertex
 10
142.0107421874371
 20
-22.90166015624918
 30
0.0
  0
VERTEX
  5
1B1
330
169
100
AcDbEntity
  8
1_ANYTOOL_1MMDEEP_LABELS_S
100
AcDbVertex
100
AcDb2dVertex
 10
141.9840401785085
 20
-23.15574776785633
 30
0.0
  0
VERTEX
  5
1B2
330
169
100
AcDbEntity
  8
1_ANYTOOL_1MMDEEP_LABELS_S
100
AcDbVertex
100
AcDb2dVertex
 10
141.9524832588657
 20
-23.40489676339205
 30
0.0
  0
VERTEX
  5
1B3
330
169
100
AcDbEntity
  8
1_ANYTOOL_1MMDEEP_LABELS_S
100
AcDbVertex
100
AcDb2dVertex
 10
141.9160714285085
 20
-23.64910714285634
 30
0.0
  0
VERTEX
  5
1B4
330
169
100
AcDbEntity
  8
1_ANYTOOL_1MMDEEP_LABELS_S
100
AcDbVertex
100
AcDb2dVertex
 10
141.8748046874371
 20
-23.8883789062492
 30
0.0
  0
VERTEX
  5
1B5
330
169
100
AcDbEntity
  8
1_ANYTOOL_1MMDEEP_LABELS_S
100
AcDbVertex
100
AcDb2dVertex
 10
141.8286830356514
 20
-24.12271205357064
 30
0.0
  0
VERTEX
  5
1B6
330
169
100
AcDbEntity
  8
1_ANYTOOL_1MMDEEP_LABELS_S
100
AcDbVertex
100
AcDb2dVertex
 10
141.7777064731514
 20
-24.35210658482065
 30
0.0
  0
VERTEX
  5
1B7
330
169
100
AcDbEntity
  8
1_ANYTOOL_1MMDEEP_LABELS_S
100
AcDbVertex
100
AcDb2dVertex
 10
141.7218749999371
 20
-24.57656249999923
 30
0.0
  0
VERTEX
  5
1B8
330
169
100
AcDbEntity
  8
1_ANYTOOL_1MMDEEP_LABELS_S
100
AcDbVertex
100
AcDb2dVertex
 10
141.6611886160085
 20
-24.79607979910638
 30
0.0
  0
VERTEX
  5
1B9
330
169
100
AcDbEntity
  8
1_ANYTOOL_1MMDEEP_LABELS_S
100
AcDbVertex
100
AcDb2dVertex
 10
141.5956473213656
 20
-25.01065848214211
 30
0.0
  0
VERTEX
  5
1BA
330
169
100
AcDbEntity
  8
1_ANYTOOL_1MMDEEP_LABELS_S
100
AcDbVertex
100
AcDb2dVertex
 10
141.5252511160085
 20
-25.2202985491064
 30
0.0
  0
VERTEX
  5
1BB
330
169
100
AcDbEntity
  8
1_ANYTOOL_1MMDEEP_LABELS_S
100
AcDbVertex
100
AcDb2dVertex
 10
141.4499999999371
 20
-25.42499999999927
 30
0.0
  0
VERTEX
  5
1BC
330
169
100
AcDbEntity
  8
1_ANYTOOL_1MMDEEP_LABELS_S
100
AcDbVertex
100
AcDb2dVertex
 10
141.3698939731513
 20
-25.62476283482071
 30
0.0
  0
VERTEX
  5
1BD
330
169
100
AcDbEntity
  8
1_ANYTOOL_1MMDEEP_LABELS_S
100
AcDbVertex
100
AcDb2dVertex
 10
141.2849330356513
 20
-25.81958705357073
 30
0.0
  0
VERTEX
  5
1BE
330
169
100
AcDbEntity
  8
1_ANYTOOL_1MMDEEP_LABELS_S
100
AcDbVertex
100
AcDb2dVertex
 10
141.1951171874371
 20
-26.00947265624932
 30
0.0
  0
VERTEX
  5
1BF
330
169
100
AcDbEntity
  8
1_ANYTOOL_1MMDEEP_LABELS_S
100
AcDbVertex
100
AcDb2dVertex
 10
141.1004464285085
 20
-26.19441964285647
 30
0.0
  0
VERTEX
  5
1C0
330
169
100
AcDbEntity
  8
1_ANYTOOL_1MMDEEP_LABELS_S
100
AcDbVertex
100
AcDb2dVertex
 10
141.0009207588656
 20
-26.3744280133922
 30
0.0
  0
VERTEX
  5
1C1
330
169
100
AcDbEntity
  8
1_ANYTOOL_1MMDEEP_LABELS_S
100
AcDbVertex
100
AcDb2dVertex
 10
140.8965401785084
 20
-26.54949776785651
 30
0.0
  0
VERTEX
  5
1C2
330
169
100
AcDbEntity
  8
1_ANYTOOL_1MMDEEP_LABELS_S
100
AcDbVertex
100
AcDb2dVertex
 10
140.787304687437
 20
-26.71962890624938
 30
0.0
  0
VERTEX
  5
1C3
330
169
100
AcDbEntity
  8
1_ANYTOOL_1MMDEEP_LABELS_S
100
AcDbVertex
100
AcDb2dVertex
 10
140.6732142856513
 20
-26.88482142857083
 30
0.0
  0
VERTEX
  5
1C4
330
169
100
AcDbEntity
  8
1_ANYTOOL_1MMDEEP_LABELS_S
100
AcDbVertex
100
AcDb2dVertex
 10
140.5542689731513
 20
-27.04507533482085
 30
0.0
  0
VERTEX
  5
1C5
330
169
100
AcDbEntity
  8
1_ANYTOOL_1MMDEEP_LABELS_S
100
AcDbVertex
100
AcDb2dVertex
 10
140.430468749937
 20
-27.20039062499944
 30
0.0
  0
VERTEX
  5
1C6
330
169
100
AcDbEntity
  8
1_ANYTOOL_1MMDEEP_LABELS_S
100
AcDbVertex
100
AcDb2dVertex
 10
140.3018136160084
 20
-27.35076729910661
 30
0.0
  0
VERTEX
  5
1C7
330
169
100
AcDbEntity
  8
1_ANYTOOL_1MMDEEP_LABELS_S
100
AcDbVertex
100
AcDb2dVertex
 10
140.2356654575262
 20
-27.4241036551334
 30
0.0
  0
VERTEX
  5
1C8
330
169
100
AcDbEntity
  8
1_ANYTOOL_1MMDEEP_LABELS_S
100
AcDbVertex
100
AcDb2dVertex
 10
140.1683035713655
 20
-27.49620535714234
 30
0.0
  0
VERTEX
  5
1C9
330
169
100
AcDbEntity
  8
1_ANYTOOL_1MMDEEP_LABELS_S
100
AcDbVertex
100
AcDb2dVertex
 10
140.0997279575263
 20
-27.56707240513343
 30
0.0
  0
VERTEX
  5
1CA
330
169
100
AcDbEntity
  8
1_ANYTOOL_1MMDEEP_LABELS_S
100
AcDbVertex
100
AcDb2dVertex
 10
140.0299386160084
 20
-27.63670479910665
 30
0.0
  0
VERTEX
  5
1CB
330
169
100
AcDbEntity
  8
1_ANYTOOL_1MMDEEP_LABELS_S
100
AcDbVertex
100
AcDb2dVertex
 10
139.9589355468119
 20
-27.70510253906202
 30
0.0
  0
VERTEX
  5
1CC
330
169
100
AcDbEntity
  8
1_ANYTOOL_1MMDEEP_LABELS_S
100
AcDbVertex
100
AcDb2dVertex
 10
139.8867187499369
 20
-27.77226562499953
 30
0.0
  0
VERTEX
  5
1CD
330
169
100
AcDbEntity
  8
1_ANYTOOL_1MMDEEP_LABELS_S
100
AcDbVertex
100
AcDb2dVertex
 10
139.8132882253834
 20
-27.83819405691919
 30
0.0
  0
VERTEX
  5
1CE
330
169
100
AcDbEntity
  8
1_ANYTOOL_1MMDEEP_LABELS_S
100
AcDbVertex
100
AcDb2dVertex
 10
139.7386439731512
 20
-27.90288783482099
 30
0.0
  0
VERTEX
  5
1CF
330
169
100
AcDbEntity
  8
1_ANYTOOL_1MMDEEP_LABELS_S
100
AcDbVertex
100
AcDb2dVertex
 10
139.5857142856512
 20
-28.02857142857101
 30
0.0
  0
VERTEX
  5
1D0
330
169
100
AcDbEntity
  8
1_ANYTOOL_1MMDEEP_LABELS_S
100
AcDbVertex
100
AcDb2dVertex
 10
139.428599330294
 20
-28.14986049107104
 30
0.0
  0
VERTEX
  5
1D1
330
169
100
AcDbEntity
  8
1_ANYTOOL_1MMDEEP_LABELS_S
100
AcDbVertex
100
AcDb2dVertex
 10
139.2679687499369
 20
-28.26729910714249
 30
0.0
  0
VERTEX
  5
1D2
330
169
100
AcDbEntity
  8
1_ANYTOOL_1MMDEEP_LABELS_S
100
AcDbVertex
100
AcDb2dVertex
 10
139.1038225445797
 20
-28.38088727678537
 30
0.0
  0
VERTEX
  5
1D3
330
169
100
AcDbEntity
  8
1_ANYTOOL_1MMDEEP_LABELS_S
100
AcDbVertex
100
AcDb2dVertex
 10
138.9361607142226
 20
-28.49062499999968
 30
0.0
  0
VERTEX
  5
1D4
330
169
100
AcDbEntity
  8
1_ANYTOOL_1MMDEEP_LABELS_S
100
AcDbVertex
100
AcDb2dVertex
 10
138.7649832588654
 20
-28.59651227678542
 30
0.0
  0
VERTEX
  5
1D5
330
169
100
AcDbEntity
  8
1_ANYTOOL_1MMDEEP_LABELS_S
100
AcDbVertex
100
AcDb2dVertex
 10
138.5902901785083
 20
-28.69854910714258
 30
0.0
  0
VERTEX
  5
1D6
330
169
100
AcDbEntity
  8
1_ANYTOOL_1MMDEEP_LABELS_S
100
AcDbVertex
100
AcDb2dVertex
 10
138.4120814731511
 20
-28.79673549107117
 30
0.0
  0
VERTEX
  5
1D7
330
169
100
AcDbEntity
  8
1_ANYTOOL_1MMDEEP_LABELS_S
100
AcDbVertex
100
AcDb2dVertex
 10
138.230357142794
 20
-28.89107142857119
 30
0.0
  0
VERTEX
  5
1D8
330
169
100
AcDbEntity
  8
1_ANYTOOL_1MMDEEP_LABELS_S
100
AcDbVertex
100
AcDb2dVertex
 10
138.0451171874369
 20
-28.98155691964264
 30
0.0
  0
VERTEX
  5
1D9
330
169
100
AcDbEntity
  8
1_ANYTOOL_1MMDEEP_LABELS_S
100
AcDbVertex
100
AcDb2dVertex
 10
137.8563616070797
 20
-29.06819196428552
 30
0.0
  0
VERTEX
  5
1DA
330
169
100
AcDbEntity
  8
1_ANYTOOL_1MMDEEP_LABELS_S
100
AcDbVertex
100
AcDb2dVertex
 10
137.6640904017225
 20
-29.15097656249982
 30
0.0
  0
VERTEX
  5
1DB
330
169
100
AcDbEntity
  8
1_ANYTOOL_1MMDEEP_LABELS_S
100
AcDbVertex
100
AcDb2dVertex
 10
137.4683035713654
 20
-29.22991071428555
 30
0.0
  0
VERTEX
  5
1DC
330
169
100
AcDbEntity
  8
1_ANYTOOL_1MMDEEP_LABELS_S
100
AcDbVertex
100
AcDb2dVertex
 10
137.2690011160083
 20
-29.30499441964271
 30
0.0
  0
VERTEX
  5
1DD
330
169
100
AcDbEntity
  8
1_ANYTOOL_1MMDEEP_LABELS_S
100
AcDbVertex
100
AcDb2dVertex
 10
137.0661830356511
 20
-29.3762276785713
 30
0.0
  0
VERTEX
  5
1DE
330
169
100
AcDbEntity
  8
1_ANYTOOL_1MMDEEP_LABELS_S
100
AcDbVertex
100
AcDb2dVertex
 10
136.859849330294
 20
-29.44361049107131
 30
0.0
  0
VERTEX
  5
1DF
330
169
100
AcDbEntity
  8
1_ANYTOOL_1MMDEEP_LABELS_S
100
AcDbVertex
100
AcDb2dVertex
 10
136.6499999999369
 20
-29.50714285714275
 30
0.0
  0
VERTEX
  5
1E0
330
169
100
AcDbEntity
  8
1_ANYTOOL_1MMDEEP_LABELS_S
100
AcDbVertex
100
AcDb2dVertex
 10
136.4366350445798
 20
-29.56682477678562
 30
0.0
  0
VERTEX
  5
1E1
330
169
100
AcDbEntity
  8
1_ANYTOOL_1MMDEEP_LABELS_S
100
AcDbVertex
100
AcDb2dVertex
 10
136.2197544642226
 20
-29.62265624999992
 30
0.0
  0
VERTEX
  5
1E2
330
169
100
AcDbEntity
  8
1_ANYTOOL_1MMDEEP_LABELS_S
100
AcDbVertex
100
AcDb2dVertex
 10
135.9993582588655
 20
-29.67463727678565
 30
0.0
  0
VERTEX
  5
1E3
330
169
100
AcDbEntity
  8
1_ANYTOOL_1MMDEEP_LABELS_S
100
AcDbVertex
100
AcDb2dVertex
 10
135.7754464285084
 20
-29.7227678571428
 30
0.0
  0
VERTEX
  5
1E4
330
169
100
AcDbEntity
  8
1_ANYTOOL_1MMDEEP_LABELS_S
100
AcDbVertex
100
AcDb2dVertex
 10
135.5480189731512
 20
-29.76704799107138
 30
0.0
  0
VERTEX
  5
1E5
330
169
100
AcDbEntity
  8
1_ANYTOOL_1MMDEEP_LABELS_S
100
AcDbVertex
100
AcDb2dVertex
 10
135.3170758927941
 20
-29.80747767857139
 30
0.0
  0
VERTEX
  5
1E6
330
169
100
AcDbEntity
  8
1_ANYTOOL_1MMDEEP_LABELS_S
100
AcDbVertex
100
AcDb2dVertex
 10
135.082617187437
 20
-29.84405691964282
 30
0.0
  0
VERTEX
  5
1E7
330
169
100
AcDbEntity
  8
1_ANYTOOL_1MMDEEP_LABELS_S
100
AcDbVertex
100
AcDb2dVertex
 10
134.8446428570799
 20
-29.87678571428569
 30
0.0
  0
VERTEX
  5
1E8
330
169
100
AcDbEntity
  8
1_ANYTOOL_1MMDEEP_LABELS_S
100
AcDbVertex
100
AcDb2dVertex
 10
134.3581473213656
 20
-29.9306919642857
 30
0.0
  0
VERTEX
  5
1E9
330
169
100
AcDbEntity
  8
1_ANYTOOL_1MMDEEP_LABELS_S
100
AcDbVertex
100
AcDb2dVertex
 10
133.8575892856514
 20
-29.96919642857142
 30
0.0
  0
VERTEX
  5
1EA
330
169
100
AcDbEntity
  8
1_ANYTOOL_1MMDEEP_LABELS_S
100
AcDbVertex
100
AcDb2dVertex
 10
133.3429687499371
 20
-29.99229910714286
 30
0.0
  0
VERTEX
  5
1EB
330
169
100
AcDbEntity
  8
1_ANYTOOL_1MMDEEP_LABELS_S
100
AcDbVertex
100
AcDb2dVertex
 10
132.8142857142229
 20
-30.0
 30
0.0
  0
VERTEX
  5
1EC
330
169
100
AcDbEntity
  8
1_ANYTOOL_1MMDEEP_LABELS_S
100
AcDbVertex
100
AcDb2dVertex
 10
132.4324218749374
 20
-29.99443359375
 30
0.0
  0
VERTEX
  5
1ED
330
169
100
AcDbEntity
  8
1_ANYTOOL_1MMDEEP_LABELS_S
100
AcDbVertex
100
AcDb2dVertex
 10
132.058258928509
 20
-29.97773437500001
 30
0.0
  0
VERTEX
  5
1EE
330
169
100
AcDbEntity
  8
1_ANYTOOL_1MMDEEP_LABELS_S
100
AcDbVertex
100
AcDb2dVertex
 10
131.6917968749377
 20
-29.94990234375003
 30
0.0
  0
VERTEX
  5
1EF
330
169
100
AcDbEntity
  8
1_ANYTOOL_1MMDEEP_LABELS_S
100
AcDbVertex
100
AcDb2dVertex
 10
131.3330357142235
 20
-29.91093750000005
 30
0.0
  0
VERTEX
  5
1F0
330
169
100
AcDbEntity
  8
1_ANYTOOL_1MMDEEP_LABELS_S
100
AcDbVertex
100
AcDb2dVertex
 10
130.9819754463665
 20
-29.86083984375007
 30
0.0
  0
VERTEX
  5
1F1
330
169
100
AcDbEntity
  8
1_ANYTOOL_1MMDEEP_LABELS_S
100
AcDbVertex
100
AcDb2dVertex
 10
130.8093331472594
 20
-29.83161621093759
 30
0.0
  0
VERTEX
  5
1F2
330
169
100
AcDbEntity
  8
1_ANYTOOL_1MMDEEP_LABELS_S
100
AcDbVertex
100
AcDb2dVertex
 10
130.6386160713666
 20
-29.7996093750001
 30
0.0
  0
VERTEX
  5
1F3
330
169
100
AcDbEntity
  8
1_ANYTOOL_1MMDEEP_LABELS_S
100
AcDbVertex
100
AcDb2dVertex
 10
130.4698242186881
 20
-29.76481933593762
 30
0.0
  0
VERTEX
  5
1F4
330
169
100
AcDbEntity
  8
1_ANYTOOL_1MMDEEP_LABELS_S
100
AcDbVertex
100
AcDb2dVertex
 10
130.3029575892239
 20
-29.72724609375014
 30
0.0
  0
VERTEX
  5
1F5
330
169
100
AcDbEntity
  8
1_ANYTOOL_1MMDEEP_LABELS_S
100
AcDbVertex
100
AcDb2dVertex
 10
130.138016182974
 20
-29.68688964843766
 30
0.0
  0
VERTEX
  5
1F6
330
169
100
AcDbEntity
  8
1_ANYTOOL_1MMDEEP_LABELS_S
100
AcDbVertex
100
AcDb2dVertex
 10
129.9749999999383
 20
-29.64375000000018
 30
0.0
  0
VERTEX
  5
1F7
330
169
100
AcDbEntity
  8
1_ANYTOOL_1MMDEEP_LABELS_S
100
AcDbVertex
100
AcDb2dVertex
 10
129.8139090401169
 20
-29.59782714843771
 30
0.0
  0
VERTEX
  5
1F8
330
169
100
AcDbEntity
  8
1_ANYTOOL_1MMDEEP_LABELS_S
100
AcDbVertex
100
AcDb2dVertex
 10
129.6547433035098
 20
-29.54912109375023
 30
0.0
  0
VERTEX
  5
1F9
330
169
100
AcDbEntity
  8
1_ANYTOOL_1MMDEEP_LABELS_S
100
AcDbVertex
100
AcDb2dVertex
 10
129.497502790117
 20
-29.49763183593776
 30
0.0
  0
VERTEX
  5
1FA
330
169
100
AcDbEntity
  8
1_ANYTOOL_1MMDEEP_LABELS_S
100
AcDbVertex
100
AcDb2dVertex
 10
129.3421874999385
 20
-29.44335937500028
 30
0.0
  0
VERTEX
  5
1FB
330
169
100
AcDbEntity
  8
1_ANYTOOL_1MMDEEP_LABELS_S
100
AcDbVertex
100
AcDb2dVertex
 10
129.1887974329743
 20
-29.38630371093781
 30
0.0
  0
VERTEX
  5
1FC
330
169
100
AcDbEntity
  8
1_ANYTOOL_1MMDEEP_LABELS_S
100
AcDbVertex
100
AcDb2dVertex
 10
129.0373325892243
 20
-29.32646484375034
 30
0.0
  0
VERTEX
  5
1FD
330
169
100
AcDbEntity
  8
1_ANYTOOL_1MMDEEP_LABELS_S
100
AcDbVertex
100
AcDb2dVertex
 10
128.8877929686886
 20
-29.26384277343788
 30
0.0
  0
VERTEX
  5
1FE
330
169
100
AcDbEntity
  8
1_ANYTOOL_1MMDEEP_LABELS_S
100
AcDbVertex
100
AcDb2dVertex
 10
128.7401785713673
 20
-29.19843750000041
 30
0.0
  0
VERTEX
  5
1FF
330
169
100
AcDbEntity
  8
1_ANYTOOL_1MMDEEP_LABELS_S
100
AcDbVertex
100
AcDb2dVertex
 10
128.5944893972602
 20
-29.13024902343794
 30
0.0
  0
VERTEX
  5
200
330
169
100
AcDbEntity
  8
1_ANYTOOL_1MMDEEP_LABELS_S
100
AcDbVertex
100
AcDb2dVertex
 10
128.4507254463674
 20
-29.05927734375048
 30
0.0
  0
VERTEX
  5
201
330
169
100
AcDbEntity
  8
1_ANYTOOL_1MMDEEP_LABELS_S
100
AcDbVertex
100
AcDb2dVertex
 10
128.3088867186888
 20
-28.98552246093802
 30
0.0
  0
VERTEX
  5
202
330
169
100
AcDbEntity
  8
1_ANYTOOL_1MMDEEP_LABELS_S
100
AcDbVertex
100
AcDb2dVertex
 10
128.1689732142246
 20
-28.90898437500056
 30
0.0
  0
VERTEX
  5
203
330
169
100
AcDbEntity
  8
1_ANYTOOL_1MMDEEP_LABELS_S
100
AcDbVertex
100
AcDb2dVertex
 10
128.0309849329746
 20
-28.8296630859381
 30
0.0
  0
VERTEX
  5
204
330
169
100
AcDbEntity
  8
1_ANYTOOL_1MMDEEP_LABELS_S
100
AcDbVertex
100
AcDb2dVertex
 10
127.8949218749389
 20
-28.74755859375064
 30
0.0
  0
VERTEX
  5
205
330
169
100
AcDbEntity
  8
1_ANYTOOL_1MMDEEP_LABELS_S
100
AcDbVertex
100
AcDb2dVertex
 10
127.7607840401176
 20
-28.66267089843818
 30
0.0
  0
VERTEX
  5
206
330
169
100
AcDbEntity
  8
1_ANYTOOL_1MMDEEP_LABELS_S
100
AcDbVertex
100
AcDb2dVertex
 10
127.6285714285104
 20
-28.57500000000073
 30
0.0
  0
VERTEX
  5
207
330
169
100
AcDbEntity
  8
1_ANYTOOL_1MMDEEP_LABELS_S
100
AcDbVertex
100
AcDb2dVertex
 10
127.4982840401176
 20
-28.48454589843827
 30
0.0
  0
VERTEX
  5
208
330
169
100
AcDbEntity
  8
1_ANYTOOL_1MMDEEP_LABELS_S
100
AcDbVertex
100
AcDb2dVertex
 10
127.3699218749391
 20
-28.39130859375082
 30
0.0
  0
VERTEX
  5
209
330
169
100
AcDbEntity
  8
1_ANYTOOL_1MMDEEP_LABELS_S
100
AcDbVertex
100
AcDb2dVertex
 10
127.2434849329748
 20
-28.29528808593837
 30
0.0
  0
VERTEX
  5
20A
330
169
100
AcDbEntity
  8
1_ANYTOOL_1MMDEEP_LABELS_S
100
AcDbVertex
100
AcDb2dVertex
 10
127.1189732142249
 20
-28.19648437500092
 30
0.0
  0
VERTEX
  5
20B
330
169
100
AcDbEntity
  8
1_ANYTOOL_1MMDEEP_LABELS_S
100
AcDbVertex
100
AcDb2dVertex
 10
126.9963867186892
 20
-28.09489746093847
 30
0.0
  0
VERTEX
  5
20C
330
169
100
AcDbEntity
  8
1_ANYTOOL_1MMDEEP_LABELS_S
100
AcDbVertex
100
AcDb2dVertex
 10
126.8757254463678
 20
-27.99052734375103
 30
0.0
  0
VERTEX
  5
20D
330
169
100
AcDbEntity
  8
1_ANYTOOL_1MMDEEP_LABELS_S
100
AcDbVertex
100
AcDb2dVertex
 10
126.7569893972606
 20
-27.88337402343858
 30
0.0
  0
VERTEX
  5
20E
330
169
100
AcDbEntity
  8
1_ANYTOOL_1MMDEEP_LABELS_S
100
AcDbVertex
100
AcDb2dVertex
 10
126.6401785713678
 20
-27.77343750000114
 30
0.0
  0
VERTEX
  5
20F
330
169
100
AcDbEntity
  8
1_ANYTOOL_1MMDEEP_LABELS_S
100
AcDbVertex
100
AcDb2dVertex
 10
126.5252929686893
 20
-27.66071777343869
 30
0.0
  0
VERTEX
  5
210
330
169
100
AcDbEntity
  8
1_ANYTOOL_1MMDEEP_LABELS_S
100
AcDbVertex
100
AcDb2dVertex
 10
126.412332589225
 20
-27.54521484375125
 30
0.0
  0
VERTEX
  5
211
330
169
100
AcDbEntity
  8
1_ANYTOOL_1MMDEEP_LABELS_S
100
AcDbVertex
100
AcDb2dVertex
 10
126.301297432975
 20
-27.42692871093881
 30
0.0
  0
VERTEX
  5
212
330
169
100
AcDbEntity
  8
1_ANYTOOL_1MMDEEP_LABELS_S
100
AcDbVertex
100
AcDb2dVertex
 10
126.1921874999393
 20
-27.30585937500138
 30
0.0
  0
VERTEX
  5
213
330
169
100
AcDbEntity
  8
1_ANYTOOL_1MMDEEP_LABELS_S
100
AcDbVertex
100
AcDb2dVertex
 10
126.0850027901179
 20
-27.18200683593894
 30
0.0
  0
VERTEX
  5
214
330
169
100
AcDbEntity
  8
1_ANYTOOL_1MMDEEP_LABELS_S
100
AcDbVertex
100
AcDb2dVertex
 10
125.9797433035108
 20
-27.0553710937515
 30
0.0
  0
VERTEX
  5
215
330
169
100
AcDbEntity
  8
1_ANYTOOL_1MMDEEP_LABELS_S
100
AcDbVertex
100
AcDb2dVertex
 10
125.8764090401179
 20
-26.92595214843907
 30
0.0
  0
VERTEX
  5
216
330
169
100
AcDbEntity
  8
1_ANYTOOL_1MMDEEP_LABELS_S
100
AcDbVertex
100
AcDb2dVertex
 10
125.7749999999394
 20
-26.79375000000164
 30
0.0
  0
VERTEX
  5
217
330
169
100
AcDbEntity
  8
1_ANYTOOL_1MMDEEP_LABELS_S
100
AcDbVertex
100
AcDb2dVertex
 10
125.6755161829751
 20
-26.65876464843921
 30
0.0
  0
VERTEX
  5
218
330
169
100
AcDbEntity
  8
1_ANYTOOL_1MMDEEP_LABELS_S
100
AcDbVertex
100
AcDb2dVertex
 10
125.5779575892251
 20
-26.52099609375178
 30
0.0
  0
VERTEX
  5
219
330
169
100
AcDbEntity
  8
1_ANYTOOL_1MMDEEP_LABELS_S
100
AcDbVertex
100
AcDb2dVertex
 10
125.4823242186894
 20
-26.38044433593935
 30
0.0
  0
VERTEX
  5
21A
330
169
100
AcDbEntity
  8
1_ANYTOOL_1MMDEEP_LABELS_S
100
AcDbVertex
100
AcDb2dVertex
 10
125.388616071368
 20
-26.23710937500192
 30
0.0
  0
VERTEX
  5
21B
330
169
100
AcDbEntity
  8
1_ANYTOOL_1MMDEEP_LABELS_S
100
AcDbVertex
100
AcDb2dVertex
 10
125.2968331472609
 20
-26.0909912109395
 30
0.0
  0
VERTEX
  5
21C
330
169
100
AcDbEntity
  8
1_ANYTOOL_1MMDEEP_LABELS_S
100
AcDbVertex
100
AcDb2dVertex
 10
125.206975446368
 20
-25.94208984375207
 30
0.0
  0
VERTEX
  5
21D
330
169
100
AcDbEntity
  8
1_ANYTOOL_1MMDEEP_LABELS_S
100
AcDbVertex
100
AcDb2dVertex
 10
125.0330357142252
 20
-25.63593750000223
 30
0.0
  0
VERTEX
  5
21E
330
169
100
AcDbEntity
  8
1_ANYTOOL_1MMDEEP_LABELS_S
100
AcDbVertex
100
AcDb2dVertex
 10
124.8667968749394
 20
-25.31865234375239
 30
0.0
  0
VERTEX
  5
21F
330
169
100
AcDbEntity
  8
1_ANYTOOL_1MMDEEP_LABELS_S
100
AcDbVertex
100
AcDb2dVertex
 10
124.7082589285109
 20
-24.99023437500256
 30
0.0
  0
VERTEX
  5
220
330
169
100
AcDbEntity
  8
1_ANYTOOL_1MMDEEP_LABELS_S
100
AcDbVertex
100
AcDb2dVertex
 10
124.5574218749394
 20
-24.65068359375273
 30
0.0
  0
VERTEX
  5
221
330
169
100
AcDbEntity
  8
1_ANYTOOL_1MMDEEP_LABELS_S
100
AcDbVertex
100
AcDb2dVertex
 10
124.4142857142251
 20
-24.30000000000291
 30
0.0
  0
SEQEND
  5
222
330
169
100
AcDbEntity
  8
1_ANYTOOL_1MMDEEP_LABELS_S
  0
POLYLINE
  5
223
330
1F
100
AcDbEntity
  8
1_ANYTOOL_1MMDEEP_LABELS_S
100
AcDb2dPolyline
 66
     1
 10
0.0
 20
0.0
 30
0.0
  0
VERTEX
  5
224
330
223
100
AcDbEntity
  8
1_ANYTOOL_1MMDEEP_LABELS_S
100
AcDbVertex
100
AcDb2dVertex
 10
125.5285714285092
 20
-4.928571428572468
 30
0.0
  0
VERTEX
  5
225
330
223
100
AcDbEntity
  8
1_ANYTOOL_1MMDEEP_LABELS_S
100
AcDbVertex
100
AcDb2dVertex
 10
125.6870675222592
 20
-4.625348772322404
 30
0.0
  0
VERTEX
  5
226
330
223
100
AcDbEntity
  8
1_ANYTOOL_1MMDEEP_LABELS_S
100
AcDbVertex
100
AcDb2dVertex
 10
125.8518415177949
 20
-4.331752232143771
 30
0.0
  0
VERTEX
  5
227
330
223
100
AcDbEntity
  8
1_ANYTOOL_1MMDEEP_LABELS_S
100
AcDbVertex
100
AcDb2dVertex
 10
126.0228934151164
 20
-4.047781808036568
 30
0.0
  0
VERTEX
  5
228
330
223
100
AcDbEntity
  8
1_ANYTOOL_1MMDEEP_LABELS_S
100
AcDbVertex
100
AcDb2dVertex
 10
126.2002232142235
 20
-3.773437500000796
 30
0.0
  0
VERTEX
  5
229
330
223
100
AcDbEntity
  8
1_ANYTOOL_1MMDEEP_LABELS_S
100
AcDbVertex
100
AcDb2dVertex
 10
126.3838309151164
 20
-3.508719308036454
 30
0.0
  0
VERTEX
  5
22A
330
223
100
AcDbEntity
  8
1_ANYTOOL_1MMDEEP_LABELS_S
100
AcDbVertex
100
AcDb2dVertex
 10
126.573716517795
 20
-3.253627232143543
 30
0.0
  0
VERTEX
  5
22B
330
223
100
AcDbEntity
  8
1_ANYTOOL_1MMDEEP_LABELS_S
100
AcDbVertex
100
AcDb2dVertex
 10
126.7698800222593
 20
-3.008161272322063
 30
0.0
  0
VERTEX
  5
22C
330
223
100
AcDbEntity
  8
1_ANYTOOL_1MMDEEP_LABELS_S
100
AcDbVertex
100
AcDb2dVertex
 10
126.8703159876611
 20
-2.889038085938109
 30
0.0
  0
VERTEX
  5
22D
330
223
100
AcDbEntity
  8
1_ANYTOOL_1MMDEEP_LABELS_S
100
AcDbVertex
100
AcDb2dVertex
 10
126.9723214285093
 20
-2.772321428572013
 30
0.0
  0
VERTEX
  5
22E
330
223
100
AcDbEntity
  8
1_ANYTOOL_1MMDEEP_LABELS_S
100
AcDbVertex
100
AcDb2dVertex
 10
127.075896344804
 20
-2.658011300223775
 30
0.0
  0
VERTEX
  5
22F
330
223
100
AcDbEntity
  8
1_ANYTOOL_1MMDEEP_LABELS_S
100
AcDbVertex
100
AcDb2dVertex
 10
127.181040736545
 20
-2.546107700893394
 30
0.0
  0
VERTEX
  5
230
330
223
100
AcDbEntity
  8
1_ANYTOOL_1MMDEEP_LABELS_S
100
AcDbVertex
100
AcDb2dVertex
 10
127.2877546037326
 20
-2.436610630580871
 30
0.0
  0
VERTEX
  5
231
330
223
100
AcDbEntity
  8
1_ANYTOOL_1MMDEEP_LABELS_S
100
AcDbVertex
100
AcDb2dVertex
 10
127.3960379463665
 20
-2.329520089286206
 30
0.0
  0
VERTEX
  5
232
330
223
100
AcDbEntity
  8
1_ANYTOOL_1MMDEEP_LABELS_S
100
AcDbVertex
100
AcDb2dVertex
 10
127.5058907644469
 20
-2.224836077009398
 30
0.0
  0
VERTEX
  5
233
330
223
100
AcDbEntity
  8
1_ANYTOOL_1MMDEEP_LABELS_S
100
AcDbVertex
100
AcDb2dVertex
 10
127.6173130579737
 20
-2.122558593750448
 30
0.0
  0
VERTEX
  5
234
330
223
100
AcDbEntity
  8
1_ANYTOOL_1MMDEEP_LABELS_S
100
AcDbVertex
100
AcDb2dVertex
 10
127.7303048269469
 20
-2.022687639509355
 30
0.0
  0
VERTEX
  5
235
330
223
100
AcDbEntity
  8
1_ANYTOOL_1MMDEEP_LABELS_S
100
AcDbVertex
100
AcDb2dVertex
 10
127.8448660713665
 20
-1.92522321428612
 30
0.0
  0
VERTEX
  5
236
330
223
100
AcDbEntity
  8
1_ANYTOOL_1MMDEEP_LABELS_S
100
AcDbVertex
100
AcDb2dVertex
 10
127.9609967912326
 20
-1.830165318080743
 30
0.0
  0
VERTEX
  5
237
330
223
100
AcDbEntity
  8
1_ANYTOOL_1MMDEEP_LABELS_S
100
AcDbVertex
100
AcDb2dVertex
 10
128.0786969865451
 20
-1.737513950893224
 30
0.0
  0
VERTEX
  5
238
330
223
100
AcDbEntity
  8
1_ANYTOOL_1MMDEEP_LABELS_S
100
AcDbVertex
100
AcDb2dVertex
 10
128.1979666573041
 20
-1.647269112723562
 30
0.0
  0
VERTEX
  5
239
330
223
100
AcDbEntity
  8
1_ANYTOOL_1MMDEEP_LABELS_S
100
AcDbVertex
100
AcDb2dVertex
 10
128.3188058035095
 20
-1.559430803571757
 30
0.0
  0
VERTEX
  5
23A
330
223
100
AcDbEntity
  8
1_ANYTOOL_1MMDEEP_LABELS_S
100
AcDbVertex
100
AcDb2dVertex
 10
128.4412144251613
 20
-1.473999023437811
 30
0.0
  0
VERTEX
  5
23B
330
223
100
AcDbEntity
  8
1_ANYTOOL_1MMDEEP_LABELS_S
100
AcDbVertex
100
AcDb2dVertex
 10
128.5651925222595
 20
-1.390973772321722
 30
0.0
  0
VERTEX
  5
23C
330
223
100
AcDbEntity
  8
1_ANYTOOL_1MMDEEP_LABELS_S
100
AcDbVertex
100
AcDb2dVertex
 10
128.6907400948041
 20
-1.310355050223491
 30
0.0
  0
VERTEX
  5
23D
330
223
100
AcDbEntity
  8
1_ANYTOOL_1MMDEEP_LABELS_S
100
AcDbVertex
100
AcDb2dVertex
 10
128.8178571427952
 20
-1.232142857143117
 30
0.0
  0
VERTEX
  5
23E
330
223
100
AcDbEntity
  8
1_ANYTOOL_1MMDEEP_LABELS_S
100
AcDbVertex
100
AcDb2dVertex
 10
128.9465436662327
 20
-1.156337193080601
 30
0.0
  0
VERTEX
  5
23F
330
223
100
AcDbEntity
  8
1_ANYTOOL_1MMDEEP_LABELS_S
100
AcDbVertex
100
AcDb2dVertex
 10
129.0767996651167
 20
-1.082938058035943
 30
0.0
  0
VERTEX
  5
240
330
223
100
AcDbEntity
  8
1_ANYTOOL_1MMDEEP_LABELS_S
100
AcDbVertex
100
AcDb2dVertex
 10
129.2086251394471
 20
-1.011945452009142
 30
0.0
  0
VERTEX
  5
241
330
223
100
AcDbEntity
  8
1_ANYTOOL_1MMDEEP_LABELS_S
100
AcDbVertex
100
AcDb2dVertex
 10
129.3420200892239
 20
-0.943359375000199
 30
0.0
  0
VERTEX
  5
242
330
223
100
AcDbEntity
  8
1_ANYTOOL_1MMDEEP_LABELS_S
100
AcDbVertex
100
AcDb2dVertex
 10
129.4769845144471
 20
-0.8771798270091136
 30
0.0
  0
VERTEX
  5
243
330
223
100
AcDbEntity
  8
1_ANYTOOL_1MMDEEP_LABELS_S
100
AcDbVertex
100
AcDb2dVertex
 10
129.6135184151167
 20
-0.8134068080358858
 30
0.0
  0
VERTEX
  5
244
330
223
100
AcDbEntity
  8
1_ANYTOOL_1MMDEEP_LABELS_S
100
AcDbVertex
100
AcDb2dVertex
 10
129.7516217912328
 20
-0.7520403180805157
 30
0.0
  0
VERTEX
  5
245
330
223
100
AcDbEntity
  8
1_ANYTOOL_1MMDEEP_LABELS_S
100
AcDbVertex
100
AcDb2dVertex
 10
129.8912946427953
 20
-0.6930803571430033
 30
0.0
  0
VERTEX
  5
246
330
223
100
AcDbEntity
  8
1_ANYTOOL_1MMDEEP_LABELS_S
100
AcDbVertex
100
AcDb2dVertex
 10
130.0325369698043
 20
-0.6365269252233485
 30
0.0
  0
VERTEX
  5
247
330
223
100
AcDbEntity
  8
1_ANYTOOL_1MMDEEP_LABELS_S
100
AcDbVertex
100
AcDb2dVertex
 10
130.1753487722597
 20
-0.5823800223215514
 30
0.0
  0
VERTEX
  5
248
330
223
100
AcDbEntity
  8
1_ANYTOOL_1MMDEEP_LABELS_S
100
AcDbVertex
100
AcDb2dVertex
 10
130.3197300501615
 20
-0.5306396484376119
 30
0.0
  0
VERTEX
  5
249
330
223
100
AcDbEntity
  8
1_ANYTOOL_1MMDEEP_LABELS_S
100
AcDbVertex
100
AcDb2dVertex
 10
130.4656808035097
 20
-0.4813058035715301
 30
0.0
  0
VERTEX
  5
24A
330
223
100
AcDbEntity
  8
1_ANYTOOL_1MMDEEP_LABELS_S
100
AcDbVertex
100
AcDb2dVertex
 10
130.6132010323044
 20
-0.4343784877233059
 30
0.0
  0
VERTEX
  5
24B
330
223
100
AcDbEntity
  8
1_ANYTOOL_1MMDEEP_LABELS_S
100
AcDbVertex
100
AcDb2dVertex
 10
130.7622907365455
 20
-0.3898577008929394
 30
0.0
  0
VERTEX
  5
24C
330
223
100
AcDbEntity
  8
1_ANYTOOL_1MMDEEP_LABELS_S
100
AcDbVertex
100
AcDb2dVertex
 10
131.0651785713669
 20
-0.3080357142857792
 30
0.0
  0
VERTEX
  5
24D
330
223
100
AcDbEntity
  8
1_ANYTOOL_1MMDEEP_LABELS_S
100
AcDbVertex
100
AcDb2dVertex
 10
131.3743443079741
 20
-0.2358398437500497
 30
0.0
  0
VERTEX
  5
24E
330
223
100
AcDbEntity
  8
1_ANYTOOL_1MMDEEP_LABELS_S
100
AcDbVertex
100
AcDb2dVertex
 10
131.689787946367
 20
-0.1732700892857508
 30
0.0
  0
VERTEX
  5
24F
330
223
100
AcDbEntity
  8
1_ANYTOOL_1MMDEEP_LABELS_S
100
AcDbVertex
100
AcDb2dVertex
 10
132.0115094865456
 20
-0.1203264508928825
 30
0.0
  0
VERTEX
  5
250
330
223
100
AcDbEntity
  8
1_ANYTOOL_1MMDEEP_LABELS_S
100
AcDbVertex
100
AcDb2dVertex
 10
132.3395089285099
 20
-0.0770089285714448
 30
0.0
  0
VERTEX
  5
251
330
223
100
AcDbEntity
  8
1_ANYTOOL_1MMDEEP_LABELS_S
100
AcDbVertex
100
AcDb2dVertex
 10
132.67378627226
 20
-0.0433175223214377
 30
0.0
  0
VERTEX
  5
252
330
223
100
AcDbEntity
  8
1_ANYTOOL_1MMDEEP_LABELS_S
100
AcDbVertex
100
AcDb2dVertex
 10
133.0143415177957
 20
-0.0192522321428612
 30
0.0
  0
VERTEX
  5
253
330
223
100
AcDbEntity
  8
1_ANYTOOL_1MMDEEP_LABELS_S
100
AcDbVertex
100
AcDb2dVertex
 10
133.3611746651172
 20
-0.0048130580357153
 30
0.0
  0
VERTEX
  5
254
330
223
100
AcDbEntity
  8
1_ANYTOOL_1MMDEEP_LABELS_S
100
AcDbVertex
100
AcDb2dVertex
 10
133.7142857142244
 20
0.0
 30
0.0
  0
VERTEX
  5
255
330
223
100
AcDbEntity
  8
1_ANYTOOL_1MMDEEP_LABELS_S
100
AcDbVertex
100
AcDb2dVertex
 10
133.9246372767243
 20
-0.0018415178571445
 30
0.0
  0
VERTEX
  5
256
330
223
100
AcDbEntity
  8
1_ANYTOOL_1MMDEEP_LABELS_S
100
AcDbVertex
100
AcDb2dVertex
 10
134.1324776785099
 20
-0.0073660714285779
 30
0.0
  0
VERTEX
  5
257
330
223
100
AcDbEntity
  8
1_ANYTOOL_1MMDEEP_LABELS_S
100
AcDbVertex
100
AcDb2dVertex
 10
134.3378069195812
 20
-0.0165736607143003
 30
0.0
  0
VERTEX
  5
258
330
223
100
AcDbEntity
  8
1_ANYTOOL_1MMDEEP_LABELS_S
100
AcDbVertex
100
AcDb2dVertex
 10
134.5406249999382
 20
-0.0294642857143117
 30
0.0
  0
VERTEX
  5
259
330
223
100
AcDbEntity
  8
1_ANYTOOL_1MMDEEP_LABELS_S
100
AcDbVertex
100
AcDb2dVertex
 10
134.740931919581
 20
-0.046037946428612
 30
0.0
  0
VERTEX
  5
25A
330
223
100
AcDbEntity
  8
1_ANYTOOL_1MMDEEP_LABELS_S
100
AcDbVertex
100
AcDb2dVertex
 10
134.9387276785095
 20
-0.0662946428572013
 30
0.0
  0
VERTEX
  5
25B
330
223
100
AcDbEntity
  8
1_ANYTOOL_1MMDEEP_LABELS_S
100
AcDbVertex
100
AcDb2dVertex
 10
135.1340122767237
 20
-0.0902343750000796
 30
0.0
  0
VERTEX
  5
25C
330
223
100
AcDbEntity
  8
1_ANYTOOL_1MMDEEP_LABELS_S
100
AcDbVertex
100
AcDb2dVertex
 10
135.3267857142237
 20
-0.1178571428572468
 30
0.0
  0
VERTEX
  5
25D
330
223
100
AcDbEntity
  8
1_ANYTOOL_1MMDEEP_LABELS_S
100
AcDbVertex
100
AcDb2dVertex
 10
135.5170479910093
 20
-0.149162946428703
 30
0.0
  0
VERTEX
  5
25E
330
223
100
AcDbEntity
  8
1_ANYTOOL_1MMDEEP_LABELS_S
100
AcDbVertex
100
AcDb2dVertex
 10
135.7047991070807
 20
-0.1841517857144481
 30
0.0
  0
VERTEX
  5
25F
330
223
100
AcDbEntity
  8
1_ANYTOOL_1MMDEEP_LABELS_S
100
AcDbVertex
100
AcDb2dVertex
 10
135.8900390624378
 20
-0.2228236607144822
 30
0.0
  0
VERTEX
  5
260
330
223
100
AcDbEntity
  8
1_ANYTOOL_1MMDEEP_LABELS_S
100
AcDbVertex
100
AcDb2dVertex
 10
136.0727678570806
 20
-0.2651785714288053
 30
0.0
  0
VERTEX
  5
261
330
223
100
AcDbEntity
  8
1_ANYTOOL_1MMDEEP_LABELS_S
100
AcDbVertex
100
AcDb2dVertex
 10
136.2529854910092
 20
-0.3112165178574173
 30
0.0
  0
VERTEX
  5
262
330
223
100
AcDbEntity
  8
1_ANYTOOL_1MMDEEP_LABELS_S
100
AcDbVertex
100
AcDb2dVertex
 10
136.4306919642235
 20
-0.3609375000003183
 30
0.0
  0
VERTEX
  5
263
330
223
100
AcDbEntity
  8
1_ANYTOOL_1MMDEEP_LABELS_S
100
AcDbVertex
100
AcDb2dVertex
 10
136.6058872767235
 20
-0.4143415178575083
 30
0.0
  0
VERTEX
  5
264
330
223
100
AcDbEntity
  8
1_ANYTOOL_1MMDEEP_LABELS_S
100
AcDbVertex
100
AcDb2dVertex
 10
136.7785714285092
 20
-0.4714285714289872
 30
0.0
  0
VERTEX
  5
265
330
223
100
AcDbEntity
  8
1_ANYTOOL_1MMDEEP_LABELS_S
100
AcDbVertex
100
AcDb2dVertex
 10
136.9487444195806
 20
-0.5321986607147551
 30
0.0
  0
VERTEX
  5
266
330
223
100
AcDbEntity
  8
1_ANYTOOL_1MMDEEP_LABELS_S
100
AcDbVertex
100
AcDb2dVertex
 10
137.1164062499378
 20
-0.5966517857148119
 30
0.0
  0
VERTEX
  5
267
330
223
100
AcDbEntity
  8
1_ANYTOOL_1MMDEEP_LABELS_S
100
AcDbVertex
100
AcDb2dVertex
 10
137.2815569195807
 20
-0.6647879464291577
 30
0.0
  0
VERTEX
  5
268
330
223
100
AcDbEntity
  8
1_ANYTOOL_1MMDEEP_LABELS_S
100
AcDbVertex
100
AcDb2dVertex
 10
137.4441964285093
 20
-0.7366071428577925
 30
0.0
  0
VERTEX
  5
269
330
223
100
AcDbEntity
  8
1_ANYTOOL_1MMDEEP_LABELS_S
100
AcDbVertex
100
AcDb2dVertex
 10
137.6043247767236
 20
-0.8121093750007162
 30
0.0
  0
VERTEX
  5
26A
330
223
100
AcDbEntity
  8
1_ANYTOOL_1MMDEEP_LABELS_S
100
AcDbVertex
100
AcDb2dVertex
 10
137.7619419642236
 20
-0.8912946428579289
 30
0.0
  0
VERTEX
  5
26B
330
223
100
AcDbEntity
  8
1_ANYTOOL_1MMDEEP_LABELS_S
100
AcDbVertex
100
AcDb2dVertex
 10
137.9170479910094
 20
-0.9741629464294306
 30
0.0
  0
VERTEX
  5
26C
330
223
100
AcDbEntity
  8
1_ANYTOOL_1MMDEEP_LABELS_S
100
AcDbVertex
100
AcDb2dVertex
 10
138.0696428570809
 20
-1.060714285715221
 30
0.0
  0
VERTEX
  5
26D
330
223
100
AcDbEntity
  8
1_ANYTOOL_1MMDEEP_LABELS_S
100
AcDbVertex
100
AcDb2dVertex
 10
138.2197265624381
 20
-1.150948660715301
 30
0.0
  0
VERTEX
  5
26E
330
223
100
AcDbEntity
  8
1_ANYTOOL_1MMDEEP_LABELS_S
100
AcDbVertex
100
AcDb2dVertex
 10
138.3672991070811
 20
-1.244866071429669
 30
0.0
  0
VERTEX
  5
26F
330
223
100
AcDbEntity
  8
1_ANYTOOL_1MMDEEP_LABELS_S
100
AcDbVertex
100
AcDb2dVertex
 10
138.5123604910097
 20
-1.342466517858327
 30
0.0
  0
VERTEX
  5
270
330
223
100
AcDbEntity
  8
1_ANYTOOL_1MMDEEP_LABELS_S
100
AcDbVertex
100
AcDb2dVertex
 10
138.6549107142241
 20
-1.443750000001273
 30
0.0
  0
VERTEX
  5
271
330
223
100
AcDbEntity
  8
1_ANYTOOL_1MMDEEP_LABELS_S
100
AcDbVertex
100
AcDb2dVertex
 10
138.7949497767242
 20
-1.548716517858509
 30
0.0
  0
VERTEX
  5
272
330
223
100
AcDbEntity
  8
1_ANYTOOL_1MMDEEP_LABELS_S
100
AcDbVertex
100
AcDb2dVertex
 10
138.9324776785101
 20
-1.657366071430033
 30
0.0
  0
VERTEX
  5
273
330
223
100
AcDbEntity
  8
1_ANYTOOL_1MMDEEP_LABELS_S
100
AcDbVertex
100
AcDb2dVertex
 10
139.0674944195816
 20
-1.769698660715846
 30
0.0
  0
VERTEX
  5
274
330
223
100
AcDbEntity
  8
1_ANYTOOL_1MMDEEP_LABELS_S
100
AcDbVertex
100
AcDb2dVertex
 10
139.1999999999389
 20
-1.885714285715949
 30
0.0
  0
VERTEX
  5
275
330
223
100
AcDbEntity
  8
1_ANYTOOL_1MMDEEP_LABELS_S
100
AcDbVertex
100
AcDb2dVertex
 10
139.3317940847602
 20
-2.00511997768033
 30
0.0
  0
VERTEX
  5
276
330
223
100
AcDbEntity
  8
1_ANYTOOL_1MMDEEP_LABELS_S
100
AcDbVertex
100
AcDb2dVertex
 10
139.4593191963672
 20
-2.127622767858981
 30
0.0
  0
VERTEX
  5
277
330
223
100
AcDbEntity
  8
1_ANYTOOL_1MMDEEP_LABELS_S
100
AcDbVertex
100
AcDb2dVertex
 10
139.58257533476
 20
-2.2532226562519
 30
0.0
  0
VERTEX
  5
278
330
223
100
AcDbEntity
  8
1_ANYTOOL_1MMDEEP_LABELS_S
100
AcDbVertex
100
AcDb2dVertex
 10
139.7015624999384
 20
-2.381919642859089
 30
0.0
  0
VERTEX
  5
279
330
223
100
AcDbEntity
  8
1_ANYTOOL_1MMDEEP_LABELS_S
100
AcDbVertex
100
AcDb2dVertex
 10
139.8162806919026
 20
-2.513713727680546
 30
0.0
  0
VERTEX
  5
27A
330
223
100
AcDbEntity
  8
1_ANYTOOL_1MMDEEP_LABELS_S
100
AcDbVertex
100
AcDb2dVertex
 10
139.9267299106525
 20
-2.648604910716273
 30
0.0
  0
VERTEX
  5
27B
330
223
100
AcDbEntity
  8
1_ANYTOOL_1MMDEEP_LABELS_S
100
AcDbVertex
100
AcDb2dVertex
 10
140.0329101561881
 20
-2.786593191966269
 30
0.0
  0
VERTEX
  5
27C
330
223
100
AcDbEntity
  8
1_ANYTOOL_1MMDEEP_LABELS_S
100
AcDbVertex
100
AcDb2dVertex
 10
140.1348214285094
 20
-2.927678571430533
 30
0.0
  0
VERTEX
  5
27D
330
223
100
AcDbEntity
  8
1_ANYTOOL_1MMDEEP_LABELS_S
100
AcDbVertex
100
AcDb2dVertex
 10
140.2324637276165
 20
-3.071861049109067
 30
0.0
  0
VERTEX
  5
27E
330
223
100
AcDbEntity
  8
1_ANYTOOL_1MMDEEP_LABELS_S
100
AcDbVertex
100
AcDb2dVertex
 10
140.3258370535093
 20
-3.21914062500187
 30
0.0
  0
VERTEX
  5
27F
330
223
100
AcDbEntity
  8
1_ANYTOOL_1MMDEEP_LABELS_S
100
AcDbVertex
100
AcDb2dVertex
 10
140.4149414061878
 20
-3.369517299108942
 30
0.0
  0
VERTEX
  5
280
330
223
100
AcDbEntity
  8
1_ANYTOOL_1MMDEEP_LABELS_S
100
AcDbVertex
100
AcDb2dVertex
 10
140.499776785652
 20
-3.522991071430283
 30
0.0
  0
VERTEX
  5
281
330
223
100
AcDbEntity
  8
1_ANYTOOL_1MMDEEP_LABELS_S
100
AcDbVertex
100
AcDb2dVertex
 10
140.5803431919019
 20
-3.679561941965893
 30
0.0
  0
VERTEX
  5
282
330
223
100
AcDbEntity
  8
1_ANYTOOL_1MMDEEP_LABELS_S
100
AcDbVertex
100
AcDb2dVertex
 10
140.6566406249376
 20
-3.839229910715773
 30
0.0
  0
VERTEX
  5
283
330
223
100
AcDbEntity
  8
1_ANYTOOL_1MMDEEP_LABELS_S
100
AcDbVertex
100
AcDb2dVertex
 10
140.728669084759
 20
-4.001994977679921
 30
0.0
  0
VERTEX
  5
284
330
223
100
AcDbEntity
  8
1_ANYTOOL_1MMDEEP_LABELS_S
100
AcDbVertex
100
AcDb2dVertex
 10
140.7964285713661
 20
-4.167857142858338
 30
0.0
  0
VERTEX
  5
285
330
223
100
AcDbEntity
  8
1_ANYTOOL_1MMDEEP_LABELS_S
100
AcDbVertex
100
AcDb2dVertex
 10
140.8599190847589
 20
-4.336816406251025
 30
0.0
  0
VERTEX
  5
286
330
223
100
AcDbEntity
  8
1_ANYTOOL_1MMDEEP_LABELS_S
100
AcDbVertex
100
AcDb2dVertex
 10
140.9191406249374
 20
-4.50887276785798
 30
0.0
  0
VERTEX
  5
287
330
223
100
AcDbEntity
  8
1_ANYTOOL_1MMDEEP_LABELS_S
100
AcDbVertex
100
AcDb2dVertex
 10
140.9740931919017
 20
-4.684026227679205
 30
0.0
  0
VERTEX
  5
288
330
223
100
AcDbEntity
  8
1_ANYTOOL_1MMDEEP_LABELS_S
100
AcDbVertex
100
AcDb2dVertex
 10
141.0247767856516
 20
-4.862276785714698
 30
0.0
  0
VERTEX
  5
289
330
223
100
AcDbEntity
  8
1_ANYTOOL_1MMDEEP_LABELS_S
100
AcDbVertex
100
AcDb2dVertex
 10
141.0711914061873
 20
-5.043624441964461
 30
0.0
  0
VERTEX
  5
28A
330
223
100
AcDbEntity
  8
1_ANYTOOL_1MMDEEP_LABELS_S
100
AcDbVertex
100
AcDb2dVertex
 10
141.1133370535087
 20
-5.228069196428493
 30
0.0
  0
VERTEX
  5
28B
330
223
100
AcDbEntity
  8
1_ANYTOOL_1MMDEEP_LABELS_S
100
AcDbVertex
100
AcDb2dVertex
 10
141.1512137276159
 20
-5.415611049106793
 30
0.0
  0
VERTEX
  5
28C
330
223
100
AcDbEntity
  8
1_ANYTOOL_1MMDEEP_LABELS_S
100
AcDbVertex
100
AcDb2dVertex
 10
141.1848214285087
 20
-5.606249999999363
 30
0.0
  0
VERTEX
  5
28D
330
223
100
AcDbEntity
  8
1_ANYTOOL_1MMDEEP_LABELS_S
100
AcDbVertex
100
AcDb2dVertex
 10
141.2141601561873
 20
-5.799986049106202
 30
0.0
  0
VERTEX
  5
28E
330
223
100
AcDbEntity
  8
1_ANYTOOL_1MMDEEP_LABELS_S
100
AcDbVertex
100
AcDb2dVertex
 10
141.2392299106516
 20
-5.99681919642731
 30
0.0
  0
VERTEX
  5
28F
330
223
100
AcDbEntity
  8
1_ANYTOOL_1MMDEEP_LABELS_S
100
AcDbVertex
100
AcDb2dVertex
 10
141.2600306919016
 20
-6.196749441962687
 30
0.0
  0
VERTEX
  5
290
330
223
100
AcDbEntity
  8
1_ANYTOOL_1MMDEEP_LABELS_S
100
AcDbVertex
100
AcDb2dVertex
 10
141.2765624999373
 20
-6.399776785712334
 30
0.0
  0
VERTEX
  5
291
330
223
100
AcDbEntity
  8
1_ANYTOOL_1MMDEEP_LABELS_S
100
AcDbVertex
100
AcDb2dVertex
 10
141.2888253347588
 20
-6.605901227676249
 30
0.0
  0
VERTEX
  5
292
330
223
100
AcDbEntity
  8
1_ANYTOOL_1MMDEEP_LABELS_S
100
AcDbVertex
100
AcDb2dVertex
 10
141.2968191963659
 20
-6.815122767854433
 30
0.0
  0
VERTEX
  5
293
330
223
100
AcDbEntity
  8
1_ANYTOOL_1MMDEEP_LABELS_S
100
AcDbVertex
100
AcDb2dVertex
 10
141.3005440847588
 20
-7.027441406246886
 30
0.0
  0
VERTEX
  5
294
330
223
100
AcDbEntity
  8
1_ANYTOOL_1MMDEEP_LABELS_S
100
AcDbVertex
100
AcDb2dVertex
 10
141.2954799106517
 20
-7.585881696425417
 30
0.0
  0
VERTEX
  5
295
330
223
100
AcDbEntity
  8
1_ANYTOOL_1MMDEEP_LABELS_S
100
AcDbVertex
100
AcDb2dVertex
 10
141.2819196427946
 20
-7.918526785711492
 30
0.0
  0
VERTEX
  5
296
330
223
100
AcDbEntity
  8
1_ANYTOOL_1MMDEEP_LABELS_S
100
AcDbVertex
100
AcDb2dVertex
 10
141.2593191963661
 20
-8.240792410711833
 30
0.0
  0
VERTEX
  5
297
330
223
100
AcDbEntity
  8
1_ANYTOOL_1MMDEEP_LABELS_S
100
AcDbVertex
100
AcDb2dVertex
 10
141.2276785713661
 20
-8.55267857142644
 30
0.0
  0
VERTEX
  5
298
330
223
100
AcDbEntity
  8
1_ANYTOOL_1MMDEEP_LABELS_S
100
AcDbVertex
100
AcDb2dVertex
 10
141.1869977677948
 20
-8.854185267855314
 30
0.0
  0
VERTEX
  5
299
330
223
100
AcDbEntity
  8
1_ANYTOOL_1MMDEEP_LABELS_S
100
AcDbVertex
100
AcDb2dVertex
 10
141.1632672990448
 20
-9.0010463169626
 30
0.0
  0
VERTEX
  5
29A
330
223
100
AcDbEntity
  8
1_ANYTOOL_1MMDEEP_LABELS_S
100
AcDbVertex
100
AcDb2dVertex
 10
141.137276785652
 20
-9.145312499998454
 30
0.0
  0
VERTEX
  5
29B
330
223
100
AcDbEntity
  8
1_ANYTOOL_1MMDEEP_LABELS_S
100
AcDbVertex
100
AcDb2dVertex
 10
141.1090262276164
 20
-9.286983816962874
 30
0.0
  0
VERTEX
  5
29C
330
223
100
AcDbEntity
  8
1_ANYTOOL_1MMDEEP_LABELS_S
100
AcDbVertex
100
AcDb2dVertex
 10
141.0785156249379
 20
-9.42606026785586
 30
0.0
  0
VERTEX
  5
29D
330
223
100
AcDbEntity
  8
1_ANYTOOL_1MMDEEP_LABELS_S
100
AcDbVertex
100
AcDb2dVertex
 10
141.0457449776165
 20
-9.562541852677413
 30
0.0
  0
VERTEX
  5
29E
330
223
100
AcDbEntity
  8
1_ANYTOOL_1MMDEEP_LABELS_S
100
AcDbVertex
100
AcDb2dVertex
 10
141.0107142856523
 20
-9.696428571427532
 30
0.0
  0
VERTEX
  5
29F
330
223
100
AcDbEntity
  8
1_ANYTOOL_1MMDEEP_LABELS_S
100
AcDbVertex
100
AcDb2dVertex
 10
140.9734235490452
 20
-9.827720424106218
 30
0.0
  0
VERTEX
  5
2A0
330
223
100
AcDbEntity
  8
1_ANYTOOL_1MMDEEP_LABELS_S
100
AcDbVertex
100
AcDb2dVertex
 10
140.9338727677953
 20
-9.95641741071347
 30
0.0
  0
VERTEX
  5
2A1
330
223
100
AcDbEntity
  8
1_ANYTOOL_1MMDEEP_LABELS_S
100
AcDbVertex
100
AcDb2dVertex
 10
140.8920619419025
 20
-10.08251953124929
 30
0.0
  0
VERTEX
  5
2A2
330
223
100
AcDbEntity
  8
1_ANYTOOL_1MMDEEP_LABELS_S
100
AcDbVertex
100
AcDb2dVertex
 10
140.8479910713669
 20
-10.20602678571368
 30
0.0
  0
VERTEX
  5
2A3
330
223
100
AcDbEntity
  8
1_ANYTOOL_1MMDEEP_LABELS_S
100
AcDbVertex
100
AcDb2dVertex
 10
140.8016601561884
 20
-10.32693917410663
 30
0.0
  0
VERTEX
  5
2A4
330
223
100
AcDbEntity
  8
1_ANYTOOL_1MMDEEP_LABELS_S
100
AcDbVertex
100
AcDb2dVertex
 10
140.7530691963671
 20
-10.44525669642815
 30
0.0
  0
VERTEX
  5
2A5
330
223
100
AcDbEntity
  8
1_ANYTOOL_1MMDEEP_LABELS_S
100
AcDbVertex
100
AcDb2dVertex
 10
140.7022181919029
 20
-10.56097935267823
 30
0.0
  0
VERTEX
  5
2A6
330
223
100
AcDbEntity
  8
1_ANYTOOL_1MMDEEP_LABELS_S
100
AcDbVertex
100
AcDb2dVertex
 10
140.6491071427959
 20
-10.67410714285688
 30
0.0
  0
VERTEX
  5
2A7
330
223
100
AcDbEntity
  8
1_ANYTOOL_1MMDEEP_LABELS_S
100
AcDbVertex
100
AcDb2dVertex
 10
140.593736049046
 20
-10.7846400669641
 30
0.0
  0
VERTEX
  5
2A8
330
223
100
AcDbEntity
  8
1_ANYTOOL_1MMDEEP_LABELS_S
100
AcDbVertex
100
AcDb2dVertex
 10
140.5361049106532
 20
-10.89257812499989
 30
0.0
  0
VERTEX
  5
2A9
330
223
100
AcDbEntity
  8
1_ANYTOOL_1MMDEEP_LABELS_S
100
AcDbVertex
100
AcDb2dVertex
 10
140.4762137276176
 20
-10.99792131696424
 30
0.0
  0
VERTEX
  5
2AA
330
223
100
AcDbEntity
  8
1_ANYTOOL_1MMDEEP_LABELS_S
100
AcDbVertex
100
AcDb2dVertex
 10
140.4140624999392
 20
-11.10066964285716
 30
0.0
  0
VERTEX
  5
2AB
330
223
100
AcDbEntity
  8
1_ANYTOOL_1MMDEEP_LABELS_S
100
AcDbVertex
100
AcDb2dVertex
 10
140.3496512276179
 20
-11.20082310267864
 30
0.0
  0
VERTEX
  5
2AC
330
223
100
AcDbEntity
  8
1_ANYTOOL_1MMDEEP_LABELS_S
100
AcDbVertex
100
AcDb2dVertex
 10
140.2829799106537
 20
-11.29838169642869
 30
0.0
  0
VERTEX
  5
2AD
330
223
100
AcDbEntity
  8
1_ANYTOOL_1MMDEEP_LABELS_S
100
AcDbVertex
100
AcDb2dVertex
 10
140.2140485490467
 20
-11.39334542410731
 30
0.0
  0
VERTEX
  5
2AE
330
223
100
AcDbEntity
  8
1_ANYTOOL_1MMDEEP_LABELS_S
100
AcDbVertex
100
AcDb2dVertex
 10
140.1428571427969
 20
-11.48571428571449
 30
0.0
  0
VERTEX
  5
2AF
330
223
100
AcDbEntity
  8
1_ANYTOOL_1MMDEEP_LABELS_S
100
AcDbVertex
100
AcDb2dVertex
 10
139.9960379463681
 20
-11.66450892857171
 30
0.0
  0
VERTEX
  5
2B0
330
223
100
AcDbEntity
  8
1_ANYTOOL_1MMDEEP_LABELS_S
100
AcDbVertex
100
AcDb2dVertex
 10
139.844866071368
 20
-11.83660714285747
 30
0.0
  0
VERTEX
  5
2B1
330
223
100
AcDbEntity
  8
1_ANYTOOL_1MMDEEP_LABELS_S
100
AcDbVertex
100
AcDb2dVertex
 10
139.6893415177964
 20
-12.0020089285718
 30
0.0
  0
VERTEX
  5
2B2
330
223
100
AcDbEntity
  8
1_ANYTOOL_1MMDEEP_LABELS_S
100
AcDbVertex
100
AcDb2dVertex
 10
139.5294642856534
 20
-12.16071428571468
 30
0.0
  0
VERTEX
  5
2B3
330
223
100
AcDbEntity
  8
1_ANYTOOL_1MMDEEP_LABELS_S
100
AcDbVertex
100
AcDb2dVertex
 10
139.4478934151176
 20
-12.23755580357182
 30
0.0
  0
VERTEX
  5
2B4
330
223
100
AcDbEntity
  8
1_ANYTOOL_1MMDEEP_LABELS_S
100
AcDbVertex
100
AcDb2dVertex
 10
139.365234374939
 20
-12.31272321428611
 30
0.0
  0
VERTEX
  5
2B5
330
223
100
AcDbEntity
  8
1_ANYTOOL_1MMDEEP_LABELS_S
100
AcDbVertex
100
AcDb2dVertex
 10
139.2814871651175
 20
-12.38621651785753
 30
0.0
  0
VERTEX
  5
2B6
330
223
100
AcDbEntity
  8
1_ANYTOOL_1MMDEEP_LABELS_S
100
AcDbVertex
100
AcDb2dVertex
 10
139.1966517856531
 20
-12.4580357142861
 30
0.0
  0
VERTEX
  5
2B7
330
223
100
AcDbEntity
  8
1_ANYTOOL_1MMDEEP_LABELS_S
100
AcDbVertex
100
AcDb2dVertex
 10
139.1107282365459
 20
-12.5281808035718
 30
0.0
  0
VERTEX
  5
2B8
330
223
100
AcDbEntity
  8
1_ANYTOOL_1MMDEEP_LABELS_S
100
AcDbVertex
100
AcDb2dVertex
 10
139.0237165177958
 20
-12.59665178571464
 30
0.0
  0
VERTEX
  5
2B9
330
223
100
AcDbEntity
  8
1_ANYTOOL_1MMDEEP_LABELS_S
100
AcDbVertex
100
AcDb2dVertex
 10
138.9356166294029
 20
-12.66344866071462
 30
0.0
  0
VERTEX
  5
2BA
330
223
100
AcDbEntity
  8
1_ANYTOOL_1MMDEEP_LABELS_S
100
AcDbVertex
100
AcDb2dVertex
 10
138.8464285713671
 20
-12.72857142857174
 30
0.0
  0
VERTEX
  5
2BB
330
223
100
AcDbEntity
  8
1_ANYTOOL_1MMDEEP_LABELS_S
100
AcDbVertex
100
AcDb2dVertex
 10
138.7561523436885
 20
-12.792020089286
 30
0.0
  0
VERTEX
  5
2BC
330
223
100
AcDbEntity
  8
1_ANYTOOL_1MMDEEP_LABELS_S
100
AcDbVertex
100
AcDb2dVertex
 10
138.664787946367
 20
-12.85379464285739
 30
0.0
  0
VERTEX
  5
2BD
330
223
100
AcDbEntity
  8
1_ANYTOOL_1MMDEEP_LABELS_S
100
AcDbVertex
100
AcDb2dVertex
 10
138.5723353794027
 20
-12.91389508928593
 30
0.0
  0
VERTEX
  5
2BE
330
223
100
AcDbEntity
  8
1_ANYTOOL_1MMDEEP_LABELS_S
100
AcDbVertex
100
AcDb2dVertex
 10
138.4787946427955
 20
-12.9723214285716
 30
0.0
  0
VERTEX
  5
2BF
330
223
100
AcDbEntity
  8
1_ANYTOOL_1MMDEEP_LABELS_S
100
AcDbVertex
100
AcDb2dVertex
 10
138.3841657365454
 20
-13.02907366071442
 30
0.0
  0
VERTEX
  5
2C0
330
223
100
AcDbEntity
  8
1_ANYTOOL_1MMDEEP_LABELS_S
100
AcDbVertex
100
AcDb2dVertex
 10
138.2884486606525
 20
-13.08415178571437
 30
0.0
  0
VERTEX
  5
2C1
330
223
100
AcDbEntity
  8
1_ANYTOOL_1MMDEEP_LABELS_S
100
AcDbVertex
100
AcDb2dVertex
 10
138.1916434151168
 20
-13.13755580357146
 30
0.0
  0
VERTEX
  5
2C2
330
223
100
AcDbEntity
  8
1_ANYTOOL_1MMDEEP_LABELS_S
100
AcDbVertex
100
AcDb2dVertex
 10
138.0937499999382
 20
-13.18928571428569
 30
0.0
  0
VERTEX
  5
2C3
330
223
100
AcDbEntity
  8
1_ANYTOOL_1MMDEEP_LABELS_S
100
AcDbVertex
100
AcDb2dVertex
 10
137.9947684151167
 20
-13.23934151785706
 30
0.0
  0
VERTEX
  5
2C4
330
223
100
AcDbEntity
  8
1_ANYTOOL_1MMDEEP_LABELS_S
100
AcDbVertex
100
AcDb2dVertex
 10
137.8946986606524
 20
-13.28772321428556
 30
0.0
  0
VERTEX
  5
2C5
330
223
100
AcDbEntity
  8
1_ANYTOOL_1MMDEEP_LABELS_S
100
AcDbVertex
100
AcDb2dVertex
 10
137.7935407365452
 20
-13.33443080357121
 30
0.0
  0
VERTEX
  5
2C6
330
223
100
AcDbEntity
  8
1_ANYTOOL_1MMDEEP_LABELS_S
100
AcDbVertex
100
AcDb2dVertex
 10
137.6912946427951
 20
-13.37946428571399
 30
0.0
  0
VERTEX
  5
2C7
330
223
100
AcDbEntity
  8
1_ANYTOOL_1MMDEEP_LABELS_S
100
AcDbVertex
100
AcDb2dVertex
 10
137.5879603794022
 20
-13.42282366071392
 30
0.0
  0
VERTEX
  5
2C8
330
223
100
AcDbEntity
  8
1_ANYTOOL_1MMDEEP_LABELS_S
100
AcDbVertex
100
AcDb2dVertex
 10
137.4835379463665
 20
-13.46450892857098
 30
0.0
  0
VERTEX
  5
2C9
330
223
100
AcDbEntity
  8
1_ANYTOOL_1MMDEEP_LABELS_S
100
AcDbVertex
100
AcDb2dVertex
 10
137.2714285713664
 20
-13.54285714285652
 30
0.0
  0
VERTEX
  5
2CA
330
223
100
AcDbEntity
  8
1_ANYTOOL_1MMDEEP_LABELS_S
100
AcDbVertex
100
AcDb2dVertex
 10
137.0559709820806
 20
-13.61568080357063
 30
0.0
  0
VERTEX
  5
2CB
330
223
100
AcDbEntity
  8
1_ANYTOOL_1MMDEEP_LABELS_S
100
AcDbVertex
100
AcDb2dVertex
 10
136.8381696427949
 20
-13.68415178571331
 30
0.0
  0
VERTEX
  5
2CC
330
223
100
AcDbEntity
  8
1_ANYTOOL_1MMDEEP_LABELS_S
100
AcDbVertex
100
AcDb2dVertex
 10
136.6180245535091
 20
-13.74827008928457
 30
0.0
  0
VERTEX
  5
2CD
330
223
100
AcDbEntity
  8
1_ANYTOOL_1MMDEEP_LABELS_S
100
AcDbVertex
100
AcDb2dVertex
 10
136.3955357142233
 20
-13.80803571428442
 30
0.0
  0
VERTEX
  5
2CE
330
223
100
AcDbEntity
  8
1_ANYTOOL_1MMDEEP_LABELS_S
100
AcDbVertex
100
AcDb2dVertex
 10
136.1707031249376
 20
-13.86344866071283
 30
0.0
  0
VERTEX
  5
2CF
330
223
100
AcDbEntity
  8
1_ANYTOOL_1MMDEEP_LABELS_S
100
AcDbVertex
100
AcDb2dVertex
 10
135.9435267856518
 20
-13.91450892856983
 30
0.0
  0
VERTEX
  5
2D0
330
223
100
AcDbEntity
  8
1_ANYTOOL_1MMDEEP_LABELS_S
100
AcDbVertex
100
AcDb2dVertex
 10
135.7140066963661
 20
-13.96121651785541
 30
0.0
  0
VERTEX
  5
2D1
330
223
100
AcDbEntity
  8
1_ANYTOOL_1MMDEEP_LABELS_S
100
AcDbVertex
100
AcDb2dVertex
 10
135.4821428570804
 20
-14.00357142856956
 30
0.0
  0
VERTEX
  5
2D2
330
223
100
AcDbEntity
  8
1_ANYTOOL_1MMDEEP_LABELS_S
100
AcDbVertex
100
AcDb2dVertex
 10
135.2479352677946
 20
-14.04157366071229
 30
0.0
  0
VERTEX
  5
2D3
330
223
100
AcDbEntity
  8
1_ANYTOOL_1MMDEEP_LABELS_S
100
AcDbVertex
100
AcDb2dVertex
 10
135.0113839285089
 20
-14.0752232142836
 30
0.0
  0
VERTEX
  5
2D4
330
223
100
AcDbEntity
  8
1_ANYTOOL_1MMDEEP_LABELS_S
100
AcDbVertex
100
AcDb2dVertex
 10
134.7724888392232
 20
-14.10452008928348
 30
0.0
  0
VERTEX
  5
2D5
330
223
100
AcDbEntity
  8
1_ANYTOOL_1MMDEEP_LABELS_S
100
AcDbVertex
100
AcDb2dVertex
 10
134.5312499999375
 20
-14.12946428571195
 30
0.0
  0
VERTEX
  5
2D6
330
223
100
AcDbEntity
  8
1_ANYTOOL_1MMDEEP_LABELS_S
100
AcDbVertex
100
AcDb2dVertex
 10
134.2876674106517
 20
-14.15005580356899
 30
0.0
  0
VERTEX
  5
2D7
330
223
100
AcDbEntity
  8
1_ANYTOOL_1MMDEEP_LABELS_S
100
AcDbVertex
100
AcDb2dVertex
 10
134.0417410713661
 20
-14.16629464285461
 30
0.0
  0
VERTEX
  5
2D8
330
223
100
AcDbEntity
  8
1_ANYTOOL_1MMDEEP_LABELS_S
100
AcDbVertex
100
AcDb2dVertex
 10
133.7934709820804
 20
-14.17818080356881
 30
0.0
  0
VERTEX
  5
2D9
330
223
100
AcDbEntity
  8
1_ANYTOOL_1MMDEEP_LABELS_S
100
AcDbVertex
100
AcDb2dVertex
 10
133.5428571427947
 20
-14.18571428571158
 30
0.0
  0
VERTEX
  5
2DA
330
223
100
AcDbEntity
  8
1_ANYTOOL_1MMDEEP_LABELS_S
100
AcDbVertex
100
AcDb2dVertex
 10
129.8571428570795
 20
-14.2285714285681
 30
0.0
  0
SEQEND
  5
2DB
330
223
100
AcDbEntity
  8
1_ANYTOOL_1MMDEEP_LABELS_S
  0
LINE
  5
2DC
330
1F
100
AcDbEntity
  8
1_ANYTOOL_1MMDEEP_LABELS_S
100
AcDbLine
 10
163.0714285713657
 20
-0.4714285714289872
 30
0.0
 11
145.8857142856541
 21
-31.24285714285361
 31
0.0
  0
POLYLINE
  5
2DD
330
1F
100
AcDbEntity
  8
1_ANYTOOL_1MMDEEP_LABELS_S
100
AcDb2dPolyline
 66
     1
 10
0.0
 20
0.0
 30
0.0
  0
VERTEX
  5
2DE
330
2DD
100
AcDbEntity
  8
1_ANYTOOL_1MMDEEP_LABELS_S
100
AcDbVertex
100
AcDb2dVertex
 10
186.6857142856534
 20
-7.5
 30
0.0
 42
0.1311029518676567
  0
VERTEX
  5
2DF
330
2DD
100
AcDbEntity
  8
1_ANYTOOL_1MMDEEP_LABELS_S
100
AcDbVertex
100
AcDb2dVertex
 10
182.9142857142251
 20
-2.142857142855067
 30
0.0
  0
VERTEX
  5
2E0
330
2DD
100
AcDbEntity
  8
1_ANYTOOL_1MMDEEP_LABELS_S
100
AcDbVertex
100
AcDb2dVertex
 10
182.7578404017251
 20
-2.011021205355195
 30
0.0
  0
VERTEX
  5
2E1
330
2DD
100
AcDbEntity
  8
1_ANYTOOL_1MMDEEP_LABELS_S
100
AcDbVertex
100
AcDb2dVertex
 10
182.5992187499394
 20
-1.883370535712461
 30
0.0
  0
VERTEX
  5
2E2
330
2DD
100
AcDbEntity
  8
1_ANYTOOL_1MMDEEP_LABELS_S
100
AcDbVertex
100
AcDb2dVertex
 10
182.4384207588679
 20
-1.759905133926866
 30
0.0
  0
VERTEX
  5
2E3
330
2DD
100
AcDbEntity
  8
1_ANYTOOL_1MMDEEP_LABELS_S
100
AcDbVertex
100
AcDb2dVertex
 10
182.2754464285107
 20
-1.64062499999841
 30
0.0
  0
VERTEX
  5
2E4
330
2DD
100
AcDbEntity
  8
1_ANYTOOL_1MMDEEP_LABELS_S
100
AcDbVertex
100
AcDb2dVertex
 10
182.1102957588679
 20
-1.525530133927093
 30
0.0
  0
VERTEX
  5
2E5
330
2DD
100
AcDbEntity
  8
1_ANYTOOL_1MMDEEP_LABELS_S
100
AcDbVertex
100
AcDb2dVertex
 10
181.9429687499393
 20
-1.414620535712915
 30
0.0
  0
VERTEX
  5
2E6
330
2DD
100
AcDbEntity
  8
1_ANYTOOL_1MMDEEP_LABELS_S
100
AcDbVertex
100
AcDb2dVertex
 10
181.7734654017249
 20
-1.307896205355876
 30
0.0
  0
VERTEX
  5
2E7
330
2DD
100
AcDbEntity
  8
1_ANYTOOL_1MMDEEP_LABELS_S
100
AcDbVertex
100
AcDb2dVertex
 10
181.6017857142249
 20
-1.205357142855975
 30
0.0
  0
VERTEX
  5
2E8
330
2DD
100
AcDbEntity
  8
1_ANYTOOL_1MMDEEP_LABELS_S
100
AcDbVertex
100
AcDb2dVertex
 10
181.4279296874391
 20
-1.107003348213213
 30
0.0
  0
VERTEX
  5
2E9
330
2DD
100
AcDbEntity
  8
1_ANYTOOL_1MMDEEP_LABELS_S
100
AcDbVertex
100
AcDb2dVertex
 10
181.2518973213677
 20
-1.01283482142759
 30
0.0
  0
VERTEX
  5
2EA
330
2DD
100
AcDbEntity
  8
1_ANYTOOL_1MMDEEP_LABELS_S
100
AcDbVertex
100
AcDb2dVertex
 10
181.0736886160105
 20
-0.9228515624991059
 30
0.0
  0
VERTEX
  5
2EB
330
2DD
100
AcDbEntity
  8
1_ANYTOOL_1MMDEEP_LABELS_S
100
AcDbVertex
100
AcDb2dVertex
 10
180.8933035713675
 20
-0.8370535714277605
 30
0.0
  0
VERTEX
  5
2EC
330
2DD
100
AcDbEntity
  8
1_ANYTOOL_1MMDEEP_LABELS_S
100
AcDbVertex
100
AcDb2dVertex
 10
180.7107421874389
 20
-0.7554408482135538
 30
0.0
  0
VERTEX
  5
2ED
330
2DD
100
AcDbEntity
  8
1_ANYTOOL_1MMDEEP_LABELS_S
100
AcDbVertex
100
AcDb2dVertex
 10
180.5260044642246
 20
-0.678013392856486
 30
0.0
  0
VERTEX
  5
2EE
330
2DD
100
AcDbEntity
  8
1_ANYTOOL_1MMDEEP_LABELS_S
100
AcDbVertex
100
AcDb2dVertex
 10
180.3390904017245
 20
-0.6047712053565569
 30
0.0
  0
VERTEX
  5
2EF
330
2DD
100
AcDbEntity
  8
1_ANYTOOL_1MMDEEP_LABELS_S
100
AcDbVertex
100
AcDb2dVertex
 10
180.1499999999387
 20
-0.5357142857137667
 30
0.0
  0
VERTEX
  5
2F0
330
2DD
100
AcDbEntity
  8
1_ANYTOOL_1MMDEEP_LABELS_S
100
AcDbVertex
100
AcDb2dVertex
 10
179.9587332588672
 20
-0.4708426339281153
 30
0.0
  0
VERTEX
  5
2F1
330
2DD
100
AcDbEntity
  8
1_ANYTOOL_1MMDEEP_LABELS_S
100
AcDbVertex
100
AcDb2dVertex
 10
179.76529017851
 20
-0.4101562499996026
 30
0.0
  0
VERTEX
  5
2F2
330
2DD
100
AcDbEntity
  8
1_ANYTOOL_1MMDEEP_LABELS_S
100
AcDbVertex
100
AcDb2dVertex
 10
179.569670758867
 20
-0.3536551339282288
 30
0.0
  0
VERTEX
  5
2F3
330
2DD
100
AcDbEntity
  8
1_ANYTOOL_1MMDEEP_LABELS_S
100
AcDbVertex
100
AcDb2dVertex
 10
179.3718749999384
 20
-0.3013392857139938
 30
0.0
  0
VERTEX
  5
2F4
330
2DD
100
AcDbEntity
  8
1_ANYTOOL_1MMDEEP_LABELS_S
100
AcDbVertex
100
AcDb2dVertex
 10
179.171902901724
 20
-0.2532087053568975
 30
0.0
  0
VERTEX
  5
2F5
330
2DD
100
AcDbEntity
  8
1_ANYTOOL_1MMDEEP_LABELS_S
100
AcDbVertex
100
AcDb2dVertex
 10
178.9697544642239
 20
-0.2092633928569401
 30
0.0
  0
VERTEX
  5
2F6
330
2DD
100
AcDbEntity
  8
1_ANYTOOL_1MMDEEP_LABELS_S
100
AcDbVertex
100
AcDb2dVertex
 10
178.7654296874381
 20
-0.1695033482141215
 30
0.0
  0
VERTEX
  5
2F7
330
2DD
100
AcDbEntity
  8
1_ANYTOOL_1MMDEEP_LABELS_S
100
AcDbVertex
100
AcDb2dVertex
 10
178.5589285713666
 20
-0.1339285714284417
 30
0.0
  0
VERTEX
  5
2F8
330
2DD
100
AcDbEntity
  8
1_ANYTOOL_1MMDEEP_LABELS_S
100
AcDbVertex
100
AcDb2dVertex
 10
178.3502511160093
 20
-0.1025390624999006
 30
0.0
  0
VERTEX
  5
2F9
330
2DD
100
AcDbEntity
  8
1_ANYTOOL_1MMDEEP_LABELS_S
100
AcDbVertex
100
AcDb2dVertex
 10
178.1393973213663
 20
-0.0753348214284984
 30
0.0
  0
VERTEX
  5
2FA
330
2DD
100
AcDbEntity
  8
1_ANYTOOL_1MMDEEP_LABELS_S
100
AcDbVertex
100
AcDb2dVertex
 10
177.9263671874376
 20
-0.052315848214235
 30
0.0
  0
VERTEX
  5
2FB
330
2DD
100
AcDbEntity
  8
1_ANYTOOL_1MMDEEP_LABELS_S
100
AcDbVertex
100
AcDb2dVertex
 10
177.7111607142232
 20
-0.0334821428571104
 30
0.0
  0
VERTEX
  5
2FC
330
2DD
100
AcDbEntity
  8
1_ANYTOOL_1MMDEEP_LABELS_S
100
AcDbVertex
100
AcDb2dVertex
 10
177.4937779017231
 20
-0.0188337053571246
 30
0.0
  0
VERTEX
  5
2FD
330
2DD
100
AcDbEntity
  8
1_ANYTOOL_1MMDEEP_LABELS_S
100
AcDbVertex
100
AcDb2dVertex
 10
177.2742187499373
 20
-0.0083705357142776
 30
0.0
  0
VERTEX
  5
2FE
330
2DD
100
AcDbEntity
  8
1_ANYTOOL_1MMDEEP_LABELS_S
100
AcDbVertex
100
AcDb2dVertex
 10
177.0524832588657
 20
-0.0020926339285694
 30
0.0
  0
VERTEX
  5
2FF
330
2DD
100
AcDbEntity
  8
1_ANYTOOL_1MMDEEP_LABELS_S
100
AcDbVertex
100
AcDb2dVertex
 10
176.8285714285084
 20
0.0
 30
0.0
  0
VERTEX
  5
300
330
2DD
100
AcDbEntity
  8
1_ANYTOOL_1MMDEEP_LABELS_S
100
AcDbVertex
100
AcDb2dVertex
 10
176.4856724329728
 20
-0.0046037946428541
 30
0.0
  0
VERTEX
  5
301
330
2DD
100
AcDbEntity
  8
1_ANYTOOL_1MMDEEP_LABELS_S
100
AcDbVertex
100
AcDb2dVertex
 10
176.1480468749371
 20
-0.0184151785714164
 30
0.0
  0
VERTEX
  5
302
330
2DD
100
AcDbEntity
  8
1_ANYTOOL_1MMDEEP_LABELS_S
100
AcDbVertex
100
AcDb2dVertex
 10
175.8156947544014
 20
-0.0414341517856869
 30
0.0
  0
VERTEX
  5
303
330
2DD
100
AcDbEntity
  8
1_ANYTOOL_1MMDEEP_LABELS_S
100
AcDbVertex
100
AcDb2dVertex
 10
175.4886160713657
 20
-0.0736607142856656
 30
0.0
  0
VERTEX
  5
304
330
2DD
100
AcDbEntity
  8
1_ANYTOOL_1MMDEEP_LABELS_S
100
AcDbVertex
100
AcDb2dVertex
 10
175.16681082583
 20
-0.1150948660713524
 30
0.0
  0
VERTEX
  5
305
330
2DD
100
AcDbEntity
  8
1_ANYTOOL_1MMDEEP_LABELS_S
100
AcDbVertex
100
AcDb2dVertex
 10
174.8502790177943
 20
-0.1657366071427475
 30
0.0
  0
VERTEX
  5
306
330
2DD
100
AcDbEntity
  8
1_ANYTOOL_1MMDEEP_LABELS_S
100
AcDbVertex
100
AcDb2dVertex
 10
174.5390206472587
 20
-0.2255859374998508
 30
0.0
  0
VERTEX
  5
307
330
2DD
100
AcDbEntity
  8
1_ANYTOOL_1MMDEEP_LABELS_S
100
AcDbVertex
100
AcDb2dVertex
 10
174.233035714223
 20
-0.2946428571426623
 30
0.0
  0
VERTEX
  5
308
330
2DD
100
AcDbEntity
  8
1_ANYTOOL_1MMDEEP_LABELS_S
100
AcDbVertex
100
AcDb2dVertex
 10
173.9323242186873
 20
-0.3729073660711819
 30
0.0
  0
VERTEX
  5
309
330
2DD
100
AcDbEntity
  8
1_ANYTOOL_1MMDEEP_LABELS_S
100
AcDbVertex
100
AcDb2dVertex
 10
173.6368861606516
 20
-0.4603794642854098
 30
0.0
  0
VERTEX
  5
30A
330
2DD
100
AcDbEntity
  8
1_ANYTOOL_1MMDEEP_LABELS_S
100
AcDbVertex
100
AcDb2dVertex
 10
173.3467215401159
 20
-0.5570591517853458
 30
0.0
  0
VERTEX
  5
30B
330
2DD
100
AcDbEntity
  8
1_ANYTOOL_1MMDEEP_LABELS_S
100
AcDbVertex
100
AcDb2dVertex
 10
173.0618303570803
 20
-0.6629464285709901
 30
0.0
  0
VERTEX
  5
30C
330
2DD
100
AcDbEntity
  8
1_ANYTOOL_1MMDEEP_LABELS_S
100
AcDbVertex
100
AcDb2dVertex
 10
172.7822126115446
 20
-0.7780412946423425
 30
0.0
  0
VERTEX
  5
30D
330
2DD
100
AcDbEntity
  8
1_ANYTOOL_1MMDEEP_LABELS_S
100
AcDbVertex
100
AcDb2dVertex
 10
172.6443812778393
 20
-0.8390415736601593
 30
0.0
  0
VERTEX
  5
30E
330
2DD
100
AcDbEntity
  8
1_ANYTOOL_1MMDEEP_LABELS_S
100
AcDbVertex
100
AcDb2dVertex
 10
172.5078683035089
 20
-0.9023437499994031
 30
0.0
  0
VERTEX
  5
30F
330
2DD
100
AcDbEntity
  8
1_ANYTOOL_1MMDEEP_LABELS_S
100
AcDbVertex
100
AcDb2dVertex
 10
172.3726736885536
 20
-0.967947823660074
 30
0.0
  0
VERTEX
  5
310
330
2DD
100
AcDbEntity
  8
1_ANYTOOL_1MMDEEP_LABELS_S
100
AcDbVertex
100
AcDb2dVertex
 10
172.2387974329733
 20
-1.035853794642172
 30
0.0
  0
VERTEX
  5
311
330
2DD
100
AcDbEntity
  8
1_ANYTOOL_1MMDEEP_LABELS_S
100
AcDbVertex
100
AcDb2dVertex
 10
172.1062395367679
 20
-1.106061662945697
 30
0.0
  0
VERTEX
  5
312
330
2DD
100
AcDbEntity
  8
1_ANYTOOL_1MMDEEP_LABELS_S
100
AcDbVertex
100
AcDb2dVertex
 10
171.9749999999376
 20
-1.178571428570649
 30
0.0
  0
VERTEX
  5
313
330
2DD
100
AcDbEntity
  8
1_ANYTOOL_1MMDEEP_LABELS_S
100
AcDbVertex
100
AcDb2dVertex
 10
171.8450788224823
 20
-1.253383091517028
 30
0.0
  0
VERTEX
  5
314
330
2DD
100
AcDbEntity
  8
1_ANYTOOL_1MMDEEP_LABELS_S
100
AcDbVertex
100
AcDb2dVertex
 10
171.716476004402
 20
-1.330496651784834
 30
0.0
  0
VERTEX
  5
315
330
2DD
100
AcDbEntity
  8
1_ANYTOOL_1MMDEEP_LABELS_S
100
AcDbVertex
100
AcDb2dVertex
 10
171.5891915456966
 20
-1.409912109374067
 30
0.0
  0
VERTEX
  5
316
330
2DD
100
AcDbEntity
  8
1_ANYTOOL_1MMDEEP_LABELS_S
100
AcDbVertex
100
AcDb2dVertex
 10
171.4632254463663
 20
-1.491629464284728
 30
0.0
  0
VERTEX
  5
317
330
2DD
100
AcDbEntity
  8
1_ANYTOOL_1MMDEEP_LABELS_S
100
AcDbVertex
100
AcDb2dVertex
 10
171.3385777064109
 20
-1.575648716516815
 30
0.0
  0
VERTEX
  5
318
330
2DD
100
AcDbEntity
  8
1_ANYTOOL_1MMDEEP_LABELS_S
100
AcDbVertex
100
AcDb2dVertex
 10
171.2152483258306
 20
-1.661969866070329
 30
0.0
  0
VERTEX
  5
319
330
2DD
100
AcDbEntity
  8
1_ANYTOOL_1MMDEEP_LABELS_S
100
AcDbVertex
100
AcDb2dVertex
 10
170.972544642795
 20
-1.841517857141639
 30
0.0
  0
VERTEX
  5
31A
330
2DD
100
AcDbEntity
  8
1_ANYTOOL_1MMDEEP_LABELS_S
100
AcDbVertex
100
AcDb2dVertex
 10
170.7351143972593
 20
-2.030273437498657
 30
0.0
  0
VERTEX
  5
31B
330
2DD
100
AcDbEntity
  8
1_ANYTOOL_1MMDEEP_LABELS_S
100
AcDbVertex
100
AcDb2dVertex
 10
170.5029575892236
 20
-2.228236607141383
 30
0.0
  0
VERTEX
  5
31C
330
2DD
100
AcDbEntity
  8
1_ANYTOOL_1MMDEEP_LABELS_S
100
AcDbVertex
100
AcDb2dVertex
 10
170.276074218688
 20
-2.435407366069818
 30
0.0
  0
VERTEX
  5
31D
330
2DD
100
AcDbEntity
  8
1_ANYTOOL_1MMDEEP_LABELS_S
100
AcDbVertex
100
AcDb2dVertex
 10
170.0544642856523
 20
-2.65178571428396
 30
0.0
  0
VERTEX
  5
31E
330
2DD
100
AcDbEntity
  8
1_ANYTOOL_1MMDEEP_LABELS_S
100
AcDbVertex
100
AcDb2dVertex
 10
169.8381277901167
 20
-2.877371651783811
 30
0.0
  0
VERTEX
  5
31F
330
2DD
100
AcDbEntity
  8
1_ANYTOOL_1MMDEEP_LABELS_S
100
AcDbVertex
100
AcDb2dVertex
 10
169.627064732081
 20
-3.11216517856937
 30
0.0
  0
VERTEX
  5
320
330
2DD
100
AcDbEntity
  8
1_ANYTOOL_1MMDEEP_LABELS_S
100
AcDbVertex
100
AcDb2dVertex
 10
169.4212751115454
 20
-3.356166294640637
 30
0.0
  0
VERTEX
  5
321
330
2DD
100
AcDbEntity
  8
1_ANYTOOL_1MMDEEP_LABELS_S
100
AcDbVertex
100
AcDb2dVertex
 10
169.2207589285097
 20
-3.609374999997613
 30
0.0
  0
VERTEX
  5
322
330
2DD
100
AcDbEntity
  8
1_ANYTOOL_1MMDEEP_LABELS_S
100
AcDbVertex
100
AcDb2dVertex
 10
169.0255161829741
 20
-3.871791294640296
 30
0.0
  0
VERTEX
  5
323
330
2DD
100
AcDbEntity
  8
1_ANYTOOL_1MMDEEP_LABELS_S
100
AcDbVertex
100
AcDb2dVertex
 10
168.8355468749384
 20
-4.143415178568688
 30
0.0
  0
VERTEX
  5
324
330
2DD
100
AcDbEntity
  8
1_ANYTOOL_1MMDEEP_LABELS_S
100
AcDbVertex
100
AcDb2dVertex
 10
168.6508510044028
 20
-4.424246651782788
 30
0.0
  0
VERTEX
  5
325
330
2DD
100
AcDbEntity
  8
1_ANYTOOL_1MMDEEP_LABELS_S
100
AcDbVertex
100
AcDb2dVertex
 10
168.4714285713671
 20
-4.714285714282596
 30
0.0
  0
VERTEX
  5
326
330
2DD
100
AcDbEntity
  8
1_ANYTOOL_1MMDEEP_LABELS_S
100
AcDbVertex
100
AcDb2dVertex
 10
168.1340959820815
 20
-5.301897321426026
 30
0.0
  0
VERTEX
  5
327
330
2DD
100
AcDbEntity
  8
1_ANYTOOL_1MMDEEP_LABELS_S
100
AcDbVertex
100
AcDb2dVertex
 10
167.818526785653
 20
-5.896874999997976
 30
0.0
  0
VERTEX
  5
328
330
2DD
100
AcDbEntity
  8
1_ANYTOOL_1MMDEEP_LABELS_S
100
AcDbVertex
100
AcDb2dVertex
 10
167.5247209820816
 20
-6.499218749998448
 30
0.0
  0
VERTEX
  5
329
330
2DD
100
AcDbEntity
  8
1_ANYTOOL_1MMDEEP_LABELS_S
100
AcDbVertex
100
AcDb2dVertex
 10
167.2526785713674
 20
-7.108928571427441
 30
0.0
  0
VERTEX
  5
32A
330
2DD
100
AcDbEntity
  8
1_ANYTOOL_1MMDEEP_LABELS_S
100
AcDbVertex
100
AcDb2dVertex
 10
167.0023995535103
 20
-7.726004464284955
 30
0.0
  0
VERTEX
  5
32B
330
2DD
100
AcDbEntity
  8
1_ANYTOOL_1MMDEEP_LABELS_S
100
AcDbVertex
100
AcDb2dVertex
 10
166.7738839285103
 20
-8.35044642857099
 30
0.0
  0
VERTEX
  5
32C
330
2DD
100
AcDbEntity
  8
1_ANYTOOL_1MMDEEP_LABELS_S
100
AcDbVertex
100
AcDb2dVertex
 10
166.5671316963675
 20
-8.982254464285546
 30
0.0
  0
VERTEX
  5
32D
330
2DD
100
AcDbEntity
  8
1_ANYTOOL_1MMDEEP_LABELS_S
100
AcDbVertex
100
AcDb2dVertex
 10
166.3821428570818
 20
-9.621428571428623
 30
0.0
  0
VERTEX
  5
32E
330
2DD
100
AcDbEntity
  8
1_ANYTOOL_1MMDEEP_LABELS_S
100
AcDbVertex
100
AcDb2dVertex
 10
166.2189174106533
 20
-10.26796875000022
 30
0.0
  0
VERTEX
  5
32F
330
2DD
100
AcDbEntity
  8
1_ANYTOOL_1MMDEEP_LABELS_S
100
AcDbVertex
100
AcDb2dVertex
 10
166.0774553570819
 20
-10.92187500000034
 30
0.0
  0
VERTEX
  5
330
330
2DD
100
AcDbEntity
  8
1_ANYTOOL_1MMDEEP_LABELS_S
100
AcDbVertex
100
AcDb2dVertex
 10
165.9577566963676
 20
-11.58314732142898
 30
0.0
  0
VERTEX
  5
331
330
2DD
100
AcDbEntity
  8
1_ANYTOOL_1MMDEEP_LABELS_S
100
AcDbVertex
100
AcDb2dVertex
 10
165.8598214285105
 20
-12.25178571428614
 30
0.0
  0
VERTEX
  5
332
330
2DD
100
AcDbEntity
  8
1_ANYTOOL_1MMDEEP_LABELS_S
100
AcDbVertex
100
AcDb2dVertex
 10
165.7836495535105
 20
-12.92779017857183
 30
0.0
  0
VERTEX
  5
333
330
2DD
100
AcDbEntity
  8
1_ANYTOOL_1MMDEEP_LABELS_S
100
AcDbVertex
100
AcDb2dVertex
 10
165.7292410713677
 20
-13.61116071428603
 30
0.0
  0
VERTEX
  5
334
330
2DD
100
AcDbEntity
  8
1_ANYTOOL_1MMDEEP_LABELS_S
100
AcDbVertex
100
AcDb2dVertex
 10
165.6965959820819
 20
-14.30189732142875
 30
0.0
  0
VERTEX
  5
335
330
2DD
100
AcDbEntity
  8
1_ANYTOOL_1MMDEEP_LABELS_S
100
AcDbVertex
100
AcDb2dVertex
 10
165.6857142856534
 20
-15.0
 30
0.0
  0
VERTEX
  5
336
330
2DD
100
AcDbEntity
  8
1_ANYTOOL_1MMDEEP_LABELS_S
100
AcDbVertex
100
AcDb2dVertex
 10
165.6967633927962
 20
-15.69827008928553
 30
0.0
  0
VERTEX
  5
337
330
2DD
100
AcDbEntity
  8
1_ANYTOOL_1MMDEEP_LABELS_S
100
AcDbVertex
100
AcDb2dVertex
 10
165.7299107142248
 20
-16.3895089285711
 30
0.0
  0
VERTEX
  5
338
330
2DD
100
AcDbEntity
  8
1_ANYTOOL_1MMDEEP_LABELS_S
100
AcDbVertex
100
AcDb2dVertex
 10
165.7851562499391
 20
-17.07371651785672
 30
0.0
  0
VERTEX
  5
339
330
2DD
100
AcDbEntity
  8
1_ANYTOOL_1MMDEEP_LABELS_S
100
AcDbVertex
100
AcDb2dVertex
 10
165.862499999939
 20
-17.75089285714239
 30
0.0
  0
VERTEX
  5
33A
330
2DD
100
AcDbEntity
  8
1_ANYTOOL_1MMDEEP_LABELS_S
100
AcDbVertex
100
AcDb2dVertex
 10
165.9619419642247
 20
-18.4210379464281
 30
0.0
  0
VERTEX
  5
33B
330
2DD
100
AcDbEntity
  8
1_ANYTOOL_1MMDEEP_LABELS_S
100
AcDbVertex
100
AcDb2dVertex
 10
166.0834821427961
 20
-19.08415178571386
 30
0.0
  0
VERTEX
  5
33C
330
2DD
100
AcDbEntity
  8
1_ANYTOOL_1MMDEEP_LABELS_S
100
AcDbVertex
100
AcDb2dVertex
 10
166.2271205356532
 20
-19.74023437499966
 30
0.0
  0
VERTEX
  5
33D
330
2DD
100
AcDbEntity
  8
1_ANYTOOL_1MMDEEP_LABELS_S
100
AcDbVertex
100
AcDb2dVertex
 10
166.3928571427959
 20
-20.38928571428551
 30
0.0
  0
VERTEX
  5
33E
330
2DD
100
AcDbEntity
  8
1_ANYTOOL_1MMDEEP_LABELS_S
100
AcDbVertex
100
AcDb2dVertex
 10
166.5806919642245
 20
-21.0313058035714
 30
0.0
  0
VERTEX
  5
33F
330
2DD
100
AcDbEntity
  8
1_ANYTOOL_1MMDEEP_LABELS_S
100
AcDbVertex
100
AcDb2dVertex
 10
166.7906249999386
 20
-21.66629464285734
 30
0.0
  0
VERTEX
  5
340
330
2DD
100
AcDbEntity
  8
1_ANYTOOL_1MMDEEP_LABELS_S
100
AcDbVertex
100
AcDb2dVertex
 10
167.0226562499386
 20
-22.29425223214332
 30
0.0
  0
VERTEX
  5
341
330
2DD
100
AcDbEntity
  8
1_ANYTOOL_1MMDEEP_LABELS_S
100
AcDbVertex
100
AcDb2dVertex
 10
167.2767857142242
 20
-22.91517857142935
 30
0.0
  0
VERTEX
  5
342
330
2DD
100
AcDbEntity
  8
1_ANYTOOL_1MMDEEP_LABELS_S
100
AcDbVertex
100
AcDb2dVertex
 10
167.5530133927955
 20
-23.52907366071543
 30
0.0
  0
VERTEX
  5
343
330
2DD
100
AcDbEntity
  8
1_ANYTOOL_1MMDEEP_LABELS_S
100
AcDbVertex
100
AcDb2dVertex
 10
167.8513392856525
 20
-24.13593750000155
 30
0.0
  0
VERTEX
  5
344
330
2DD
100
AcDbEntity
  8
1_ANYTOOL_1MMDEEP_LABELS_S
100
AcDbVertex
100
AcDb2dVertex
 10
168.1717633927952
 20
-24.73577008928771
 30
0.0
  0
VERTEX
  5
345
330
2DD
100
AcDbEntity
  8
1_ANYTOOL_1MMDEEP_LABELS_S
100
AcDbVertex
100
AcDb2dVertex
 10
168.5142857142237
 20
-25.32857142857392
 30
0.0
  0
VERTEX
  5
346
330
2DD
100
AcDbEntity
  8
1_ANYTOOL_1MMDEEP_LABELS_S
100
AcDbVertex
100
AcDb2dVertex
 10
168.6965959820809
 20
-25.61597377232377
 30
0.0
  0
VERTEX
  5
347
330
2DD
100
AcDbEntity
  8
1_ANYTOOL_1MMDEEP_LABELS_S
100
AcDbVertex
100
AcDb2dVertex
 10
168.8845982142239
 20
-25.89425223214505
 30
0.0
  0
VERTEX
  5
348
330
2DD
100
AcDbEntity
  8
1_ANYTOOL_1MMDEEP_LABELS_S
100
AcDbVertex
100
AcDb2dVertex
 10
169.0782924106526
 20
-26.16340680803776
 30
0.0
  0
VERTEX
  5
349
330
2DD
100
AcDbEntity
  8
1_ANYTOOL_1MMDEEP_LABELS_S
100
AcDbVertex
100
AcDb2dVertex
 10
169.2776785713669
 20
-26.42343750000191
 30
0.0
  0
VERTEX
  5
34A
330
2DD
100
AcDbEntity
  8
1_ANYTOOL_1MMDEEP_LABELS_S
100
AcDbVertex
100
AcDb2dVertex
 10
169.4827566963671
 20
-26.67434430803749
 30
0.0
  0
VERTEX
  5
34B
330
2DD
100
AcDbEntity
  8
1_ANYTOOL_1MMDEEP_LABELS_S
100
AcDbVertex
100
AcDb2dVertex
 10
169.6935267856529
 20
-26.9161272321445
 30
0.0
  0
VERTEX
  5
34C
330
2DD
100
AcDbEntity
  8
1_ANYTOOL_1MMDEEP_LABELS_S
100
AcDbVertex
100
AcDb2dVertex
 10
169.9099888392244
 20
-27.14878627232295
 30
0.0
  0
VERTEX
  5
34D
330
2DD
100
AcDbEntity
  8
1_ANYTOOL_1MMDEEP_LABELS_S
100
AcDbVertex
100
AcDb2dVertex
 10
170.1321428570816
 20
-27.37232142857283
 30
0.0
  0
VERTEX
  5
34E
330
2DD
100
AcDbEntity
  8
1_ANYTOOL_1MMDEEP_LABELS_S
100
AcDbVertex
100
AcDb2dVertex
 10
170.3599888392245
 20
-27.58673270089415
 30
0.0
  0
VERTEX
  5
34F
330
2DD
100
AcDbEntity
  8
1_ANYTOOL_1MMDEEP_LABELS_S
100
AcDbVertex
100
AcDb2dVertex
 10
170.5935267856532
 20
-27.79202008928689
 30
0.0
  0
VERTEX
  5
350
330
2DD
100
AcDbEntity
  8
1_ANYTOOL_1MMDEEP_LABELS_S
100
AcDbVertex
100
AcDb2dVertex
 10
170.8327566963675
 20
-27.98818359375107
 30
0.0
  0
VERTEX
  5
351
330
2DD
100
AcDbEntity
  8
1_ANYTOOL_1MMDEEP_LABELS_S
100
AcDbVertex
100
AcDb2dVertex
 10
171.0776785713676
 20
-28.17522321428669
 30
0.0
  0
VERTEX
  5
352
330
2DD
100
AcDbEntity
  8
1_ANYTOOL_1MMDEEP_LABELS_S
100
AcDbVertex
100
AcDb2dVertex
 10
171.2022739954747
 20
-28.26532156808128
 30
0.0
  0
VERTEX
  5
353
330
2DD
100
AcDbEntity
  8
1_ANYTOOL_1MMDEEP_LABELS_S
100
AcDbVertex
100
AcDb2dVertex
 10
171.3282924106533
 20
-28.35313895089374
 30
0.0
  0
VERTEX
  5
354
330
2DD
100
AcDbEntity
  8
1_ANYTOOL_1MMDEEP_LABELS_S
100
AcDbVertex
100
AcDb2dVertex
 10
171.4557338169034
 20
-28.43867536272405
 30
0.0
  0
VERTEX
  5
355
330
2DD
100
AcDbEntity
  8
1_ANYTOOL_1MMDEEP_LABELS_S
100
AcDbVertex
100
AcDb2dVertex
 10
171.5845982142249
 20
-28.52193080357222
 30
0.0
  0
VERTEX
  5
356
330
2DD
100
AcDbEntity
  8
1_ANYTOOL_1MMDEEP_LABELS_S
100
AcDbVertex
100
AcDb2dVertex
 10
171.7148856026177
 20
-28.60290527343825
 30
0.0
  0
VERTEX
  5
357
330
2DD
100
AcDbEntity
  8
1_ANYTOOL_1MMDEEP_LABELS_S
100
AcDbVertex
100
AcDb2dVertex
 10
171.846595982082
 20
-28.68159877232213
 30
0.0
  0
VERTEX
  5
358
330
2DD
100
AcDbEntity
  8
1_ANYTOOL_1MMDEEP_LABELS_S
100
AcDbVertex
100
AcDb2dVertex
 10
171.9797293526178
 20
-28.75801130022388
 30
0.0
  0
VERTEX
  5
359
330
2DD
100
AcDbEntity
  8
1_ANYTOOL_1MMDEEP_LABELS_S
100
AcDbVertex
100
AcDb2dVertex
 10
172.1142857142249
 20
-28.83214285714348
 30
0.0
  0
VERTEX
  5
35A
330
2DD
100
AcDbEntity
  8
1_ANYTOOL_1MMDEEP_LABELS_S
100
AcDbVertex
100
AcDb2dVertex
 10
172.3876674106535
 20
-28.97356305803626
 30
0.0
  0
VERTEX
  5
35B
330
2DD
100
AcDbEntity
  8
1_ANYTOOL_1MMDEEP_LABELS_S
100
AcDbVertex
100
AcDb2dVertex
 10
172.6667410713679
 20
-29.10585937500048
 30
0.0
  0
VERTEX
  5
35C
330
2DD
100
AcDbEntity
  8
1_ANYTOOL_1MMDEEP_LABELS_S
100
AcDbVertex
100
AcDb2dVertex
 10
172.9515066963679
 20
-29.22903180803613
 30
0.0
  0
VERTEX
  5
35D
330
2DD
100
AcDbEntity
  8
1_ANYTOOL_1MMDEEP_LABELS_S
100
AcDbVertex
100
AcDb2dVertex
 10
173.2419642856536
 20
-29.34308035714321
 30
0.0
  0
VERTEX
  5
35E
330
2DD
100
AcDbEntity
  8
1_ANYTOOL_1MMDEEP_LABELS_S
100
AcDbVertex
100
AcDb2dVertex
 10
173.5381138392251
 20
-29.44800502232172
 30
0.0
  0
VERTEX
  5
35F
330
2DD
100
AcDbEntity
  8
1_ANYTOOL_1MMDEEP_LABELS_S
100
AcDbVertex
100
AcDb2dVertex
 10
173.8399553570823
 20
-29.54380580357167
 30
0.0
  0
VERTEX
  5
360
330
2DD
100
AcDbEntity
  8
1_ANYTOOL_1MMDEEP_LABELS_S
100
AcDbVertex
100
AcDb2dVertex
 10
174.1474888392251
 20
-29.63048270089305
 30
0.0
  0
VERTEX
  5
361
330
2DD
100
AcDbEntity
  8
1_ANYTOOL_1MMDEEP_LABELS_S
100
AcDbVertex
100
AcDb2dVertex
 10
174.4607142856537
 20
-29.70803571428587
 30
0.0
  0
VERTEX
  5
362
330
2DD
100
AcDbEntity
  8
1_ANYTOOL_1MMDEEP_LABELS_S
100
AcDbVertex
100
AcDb2dVertex
 10
174.779631696368
 20
-29.77646484375012
 30
0.0
  0
VERTEX
  5
363
330
2DD
100
AcDbEntity
  8
1_ANYTOOL_1MMDEEP_LABELS_S
100
AcDbVertex
100
AcDb2dVertex
 10
175.104241071368
 20
-29.8357700892858
 30
0.0
  0
VERTEX
  5
364
330
2DD
100
AcDbEntity
  8
1_ANYTOOL_1MMDEEP_LABELS_S
100
AcDbVertex
100
AcDb2dVertex
 10
175.4345424106537
 20
-29.88595145089292
 30
0.0
  0
VERTEX
  5
365
330
2DD
100
AcDbEntity
  8
1_ANYTOOL_1MMDEEP_LABELS_S
100
AcDbVertex
100
AcDb2dVertex
 10
175.7705357142251
 20
-29.92700892857147
 30
0.0
  0
VERTEX
  5
366
330
2DD
100
AcDbEntity
  8
1_ANYTOOL_1MMDEEP_LABELS_S
100
AcDbVertex
100
AcDb2dVertex
 10
176.1122209820822
 20
-29.95894252232145
 30
0.0
  0
VERTEX
  5
367
330
2DD
100
AcDbEntity
  8
1_ANYTOOL_1MMDEEP_LABELS_S
100
AcDbVertex
100
AcDb2dVertex
 10
176.4595982142251
 20
-29.98175223214287
 30
0.0
  0
VERTEX
  5
368
330
2DD
100
AcDbEntity
  8
1_ANYTOOL_1MMDEEP_LABELS_S
100
AcDbVertex
100
AcDb2dVertex
 10
176.8126674106536
 20
-29.99543805803572
 30
0.0
  0
VERTEX
  5
369
330
2DD
100
AcDbEntity
  8
1_ANYTOOL_1MMDEEP_LABELS_S
100
AcDbVertex
100
AcDb2dVertex
 10
177.1714285713679
 20
-30.0
 30
0.0
  0
VERTEX
  5
36A
330
2DD
100
AcDbEntity
  8
1_ANYTOOL_1MMDEEP_LABELS_S
100
AcDbVertex
100
AcDb2dVertex
 10
177.5534598213677
 20
-29.99363839285715
 30
0.0
  0
VERTEX
  5
36B
330
2DD
100
AcDbEntity
  8
1_ANYTOOL_1MMDEEP_LABELS_S
100
AcDbVertex
100
AcDb2dVertex
 10
177.928124999939
 20
-29.9745535714286
 30
0.0
  0
VERTEX
  5
36C
330
2DD
100
AcDbEntity
  8
1_ANYTOOL_1MMDEEP_LABELS_S
100
AcDbVertex
100
AcDb2dVertex
 10
178.112695312439
 20
-29.96023995535719
 30
0.0
  0
VERTEX
  5
36D
330
2DD
100
AcDbEntity
  8
1_ANYTOOL_1MMDEEP_LABELS_S
100
AcDbVertex
100
AcDb2dVertex
 10
178.2954241070818
 20
-29.94274553571435
 30
0.0
  0
VERTEX
  5
36E
330
2DD
100
AcDbEntity
  8
1_ANYTOOL_1MMDEEP_LABELS_S
100
AcDbVertex
100
AcDb2dVertex
 10
178.4763113838675
 20
-29.92207031250009
 30
0.0
  0
VERTEX
  5
36F
330
2DD
100
AcDbEntity
  8
1_ANYTOOL_1MMDEEP_LABELS_S
100
AcDbVertex
100
AcDb2dVertex
 10
178.655357142796
 20
-29.8982142857144
 30
0.0
  0
VERTEX
  5
370
330
2DD
100
AcDbEntity
  8
1_ANYTOOL_1MMDEEP_LABELS_S
100
AcDbVertex
100
AcDb2dVertex
 10
178.8325613838674
 20
-29.87117745535729
 30
0.0
  0
VERTEX
  5
371
330
2DD
100
AcDbEntity
  8
1_ANYTOOL_1MMDEEP_LABELS_S
100
AcDbVertex
100
AcDb2dVertex
 10
179.0079241070816
 20
-29.84095982142875
 30
0.0
  0
VERTEX
  5
372
330
2DD
100
AcDbEntity
  8
1_ANYTOOL_1MMDEEP_LABELS_S
100
AcDbVertex
100
AcDb2dVertex
 10
179.1814453124388
 20
-29.80756138392879
 30
0.0
  0
VERTEX
  5
373
330
2DD
100
AcDbEntity
  8
1_ANYTOOL_1MMDEEP_LABELS_S
100
AcDbVertex
100
AcDb2dVertex
 10
179.3531249999388
 20
-29.77098214285741
 30
0.0
  0
VERTEX
  5
374
330
2DD
100
AcDbEntity
  8
1_ANYTOOL_1MMDEEP_LABELS_S
100
AcDbVertex
100
AcDb2dVertex
 10
179.5229631695816
 20
-29.73122209821459
 30
0.0
  0
VERTEX
  5
375
330
2DD
100
AcDbEntity
  8
1_ANYTOOL_1MMDEEP_LABELS_S
100
AcDbVertex
100
AcDb2dVertex
 10
179.6909598213673
 20
-29.68828125000036
 30
0.0
  0
VERTEX
  5
376
330
2DD
100
AcDbEntity
  8
1_ANYTOOL_1MMDEEP_LABELS_S
100
AcDbVertex
100
AcDb2dVertex
 10
179.8571149552959
 20
-29.6421595982147
 30
0.0
  0
VERTEX
  5
377
330
2DD
100
AcDbEntity
  8
1_ANYTOOL_1MMDEEP_LABELS_S
100
AcDbVertex
100
AcDb2dVertex
 10
180.0214285713673
 20
-29.59285714285761
 30
0.0
  0
VERTEX
  5
378
330
2DD
100
AcDbEntity
  8
1_ANYTOOL_1MMDEEP_LABELS_S
100
AcDbVertex
100
AcDb2dVertex
 10
180.1839006695816
 20
-29.5403738839291
 30
0.0
  0
VERTEX
  5
379
330
2DD
100
AcDbEntity
  8
1_ANYTOOL_1MMDEEP_LABELS_S
100
AcDbVertex
100
AcDb2dVertex
 10
180.3445312499388
 20
-29.48470982142916
 30
0.0
  0
VERTEX
  5
37A
330
2DD
100
AcDbEntity
  8
1_ANYTOOL_1MMDEEP_LABELS_S
100
AcDbVertex
100
AcDb2dVertex
 10
180.5033203124388
 20
-29.4258649553578
 30
0.0
  0
VERTEX
  5
37B
330
2DD
100
AcDbEntity
  8
1_ANYTOOL_1MMDEEP_LABELS_S
100
AcDbVertex
100
AcDb2dVertex
 10
180.6602678570817
 20
-29.36383928571502
 30
0.0
  0
VERTEX
  5
37C
330
2DD
100
AcDbEntity
  8
1_ANYTOOL_1MMDEEP_LABELS_S
100
AcDbVertex
100
AcDb2dVertex
 10
180.8153738838674
 20
-29.29863281250081
 30
0.0
  0
VERTEX
  5
37D
330
2DD
100
AcDbEntity
  8
1_ANYTOOL_1MMDEEP_LABELS_S
100
AcDbVertex
100
AcDb2dVertex
 10
180.968638392796
 20
-29.23024553571517
 30
0.0
  0
VERTEX
  5
37E
330
2DD
100
AcDbEntity
  8
1_ANYTOOL_1MMDEEP_LABELS_S
100
AcDbVertex
100
AcDb2dVertex
 10
181.1200613838675
 20
-29.15867745535811
 30
0.0
  0
VERTEX
  5
37F
330
2DD
100
AcDbEntity
  8
1_ANYTOOL_1MMDEEP_LABELS_S
100
AcDbVertex
100
AcDb2dVertex
 10
181.2696428570819
 20
-29.08392857142962
 30
0.0
  0
VERTEX
  5
380
330
2DD
100
AcDbEntity
  8
1_ANYTOOL_1MMDEEP_LABELS_S
100
AcDbVertex
100
AcDb2dVertex
 10
181.4173828124391
 20
-29.00599888392971
 30
0.0
  0
VERTEX
  5
381
330
2DD
100
AcDbEntity
  8
1_ANYTOOL_1MMDEEP_LABELS_S
100
AcDbVertex
100
AcDb2dVertex
 10
181.5632812499391
 20
-28.92488839285838
 30
0.0
  0
VERTEX
  5
382
330
2DD
100
AcDbEntity
  8
1_ANYTOOL_1MMDEEP_LABELS_S
100
AcDbVertex
100
AcDb2dVertex
 10
181.707338169582
 20
-28.84059709821562
 30
0.0
  0
VERTEX
  5
383
330
2DD
100
AcDbEntity
  8
1_ANYTOOL_1MMDEEP_LABELS_S
100
AcDbVertex
100
AcDb2dVertex
 10
181.8495535713678
 20
-28.75312500000143
 30
0.0
  0
VERTEX
  5
384
330
2DD
100
AcDbEntity
  8
1_ANYTOOL_1MMDEEP_LABELS_S
100
AcDbVertex
100
AcDb2dVertex
 10
181.9899274552965
 20
-28.66247209821582
 30
0.0
  0
VERTEX
  5
385
330
2DD
100
AcDbEntity
  8
1_ANYTOOL_1MMDEEP_LABELS_S
100
AcDbVertex
100
AcDb2dVertex
 10
182.128459821368
 20
-28.56863839285879
 30
0.0
  0
VERTEX
  5
386
330
2DD
100
AcDbEntity
  8
1_ANYTOOL_1MMDEEP_LABELS_S
100
AcDbVertex
100
AcDb2dVertex
 10
182.2651506695824
 20
-28.47162388393033
 30
0.0
  0
VERTEX
  5
387
330
2DD
100
AcDbEntity
  8
1_ANYTOOL_1MMDEEP_LABELS_S
100
AcDbVertex
100
AcDb2dVertex
 10
182.3999999999396
 20
-28.37142857143044
 30
0.0
  0
VERTEX
  5
388
330
2DD
100
AcDbEntity
  8
1_ANYTOOL_1MMDEEP_LABELS_S
100
AcDbVertex
100
AcDb2dVertex
 10
182.6651785713679
 20
-28.16417410714408
 30
0.0
  0
VERTEX
  5
389
330
2DD
100
AcDbEntity
  8
1_ANYTOOL_1MMDEEP_LABELS_S
100
AcDbVertex
100
AcDb2dVertex
 10
182.9249999999391
 20
-27.94955357142919
 30
0.0
  0
VERTEX
  5
38A
330
2DD
100
AcDbEntity
  8
1_ANYTOOL_1MMDEEP_LABELS_S
100
AcDbVertex
100
AcDb2dVertex
 10
183.1794642856532
 20
-27.72756696428578
 30
0.0
  0
VERTEX
  5
38B
330
2DD
100
AcDbEntity
  8
1_ANYTOOL_1MMDEEP_LABELS_S
100
AcDbVertex
100
AcDb2dVertex
 10
183.4285714285102
 20
-27.49821428571386
 30
0.0
  0
VERTEX
  5
38C
330
2DD
100
AcDbEntity
  8
1_ANYTOOL_1MMDEEP_LABELS_S
100
AcDbVertex
100
AcDb2dVertex
 10
183.67232142851
 20
-27.26149553571341
 30
0.0
  0
VERTEX
  5
38D
330
2DD
100
AcDbEntity
  8
1_ANYTOOL_1MMDEEP_LABELS_S
100
AcDbVertex
100
AcDb2dVertex
 10
183.9107142856527
 20
-27.01741071428444
 30
0.0
  0
VERTEX
  5
38E
330
2DD
100
AcDbEntity
  8
1_ANYTOOL_1MMDEEP_LABELS_S
100
AcDbVertex
100
AcDb2dVertex
 10
184.1437499999383
 20
-26.76595982142695
 30
0.0
  0
VERTEX
  5
38F
330
2DD
100
AcDbEntity
  8
1_ANYTOOL_1MMDEEP_LABELS_S
100
AcDbVertex
100
AcDb2dVertex
 10
184.3714285713668
 20
-26.50714285714093
 30
0.0
  0
VERTEX
  5
390
330
2DD
100
AcDbEntity
  8
1_ANYTOOL_1MMDEEP_LABELS_S
100
AcDbVertex
100
AcDb2dVertex
 10
184.5937499999381
 20
-26.2409598214264
 30
0.0
  0
VERTEX
  5
391
330
2DD
100
AcDbEntity
  8
1_ANYTOOL_1MMDEEP_LABELS_S
100
AcDbVertex
100
AcDb2dVertex
 10
184.8107142856524
 20
-25.96741071428335
 30
0.0
  0
VERTEX
  5
392
330
2DD
100
AcDbEntity
  8
1_ANYTOOL_1MMDEEP_LABELS_S
100
AcDbVertex
100
AcDb2dVertex
 10
185.0223214285095
 20
-25.68649553571177
 30
0.0
  0
VERTEX
  5
393
330
2DD
100
AcDbEntity
  8
1_ANYTOOL_1MMDEEP_LABELS_S
100
AcDbVertex
100
AcDb2dVertex
 10
185.2285714285094
 20
-25.39821428571167
 30
0.0
  0
VERTEX
  5
394
330
2DD
100
AcDbEntity
  8
1_ANYTOOL_1MMDEEP_LABELS_S
100
AcDbVertex
100
AcDb2dVertex
 10
185.4294642856523
 20
-25.10256696428306
 30
0.0
  0
VERTEX
  5
395
330
2DD
100
AcDbEntity
  8
1_ANYTOOL_1MMDEEP_LABELS_S
100
AcDbVertex
100
AcDb2dVertex
 10
185.624999999938
 20
-24.79955357142592
 30
0.0
  0
VERTEX
  5
396
330
2DD
100
AcDbEntity
  8
1_ANYTOOL_1MMDEEP_LABELS_S
100
AcDbVertex
100
AcDb2dVertex
 10
185.8151785713667
 20
-24.48917410714026
 30
0.0
  0
VERTEX
  5
397
330
2DD
100
AcDbEntity
  8
1_ANYTOOL_1MMDEEP_LABELS_S
100
AcDbVertex
100
AcDb2dVertex
 10
185.9999999999382
 20
-24.17142857142608
 30
0.0
  0
SEQEND
  5
398
330
2DD
100
AcDbEntity
  8
1_ANYTOOL_1MMDEEP_LABELS_S
  0
POLYLINE
  5
39A
330
1F
100
AcDbEntity
  8
3_ANYTOOL_CUTTHROUGH_INSID
100
AcDb2dPolyline
 66
     1
 10
0.0
 20
0.0
 30
0.0000000018650432
 70
     1
  0
VERTEX
  5
39B
330
39A
100
AcDbEntity
  8
3_ANYTOOL_CUTTHROUGH_INSID
100
AcDbVertex
100
AcDb2dVertex
 10
-506.299435500785
 20
84.0351967361421
 30
0.0000000018650432
  0
VERTEX
  5
39C
330
39A
100
AcDbEntity
  8
3_ANYTOOL_CUTTHROUGH_INSID
100
AcDbVertex
100
AcDb2dVertex
 10
-456.2994355007813
 20
84.03519673612755
 30
0.0000000018650432
 42
-0.9999999999911923
  0
VERTEX
  5
39D
330
39A
100
AcDbEntity
  8
3_ANYTOOL_CUTTHROUGH_INSID
100
AcDbVertex
100
AcDb2dVertex
 10
-456.299435500785
 20
74.5351967361421
 30
0.0000000018650432
  0
VERTEX
  5
39E
330
39A
100
AcDbEntity
  8
3_ANYTOOL_CUTTHROUGH_INSID
100
AcDbVertex
100
AcDb2dVertex
 10
-506.2994355007795
 20
74.53519673613482
 30
0.0000000018650432
 42
-1.000000000017448
  0
SEQEND
  5
39F
330
39A
100
AcDbEntity
  8
3_ANYTOOL_CUTTHROUGH_INSID
  0
POLYLINE
  5
3A0
330
1F
100
AcDbEntity
  8
3_ANYTOOL_CUTTHROUGH_INSID
100
AcDb2dPolyline
 66
     1
 10
0.0
 20
0.0
 30
0.000000001745299
 70
     1
  0
VERTEX
  5
3A1
330
3A0
100
AcDbEntity
  8
3_ANYTOOL_CUTTHROUGH_INSID
100
AcDbVertex
100
AcDb2dVertex
 10
-490.5494355012524
 20
-13.00905644457816
 30
0.000000001745299
  0
VERTEX
  5
3A2
330
3A0
100
AcDbEntity
  8
3_ANYTOOL_CUTTHROUGH_INSID
100
AcDbVertex
100
AcDb2dVertex
 10
-490.5494355012524
 20
12.49094355539273
 30
0.000000001745299
  0
VERTEX
  5
3A3
330
3A0
100
AcDbEntity
  8
3_ANYTOOL_CUTTHROUGH_INSID
100
AcDbVertex
100
AcDb2dVertex
 10
-496.5494355012524
 20
12.49094355540728
 30
0.000000001745299
  0
VERTEX
  5
3A4
330
3A0
100
AcDbEntity
  8
3_ANYTOOL_CUTTHROUGH_INSID
100
AcDbVertex
100
AcDb2dVertex
 10
-496.5494355012524
 20
24.99094355539273
 30
0.000000001745299
  0
VERTEX
  5
3A5
330
3A0
100
AcDbEntity
  8
3_ANYTOOL_CUTTHROUGH_INSID
100
AcDbVertex
100
AcDb2dVertex
 10
-466.0494355012524
 20
24.99094355539273
 30
0.000000001745299
  0
VERTEX
  5
3A6
330
3A0
100
AcDbEntity
  8
3_ANYTOOL_CUTTHROUGH_INSID
100
AcDbVertex
100
AcDb2dVertex
 10
-466.0494355012524
 20
12.49094355540728
 30
0.000000001745299
  0
VERTEX
  5
3A7
330
3A0
100
AcDbEntity
  8
3_ANYTOOL_CUTTHROUGH_INSID
100
AcDbVertex
100
AcDb2dVertex
 10
-472.0494355012524
 20
12.49094355540728
 30
0.000000001745299
  0
VERTEX
  5
3A8
330
3A0
100
AcDbEntity
  8
3_ANYTOOL_CUTTHROUGH_INSID
100
AcDbVertex
100
AcDb2dVertex
 10
-472.0494355012452
 20
-13.00905644460727
 30
0.000000001745299
  0
VERTEX
  5
3A9
330
3A0
100
AcDbEntity
  8
3_ANYTOOL_CUTTHROUGH_INSID
100
AcDbVertex
100
AcDb2dVertex
 10
-466.0494355012452
 20
-13.00905644457816
 30
0.000000001745299
  0
VERTEX
  5
3AA
330
3A0
100
AcDbEntity
  8
3_ANYTOOL_CUTTHROUGH_INSID
100
AcDbVertex
100
AcDb2dVertex
 10
-466.0494355012379
 20
-25.50905644457089
 30
0.000000001745299
  0
VERTEX
  5
3AB
330
3A0
100
AcDbEntity
  8
3_ANYTOOL_CUTTHROUGH_INSID
100
AcDbVertex
100
AcDb2dVertex
 10
-496.5494355012379
 20
-25.50905644457089
 30
0.000000001745299
  0
VERTEX
  5
3AC
330
3A0
100
AcDbEntity
  8
3_ANYTOOL_CUTTHROUGH_INSID
100
AcDbVertex
100
AcDb2dVertex
 10
-496.5494355012452
 20
-13.00905644457816
 30
0.000000001745299
  0
SEQEND
  5
3AD
330
3A0
100
AcDbEntity
  8
3_ANYTOOL_CUTTHROUGH_INSID
  0
POLYLINE
  5
3AE
330
1F
100
AcDbEntity
  8
3_ANYTOOL_CUTTHROUGH_INSID
100
AcDb2dPolyline
 66
     1
 10
0.0
 20
0.0
 30
0.0000000014617285
 70
     1
  0
VERTEX
  5
3AF
330
3AE
100
AcDbEntity
  8
3_ANYTOOL_CUTTHROUGH_INSID
100
AcDbVertex
100
AcDb2dVertex
 10
-31.04943549968084
 20
-43.50905644595332
 30
0.0000000014617285
  0
VERTEX
  5
3B0
330
3AE
100
AcDbEntity
  8
3_ANYTOOL_CUTTHROUGH_INSID
100
AcDbVertex
100
AcDb2dVertex
 10
-43.54943549968084
 20
-43.5090564459606
 30
0.0000000014617285
  0
VERTEX
  5
3B1
330
3AE
100
AcDbEntity
  8
3_ANYTOOL_CUTTHROUGH_INSID
100
AcDbVertex
100
AcDb2dVertex
 10
-43.54943549968084
 20
-37.5090564459606
 30
0.0000000014617285
  0
VERTEX
  5
3B2
330
3AE
100
AcDbEntity
  8
3_ANYTOOL_CUTTHROUGH_INSID
100
AcDbVertex
100
AcDb2dVertex
 10
-55.54943549976088
 20
-37.5090564459606
 30
0.0000000014617285
  0
VERTEX
  5
3B3
330
3AE
100
AcDbEntity
  8
3_ANYTOOL_CUTTHROUGH_INSID
100
AcDbVertex
100
AcDb2dVertex
 10
-55.54943549976088
 20
-25.0090564459606
 30
0.0000000014617285
  0
VERTEX
  5
3B4
330
3AE
100
AcDbEntity
  8
3_ANYTOOL_CUTTHROUGH_INSID
100
AcDbVertex
100
AcDb2dVertex
 10
-49.54943549976088
 20
-25.0090564459606
 30
0.0000000014617285
  0
VERTEX
  5
3B5
330
3AE
100
AcDbEntity
  8
3_ANYTOOL_CUTTHROUGH_INSID
100
AcDbVertex
100
AcDb2dVertex
 10
-49.54943549976088
 20
24.4909435539812
 30
0.0000000014617285
  0
VERTEX
  5
3B6
330
3AE
100
AcDbEntity
  8
3_ANYTOOL_CUTTHROUGH_INSID
100
AcDbVertex
100
AcDb2dVertex
 10
-55.54943549976088
 20
24.4909435539812
 30
0.0000000014617285
  0
VERTEX
  5
3B7
330
3AE
100
AcDbEntity
  8
3_ANYTOOL_CUTTHROUGH_INSID
100
AcDbVertex
100
AcDb2dVertex
 10
-55.54943549976088
 20
36.9909435539812
 30
0.0000000014617285
  0
VERTEX
  5
3B8
330
3AE
100
AcDbEntity
  8
3_ANYTOOL_CUTTHROUGH_INSID
100
AcDbVertex
100
AcDb2dVertex
 10
-43.54943549967356
 20
36.9909435539812
 30
0.0000000014617285
  0
VERTEX
  5
3B9
330
3AE
100
AcDbEntity
  8
3_ANYTOOL_CUTTHROUGH_INSID
100
AcDbVertex
100
AcDb2dVertex
 10
-43.54943549967356
 20
42.9909435539812
 30
0.0000000014617285
  0
VERTEX
  5
3BA
330
3AE
100
AcDbEntity
  8
3_ANYTOOL_CUTTHROUGH_INSID
100
AcDbVertex
100
AcDb2dVertex
 10
-31.04943549967356
 20
42.99094355399575
 30
0.0000000014617285
  0
SEQEND
  5
3BB
330
3AE
100
AcDbEntity
  8
3_ANYTOOL_CUTTHROUGH_INSID
  0
POLYLINE
  5
3BC
330
1F
100
AcDbEntity
  8
3_ANYTOOL_CUTTHROUGH_INSID
100
AcDb2dPolyline
 66
     1
 10
0.0
 20
0.0
 30
0.0000000014481749
 70
     1
  0
VERTEX
  5
3BD
330
3BC
100
AcDbEntity
  8
3_ANYTOOL_CUTTHROUGH_INSID
100
AcDbVertex
100
AcDb2dVertex
 10
-1016.299435499521
 20
84.03519673576375
 30
0.0000000014481749
  0
VERTEX
  5
3BE
330
3BC
100
AcDbEntity
  8
3_ANYTOOL_CUTTHROUGH_INSID
100
AcDbVertex
100
AcDb2dVertex
 10
-1042.039784410057
 20
84.03519673574918
 30
0.0000000014481749
  0
VERTEX
  5
3BF
330
3BC
100
AcDbEntity
  8
3_ANYTOOL_CUTTHROUGH_INSID
100
AcDbVertex
100
AcDb2dVertex
 10
-1042.137574188746
 20
84.03386088148878
 30
0.0000000014481749
  0
VERTEX
  5
3C0
330
3BC
100
AcDbEntity
  8
3_ANYTOOL_CUTTHROUGH_INSID
100
AcDbVertex
100
AcDb2dVertex
 10
-1042.23529277048
 20
84.02985552802255
 30
0.0000000014481749
  0
VERTEX
  5
3C1
330
3BC
100
AcDbEntity
  8
3_ANYTOOL_CUTTHROUGH_INSID
100
AcDbVertex
100
AcDb2dVertex
 10
-1042.332866010468
 20
84.02318398933129
 30
0.0000000014481749
  0
VERTEX
  5
3C2
330
3BC
100
AcDbEntity
  8
3_ANYTOOL_CUTTHROUGH_INSID
100
AcDbVertex
100
AcDb2dVertex
 10
-1042.430219763924
 20
84.01384957939571
 30
0.0000000014481749
  0
VERTEX
  5
3C3
330
3BC
100
AcDbEntity
  8
3_ANYTOOL_CUTTHROUGH_INSID
100
AcDbVertex
100
AcDb2dVertex
 10
-1042.527279886059
 20
84.0018556121966
 30
0.0000000014481749
  0
VERTEX
  5
3C4
330
3BC
100
AcDbEntity
  8
3_ANYTOOL_CUTTHROUGH_INSID
100
AcDbVertex
100
AcDb2dVertex
 10
-1042.623972232085
 20
83.9872054017147
 30
0.0000000014481749
  0
VERTEX
  5
3C5
330
3BC
100
AcDbEntity
  8
3_ANYTOOL_CUTTHROUGH_INSID
100
AcDbVertex
100
AcDb2dVertex
 10
-1042.720222657213
 20
83.96990226193078
 30
0.0000000014481749
  0
VERTEX
  5
3C6
330
3BC
100
AcDbEntity
  8
3_ANYTOOL_CUTTHROUGH_INSID
100
AcDbVertex
100
AcDb2dVertex
 10
-1042.815957016655
 20
83.94994950682558
 30
0.0000000014481749
  0
VERTEX
  5
3C7
330
3BC
100
AcDbEntity
  8
3_ANYTOOL_CUTTHROUGH_INSID
100
AcDbVertex
100
AcDb2dVertex
 10
-1042.915792709987
 20
83.92616967067053
 30
0.0000000014481749
  0
VERTEX
  5
3C8
330
3BC
100
AcDbEntity
  8
3_ANYTOOL_CUTTHROUGH_INSID
100
AcDbVertex
100
AcDb2dVertex
 10
-1043.014901948821
 20
83.89951383021705
 30
0.0000000014481749
  0
VERTEX
  5
3C9
330
3BC
100
AcDbEntity
  8
3_ANYTOOL_CUTTHROUGH_INSID
100
AcDbVertex
100
AcDb2dVertex
 10
-1043.113208327006
 20
83.87002057501584
 30
0.0000000014481749
  0
VERTEX
  5
3CA
330
3BC
100
AcDbEntity
  8
3_ANYTOOL_CUTTHROUGH_INSID
100
AcDbVertex
100
AcDb2dVertex
 10
-1043.210635438392
 20
83.83772849461755
 30
0.0000000014481749
  0
VERTEX
  5
3CB
330
3BC
100
AcDbEntity
  8
3_ANYTOOL_CUTTHROUGH_INSID
100
AcDbVertex
100
AcDb2dVertex
 10
-1043.307106876831
 20
83.80267617857285
 30
0.0000000014481749
  0
VERTEX
  5
3CC
330
3BC
100
AcDbEntity
  8
3_ANYTOOL_CUTTHROUGH_INSID
100
AcDbVertex
100
AcDb2dVertex
 10
-1043.402546236172
 20
83.76490221643246
 30
0.0000000014481749
  0
VERTEX
  5
3CD
330
3BC
100
AcDbEntity
  8
3_ANYTOOL_CUTTHROUGH_INSID
100
AcDbVertex
100
AcDb2dVertex
 10
-1043.496877110265
 20
83.724445197747
 30
0.0000000014481749
  0
VERTEX
  5
3CE
330
3BC
100
AcDbEntity
  8
3_ANYTOOL_CUTTHROUGH_INSID
100
AcDbVertex
100
AcDb2dVertex
 10
-1043.590023092961
 20
83.68134371206719
 30
0.0000000014481749
  0
VERTEX
  5
3CF
330
3BC
100
AcDbEntity
  8
3_ANYTOOL_CUTTHROUGH_INSID
100
AcDbVertex
100
AcDb2dVertex
 10
-1043.6859828198
 20
83.63354068679331
 30
0.0000000014481749
  0
VERTEX
  5
3D0
330
3BC
100
AcDbEntity
  8
3_ANYTOOL_CUTTHROUGH_INSID
100
AcDbVertex
100
AcDb2dVertex
 10
-1043.780508159991
 20
83.58296430096996
 30
0.0000000014481749
  0
VERTEX
  5
3D1
330
3BC
100
AcDbEntity
  8
3_ANYTOOL_CUTTHROUGH_INSID
100
AcDbVertex
100
AcDb2dVertex
 10
-1043.87354111995
 20
83.52968486218306
 30
0.0000000014481749
  0
VERTEX
  5
3D2
330
3BC
100
AcDbEntity
  8
3_ANYTOOL_CUTTHROUGH_INSID
100
AcDbVertex
100
AcDb2dVertex
 10
-1043.965023706094
 20
83.47377267801849
 30
0.0000000014481749
  0
VERTEX
  5
3D3
330
3BC
100
AcDbEntity
  8
3_ANYTOOL_CUTTHROUGH_INSID
100
AcDbVertex
100
AcDb2dVertex
 10
-1044.054897924842
 20
83.41529805606216
 30
0.0000000014481749
  0
VERTEX
  5
3D4
330
3BC
100
AcDbEntity
  8
3_ANYTOOL_CUTTHROUGH_INSID
100
AcDbVertex
100
AcDb2dVertex
 10
-1044.143105782608
 20
83.35433130389995
 30
0.0000000014481749
  0
VERTEX
  5
3D5
330
3BC
100
AcDbEntity
  8
3_ANYTOOL_CUTTHROUGH_INSID
100
AcDbVertex
100
AcDb2dVertex
 10
-1044.229589285811
 20
83.29094272911779
 30
0.0000000014481749
  0
VERTEX
  5
3D6
330
3BC
100
AcDbEntity
  8
3_ANYTOOL_CUTTHROUGH_INSID
100
AcDbVertex
100
AcDb2dVertex
 10
-1044.314290440868
 20
83.22520263930154
 30
0.0000000014481749
  0
VERTEX
  5
3D7
330
3BC
100
AcDbEntity
  8
3_ANYTOOL_CUTTHROUGH_INSID
100
AcDbVertex
100
AcDb2dVertex
 10
-1044.400091629396
 20
83.15470312441538
 30
0.0000000014481749
  0
VERTEX
  5
3D8
330
3BC
100
AcDbEntity
  8
3_ANYTOOL_CUTTHROUGH_INSID
100
AcDbVertex
100
AcDb2dVertex
 10
-1044.483888352518
 20
83.0818396802031
 30
0.0000000014481749
  0
VERTEX
  5
3D9
330
3BC
100
AcDbEntity
  8
3_ANYTOOL_CUTTHROUGH_INSID
100
AcDbVertex
100
AcDb2dVertex
 10
-1044.565650755391
 20
83.00669601858996
 30
0.0000000014481749
  0
VERTEX
  5
3DA
330
3BC
100
AcDbEntity
  8
3_ANYTOOL_CUTTHROUGH_INSID
100
AcDbVertex
100
AcDb2dVertex
 10
-1044.645348983177
 20
82.92935585150119
 30
0.0000000014481749
  0
VERTEX
  5
3DB
330
3BC
100
AcDbEntity
  8
3_ANYTOOL_CUTTHROUGH_INSID
100
AcDbVertex
100
AcDb2dVertex
 10
-1044.722953181034
 20
82.84990289086204
 30
0.0000000014481749
  0
VERTEX
  5
3DC
330
3BC
100
AcDbEntity
  8
3_ANYTOOL_CUTTHROUGH_INSID
100
AcDbVertex
100
AcDb2dVertex
 10
-1044.798433494124
 20
82.7684208485977
 30
0.0000000014481749
  0
VERTEX
  5
3DD
330
3BC
100
AcDbEntity
  8
3_ANYTOOL_CUTTHROUGH_INSID
100
AcDbVertex
100
AcDb2dVertex
 10
-1044.871760067605
 20
82.68499343663345
 30
0.0000000014481749
  0
VERTEX
  5
3DE
330
3BC
100
AcDbEntity
  8
3_ANYTOOL_CUTTHROUGH_INSID
100
AcDbVertex
100
AcDb2dVertex
 10
-1044.942903046637
 20
82.59970436689449
 30
0.0000000014481749
  0
VERTEX
  5
3DF
330
3BC
100
AcDbEntity
  8
3_ANYTOOL_CUTTHROUGH_INSID
100
AcDbVertex
100
AcDb2dVertex
 10
-1045.013290215696
 20
82.51075008113514
 30
0.0000000014481749
  0
VERTEX
  5
3E0
330
3BC
100
AcDbEntity
  8
3_ANYTOOL_CUTTHROUGH_INSID
100
AcDbVertex
100
AcDb2dVertex
 10
-1045.08136205323
 20
82.42001930489498
 30
0.0000000014481749
  0
VERTEX
  5
3E1
330
3BC
100
AcDbEntity
  8
3_ANYTOOL_CUTTHROUGH_INSID
100
AcDbVertex
100
AcDb2dVertex
 10
-1045.147112602992
 20
82.32759054577694
 30
0.0000000014481749
  0
VERTEX
  5
3E2
330
3BC
100
AcDbEntity
  8
3_ANYTOOL_CUTTHROUGH_INSID
100
AcDbVertex
100
AcDb2dVertex
 10
-1045.210535908736
 20
82.233542311384
 30
0.0000000014481749
  0
VERTEX
  5
3E3
330
3BC
100
AcDbEntity
  8
3_ANYTOOL_CUTTHROUGH_INSID
100
AcDbVertex
100
AcDb2dVertex
 10
-1045.271626014214
 20
82.13795310931908
 30
0.0000000014481749
  0
VERTEX
  5
3E4
330
3BC
100
AcDbEntity
  8
3_ANYTOOL_CUTTHROUGH_INSID
100
AcDbVertex
100
AcDb2dVertex
 10
-1045.330376963178
 20
82.04090144718518
 30
0.0000000014481749
  0
VERTEX
  5
3E5
330
3BC
100
AcDbEntity
  8
3_ANYTOOL_CUTTHROUGH_INSID
100
AcDbVertex
100
AcDb2dVertex
 10
-1045.386782799382
 20
81.94246583258517
 30
0.0000000014481749
  0
VERTEX
  5
3E6
330
3BC
100
AcDbEntity
  8
3_ANYTOOL_CUTTHROUGH_INSID
100
AcDbVertex
100
AcDb2dVertex
 10
-1045.440837566579
 20
81.84272477312206
 30
0.0000000014481749
  0
VERTEX
  5
3E7
330
3BC
100
AcDbEntity
  8
3_ANYTOOL_CUTTHROUGH_INSID
100
AcDbVertex
100
AcDb2dVertex
 10
-1045.492640048187
 20
81.74154790416316
 30
0.0000000014481749
  0
VERTEX
  5
3E8
330
3BC
100
AcDbEntity
  8
3_ANYTOOL_CUTTHROUGH_INSID
100
AcDbVertex
100
AcDb2dVertex
 10
-1045.542082590834
 20
81.63920282653213
 30
0.0000000014481749
  0
VERTEX
  5
3E9
330
3BC
100
AcDbEntity
  8
3_ANYTOOL_CUTTHROUGH_INSID
100
AcDbVertex
100
AcDb2dVertex
 10
-1045.589171867859
 20
81.53575325930473
 30
0.0000000014481749
  0
VERTEX
  5
3EA
330
3BC
100
AcDbEntity
  8
3_ANYTOOL_CUTTHROUGH_INSID
100
AcDbVertex
100
AcDb2dVertex
 10
-1045.633914552605
 20
81.43126292155674
 30
0.0000000014481749
  0
VERTEX
  5
3EB
330
3BC
100
AcDbEntity
  8
3_ANYTOOL_CUTTHROUGH_INSID
100
AcDbVertex
100
AcDb2dVertex
 10
-1045.676317318411
 20
81.3257955323639
 30
0.0000000014481749
  0
VERTEX
  5
3EC
330
3BC
100
AcDbEntity
  8
3_ANYTOOL_CUTTHROUGH_INSID
100
AcDbVertex
100
AcDb2dVertex
 10
-1045.716386838618
 20
81.21941481080196
 30
0.0000000014481749
  0
VERTEX
  5
3ED
330
3BC
100
AcDbEntity
  8
3_ANYTOOL_CUTTHROUGH_INSID
100
AcDbVertex
100
AcDb2dVertex
 10
-1045.754129786567
 20
81.1121844759467
 30
0.0000000014481749
  0
VERTEX
  5
3EE
330
3BC
100
AcDbEntity
  8
3_ANYTOOL_CUTTHROUGH_INSID
100
AcDbVertex
100
AcDb2dVertex
 10
-1045.789552835597
 20
81.00416824687387
 30
0.0000000014481749
  0
VERTEX
  5
3EF
330
3BC
100
AcDbEntity
  8
3_ANYTOOL_CUTTHROUGH_INSID
100
AcDbVertex
100
AcDb2dVertex
 10
-1045.822024877423
 20
80.89760537549084
 30
0.0000000014481749
  0
VERTEX
  5
3F0
330
3BC
100
AcDbEntity
  8
3_ANYTOOL_CUTTHROUGH_INSID
100
AcDbVertex
100
AcDb2dVertex
 10
-1045.852285209837
 20
80.79039708974264
 30
0.0000000014481749
  0
VERTEX
  5
3F1
330
3BC
100
AcDbEntity
  8
3_ANYTOOL_CUTTHROUGH_INSID
100
AcDbVertex
100
AcDb2dVertex
 10
-1045.880343909046
 20
80.6825916034006
 30
0.0000000014481749
  0
VERTEX
  5
3F2
330
3BC
100
AcDbEntity
  8
3_ANYTOOL_CUTTHROUGH_INSID
100
AcDbVertex
100
AcDb2dVertex
 10
-1045.906211051259
 20
80.57423713023596
 30
0.0000000014481749
  0
VERTEX
  5
3F3
330
3BC
100
AcDbEntity
  8
3_ANYTOOL_CUTTHROUGH_INSID
100
AcDbVertex
100
AcDb2dVertex
 10
-1045.929896712686
 20
80.46538188402005
 30
0.0000000014481749
  0
VERTEX
  5
3F4
330
3BC
100
AcDbEntity
  8
3_ANYTOOL_CUTTHROUGH_INSID
100
AcDbVertex
100
AcDb2dVertex
 10
-1045.951410969535
 20
80.3560740785241
 30
0.0000000014481749
  0
VERTEX
  5
3F5
330
3BC
100
AcDbEntity
  8
3_ANYTOOL_CUTTHROUGH_INSID
100
AcDbVertex
100
AcDb2dVertex
 10
-1045.970763898014
 20
80.24636192751944
 30
0.0000000014481749
  0
VERTEX
  5
3F6
330
3BC
100
AcDbEntity
  8
3_ANYTOOL_CUTTHROUGH_INSID
100
AcDbVertex
100
AcDb2dVertex
 10
-1045.987965574333
 20
80.13629364477734
 30
0.0000000014481749
  0
VERTEX
  5
3F7
330
3BC
100
AcDbEntity
  8
3_ANYTOOL_CUTTHROUGH_INSID
100
AcDbVertex
100
AcDb2dVertex
 10
-1046.00244062646
 20
80.03052467438602
 30
0.0000000014481749
  0
VERTEX
  5
3F8
330
3BC
100
AcDbEntity
  8
3_ANYTOOL_CUTTHROUGH_INSID
100
AcDbVertex
100
AcDb2dVertex
 10
-1046.014957922587
 20
79.92450830446772
 30
0.0000000014481749
  0
VERTEX
  5
3F9
330
3BC
100
AcDbEntity
  8
3_ANYTOOL_CUTTHROUGH_INSID
100
AcDbVertex
100
AcDb2dVertex
 10
-1046.025526024605
 20
79.8182799074949
 30
0.0000000014481749
  0
VERTEX
  5
3FA
330
3BC
100
AcDbEntity
  8
3_ANYTOOL_CUTTHROUGH_INSID
100
AcDbVertex
100
AcDb2dVertex
 10
-1046.034153494403
 20
79.71187485593995
 30
0.0000000014481749
  0
VERTEX
  5
3FB
330
3BC
100
AcDbEntity
  8
3_ANYTOOL_CUTTHROUGH_INSID
100
AcDbVertex
100
AcDb2dVertex
 10
-1046.040848893868
 20
79.60532852227527
 30
0.0000000014481749
  0
VERTEX
  5
3FC
330
3BC
100
AcDbEntity
  8
3_ANYTOOL_CUTTHROUGH_INSID
100
AcDbVertex
100
AcDb2dVertex
 10
-1046.045620784891
 20
79.49867627897325
 30
0.0000000014481749
  0
VERTEX
  5
3FD
330
3BC
100
AcDbEntity
  8
3_ANYTOOL_CUTTHROUGH_INSID
100
AcDbVertex
100
AcDb2dVertex
 10
-1046.04847772936
 20
79.3919534985063
 30
0.0000000014481749
  0
VERTEX
  5
3FE
330
3BC
100
AcDbEntity
  8
3_ANYTOOL_CUTTHROUGH_INSID
100
AcDbVertex
100
AcDb2dVertex
 10
-1046.049428289164
 20
79.28519555334681
 30
0.0000000014481749
  0
VERTEX
  5
3FF
330
3BC
100
AcDbEntity
  8
3_ANYTOOL_CUTTHROUGH_INSID
100
AcDbVertex
100
AcDb2dVertex
 10
-1046.048478168598
 20
79.17843780213633
 30
0.0000000014481749
  0
VERTEX
  5
400
330
3BC
100
AcDbEntity
  8
3_ANYTOOL_CUTTHROUGH_INSID
100
AcDbVertex
100
AcDb2dVertex
 10
-1046.045621641571
 20
79.07171554819851
 30
0.0000000014481749
  0
VERTEX
  5
401
330
3BC
100
AcDbEntity
  8
3_ANYTOOL_CUTTHROUGH_INSID
100
AcDbVertex
100
AcDb2dVertex
 10
-1046.040850124402
 20
78.96506408102618
 30
0.0000000014481749
  0
VERTEX
  5
402
330
3BC
100
AcDbEntity
  8
3_ANYTOOL_CUTTHROUGH_INSID
100
AcDbVertex
100
AcDb2dVertex
 10
-1046.034155033405
 20
78.85851869011215
 30
0.0000000014481749
  0
VERTEX
  5
403
330
3BC
100
AcDbEntity
  8
3_ANYTOOL_CUTTHROUGH_INSID
100
AcDbVertex
100
AcDb2dVertex
 10
-1046.025527784896
 20
78.7521146649492
 30
0.0000000014481749
  0
VERTEX
  5
404
330
3BC
100
AcDbEntity
  8
3_ANYTOOL_CUTTHROUGH_INSID
100
AcDbVertex
100
AcDb2dVertex
 10
-1046.014959795191
 20
78.64588729503015
 30
0.0000000014481749
  0
VERTEX
  5
405
330
3BC
100
AcDbEntity
  8
3_ANYTOOL_CUTTHROUGH_INSID
100
AcDbVertex
100
AcDb2dVertex
 10
-1046.002442480607
 20
78.53987186984781
 30
0.0000000014481749
  0
VERTEX
  5
406
330
3BC
100
AcDbEntity
  8
3_ANYTOOL_CUTTHROUGH_INSID
100
AcDbVertex
100
AcDb2dVertex
 10
-1045.987967257459
 20
78.434103678895
 30
0.0000000014481749
  0
VERTEX
  5
407
330
3BC
100
AcDbEntity
  8
3_ANYTOOL_CUTTHROUGH_INSID
100
AcDbVertex
100
AcDb2dVertex
 10
-1045.970765229498
 20
78.32403596374785
 30
0.0000000014481749
  0
VERTEX
  5
408
330
3BC
100
AcDbEntity
  8
3_ANYTOOL_CUTTHROUGH_INSID
100
AcDbVertex
100
AcDb2dVertex
 10
-1045.951411813128
 20
78.21432413712495
 30
0.0000000014481749
  0
VERTEX
  5
409
330
3BC
100
AcDbEntity
  8
3_ANYTOOL_CUTTHROUGH_INSID
100
AcDbVertex
100
AcDb2dVertex
 10
-1045.929896985758
 20
78.10501643993987
 30
0.0000000014481749
  0
VERTEX
  5
40A
330
3BC
100
AcDbEntity
  8
3_ANYTOOL_CUTTHROUGH_INSID
100
AcDbVertex
100
AcDb2dVertex
 10
-1045.906210724797
 20
77.99616111310615
 30
0.0000000014481749
  0
VERTEX
  5
40B
330
3BC
100
AcDbEntity
  8
3_ANYTOOL_CUTTHROUGH_INSID
100
AcDbVertex
100
AcDb2dVertex
 10
-1045.880343007651
 20
77.88780639753735
 30
0.0000000014481749
  0
VERTEX
  5
40C
330
3BC
100
AcDbEntity
  8
3_ANYTOOL_CUTTHROUGH_INSID
100
AcDbVertex
100
AcDb2dVertex
 10
-1045.852283811731
 20
77.78000053414704
 30
0.0000000014481749
  0
VERTEX
  5
40D
330
3BC
100
AcDbEntity
  8
3_ANYTOOL_CUTTHROUGH_INSID
100
AcDbVertex
100
AcDb2dVertex
 10
-1045.822023114444
 20
77.67279176384878
 30
0.0000000014481749
  0
VERTEX
  5
40E
330
3BC
100
AcDbEntity
  8
3_ANYTOOL_CUTTHROUGH_INSID
100
AcDbVertex
100
AcDb2dVertex
 10
-1045.789550893198
 20
77.5662283275561
 30
0.0000000014481749
  0
VERTEX
  5
40F
330
3BC
100
AcDbEntity
  8
3_ANYTOOL_CUTTHROUGH_INSID
100
AcDbVertex
100
AcDb2dVertex
 10
-1045.754127889374
 20
77.45821146743818
 30
0.0000000014481749
  0
VERTEX
  5
410
330
3BC
100
AcDbEntity
  8
3_ANYTOOL_CUTTHROUGH_INSID
100
AcDbVertex
100
AcDb2dVertex
 10
-1045.716385181376
 20
77.35098047518896
 30
0.0000000014481749
  0
VERTEX
  5
411
330
3BC
100
AcDbEntity
  8
3_ANYTOOL_CUTTHROUGH_INSID
100
AcDbVertex
100
AcDb2dVertex
 10
-1045.676316041699
 20
77.24459909894283
 30
0.0000000014481749
  0
VERTEX
  5
412
330
3BC
100
AcDbEntity
  8
3_ANYTOOL_CUTTHROUGH_INSID
100
AcDbVertex
100
AcDb2dVertex
 10
-1045.633913742836
 20
77.13913108683414
 30
0.0000000014481749
  0
VERTEX
  5
413
330
3BC
100
AcDbEntity
  8
3_ANYTOOL_CUTTHROUGH_INSID
100
AcDbVertex
100
AcDb2dVertex
 10
-1045.589171557282
 20
77.03464018699727
 30
0.0000000014481749
  0
VERTEX
  5
414
330
3BC
100
AcDbEntity
  8
3_ANYTOOL_CUTTHROUGH_INSID
100
AcDbVertex
100
AcDb2dVertex
 10
-1045.54208275753
 20
76.93119014756658
 30
0.0000000014481749
  0
VERTEX
  5
415
330
3BC
100
AcDbEntity
  8
3_ANYTOOL_CUTTHROUGH_INSID
100
AcDbVertex
100
AcDb2dVertex
 10
-1045.492640616072
 20
76.82884471667646
 30
0.0000000014481749
  0
VERTEX
  5
416
330
3BC
100
AcDbEntity
  8
3_ANYTOOL_CUTTHROUGH_INSID
100
AcDbVertex
100
AcDb2dVertex
 10
-1045.440838405404
 20
76.72766764246128
 30
0.0000000014481749
  0
VERTEX
  5
417
330
3BC
100
AcDbEntity
  8
3_ANYTOOL_CUTTHROUGH_INSID
100
AcDbVertex
100
AcDb2dVertex
 10
-1045.386783739825
 20
76.62792654374846
 30
0.0000000014481749
  0
VERTEX
  5
418
330
3BC
100
AcDbEntity
  8
3_ANYTOOL_CUTTHROUGH_INSID
100
AcDbVertex
100
AcDb2dVertex
 10
-1045.330377858008
 20
76.52949102964496
 30
0.0000000014481749
  0
VERTEX
  5
419
330
3BC
100
AcDbEntity
  8
3_ANYTOOL_CUTTHROUGH_INSID
100
AcDbVertex
100
AcDb2dVertex
 10
-1045.271626752636
 20
76.43243957115587
 30
0.0000000014481749
  0
VERTEX
  5
41A
330
3BC
100
AcDbEntity
  8
3_ANYTOOL_CUTTHROUGH_INSID
100
AcDbVertex
100
AcDb2dVertex
 10
-1045.210536416394
 20
76.33685063928617
 30
0.0000000014481749
  0
VERTEX
  5
41B
330
3BC
100
AcDbEntity
  8
3_ANYTOOL_CUTTHROUGH_INSID
100
AcDbVertex
100
AcDb2dVertex
 10
-1045.147112841966
 20
76.24280270504092
 30
0.0000000014481749
  0
VERTEX
  5
41C
330
3BC
100
AcDbEntity
  8
3_ANYTOOL_CUTTHROUGH_INSID
100
AcDbVertex
100
AcDb2dVertex
 10
-1045.081362022036
 20
76.15037423942515
 30
0.0000000014481749
  0
VERTEX
  5
41D
330
3BC
100
AcDbEntity
  8
3_ANYTOOL_CUTTHROUGH_INSID
100
AcDbVertex
100
AcDb2dVertex
 10
-1045.013289949288
 20
76.05964371344388
 30
0.0000000014481749
  0
VERTEX
  5
41E
330
3BC
100
AcDbEntity
  8
3_ANYTOOL_CUTTHROUGH_INSID
100
AcDbVertex
100
AcDb2dVertex
 10
-1044.942902616408
 20
75.97068959810213
 30
0.0000000014481749
  0
VERTEX
  5
41F
330
3BC
100
AcDbEntity
  8
3_ANYTOOL_CUTTHROUGH_INSID
100
AcDbVertex
100
AcDb2dVertex
 10
-1044.871759572113
 20
75.88540059207189
 30
0.0000000014481749
  0
VERTEX
  5
420
330
3BC
100
AcDbEntity
  8
3_ANYTOOL_CUTTHROUGH_INSID
100
AcDbVertex
100
AcDb2dVertex
 10
-1044.798433016366
 20
75.80197315438079
 30
0.0000000014481749
  0
VERTEX
  5
421
330
3BC
100
AcDbEntity
  8
3_ANYTOOL_CUTTHROUGH_INSID
100
AcDbVertex
100
AcDb2dVertex
 10
-1044.722952783657
 20
75.72049101912111
 30
0.0000000014481749
  0
VERTEX
  5
422
330
3BC
100
AcDbEntity
  8
3_ANYTOOL_CUTTHROUGH_INSID
100
AcDbVertex
100
AcDb2dVertex
 10
-1044.645348708471
 20
75.64103792038513
 30
0.0000000014481749
  0
VERTEX
  5
423
330
3BC
100
AcDbEntity
  8
3_ANYTOOL_CUTTHROUGH_INSID
100
AcDbVertex
100
AcDb2dVertex
 10
-1044.565650625298
 20
75.56369759226514
 30
0.0000000014481749
  0
VERTEX
  5
424
330
3BC
100
AcDbEntity
  8
3_ANYTOOL_CUTTHROUGH_INSID
100
AcDbVertex
100
AcDb2dVertex
 10
-1044.483888368626
 20
75.48855376885348
 30
0.0000000014481749
  0
VERTEX
  5
425
330
3BC
100
AcDbEntity
  8
3_ANYTOOL_CUTTHROUGH_INSID
100
AcDbVertex
100
AcDb2dVertex
 10
-1044.400091772942
 20
75.4156901842424
 30
0.0000000014481749
  0
VERTEX
  5
426
330
3BC
100
AcDbEntity
  8
3_ANYTOOL_CUTTHROUGH_INSID
100
AcDbVertex
100
AcDb2dVertex
 10
-1044.314290672734
 20
75.34519057252419
 30
0.0000000014481749
  0
VERTEX
  5
427
330
3BC
100
AcDbEntity
  8
3_ANYTOOL_CUTTHROUGH_INSID
100
AcDbVertex
100
AcDb2dVertex
 10
-1044.229589551629
 20
75.27945044599565
 30
0.0000000014481749
  0
VERTEX
  5
428
330
3BC
100
AcDbEntity
  8
3_ANYTOOL_CUTTHROUGH_INSID
100
AcDbVertex
100
AcDb2dVertex
 10
-1044.143106037926
 20
75.21606188361173
 30
0.0000000014481749
  0
VERTEX
  5
429
330
3BC
100
AcDbEntity
  8
3_ANYTOOL_CUTTHROUGH_INSID
100
AcDbVertex
100
AcDb2dVertex
 10
-1044.054898136184
 20
75.15509518080478
 30
0.0000000014481749
  0
VERTEX
  5
42A
330
3BC
100
AcDbEntity
  8
3_ANYTOOL_CUTTHROUGH_INSID
100
AcDbVertex
100
AcDb2dVertex
 10
-1043.965023850957
 20
75.09662063300716
 30
0.0000000014481749
  0
VERTEX
  5
42B
330
3BC
100
AcDbEntity
  8
3_ANYTOOL_CUTTHROUGH_INSID
100
AcDbVertex
100
AcDb2dVertex
 10
-1043.873541186804
 20
75.0407085356512
 30
0.0000000014481749
  0
VERTEX
  5
42C
330
3BC
100
AcDbEntity
  8
3_ANYTOOL_CUTTHROUGH_INSID
100
AcDbVertex
100
AcDb2dVertex
 10
-1043.780508148281
 20
74.98742918416929
 30
0.0000000014481749
  0
VERTEX
  5
42D
330
3BC
100
AcDbEntity
  8
3_ANYTOOL_CUTTHROUGH_INSID
100
AcDbVertex
100
AcDb2dVertex
 10
-1043.685982739945
 20
74.93685287399373
 30
0.0000000014481749
  0
VERTEX
  5
42E
330
3BC
100
AcDbEntity
  8
3_ANYTOOL_CUTTHROUGH_INSID
100
AcDbVertex
100
AcDb2dVertex
 10
-1043.590022966353
 20
74.8890499005569
 30
0.0000000014481749
  0
VERTEX
  5
42F
330
3BC
100
AcDbEntity
  8
3_ANYTOOL_CUTTHROUGH_INSID
100
AcDbVertex
100
AcDb2dVertex
 10
-1043.496876966495
 20
74.84594843383363
 30
0.0000000014481749
  0
VERTEX
  5
430
330
3BC
100
AcDbEntity
  8
3_ANYTOOL_CUTTHROUGH_INSID
100
AcDbVertex
100
AcDb2dVertex
 10
-1043.402546099031
 20
74.80549140767218
 30
0.0000000014481749
  0
VERTEX
  5
431
330
3BC
100
AcDbEntity
  8
3_ANYTOOL_CUTTHROUGH_INSID
100
AcDbVertex
100
AcDb2dVertex
 10
-1043.307106764241
 20
74.76771741814764
 30
0.0000000014481749
  0
VERTEX
  5
432
330
3BC
100
AcDbEntity
  8
3_ANYTOOL_CUTTHROUGH_INSID
100
AcDbVertex
100
AcDb2dVertex
 10
-1043.210635362408
 20
74.73266506133504
 30
0.0000000014481749
  0
VERTEX
  5
433
330
3BC
100
AcDbEntity
  8
3_ANYTOOL_CUTTHROUGH_INSID
100
AcDbVertex
100
AcDb2dVertex
 10
-1043.113208293812
 20
74.70037293330944
 30
0.0000000014481749
  0
VERTEX
  5
434
330
3BC
100
AcDbEntity
  8
3_ANYTOOL_CUTTHROUGH_INSID
100
AcDbVertex
100
AcDb2dVertex
 10
-1043.014901958734
 20
74.67087963014589
 30
0.0000000014481749
  0
VERTEX
  5
435
330
3BC
100
AcDbEntity
  8
3_ANYTOOL_CUTTHROUGH_INSID
100
AcDbVertex
100
AcDb2dVertex
 10
-1042.915792757455
 20
74.64422374791945
 30
0.0000000014481749
  0
VERTEX
  5
436
330
3BC
100
AcDbEntity
  8
3_ANYTOOL_CUTTHROUGH_INSID
100
AcDbVertex
100
AcDb2dVertex
 10
-1042.815957090255
 20
74.6204438827052
 30
0.0000000014481749
  0
VERTEX
  5
437
330
3BC
100
AcDbEntity
  8
3_ANYTOOL_CUTTHROUGH_INSID
100
AcDbVertex
100
AcDb2dVertex
 10
-1042.720222741122
 20
74.60049111614754
 30
0.0000000014481749
  0
VERTEX
  5
438
330
3BC
100
AcDbEntity
  8
3_ANYTOOL_CUTTHROUGH_INSID
100
AcDbVertex
100
AcDb2dVertex
 10
-1042.623972313979
 20
74.58318797862276
 30
0.0000000014481749
  0
VERTEX
  5
439
330
3BC
100
AcDbEntity
  8
3_ANYTOOL_CUTTHROUGH_INSID
100
AcDbVertex
100
AcDb2dVertex
 10
-1042.52727995699
 20
74.568537780356
 30
0.0000000014481749
  0
VERTEX
  5
43A
330
3BC
100
AcDbEntity
  8
3_ANYTOOL_CUTTHROUGH_INSID
100
AcDbVertex
100
AcDb2dVertex
 10
-1042.430219818317
 20
74.55654383157236
 30
0.0000000014481749
  0
VERTEX
  5
43B
330
3BC
100
AcDbEntity
  8
3_ANYTOOL_CUTTHROUGH_INSID
100
AcDbVertex
100
AcDb2dVertex
 10
-1042.332866046123
 20
74.54720944249692
 30
0.0000000014481749
  0
VERTEX
  5
43C
330
3BC
100
AcDbEntity
  8
3_ANYTOOL_CUTTHROUGH_INSID
100
AcDbVertex
100
AcDb2dVertex
 10
-1042.235292788573
 20
74.54053792335483
 30
0.0000000014481749
  0
VERTEX
  5
43D
330
3BC
100
AcDbEntity
  8
3_ANYTOOL_CUTTHROUGH_INSID
100
AcDbVertex
100
AcDb2dVertex
 10
-1042.137574193827
 20
74.53653258437116
 30
0.0000000014481749
  0
VERTEX
  5
43E
330
3BC
100
AcDbEntity
  8
3_ANYTOOL_CUTTHROUGH_INSID
100
AcDbVertex
100
AcDb2dVertex
 10
-1042.03978441005
 20
74.53519673577102
 30
0.0000000014481749
  0
VERTEX
  5
43F
330
3BC
100
AcDbEntity
  8
3_ANYTOOL_CUTTHROUGH_INSID
100
AcDbVertex
100
AcDb2dVertex
 10
-1016.299435499521
 20
74.53519673577102
 30
0.0000000014481749
 42
1.000000000001915
  0
SEQEND
  5
440
330
3BC
100
AcDbEntity
  8
3_ANYTOOL_CUTTHROUGH_INSID
  0
POLYLINE
  5
442
330
1F
100
AcDbEntity
  8
4_ANYTOOL_CUTTHROUGH_OUTSI
100
AcDb2dPolyline
 66
     1
 10
0.0
 20
0.0
 30
0.0
 70
     1
  0
VERTEX
  5
443
330
442
100
AcDbEntity
  8
4_ANYTOOL_CUTTHROUGH_OUTSI
100
AcDbVertex
100
AcDb2dVertex
 10
1018.450564498449
 20
-27.82784957213153
 30
0.0
 42
0.5220993284554117
  0
VERTEX
  5
444
330
442
100
AcDbEntity
  8
4_ANYTOOL_CUTTHROUGH_OUTSI
100
AcDbVertex
100
AcDb2dVertex
 10
1010.707931890043
 20
-22.43415739628896
 30
0.0
  0
VERTEX
  5
445
330
442
100
AcDbEntity
  8
4_ANYTOOL_CUTTHROUGH_OUTSI
100
AcDbVertex
100
AcDb2dVertex
 10
989.0114209361745
 20
-30.44966399284021
 30
0.0
 42
-0.0156106746342855
  0
VERTEX
  5
446
330
442
100
AcDbEntity
  8
4_ANYTOOL_CUTTHROUGH_OUTSI
100
AcDbVertex
100
AcDb2dVertex
 10
988.9966194842929
 20
-30.45461287553188
 30
0.0
 42
-0.5023966197277754
  0
VERTEX
  5
447
330
442
100
AcDbEntity
  8
4_ANYTOOL_CUTTHROUGH_OUTSI
100
AcDbVertex
100
AcDb2dVertex
 10
980.9508417567449
 20
-24.46819909950864
 30
0.0
  0
VERTEX
  5
448
330
442
100
AcDbEntity
  8
4_ANYTOOL_CUTTHROUGH_OUTSI
100
AcDbVertex
100
AcDb2dVertex
 10
980.9503859641081
 20
24.0378854743758
 30
0.0
 42
-0.5023968879063756
  0
VERTEX
  5
449
330
442
100
AcDbEntity
  8
4_ANYTOOL_CUTTHROUGH_OUTSI
100
AcDbVertex
100
AcDb2dVertex
 10
988.996310248877
 20
30.02430093159074
 30
0.0
 42
-0.0156041593335268
  0
VERTEX
  5
44A
330
442
100
AcDbEntity
  8
4_ANYTOOL_CUTTHROUGH_OUTSI
100
AcDbVertex
100
AcDb2dVertex
 10
989.0111055454181
 20
30.0193541685076
 30
0.0
  0
VERTEX
  5
44B
330
442
100
AcDbEntity
  8
4_ANYTOOL_CUTTHROUGH_OUTSI
100
AcDbVertex
100
AcDb2dVertex
 10
1010.708022336032
 20
22.00411112639267
 30
0.0
 42
0.5220939935265569
  0
VERTEX
  5
44C
330
442
100
AcDbEntity
  8
4_ANYTOOL_CUTTHROUGH_OUTSI
100
AcDbVertex
100
AcDb2dVertex
 10
1018.450564498437
 20
27.39783671553596
 30
0.0
  0
VERTEX
  5
44D
330
442
100
AcDbEntity
  8
4_ANYTOOL_CUTTHROUGH_OUTSI
100
AcDbVertex
100
AcDb2dVertex
 10
1018.45056449846
 20
92.5351967344468
 30
0.0
  0
VERTEX
  5
44E
330
442
100
AcDbEntity
  8
4_ANYTOOL_CUTTHROUGH_OUTSI
100
AcDbVertex
100
AcDb2dVertex
 10
-31.04943549940072
 20
92.53519673604751
 30
0.0
  0
VERTEX
  5
44F
330
442
100
AcDbEntity
  8
4_ANYTOOL_CUTTHROUGH_OUTSI
100
AcDbVertex
100
AcDb2dVertex
 10
-31.0494354994953
 20
68.78519673595292
 30
0.0
 42
-0.4142135623517729
  0
VERTEX
  5
450
330
442
100
AcDbEntity
  8
4_ANYTOOL_CUTTHROUGH_OUTSI
100
AcDbVertex
100
AcDb2dVertex
 10
-31.2994354994953
 20
68.53519673594928
 30
0.0
  0
VERTEX
  5
451
330
442
100
AcDbEntity
  8
4_ANYTOOL_CUTTHROUGH_OUTSI
100
AcDbVertex
100
AcDb2dVertex
 10
-43.2994354994953
 20
68.53519673593837
 30
0.0
 42
-0.414213562317679
  0
VERTEX
  5
452
330
442
100
AcDbEntity
  8
4_ANYTOOL_CUTTHROUGH_OUTSI
100
AcDbVertex
100
AcDb2dVertex
 10
-43.54943549950622
 20
68.78519673593837
 30
0.0
  0
VERTEX
  5
453
330
442
100
AcDbEntity
  8
4_ANYTOOL_CUTTHROUGH_OUTSI
100
AcDbVertex
100
AcDb2dVertex
 10
-43.5494354994953
 20
74.53519673593837
 30
0.0
  0
VERTEX
  5
454
330
442
100
AcDbEntity
  8
4_ANYTOOL_CUTTHROUGH_OUTSI
100
AcDbVertex
100
AcDb2dVertex
 10
-131.5494354994771
 20
74.53519673592382
 30
0.0
  0
VERTEX
  5
455
330
442
100
AcDbEntity
  8
4_ANYTOOL_CUTTHROUGH_OUTSI
100
AcDbVertex
100
AcDb2dVertex
 10
-131.5494354994771
 20
68.78519673592382
 30
0.0
 42
-0.4142135623773283
  0
VERTEX
  5
456
330
442
100
AcDbEntity
  8
4_ANYTOOL_CUTTHROUGH_OUTSI
100
AcDbVertex
100
AcDb2dVertex
 10
-131.7994354994771
 20
68.53519673592746
 30
0.0
  0
VERTEX
  5
457
330
442
100
AcDbEntity
  8
4_ANYTOOL_CUTTHROUGH_OUTSI
100
AcDbVertex
100
AcDb2dVertex
 10
-143.7994354994771
 20
68.53519673591654
 30
0.0
 42
-0.4142135623645678
  0
VERTEX
  5
458
330
442
100
AcDbEntity
  8
4_ANYTOOL_CUTTHROUGH_OUTSI
100
AcDbVertex
100
AcDb2dVertex
 10
-144.0494354994698
 20
68.78519673591654
 30
0.0
  0
VERTEX
  5
459
330
442
100
AcDbEntity
  8
4_ANYTOOL_CUTTHROUGH_OUTSI
100
AcDbVertex
100
AcDb2dVertex
 10
-144.0494354994771
 20
92.53519673591654
 30
0.0
  0
VERTEX
  5
45A
330
442
100
AcDbEntity
  8
4_ANYTOOL_CUTTHROUGH_OUTSI
100
AcDbVertex
100
AcDb2dVertex
 10
-218.5494354994753
 20
92.53519673590927
 30
0.0
  0
VERTEX
  5
45B
330
442
100
AcDbEntity
  8
4_ANYTOOL_CUTTHROUGH_OUTSI
100
AcDbVertex
100
AcDb2dVertex
 10
-218.5494354994771
 20
68.78519673590927
 30
0.0
 42
-0.4142135623816722
  0
VERTEX
  5
45C
330
442
100
AcDbEntity
  8
4_ANYTOOL_CUTTHROUGH_OUTSI
100
AcDbVertex
100
AcDb2dVertex
 10
-218.7994354994771
 20
68.53519673590199
 30
0.0
  0
VERTEX
  5
45D
330
442
100
AcDbEntity
  8
4_ANYTOOL_CUTTHROUGH_OUTSI
100
AcDbVertex
100
AcDb2dVertex
 10
-230.7994354994771
 20
68.53519673590927
 30
0.0
 42
-0.4142135624008199
  0
VERTEX
  5
45E
330
442
100
AcDbEntity
  8
4_ANYTOOL_CUTTHROUGH_OUTSI
100
AcDbVertex
100
AcDb2dVertex
 10
-231.0494354994717
 20
68.78519673590927
 30
0.0
  0
VERTEX
  5
45F
330
442
100
AcDbEntity
  8
4_ANYTOOL_CUTTHROUGH_OUTSI
100
AcDbVertex
100
AcDb2dVertex
 10
-231.0494354994771
 20
74.53519673590927
 30
0.0
  0
VERTEX
  5
460
330
442
100
AcDbEntity
  8
4_ANYTOOL_CUTTHROUGH_OUTSI
100
AcDbVertex
100
AcDb2dVertex
 10
-369.0494355011979
 20
74.53519673601113
 30
0.0
  0
VERTEX
  5
461
330
442
100
AcDbEntity
  8
4_ANYTOOL_CUTTHROUGH_OUTSI
100
AcDbVertex
100
AcDb2dVertex
 10
-369.0494355011961
 20
68.78519673601113
 30
0.0
 42
-0.4142135623496891
  0
VERTEX
  5
462
330
442
100
AcDbEntity
  8
4_ANYTOOL_CUTTHROUGH_OUTSI
100
AcDbVertex
100
AcDb2dVertex
 10
-369.2994355011979
 20
68.53519673600385
 30
0.0
  0
VERTEX
  5
463
330
442
100
AcDbEntity
  8
4_ANYTOOL_CUTTHROUGH_OUTSI
100
AcDbVertex
100
AcDb2dVertex
 10
-381.2994355011961
 20
68.53519673601113
 30
0.0
 42
-0.4142135623624756
  0
VERTEX
  5
464
330
442
100
AcDbEntity
  8
4_ANYTOOL_CUTTHROUGH_OUTSI
100
AcDbVertex
100
AcDb2dVertex
 10
-381.5494355011942
 20
68.78519673600385
 30
0.0
  0
VERTEX
  5
465
330
442
100
AcDbEntity
  8
4_ANYTOOL_CUTTHROUGH_OUTSI
100
AcDbVertex
100
AcDb2dVertex
 10
-381.5494355011961
 20
92.53519673599658
 30
0.0
  0
VERTEX
  5
466
330
442
100
AcDbEntity
  8
4_ANYTOOL_CUTTHROUGH_OUTSI
100
AcDbVertex
100
AcDb2dVertex
 10
-581.0494355011888
 20
92.53519673606206
 30
0.0
  0
VERTEX
  5
467
330
442
100
AcDbEntity
  8
4_ANYTOOL_CUTTHROUGH_OUTSI
100
AcDbVertex
100
AcDb2dVertex
 10
-581.0494355011961
 20
68.78519673607661
 30
0.0
 42
-0.4142135623624241
  0
VERTEX
  5
468
330
442
100
AcDbEntity
  8
4_ANYTOOL_CUTTHROUGH_OUTSI
100
AcDbVertex
100
AcDb2dVertex
 10
-581.2994355011979
 20
68.5351967360657
 30
0.0
  0
VERTEX
  5
469
330
442
100
AcDbEntity
  8
4_ANYTOOL_CUTTHROUGH_OUTSI
100
AcDbVertex
100
AcDb2dVertex
 10
-593.2994355011961
 20
68.53519673609117
 30
0.0
 42
-0.4142135624028572
  0
VERTEX
  5
46A
330
442
100
AcDbEntity
  8
4_ANYTOOL_CUTTHROUGH_OUTSI
100
AcDbVertex
100
AcDb2dVertex
 10
-593.5494355011997
 20
68.78519673608389
 30
0.0
  0
VERTEX
  5
46B
330
442
100
AcDbEntity
  8
4_ANYTOOL_CUTTHROUGH_OUTSI
100
AcDbVertex
100
AcDb2dVertex
 10
-593.5494355011979
 20
74.53519673609844
 30
0.0
  0
VERTEX
  5
46C
330
442
100
AcDbEntity
  8
4_ANYTOOL_CUTTHROUGH_OUTSI
100
AcDbVertex
100
AcDb2dVertex
 10
-731.5494355006213
 20
74.53519673603296
 30
0.0
  0
VERTEX
  5
46D
330
442
100
AcDbEntity
  8
4_ANYTOOL_CUTTHROUGH_OUTSI
100
AcDbVertex
100
AcDb2dVertex
 10
-731.5494355006213
 20
68.7851967360184
 30
0.0
 42
-0.4142135623496422
  0
VERTEX
  5
46E
330
442
100
AcDbEntity
  8
4_ANYTOOL_CUTTHROUGH_OUTSI
100
AcDbVertex
100
AcDb2dVertex
 10
-731.7994355006213
 20
68.53519673601295
 30
0.0
  0
VERTEX
  5
46F
330
442
100
AcDbEntity
  8
4_ANYTOOL_CUTTHROUGH_OUTSI
100
AcDbVertex
100
AcDb2dVertex
 10
-743.7994355006213
 20
68.5351967360184
 30
0.0
 42
-0.4142135623389507
  0
VERTEX
  5
470
330
442
100
AcDbEntity
  8
4_ANYTOOL_CUTTHROUGH_OUTSI
100
AcDbVertex
100
AcDb2dVertex
 10
-744.0494355006213
 20
68.7851967360184
 30
0.0
  0
VERTEX
  5
471
330
442
100
AcDbEntity
  8
4_ANYTOOL_CUTTHROUGH_OUTSI
100
AcDbVertex
100
AcDb2dVertex
 10
-744.0494355006194
 20
92.53519673600385
 30
0.0
  0
VERTEX
  5
472
330
442
100
AcDbEntity
  8
4_ANYTOOL_CUTTHROUGH_OUTSI
100
AcDbVertex
100
AcDb2dVertex
 10
-818.5494355006194
 20
92.53519673600385
 30
0.0
  0
VERTEX
  5
473
330
442
100
AcDbEntity
  8
4_ANYTOOL_CUTTHROUGH_OUTSI
100
AcDbVertex
100
AcDb2dVertex
 10
-818.5494355006213
 20
68.7851967360184
 30
0.0
 42
-0.4142135623624525
  0
VERTEX
  5
474
330
442
100
AcDbEntity
  8
4_ANYTOOL_CUTTHROUGH_OUTSI
100
AcDbVertex
100
AcDb2dVertex
 10
-818.7994355006213
 20
68.53519673600931
 30
0.0
  0
VERTEX
  5
475
330
442
100
AcDbEntity
  8
4_ANYTOOL_CUTTHROUGH_OUTSI
100
AcDbVertex
100
AcDb2dVertex
 10
-830.7994355006213
 20
68.5351967360184
 30
0.0
 42
-0.4142135623283865
  0
VERTEX
  5
476
330
442
100
AcDbEntity
  8
4_ANYTOOL_CUTTHROUGH_OUTSI
100
AcDbVertex
100
AcDb2dVertex
 10
-831.0494355006267
 20
68.7851967360184
 30
0.0
  0
VERTEX
  5
477
330
442
100
AcDbEntity
  8
4_ANYTOOL_CUTTHROUGH_OUTSI
100
AcDbVertex
100
AcDb2dVertex
 10
-831.0494355006213
 20
74.53519673600385
 30
0.0
  0
VERTEX
  5
478
330
442
100
AcDbEntity
  8
4_ANYTOOL_CUTTHROUGH_OUTSI
100
AcDbVertex
100
AcDb2dVertex
 10
-931.0494355011288
 20
74.53519673600385
 30
0.0
  0
VERTEX
  5
479
330
442
100
AcDbEntity
  8
4_ANYTOOL_CUTTHROUGH_OUTSI
100
AcDbVertex
100
AcDb2dVertex
 10
-931.0494354998063
 20
68.78519673579285
 30
0.0
 42
-0.4142135624582513
  0
VERTEX
  5
47A
330
442
100
AcDbEntity
  8
4_ANYTOOL_CUTTHROUGH_OUTSI
100
AcDbVertex
100
AcDb2dVertex
 10
-931.2994354998063
 20
68.53519673573464
 30
0.0
  0
VERTEX
  5
47B
330
442
100
AcDbEntity
  8
4_ANYTOOL_CUTTHROUGH_OUTSI
100
AcDbVertex
100
AcDb2dVertex
 10
-943.2994355000701
 20
68.53519673572737
 30
0.0
 42
-0.4142135623517484
  0
VERTEX
  5
47C
330
442
100
AcDbEntity
  8
4_ANYTOOL_CUTTHROUGH_OUTSI
100
AcDbVertex
100
AcDb2dVertex
 10
-943.5494355000665
 20
68.78519673572737
 30
0.0
  0
VERTEX
  5
47D
330
442
100
AcDbEntity
  8
4_ANYTOOL_CUTTHROUGH_OUTSI
100
AcDbVertex
100
AcDb2dVertex
 10
-943.5494355000719
 20
74.53519673572737
 30
0.0
  0
VERTEX
  5
47E
330
442
100
AcDbEntity
  8
4_ANYTOOL_CUTTHROUGH_OUTSI
100
AcDbVertex
100
AcDb2dVertex
 10
-969.0494354995062
 20
74.5351967357492
 30
0.0
  0
VERTEX
  5
47F
330
442
100
AcDbEntity
  8
4_ANYTOOL_CUTTHROUGH_OUTSI
100
AcDbVertex
100
AcDb2dVertex
 10
-969.0494354995044
 20
68.7851967357492
 30
0.0
 42
-0.4142135623602188
  0
VERTEX
  5
480
330
442
100
AcDbEntity
  8
4_ANYTOOL_CUTTHROUGH_OUTSI
100
AcDbVertex
100
AcDb2dVertex
 10
-969.2994354995044
 20
68.53519673575283
 30
0.0
  0
VERTEX
  5
481
330
442
100
AcDbEntity
  8
4_ANYTOOL_CUTTHROUGH_OUTSI
100
AcDbVertex
100
AcDb2dVertex
 10
-981.2994354995062
 20
68.5351967357492
 30
0.0
 42
-0.4142135623453719
  0
VERTEX
  5
482
330
442
100
AcDbEntity
  8
4_ANYTOOL_CUTTHROUGH_OUTSI
100
AcDbVertex
100
AcDb2dVertex
 10
-981.5494354995117
 20
68.7851967357492
 30
0.0
  0
VERTEX
  5
483
330
442
100
AcDbEntity
  8
4_ANYTOOL_CUTTHROUGH_OUTSI
100
AcDbVertex
100
AcDb2dVertex
 10
-981.5494354995062
 20
92.53519673570554
 30
0.0
  0
VERTEX
  5
484
330
442
100
AcDbEntity
  8
4_ANYTOOL_CUTTHROUGH_OUTSI
100
AcDbVertex
100
AcDb2dVertex
 10
-1081.049435501489
 20
92.53519673578558
 30
0.0
  0
VERTEX
  5
485
330
442
100
AcDbEntity
  8
4_ANYTOOL_CUTTHROUGH_OUTSI
100
AcDbVertex
100
AcDb2dVertex
 10
-1081.049435499852
 20
59.03519673586561
 30
0.0
  0
VERTEX
  5
486
330
442
100
AcDbEntity
  8
4_ANYTOOL_CUTTHROUGH_OUTSI
100
AcDbVertex
100
AcDb2dVertex
 10
-1057.299435499488
 20
59.03519673585834
 30
0.0
 42
-0.4142135623220434
  0
VERTEX
  5
487
330
442
100
AcDbEntity
  8
4_ANYTOOL_CUTTHROUGH_OUTSI
100
AcDbVertex
100
AcDb2dVertex
 10
-1057.049435499488
 20
58.78519673585834
 30
0.0
  0
VERTEX
  5
488
330
442
100
AcDbEntity
  8
4_ANYTOOL_CUTTHROUGH_OUTSI
100
AcDbVertex
100
AcDb2dVertex
 10
-1057.049435499474
 20
46.78519673588016
 30
0.0
 42
-0.4142135623838193
  0
VERTEX
  5
489
330
442
100
AcDbEntity
  8
4_ANYTOOL_CUTTHROUGH_OUTSI
100
AcDbVertex
100
AcDb2dVertex
 10
-1057.299435499474
 20
46.53519673587471
 30
0.0
  0
VERTEX
  5
48A
330
442
100
AcDbEntity
  8
4_ANYTOOL_CUTTHROUGH_OUTSI
100
AcDbVertex
100
AcDb2dVertex
 10
-1063.049435499474
 20
46.53519673588016
 30
0.0
  0
VERTEX
  5
48B
330
442
100
AcDbEntity
  8
4_ANYTOOL_CUTTHROUGH_OUTSI
100
AcDbVertex
100
AcDb2dVertex
 10
-1063.049435499474
 20
38.94619673592388
 30
0.0
  0
VERTEX
  5
48C
330
442
100
AcDbEntity
  8
4_ANYTOOL_CUTTHROUGH_OUTSI
100
AcDbVertex
100
AcDb2dVertex
 10
-1057.299435499474
 20
38.94619673592388
 30
0.0
 42
-0.4142135623772812
  0
VERTEX
  5
48D
330
442
100
AcDbEntity
  8
4_ANYTOOL_CUTTHROUGH_OUTSI
100
AcDbVertex
100
AcDb2dVertex
 10
-1057.04943549947
 20
38.69619673592388
 30
0.0
  0
VERTEX
  5
48E
330
442
100
AcDbEntity
  8
4_ANYTOOL_CUTTHROUGH_OUTSI
100
AcDbVertex
100
AcDb2dVertex
 10
-1057.049435499474
 20
26.6961967359457
 30
0.0
 42
-0.414213562334487
  0
VERTEX
  5
48F
330
442
100
AcDbEntity
  8
4_ANYTOOL_CUTTHROUGH_OUTSI
100
AcDbVertex
100
AcDb2dVertex
 10
-1057.299435499474
 20
26.44619673595662
 30
0.0
  0
VERTEX
  5
490
330
442
100
AcDbEntity
  8
4_ANYTOOL_CUTTHROUGH_OUTSI
100
AcDbVertex
100
AcDb2dVertex
 10
-1081.049435499474
 20
26.4461967359457
 30
0.0
  0
VERTEX
  5
491
330
442
100
AcDbEntity
  8
4_ANYTOOL_CUTTHROUGH_OUTSI
100
AcDbVertex
100
AcDb2dVertex
 10
-1081.049435499457
 20
-10.96480326398887
 30
0.0
  0
VERTEX
  5
492
330
442
100
AcDbEntity
  8
4_ANYTOOL_CUTTHROUGH_OUTSI
100
AcDbVertex
100
AcDb2dVertex
 10
-1057.299435501713
 20
-10.96480326398887
 30
0.0
 42
-0.4142135623583013
  0
VERTEX
  5
493
330
442
100
AcDbEntity
  8
4_ANYTOOL_CUTTHROUGH_OUTSI
100
AcDbVertex
100
AcDb2dVertex
 10
-1057.049435501711
 20
-11.21480326398887
 30
0.0
  0
VERTEX
  5
494
330
442
100
AcDbEntity
  8
4_ANYTOOL_CUTTHROUGH_OUTSI
100
AcDbVertex
100
AcDb2dVertex
 10
-1057.04943550174
 20
-23.21480326397432
 30
0.0
 42
-0.4142135623711008
  0
VERTEX
  5
495
330
442
100
AcDbEntity
  8
4_ANYTOOL_CUTTHROUGH_OUTSI
100
AcDbVertex
100
AcDb2dVertex
 10
-1057.29943550174
 20
-23.46480326397614
 30
0.0
  0
VERTEX
  5
496
330
442
100
AcDbEntity
  8
4_ANYTOOL_CUTTHROUGH_OUTSI
100
AcDbVertex
100
AcDb2dVertex
 10
-1063.049435501689
 20
-23.46480326397432
 30
0.0
  0
VERTEX
  5
497
330
442
100
AcDbEntity
  8
4_ANYTOOL_CUTTHROUGH_OUTSI
100
AcDbVertex
100
AcDb2dVertex
 10
-1063.049435499535
 20
-33.96480326394521
 30
0.0
  0
VERTEX
  5
498
330
442
100
AcDbEntity
  8
4_ANYTOOL_CUTTHROUGH_OUTSI
100
AcDbVertex
100
AcDb2dVertex
 10
-1057.29943550174
 20
-33.96480326394521
 30
0.0
 42
-0.4142135623624343
  0
VERTEX
  5
499
330
442
100
AcDbEntity
  8
4_ANYTOOL_CUTTHROUGH_OUTSI
100
AcDbVertex
100
AcDb2dVertex
 10
-1057.049435501735
 20
-34.21480326394521
 30
0.0
  0
VERTEX
  5
49A
330
442
100
AcDbEntity
  8
4_ANYTOOL_CUTTHROUGH_OUTSI
100
AcDbVertex
100
AcDb2dVertex
 10
-1057.04943550174
 20
-46.21480326393066
 30
0.0
 42
-0.4142135623838193
  0
VERTEX
  5
49B
330
442
100
AcDbEntity
  8
4_ANYTOOL_CUTTHROUGH_OUTSI
100
AcDbVertex
100
AcDb2dVertex
 10
-1057.29943550174
 20
-46.46480326393612
 30
0.0
  0
VERTEX
  5
49C
330
442
100
AcDbEntity
  8
4_ANYTOOL_CUTTHROUGH_OUTSI
100
AcDbVertex
100
AcDb2dVertex
 10
-1081.049435499997
 20
-46.46480326391611
 30
0.0
  0
VERTEX
  5
49D
330
442
100
AcDbEntity
  8
4_ANYTOOL_CUTTHROUGH_OUTSI
100
AcDbVertex
100
AcDb2dVertex
 10
-1081.049435499455
 20
-92.9648032638288
 30
0.0
  0
VERTEX
  5
49E
330
442
100
AcDbEntity
  8
4_ANYTOOL_CUTTHROUGH_OUTSI
100
AcDbVertex
100
AcDb2dVertex
 10
-981.5494354998755
 20
-92.96480326378514
 30
0.0
  0
VERTEX
  5
49F
330
442
100
AcDbEntity
  8
4_ANYTOOL_CUTTHROUGH_OUTSI
100
AcDbVertex
100
AcDb2dVertex
 10
-981.54943549989
 20
-69.21480326400342
 30
0.0
 42
-0.4142135624050919
  0
VERTEX
  5
4A0
330
442
100
AcDbEntity
  8
4_ANYTOOL_CUTTHROUGH_OUTSI
100
AcDbVertex
100
AcDb2dVertex
 10
-981.29943549989
 20
-68.9648032640016
 30
0.0
  0
VERTEX
  5
4A1
330
442
100
AcDbEntity
  8
4_ANYTOOL_CUTTHROUGH_OUTSI
100
AcDbVertex
100
AcDb2dVertex
 10
-969.29943549989
 20
-68.96480326399615
 30
0.0
 42
-0.4142135623879653
  0
VERTEX
  5
4A2
330
442
100
AcDbEntity
  8
4_ANYTOOL_CUTTHROUGH_OUTSI
100
AcDbVertex
100
AcDb2dVertex
 10
-969.0494354998918
 20
-69.21480326399615
 30
0.0
  0
VERTEX
  5
4A3
330
442
100
AcDbEntity
  8
4_ANYTOOL_CUTTHROUGH_OUTSI
100
AcDbVertex
100
AcDb2dVertex
 10
-969.04943549989
 20
-74.96480326398887
 30
0.0
  0
VERTEX
  5
4A4
330
442
100
AcDbEntity
  8
4_ANYTOOL_CUTTHROUGH_OUTSI
100
AcDbVertex
100
AcDb2dVertex
 10
-943.5494355000646
 20
-74.96480326400342
 30
0.0
  0
VERTEX
  5
4A5
330
442
100
AcDbEntity
  8
4_ANYTOOL_CUTTHROUGH_OUTSI
100
AcDbVertex
100
AcDb2dVertex
 10
-943.5494355000646
 20
-69.2148032640107
 30
0.0
 42
-0.414213562321855
  0
VERTEX
  5
4A6
330
442
100
AcDbEntity
  8
4_ANYTOOL_CUTTHROUGH_OUTSI
100
AcDbVertex
100
AcDb2dVertex
 10
-943.2994355000646
 20
-68.9648032640107
 30
0.0
  0
VERTEX
  5
4A7
330
442
100
AcDbEntity
  8
4_ANYTOOL_CUTTHROUGH_OUTSI
100
AcDbVertex
100
AcDb2dVertex
 10
-931.2994355006467
 20
-68.96480326399615
 30
0.0
 42
-0.4142135623176711
  0
VERTEX
  5
4A8
330
442
100
AcDbEntity
  8
4_ANYTOOL_CUTTHROUGH_OUTSI
100
AcDbVertex
100
AcDb2dVertex
 10
-931.0494355006504
 20
-69.21480326399615
 30
0.0
  0
VERTEX
  5
4A9
330
442
100
AcDbEntity
  8
4_ANYTOOL_CUTTHROUGH_OUTSI
100
AcDbVertex
100
AcDb2dVertex
 10
-931.0494355006304
 20
-74.96480326395977
 30
0.0
  0
VERTEX
  5
4AA
330
442
100
AcDbEntity
  8
4_ANYTOOL_CUTTHROUGH_OUTSI
100
AcDbVertex
100
AcDb2dVertex
 10
-831.0494355006267
 20
-74.96480326397432
 30
0.0
  0
VERTEX
  5
4AB
330
442
100
AcDbEntity
  8
4_ANYTOOL_CUTTHROUGH_OUTSI
100
AcDbVertex
100
AcDb2dVertex
 10
-831.0494355006267
 20
-69.21480326397432
 30
0.0
 42
-0.4142135623795464
  0
VERTEX
  5
4AC
330
442
100
AcDbEntity
  8
4_ANYTOOL_CUTTHROUGH_OUTSI
100
AcDbVertex
100
AcDb2dVertex
 10
-830.7994355006267
 20
-68.96480326397977
 30
0.0
  0
VERTEX
  5
4AD
330
442
100
AcDbEntity
  8
4_ANYTOOL_CUTTHROUGH_OUTSI
100
AcDbVertex
100
AcDb2dVertex
 10
-818.7994355006267
 20
-68.96480326397432
 30
0.0
 42
-0.4142135623731421
  0
VERTEX
  5
4AE
330
442
100
AcDbEntity
  8
4_ANYTOOL_CUTTHROUGH_OUTSI
100
AcDbVertex
100
AcDb2dVertex
 10
-818.5494355006267
 20
-69.21480326397432
 30
0.0
  0
VERTEX
  5
4AF
330
442
100
AcDbEntity
  8
4_ANYTOOL_CUTTHROUGH_OUTSI
100
AcDbVertex
100
AcDb2dVertex
 10
-818.5494355006285
 20
-92.96480326395977
 30
0.0
  0
VERTEX
  5
4B0
330
442
100
AcDbEntity
  8
4_ANYTOOL_CUTTHROUGH_OUTSI
100
AcDbVertex
100
AcDb2dVertex
 10
-744.0494355006285
 20
-92.96480326395977
 30
0.0
  0
VERTEX
  5
4B1
330
442
100
AcDbEntity
  8
4_ANYTOOL_CUTTHROUGH_OUTSI
100
AcDbVertex
100
AcDb2dVertex
 10
-744.0494355006267
 20
-69.21480326397432
 30
0.0
 42
-0.4142135623667361
  0
VERTEX
  5
4B2
330
442
100
AcDbEntity
  8
4_ANYTOOL_CUTTHROUGH_OUTSI
100
AcDbVertex
100
AcDb2dVertex
 10
-743.7994355006267
 20
-68.96480326398341
 30
0.0
  0
VERTEX
  5
4B3
330
442
100
AcDbEntity
  8
4_ANYTOOL_CUTTHROUGH_OUTSI
100
AcDbVertex
100
AcDb2dVertex
 10
-731.7994355006267
 20
-68.96480326397432
 30
0.0
 42
-0.4142135623603796
  0
VERTEX
  5
4B4
330
442
100
AcDbEntity
  8
4_ANYTOOL_CUTTHROUGH_OUTSI
100
AcDbVertex
100
AcDb2dVertex
 10
-731.5494355006231
 20
-69.21480326397432
 30
0.0
  0
VERTEX
  5
4B5
330
442
100
AcDbEntity
  8
4_ANYTOOL_CUTTHROUGH_OUTSI
100
AcDbVertex
100
AcDb2dVertex
 10
-731.5494355006267
 20
-74.96480326398887
 30
0.0
  0
VERTEX
  5
4B6
330
442
100
AcDbEntity
  8
4_ANYTOOL_CUTTHROUGH_OUTSI
100
AcDbVertex
100
AcDb2dVertex
 10
-593.549435500785
 20
-74.96480326386518
 30
0.0
  0
VERTEX
  5
4B7
330
442
100
AcDbEntity
  8
4_ANYTOOL_CUTTHROUGH_OUTSI
100
AcDbVertex
100
AcDb2dVertex
 10
-593.549435500785
 20
-69.21480326386518
 30
0.0
 42
-0.414213562373048
  0
VERTEX
  5
4B8
330
442
100
AcDbEntity
  8
4_ANYTOOL_CUTTHROUGH_OUTSI
100
AcDbVertex
100
AcDb2dVertex
 10
-593.299435500785
 20
-68.96480326386518
 30
0.0
  0
VERTEX
  5
4B9
330
442
100
AcDbEntity
  8
4_ANYTOOL_CUTTHROUGH_OUTSI
100
AcDbVertex
100
AcDb2dVertex
 10
-581.2994355007777
 20
-68.96480326387973
 30
0.0
 42
-0.4142135623859399
  0
VERTEX
  5
4BA
330
442
100
AcDbEntity
  8
4_ANYTOOL_CUTTHROUGH_OUTSI
100
AcDbVertex
100
AcDb2dVertex
 10
-581.0494355007813
 20
-69.21480326387973
 30
0.0
  0
VERTEX
  5
4BB
330
442
100
AcDbEntity
  8
4_ANYTOOL_CUTTHROUGH_OUTSI
100
AcDbVertex
100
AcDb2dVertex
 10
-581.0494355008141
 20
-92.96480326362507
 30
0.0
  0
VERTEX
  5
4BC
330
442
100
AcDbEntity
  8
4_ANYTOOL_CUTTHROUGH_OUTSI
100
AcDbVertex
100
AcDb2dVertex
 10
-506.5494355007922
 20
-92.96480326373421
 30
0.0
  0
VERTEX
  5
4BD
330
442
100
AcDbEntity
  8
4_ANYTOOL_CUTTHROUGH_OUTSI
100
AcDbVertex
100
AcDb2dVertex
 10
-506.5494355007922
 20
-69.21480326374876
 30
0.0
 42
-0.4142135624285075
  0
VERTEX
  5
4BE
330
442
100
AcDbEntity
  8
4_ANYTOOL_CUTTHROUGH_OUTSI
100
AcDbVertex
100
AcDb2dVertex
 10
-506.2994355007922
 20
-68.9648032637524
 30
0.0
  0
VERTEX
  5
4BF
330
442
100
AcDbEntity
  8
4_ANYTOOL_CUTTHROUGH_OUTSI
100
AcDbVertex
100
AcDb2dVertex
 10
-494.2994355007922
 20
-68.96480326374876
 30
0.0
 42
-0.4142135624114784
  0
VERTEX
  5
4C0
330
442
100
AcDbEntity
  8
4_ANYTOOL_CUTTHROUGH_OUTSI
100
AcDbVertex
100
AcDb2dVertex
 10
-494.0494355007886
 20
-69.21480326374876
 30
0.0
  0
VERTEX
  5
4C1
330
442
100
AcDbEntity
  8
4_ANYTOOL_CUTTHROUGH_OUTSI
100
AcDbVertex
100
AcDb2dVertex
 10
-494.0494355007904
 20
-74.96480326374876
 30
0.0
  0
VERTEX
  5
4C2
330
442
100
AcDbEntity
  8
4_ANYTOOL_CUTTHROUGH_OUTSI
100
AcDbVertex
100
AcDb2dVertex
 10
-468.5494355007904
 20
-74.96480326374876
 30
0.0
  0
VERTEX
  5
4C3
330
442
100
AcDbEntity
  8
4_ANYTOOL_CUTTHROUGH_OUTSI
100
AcDbVertex
100
AcDb2dVertex
 10
-468.5494355007922
 20
-69.21480326374876
 30
0.0
 42
-0.4142135623965009
  0
VERTEX
  5
4C4
330
442
100
AcDbEntity
  8
4_ANYTOOL_CUTTHROUGH_OUTSI
100
AcDbVertex
100
AcDb2dVertex
 10
-468.2994355007922
 20
-68.96480326375422
 30
0.0
  0
VERTEX
  5
4C5
330
442
100
AcDbEntity
  8
4_ANYTOOL_CUTTHROUGH_OUTSI
100
AcDbVertex
100
AcDb2dVertex
 10
-456.2994355007922
 20
-68.96480326374876
 30
0.0
 42
-0.4142135624114784
  0
VERTEX
  5
4C6
330
442
100
AcDbEntity
  8
4_ANYTOOL_CUTTHROUGH_OUTSI
100
AcDbVertex
100
AcDb2dVertex
 10
-456.0494355007886
 20
-69.21480326374876
 30
0.0
  0
VERTEX
  5
4C7
330
442
100
AcDbEntity
  8
4_ANYTOOL_CUTTHROUGH_OUTSI
100
AcDbVertex
100
AcDb2dVertex
 10
-456.0494355007904
 20
-92.96480326373421
 30
0.0
  0
VERTEX
  5
4C8
330
442
100
AcDbEntity
  8
4_ANYTOOL_CUTTHROUGH_OUTSI
100
AcDbVertex
100
AcDb2dVertex
 10
-381.5494355007904
 20
-92.96480326373421
 30
0.0
  0
VERTEX
  5
4C9
330
442
100
AcDbEntity
  8
4_ANYTOOL_CUTTHROUGH_OUTSI
100
AcDbVertex
100
AcDb2dVertex
 10
-381.5494355007904
 20
-69.21480326392339
 30
0.0
 42
-0.4142135623944573
  0
VERTEX
  5
4CA
330
442
100
AcDbEntity
  8
4_ANYTOOL_CUTTHROUGH_OUTSI
100
AcDbVertex
100
AcDb2dVertex
 10
-381.2994355007904
 20
-68.96480326392702
 30
0.0
  0
VERTEX
  5
4CB
330
442
100
AcDbEntity
  8
4_ANYTOOL_CUTTHROUGH_OUTSI
100
AcDbVertex
100
AcDb2dVertex
 10
-369.2994355007904
 20
-68.96480326392339
 30
0.0
 42
-0.4142135623859399
  0
VERTEX
  5
4CC
330
442
100
AcDbEntity
  8
4_ANYTOOL_CUTTHROUGH_OUTSI
100
AcDbVertex
100
AcDb2dVertex
 10
-369.0494355007941
 20
-69.21480326392339
 30
0.0
  0
VERTEX
  5
4CD
330
442
100
AcDbEntity
  8
4_ANYTOOL_CUTTHROUGH_OUTSI
100
AcDbVertex
100
AcDb2dVertex
 10
-369.0494355007904
 20
-74.96480326393066
 30
0.0
  0
VERTEX
  5
4CE
330
442
100
AcDbEntity
  8
4_ANYTOOL_CUTTHROUGH_OUTSI
100
AcDbVertex
100
AcDb2dVertex
 10
-231.0494354994898
 20
-74.96480326606252
 30
0.0
  0
VERTEX
  5
4CF
330
442
100
AcDbEntity
  8
4_ANYTOOL_CUTTHROUGH_OUTSI
100
AcDbVertex
100
AcDb2dVertex
 10
-231.0494354994898
 20
-69.2148032660698
 30
0.0
 42
-0.4142135623667125
  0
VERTEX
  5
4D0
330
442
100
AcDbEntity
  8
4_ANYTOOL_CUTTHROUGH_OUTSI
100
AcDbVertex
100
AcDb2dVertex
 10
-230.7994354994898
 20
-68.96480326607889
 30
0.0
  0
VERTEX
  5
4D1
330
442
100
AcDbEntity
  8
4_ANYTOOL_CUTTHROUGH_OUTSI
100
AcDbVertex
100
AcDb2dVertex
 10
-218.7994354994898
 20
-68.9648032660698
 30
0.0
 42
-0.4142135623880222
  0
VERTEX
  5
4D2
330
442
100
AcDbEntity
  8
4_ANYTOOL_CUTTHROUGH_OUTSI
100
AcDbVertex
100
AcDb2dVertex
 10
-218.5494354994917
 20
-69.2148032660698
 30
0.0
  0
VERTEX
  5
4D3
330
442
100
AcDbEntity
  8
4_ANYTOOL_CUTTHROUGH_OUTSI
100
AcDbVertex
100
AcDb2dVertex
 10
-218.5494354994917
 20
-92.9648032660698
 30
0.0
  0
VERTEX
  5
4D4
330
442
100
AcDbEntity
  8
4_ANYTOOL_CUTTHROUGH_OUTSI
100
AcDbVertex
100
AcDb2dVertex
 10
-144.0494354994917
 20
-92.96480326606252
 30
0.0
  0
VERTEX
  5
4D5
330
442
100
AcDbEntity
  8
4_ANYTOOL_CUTTHROUGH_OUTSI
100
AcDbVertex
100
AcDb2dVertex
 10
-144.0494354994917
 20
-69.21480326606252
 30
0.0
 42
-0.4142135623687863
  0
VERTEX
  5
4D6
330
442
100
AcDbEntity
  8
4_ANYTOOL_CUTTHROUGH_OUTSI
100
AcDbVertex
100
AcDb2dVertex
 10
-143.7994354994917
 20
-68.96480326605888
 30
0.0
  0
VERTEX
  5
4D7
330
442
100
AcDbEntity
  8
4_ANYTOOL_CUTTHROUGH_OUTSI
100
AcDbVertex
100
AcDb2dVertex
 10
-131.7994354994953
 20
-68.96480326605524
 30
0.0
 42
-0.4142135623730853
  0
VERTEX
  5
4D8
330
442
100
AcDbEntity
  8
4_ANYTOOL_CUTTHROUGH_OUTSI
100
AcDbVertex
100
AcDb2dVertex
 10
-131.5494354994953
 20
-69.21480326605524
 30
0.0
  0
VERTEX
  5
4D9
330
442
100
AcDbEntity
  8
4_ANYTOOL_CUTTHROUGH_OUTSI
100
AcDbVertex
100
AcDb2dVertex
 10
-131.5494354994953
 20
-74.96480326605524
 30
0.0
  0
VERTEX
  5
4DA
330
442
100
AcDbEntity
  8
4_ANYTOOL_CUTTHROUGH_OUTSI
100
AcDbVertex
100
AcDb2dVertex
 10
-43.54943550002645
 20
-74.96480326598248
 30
0.0
  0
VERTEX
  5
4DB
330
442
100
AcDbEntity
  8
4_ANYTOOL_CUTTHROUGH_OUTSI
100
AcDbVertex
100
AcDb2dVertex
 10
-43.54943550001917
 20
-69.21480326598248
 30
0.0
 42
-0.4142135623219491
  0
VERTEX
  5
4DC
330
442
100
AcDbEntity
  8
4_ANYTOOL_CUTTHROUGH_OUTSI
100
AcDbVertex
100
AcDb2dVertex
 10
-43.29943550001917
 20
-68.96480326598248
 30
0.0
  0
VERTEX
  5
4DD
330
442
100
AcDbEntity
  8
4_ANYTOOL_CUTTHROUGH_OUTSI
100
AcDbVertex
100
AcDb2dVertex
 10
-31.29943550001553
 20
-68.96480326596793
 30
0.0
 42
-0.4142135623560411
  0
VERTEX
  5
4DE
330
442
100
AcDbEntity
  8
4_ANYTOOL_CUTTHROUGH_OUTSI
100
AcDbVertex
100
AcDb2dVertex
 10
-31.04943550001553
 20
-69.21480326595338
 30
0.0
  0
VERTEX
  5
4DF
330
442
100
AcDbEntity
  8
4_ANYTOOL_CUTTHROUGH_OUTSI
100
AcDbVertex
100
AcDb2dVertex
 10
-31.04943549883319
 20
-92.96480326671735
 30
0.0
  0
VERTEX
  5
4E0
330
442
100
AcDbEntity
  8
4_ANYTOOL_CUTTHROUGH_OUTSI
100
AcDbVertex
100
AcDb2dVertex
 10
1018.450564498438
 20
-92.96480326582241
 30
0.0
  0
SEQEND
  5
4E1
330
442
100
AcDbEntity
  8
4_ANYTOOL_CUTTHROUGH_OUTSI
  0
ENDSEC
  0
SECTION
  2
OBJECTS
  0
DICTIONARY
  5
C
330
0
100
AcDbDictionary
  3
ACAD_GROUP
350
D
  3
ACAD_LAYOUT
350
1A
  3
ACAD_MATERIAL
350
43
  3
ACAD_MLEADERSTYLE
350
5B
  3
ACAD_MLINESTYLE
350
17
  3
ACAD_PLOTSETTINGS
350
19
  3
ACAD_SCALELIST
350
47
  3
ACAD_VISUALSTYLE
350
2A
  3
ACDBHEADERROUNDTRIPXREC
350
4E2
  3
ACDBVARIABLEDICTIONARY
350
503
  3
DWGPROPS
350
50A
  0
DICTIONARY
  5
50B
330
8
100
AcDbDictionary
280
     1
  3
ACAD_XREC_ROUNDTRIP
360
50C
  0
DICTIONARY
  5
D
102
{ACAD_REACTORS
330
C
102
}
330
C
100
AcDbDictionary
  0
DICTIONARY
  5
1A
102
{ACAD_REACTORS
330
C
102
}
330
C
100
AcDbDictionary
  0
DICTIONARY
  5
43
102
{ACAD_REACTORS
330
C
102
}
330
C
100
AcDbDictionary
  3
BYBLOCK
350
45
  3
BYLAYER
350
44
  3
GLOBAL
350
46
  0
DICTIONARY
  5
5B
102
{ACAD_REACTORS
330
C
102
}
330
C
100
AcDbDictionary
  3
STANDARD
350
5C
  0
DICTIONARY
  5
17
102
{ACAD_REACTORS
330
C
102
}
330
C
100
AcDbDictionary
  3
STANDARD
350
18
  0
DICTIONARY
  5
19
102
{ACAD_REACTORS
330
C
102
}
330
C
100
AcDbDictionary
  0
DICTIONARY
  5
47
102
{ACAD_REACTORS
330
C
102
}
330
C
100
AcDbDictionary
  3
A0
350
48
  3
A1
350
49
  3
A2
350
4A
  3
A3
350
4B
  3
A4
350
4C
  3
A5
350
4D
  3
A6
350
4E
  3
A7
350
4F
  3
A8
350
50
  3
A9
350
51
  3
B1
350
52
  3
B2
350
53
  3
B3
350
54
  3
B4
350
55
  3
B5
350
56
  3
B6
350
57
  3
B7
350
58
  0
DICTIONARY
  5
2A
102
{ACAD_REACTORS
330
C
102
}
330
C
100
AcDbDictionary
  3
2DWIREFRAME
350
2F
  3
BASIC
350
32
  3
BRIGHTEN
350
36
  3
COLORCHANGE
350
3A
  3
CONCEPTUAL
350
34
  3
DIM
350
35
  3
EDGECOLOROFF
350
3D
  3
FACEPATTERN
350
39
  3
FLAT
350
2B
  3
FLATWITHEDGES
350
2C
  3
GOURAUD
350
2D
  3
GOURAUDWITHEDGES
350
2E
  3
HIDDEN
350
31
  3
JITTEROFF
350
3B
  3
LINEPATTERN
350
38
  3
OVERHANGOFF
350
3C
  3
REALISTIC
350
33
  3
SHADED
350
42
  3
SHADED_WITH_EDGES
350
41
  3
SHADES_OF_GRAY
350
3E
  3
SKETCHY
350
3F
  3
THICKEN
350
37
  3
WIREFRAME
350
30
  3
X-RAY
350
40
  0
DICTIONARY
  5
4E2
102
{ACAD_REACTORS
330
C
102
}
330
C
100
AcDbDictionary
  3
CEPSNID
350
4EC
  3
CEPSNTYPE
350
4EB
  3
DIMSTYLEDATA
350
502
  3
FINGERPRINTGUID
350
4ED
  3
HYPERLINKBASE
350
4E5
  3
INSUNITS
350
4EA
  3
LAYOUTDICT
350
4E7
  3
LWETCUNION
350
4E9
  3
PLOTSETDICT
350
4E8
  3
PSVPSCALE
350
4EF
  3
PUCSBASE
350
4F2
  3
PUCSORGBACK
350
4F8
  3
PUCSORGBOTTOM
350
4F4
  3
PUCSORGFRONT
350
4F7
  3
PUCSORGLEFT
350
4F5
  3
PUCSORGRIGHT
350
4F6
  3
PUCSORGTOP
350
4F3
  3
PUCSORTHOREF
350
4F0
  3
PUCSORTHOVIEW
350
4F1
  3
STYLESHEET
350
4E6
  3
TSTACKALIGN
350
4E3
  3
TSTACKSIZE
350
4E4
  3
UCSBASE
350
4FB
  3
UCSORGBACK
350
501
  3
UCSORGBOTTOM
350
4FD
  3
UCSORGFRONT
350
500
  3
UCSORGLEFT
350
4FE
  3
UCSORGRIGHT
350
4FF
  3
UCSORGTOP
350
4FC
  3
UCSORTHOREF
350
4F9
  3
UCSORTHOVIEW
350
4FA
  3
VERSIONGUID
350
4EE
  0
DICTIONARY
  5
503
102
{ACAD_REACTORS
330
C
102
}
330
C
100
AcDbDictionary
  3
CANNOSCALE
350
50D
  3
CMLEADERSTYLE
350
505
  3
CTABLESTYLE
350
504
  3
DIMASSOC
350
508
  3
HIDETEXT
350
509
  3
MSLTSCALE
350
50E
  0
XRECORD
  5
50A
102
{ACAD_REACTORS
330
C
102
}
330
C
100
AcDbXrecord
  1
DWGPROPS COOKIE
  2

  3

  4

  6

  7

  8
clayt
  9

300
=
301
=
302
=
303
=
304
=
305
=
306
=
307
=
308
=
309
=
 40
0.0
 41
2461243.606704283
 42
2461243.606704445
  1

 90
        0
  0
XRECORD
  5
50C
102
{ACAD_REACTORS
330
50B
102
}
330
50B
100
AcDbXrecord
102
VTR_0.000_0.000_1.000_1.000_VISUALSTYLE
340
2F
102
VTR_0.000_0.000_1.000_1.000_GRIDDISPLAY
 70
     3
102
VTR_0.000_0.000_1.000_1.000_GRIDMAJOR
 70
     5
102
VTR_0.000_0.000_1.000_1.000_DEFAULTLIGHTING
280
     1
102
VTR_0.000_0.000_1.000_1.000_DEFAULTLIGHTINGTYPE
 70
     1
102
VTR_0.000_0.000_1.000_1.000_BRIGHTNESS
141
0.0
102
VTR_0.000_0.000_1.000_1.000_CONTRAST
142
0.0
  0
MATERIAL
  5
45
102
{ACAD_REACTORS
330
43
102
}
102
{ACAD_XDICTIONARY
360
511
102
}
330
43
100
AcDbMaterial
  1
BYBLOCK
  0
MATERIAL
  5
44
102
{ACAD_REACTORS
330
43
102
}
102
{ACAD_XDICTIONARY
360
50F
102
}
330
43
100
AcDbMaterial
  1
BYLAYER
  0
MATERIAL
  5
46
102
{ACAD_REACTORS
330
43
102
}
102
{ACAD_XDICTIONARY
360
513
102
}
330
43
100
AcDbMaterial
  1
GLOBAL
  0
ACAD_PROXY_OBJECT
  5
5C
102
{ACAD_REACTORS
330
5B
102
}
330
5B
100
AcDbProxyObject
 90
      499
 91
      505
 93
      610
310
40901902A4063FBFFFFFE056BD1B81E855B9FC0AD7A3703D0AD73F4214DD185B99185C9900AD7A3703D0AC73F90141901A02B5E8DC0F42B1CFC02B5E8DC0F42B1CFE5764000000000000300FC0
340
14
340
0
340
11
340
0
 94
        0
1001
ACAD_MLEADERVER
1070
     2
  0
MLINESTYLE
  5
18
102
{ACAD_REACTORS
330
17
102
}
330
17
100
AcDbMlineStyle
  2
Standard
 70
     0
  3

 62
   256
 51
90.0
 52
90.0
 71
     2
 49
0.5
 62
   256
  6
BYLAYER
 49
-0.5
 62
   256
  6
BYLAYER
  0
ACAD_PROXY_OBJECT
  5
48
102
{ACAD_REACTORS
330
47
102
}
330
47
100
AcDbProxyObject
 90
      499
 91
      503
 93
       41
310
903313A31580
  0
ACAD_PROXY_OBJECT
  5
49
102
{ACAD_REACTORS
330
47
102
}
330
47
100
AcDbProxyObject
 90
      499
 91
      503
 93
      257
310
90E312F31323822203D2031272D3022000000000000200FC000000000000284000
  0
ACAD_PROXY_OBJECT
  5
4A
102
{ACAD_REACTORS
330
47
102
}
330
47
100
AcDbProxyObject
 90
      499
 91
      503
 93
      249
310
90D312F363422203D2031272D3022000000000000240FC000000000000284000
  0
ACAD_PROXY_OBJECT
  5
4B
102
{ACAD_REACTORS
330
47
102
}
330
47
100
AcDbProxyObject
 90
      499
 91
      503
 93
      249
310
90D312F333222203D2031272D3022000000000000280FC000000000000284000
  0
ACAD_PROXY_OBJECT
  5
4C
102
{ACAD_REACTORS
330
47
102
}
330
47
100
AcDbProxyObject
 90
      499
 91
      503
 93
      249
310
90D312F313622203D2031272D30220000000000002C0FC000000000000284000
  0
ACAD_PROXY_OBJECT
  5
4D
102
{ACAD_REACTORS
330
47
102
}
330
47
100
AcDbProxyObject
 90
      499
 91
      503
 93
      249
310
90D332F333222203D2031272D30220000000000002E0FC000000000000284000
  0
ACAD_PROXY_OBJECT
  5
4E
102
{ACAD_REACTORS
330
47
102
}
330
47
100
AcDbProxyObject
 90
      499
 91
      503
 93
      241
310
90C312F3822203D2031272D3022000000000000300FC000000000000284000
  0
ACAD_PROXY_OBJECT
  5
4F
102
{ACAD_REACTORS
330
47
102
}
330
47
100
AcDbProxyObject
 90
      499
 91
      503
 93
      249
310
90D332F313622203D2031272D3022000000000000320FC000000000000284000
  0
ACAD_PROXY_OBJECT
  5
50
102
{ACAD_REACTORS
330
47
102
}
330
47
100
AcDbProxyObject
 90
      499
 91
      503
 93
      241
310
90C312F3422203D2031272D3022000000000000340FC000000000000284000
  0
ACAD_PROXY_OBJECT
  5
51
102
{ACAD_REACTORS
330
47
102
}
330
47
100
AcDbProxyObject
 90
      499
 91
      503
 93
      241
310
90C332F3822203D2031272D3022000000000000360FC000000000000284000
  0
ACAD_PROXY_OBJECT
  5
52
102
{ACAD_REACTORS
330
47
102
}
330
47
100
AcDbProxyObject
 90
      499
 91
      503
 93
      241
310
90C312F3222203D2031272D3022000000000000380FC000000000000284000
  0
ACAD_PROXY_OBJECT
  5
53
102
{ACAD_REACTORS
330
47
102
}
330
47
100
AcDbProxyObject
 90
      499
 91
      503
 93
      241
310
90C332F3422203D2031272D30220000000000003A0FC000000000000284000
  0
ACAD_PROXY_OBJECT
  5
54
102
{ACAD_REACTORS
330
47
102
}
330
47
100
AcDbProxyObject
 90
      499
 91
      503
 93
      161
310
90A3122203D2031272D30224000000000000284000
  0
ACAD_PROXY_OBJECT
  5
55
102
{ACAD_REACTORS
330
47
102
}
330
47
100
AcDbProxyObject
 90
      499
 91
      503
 93
      257
310
90E312D312F3222203D2031272D30220000000000003E0FC000000000000284000
  0
ACAD_PROXY_OBJECT
  5
56
102
{ACAD_REACTORS
330
47
102
}
330
47
100
AcDbProxyObject
 90
      499
 91
      503
 93
      225
310
90A3322203D2031272D302200000000000002100000000000000284000
  0
ACAD_PROXY_OBJECT
  5
57
102
{ACAD_REACTORS
330
47
102
}
330
47
100
AcDbProxyObject
 90
      499
 91
      503
 93
      225
310
90A3622203D2031272D302200000000000006100000000000000284000
  0
ACAD_PROXY_OBJECT
  5
58
102
{ACAD_REACTORS
330
47
102
}
330
47
100
AcDbProxyObject
 90
      499
 91
      503
 93
      249
310
90D31272D3022203D2031272D30220000000000000A100000000000000284000
  0
ACAD_PROXY_OBJECT
  5
2F
102
{ACAD_REACTORS
330
2A
102
}
330
2A
100
AcDbProxyObject
 90
      499
 91
      501
 93
      436
310
42CC9915DA5C99599C985B595049028333333333333E33F0000000000000F90107901411070040501600405405064090741402480A0340
1001
ACAD
1000
AcDbSavedByObjectVersion
1070
     0
  0
ACAD_PROXY_OBJECT
  5
32
102
{ACAD_REACTORS
330
2A
102
}
330
2A
100
AcDbProxyObject
 90
      499
 91
      501
 93
      388
310
4150985CDA58D07406404333333333333E33F0000000000000F90107A41107004050150841D405064090741402480A0350
1001
ACAD
1000
AcDbSavedByObjectVersion
1070
     0
  0
ACAD_PROXY_OBJECT
  5
36
102
{ACAD_REACTORS
330
2A
102
}
330
2A
100
AcDbProxyObject
 90
      499
 91
      501
 93
      428
310
42109C9A59DA1D195B90C409028333333333333E33F0000000000000F9010790141107004050150841D405064090741402480A029950
1001
ACAD
1000
AcDbSavedByObjectVersion
1070
     0
  0
ACAD_PROXY_OBJECT
  5
3A
102
{ACAD_REACTORS
330
2A
102
}
330
2A
100
AcDbProxyObject
 90
      499
 91
      501
 93
      452
310
42D0DBDB1BDC90DA185B99D95104090240C333333333333E33F0000000000000F90108901411070040501508421405064090741402480A0350
1001
ACAD
1000
AcDbSavedByObjectVersion
1070
     0
  0
ACAD_PROXY_OBJECT
  5
34
102
{ACAD_REACTORS
330
2A
102
}
330
2A
100
AcDbProxyObject
 90
      499
 91
      501
 93
      500
310
4290DBDB98D95C1D1D585B10940D028333333333333E33F0000000000000F90107902409070040501000000000018199010841D405064090740C02480A0340
1001
ACAD
1000
AcDbSavedByObjectVersion
1070
     0
  0
ACAD_PROXY_OBJECT
  5
35
102
{ACAD_REACTORS
330
2A
102
}
330
2A
100
AcDbProxyObject
 90
      499
 91
      501
 93
      412
310
40D11A5B50B409028333333333333E33F0000000000000F9010790141107004050150841D405064090741402480A02677FFFFFD0
1001
ACAD
1000
AcDbSavedByObjectVersion
1070
     0
  0
ACAD_PROXY_OBJECT
  5
3D
102
{ACAD_REACTORS
330
2A
102
}
330
2A
100
AcDbProxyObject
 90
      499
 91
      501
 93
      452
310
43115919D950DBDB1BDC93D999916409028333333333333E33F0000000000000F9010790141107004050150841D405064090741402480A0350
1001
ACAD
1000
AcDbSavedByObjectVersion
1070
     0
  0
ACAD_PROXY_OBJECT
  5
39
102
{ACAD_REACTORS
330
2A
102
}
330
2A
100
AcDbProxyObject
 90
      499
 91
      501
 93
      444
310
42D19858D95C185D1D195C9B90F409028333333333333E33F0000000000000F9010790141107004050150841D405064090741402480A0350
1001
ACAD
1000
AcDbSavedByObjectVersion
1070
     0
  0
ACAD_PROXY_OBJECT
  5
2B
102
{ACAD_REACTORS
330
2A
102
}
330
2A
100
AcDbProxyObject
 90
      499
 91
      501
 93
      380
310
41119B185D240901404333333333333E33F0000000000000F9010740A907004050150841D405064090741402480A1B50
1001
ACAD
1000
AcDbSavedByObjectVersion
1070
     0
  0
ACAD_PROXY_OBJECT
  5
2C
102
{ACAD_REACTORS
330
2A
102
}
330
2A
100
AcDbProxyObject
 90
      499
 91
      501
 93
      468
310
43519B185D15DA5D1A115919D95CD0140901404333333333333E33F0000000000000F90107409019070040501600405405064090741402480A1B50
1001
ACAD
1000
AcDbSavedByObjectVersion
1070
     0
  0
ACAD_PROXY_OBJECT
  5
2D
102
{ACAD_REACTORS
330
2A
102
}
330
2A
100
AcDbProxyObject
 90
      499
 91
      501
 93
      404
310
41D1DBDD5C985D5910240902404333333333333E33F0000000000000F9010740A9070040501641D405064090741402480A1B50
1001
ACAD
1000
AcDbSavedByObjectVersion
1070
     0
  0
ACAD_PROXY_OBJECT
  5
2E
102
{ACAD_REACTORS
330
2A
102
}
330
2A
100
AcDbProxyObject
 90
      499
 91
      501
 93
      492
310
4411DBDD5C985D5915DA5D1A115919D95CD0340902404333333333333E33F0000000000000F90107409019070040501600405405064090741402480A1B50
1001
ACAD
1000
AcDbSavedByObjectVersion
1070
     0
  0
ACAD_PROXY_OBJECT
  5
31
102
{ACAD_REACTORS
330
2A
102
}
330
2A
100
AcDbProxyObject
 90
      499
 91
      501
 93
      476
310
41921A5919195B90640502408333333333333E33F0000000000000F901079024090700405020000000000001110200405405064090740C02480A0340
1001
ACAD
1000
AcDbSavedByObjectVersion
1070
     0
  0
ACAD_PROXY_OBJECT
  5
3B
102
{ACAD_REACTORS
330
2A
102
}
330
2A
100
AcDbProxyObject
 90
      499
 91
      501
 93
      428
310
42529A5D1D195C93D999914409028333333333333E33F0000000000000F9010790141107004050150A41D405064090741402480A0350
1001
ACAD
1000
AcDbSavedByObjectVersion
1070
     0
  0
ACAD_PROXY_OBJECT
  5
38
102
{ACAD_REACTORS
330
2A
102
}
330
2A
100
AcDbProxyObject
 90
      499
 91
      501
 93
      444
310
42D31A5B995C185D1D195C9B90E409028333333333333E33F0000000000000F9010790141107004050750841D405064090741402483A0350
1001
ACAD
1000
AcDbSavedByObjectVersion
1070
     0
  0
ACAD_PROXY_OBJECT
  5
3C
102
{ACAD_REACTORS
330
2A
102
}
330
2A
100
AcDbProxyObject
 90
      499
 91
      501
 93
      444
310
42D3DD995C9A185B99D3D999915409028333333333333E33F0000000000000F9010790141107004050150941D405064090741402480A0350
1001
ACAD
1000
AcDbSavedByObjectVersion
1070
     0
  0
ACAD_PROXY_OBJECT
  5
33
102
{ACAD_REACTORS
330
2A
102
}
330
2A
100
AcDbProxyObject
 90
      499
 91
      501
 93
      428
310
425499585B1A5CDD1A58D08409038333333333333E33F0000000000000F9010740A907004050150800405405064090740C02480A1B40
1001
ACAD
1000
AcDbSavedByObjectVersion
1070
     0
  0
ACAD_PROXY_OBJECT
  5
42
102
{ACAD_REACTORS
330
2A
102
}
330
2A
100
AcDbProxyObject
 90
      499
 91
      501
 93
      420
310
4194DA1859195911B40902404333333333333E33F0000000000000F9010740A41107004050150800405405064090840C02480A0B40
1001
ACAD
1000
AcDbSavedByObjectVersion
1070
     0
  0
ACAD_PROXY_OBJECT
  5
41
102
{ACAD_REACTORS
330
2A
102
}
330
2A
100
AcDbProxyObject
 90
      499
 91
      501
 93
      516
310
4454DA18591959081DDA5D1A08195919D95CD1A40902404333333333333E33F0000000000000F901074090142907004050250800405405064090740C02480A0B40
1001
ACAD
1000
AcDbSavedByObjectVersion
1070
     0
  0
ACAD_PROXY_OBJECT
  5
3E
102
{ACAD_REACTORS
330
2A
102
}
330
2A
100
AcDbProxyObject
 90
      499
 91
      501
 93
      532
310
4394DA1859195CC81BD98811DC985E5174090240C333333333333E33F0000000000000F901079024090741D01000000000000111010841D405064090740C02480A0340
1001
ACAD
1000
AcDbSavedByObjectVersion
1070
     0
  0
ACAD_PROXY_OBJECT
  5
3F
102
{ACAD_REACTORS
330
2A
102
}
330
2A
100
AcDbProxyObject
 90
      499
 91
      501
 93
      476
310
41D4DAD95D18DA1E51840502408333333333333E33F0000000000000F901079024090741D01000000000000111010B41D405064090741802480A0340
1001
ACAD
1000
AcDbSavedByObjectVersion
1070
     0
  0
ACAD_PROXY_OBJECT
  5
37
102
{ACAD_REACTORS
330
2A
102
}
330
2A
100
AcDbProxyObject
 90
      499
 91
      501
 93
      412
310
41D51A1A58DAD95B90D409028333333333333E33F0000000000000F9010790141107004050150C41D405064090741402480A0350
1001
ACAD
1000
AcDbSavedByObjectVersion
1070
     0
  0
ACAD_PROXY_OBJECT
  5
30
102
{ACAD_REACTORS
330
2A
102
}
330
2A
100
AcDbProxyObject
 90
      499
 91
      501
 93
      420
310
4255DA5C99599C985B595059028333333333333E33F0000000000000F90107901411070040501600405405064090740C02480A0340
1001
ACAD
1000
AcDbSavedByObjectVersion
1070
     0
  0
ACAD_PROXY_OBJECT
  5
40
102
{ACAD_REACTORS
330
2A
102
}
330
2A
100
AcDbProxyObject
 90
      499
 91
      501
 93
      404
310
41560B54985E51940902404000000000000E03F0000000000000F9010740501907004050150841D405064090740C02480A1B40
1001
ACAD
1000
AcDbSavedByObjectVersion
1070
     0
  0
XRECORD
  5
4EC
102
{ACAD_REACTORS
330
4E2
102
}
330
4E2
100
AcDbXrecord
340
0
  0
XRECORD
  5
4EB
102
{ACAD_REACTORS
330
4E2
102
}
330
4E2
100
AcDbXrecord
 90
        0
  0
XRECORD
  5
502
102
{ACAD_REACTORS
330
4E2
102
}
330
4E2
100
AcDbXrecord
1000
DSTYLE
1002
{
1070
   171
 70
     2
1070
   143
 40
25.4
1070
   274
 70
     2
1070
    41
 40
0.18
1070
   141
 40
0.09
1070
   271
 70
     4
1070
    43
 40
0.38
1070
   278
 70
    46
1070
    44
 40
0.18
1070
    42
 40
0.0625
1070
   147
 40
0.09
1070
    77
 70
     0
1070
   272
 70
     4
1070
    73
 70
     1
1070
   279
 70
     2
1070
   172
 70
     0
1070
    74
 70
     1
1070
   283
 70
     1
1070
   340
340
11
1070
   140
 40
0.18
1070
   284
 70
     0
1070
    78
 70
     0
1002
}
  0
XRECORD
  5
4ED
102
{ACAD_REACTORS
330
4E2
102
}
330
4E2
100
AcDbXrecord
  1
{49f0cf68-bdd4-49c6-915e-05a32c4d68b7}
  0
XRECORD
  5
4E5
102
{ACAD_REACTORS
330
4E2
102
}
330
4E2
100
AcDbXrecord
  1

  0
XRECORD
  5
4EA
102
{ACAD_REACTORS
330
4E2
102
}
330
4E2
100
AcDbXrecord
 90
        4
  0
XRECORD
  5
4E7
102
{ACAD_REACTORS
330
4E2
102
}
330
4E2
100
AcDbXrecord
340
1A
  0
XRECORD
  5
4E9
102
{ACAD_REACTORS
330
4E2
102
}
330
4E2
100
AcDbXrecord
 90
    10781
  0
XRECORD
  5
4E8
102
{ACAD_REACTORS
330
4E2
102
}
330
4E2
100
AcDbXrecord
340
19
  0
XRECORD
  5
4EF
102
{ACAD_REACTORS
330
4E2
102
}
330
4E2
100
AcDbXrecord
 40
0.0
  0
XRECORD
  5
4F2
102
{ACAD_REACTORS
330
4E2
102
}
330
4E2
100
AcDbXrecord
340
0
  0
XRECORD
  5
4F8
102
{ACAD_REACTORS
330
4E2
102
}
330
4E2
100
AcDbXrecord
 10
0.0
 20
0.0
 30
0.0
  0
XRECORD
  5
4F4
102
{ACAD_REACTORS
330
4E2
102
}
330
4E2
100
AcDbXrecord
 10
0.0
 20
0.0
 30
0.0
  0
XRECORD
  5
4F7
102
{ACAD_REACTORS
330
4E2
102
}
330
4E2
100
AcDbXrecord
 10
0.0
 20
0.0
 30
0.0
  0
XRECORD
  5
4F5
102
{ACAD_REACTORS
330
4E2
102
}
330
4E2
100
AcDbXrecord
 10
0.0
 20
0.0
 30
0.0
  0
XRECORD
  5
4F6
102
{ACAD_REACTORS
330
4E2
102
}
330
4E2
100
AcDbXrecord
 10
0.0
 20
0.0
 30
0.0
  0
XRECORD
  5
4F3
102
{ACAD_REACTORS
330
4E2
102
}
330
4E2
100
AcDbXrecord
 10
0.0
 20
0.0
 30
0.0
  0
XRECORD
  5
4F0
102
{ACAD_REACTORS
330
4E2
102
}
330
4E2
100
AcDbXrecord
340
0
  0
XRECORD
  5
4F1
102
{ACAD_REACTORS
330
4E2
102
}
330
4E2
100
AcDbXrecord
 70
     0
  0
XRECORD
  5
4E6
102
{ACAD_REACTORS
330
4E2
102
}
330
4E2
100
AcDbXrecord
  1

  0
XRECORD
  5
4E3
102
{ACAD_REACTORS
330
4E2
102
}
330
4E2
100
AcDbXrecord
 90
        1
  0
XRECORD
  5
4E4
102
{ACAD_REACTORS
330
4E2
102
}
330
4E2
100
AcDbXrecord
 90
       70
  0
XRECORD
  5
4FB
102
{ACAD_REACTORS
330
4E2
102
}
330
4E2
100
AcDbXrecord
340
0
  0
XRECORD
  5
501
102
{ACAD_REACTORS
330
4E2
102
}
330
4E2
100
AcDbXrecord
 10
0.0
 20
0.0
 30
0.0
  0
XRECORD
  5
4FD
102
{ACAD_REACTORS
330
4E2
102
}
330
4E2
100
AcDbXrecord
 10
0.0
 20
0.0
 30
0.0
  0
XRECORD
  5
500
102
{ACAD_REACTORS
330
4E2
102
}
330
4E2
100
AcDbXrecord
 10
0.0
 20
0.0
 30
0.0
  0
XRECORD
  5
4FE
102
{ACAD_REACTORS
330
4E2
102
}
330
4E2
100
AcDbXrecord
 10
0.0
 20
0.0
 30
0.0
  0
XRECORD
  5
4FF
102
{ACAD_REACTORS
330
4E2
102
}
330
4E2
100
AcDbXrecord
 10
0.0
 20
0.0
 30
0.0
  0
XRECORD
  5
4FC
102
{ACAD_REACTORS
330
4E2
102
}
330
4E2
100
AcDbXrecord
 10
0.0
 20
0.0
 30
0.0
  0
XRECORD
  5
4F9
102
{ACAD_REACTORS
330
4E2
102
}
330
4E2
100
AcDbXrecord
340
0
  0
XRECORD
  5
4FA
102
{ACAD_REACTORS
330
4E2
102
}
330
4E2
100
AcDbXrecord
 70
     0
  0
XRECORD
  5
4EE
102
{ACAD_REACTORS
330
4E2
102
}
330
4E2
100
AcDbXrecord
  1
{FAEB1C32-E019-11D5-929B-00C0DF256EC4}
  0
DICTIONARYVAR
  5
50D
102
{ACAD_REACTORS
330
503
102
}
330
503
100
DictionaryVariables
280
     0
  1
1:1
  0
DICTIONARYVAR
  5
505
102
{ACAD_REACTORS
330
503
102
}
330
503
100
DictionaryVariables
280
     0
  1
Standard
  0
DICTIONARYVAR
  5
504
102
{ACAD_REACTORS
330
503
102
}
330
503
100
DictionaryVariables
280
     0
  1
Standard
  0
DICTIONARYVAR
  5
508
102
{ACAD_REACTORS
330
503
102
}
330
503
100
DictionaryVariables
280
     0
  1
2
  0
DICTIONARYVAR
  5
509
102
{ACAD_REACTORS
330
503
102
}
330
503
100
DictionaryVariables
280
     0
  1
1
  0
DICTIONARYVAR
  5
50E
102
{ACAD_REACTORS
330
503
102
}
330
503
100
DictionaryVariables
280
     0
  1
1
  0
DICTIONARY
  5
511
330
45
100
AcDbDictionary
280
     1
  3
ACAD_XREC_ROUNDTRIP
360
512
  0
DICTIONARY
  5
50F
330
44
100
AcDbDictionary
280
     1
  3
ACAD_XREC_ROUNDTRIP
360
510
  0
DICTIONARY
  5
513
330
46
100
AcDbDictionary
280
     1
  3
ACAD_XREC_ROUNDTRIP
360
514
  0
XRECORD
  5
512
102
{ACAD_REACTORS
330
511
102
}
330
511
100
AcDbXrecord
102
MATERIAL
148
0.0
149
0.0
149
0.0
 93
        0
 94
      127
282
     0
 72
     1
 77
     1
171
     1
175
     1
179
     1
273
     0
  0
XRECORD
  5
510
102
{ACAD_REACTORS
330
50F
102
}
330
50F
100
AcDbXrecord
102
MATERIAL
148
0.0
149
0.0
149
0.0
 93
        0
 94
      127
282
     0
 72
     1
 77
     1
171
     1
175
     1
179
     1
273
     0
  0
XRECORD
  5
514
102
{ACAD_REACTORS
330
513
102
}
330
513
100
AcDbXrecord
102
MATERIAL
148
0.0
149
0.0
149
0.0
 93
        0
 94
      127
282
     0
 72
     1
 77
     1
171
     1
175
     1
179
     1
273
     0
  0
ENDSEC
  0
EOF
