  0
SECTION
  2
HEADER
  9
$ACADVER
  1
AC1014
  9
$ACADMAINTVER
 70
     9
  9
$DWGCODEPAGE
  3
ANSI_1252
  9
$INSBASE
 10
0.0
 20
0.0
 30
0.0
  9
$EXTMIN
 10
-695.4284177533464
 20
-92.79609084702679
 30
0.0
  9
$EXTMAX
 10
672.0715822420902
 20
92.70390915753524
 30
0.0000000000306599
  9
$LIMMIN
 10
0.0
 20
0.0
  9
$LIMMAX
 10
12.0
 20
9.0
  9
$ORTHOMODE
 70
     0
  9
$REGENMODE
 70
     1
  9
$FILLMODE
 70
     1
  9
$QTEXTMODE
 70
     0
  9
$MIRRTEXT
 70
     1
  9
$DRAGMODE
 70
     2
  9
$LTSCALE
 40
1.0
  9
$OSMODE
 70
    37
  9
$ATTMODE
 70
     1
  9
$TEXTSIZE
 40
0.2
  9
$TRACEWID
 40
0.05
  9
$TEXTSTYLE
  7
STANDARD
  9
$CLAYER
  8
0
  9
$CELTYPE
  6
BYLAYER
  9
$CECOLOR
 62
   256
  9
$CELTSCALE
 40
1.0
  9
$DELOBJ
 70
     1
  9
$DISPSILH
 70
     0
  9
$DIMSCALE
 40
1.0
  9
$DIMASZ
 40
0.18
  9
$DIMEXO
 40
0.0625
  9
$DIMDLI
 40
0.38
  9
$DIMRND
 40
0.0
  9
$DIMDLE
 40
0.0
  9
$DIMEXE
 40
0.18
  9
$DIMTP
 40
0.0
  9
$DIMTM
 40
0.0
  9
$DIMTXT
 40
0.18
  9
$DIMCEN
 40
0.09
  9
$DIMTSZ
 40
0.0
  9
$DIMTOL
 70
     0
  9
$DIMLIM
 70
     0
  9
$DIMTIH
 70
     1
  9
$DIMTOH
 70
     1
  9
$DIMSE1
 70
     0
  9
$DIMSE2
 70
     0
  9
$DIMTAD
 70
     0
  9
$DIMZIN
 70
     0
  9
$DIMBLK
  1

  9
$DIMASO
 70
     1
  9
$DIMSHO
 70
     1
  9
$DIMPOST
  1

  9
$DIMAPOST
  1

  9
$DIMALT
 70
     0
  9
$DIMALTD
 70
     2
  9
$DIMALTF
 40
25.4
  9
$DIMLFAC
 40
1.0
  9
$DIMTOFL
 70
     0
  9
$DIMTVP
 40
0.0
  9
$DIMTIX
 70
     0
  9
$DIMSOXD
 70
     0
  9
$DIMSAH
 70
     0
  9
$DIMBLK1
  1

  9
$DIMBLK2
  1

  9
$DIMSTYLE
  2
STANDARD_ACAD
  9
$DIMCLRD
 70
     0
  9
$DIMCLRE
 70
     0
  9
$DIMCLRT
 70
     0
  9
$DIMTFAC
 40
1.0
  9
$DIMGAP
 40
0.09
  9
$DIMJUST
 70
     0
  9
$DIMSD1
 70
     0
  9
$DIMSD2
 70
     0
  9
$DIMTOLJ
 70
     1
  9
$DIMTZIN
 70
     0
  9
$DIMALTZ
 70
     0
  9
$DIMALTTZ
 70
     0
  9
$DIMFIT
 70
     5
  9
$DIMUPT
 70
     0
  9
$DIMUNIT
 70
     2
  9
$DIMDEC
 70
     4
  9
$DIMTDEC
 70
     4
  9
$DIMALTU
 70
     2
  9
$DIMALTTD
 70
     2
  9
$DIMTXSTY
  7
STANDARD
  9
$DIMAUNIT
 70
     0
  9
$LUNITS
 70
     2
  9
$LUPREC
 70
     3
  9
$SKETCHINC
 40
0.1
  9
$FILLETRAD
 40
0.0
  9
$AUNITS
 70
     0
  9
$AUPREC
 70
     0
  9
$MENU
  1
.
  9
$ELEVATION
 40
0.0
  9
$PELEVATION
 40
0.0
  9
$THICKNESS
 40
0.0
  9
$LIMCHECK
 70
     0
  9
$CHAMFERA
 40
0.0
  9
$CHAMFERB
 40
0.0
  9
$CHAMFERC
 40
0.0
  9
$CHAMFERD
 40
0.0
  9
$SKPOLY
 70
     0
  9
$TDCREATE
 40
2461243.6342386
  9
$TDUPDATE
 40
2461243.634238669
  9
$TDINDWG
 40
0.0000000116
  9
$TDUSRTIMER
 40
0.0000000116
  9
$USRTIMER
 70
     1
  9
$ANGBASE
 50
0.0
  9
$ANGDIR
 70
     0
  9
$PDMODE
 70
     0
  9
$PDSIZE
 40
0.0
  9
$PLINEWID
 40
0.0
  9
$COORDS
 70
     1
  9
$SPLFRAME
 70
     0
  9
$SPLINETYPE
 70
     6
  9
$SPLINESEGS
 70
     8
  9
$ATTDIA
 70
     0
  9
$ATTREQ
 70
     1
  9
$HANDLING
 70
     1
  9
$HANDSEED
  5
486
  9
$SURFTAB1
 70
     6
  9
$SURFTAB2
 70
     6
  9
$SURFTYPE
 70
     6
  9
$SURFU
 70
     6
  9
$SURFV
 70
     6
  9
$UCSNAME
  2

  9
$UCSORG
 10
0.0
 20
0.0
 30
0.0
  9
$UCSXDIR
 10
1.0
 20
0.0
 30
0.0
  9
$UCSYDIR
 10
0.0
 20
1.0
 30
0.0
  9
$PUCSNAME
  2

  9
$PUCSORG
 10
0.0
 20
0.0
 30
0.0
  9
$PUCSXDIR
 10
1.0
 20
0.0
 30
0.0
  9
$PUCSYDIR
 10
0.0
 20
1.0
 30
0.0
  9
$USERI1
 70
     0
  9
$USERI2
 70
     0
  9
$USERI3
 70
     0
  9
$USERI4
 70
     0
  9
$USERI5
 70
     0
  9
$USERR1
 40
0.0
  9
$USERR2
 40
0.0
  9
$USERR3
 40
0.0
  9
$USERR4
 40
0.0
  9
$USERR5
 40
0.0
  9
$WORLDVIEW
 70
     1
  9
$SHADEDGE
 70
     3
  9
$SHADEDIF
 70
    70
  9
$TILEMODE
 70
     1
  9
$MAXACTVP
 70
    64
  9
$PINSBASE
 10
0.0
 20
0.0
 30
0.0
  9
$PLIMCHECK
 70
     0
  9
$PEXTMIN
 10
1.000000000000000E+20
 20
1.000000000000000E+20
 30
1.000000000000000E+20
  9
$PEXTMAX
 10
-1.000000000000000E+20
 20
-1.000000000000000E+20
 30
-1.000000000000000E+20
  9
$PLIMMIN
 10
0.0
 20
0.0
  9
$PLIMMAX
 10
12.0
 20
9.0
  9
$UNITMODE
 70
     0
  9
$VISRETAIN
 70
     1
  9
$PLINEGEN
 70
     0
  9
$PSLTSCALE
 70
     1
  9
$TREEDEPTH
 70
  3020
  9
$PICKSTYLE
 70
     1
  9
$CMLSTYLE
  2
STANDARD
  9
$CMLJUST
 70
     0
  9
$CMLSCALE
 40
1.0
  9
$PROXYGRAPHICS
 70
     1
  9
$MEASUREMENT
 70
     1
  0
ENDSEC
  0
SECTION
  2
CLASSES
  0
CLASS
  1
ACDBDICTIONARYWDFLT
  2
AcDbDictionaryWithDefault
  3
ObjectDBX Classes
 90
        0
280
     0
281
     0
  0
CLASS
  1
VISUALSTYLE
  2
AcDbVisualStyle
  3
ObjectDBX Classes
 90
     4095
280
     0
281
     0
  0
CLASS
  1
MATERIAL
  2
AcDbMaterial
  3
ObjectDBX Classes
 90
     1153
280
     0
281
     0
  0
CLASS
  1
SCALE
  2
AcDbScale
  3
ObjectDBX Classes
 90
     1153
280
     0
281
     0
  0
CLASS
  1
TABLESTYLE
  2
AcDbTableStyle
  3
ObjectDBX Classes
 90
     4095
280
     0
281
     0
  0
CLASS
  1
MLEADERSTYLE
  2
AcDbMLeaderStyle
  3
ACDB_MLEADERSTYLE_CLASS
 90
     4095
280
     0
281
     0
  0
CLASS
  1
SUN
  2
AcDbSun
  3
SCENEOE
 90
     1153
280
     0
281
     0
  0
CLASS
  1
DICTIONARYVAR
  2
AcDbDictionaryVar
  3
ObjectDBX Classes
 90
        0
280
     0
281
     0
  0
CLASS
  1
XRECORD
  2
AcDbXrecord
  3
ObjectDBX Classes
 90
        0
280
     0
281
     0
  0
CLASS
  1
LWPOLYLINE
  2
AcDbPolyline
  3
ObjectDBX Classes
 90
        0
280
     0
281
     1
  0
CLASS
  1
HATCH
  2
AcDbHatch
  3
ObjectDBX Classes
 90
        0
280
     0
281
     1
  0
CLASS
  1
ACDBPLACEHOLDER
  2
AcDbPlaceHolder
  3
ObjectDBX Classes
 90
        0
280
     0
281
     0
  0
CLASS
  1
LAYOUT
  2
AcDbLayout
  3
ObjectDBX Classes
 90
        0
280
     0
281
     0
  0
ENDSEC
  0
SECTION
  2
TABLES
  0
TABLE
  2
VPORT
  5
8
102
{ACAD_XDICTIONARY
360
47B
102
}
330
0
100
AcDbSymbolTable
 70
     1
  0
VPORT
  5
29
330
8
100
AcDbSymbolTableRecord
100
AcDbViewportTableRecord
  2
*ACTIVE
 70
     0
 10
0.0
 20
0.0
 11
1.0
 21
1.0
 12
10.42990654205607
 22
4.5
 13
0.0
 23
0.0
 14
0.5
 24
0.5
 15
0.5
 25
0.5
 16
0.0
 26
0.0
 36
1.0
 17
0.0
 27
0.0
 37
0.0
 40
9.0
 41
1.972972972850329
 42
50.0
 43
0.0
 44
0.0
 50
0.0
 51
0.0
 71
     0
 72
   100
 73
     1
 74
     3
 75
     0
 76
     0
 77
     0
 78
     0
  0
ENDTAB
  0
TABLE
  2
LTYPE
  5
5
330
0
100
AcDbSymbolTable
 70
     1
  0
LTYPE
  5
14
330
5
100
AcDbSymbolTableRecord
100
AcDbLinetypeTableRecord
  2
BYBLOCK
 70
     0
  3

 72
    65
 73
     0
 40
0.0
  0
LTYPE
  5
15
330
5
100
AcDbSymbolTableRecord
100
AcDbLinetypeTableRecord
  2
BYLAYER
 70
     0
  3

 72
    65
 73
     0
 40
0.0
  0
LTYPE
  5
16
330
5
100
AcDbSymbolTableRecord
100
AcDbLinetypeTableRecord
  2
CONTINUOUS
 70
     0
  3
Solid line
 72
    65
 73
     0
 40
0.0
  0
ENDTAB
  0
TABLE
  2
LAYER
  5
2
330
0
100
AcDbSymbolTable
 70
     4
  0
LAYER
  5
10
330
2
100
AcDbSymbolTableRecord
100
AcDbLayerTableRecord
  2
0
 70
     0
 62
     7
  6
CONTINUOUS
  0
LAYER
  5
5F
330
2
100
AcDbSymbolTableRecord
100
AcDbLayerTableRecord
  2
1_ANYTOOL_1MMDEEP_LABELS_S
 70
     0
 62
     2
  6
CONTINUOUS
  0
LAYER
  5
3F4
330
2
100
AcDbSymbolTableRecord
100
AcDbLayerTableRecord
  2
3_ANYTOOL_CUTTHROUGH_INSID
 70
     0
 62
     4
  6
CONTINUOUS
  0
LAYER
  5
40F
330
2
100
AcDbSymbolTableRecord
100
AcDbLayerTableRecord
  2
4_ANYTOOL_CUTTHROUGH_OUTSI
 70
     0
 62
     5
  6
CONTINUOUS
  0
ENDTAB
  0
TABLE
  2
STYLE
  5
3
330
0
100
AcDbSymbolTable
 70
     1
  0
STYLE
  5
11
330
3
100
AcDbSymbolTableRecord
100
AcDbTextStyleTableRecord
  2
STANDARD
 70
     0
 40
0.0
 41
1.0
 50
0.0
 71
     0
 42
0.2
  3
txt
  4

  0
ENDTAB
  0
TABLE
  2
VIEW
  5
6
330
0
100
AcDbSymbolTable
 70
     0
  0
ENDTAB
  0
TABLE
  2
UCS
  5
7
330
0
100
AcDbSymbolTable
 70
     0
  0
ENDTAB
  0
TABLE
  2
APPID
  5
9
330
0
100
AcDbSymbolTable
 70
     3
  0
APPID
  5
12
330
9
100
AcDbSymbolTableRecord
100
AcDbRegAppTableRecord
  2
ACAD
 70
     0
  0
APPID
  5
5E
330
9
100
AcDbSymbolTableRecord
100
AcDbRegAppTableRecord
  2
RHINO
 70
     0
  0
APPID
  5
485
330
9
100
AcDbSymbolTableRecord
100
AcDbRegAppTableRecord
  2
ACAD_MLEADERVER
 70
     0
  0
ENDTAB
  0
TABLE
  2
DIMSTYLE
  5
A
330
0
100
AcDbSymbolTable
 70
     1
  0
DIMSTYLE
105
27
330
A
100
AcDbSymbolTableRecord
100
AcDbDimStyleTableRecord
  2
STANDARD_ACAD
 70
     0
  3

  4

  5

  6

  7

 40
1.0
 41
0.18
 42
0.0625
 43
0.38
 44
0.18
 45
0.0
 46
0.0
 47
0.0
 48
0.0
140
0.18
141
0.09
142
0.0
143
25.4
144
1.0
145
0.0
146
1.0
147
0.09
 71
     0
 72
     0
 73
     1
 74
     1
 75
     0
 76
     0
 77
     0
 78
     0
170
     0
171
     2
172
     0
173
     0
174
     0
175
     0
176
     0
177
     0
178
     0
270
     2
271
     4
272
     4
273
     2
274
     2
340
11
275
     0
280
     0
281
     0
282
     0
283
     1
284
     0
285
     0
286
     0
287
     3
288
     0
  0
ENDTAB
  0
TABLE
  2
BLOCK_RECORD
  5
1
330
0
100
AcDbSymbolTable
 70
     0
  0
BLOCK_RECORD
  5
1F
330
1
100
AcDbSymbolTableRecord
100
AcDbBlockTableRecord
  2
*MODEL_SPACE
  0
BLOCK_RECORD
  5
1B
330
1
100
AcDbSymbolTableRecord
100
AcDbBlockTableRecord
  2
*PAPER_SPACE
  0
ENDTAB
  0
ENDSEC
  0
SECTION
  2
BLOCKS
  0
BLOCK
  5
20
330
1F
100
AcDbEntity
  8
0
100
AcDbBlockBegin
  2
*MODEL_SPACE
 70
     0
 10
0.0
 20
0.0
 30
0.0
  3
*MODEL_SPACE
  1

  0
ENDBLK
  5
21
330
1F
100
AcDbEntity
  8
0
100
AcDbBlockEnd
  0
BLOCK
  5
1C
330
1B
100
AcDbEntity
 67
     1
  8
0
100
AcDbBlockBegin
  2
*PAPER_SPACE
 70
     0
 10
0.0
 20
0.0
 30
0.0
  3
*PAPER_SPACE
  1

  0
ENDBLK
  5
1D
330
1B
100
AcDbEntity
 67
     1
  8
0
100
AcDbBlockEnd
  0
ENDSEC
  0
SECTION
  2
ENTITIES
  0
POLYLINE
  5
60
330
1F
100
AcDbEntity
  8
1_ANYTOOL_1MMDEEP_LABELS_S
100
AcDb2dPolyline
 66
     1
 10
0.0
 20
0.0
 30
0.0
  0
VERTEX
  5
61
330
60
100
AcDbEntity
  8
1_ANYTOOL_1MMDEEP_LABELS_S
100
AcDbVertex
100
AcDb2dVertex
 10
1.285714285714221
 20
0.0
 30
0.0
  0
VERTEX
  5
62
330
60
100
AcDbEntity
  8
1_ANYTOOL_1MMDEEP_LABELS_S
100
AcDbVertex
100
AcDb2dVertex
 10
9.0
 20
-30.0
 30
0.0
  0
VERTEX
  5
63
330
60
100
AcDbEntity
  8
1_ANYTOOL_1MMDEEP_LABELS_S
100
AcDbVertex
100
AcDb2dVertex
 10
17.44285714285706
 20
-0.9000000000014552
 30
0.0
  0
VERTEX
  5
64
330
60
100
AcDbEntity
  8
1_ANYTOOL_1MMDEEP_LABELS_S
100
AcDbVertex
100
AcDb2dVertex
 10
25.92857142857156
 20
-30.0
 30
0.0
  0
VERTEX
  5
65
330
60
100
AcDbEntity
  8
1_ANYTOOL_1MMDEEP_LABELS_S
100
AcDbVertex
100
AcDb2dVertex
 10
33.42857142857156
 20
0.0
 30
0.0
  0
SEQEND
  5
66
330
60
100
AcDbEntity
  8
1_ANYTOOL_1MMDEEP_LABELS_S
  0
LINE
  5
67
330
1F
100
AcDbEntity
  8
1_ANYTOOL_1MMDEEP_LABELS_S
100
AcDbLine
 10
45.64285714285734
 20
-16.11428571428405
 30
0.0
 11
36.85714285714266
 21
-16.19999999999709
 31
0.0
  0
POLYLINE
  5
68
330
1F
100
AcDbEntity
  8
1_ANYTOOL_1MMDEEP_LABELS_S
100
AcDb2dPolyline
 66
     1
 10
0.0
 20
0.0
 30
0.0
 70
     1
  0
VERTEX
  5
69
330
68
100
AcDbEntity
  8
1_ANYTOOL_1MMDEEP_LABELS_S
100
AcDbVertex
100
AcDb2dVertex
 10
61.71428571428578
 20
0.3428571428594296
 30
0.0
  0
VERTEX
  5
6A
330
68
100
AcDbEntity
  8
1_ANYTOOL_1MMDEEP_LABELS_S
100
AcDbVertex
100
AcDb2dVertex
 10
62.08577008928578
 20
0.3369977678594296
 30
0.0
  0
VERTEX
  5
6B
330
68
100
AcDbEntity
  8
1_ANYTOOL_1MMDEEP_LABELS_S
100
AcDbVertex
100
AcDb2dVertex
 10
62.45022321428578
 20
0.3194196428594296
 30
0.0
  0
VERTEX
  5
6C
330
68
100
AcDbEntity
  8
1_ANYTOOL_1MMDEEP_LABELS_S
100
AcDbVertex
100
AcDb2dVertex
 10
62.80764508928577
 20
0.2901227678594296
 30
0.0
  0
VERTEX
  5
6D
330
68
100
AcDbEntity
  8
1_ANYTOOL_1MMDEEP_LABELS_S
100
AcDbVertex
100
AcDb2dVertex
 10
62.98371930803577
 20
0.2710797991094296
 30
0.0
  0
VERTEX
  5
6E
330
68
100
AcDbEntity
  8
1_ANYTOOL_1MMDEEP_LABELS_S
100
AcDbVertex
100
AcDb2dVertex
 10
63.15803571428577
 20
0.2491071428594296
 30
0.0
  0
VERTEX
  5
6F
330
68
100
AcDbEntity
  8
1_ANYTOOL_1MMDEEP_LABELS_S
100
AcDbVertex
100
AcDb2dVertex
 10
63.33059430803577
 20
0.2242047991094296
 30
0.0
  0
VERTEX
  5
70
330
68
100
AcDbEntity
  8
1_ANYTOOL_1MMDEEP_LABELS_S
100
AcDbVertex
100
AcDb2dVertex
 10
63.50139508928577
 20
0.1963727678594296
 30
0.0
  0
VERTEX
  5
71
330
68
100
AcDbEntity
  8
1_ANYTOOL_1MMDEEP_LABELS_S
100
AcDbVertex
100
AcDb2dVertex
 10
63.67043805803576
 20
0.1656110491094296
 30
0.0
  0
VERTEX
  5
72
330
68
100
AcDbEntity
  8
1_ANYTOOL_1MMDEEP_LABELS_S
100
AcDbVertex
100
AcDb2dVertex
 10
63.83772321428577
 20
0.1319196428594296
 30
0.0
  0
VERTEX
  5
73
330
68
100
AcDbEntity
  8
1_ANYTOOL_1MMDEEP_LABELS_S
100
AcDbVertex
100
AcDb2dVertex
 10
64.00325055803577
 20
0.0952985491094296
 30
0.0
  0
VERTEX
  5
74
330
68
100
AcDbEntity
  8
1_ANYTOOL_1MMDEEP_LABELS_S
100
AcDbVertex
100
AcDb2dVertex
 10
64.16702008928576
 20
0.0557477678594296
 30
0.0
  0
VERTEX
  5
75
330
68
100
AcDbEntity
  8
1_ANYTOOL_1MMDEEP_LABELS_S
100
AcDbVertex
100
AcDb2dVertex
 10
64.32903180803575
 20
0.0132672991094296
 30
0.0
  0
VERTEX
  5
76
330
68
100
AcDbEntity
  8
1_ANYTOOL_1MMDEEP_LABELS_S
100
AcDbVertex
100
AcDb2dVertex
 10
64.48928571428576
 20
-0.0321428571405704
 30
0.0
  0
VERTEX
  5
77
330
68
100
AcDbEntity
  8
1_ANYTOOL_1MMDEEP_LABELS_S
100
AcDbVertex
100
AcDb2dVertex
 10
64.64778180803576
 20
-0.0804827008905704
 30
0.0
  0
VERTEX
  5
78
330
68
100
AcDbEntity
  8
1_ANYTOOL_1MMDEEP_LABELS_S
100
AcDbVertex
100
AcDb2dVertex
 10
64.80452008928575
 20
-0.1317522321405704
 30
0.0
  0
VERTEX
  5
79
330
68
100
AcDbEntity
  8
1_ANYTOOL_1MMDEEP_LABELS_S
100
AcDbVertex
100
AcDb2dVertex
 10
64.95950055803576
 20
-0.1859514508905704
 30
0.0
  0
VERTEX
  5
7A
330
68
100
AcDbEntity
  8
1_ANYTOOL_1MMDEEP_LABELS_S
100
AcDbVertex
100
AcDb2dVertex
 10
65.11272321428575
 20
-0.2430803571405704
 30
0.0
  0
VERTEX
  5
7B
330
68
100
AcDbEntity
  8
1_ANYTOOL_1MMDEEP_LABELS_S
100
AcDbVertex
100
AcDb2dVertex
 10
65.26418805803576
 20
-0.3031389508905704
 30
0.0
  0
VERTEX
  5
7C
330
68
100
AcDbEntity
  8
1_ANYTOOL_1MMDEEP_LABELS_S
100
AcDbVertex
100
AcDb2dVertex
 10
65.41389508928575
 20
-0.3661272321405704
 30
0.0
  0
VERTEX
  5
7D
330
68
100
AcDbEntity
  8
1_ANYTOOL_1MMDEEP_LABELS_S
100
AcDbVertex
100
AcDb2dVertex
 10
65.56184430803575
 20
-0.4320452008905704
 30
0.0
  0
VERTEX
  5
7E
330
68
100
AcDbEntity
  8
1_ANYTOOL_1MMDEEP_LABELS_S
100
AcDbVertex
100
AcDb2dVertex
 10
65.70803571428573
 20
-0.5008928571405704
 30
0.0
  0
VERTEX
  5
7F
330
68
100
AcDbEntity
  8
1_ANYTOOL_1MMDEEP_LABELS_S
100
AcDbVertex
100
AcDb2dVertex
 10
65.85246930803572
 20
-0.5726702008905704
 30
0.0
  0
VERTEX
  5
80
330
68
100
AcDbEntity
  8
1_ANYTOOL_1MMDEEP_LABELS_S
100
AcDbVertex
100
AcDb2dVertex
 10
65.99514508928571
 20
-0.6473772321405704
 30
0.0
  0
VERTEX
  5
81
330
68
100
AcDbEntity
  8
1_ANYTOOL_1MMDEEP_LABELS_S
100
AcDbVertex
100
AcDb2dVertex
 10
66.13606305803572
 20
-0.7250139508905704
 30
0.0
  0
VERTEX
  5
82
330
68
100
AcDbEntity
  8
1_ANYTOOL_1MMDEEP_LABELS_S
100
AcDbVertex
100
AcDb2dVertex
 10
66.27522321428572
 20
-0.8055803571405704
 30
0.0
  0
VERTEX
  5
83
330
68
100
AcDbEntity
  8
1_ANYTOOL_1MMDEEP_LABELS_S
100
AcDbVertex
100
AcDb2dVertex
 10
66.4126255580357
 20
-0.8890764508905704
 30
0.0
  0
VERTEX
  5
84
330
68
100
AcDbEntity
  8
1_ANYTOOL_1MMDEEP_LABELS_S
100
AcDbVertex
100
AcDb2dVertex
 10
66.5482700892857
 20
-0.9755022321405704
 30
0.0
  0
VERTEX
  5
85
330
68
100
AcDbEntity
  8
1_ANYTOOL_1MMDEEP_LABELS_S
100
AcDbVertex
100
AcDb2dVertex
 10
66.6821568080357
 20
-1.06485770089057
 30
0.0
  0
VERTEX
  5
86
330
68
100
AcDbEntity
  8
1_ANYTOOL_1MMDEEP_LABELS_S
100
AcDbVertex
100
AcDb2dVertex
 10
67.07377232142854
 20
-1.342466517854945
 30
0.0
  0
VERTEX
  5
87
330
68
100
AcDbEntity
  8
1_ANYTOOL_1MMDEEP_LABELS_S
100
AcDbVertex
100
AcDb2dVertex
 10
67.3272321428571
 20
-1.534151785712197
 30
0.0
  0
VERTEX
  5
88
330
68
100
AcDbEntity
  8
1_ANYTOOL_1MMDEEP_LABELS_S
100
AcDbVertex
100
AcDb2dVertex
 10
67.57466517857138
 20
-1.732198660712328
 30
0.0
  0
VERTEX
  5
89
330
68
100
AcDbEntity
  8
1_ANYTOOL_1MMDEEP_LABELS_S
100
AcDbVertex
100
AcDb2dVertex
 10
67.81607142857138
 20
-1.936607142855337
 30
0.0
  0
VERTEX
  5
8A
330
68
100
AcDbEntity
  8
1_ANYTOOL_1MMDEEP_LABELS_S
100
AcDbVertex
100
AcDb2dVertex
 10
68.05145089285709
 20
-2.147377232141224
 30
0.0
  0
VERTEX
  5
8B
330
68
100
AcDbEntity
  8
1_ANYTOOL_1MMDEEP_LABELS_S
100
AcDbVertex
100
AcDb2dVertex
 10
68.28080357142852
 20
-2.36450892856999
 30
0.0
  0
VERTEX
  5
8C
330
68
100
AcDbEntity
  8
1_ANYTOOL_1MMDEEP_LABELS_S
100
AcDbVertex
100
AcDb2dVertex
 10
68.50412946428567
 20
-2.588002232141633
 30
0.0
  0
VERTEX
  5
8D
330
68
100
AcDbEntity
  8
1_ANYTOOL_1MMDEEP_LABELS_S
100
AcDbVertex
100
AcDb2dVertex
 10
68.72142857142853
 20
-2.817857142856155
 30
0.0
  0
VERTEX
  5
8E
330
68
100
AcDbEntity
  8
1_ANYTOOL_1MMDEEP_LABELS_S
100
AcDbVertex
100
AcDb2dVertex
 10
68.93270089285711
 20
-3.054073660713556
 30
0.0
  0
VERTEX
  5
8F
330
68
100
AcDbEntity
  8
1_ANYTOOL_1MMDEEP_LABELS_S
100
AcDbVertex
100
AcDb2dVertex
 10
69.13794642857141
 20
-3.296651785713834
 30
0.0
  0
VERTEX
  5
90
330
68
100
AcDbEntity
  8
1_ANYTOOL_1MMDEEP_LABELS_S
100
AcDbVertex
100
AcDb2dVertex
 10
69.33716517857142
 20
-3.545591517856991
 30
0.0
  0
VERTEX
  5
91
330
68
100
AcDbEntity
  8
1_ANYTOOL_1MMDEEP_LABELS_S
100
AcDbVertex
100
AcDb2dVertex
 10
69.53035714285716
 20
-3.800892857143026
 30
0.0
  0
VERTEX
  5
92
330
68
100
AcDbEntity
  8
1_ANYTOOL_1MMDEEP_LABELS_S
100
AcDbVertex
100
AcDb2dVertex
 10
69.7175223214286
 20
-4.062555803571939
 30
0.0
  0
VERTEX
  5
93
330
68
100
AcDbEntity
  8
1_ANYTOOL_1MMDEEP_LABELS_S
100
AcDbVertex
100
AcDb2dVertex
 10
69.89866071428577
 20
-4.330580357143731
 30
0.0
  0
VERTEX
  5
94
330
68
100
AcDbEntity
  8
1_ANYTOOL_1MMDEEP_LABELS_S
100
AcDbVertex
100
AcDb2dVertex
 10
70.07377232142865
 20
-4.604966517858401
 30
0.0
  0
VERTEX
  5
95
330
68
100
AcDbEntity
  8
1_ANYTOOL_1MMDEEP_LABELS_S
100
AcDbVertex
100
AcDb2dVertex
 10
70.41127232142868
 20
-5.171484375001199
 30
0.0
  0
VERTEX
  5
96
330
68
100
AcDbEntity
  8
1_ANYTOOL_1MMDEEP_LABELS_S
100
AcDbVertex
100
AcDb2dVertex
 10
70.57366071428584
 20
-5.460937500000796
 30
0.0
  0
VERTEX
  5
97
330
68
100
AcDbEntity
  8
1_ANYTOOL_1MMDEEP_LABELS_S
100
AcDbVertex
100
AcDb2dVertex
 10
70.73002232142869
 20
-5.754073660714738
 30
0.0
  0
VERTEX
  5
98
330
68
100
AcDbEntity
  8
1_ANYTOOL_1MMDEEP_LABELS_S
100
AcDbVertex
100
AcDb2dVertex
 10
70.88035714285726
 20
-6.050892857143026
 30
0.0
  0
VERTEX
  5
99
330
68
100
AcDbEntity
  8
1_ANYTOOL_1MMDEEP_LABELS_S
100
AcDbVertex
100
AcDb2dVertex
 10
71.02466517857155
 20
-6.35139508928566
 30
0.0
  0
VERTEX
  5
9A
330
68
100
AcDbEntity
  8
1_ANYTOOL_1MMDEEP_LABELS_S
100
AcDbVertex
100
AcDb2dVertex
 10
71.16294642857156
 20
-6.65558035714264
 30
0.0
  0
VERTEX
  5
9B
330
68
100
AcDbEntity
  8
1_ANYTOOL_1MMDEEP_LABELS_S
100
AcDbVertex
100
AcDb2dVertex
 10
71.29520089285727
 20
-6.963448660713965
 30
0.0
  0
VERTEX
  5
9C
330
68
100
AcDbEntity
  8
1_ANYTOOL_1MMDEEP_LABELS_S
100
AcDbVertex
100
AcDb2dVertex
 10
71.42142857142869
 20
-7.274999999999636
 30
0.0
  0
VERTEX
  5
9D
330
68
100
AcDbEntity
  8
1_ANYTOOL_1MMDEEP_LABELS_S
100
AcDbVertex
100
AcDb2dVertex
 10
71.54162946428583
 20
-7.590234374999653
 30
0.0
  0
VERTEX
  5
9E
330
68
100
AcDbEntity
  8
1_ANYTOOL_1MMDEEP_LABELS_S
100
AcDbVertex
100
AcDb2dVertex
 10
71.65580357142869
 20
-7.909151785714016
 30
0.0
  0
VERTEX
  5
9F
330
68
100
AcDbEntity
  8
1_ANYTOOL_1MMDEEP_LABELS_S
100
AcDbVertex
100
AcDb2dVertex
 10
71.76395089285725
 20
-8.231752232142725
 30
0.0
  0
VERTEX
  5
A0
330
68
100
AcDbEntity
  8
1_ANYTOOL_1MMDEEP_LABELS_S
100
AcDbVertex
100
AcDb2dVertex
 10
71.86607142857153
 20
-8.55803571428578
 30
0.0
  0
VERTEX
  5
A1
330
68
100
AcDbEntity
  8
1_ANYTOOL_1MMDEEP_LABELS_S
100
AcDbVertex
100
AcDb2dVertex
 10
71.96216517857152
 20
-8.88800223214318
 30
0.0
  0
VERTEX
  5
A2
330
68
100
AcDbEntity
  8
1_ANYTOOL_1MMDEEP_LABELS_S
100
AcDbVertex
100
AcDb2dVertex
 10
72.05223214285724
 20
-9.221651785714926
 30
0.0
  0
VERTEX
  5
A3
330
68
100
AcDbEntity
  8
1_ANYTOOL_1MMDEEP_LABELS_S
100
AcDbVertex
100
AcDb2dVertex
 10
72.13627232142865
 20
-9.558984375001017
 30
0.0
  0
VERTEX
  5
A4
330
68
100
AcDbEntity
  8
1_ANYTOOL_1MMDEEP_LABELS_S
100
AcDbVertex
100
AcDb2dVertex
 10
72.36495535714286
 20
-10.58236607142919
 30
0.0
  0
VERTEX
  5
A5
330
68
100
AcDbEntity
  8
1_ANYTOOL_1MMDEEP_LABELS_S
100
AcDbVertex
100
AcDb2dVertex
 10
72.49553571428567
 20
-11.2580357142856
 30
0.0
  0
VERTEX
  5
A6
330
68
100
AcDbEntity
  8
1_ANYTOOL_1MMDEEP_LABELS_S
100
AcDbVertex
100
AcDb2dVertex
 10
72.60602678571419
 20
-11.92700892857067
 30
0.0
  0
VERTEX
  5
A7
330
68
100
AcDbEntity
  8
1_ANYTOOL_1MMDEEP_LABELS_S
100
AcDbVertex
100
AcDb2dVertex
 10
72.69642857142844
 20
-12.58928571428442
 30
0.0
  0
VERTEX
  5
A8
330
68
100
AcDbEntity
  8
1_ANYTOOL_1MMDEEP_LABELS_S
100
AcDbVertex
100
AcDb2dVertex
 10
72.76674107142841
 20
-13.24486607142683
 30
0.0
  0
VERTEX
  5
A9
330
68
100
AcDbEntity
  8
1_ANYTOOL_1MMDEEP_LABELS_S
100
AcDbVertex
100
AcDb2dVertex
 10
72.8169642857141
 20
-13.89374999999791
 30
0.0
  0
VERTEX
  5
AA
330
68
100
AcDbEntity
  8
1_ANYTOOL_1MMDEEP_LABELS_S
100
AcDbVertex
100
AcDb2dVertex
 10
72.84709821428552
 20
-14.53593749999766
 30
0.0
  0
VERTEX
  5
AB
330
68
100
AcDbEntity
  8
1_ANYTOOL_1MMDEEP_LABELS_S
100
AcDbVertex
100
AcDb2dVertex
 10
72.85714285714266
 20
-15.17142857142608
 30
0.0
  0
VERTEX
  5
AC
330
68
100
AcDbEntity
  8
1_ANYTOOL_1MMDEEP_LABELS_S
100
AcDbVertex
100
AcDb2dVertex
 10
72.84626116071409
 20
-15.80892857142678
 30
0.0
  0
VERTEX
  5
AD
330
68
100
AcDbEntity
  8
1_ANYTOOL_1MMDEEP_LABELS_S
100
AcDbVertex
100
AcDb2dVertex
 10
72.81361607142838
 20
-16.44642857142742
 30
0.0
  0
VERTEX
  5
AE
330
68
100
AcDbEntity
  8
1_ANYTOOL_1MMDEEP_LABELS_S
100
AcDbVertex
100
AcDb2dVertex
 10
72.75920758928552
 20
-17.083928571428
 30
0.0
  0
VERTEX
  5
AF
330
68
100
AcDbEntity
  8
1_ANYTOOL_1MMDEEP_LABELS_S
100
AcDbVertex
100
AcDb2dVertex
 10
72.68303571428552
 20
-17.72142857142853
 30
0.0
  0
VERTEX
  5
B0
330
68
100
AcDbEntity
  8
1_ANYTOOL_1MMDEEP_LABELS_S
100
AcDbVertex
100
AcDb2dVertex
 10
72.58510044642838
 20
-18.358928571429
 30
0.0
  0
VERTEX
  5
B1
330
68
100
AcDbEntity
  8
1_ANYTOOL_1MMDEEP_LABELS_S
100
AcDbVertex
100
AcDb2dVertex
 10
72.4654017857141
 20
-18.99642857142942
 30
0.0
  0
VERTEX
  5
B2
330
68
100
AcDbEntity
  8
1_ANYTOOL_1MMDEEP_LABELS_S
100
AcDbVertex
100
AcDb2dVertex
 10
72.32393973214268
 20
-19.63392857142978
 30
0.0
  0
VERTEX
  5
B3
330
68
100
AcDbEntity
  8
1_ANYTOOL_1MMDEEP_LABELS_S
100
AcDbVertex
100
AcDb2dVertex
 10
72.1607142857141
 20
-20.27142857143008
 30
0.0
  0
VERTEX
  5
B4
330
68
100
AcDbEntity
  8
1_ANYTOOL_1MMDEEP_LABELS_S
100
AcDbVertex
100
AcDb2dVertex
 10
71.9757254464284
 20
-20.90892857143032
 30
0.0
  0
VERTEX
  5
B5
330
68
100
AcDbEntity
  8
1_ANYTOOL_1MMDEEP_LABELS_S
100
AcDbVertex
100
AcDb2dVertex
 10
71.76897321428555
 20
-21.54642857143051
 30
0.0
  0
VERTEX
  5
B6
330
68
100
AcDbEntity
  8
1_ANYTOOL_1MMDEEP_LABELS_S
100
AcDbVertex
100
AcDb2dVertex
 10
71.54045758928555
 20
-22.18392857143064
 30
0.0
  0
VERTEX
  5
B7
330
68
100
AcDbEntity
  8
1_ANYTOOL_1MMDEEP_LABELS_S
100
AcDbVertex
100
AcDb2dVertex
 10
71.29017857142841
 20
-22.82142857143072
 30
0.0
  0
VERTEX
  5
B8
330
68
100
AcDbEntity
  8
1_ANYTOOL_1MMDEEP_LABELS_S
100
AcDbVertex
100
AcDb2dVertex
 10
71.01813616071414
 20
-23.45892857143073
 30
0.0
  0
VERTEX
  5
B9
330
68
100
AcDbEntity
  8
1_ANYTOOL_1MMDEEP_LABELS_S
100
AcDbVertex
100
AcDb2dVertex
 10
70.72433035714272
 20
-24.09642857143069
 30
0.0
  0
VERTEX
  5
BA
330
68
100
AcDbEntity
  8
1_ANYTOOL_1MMDEEP_LABELS_S
100
AcDbVertex
100
AcDb2dVertex
 10
70.40876116071415
 20
-24.7339285714306
 30
0.0
  0
VERTEX
  5
BB
330
68
100
AcDbEntity
  8
1_ANYTOOL_1MMDEEP_LABELS_S
100
AcDbVertex
100
AcDb2dVertex
 10
70.07142857142844
 20
-25.37142857143044
 30
0.0
  0
VERTEX
  5
BC
330
68
100
AcDbEntity
  8
1_ANYTOOL_1MMDEEP_LABELS_S
100
AcDbVertex
100
AcDb2dVertex
 10
69.89686104910703
 20
-25.68519810268035
 30
0.0
  0
VERTEX
  5
BD
330
68
100
AcDbEntity
  8
1_ANYTOOL_1MMDEEP_LABELS_S
100
AcDbVertex
100
AcDb2dVertex
 10
69.71601562499991
 20
-25.98900669643027
 30
0.0
  0
VERTEX
  5
BE
330
68
100
AcDbEntity
  8
1_ANYTOOL_1MMDEEP_LABELS_S
100
AcDbVertex
100
AcDb2dVertex
 10
69.52889229910707
 20
-26.28285435268018
 30
0.0
  0
VERTEX
  5
BF
330
68
100
AcDbEntity
  8
1_ANYTOOL_1MMDEEP_LABELS_S
100
AcDbVertex
100
AcDb2dVertex
 10
69.33549107142852
 20
-26.5667410714301
 30
0.0
  0
VERTEX
  5
C0
330
68
100
AcDbEntity
  8
1_ANYTOOL_1MMDEEP_LABELS_S
100
AcDbVertex
100
AcDb2dVertex
 10
69.13581194196425
 20
-26.84066685268002
 30
0.0
  0
VERTEX
  5
C1
330
68
100
AcDbEntity
  8
1_ANYTOOL_1MMDEEP_LABELS_S
100
AcDbVertex
100
AcDb2dVertex
 10
68.92985491071427
 20
-27.10463169642995
 30
0.0
  0
VERTEX
  5
C2
330
68
100
AcDbEntity
  8
1_ANYTOOL_1MMDEEP_LABELS_S
100
AcDbVertex
100
AcDb2dVertex
 10
68.71761997767857
 20
-27.35863560267988
 30
0.0
  0
VERTEX
  5
C3
330
68
100
AcDbEntity
  8
1_ANYTOOL_1MMDEEP_LABELS_S
100
AcDbVertex
100
AcDb2dVertex
 10
68.49910714285716
 20
-27.60267857142981
 30
0.0
  0
VERTEX
  5
C4
330
68
100
AcDbEntity
  8
1_ANYTOOL_1MMDEEP_LABELS_S
100
AcDbVertex
100
AcDb2dVertex
 10
68.38749651227681
 20
-27.72096470424227
 30
0.0
  0
VERTEX
  5
C5
330
68
100
AcDbEntity
  8
1_ANYTOOL_1MMDEEP_LABELS_S
100
AcDbVertex
100
AcDb2dVertex
 10
68.27431640625002
 20
-27.83676060267974
 30
0.0
  0
VERTEX
  5
C6
330
68
100
AcDbEntity
  8
1_ANYTOOL_1MMDEEP_LABELS_S
100
AcDbVertex
100
AcDb2dVertex
 10
68.15956682477682
 20
-27.9500662667422
 30
0.0
  0
VERTEX
  5
C7
330
68
100
AcDbEntity
  8
1_ANYTOOL_1MMDEEP_LABELS_S
100
AcDbVertex
100
AcDb2dVertex
 10
68.04324776785718
 20
-28.06088169642968
 30
0.0
  0
VERTEX
  5
C8
330
68
100
AcDbEntity
  8
1_ANYTOOL_1MMDEEP_LABELS_S
100
AcDbVertex
100
AcDb2dVertex
 10
67.9253592354911
 20
-28.16920689174214
 30
0.0
  0
VERTEX
  5
C9
330
68
100
AcDbEntity
  8
1_ANYTOOL_1MMDEEP_LABELS_S
100
AcDbVertex
100
AcDb2dVertex
 10
67.80590122767862
 20
-28.27504185267961
 30
0.0
  0
VERTEX
  5
CA
330
68
100
AcDbEntity
  8
1_ANYTOOL_1MMDEEP_LABELS_S
100
AcDbVertex
100
AcDb2dVertex
 10
67.68487374441969
 20
-28.37838657924208
 30
0.0
  0
VERTEX
  5
CB
330
68
100
AcDbEntity
  8
1_ANYTOOL_1MMDEEP_LABELS_S
100
AcDbVertex
100
AcDb2dVertex
 10
67.56227678571435
 20
-28.47924107142956
 30
0.0
  0
VERTEX
  5
CC
330
68
100
AcDbEntity
  8
1_ANYTOOL_1MMDEEP_LABELS_S
100
AcDbVertex
100
AcDb2dVertex
 10
67.43811035156256
 20
-28.57760532924203
 30
0.0
  0
VERTEX
  5
CD
330
68
100
AcDbEntity
  8
1_ANYTOOL_1MMDEEP_LABELS_S
100
AcDbVertex
100
AcDb2dVertex
 10
67.31237444196435
 20
-28.6734793526795
 30
0.0
  0
VERTEX
  5
CE
330
68
100
AcDbEntity
  8
1_ANYTOOL_1MMDEEP_LABELS_S
100
AcDbVertex
100
AcDb2dVertex
 10
67.1850690569197
 20
-28.76686314174197
 30
0.0
  0
VERTEX
  5
CF
330
68
100
AcDbEntity
  8
1_ANYTOOL_1MMDEEP_LABELS_S
100
AcDbVertex
100
AcDb2dVertex
 10
67.05619419642865
 20
-28.85775669642945
 30
0.0
  0
VERTEX
  5
D0
330
68
100
AcDbEntity
  8
1_ANYTOOL_1MMDEEP_LABELS_S
100
AcDbVertex
100
AcDb2dVertex
 10
66.92574986049115
 20
-28.94616001674192
 30
0.0
  0
VERTEX
  5
D1
330
68
100
AcDbEntity
  8
1_ANYTOOL_1MMDEEP_LABELS_S
100
AcDbVertex
100
AcDb2dVertex
 10
66.79373604910722
 20
-29.0320731026794
 30
0.0
  0
VERTEX
  5
D2
330
68
100
AcDbEntity
  8
1_ANYTOOL_1MMDEEP_LABELS_S
100
AcDbVertex
100
AcDb2dVertex
 10
66.66015276227688
 20
-29.11549595424187
 30
0.0
  0
VERTEX
  5
D3
330
68
100
AcDbEntity
  8
1_ANYTOOL_1MMDEEP_LABELS_S
100
AcDbVertex
100
AcDb2dVertex
 10
66.52500000000009
 20
-29.19642857142935
 30
0.0
  0
VERTEX
  5
D4
330
68
100
AcDbEntity
  8
1_ANYTOOL_1MMDEEP_LABELS_S
100
AcDbVertex
100
AcDb2dVertex
 10
66.38827776227687
 20
-29.27487095424183
 30
0.0
  0
VERTEX
  5
D5
330
68
100
AcDbEntity
  8
1_ANYTOOL_1MMDEEP_LABELS_S
100
AcDbVertex
100
AcDb2dVertex
 10
66.24998604910724
 20
-29.35082310267931
 30
0.0
  0
VERTEX
  5
D6
330
68
100
AcDbEntity
  8
1_ANYTOOL_1MMDEEP_LABELS_S
100
AcDbVertex
100
AcDb2dVertex
 10
66.11012486049117
 20
-29.42428501674178
 30
0.0
  0
VERTEX
  5
D7
330
68
100
AcDbEntity
  8
1_ANYTOOL_1MMDEEP_LABELS_S
100
AcDbVertex
100
AcDb2dVertex
 10
65.96869419642867
 20
-29.49525669642927
 30
0.0
  0
VERTEX
  5
D8
330
68
100
AcDbEntity
  8
1_ANYTOOL_1MMDEEP_LABELS_S
100
AcDbVertex
100
AcDb2dVertex
 10
65.82569405691974
 20
-29.56373814174174
 30
0.0
  0
VERTEX
  5
D9
330
68
100
AcDbEntity
  8
1_ANYTOOL_1MMDEEP_LABELS_S
100
AcDbVertex
100
AcDb2dVertex
 10
65.68112444196439
 20
-29.62972935267923
 30
0.0
  0
VERTEX
  5
DA
330
68
100
AcDbEntity
  8
1_ANYTOOL_1MMDEEP_LABELS_S
100
AcDbVertex
100
AcDb2dVertex
 10
65.5349853515626
 20
-29.69323032924171
 30
0.0
  0
VERTEX
  5
DB
330
68
100
AcDbEntity
  8
1_ANYTOOL_1MMDEEP_LABELS_S
100
AcDbVertex
100
AcDb2dVertex
 10
65.38727678571439
 20
-29.75424107142919
 30
0.0
  0
VERTEX
  5
DC
330
68
100
AcDbEntity
  8
1_ANYTOOL_1MMDEEP_LABELS_S
100
AcDbVertex
100
AcDb2dVertex
 10
65.23799874441974
 20
-29.81276157924167
 30
0.0
  0
VERTEX
  5
DD
330
68
100
AcDbEntity
  8
1_ANYTOOL_1MMDEEP_LABELS_S
100
AcDbVertex
100
AcDb2dVertex
 10
65.08715122767867
 20
-29.86879185267916
 30
0.0
  0
VERTEX
  5
DE
330
68
100
AcDbEntity
  8
1_ANYTOOL_1MMDEEP_LABELS_S
100
AcDbVertex
100
AcDb2dVertex
 10
64.93473423549118
 20
-29.92233189174164
 30
0.0
  0
VERTEX
  5
DF
330
68
100
AcDbEntity
  8
1_ANYTOOL_1MMDEEP_LABELS_S
100
AcDbVertex
100
AcDb2dVertex
 10
64.78074776785725
 20
-29.97338169642913
 30
0.0
  0
VERTEX
  5
E0
330
68
100
AcDbEntity
  8
1_ANYTOOL_1MMDEEP_LABELS_S
100
AcDbVertex
100
AcDb2dVertex
 10
64.4680664062501
 20
-30.0680106026791
 30
0.0
  0
VERTEX
  5
E1
330
68
100
AcDbEntity
  8
1_ANYTOOL_1MMDEEP_LABELS_S
100
AcDbVertex
100
AcDb2dVertex
 10
64.14910714285725
 20
-30.15267857142908
 30
0.0
  0
VERTEX
  5
E2
330
68
100
AcDbEntity
  8
1_ANYTOOL_1MMDEEP_LABELS_S
100
AcDbVertex
100
AcDb2dVertex
 10
63.82386997767867
 20
-30.22738560267906
 30
0.0
  0
VERTEX
  5
E3
330
68
100
AcDbEntity
  8
1_ANYTOOL_1MMDEEP_LABELS_S
100
AcDbVertex
100
AcDb2dVertex
 10
63.49235491071438
 20
-30.29213169642904
 30
0.0
  0
VERTEX
  5
E4
330
68
100
AcDbEntity
  8
1_ANYTOOL_1MMDEEP_LABELS_S
100
AcDbVertex
100
AcDb2dVertex
 10
63.15456194196437
 20
-30.34691685267902
 30
0.0
  0
VERTEX
  5
E5
330
68
100
AcDbEntity
  8
1_ANYTOOL_1MMDEEP_LABELS_S
100
AcDbVertex
100
AcDb2dVertex
 10
62.81049107142866
 20
-30.39174107142901
 30
0.0
  0
VERTEX
  5
E6
330
68
100
AcDbEntity
  8
1_ANYTOOL_1MMDEEP_LABELS_S
100
AcDbVertex
100
AcDb2dVertex
 10
62.46014229910722
 20
-30.426604352679
 30
0.0
  0
VERTEX
  5
E7
330
68
100
AcDbEntity
  8
1_ANYTOOL_1MMDEEP_LABELS_S
100
AcDbVertex
100
AcDb2dVertex
 10
62.10351562500007
 20
-30.45150669642899
 30
0.0
  0
VERTEX
  5
E8
330
68
100
AcDbEntity
  8
1_ANYTOOL_1MMDEEP_LABELS_S
100
AcDbVertex
100
AcDb2dVertex
 10
61.7406110491072
 20
-30.46644810267899
 30
0.0
  0
VERTEX
  5
E9
330
68
100
AcDbEntity
  8
1_ANYTOOL_1MMDEEP_LABELS_S
100
AcDbVertex
100
AcDb2dVertex
 10
61.37142857142862
 20
-30.47142857142899
 30
0.0
  0
VERTEX
  5
EA
330
68
100
AcDbEntity
  8
1_ANYTOOL_1MMDEEP_LABELS_S
100
AcDbVertex
100
AcDb2dVertex
 10
60.98902064732147
 20
-30.46636439732185
 30
0.0
  0
VERTEX
  5
EB
330
68
100
AcDbEntity
  8
1_ANYTOOL_1MMDEEP_LABELS_S
100
AcDbVertex
100
AcDb2dVertex
 10
60.61322544642859
 20
-30.45117187500043
 30
0.0
  0
VERTEX
  5
EC
330
68
100
AcDbEntity
  8
1_ANYTOOL_1MMDEEP_LABELS_S
100
AcDbVertex
100
AcDb2dVertex
 10
60.24404296875001
 20
-30.42585100446473
 30
0.0
  0
VERTEX
  5
ED
330
68
100
AcDbEntity
  8
1_ANYTOOL_1MMDEEP_LABELS_S
100
AcDbVertex
100
AcDb2dVertex
 10
59.88147321428571
 20
-30.39040178571474
 30
0.0
  0
VERTEX
  5
EE
330
68
100
AcDbEntity
  8
1_ANYTOOL_1MMDEEP_LABELS_S
100
AcDbVertex
100
AcDb2dVertex
 10
59.52551618303571
 20
-30.34482421875048
 30
0.0
  0
VERTEX
  5
EF
330
68
100
AcDbEntity
  8
1_ANYTOOL_1MMDEEP_LABELS_S
100
AcDbVertex
100
AcDb2dVertex
 10
59.17617187499998
 20
-30.28911830357194
 30
0.0
  0
VERTEX
  5
F0
330
68
100
AcDbEntity
  8
1_ANYTOOL_1MMDEEP_LABELS_S
100
AcDbVertex
100
AcDb2dVertex
 10
58.83344029017854
 20
-30.22328404017912
 30
0.0
  0
VERTEX
  5
F1
330
68
100
AcDbEntity
  8
1_ANYTOOL_1MMDEEP_LABELS_S
100
AcDbVertex
100
AcDb2dVertex
 10
58.49732142857138
 20
-30.14732142857201
 30
0.0
  0
VERTEX
  5
F2
330
68
100
AcDbEntity
  8
1_ANYTOOL_1MMDEEP_LABELS_S
100
AcDbVertex
100
AcDb2dVertex
 10
58.16781529017852
 20
-30.06123046875063
 30
0.0
  0
VERTEX
  5
F3
330
68
100
AcDbEntity
  8
1_ANYTOOL_1MMDEEP_LABELS_S
100
AcDbVertex
100
AcDb2dVertex
 10
57.84492187499994
 20
-29.96501116071497
 30
0.0
  0
VERTEX
  5
F4
330
68
100
AcDbEntity
  8
1_ANYTOOL_1MMDEEP_LABELS_S
100
AcDbVertex
100
AcDb2dVertex
 10
57.68595493861601
 20
-29.91310337611678
 30
0.0
  0
VERTEX
  5
F5
330
68
100
AcDbEntity
  8
1_ANYTOOL_1MMDEEP_LABELS_S
100
AcDbVertex
100
AcDb2dVertex
 10
57.52864118303565
 20
-29.85866350446502
 30
0.0
  0
VERTEX
  5
F6
330
68
100
AcDbEntity
  8
1_ANYTOOL_1MMDEEP_LABELS_S
100
AcDbVertex
100
AcDb2dVertex
 10
57.37298060825886
 20
-29.8016915457597
 30
0.0
  0
VERTEX
  5
F7
330
68
100
AcDbEntity
  8
1_ANYTOOL_1MMDEEP_LABELS_S
100
AcDbVertex
100
AcDb2dVertex
 10
57.21897321428563
 20
-29.7421875000008
 30
0.0
  0
VERTEX
  5
F8
330
68
100
AcDbEntity
  8
1_ANYTOOL_1MMDEEP_LABELS_S
100
AcDbVertex
100
AcDb2dVertex
 10
57.06661900111598
 20
-29.68015136718833
 30
0.0
  0
VERTEX
  5
F9
330
68
100
AcDbEntity
  8
1_ANYTOOL_1MMDEEP_LABELS_S
100
AcDbVertex
100
AcDb2dVertex
 10
56.91591796874991
 20
-29.61558314732229
 30
0.0
  0
VERTEX
  5
FA
330
68
100
AcDbEntity
  8
1_ANYTOOL_1MMDEEP_LABELS_S
100
AcDbVertex
100
AcDb2dVertex
 10
56.76687011718741
 20
-29.54848284040268
 30
0.0
  0
VERTEX
  5
FB
330
68
100
AcDbEntity
  8
1_ANYTOOL_1MMDEEP_LABELS_S
100
AcDbVertex
100
AcDb2dVertex
 10
56.61947544642847
 20
-29.4788504464295
 30
0.0
  0
VERTEX
  5
FC
330
68
100
AcDbEntity
  8
1_ANYTOOL_1MMDEEP_LABELS_S
100
AcDbVertex
100
AcDb2dVertex
 10
56.47373395647311
 20
-29.40668596540276
 30
0.0
  0
VERTEX
  5
FD
330
68
100
AcDbEntity
  8
1_ANYTOOL_1MMDEEP_LABELS_S
100
AcDbVertex
100
AcDb2dVertex
 10
56.32964564732133
 20
-29.33198939732244
 30
0.0
  0
VERTEX
  5
FE
330
68
100
AcDbEntity
  8
1_ANYTOOL_1MMDEEP_LABELS_S
100
AcDbVertex
100
AcDb2dVertex
 10
56.18721051897311
 20
-29.25476074218855
 30
0.0
  0
VERTEX
  5
FF
330
68
100
AcDbEntity
  8
1_ANYTOOL_1MMDEEP_LABELS_S
100
AcDbVertex
100
AcDb2dVertex
 10
56.04642857142846
 20
-29.17500000000109
 30
0.0
  0
VERTEX
  5
100
330
68
100
AcDbEntity
  8
1_ANYTOOL_1MMDEEP_LABELS_S
100
AcDbVertex
100
AcDb2dVertex
 10
55.90729980468739
 20
-29.09270717076006
 30
0.0
  0
VERTEX
  5
101
330
68
100
AcDbEntity
  8
1_ANYTOOL_1MMDEEP_LABELS_S
100
AcDbVertex
100
AcDb2dVertex
 10
55.76982421874989
 20
-29.00788225446546
 30
0.0
  0
VERTEX
  5
102
330
68
100
AcDbEntity
  8
1_ANYTOOL_1MMDEEP_LABELS_S
100
AcDbVertex
100
AcDb2dVertex
 10
55.63400181361595
 20
-28.9205252511173
 30
0.0
  0
VERTEX
  5
103
330
68
100
AcDbEntity
  8
1_ANYTOOL_1MMDEEP_LABELS_S
100
AcDbVertex
100
AcDb2dVertex
 10
55.4998325892856
 20
-28.83063616071556
 30
0.0
  0
VERTEX
  5
104
330
68
100
AcDbEntity
  8
1_ANYTOOL_1MMDEEP_LABELS_S
100
AcDbVertex
100
AcDb2dVertex
 10
55.36731654575881
 20
-28.73821498326025
 30
0.0
  0
VERTEX
  5
105
330
68
100
AcDbEntity
  8
1_ANYTOOL_1MMDEEP_LABELS_S
100
AcDbVertex
100
AcDb2dVertex
 10
55.23645368303559
 20
-28.64326171875137
 30
0.0
  0
VERTEX
  5
106
330
68
100
AcDbEntity
  8
1_ANYTOOL_1MMDEEP_LABELS_S
100
AcDbVertex
100
AcDb2dVertex
 10
55.10724400111594
 20
-28.54577636718892
 30
0.0
  0
VERTEX
  5
107
330
68
100
AcDbEntity
  8
1_ANYTOOL_1MMDEEP_LABELS_S
100
AcDbVertex
100
AcDb2dVertex
 10
54.97968749999988
 20
-28.4457589285729
 30
0.0
  0
VERTEX
  5
108
330
68
100
AcDbEntity
  8
1_ANYTOOL_1MMDEEP_LABELS_S
100
AcDbVertex
100
AcDb2dVertex
 10
54.85378417968738
 20
-28.34320940290331
 30
0.0
  0
VERTEX
  5
109
330
68
100
AcDbEntity
  8
1_ANYTOOL_1MMDEEP_LABELS_S
100
AcDbVertex
100
AcDb2dVertex
 10
54.72953404017845
 20
-28.23812779018015
 30
0.0
  0
VERTEX
  5
10A
330
68
100
AcDbEntity
  8
1_ANYTOOL_1MMDEEP_LABELS_S
100
AcDbVertex
100
AcDb2dVertex
 10
54.60693708147309
 20
-28.13051409040342
 30
0.0
  0
VERTEX
  5
10B
330
68
100
AcDbEntity
  8
1_ANYTOOL_1MMDEEP_LABELS_S
100
AcDbVertex
100
AcDb2dVertex
 10
54.48599330357131
 20
-28.02036830357312
 30
0.0
  0
VERTEX
  5
10C
330
68
100
AcDbEntity
  8
1_ANYTOOL_1MMDEEP_LABELS_S
100
AcDbVertex
100
AcDb2dVertex
 10
54.36670270647309
 20
-27.90769042968925
 30
0.0
  0
VERTEX
  5
10D
330
68
100
AcDbEntity
  8
1_ANYTOOL_1MMDEEP_LABELS_S
100
AcDbVertex
100
AcDb2dVertex
 10
54.24906529017844
 20
-27.79248046875181
 30
0.0
  0
VERTEX
  5
10E
330
68
100
AcDbEntity
  8
1_ANYTOOL_1MMDEEP_LABELS_S
100
AcDbVertex
100
AcDb2dVertex
 10
54.13308105468737
 20
-27.6747384207608
 30
0.0
  0
VERTEX
  5
10F
330
68
100
AcDbEntity
  8
1_ANYTOOL_1MMDEEP_LABELS_S
100
AcDbVertex
100
AcDb2dVertex
 10
54.01874999999987
 20
-27.55446428571622
 30
0.0
  0
VERTEX
  5
110
330
68
100
AcDbEntity
  8
1_ANYTOOL_1MMDEEP_LABELS_S
100
AcDbVertex
100
AcDb2dVertex
 10
53.90607212611594
 20
-27.43165806361807
 30
0.0
  0
VERTEX
  5
111
330
68
100
AcDbEntity
  8
1_ANYTOOL_1MMDEEP_LABELS_S
100
AcDbVertex
100
AcDb2dVertex
 10
53.79504743303558
 20
-27.30631975446635
 30
0.0
  0
VERTEX
  5
112
330
68
100
AcDbEntity
  8
1_ANYTOOL_1MMDEEP_LABELS_S
100
AcDbVertex
100
AcDb2dVertex
 10
53.57795758928559
 20
-27.0480468750022
 30
0.0
  0
VERTEX
  5
113
330
68
100
AcDbEntity
  8
1_ANYTOOL_1MMDEEP_LABELS_S
100
AcDbVertex
100
AcDb2dVertex
 10
53.36748046874987
 20
-26.77964564732377
 30
0.0
  0
VERTEX
  5
114
330
68
100
AcDbEntity
  8
1_ANYTOOL_1MMDEEP_LABELS_S
100
AcDbVertex
100
AcDb2dVertex
 10
53.16361607142844
 20
-26.50111607143106
 30
0.0
  0
VERTEX
  5
115
330
68
100
AcDbEntity
  8
1_ANYTOOL_1MMDEEP_LABELS_S
100
AcDbVertex
100
AcDb2dVertex
 10
52.9663643973213
 20
-26.21245814732406
 30
0.0
  0
VERTEX
  5
116
330
68
100
AcDbEntity
  8
1_ANYTOOL_1MMDEEP_LABELS_S
100
AcDbVertex
100
AcDb2dVertex
 10
52.77572544642845
 20
-25.91367187500279
 30
0.0
  0
VERTEX
  5
117
330
68
100
AcDbEntity
  8
1_ANYTOOL_1MMDEEP_LABELS_S
100
AcDbVertex
100
AcDb2dVertex
 10
52.59169921874988
 20
-25.60475725446724
 30
0.0
  0
VERTEX
  5
118
330
68
100
AcDbEntity
  8
1_ANYTOOL_1MMDEEP_LABELS_S
100
AcDbVertex
100
AcDb2dVertex
 10
52.4142857142856
 20
-25.2857142857174
 30
0.0
  0
VERTEX
  5
119
330
68
100
AcDbEntity
  8
1_ANYTOOL_1MMDEEP_LABELS_S
100
AcDbVertex
100
AcDb2dVertex
 10
52.08214285714273
 20
-24.63733258928829
 30
0.0
  0
VERTEX
  5
11A
330
68
100
AcDbEntity
  8
1_ANYTOOL_1MMDEEP_LABELS_S
100
AcDbVertex
100
AcDb2dVertex
 10
51.77142857142843
 20
-23.98861607143067
 30
0.0
  0
VERTEX
  5
11B
330
68
100
AcDbEntity
  8
1_ANYTOOL_1MMDEEP_LABELS_S
100
AcDbVertex
100
AcDb2dVertex
 10
51.4821428571427
 20
-23.33956473214454
 30
0.0
  0
VERTEX
  5
11C
330
68
100
AcDbEntity
  8
1_ANYTOOL_1MMDEEP_LABELS_S
100
AcDbVertex
100
AcDb2dVertex
 10
51.21428571428555
 20
-22.6901785714299
 30
0.0
  0
VERTEX
  5
11D
330
68
100
AcDbEntity
  8
1_ANYTOOL_1MMDEEP_LABELS_S
100
AcDbVertex
100
AcDb2dVertex
 10
50.96785714285697
 20
-22.04045758928675
 30
0.0
  0
VERTEX
  5
11E
330
68
100
AcDbEntity
  8
1_ANYTOOL_1MMDEEP_LABELS_S
100
AcDbVertex
100
AcDb2dVertex
 10
50.74285714285696
 20
-21.39040178571508
 30
0.0
  0
VERTEX
  5
11F
330
68
100
AcDbEntity
  8
1_ANYTOOL_1MMDEEP_LABELS_S
100
AcDbVertex
100
AcDb2dVertex
 10
50.53928571428553
 20
-20.74001116071491
 30
0.0
  0
VERTEX
  5
120
330
68
100
AcDbEntity
  8
1_ANYTOOL_1MMDEEP_LABELS_S
100
AcDbVertex
100
AcDb2dVertex
 10
50.35714285714266
 20
-20.08928571428623
 30
0.0
  0
VERTEX
  5
121
330
68
100
AcDbEntity
  8
1_ANYTOOL_1MMDEEP_LABELS_S
100
AcDbVertex
100
AcDb2dVertex
 10
50.19642857142837
 20
-19.43822544642904
 30
0.0
  0
VERTEX
  5
122
330
68
100
AcDbEntity
  8
1_ANYTOOL_1MMDEEP_LABELS_S
100
AcDbVertex
100
AcDb2dVertex
 10
50.05714285714265
 20
-18.78683035714334
 30
0.0
  0
VERTEX
  5
123
330
68
100
AcDbEntity
  8
1_ANYTOOL_1MMDEEP_LABELS_S
100
AcDbVertex
100
AcDb2dVertex
 10
49.9392857142855
 20
-18.13510044642913
 30
0.0
  0
VERTEX
  5
124
330
68
100
AcDbEntity
  8
1_ANYTOOL_1MMDEEP_LABELS_S
100
AcDbVertex
100
AcDb2dVertex
 10
49.84285714285693
 20
-17.48303571428642
 30
0.0
  0
VERTEX
  5
125
330
68
100
AcDbEntity
  8
1_ANYTOOL_1MMDEEP_LABELS_S
100
AcDbVertex
100
AcDb2dVertex
 10
49.76785714285693
 20
-16.83063616071519
 30
0.0
  0
VERTEX
  5
126
330
68
100
AcDbEntity
  8
1_ANYTOOL_1MMDEEP_LABELS_S
100
AcDbVertex
100
AcDb2dVertex
 10
49.7142857142855
 20
-16.17790178571545
 30
0.0
  0
VERTEX
  5
127
330
68
100
AcDbEntity
  8
1_ANYTOOL_1MMDEEP_LABELS_S
100
AcDbVertex
100
AcDb2dVertex
 10
49.68214285714264
 20
-15.5248325892872
 30
0.0
  0
VERTEX
  5
128
330
68
100
AcDbEntity
  8
1_ANYTOOL_1MMDEEP_LABELS_S
100
AcDbVertex
100
AcDb2dVertex
 10
49.67142857142835
 20
-14.87142857143044
 30
0.0
  0
VERTEX
  5
129
330
68
100
AcDbEntity
  8
1_ANYTOOL_1MMDEEP_LABELS_S
100
AcDbVertex
100
AcDb2dVertex
 10
49.68264508928549
 20
-14.17801339285913
 30
0.0
  0
VERTEX
  5
12A
330
68
100
AcDbEntity
  8
1_ANYTOOL_1MMDEEP_LABELS_S
100
AcDbVertex
100
AcDb2dVertex
 10
49.71629464285692
 20
-13.49062500000207
 30
0.0
  0
VERTEX
  5
12B
330
68
100
AcDbEntity
  8
1_ANYTOOL_1MMDEEP_LABELS_S
100
AcDbVertex
100
AcDb2dVertex
 10
49.77237723214264
 20
-12.80926339285926
 30
0.0
  0
VERTEX
  5
12C
330
68
100
AcDbEntity
  8
1_ANYTOOL_1MMDEEP_LABELS_S
100
AcDbVertex
100
AcDb2dVertex
 10
49.85089285714264
 20
-12.13392857143072
 30
0.0
  0
VERTEX
  5
12D
330
68
100
AcDbEntity
  8
1_ANYTOOL_1MMDEEP_LABELS_S
100
AcDbVertex
100
AcDb2dVertex
 10
49.95184151785693
 20
-11.46462053571642
 30
0.0
  0
VERTEX
  5
12E
330
68
100
AcDbEntity
  8
1_ANYTOOL_1MMDEEP_LABELS_S
100
AcDbVertex
100
AcDb2dVertex
 10
50.0752232142855
 20
-10.80133928571638
 30
0.0
  0
VERTEX
  5
12F
330
68
100
AcDbEntity
  8
1_ANYTOOL_1MMDEEP_LABELS_S
100
AcDbVertex
100
AcDb2dVertex
 10
50.22103794642836
 20
-10.1440848214306
 30
0.0
  0
VERTEX
  5
130
330
68
100
AcDbEntity
  8
1_ANYTOOL_1MMDEEP_LABELS_S
100
AcDbVertex
100
AcDb2dVertex
 10
50.38928571428551
 20
-9.492857142859066
 30
0.0
  0
VERTEX
  5
131
330
68
100
AcDbEntity
  8
1_ANYTOOL_1MMDEEP_LABELS_S
100
AcDbVertex
100
AcDb2dVertex
 10
50.57996651785694
 20
-8.84765625000179
 30
0.0
  0
VERTEX
  5
132
330
68
100
AcDbEntity
  8
1_ANYTOOL_1MMDEEP_LABELS_S
100
AcDbVertex
100
AcDb2dVertex
 10
50.79308035714266
 20
-8.20848214285877
 30
0.0
  0
VERTEX
  5
133
330
68
100
AcDbEntity
  8
1_ANYTOOL_1MMDEEP_LABELS_S
100
AcDbVertex
100
AcDb2dVertex
 10
51.02862723214266
 20
-7.575334821430005
 30
0.0
  0
VERTEX
  5
134
330
68
100
AcDbEntity
  8
1_ANYTOOL_1MMDEEP_LABELS_S
100
AcDbVertex
100
AcDb2dVertex
 10
51.28660714285695
 20
-6.948214285715494
 30
0.0
  0
VERTEX
  5
135
330
68
100
AcDbEntity
  8
1_ANYTOOL_1MMDEEP_LABELS_S
100
AcDbVertex
100
AcDb2dVertex
 10
51.56702008928553
 20
-6.327120535715238
 30
0.0
  0
VERTEX
  5
136
330
68
100
AcDbEntity
  8
1_ANYTOOL_1MMDEEP_LABELS_S
100
AcDbVertex
100
AcDb2dVertex
 10
51.86986607142839
 20
-5.712053571429237
 30
0.0
  0
VERTEX
  5
137
330
68
100
AcDbEntity
  8
1_ANYTOOL_1MMDEEP_LABELS_S
100
AcDbVertex
100
AcDb2dVertex
 10
52.19514508928554
 20
-5.103013392857491
 30
0.0
  0
VERTEX
  5
138
330
68
100
AcDbEntity
  8
1_ANYTOOL_1MMDEEP_LABELS_S
100
AcDbVertex
100
AcDb2dVertex
 10
52.54285714285697
 20
-4.5
 30
0.0
  0
VERTEX
  5
139
330
68
100
AcDbEntity
  8
1_ANYTOOL_1MMDEEP_LABELS_S
100
AcDbVertex
100
AcDb2dVertex
 10
52.72826450892842
 20
-4.202050781249859
 30
0.0
  0
VERTEX
  5
13A
330
68
100
AcDbEntity
  8
1_ANYTOOL_1MMDEEP_LABELS_S
100
AcDbVertex
100
AcDb2dVertex
 10
52.92020089285701
 20
-3.913560267856866
 30
0.0
  0
VERTEX
  5
13B
330
68
100
AcDbEntity
  8
1_ANYTOOL_1MMDEEP_LABELS_S
100
AcDbVertex
100
AcDb2dVertex
 10
53.11866629464275
 20
-3.63452845982102
 30
0.0
  0
VERTEX
  5
13C
330
68
100
AcDbEntity
  8
1_ANYTOOL_1MMDEEP_LABELS_S
100
AcDbVertex
100
AcDb2dVertex
 10
53.32366071428562
 20
-3.364955357142321
 30
0.0
  0
VERTEX
  5
13D
330
68
100
AcDbEntity
  8
1_ANYTOOL_1MMDEEP_LABELS_S
100
AcDbVertex
100
AcDb2dVertex
 10
53.53518415178564
 20
-3.10484095982077
 30
0.0
  0
VERTEX
  5
13E
330
68
100
AcDbEntity
  8
1_ANYTOOL_1MMDEEP_LABELS_S
100
AcDbVertex
100
AcDb2dVertex
 10
53.7532366071428
 20
-2.854185267856366
 30
0.0
  0
VERTEX
  5
13F
330
68
100
AcDbEntity
  8
1_ANYTOOL_1MMDEEP_LABELS_S
100
AcDbVertex
100
AcDb2dVertex
 10
53.9778180803571
 20
-2.612988281249109
 30
0.0
  0
VERTEX
  5
140
330
68
100
AcDbEntity
  8
1_ANYTOOL_1MMDEEP_LABELS_S
100
AcDbVertex
100
AcDb2dVertex
 10
54.20892857142854
 20
-2.381249999999
 30
0.0
  0
VERTEX
  5
141
330
68
100
AcDbEntity
  8
1_ANYTOOL_1MMDEEP_LABELS_S
100
AcDbVertex
100
AcDb2dVertex
 10
54.32693219866069
 20
-2.268927873882875
 30
0.0
  0
VERTEX
  5
142
330
68
100
AcDbEntity
  8
1_ANYTOOL_1MMDEEP_LABELS_S
100
AcDbVertex
100
AcDb2dVertex
 10
54.44656808035712
 20
-2.158970424106037
 30
0.0
  0
VERTEX
  5
143
330
68
100
AcDbEntity
  8
1_ANYTOOL_1MMDEEP_LABELS_S
100
AcDbVertex
100
AcDb2dVertex
 10
54.56783621651785
 20
-2.051377650668487
 30
0.0
  0
VERTEX
  5
144
330
68
100
AcDbEntity
  8
1_ANYTOOL_1MMDEEP_LABELS_S
100
AcDbVertex
100
AcDb2dVertex
 10
54.69073660714285
 20
-1.946149553570223
 30
0.0
  0
VERTEX
  5
145
330
68
100
AcDbEntity
  8
1_ANYTOOL_1MMDEEP_LABELS_S
100
AcDbVertex
100
AcDb2dVertex
 10
54.81526925223214
 20
-1.843286132811246
 30
0.0
  0
VERTEX
  5
146
330
68
100
AcDbEntity
  8
1_ANYTOOL_1MMDEEP_LABELS_S
100
AcDbVertex
100
AcDb2dVertex
 10
54.94143415178572
 20
-1.742787388391555
 30
0.0
  0
VERTEX
  5
147
330
68
100
AcDbEntity
  8
1_ANYTOOL_1MMDEEP_LABELS_S
100
AcDbVertex
100
AcDb2dVertex
 10
55.06923130580358
 20
-1.644653320311152
 30
0.0
  0
VERTEX
  5
148
330
68
100
AcDbEntity
  8
1_ANYTOOL_1MMDEEP_LABELS_S
100
AcDbVertex
100
AcDb2dVertex
 10
55.19866071428574
 20
-1.548883928570035
 30
0.0
  0
VERTEX
  5
149
330
68
100
AcDbEntity
  8
1_ANYTOOL_1MMDEEP_LABELS_S
100
AcDbVertex
100
AcDb2dVertex
 10
55.32972237723217
 20
-1.455479213168205
 30
0.0
  0
VERTEX
  5
14A
330
68
100
AcDbEntity
  8
1_ANYTOOL_1MMDEEP_LABELS_S
100
AcDbVertex
100
AcDb2dVertex
 10
55.46241629464289
 20
-1.364439174105662
 30
0.0
  0
VERTEX
  5
14B
330
68
100
AcDbEntity
  8
1_ANYTOOL_1MMDEEP_LABELS_S
100
AcDbVertex
100
AcDb2dVertex
 10
55.5967424665179
 20
-1.275763811382406
 30
0.0
  0
VERTEX
  5
14C
330
68
100
AcDbEntity
  8
1_ANYTOOL_1MMDEEP_LABELS_S
100
AcDbVertex
100
AcDb2dVertex
 10
55.73270089285718
 20
-1.189453124998437
 30
0.0
  0
VERTEX
  5
14D
330
68
100
AcDbEntity
  8
1_ANYTOOL_1MMDEEP_LABELS_S
100
AcDbVertex
100
AcDb2dVertex
 10
55.87029157366076
 20
-1.105507114953754
 30
0.0
  0
VERTEX
  5
14E
330
68
100
AcDbEntity
  8
1_ANYTOOL_1MMDEEP_LABELS_S
100
AcDbVertex
100
AcDb2dVertex
 10
56.00951450892862
 20
-1.023925781248359
 30
0.0
  0
VERTEX
  5
14F
330
68
100
AcDbEntity
  8
1_ANYTOOL_1MMDEEP_LABELS_S
100
AcDbVertex
100
AcDb2dVertex
 10
56.15036969866077
 20
-0.9447091238822498
 30
0.0
  0
VERTEX
  5
150
330
68
100
AcDbEntity
  8
1_ANYTOOL_1MMDEEP_LABELS_S
100
AcDbVertex
100
AcDb2dVertex
 10
56.2928571428572
 20
-0.8678571428554278
 30
0.0
  0
VERTEX
  5
151
330
68
100
AcDbEntity
  8
1_ANYTOOL_1MMDEEP_LABELS_S
100
AcDbVertex
100
AcDb2dVertex
 10
56.43697684151792
 20
-0.7933698381678926
 30
0.0
  0
VERTEX
  5
152
330
68
100
AcDbEntity
  8
1_ANYTOOL_1MMDEEP_LABELS_S
100
AcDbVertex
100
AcDb2dVertex
 10
56.58272879464292
 20
-0.7212472098196443
 30
0.0
  0
VERTEX
  5
153
330
68
100
AcDbEntity
  8
1_ANYTOOL_1MMDEEP_LABELS_S
100
AcDbVertex
100
AcDb2dVertex
 10
56.87912946428578
 20
-0.5840959821410081
 30
0.0
  0
VERTEX
  5
154
330
68
100
AcDbEntity
  8
1_ANYTOOL_1MMDEEP_LABELS_S
100
AcDbVertex
100
AcDb2dVertex
 10
57.18205915178579
 20
-0.4564034598195192
 30
0.0
  0
VERTEX
  5
155
330
68
100
AcDbEntity
  8
1_ANYTOOL_1MMDEEP_LABELS_S
100
AcDbVertex
100
AcDb2dVertex
 10
57.49151785714294
 20
-0.3381696428551777
 30
0.0
  0
VERTEX
  5
156
330
68
100
AcDbEntity
  8
1_ANYTOOL_1MMDEEP_LABELS_S
100
AcDbVertex
100
AcDb2dVertex
 10
57.80750558035722
 20
-0.2293945312479835
 30
0.0
  0
VERTEX
  5
157
330
68
100
AcDbEntity
  8
1_ANYTOOL_1MMDEEP_LABELS_S
100
AcDbVertex
100
AcDb2dVertex
 10
58.13002232142865
 20
-0.1300781249979366
 30
0.0
  0
VERTEX
  5
158
330
68
100
AcDbEntity
  8
1_ANYTOOL_1MMDEEP_LABELS_S
100
AcDbVertex
100
AcDb2dVertex
 10
58.45906808035723
 20
-0.040220424105037
 30
0.0
  0
VERTEX
  5
159
330
68
100
AcDbEntity
  8
1_ANYTOOL_1MMDEEP_LABELS_S
100
AcDbVertex
100
AcDb2dVertex
 10
58.79464285714295
 20
0.0401785714307152
 30
0.0
  0
VERTEX
  5
15A
330
68
100
AcDbEntity
  8
1_ANYTOOL_1MMDEEP_LABELS_S
100
AcDbVertex
100
AcDb2dVertex
 10
59.1367466517858
 20
0.1111188616093202
 30
0.0
  0
VERTEX
  5
15B
330
68
100
AcDbEntity
  8
1_ANYTOOL_1MMDEEP_LABELS_S
100
AcDbVertex
100
AcDb2dVertex
 10
59.4853794642858
 20
0.1726004464307778
 30
0.0
  0
VERTEX
  5
15C
330
68
100
AcDbEntity
  8
1_ANYTOOL_1MMDEEP_LABELS_S
100
AcDbVertex
100
AcDb2dVertex
 10
59.84054129464294
 20
0.224623325895088
 30
0.0
  0
VERTEX
  5
15D
330
68
100
AcDbEntity
  8
1_ANYTOOL_1MMDEEP_LABELS_S
100
AcDbVertex
100
AcDb2dVertex
 10
60.20223214285723
 20
0.267187500002251
 30
0.0
  0
VERTEX
  5
15E
330
68
100
AcDbEntity
  8
1_ANYTOOL_1MMDEEP_LABELS_S
100
AcDbVertex
100
AcDb2dVertex
 10
60.57045200892865
 20
0.3002929687522666
 30
0.0
  0
VERTEX
  5
15F
330
68
100
AcDbEntity
  8
1_ANYTOOL_1MMDEEP_LABELS_S
100
AcDbVertex
100
AcDb2dVertex
 10
60.94520089285722
 20
0.3239397321451349
 30
0.0
  0
VERTEX
  5
160
330
68
100
AcDbEntity
  8
1_ANYTOOL_1MMDEEP_LABELS_S
100
AcDbVertex
100
AcDb2dVertex
 10
61.32647879464292
 20
0.3381277901808559
 30
0.0
  0
SEQEND
  5
161
330
68
100
AcDbEntity
  8
1_ANYTOOL_1MMDEEP_LABELS_S
  0
LINE
  5
162
330
1F
100
AcDbEntity
  8
1_ANYTOOL_1MMDEEP_LABELS_S
100
AcDbLine
 10
85.67142857142835
 20
-16.11428571428405
 30
0.0
 11
76.88571428571413
 21
-16.19999999999709
 31
0.0
  0
POLYLINE
  5
163
330
1F
100
AcDbEntity
  8
1_ANYTOOL_1MMDEEP_LABELS_S
100
AcDb2dPolyline
 66
     1
 10
0.0
 20
0.0
 30
0.0
  0
VERTEX
  5
164
330
163
100
AcDbEntity
  8
1_ANYTOOL_1MMDEEP_LABELS_S
100
AcDbVertex
100
AcDb2dVertex
 10
107.9142857142856
 20
-4.585714285713038
 30
0.0
  0
VERTEX
  5
165
330
163
100
AcDbEntity
  8
1_ANYTOOL_1MMDEEP_LABELS_S
100
AcDbVertex
100
AcDb2dVertex
 10
107.9110630580356
 20
-4.397586495534505
 30
0.0
  0
VERTEX
  5
166
330
163
100
AcDbEntity
  8
1_ANYTOOL_1MMDEEP_LABELS_S
100
AcDbVertex
100
AcDb2dVertex
 10
107.9070347377231
 20
-4.305060686382737
 30
0.0
  0
VERTEX
  5
167
330
163
100
AcDbEntity
  8
1_ANYTOOL_1MMDEEP_LABELS_S
100
AcDbVertex
100
AcDb2dVertex
 10
107.9013950892856
 20
-4.213560267855968
 30
0.0
  0
VERTEX
  5
168
330
163
100
AcDbEntity
  8
1_ANYTOOL_1MMDEEP_LABELS_S
100
AcDbVertex
100
AcDb2dVertex
 10
107.8941441127231
 20
-4.123085239954198
 30
0.0
  0
VERTEX
  5
169
330
163
100
AcDbEntity
  8
1_ANYTOOL_1MMDEEP_LABELS_S
100
AcDbVertex
100
AcDb2dVertex
 10
107.8852818080356
 20
-4.033635602677428
 30
0.0
  0
VERTEX
  5
16A
330
163
100
AcDbEntity
  8
1_ANYTOOL_1MMDEEP_LABELS_S
100
AcDbVertex
100
AcDb2dVertex
 10
107.8748081752231
 20
-3.945211356025657
 30
0.0
  0
VERTEX
  5
16B
330
163
100
AcDbEntity
  8
1_ANYTOOL_1MMDEEP_LABELS_S
100
AcDbVertex
100
AcDb2dVertex
 10
107.8627232142856
 20
-3.857812499998886
 30
0.0
  0
VERTEX
  5
16C
330
163
100
AcDbEntity
  8
1_ANYTOOL_1MMDEEP_LABELS_S
100
AcDbVertex
100
AcDb2dVertex
 10
107.8490269252231
 20
-3.771439034597114
 30
0.0
  0
VERTEX
  5
16D
330
163
100
AcDbEntity
  8
1_ANYTOOL_1MMDEEP_LABELS_S
100
AcDbVertex
100
AcDb2dVertex
 10
107.8337193080356
 20
-3.686090959820341
 30
0.0
  0
VERTEX
  5
16E
330
163
100
AcDbEntity
  8
1_ANYTOOL_1MMDEEP_LABELS_S
100
AcDbVertex
100
AcDb2dVertex
 10
107.8168003627231
 20
-3.601768275668567
 30
0.0
  0
VERTEX
  5
16F
330
163
100
AcDbEntity
  8
1_ANYTOOL_1MMDEEP_LABELS_S
100
AcDbVertex
100
AcDb2dVertex
 10
107.7982700892856
 20
-3.518470982141793
 30
0.0
  0
VERTEX
  5
170
330
163
100
AcDbEntity
  8
1_ANYTOOL_1MMDEEP_LABELS_S
100
AcDbVertex
100
AcDb2dVertex
 10
107.7781284877231
 20
-3.436199079240017
 30
0.0
  0
VERTEX
  5
171
330
163
100
AcDbEntity
  8
1_ANYTOOL_1MMDEEP_LABELS_S
100
AcDbVertex
100
AcDb2dVertex
 10
107.7563755580356
 20
-3.354952566963242
 30
0.0
  0
VERTEX
  5
172
330
163
100
AcDbEntity
  8
1_ANYTOOL_1MMDEEP_LABELS_S
100
AcDbVertex
100
AcDb2dVertex
 10
107.7330113002231
 20
-3.274731445311465
 30
0.0
  0
VERTEX
  5
173
330
163
100
AcDbEntity
  8
1_ANYTOOL_1MMDEEP_LABELS_S
100
AcDbVertex
100
AcDb2dVertex
 10
107.7080357142856
 20
-3.195535714284688
 30
0.0
  0
VERTEX
  5
174
330
163
100
AcDbEntity
  8
1_ANYTOOL_1MMDEEP_LABELS_S
100
AcDbVertex
100
AcDb2dVertex
 10
107.6814488002231
 20
-3.11736537388291
 30
0.0
  0
VERTEX
  5
175
330
163
100
AcDbEntity
  8
1_ANYTOOL_1MMDEEP_LABELS_S
100
AcDbVertex
100
AcDb2dVertex
 10
107.6532505580356
 20
-3.040220424106131
 30
0.0
  0
VERTEX
  5
176
330
163
100
AcDbEntity
  8
1_ANYTOOL_1MMDEEP_LABELS_S
100
AcDbVertex
100
AcDb2dVertex
 10
107.6234409877231
 20
-2.964100864954352
 30
0.0
  0
VERTEX
  5
177
330
163
100
AcDbEntity
  8
1_ANYTOOL_1MMDEEP_LABELS_S
100
AcDbVertex
100
AcDb2dVertex
 10
107.5920200892856
 20
-2.889006696427572
 30
0.0
  0
VERTEX
  5
178
330
163
100
AcDbEntity
  8
1_ANYTOOL_1MMDEEP_LABELS_S
100
AcDbVertex
100
AcDb2dVertex
 10
107.5589878627231
 20
-2.814937918525791
 30
0.0
  0
VERTEX
  5
179
330
163
100
AcDbEntity
  8
1_ANYTOOL_1MMDEEP_LABELS_S
100
AcDbVertex
100
AcDb2dVertex
 10
107.5243443080356
 20
-2.74189453124901
 30
0.0
  0
VERTEX
  5
17A
330
163
100
AcDbEntity
  8
1_ANYTOOL_1MMDEEP_LABELS_S
100
AcDbVertex
100
AcDb2dVertex
 10
107.4880894252231
 20
-2.669876534597227
 30
0.0
  0
VERTEX
  5
17B
330
163
100
AcDbEntity
  8
1_ANYTOOL_1MMDEEP_LABELS_S
100
AcDbVertex
100
AcDb2dVertex
 10
107.4502232142856
 20
-2.598883928570444
 30
0.0
  0
VERTEX
  5
17C
330
163
100
AcDbEntity
  8
1_ANYTOOL_1MMDEEP_LABELS_S
100
AcDbVertex
100
AcDb2dVertex
 10
107.4107456752231
 20
-2.528916713168661
 30
0.0
  0
VERTEX
  5
17D
330
163
100
AcDbEntity
  8
1_ANYTOOL_1MMDEEP_LABELS_S
100
AcDbVertex
100
AcDb2dVertex
 10
107.3696568080356
 20
-2.459974888391876
 30
0.0
  0
VERTEX
  5
17E
330
163
100
AcDbEntity
  8
1_ANYTOOL_1MMDEEP_LABELS_S
100
AcDbVertex
100
AcDb2dVertex
 10
107.3269566127231
 20
-2.392058454240091
 30
0.0
  0
VERTEX
  5
17F
330
163
100
AcDbEntity
  8
1_ANYTOOL_1MMDEEP_LABELS_S
100
AcDbVertex
100
AcDb2dVertex
 10
107.2826450892857
 20
-2.325167410713306
 30
0.0
  0
VERTEX
  5
180
330
163
100
AcDbEntity
  8
1_ANYTOOL_1MMDEEP_LABELS_S
100
AcDbVertex
100
AcDb2dVertex
 10
107.2367222377232
 20
-2.259301757811519
 30
0.0
  0
VERTEX
  5
181
330
163
100
AcDbEntity
  8
1_ANYTOOL_1MMDEEP_LABELS_S
100
AcDbVertex
100
AcDb2dVertex
 10
107.1891880580357
 20
-2.194461495534732
 30
0.0
  0
VERTEX
  5
182
330
163
100
AcDbEntity
  8
1_ANYTOOL_1MMDEEP_LABELS_S
100
AcDbVertex
100
AcDb2dVertex
 10
107.1400425502232
 20
-2.130646623882944
 30
0.0
  0
VERTEX
  5
183
330
163
100
AcDbEntity
  8
1_ANYTOOL_1MMDEEP_LABELS_S
100
AcDbVertex
100
AcDb2dVertex
 10
107.0892857142857
 20
-2.067857142856155
 30
0.0
  0
VERTEX
  5
184
330
163
100
AcDbEntity
  8
1_ANYTOOL_1MMDEEP_LABELS_S
100
AcDbVertex
100
AcDb2dVertex
 10
107.0369175502232
 20
-2.006093052454366
 30
0.0
  0
VERTEX
  5
185
330
163
100
AcDbEntity
  8
1_ANYTOOL_1MMDEEP_LABELS_S
100
AcDbVertex
100
AcDb2dVertex
 10
106.9829380580357
 20
-1.945354352677576
 30
0.0
  0
VERTEX
  5
186
330
163
100
AcDbEntity
  8
1_ANYTOOL_1MMDEEP_LABELS_S
100
AcDbVertex
100
AcDb2dVertex
 10
106.9273472377232
 20
-1.885641043525785
 30
0.0
  0
VERTEX
  5
187
330
163
100
AcDbEntity
  8
1_ANYTOOL_1MMDEEP_LABELS_S
100
AcDbVertex
100
AcDb2dVertex
 10
106.8701450892857
 20
-1.826953124998994
 30
0.0
  0
VERTEX
  5
188
330
163
100
AcDbEntity
  8
1_ANYTOOL_1MMDEEP_LABELS_S
100
AcDbVertex
100
AcDb2dVertex
 10
106.8113316127232
 20
-1.769290597097202
 30
0.0
  0
VERTEX
  5
189
330
163
100
AcDbEntity
  8
1_ANYTOOL_1MMDEEP_LABELS_S
100
AcDbVertex
100
AcDb2dVertex
 10
106.7509068080357
 20
-1.712653459820409
 30
0.0
  0
VERTEX
  5
18A
330
163
100
AcDbEntity
  8
1_ANYTOOL_1MMDEEP_LABELS_S
100
AcDbVertex
100
AcDb2dVertex
 10
106.6888706752232
 20
-1.657041713168615
 30
0.0
  0
VERTEX
  5
18B
330
163
100
AcDbEntity
  8
1_ANYTOOL_1MMDEEP_LABELS_S
100
AcDbVertex
100
AcDb2dVertex
 10
106.6252232142857
 20
-1.602455357141821
 30
0.0
  0
VERTEX
  5
18C
330
163
100
AcDbEntity
  8
1_ANYTOOL_1MMDEEP_LABELS_S
100
AcDbVertex
100
AcDb2dVertex
 10
106.5599644252232
 20
-1.548894391740026
 30
0.0
  0
VERTEX
  5
18D
330
163
100
AcDbEntity
  8
1_ANYTOOL_1MMDEEP_LABELS_S
100
AcDbVertex
100
AcDb2dVertex
 10
106.4930943080357
 20
-1.49635881696323
 30
0.0
  0
VERTEX
  5
18E
330
163
100
AcDbEntity
  8
1_ANYTOOL_1MMDEEP_LABELS_S
100
AcDbVertex
100
AcDb2dVertex
 10
106.4246128627232
 20
-1.444848632811434
 30
0.0
  0
VERTEX
  5
18F
330
163
100
AcDbEntity
  8
1_ANYTOOL_1MMDEEP_LABELS_S
100
AcDbVertex
100
AcDb2dVertex
 10
106.3545200892857
 20
-1.394363839284637
 30
0.0
  0
VERTEX
  5
190
330
163
100
AcDbEntity
  8
1_ANYTOOL_1MMDEEP_LABELS_S
100
AcDbVertex
100
AcDb2dVertex
 10
106.2828159877232
 20
-1.344904436382839
 30
0.0
  0
VERTEX
  5
191
330
163
100
AcDbEntity
  8
1_ANYTOOL_1MMDEEP_LABELS_S
100
AcDbVertex
100
AcDb2dVertex
 10
106.2095005580357
 20
-1.29647042410604
 30
0.0
  0
VERTEX
  5
192
330
163
100
AcDbEntity
  8
1_ANYTOOL_1MMDEEP_LABELS_S
100
AcDbVertex
100
AcDb2dVertex
 10
106.1345738002233
 20
-1.249061802454241
 30
0.0
  0
VERTEX
  5
193
330
163
100
AcDbEntity
  8
1_ANYTOOL_1MMDEEP_LABELS_S
100
AcDbVertex
100
AcDb2dVertex
 10
106.0580357142858
 20
-1.202678571427441
 30
0.0
  0
VERTEX
  5
194
330
163
100
AcDbEntity
  8
1_ANYTOOL_1MMDEEP_LABELS_S
100
AcDbVertex
100
AcDb2dVertex
 10
105.9798863002233
 20
-1.15732073102564
 30
0.0
  0
VERTEX
  5
195
330
163
100
AcDbEntity
  8
1_ANYTOOL_1MMDEEP_LABELS_S
100
AcDbVertex
100
AcDb2dVertex
 10
105.9001255580358
 20
-1.112988281248839
 30
0.0
  0
VERTEX
  5
196
330
163
100
AcDbEntity
  8
1_ANYTOOL_1MMDEEP_LABELS_S
100
AcDbVertex
100
AcDb2dVertex
 10
105.8187534877233
 20
-1.069681222097037
 30
0.0
  0
VERTEX
  5
197
330
163
100
AcDbEntity
  8
1_ANYTOOL_1MMDEEP_LABELS_S
100
AcDbVertex
100
AcDb2dVertex
 10
105.7357700892858
 20
-1.027399553570234
 30
0.0
  0
VERTEX
  5
198
330
163
100
AcDbEntity
  8
1_ANYTOOL_1MMDEEP_LABELS_S
100
AcDbVertex
100
AcDb2dVertex
 10
105.5649693080358
 20
-0.9459123883916263
 30
0.0
  0
VERTEX
  5
199
330
163
100
AcDbEntity
  8
1_ANYTOOL_1MMDEEP_LABELS_S
100
AcDbVertex
100
AcDb2dVertex
 10
105.3877232142858
 20
-0.8685267857130157
 30
0.0
  0
VERTEX
  5
19A
330
163
100
AcDbEntity
  8
1_ANYTOOL_1MMDEEP_LABELS_S
100
AcDbVertex
100
AcDb2dVertex
 10
105.2040318080358
 20
-0.7952427455344022
 30
0.0
  0
VERTEX
  5
19B
330
163
100
AcDbEntity
  8
1_ANYTOOL_1MMDEEP_LABELS_S
100
AcDbVertex
100
AcDb2dVertex
 10
105.0138950892858
 20
-0.7260602678557859
 30
0.0
  0
VERTEX
  5
19C
330
163
100
AcDbEntity
  8
1_ANYTOOL_1MMDEEP_LABELS_S
100
AcDbVertex
100
AcDb2dVertex
 10
104.8173130580359
 20
-0.6609793526771668
 30
0.0
  0
VERTEX
  5
19D
330
163
100
AcDbEntity
  8
1_ANYTOOL_1MMDEEP_LABELS_S
100
AcDbVertex
100
AcDb2dVertex
 10
104.6142857142859
 20
-0.5999999999985448
 30
0.0
  0
VERTEX
  5
19E
330
163
100
AcDbEntity
  8
1_ANYTOOL_1MMDEEP_LABELS_S
100
AcDbVertex
100
AcDb2dVertex
 10
103.8066964285715
 20
-0.3790178571412071
 30
0.0
  0
VERTEX
  5
19F
330
163
100
AcDbEntity
  8
1_ANYTOOL_1MMDEEP_LABELS_S
100
AcDbVertex
100
AcDb2dVertex
 10
103.0125
 20
-0.187499999998181
 30
0.0
  0
VERTEX
  5
1A0
330
163
100
AcDbEntity
  8
1_ANYTOOL_1MMDEEP_LABELS_S
100
AcDbVertex
100
AcDb2dVertex
 10
102.2316964285714
 20
-0.0254464285694667
 30
0.0
  0
VERTEX
  5
1A1
330
163
100
AcDbEntity
  8
1_ANYTOOL_1MMDEEP_LABELS_S
100
AcDbVertex
100
AcDb2dVertex
 10
101.4642857142857
 20
0.107142857144936
 30
0.0
  0
VERTEX
  5
1A2
330
163
100
AcDbEntity
  8
1_ANYTOOL_1MMDEEP_LABELS_S
100
AcDbVertex
100
AcDb2dVertex
 10
101.0856026785714
 20
0.1623883928592704
 30
0.0
  0
VERTEX
  5
1A3
330
163
100
AcDbEntity
  8
1_ANYTOOL_1MMDEEP_LABELS_S
100
AcDbVertex
100
AcDb2dVertex
 10
100.7102678571428
 20
0.2102678571450269
 30
0.0
  0
VERTEX
  5
1A4
330
163
100
AcDbEntity
  8
1_ANYTOOL_1MMDEEP_LABELS_S
100
AcDbVertex
100
AcDb2dVertex
 10
100.33828125
 20
0.2507812500022055
 30
0.0
  0
VERTEX
  5
1A5
330
163
100
AcDbEntity
  8
1_ANYTOOL_1MMDEEP_LABELS_S
100
AcDbVertex
100
AcDb2dVertex
 10
99.96964285714282
 20
0.2839285714308062
 30
0.0
  0
VERTEX
  5
1A6
330
163
100
AcDbEntity
  8
1_ANYTOOL_1MMDEEP_LABELS_S
100
AcDbVertex
100
AcDb2dVertex
 10
99.6043526785714
 20
0.3097098214308289
 30
0.0
  0
VERTEX
  5
1A7
330
163
100
AcDbEntity
  8
1_ANYTOOL_1MMDEEP_LABELS_S
100
AcDbVertex
100
AcDb2dVertex
 10
99.24241071428571
 20
0.3281250000022737
 30
0.0
  0
VERTEX
  5
1A8
330
163
100
AcDbEntity
  8
1_ANYTOOL_1MMDEEP_LABELS_S
100
AcDbVertex
100
AcDb2dVertex
 10
98.88381696428573
 20
0.3391741071451406
 30
0.0
  0
VERTEX
  5
1A9
330
163
100
AcDbEntity
  8
1_ANYTOOL_1MMDEEP_LABELS_S
100
AcDbVertex
100
AcDb2dVertex
 10
98.52857142857147
 20
0.3428571428594296
 30
0.0
  0
VERTEX
  5
1AA
330
163
100
AcDbEntity
  8
1_ANYTOOL_1MMDEEP_LABELS_S
100
AcDbVertex
100
AcDb2dVertex
 10
98.33366350446433
 20
0.3410574776808559
 30
0.0
  0
VERTEX
  5
1AB
330
163
100
AcDbEntity
  8
1_ANYTOOL_1MMDEEP_LABELS_S
100
AcDbVertex
100
AcDb2dVertex
 10
98.14001116071432
 20
0.3356584821451349
 30
0.0
  0
VERTEX
  5
1AC
330
163
100
AcDbEntity
  8
1_ANYTOOL_1MMDEEP_LABELS_S
100
AcDbVertex
100
AcDb2dVertex
 10
97.94761439732147
 20
0.3266601562522666
 30
0.0
  0
VERTEX
  5
1AD
330
163
100
AcDbEntity
  8
1_ANYTOOL_1MMDEEP_LABELS_S
100
AcDbVertex
100
AcDb2dVertex
 10
97.75647321428576
 20
0.314062500002251
 30
0.0
  0
VERTEX
  5
1AE
330
163
100
AcDbEntity
  8
1_ANYTOOL_1MMDEEP_LABELS_S
100
AcDbVertex
100
AcDb2dVertex
 10
97.56658761160719
 20
0.297865513395088
 30
0.0
  0
VERTEX
  5
1AF
330
163
100
AcDbEntity
  8
1_ANYTOOL_1MMDEEP_LABELS_S
100
AcDbVertex
100
AcDb2dVertex
 10
97.37795758928576
 20
0.2780691964307778
 30
0.0
  0
VERTEX
  5
1B0
330
163
100
AcDbEntity
  8
1_ANYTOOL_1MMDEEP_LABELS_S
100
AcDbVertex
100
AcDb2dVertex
 10
97.19058314732148
 20
0.2546735491093202
 30
0.0
  0
VERTEX
  5
1B1
330
163
100
AcDbEntity
  8
1_ANYTOOL_1MMDEEP_LABELS_S
100
AcDbVertex
100
AcDb2dVertex
 10
97.00446428571433
 20
0.2276785714307152
 30
0.0
  0
VERTEX
  5
1B2
330
163
100
AcDbEntity
  8
1_ANYTOOL_1MMDEEP_LABELS_S
100
AcDbVertex
100
AcDb2dVertex
 10
96.81960100446433
 20
0.197084263394963
 30
0.0
  0
VERTEX
  5
1B3
330
163
100
AcDbEntity
  8
1_ANYTOOL_1MMDEEP_LABELS_S
100
AcDbVertex
100
AcDb2dVertex
 10
96.63599330357147
 20
0.1628906250020634
 30
0.0
  0
VERTEX
  5
1B4
330
163
100
AcDbEntity
  8
1_ANYTOOL_1MMDEEP_LABELS_S
100
AcDbVertex
100
AcDb2dVertex
 10
96.45364118303576
 20
0.1250976562520165
 30
0.0
  0
VERTEX
  5
1B5
330
163
100
AcDbEntity
  8
1_ANYTOOL_1MMDEEP_LABELS_S
100
AcDbVertex
100
AcDb2dVertex
 10
96.27254464285718
 20
0.0837053571448223
 30
0.0
  0
VERTEX
  5
1B6
330
163
100
AcDbEntity
  8
1_ANYTOOL_1MMDEEP_LABELS_S
100
AcDbVertex
100
AcDb2dVertex
 10
96.09270368303575
 20
0.0387137276804808
 30
0.0
  0
VERTEX
  5
1B7
330
163
100
AcDbEntity
  8
1_ANYTOOL_1MMDEEP_LABELS_S
100
AcDbVertex
100
AcDb2dVertex
 10
95.91411830357146
 20
-0.0098772321410081
 30
0.0
  0
VERTEX
  5
1B8
330
163
100
AcDbEntity
  8
1_ANYTOOL_1MMDEEP_LABELS_S
100
AcDbVertex
100
AcDb2dVertex
 10
95.73678850446431
 20
-0.0620675223196443
 30
0.0
  0
VERTEX
  5
1B9
330
163
100
AcDbEntity
  8
1_ANYTOOL_1MMDEEP_LABELS_S
100
AcDbVertex
100
AcDb2dVertex
 10
95.56071428571431
 20
-0.1178571428554278
 30
0.0
  0
VERTEX
  5
1BA
330
163
100
AcDbEntity
  8
1_ANYTOOL_1MMDEEP_LABELS_S
100
AcDbVertex
100
AcDb2dVertex
 10
95.38589564732145
 20
-0.1772460937483586
 30
0.0
  0
VERTEX
  5
1BB
330
163
100
AcDbEntity
  8
1_ANYTOOL_1MMDEEP_LABELS_S
100
AcDbVertex
100
AcDb2dVertex
 10
95.21233258928572
 20
-0.2402343749984368
 30
0.0
  0
VERTEX
  5
1BC
330
163
100
AcDbEntity
  8
1_ANYTOOL_1MMDEEP_LABELS_S
100
AcDbVertex
100
AcDb2dVertex
 10
95.04002511160715
 20
-0.3068219866056623
 30
0.0
  0
VERTEX
  5
1BD
330
163
100
AcDbEntity
  8
1_ANYTOOL_1MMDEEP_LABELS_S
100
AcDbVertex
100
AcDb2dVertex
 10
94.86897321428572
 20
-0.3770089285700351
 30
0.0
  0
VERTEX
  5
1BE
330
163
100
AcDbEntity
  8
1_ANYTOOL_1MMDEEP_LABELS_S
100
AcDbVertex
100
AcDb2dVertex
 10
94.69917689732142
 20
-0.4507952008915552
 30
0.0
  0
VERTEX
  5
1BF
330
163
100
AcDbEntity
  8
1_ANYTOOL_1MMDEEP_LABELS_S
100
AcDbVertex
100
AcDb2dVertex
 10
94.53063616071427
 20
-0.5281808035702227
 30
0.0
  0
VERTEX
  5
1C0
330
163
100
AcDbEntity
  8
1_ANYTOOL_1MMDEEP_LABELS_S
100
AcDbVertex
100
AcDb2dVertex
 10
94.36335100446426
 20
-0.6091657366060375
 30
0.0
  0
VERTEX
  5
1C1
330
163
100
AcDbEntity
  8
1_ANYTOOL_1MMDEEP_LABELS_S
100
AcDbVertex
100
AcDb2dVertex
 10
94.1973214285714
 20
-0.6937499999989996
 30
0.0
  0
VERTEX
  5
1C2
330
163
100
AcDbEntity
  8
1_ANYTOOL_1MMDEEP_LABELS_S
100
AcDbVertex
100
AcDb2dVertex
 10
94.03254743303567
 20
-0.781933593749109
 30
0.0
  0
VERTEX
  5
1C3
330
163
100
AcDbEntity
  8
1_ANYTOOL_1MMDEEP_LABELS_S
100
AcDbVertex
100
AcDb2dVertex
 10
93.86902901785709
 20
-0.8737165178563657
 30
0.0
  0
VERTEX
  5
1C4
330
163
100
AcDbEntity
  8
1_ANYTOOL_1MMDEEP_LABELS_S
100
AcDbVertex
100
AcDb2dVertex
 10
93.70676618303565
 20
-0.9690987723207698
 30
0.0
  0
VERTEX
  5
1C5
330
163
100
AcDbEntity
  8
1_ANYTOOL_1MMDEEP_LABELS_S
100
AcDbVertex
100
AcDb2dVertex
 10
93.54575892857136
 20
-1.068080357142321
 30
0.0
  0
VERTEX
  5
1C6
330
163
100
AcDbEntity
  8
1_ANYTOOL_1MMDEEP_LABELS_S
100
AcDbVertex
100
AcDb2dVertex
 10
93.3860072544642
 20
-1.17066127232102
 30
0.0
  0
VERTEX
  5
1C7
330
163
100
AcDbEntity
  8
1_ANYTOOL_1MMDEEP_LABELS_S
100
AcDbVertex
100
AcDb2dVertex
 10
93.22751116071419
 20
-1.276841517856866
 30
0.0
  0
VERTEX
  5
1C8
330
163
100
AcDbEntity
  8
1_ANYTOOL_1MMDEEP_LABELS_S
100
AcDbVertex
100
AcDb2dVertex
 10
93.07027064732132
 20
-1.386621093749859
 30
0.0
  0
VERTEX
  5
1C9
330
163
100
AcDbEntity
  8
1_ANYTOOL_1MMDEEP_LABELS_S
100
AcDbVertex
100
AcDb2dVertex
 10
92.9142857142856
 20
-1.5
 30
0.0
  0
VERTEX
  5
1CA
330
163
100
AcDbEntity
  8
1_ANYTOOL_1MMDEEP_LABELS_S
100
AcDbVertex
100
AcDb2dVertex
 10
92.76135602678562
 20
-1.614048549107316
 30
0.0
  0
VERTEX
  5
1CB
330
163
100
AcDbEntity
  8
1_ANYTOOL_1MMDEEP_LABELS_S
100
AcDbVertex
100
AcDb2dVertex
 10
92.61328124999991
 20
-1.731194196428902
 30
0.0
  0
VERTEX
  5
1CC
330
163
100
AcDbEntity
  8
1_ANYTOOL_1MMDEEP_LABELS_S
100
AcDbVertex
100
AcDb2dVertex
 10
92.47006138392851
 20
-1.851436941964756
 30
0.0
  0
VERTEX
  5
1CD
330
163
100
AcDbEntity
  8
1_ANYTOOL_1MMDEEP_LABELS_S
100
AcDbVertex
100
AcDb2dVertex
 10
92.33169642857138
 20
-1.97477678571488
 30
0.0
  0
VERTEX
  5
1CE
330
163
100
AcDbEntity
  8
1_ANYTOOL_1MMDEEP_LABELS_S
100
AcDbVertex
100
AcDb2dVertex
 10
92.19818638392854
 20
-2.101213727679273
 30
0.0
  0
VERTEX
  5
1CF
330
163
100
AcDbEntity
  8
1_ANYTOOL_1MMDEEP_LABELS_S
100
AcDbVertex
100
AcDb2dVertex
 10
92.06953124999997
 20
-2.230747767857935
 30
0.0
  0
VERTEX
  5
1D0
330
163
100
AcDbEntity
  8
1_ANYTOOL_1MMDEEP_LABELS_S
100
AcDbVertex
100
AcDb2dVertex
 10
91.9457310267857
 20
-2.363378906250865
 30
0.0
  0
VERTEX
  5
1D1
330
163
100
AcDbEntity
  8
1_ANYTOOL_1MMDEEP_LABELS_S
100
AcDbVertex
100
AcDb2dVertex
 10
91.8267857142857
 20
-2.499107142858065
 30
0.0
  0
VERTEX
  5
1D2
330
163
100
AcDbEntity
  8
1_ANYTOOL_1MMDEEP_LABELS_S
100
AcDbVertex
100
AcDb2dVertex
 10
91.71269531250002
 20
-2.637932477679534
 30
0.0
  0
VERTEX
  5
1D3
330
163
100
AcDbEntity
  8
1_ANYTOOL_1MMDEEP_LABELS_S
100
AcDbVertex
100
AcDb2dVertex
 10
91.60345982142859
 20
-2.779854910715272
 30
0.0
  0
VERTEX
  5
1D4
330
163
100
AcDbEntity
  8
1_ANYTOOL_1MMDEEP_LABELS_S
100
AcDbVertex
100
AcDb2dVertex
 10
91.49907924107146
 20
-2.924874441965279
 30
0.0
  0
VERTEX
  5
1D5
330
163
100
AcDbEntity
  8
1_ANYTOOL_1MMDEEP_LABELS_S
100
AcDbVertex
100
AcDb2dVertex
 10
91.39955357142861
 20
-3.072991071429556
 30
0.0
  0
VERTEX
  5
1D6
330
163
100
AcDbEntity
  8
1_ANYTOOL_1MMDEEP_LABELS_S
100
AcDbVertex
100
AcDb2dVertex
 10
91.30488281250004
 20
-3.224204799108101
 30
0.0
  0
VERTEX
  5
1D7
330
163
100
AcDbEntity
  8
1_ANYTOOL_1MMDEEP_LABELS_S
100
AcDbVertex
100
AcDb2dVertex
 10
91.21506696428577
 20
-3.378515625000915
 30
0.0
  0
VERTEX
  5
1D8
330
163
100
AcDbEntity
  8
1_ANYTOOL_1MMDEEP_LABELS_S
100
AcDbVertex
100
AcDb2dVertex
 10
91.13010602678578
 20
-3.535923549107999
 30
0.0
  0
VERTEX
  5
1D9
330
163
100
AcDbEntity
  8
1_ANYTOOL_1MMDEEP_LABELS_S
100
AcDbVertex
100
AcDb2dVertex
 10
91.05000000000007
 20
-3.696428571429351
 30
0.0
  0
VERTEX
  5
1DA
330
163
100
AcDbEntity
  8
1_ANYTOOL_1MMDEEP_LABELS_S
100
AcDbVertex
100
AcDb2dVertex
 10
90.97474888392864
 20
-3.860030691964973
 30
0.0
  0
VERTEX
  5
1DB
330
163
100
AcDbEntity
  8
1_ANYTOOL_1MMDEEP_LABELS_S
100
AcDbVertex
100
AcDb2dVertex
 10
90.90435267857151
 20
-4.026729910714863
 30
0.0
  0
VERTEX
  5
1DC
330
163
100
AcDbEntity
  8
1_ANYTOOL_1MMDEEP_LABELS_S
100
AcDbVertex
100
AcDb2dVertex
 10
90.83881138392867
 20
-4.196526227679023
 30
0.0
  0
VERTEX
  5
1DD
330
163
100
AcDbEntity
  8
1_ANYTOOL_1MMDEEP_LABELS_S
100
AcDbVertex
100
AcDb2dVertex
 10
90.7781250000001
 20
-4.369419642857451
 30
0.0
  0
VERTEX
  5
1DE
330
163
100
AcDbEntity
  8
1_ANYTOOL_1MMDEEP_LABELS_S
100
AcDbVertex
100
AcDb2dVertex
 10
90.72229352678582
 20
-4.545410156250149
 30
0.0
  0
VERTEX
  5
1DF
330
163
100
AcDbEntity
  8
1_ANYTOOL_1MMDEEP_LABELS_S
100
AcDbVertex
100
AcDb2dVertex
 10
90.67131696428582
 20
-4.724497767857116
 30
0.0
  0
VERTEX
  5
1E0
330
163
100
AcDbEntity
  8
1_ANYTOOL_1MMDEEP_LABELS_S
100
AcDbVertex
100
AcDb2dVertex
 10
90.62519531250011
 20
-4.906682477678352
 30
0.0
  0
VERTEX
  5
1E1
330
163
100
AcDbEntity
  8
1_ANYTOOL_1MMDEEP_LABELS_S
100
AcDbVertex
100
AcDb2dVertex
 10
90.58392857142869
 20
-5.091964285713857
 30
0.0
  0
VERTEX
  5
1E2
330
163
100
AcDbEntity
  8
1_ANYTOOL_1MMDEEP_LABELS_S
100
AcDbVertex
100
AcDb2dVertex
 10
90.54751674107155
 20
-5.280343191963631
 30
0.0
  0
VERTEX
  5
1E3
330
163
100
AcDbEntity
  8
1_ANYTOOL_1MMDEEP_LABELS_S
100
AcDbVertex
100
AcDb2dVertex
 10
90.5159598214287
 20
-5.471819196427674
 30
0.0
  0
VERTEX
  5
1E4
330
163
100
AcDbEntity
  8
1_ANYTOOL_1MMDEEP_LABELS_S
100
AcDbVertex
100
AcDb2dVertex
 10
90.48925781250013
 20
-5.666392299105986
 30
0.0
  0
VERTEX
  5
1E5
330
163
100
AcDbEntity
  8
1_ANYTOOL_1MMDEEP_LABELS_S
100
AcDbVertex
100
AcDb2dVertex
 10
90.46741071428585
 20
-5.864062499998568
 30
0.0
  0
VERTEX
  5
1E6
330
163
100
AcDbEntity
  8
1_ANYTOOL_1MMDEEP_LABELS_S
100
AcDbVertex
100
AcDb2dVertex
 10
90.45041852678585
 20
-6.064829799105418
 30
0.0
  0
VERTEX
  5
1E7
330
163
100
AcDbEntity
  8
1_ANYTOOL_1MMDEEP_LABELS_S
100
AcDbVertex
100
AcDb2dVertex
 10
90.43828125000013
 20
-6.268694196426537
 30
0.0
  0
VERTEX
  5
1E8
330
163
100
AcDbEntity
  8
1_ANYTOOL_1MMDEEP_LABELS_S
100
AcDbVertex
100
AcDb2dVertex
 10
90.43099888392871
 20
-6.475655691961926
 30
0.0
  0
VERTEX
  5
1E9
330
163
100
AcDbEntity
  8
1_ANYTOOL_1MMDEEP_LABELS_S
100
AcDbVertex
100
AcDb2dVertex
 10
90.42857142857156
 20
-6.685714285711583
 30
0.0
  0
VERTEX
  5
1EA
330
163
100
AcDbEntity
  8
1_ANYTOOL_1MMDEEP_LABELS_S
100
AcDbVertex
100
AcDb2dVertex
 10
90.43133370535728
 20
-6.90083705356875
 30
0.0
  0
VERTEX
  5
1EB
330
163
100
AcDbEntity
  8
1_ANYTOOL_1MMDEEP_LABELS_S
100
AcDbVertex
100
AcDb2dVertex
 10
90.43962053571441
 20
-7.112276785711629
 30
0.0
  0
VERTEX
  5
1EC
330
163
100
AcDbEntity
  8
1_ANYTOOL_1MMDEEP_LABELS_S
100
AcDbVertex
100
AcDb2dVertex
 10
90.45343191964298
 20
-7.320033482140218
 30
0.0
  0
VERTEX
  5
1ED
330
163
100
AcDbEntity
  8
1_ANYTOOL_1MMDEEP_LABELS_S
100
AcDbVertex
100
AcDb2dVertex
 10
90.47276785714298
 20
-7.524107142854518
 30
0.0
  0
VERTEX
  5
1EE
330
163
100
AcDbEntity
  8
1_ANYTOOL_1MMDEEP_LABELS_S
100
AcDbVertex
100
AcDb2dVertex
 10
90.49762834821442
 20
-7.72449776785453
 30
0.0
  0
VERTEX
  5
1EF
330
163
100
AcDbEntity
  8
1_ANYTOOL_1MMDEEP_LABELS_S
100
AcDbVertex
100
AcDb2dVertex
 10
90.52801339285728
 20
-7.921205357140252
 30
0.0
  0
VERTEX
  5
1F0
330
163
100
AcDbEntity
  8
1_ANYTOOL_1MMDEEP_LABELS_S
100
AcDbVertex
100
AcDb2dVertex
 10
90.56392299107155
 20
-8.114229910711686
 30
0.0
  0
VERTEX
  5
1F1
330
163
100
AcDbEntity
  8
1_ANYTOOL_1MMDEEP_LABELS_S
100
AcDbVertex
100
AcDb2dVertex
 10
90.60535714285726
 20
-8.30357142856883
 30
0.0
  0
VERTEX
  5
1F2
330
163
100
AcDbEntity
  8
1_ANYTOOL_1MMDEEP_LABELS_S
100
AcDbVertex
100
AcDb2dVertex
 10
90.6523158482144
 20
-8.489229910711686
 30
0.0
  0
VERTEX
  5
1F3
330
163
100
AcDbEntity
  8
1_ANYTOOL_1MMDEEP_LABELS_S
100
AcDbVertex
100
AcDb2dVertex
 10
90.70479910714297
 20
-8.671205357140252
 30
0.0
  0
VERTEX
  5
1F4
330
163
100
AcDbEntity
  8
1_ANYTOOL_1MMDEEP_LABELS_S
100
AcDbVertex
100
AcDb2dVertex
 10
90.76280691964297
 20
-8.84949776785453
 30
0.0
  0
VERTEX
  5
1F5
330
163
100
AcDbEntity
  8
1_ANYTOOL_1MMDEEP_LABELS_S
100
AcDbVertex
100
AcDb2dVertex
 10
90.82633928571438
 20
-9.024107142854518
 30
0.0
  0
VERTEX
  5
1F6
330
163
100
AcDbEntity
  8
1_ANYTOOL_1MMDEEP_LABELS_S
100
AcDbVertex
100
AcDb2dVertex
 10
90.86017717633938
 20
-9.110030691961654
 30
0.0
  0
VERTEX
  5
1F7
330
163
100
AcDbEntity
  8
1_ANYTOOL_1MMDEEP_LABELS_S
100
AcDbVertex
100
AcDb2dVertex
 10
90.89539620535723
 20
-9.195033482140218
 30
0.0
  0
VERTEX
  5
1F8
330
163
100
AcDbEntity
  8
1_ANYTOOL_1MMDEEP_LABELS_S
100
AcDbVertex
100
AcDb2dVertex
 10
90.93199637276794
 20
-9.27911551339021
 30
0.0
  0
VERTEX
  5
1F9
330
163
100
AcDbEntity
  8
1_ANYTOOL_1MMDEEP_LABELS_S
100
AcDbVertex
100
AcDb2dVertex
 10
90.96997767857151
 20
-9.362276785711629
 30
0.0
  0
VERTEX
  5
1FA
330
163
100
AcDbEntity
  8
1_ANYTOOL_1MMDEEP_LABELS_S
100
AcDbVertex
100
AcDb2dVertex
 10
91.00934012276794
 20
-9.444517299104476
 30
0.0
  0
VERTEX
  5
1FB
330
163
100
AcDbEntity
  8
1_ANYTOOL_1MMDEEP_LABELS_S
100
AcDbVertex
100
AcDb2dVertex
 10
91.05008370535722
 20
-9.52583705356875
 30
0.0
  0
VERTEX
  5
1FC
330
163
100
AcDbEntity
  8
1_ANYTOOL_1MMDEEP_LABELS_S
100
AcDbVertex
100
AcDb2dVertex
 10
91.09220842633937
 20
-9.606236049104453
 30
0.0
  0
VERTEX
  5
1FD
330
163
100
AcDbEntity
  8
1_ANYTOOL_1MMDEEP_LABELS_S
100
AcDbVertex
100
AcDb2dVertex
 10
91.13571428571436
 20
-9.685714285711583
 30
0.0
  0
VERTEX
  5
1FE
330
163
100
AcDbEntity
  8
1_ANYTOOL_1MMDEEP_LABELS_S
100
AcDbVertex
100
AcDb2dVertex
 10
91.1806012834822
 20
-9.764271763390141
 30
0.0
  0
VERTEX
  5
1FF
330
163
100
AcDbEntity
  8
1_ANYTOOL_1MMDEEP_LABELS_S
100
AcDbVertex
100
AcDb2dVertex
 10
91.22686941964292
 20
-9.841908482140127
 30
0.0
  0
VERTEX
  5
200
330
163
100
AcDbEntity
  8
1_ANYTOOL_1MMDEEP_LABELS_S
100
AcDbVertex
100
AcDb2dVertex
 10
91.27451869419647
 20
-9.91862444196154
 30
0.0
  0
VERTEX
  5
201
330
163
100
AcDbEntity
  8
1_ANYTOOL_1MMDEEP_LABELS_S
100
AcDbVertex
100
AcDb2dVertex
 10
91.32354910714291
 20
-9.994419642854382
 30
0.0
  0
VERTEX
  5
202
330
163
100
AcDbEntity
  8
1_ANYTOOL_1MMDEEP_LABELS_S
100
AcDbVertex
100
AcDb2dVertex
 10
91.37396065848219
 20
-10.06929408481865
 30
0.0
  0
VERTEX
  5
203
330
163
100
AcDbEntity
  8
1_ANYTOOL_1MMDEEP_LABELS_S
100
AcDbVertex
100
AcDb2dVertex
 10
91.42575334821433
 20
-10.14324776785435
 30
0.0
  0
VERTEX
  5
204
330
163
100
AcDbEntity
  8
1_ANYTOOL_1MMDEEP_LABELS_S
100
AcDbVertex
100
AcDb2dVertex
 10
91.47892717633931
 20
-10.21628069196147
 30
0.0
  0
VERTEX
  5
205
330
163
100
AcDbEntity
  8
1_ANYTOOL_1MMDEEP_LABELS_S
100
AcDbVertex
100
AcDb2dVertex
 10
91.53348214285718
 20
-10.28839285714002
 30
0.0
  0
VERTEX
  5
206
330
163
100
AcDbEntity
  8
1_ANYTOOL_1MMDEEP_LABELS_S
100
AcDbVertex
100
AcDb2dVertex
 10
91.5894182477679
 20
-10.35958426339
 30
0.0
  0
VERTEX
  5
207
330
163
100
AcDbEntity
  8
1_ANYTOOL_1MMDEEP_LABELS_S
100
AcDbVertex
100
AcDb2dVertex
 10
91.64673549107147
 20
-10.42985491071141
 30
0.0
  0
VERTEX
  5
208
330
163
100
AcDbEntity
  8
1_ANYTOOL_1MMDEEP_LABELS_S
100
AcDbVertex
100
AcDb2dVertex
 10
91.70543387276788
 20
-10.49920479910425
 30
0.0
  0
VERTEX
  5
209
330
163
100
AcDbEntity
  8
1_ANYTOOL_1MMDEEP_LABELS_S
100
AcDbVertex
100
AcDb2dVertex
 10
91.76551339285717
 20
-10.56763392856851
 30
0.0
  0
VERTEX
  5
20A
330
163
100
AcDbEntity
  8
1_ANYTOOL_1MMDEEP_LABELS_S
100
AcDbVertex
100
AcDb2dVertex
 10
91.8269740513393
 20
-10.6351422991042
 30
0.0
  0
VERTEX
  5
20B
330
163
100
AcDbEntity
  8
1_ANYTOOL_1MMDEEP_LABELS_S
100
AcDbVertex
100
AcDb2dVertex
 10
91.8898158482143
 20
-10.70172991071132
 30
0.0
  0
VERTEX
  5
20C
330
163
100
AcDbEntity
  8
1_ANYTOOL_1MMDEEP_LABELS_S
100
AcDbVertex
100
AcDb2dVertex
 10
91.95403878348215
 20
-10.76739676338987
 30
0.0
  0
VERTEX
  5
20D
330
163
100
AcDbEntity
  8
1_ANYTOOL_1MMDEEP_LABELS_S
100
AcDbVertex
100
AcDb2dVertex
 10
92.01964285714286
 20
-10.83214285713984
 30
0.0
  0
VERTEX
  5
20E
330
163
100
AcDbEntity
  8
1_ANYTOOL_1MMDEEP_LABELS_S
100
AcDbVertex
100
AcDb2dVertex
 10
92.15499441964285
 20
-10.95887276785407
 30
0.0
  0
VERTEX
  5
20F
330
163
100
AcDbEntity
  8
1_ANYTOOL_1MMDEEP_LABELS_S
100
AcDbVertex
100
AcDb2dVertex
 10
92.29587053571427
 20
-11.08191964285402
 30
0.0
  0
VERTEX
  5
210
330
163
100
AcDbEntity
  8
1_ANYTOOL_1MMDEEP_LABELS_S
100
AcDbVertex
100
AcDb2dVertex
 10
92.44227120535712
 20
-11.20128348213967
 30
0.0
  0
VERTEX
  5
211
330
163
100
AcDbEntity
  8
1_ANYTOOL_1MMDEEP_LABELS_S
100
AcDbVertex
100
AcDb2dVertex
 10
92.59419642857138
 20
-11.31696428571104
 30
0.0
  0
VERTEX
  5
212
330
163
100
AcDbEntity
  8
1_ANYTOOL_1MMDEEP_LABELS_S
100
AcDbVertex
100
AcDb2dVertex
 10
92.75164620535708
 20
-11.42896205356811
 30
0.0
  0
VERTEX
  5
213
330
163
100
AcDbEntity
  8
1_ANYTOOL_1MMDEEP_LABELS_S
100
AcDbVertex
100
AcDb2dVertex
 10
92.9146205357142
 20
-11.5372767857109
 30
0.0
  0
VERTEX
  5
214
330
163
100
AcDbEntity
  8
1_ANYTOOL_1MMDEEP_LABELS_S
100
AcDbVertex
100
AcDb2dVertex
 10
93.08311941964277
 20
-11.6419084821394
 30
0.0
  0
VERTEX
  5
215
330
163
100
AcDbEntity
  8
1_ANYTOOL_1MMDEEP_LABELS_S
100
AcDbVertex
100
AcDb2dVertex
 10
93.25714285714275
 20
-11.74285714285361
 30
0.0
  0
VERTEX
  5
216
330
163
100
AcDbEntity
  8
1_ANYTOOL_1MMDEEP_LABELS_S
100
AcDbVertex
100
AcDb2dVertex
 10
93.97232142857138
 20
-12.1339285714264
 30
0.0
  0
VERTEX
  5
217
330
163
100
AcDbEntity
  8
1_ANYTOOL_1MMDEEP_LABELS_S
100
AcDbVertex
100
AcDb2dVertex
 10
94.70357142857142
 20
-12.5142857142846
 30
0.0
  0
VERTEX
  5
218
330
163
100
AcDbEntity
  8
1_ANYTOOL_1MMDEEP_LABELS_S
100
AcDbVertex
100
AcDb2dVertex
 10
95.45089285714289
 20
-12.88392857142821
 30
0.0
  0
VERTEX
  5
219
330
163
100
AcDbEntity
  8
1_ANYTOOL_1MMDEEP_LABELS_S
100
AcDbVertex
100
AcDb2dVertex
 10
96.21428571428578
 20
-13.24285714285725
 30
0.0
  0
VERTEX
  5
21A
330
163
100
AcDbEntity
  8
1_ANYTOOL_1MMDEEP_LABELS_S
100
AcDbVertex
100
AcDb2dVertex
 10
96.99375000000009
 20
-13.59107142857169
 30
0.0
  0
VERTEX
  5
21B
330
163
100
AcDbEntity
  8
1_ANYTOOL_1MMDEEP_LABELS_S
100
AcDbVertex
100
AcDb2dVertex
 10
97.78928571428582
 20
-13.92857142857156
 30
0.0
  0
VERTEX
  5
21C
330
163
100
AcDbEntity
  8
1_ANYTOOL_1MMDEEP_LABELS_S
100
AcDbVertex
100
AcDb2dVertex
 10
98.60089285714298
 20
-14.25535714285684
 30
0.0
  0
VERTEX
  5
21D
330
163
100
AcDbEntity
  8
1_ANYTOOL_1MMDEEP_LABELS_S
100
AcDbVertex
100
AcDb2dVertex
 10
99.42857142857156
 20
-14.57142857142753
 30
0.0
  0
VERTEX
  5
21E
330
163
100
AcDbEntity
  8
1_ANYTOOL_1MMDEEP_LABELS_S
100
AcDbVertex
100
AcDb2dVertex
 10
100.2542410714287
 20
-14.87946428571422
 30
0.0
  0
VERTEX
  5
21F
330
163
100
AcDbEntity
  8
1_ANYTOOL_1MMDEEP_LABELS_S
100
AcDbVertex
100
AcDb2dVertex
 10
101.0598214285716
 20
-15.2035714285721
 30
0.0
  0
VERTEX
  5
220
330
163
100
AcDbEntity
  8
1_ANYTOOL_1MMDEEP_LABELS_S
100
AcDbVertex
100
AcDb2dVertex
 10
101.8453125000001
 20
-15.54375000000118
 30
0.0
  0
VERTEX
  5
221
330
163
100
AcDbEntity
  8
1_ANYTOOL_1MMDEEP_LABELS_S
100
AcDbVertex
100
AcDb2dVertex
 10
102.6107142857144
 20
-15.90000000000146
 30
0.0
  0
VERTEX
  5
222
330
163
100
AcDbEntity
  8
1_ANYTOOL_1MMDEEP_LABELS_S
100
AcDbVertex
100
AcDb2dVertex
 10
103.3560267857144
 20
-16.27232142857292
 30
0.0
  0
VERTEX
  5
223
330
163
100
AcDbEntity
  8
1_ANYTOOL_1MMDEEP_LABELS_S
100
AcDbVertex
100
AcDb2dVertex
 10
104.08125
 20
-16.66071428571558
 30
0.0
  0
VERTEX
  5
224
330
163
100
AcDbEntity
  8
1_ANYTOOL_1MMDEEP_LABELS_S
100
AcDbVertex
100
AcDb2dVertex
 10
104.7863839285714
 20
-17.06517857142944
 30
0.0
  0
VERTEX
  5
225
330
163
100
AcDbEntity
  8
1_ANYTOOL_1MMDEEP_LABELS_S
100
AcDbVertex
100
AcDb2dVertex
 10
105.4714285714285
 20
-17.48571428571449
 30
0.0
  0
VERTEX
  5
226
330
163
100
AcDbEntity
  8
1_ANYTOOL_1MMDEEP_LABELS_S
100
AcDbVertex
100
AcDb2dVertex
 10
105.6372488839285
 20
-17.59482421875002
 30
0.0
  0
VERTEX
  5
227
330
163
100
AcDbEntity
  8
1_ANYTOOL_1MMDEEP_LABELS_S
100
AcDbVertex
100
AcDb2dVertex
 10
105.7972098214285
 20
-17.70786830357127
 30
0.0
  0
VERTEX
  5
228
330
163
100
AcDbEntity
  8
1_ANYTOOL_1MMDEEP_LABELS_S
100
AcDbVertex
100
AcDb2dVertex
 10
105.9513113839285
 20
-17.82484654017826
 30
0.0
  0
VERTEX
  5
229
330
163
100
AcDbEntity
  8
1_ANYTOOL_1MMDEEP_LABELS_S
100
AcDbVertex
100
AcDb2dVertex
 10
106.0261648995535
 20
-17.8848109654014
 30
0.0
  0
VERTEX
  5
22A
330
163
100
AcDbEntity
  8
1_ANYTOOL_1MMDEEP_LABELS_S
100
AcDbVertex
100
AcDb2dVertex
 10
106.0995535714285
 20
-17.94575892857097
 30
0.0
  0
VERTEX
  5
22B
330
163
100
AcDbEntity
  8
1_ANYTOOL_1MMDEEP_LABELS_S
100
AcDbVertex
100
AcDb2dVertex
 10
106.1714773995535
 20
-18.00769042968697
 30
0.0
  0
VERTEX
  5
22C
330
163
100
AcDbEntity
  8
1_ANYTOOL_1MMDEEP_LABELS_S
100
AcDbVertex
100
AcDb2dVertex
 10
106.2419363839285
 20
-18.07060546874941
 30
0.0
  0
VERTEX
  5
22D
330
163
100
AcDbEntity
  8
1_ANYTOOL_1MMDEEP_LABELS_S
100
AcDbVertex
100
AcDb2dVertex
 10
106.3109305245535
 20
-18.13450404575827
 30
0.0
  0
VERTEX
  5
22E
330
163
100
AcDbEntity
  8
1_ANYTOOL_1MMDEEP_LABELS_S
100
AcDbVertex
100
AcDb2dVertex
 10
106.3784598214285
 20
-18.19938616071357
 30
0.0
  0
VERTEX
  5
22F
330
163
100
AcDbEntity
  8
1_ANYTOOL_1MMDEEP_LABELS_S
100
AcDbVertex
100
AcDb2dVertex
 10
106.4445242745535
 20
-18.2652518136153
 30
0.0
  0
VERTEX
  5
230
330
163
100
AcDbEntity
  8
1_ANYTOOL_1MMDEEP_LABELS_S
100
AcDbVertex
100
AcDb2dVertex
 10
106.5091238839285
 20
-18.33210100446347
 30
0.0
  0
VERTEX
  5
231
330
163
100
AcDbEntity
  8
1_ANYTOOL_1MMDEEP_LABELS_S
100
AcDbVertex
100
AcDb2dVertex
 10
106.5722586495535
 20
-18.39993373325806
 30
0.0
  0
VERTEX
  5
232
330
163
100
AcDbEntity
  8
1_ANYTOOL_1MMDEEP_LABELS_S
100
AcDbVertex
100
AcDb2dVertex
 10
106.6339285714285
 20
-18.46874999999909
 30
0.0
  0
VERTEX
  5
233
330
163
100
AcDbEntity
  8
1_ANYTOOL_1MMDEEP_LABELS_S
100
AcDbVertex
100
AcDb2dVertex
 10
106.6941336495535
 20
-18.53854980468655
 30
0.0
  0
VERTEX
  5
234
330
163
100
AcDbEntity
  8
1_ANYTOOL_1MMDEEP_LABELS_S
100
AcDbVertex
100
AcDb2dVertex
 10
106.7528738839285
 20
-18.60933314732044
 30
0.0
  0
VERTEX
  5
235
330
163
100
AcDbEntity
  8
1_ANYTOOL_1MMDEEP_LABELS_S
100
AcDbVertex
100
AcDb2dVertex
 10
106.8101492745535
 20
-18.68110002790077
 30
0.0
  0
VERTEX
  5
236
330
163
100
AcDbEntity
  8
1_ANYTOOL_1MMDEEP_LABELS_S
100
AcDbVertex
100
AcDb2dVertex
 10
106.8659598214285
 20
-18.75385044642752
 30
0.0
  0
VERTEX
  5
237
330
163
100
AcDbEntity
  8
1_ANYTOOL_1MMDEEP_LABELS_S
100
AcDbVertex
100
AcDb2dVertex
 10
106.9203055245535
 20
-18.82758440290071
 30
0.0
  0
VERTEX
  5
238
330
163
100
AcDbEntity
  8
1_ANYTOOL_1MMDEEP_LABELS_S
100
AcDbVertex
100
AcDb2dVertex
 10
106.9731863839285
 20
-18.90230189732033
 30
0.0
  0
VERTEX
  5
239
330
163
100
AcDbEntity
  8
1_ANYTOOL_1MMDEEP_LABELS_S
100
AcDbVertex
100
AcDb2dVertex
 10
107.0246023995535
 20
-18.97800292968638
 30
0.0
  0
VERTEX
  5
23A
330
163
100
AcDbEntity
  8
1_ANYTOOL_1MMDEEP_LABELS_S
100
AcDbVertex
100
AcDb2dVertex
 10
107.0745535714285
 20
-19.05468749999886
 30
0.0
  0
VERTEX
  5
23B
330
163
100
AcDbEntity
  8
1_ANYTOOL_1MMDEEP_LABELS_S
100
AcDbVertex
100
AcDb2dVertex
 10
107.1230398995534
 20
-19.13235560825778
 30
0.0
  0
VERTEX
  5
23C
330
163
100
AcDbEntity
  8
1_ANYTOOL_1MMDEEP_LABELS_S
100
AcDbVertex
100
AcDb2dVertex
 10
107.1700613839285
 20
-19.21100725446313
 30
0.0
  0
VERTEX
  5
23D
330
163
100
AcDbEntity
  8
1_ANYTOOL_1MMDEEP_LABELS_S
100
AcDbVertex
100
AcDb2dVertex
 10
107.2156180245535
 20
-19.29064243861491
 30
0.0
  0
VERTEX
  5
23E
330
163
100
AcDbEntity
  8
1_ANYTOOL_1MMDEEP_LABELS_S
100
AcDbVertex
100
AcDb2dVertex
 10
107.2597098214285
 20
-19.37126116071312
 30
0.0
  0
VERTEX
  5
23F
330
163
100
AcDbEntity
  8
1_ANYTOOL_1MMDEEP_LABELS_S
100
AcDbVertex
100
AcDb2dVertex
 10
107.3023367745535
 20
-19.45286342075776
 30
0.0
  0
VERTEX
  5
240
330
163
100
AcDbEntity
  8
1_ANYTOOL_1MMDEEP_LABELS_S
100
AcDbVertex
100
AcDb2dVertex
 10
107.3434988839285
 20
-19.53544921874884
 30
0.0
  0
VERTEX
  5
241
330
163
100
AcDbEntity
  8
1_ANYTOOL_1MMDEEP_LABELS_S
100
AcDbVertex
100
AcDb2dVertex
 10
107.3831961495535
 20
-19.61901855468635
 30
0.0
  0
VERTEX
  5
242
330
163
100
AcDbEntity
  8
1_ANYTOOL_1MMDEEP_LABELS_S
100
AcDbVertex
100
AcDb2dVertex
 10
107.4214285714285
 20
-19.70357142857029
 30
0.0
  0
VERTEX
  5
243
330
163
100
AcDbEntity
  8
1_ANYTOOL_1MMDEEP_LABELS_S
100
AcDbVertex
100
AcDb2dVertex
 10
107.4581961495535
 20
-19.78910784040066
 30
0.0
  0
VERTEX
  5
244
330
163
100
AcDbEntity
  8
1_ANYTOOL_1MMDEEP_LABELS_S
100
AcDbVertex
100
AcDb2dVertex
 10
107.4934988839285
 20
-19.87562779017746
 30
0.0
  0
VERTEX
  5
245
330
163
100
AcDbEntity
  8
1_ANYTOOL_1MMDEEP_LABELS_S
100
AcDbVertex
100
AcDb2dVertex
 10
107.5273367745535
 20
-19.9631312779007
 30
0.0
  0
VERTEX
  5
246
330
163
100
AcDbEntity
  8
1_ANYTOOL_1MMDEEP_LABELS_S
100
AcDbVertex
100
AcDb2dVertex
 10
107.5597098214285
 20
-20.05161830357036
 30
0.0
  0
VERTEX
  5
247
330
163
100
AcDbEntity
  8
1_ANYTOOL_1MMDEEP_LABELS_S
100
AcDbVertex
100
AcDb2dVertex
 10
107.5906180245535
 20
-20.14108886718646
 30
0.0
  0
VERTEX
  5
248
330
163
100
AcDbEntity
  8
1_ANYTOOL_1MMDEEP_LABELS_S
100
AcDbVertex
100
AcDb2dVertex
 10
107.6200613839285
 20
-20.231542968749
 30
0.0
  0
VERTEX
  5
249
330
163
100
AcDbEntity
  8
1_ANYTOOL_1MMDEEP_LABELS_S
100
AcDbVertex
100
AcDb2dVertex
 10
107.6480398995535
 20
-20.32298060825796
 30
0.0
  0
VERTEX
  5
24A
330
163
100
AcDbEntity
  8
1_ANYTOOL_1MMDEEP_LABELS_S
100
AcDbVertex
100
AcDb2dVertex
 10
107.6745535714285
 20
-20.41540178571336
 30
0.0
  0
VERTEX
  5
24B
330
163
100
AcDbEntity
  8
1_ANYTOOL_1MMDEEP_LABELS_S
100
AcDbVertex
100
AcDb2dVertex
 10
107.7231863839285
 20
-20.60319475446344
 30
0.0
  0
VERTEX
  5
24C
330
163
100
AcDbEntity
  8
1_ANYTOOL_1MMDEEP_LABELS_S
100
AcDbVertex
100
AcDb2dVertex
 10
107.7659598214285
 20
-20.79492187499926
 30
0.0
  0
VERTEX
  5
24D
330
163
100
AcDbEntity
  8
1_ANYTOOL_1MMDEEP_LABELS_S
100
AcDbVertex
100
AcDb2dVertex
 10
107.8028738839285
 20
-20.99058314732081
 30
0.0
  0
VERTEX
  5
24E
330
163
100
AcDbEntity
  8
1_ANYTOOL_1MMDEEP_LABELS_S
100
AcDbVertex
100
AcDb2dVertex
 10
107.8339285714285
 20
-21.19017857142808
 30
0.0
  0
VERTEX
  5
24F
330
163
100
AcDbEntity
  8
1_ANYTOOL_1MMDEEP_LABELS_S
100
AcDbVertex
100
AcDb2dVertex
 10
107.8591238839285
 20
-21.39370814732108
 30
0.0
  0
VERTEX
  5
250
330
163
100
AcDbEntity
  8
1_ANYTOOL_1MMDEEP_LABELS_S
100
AcDbVertex
100
AcDb2dVertex
 10
107.8784598214285
 20
-21.60117187499981
 30
0.0
  0
VERTEX
  5
251
330
163
100
AcDbEntity
  8
1_ANYTOOL_1MMDEEP_LABELS_S
100
AcDbVertex
100
AcDb2dVertex
 10
107.8919363839285
 20
-21.81256975446426
 30
0.0
  0
VERTEX
  5
252
330
163
100
AcDbEntity
  8
1_ANYTOOL_1MMDEEP_LABELS_S
100
AcDbVertex
100
AcDb2dVertex
 10
107.8995535714286
 20
-22.02790178571445
 30
0.0
  0
VERTEX
  5
253
330
163
100
AcDbEntity
  8
1_ANYTOOL_1MMDEEP_LABELS_S
100
AcDbVertex
100
AcDb2dVertex
 10
107.9013113839286
 20
-22.24716796875036
 30
0.0
  0
VERTEX
  5
254
330
163
100
AcDbEntity
  8
1_ANYTOOL_1MMDEEP_LABELS_S
100
AcDbVertex
100
AcDb2dVertex
 10
107.8972098214286
 20
-22.470368303572
 30
0.0
  0
VERTEX
  5
255
330
163
100
AcDbEntity
  8
1_ANYTOOL_1MMDEEP_LABELS_S
100
AcDbVertex
100
AcDb2dVertex
 10
107.8872488839286
 20
-22.69750279017937
 30
0.0
  0
VERTEX
  5
256
330
163
100
AcDbEntity
  8
1_ANYTOOL_1MMDEEP_LABELS_S
100
AcDbVertex
100
AcDb2dVertex
 10
107.8714285714286
 20
-22.92857142857247
 30
0.0
  0
VERTEX
  5
257
330
163
100
AcDbEntity
  8
1_ANYTOOL_1MMDEEP_LABELS_S
100
AcDbVertex
100
AcDb2dVertex
 10
107.8501674107143
 20
-23.15976562500084
 30
0.0
  0
VERTEX
  5
258
330
163
100
AcDbEntity
  8
1_ANYTOOL_1MMDEEP_LABELS_S
100
AcDbVertex
100
AcDb2dVertex
 10
107.8238839285715
 20
-23.38727678571493
 30
0.0
  0
VERTEX
  5
259
330
163
100
AcDbEntity
  8
1_ANYTOOL_1MMDEEP_LABELS_S
100
AcDbVertex
100
AcDb2dVertex
 10
107.792578125
 20
-23.61110491071475
 30
0.0
  0
VERTEX
  5
25A
330
163
100
AcDbEntity
  8
1_ANYTOOL_1MMDEEP_LABELS_S
100
AcDbVertex
100
AcDb2dVertex
 10
107.75625
 20
-23.8312500000003
 30
0.0
  0
VERTEX
  5
25B
330
163
100
AcDbEntity
  8
1_ANYTOOL_1MMDEEP_LABELS_S
100
AcDbVertex
100
AcDb2dVertex
 10
107.7148995535714
 20
-24.04771205357157
 30
0.0
  0
VERTEX
  5
25C
330
163
100
AcDbEntity
  8
1_ANYTOOL_1MMDEEP_LABELS_S
100
AcDbVertex
100
AcDb2dVertex
 10
107.6685267857143
 20
-24.26049107142856
 30
0.0
  0
VERTEX
  5
25D
330
163
100
AcDbEntity
  8
1_ANYTOOL_1MMDEEP_LABELS_S
100
AcDbVertex
100
AcDb2dVertex
 10
107.6171316964285
 20
-24.46958705357128
 30
0.0
  0
VERTEX
  5
25E
330
163
100
AcDbEntity
  8
1_ANYTOOL_1MMDEEP_LABELS_S
100
AcDbVertex
100
AcDb2dVertex
 10
107.5607142857143
 20
-24.67499999999973
 30
0.0
  0
VERTEX
  5
25F
330
163
100
AcDbEntity
  8
1_ANYTOOL_1MMDEEP_LABELS_S
100
AcDbVertex
100
AcDb2dVertex
 10
107.4992745535714
 20
-24.8767299107139
 30
0.0
  0
VERTEX
  5
260
330
163
100
AcDbEntity
  8
1_ANYTOOL_1MMDEEP_LABELS_S
100
AcDbVertex
100
AcDb2dVertex
 10
107.4328125
 20
-25.07477678571379
 30
0.0
  0
VERTEX
  5
261
330
163
100
AcDbEntity
  8
1_ANYTOOL_1MMDEEP_LABELS_S
100
AcDbVertex
100
AcDb2dVertex
 10
107.3613281249999
 20
-25.26914062499942
 30
0.0
  0
VERTEX
  5
262
330
163
100
AcDbEntity
  8
1_ANYTOOL_1MMDEEP_LABELS_S
100
AcDbVertex
100
AcDb2dVertex
 10
107.2848214285714
 20
-25.45982142857076
 30
0.0
  0
VERTEX
  5
263
330
163
100
AcDbEntity
  8
1_ANYTOOL_1MMDEEP_LABELS_S
100
AcDbVertex
100
AcDb2dVertex
 10
107.2032924107142
 20
-25.64681919642783
 30
0.0
  0
VERTEX
  5
264
330
163
100
AcDbEntity
  8
1_ANYTOOL_1MMDEEP_LABELS_S
100
AcDbVertex
100
AcDb2dVertex
 10
107.1167410714285
 20
-25.83013392857063
 30
0.0
  0
VERTEX
  5
265
330
163
100
AcDbEntity
  8
1_ANYTOOL_1MMDEEP_LABELS_S
100
AcDbVertex
100
AcDb2dVertex
 10
107.0251674107142
 20
-26.00976562499915
 30
0.0
  0
VERTEX
  5
266
330
163
100
AcDbEntity
  8
1_ANYTOOL_1MMDEEP_LABELS_S
100
AcDbVertex
100
AcDb2dVertex
 10
106.9285714285713
 20
-26.1857142857134
 30
0.0
  0
VERTEX
  5
267
330
163
100
AcDbEntity
  8
1_ANYTOOL_1MMDEEP_LABELS_S
100
AcDbVertex
100
AcDb2dVertex
 10
106.8269531249999
 20
-26.35797991071338
 30
0.0
  0
VERTEX
  5
268
330
163
100
AcDbEntity
  8
1_ANYTOOL_1MMDEEP_LABELS_S
100
AcDbVertex
100
AcDb2dVertex
 10
106.7203124999999
 20
-26.52656249999907
 30
0.0
  0
VERTEX
  5
269
330
163
100
AcDbEntity
  8
1_ANYTOOL_1MMDEEP_LABELS_S
100
AcDbVertex
100
AcDb2dVertex
 10
106.6086495535713
 20
-26.6914620535705
 30
0.0
  0
VERTEX
  5
26A
330
163
100
AcDbEntity
  8
1_ANYTOOL_1MMDEEP_LABELS_S
100
AcDbVertex
100
AcDb2dVertex
 10
106.4919642857142
 20
-26.85267857142765
 30
0.0
  0
VERTEX
  5
26B
330
163
100
AcDbEntity
  8
1_ANYTOOL_1MMDEEP_LABELS_S
100
AcDbVertex
100
AcDb2dVertex
 10
106.3702566964284
 20
-27.01021205357052
 30
0.0
  0
VERTEX
  5
26C
330
163
100
AcDbEntity
  8
1_ANYTOOL_1MMDEEP_LABELS_S
100
AcDbVertex
100
AcDb2dVertex
 10
106.2435267857142
 20
-27.16406249999912
 30
0.0
  0
VERTEX
  5
26D
330
163
100
AcDbEntity
  8
1_ANYTOOL_1MMDEEP_LABELS_S
100
AcDbVertex
100
AcDb2dVertex
 10
106.1117745535713
 20
-27.31422991071344
 30
0.0
  0
VERTEX
  5
26E
330
163
100
AcDbEntity
  8
1_ANYTOOL_1MMDEEP_LABELS_S
100
AcDbVertex
100
AcDb2dVertex
 10
105.9749999999999
 20
-27.46071428571349
 30
0.0
  0
VERTEX
  5
26F
330
163
100
AcDbEntity
  8
1_ANYTOOL_1MMDEEP_LABELS_S
100
AcDbVertex
100
AcDb2dVertex
 10
105.8332031249998
 20
-27.60351562499927
 30
0.0
  0
VERTEX
  5
270
330
163
100
AcDbEntity
  8
1_ANYTOOL_1MMDEEP_LABELS_S
100
AcDbVertex
100
AcDb2dVertex
 10
105.6863839285713
 20
-27.74263392857077
 30
0.0
  0
VERTEX
  5
271
330
163
100
AcDbEntity
  8
1_ANYTOOL_1MMDEEP_LABELS_S
100
AcDbVertex
100
AcDb2dVertex
 10
105.5345424107141
 20
-27.87806919642799
 30
0.0
  0
VERTEX
  5
272
330
163
100
AcDbEntity
  8
1_ANYTOOL_1MMDEEP_LABELS_S
100
AcDbVertex
100
AcDb2dVertex
 10
105.3776785714284
 20
-28.00982142857094
 30
0.0
  0
VERTEX
  5
273
330
163
100
AcDbEntity
  8
1_ANYTOOL_1MMDEEP_LABELS_S
100
AcDbVertex
100
AcDb2dVertex
 10
105.2157924107141
 20
-28.13789062499962
 30
0.0
  0
VERTEX
  5
274
330
163
100
AcDbEntity
  8
1_ANYTOOL_1MMDEEP_LABELS_S
100
AcDbVertex
100
AcDb2dVertex
 10
105.0488839285713
 20
-28.26227678571402
 30
0.0
  0
VERTEX
  5
275
330
163
100
AcDbEntity
  8
1_ANYTOOL_1MMDEEP_LABELS_S
100
AcDbVertex
100
AcDb2dVertex
 10
104.8769531249998
 20
-28.38297991071415
 30
0.0
  0
VERTEX
  5
276
330
163
100
AcDbEntity
  8
1_ANYTOOL_1MMDEEP_LABELS_S
100
AcDbVertex
100
AcDb2dVertex
 10
104.6999999999998
 20
-28.5
 30
0.0
  0
VERTEX
  5
277
330
163
100
AcDbEntity
  8
1_ANYTOOL_1MMDEEP_LABELS_S
100
AcDbVertex
100
AcDb2dVertex
 10
104.3392299107142
 20
-28.71813616071464
 30
0.0
  0
VERTEX
  5
278
330
163
100
AcDbEntity
  8
1_ANYTOOL_1MMDEEP_LABELS_S
100
AcDbVertex
100
AcDb2dVertex
 10
103.9747767857142
 20
-28.92254464285782
 30
0.0
  0
VERTEX
  5
279
330
163
100
AcDbEntity
  8
1_ANYTOOL_1MMDEEP_LABELS_S
100
AcDbVertex
100
AcDb2dVertex
 10
103.606640625
 20
-29.11322544642954
 30
0.0
  0
VERTEX
  5
27A
330
163
100
AcDbEntity
  8
1_ANYTOOL_1MMDEEP_LABELS_S
100
AcDbVertex
100
AcDb2dVertex
 10
103.2348214285714
 20
-29.29017857142981
 30
0.0
  0
VERTEX
  5
27B
330
163
100
AcDbEntity
  8
1_ANYTOOL_1MMDEEP_LABELS_S
100
AcDbVertex
100
AcDb2dVertex
 10
102.8593191964286
 20
-29.45340401785862
 30
0.0
  0
VERTEX
  5
27C
330
163
100
AcDbEntity
  8
1_ANYTOOL_1MMDEEP_LABELS_S
100
AcDbVertex
100
AcDb2dVertex
 10
102.4801339285715
 20
-29.60290178571597
 30
0.0
  0
VERTEX
  5
27D
330
163
100
AcDbEntity
  8
1_ANYTOOL_1MMDEEP_LABELS_S
100
AcDbVertex
100
AcDb2dVertex
 10
102.0972656250001
 20
-29.73867187500187
 30
0.0
  0
VERTEX
  5
27E
330
163
100
AcDbEntity
  8
1_ANYTOOL_1MMDEEP_LABELS_S
100
AcDbVertex
100
AcDb2dVertex
 10
101.9044503348215
 20
-29.80140904018052
 30
0.0
  0
VERTEX
  5
27F
330
163
100
AcDbEntity
  8
1_ANYTOOL_1MMDEEP_LABELS_S
100
AcDbVertex
100
AcDb2dVertex
 10
101.7107142857144
 20
-29.86071428571631
 30
0.0
  0
VERTEX
  5
280
330
163
100
AcDbEntity
  8
1_ANYTOOL_1MMDEEP_LABELS_S
100
AcDbVertex
100
AcDb2dVertex
 10
101.5160574776787
 20
-29.91658761160924
 30
0.0
  0
VERTEX
  5
281
330
163
100
AcDbEntity
  8
1_ANYTOOL_1MMDEEP_LABELS_S
100
AcDbVertex
100
AcDb2dVertex
 10
101.3204799107144
 20
-29.9690290178593
 30
0.0
  0
VERTEX
  5
282
330
163
100
AcDbEntity
  8
1_ANYTOOL_1MMDEEP_LABELS_S
100
AcDbVertex
100
AcDb2dVertex
 10
101.1239815848216
 20
-30.0180385044665
 30
0.0
  0
VERTEX
  5
283
330
163
100
AcDbEntity
  8
1_ANYTOOL_1MMDEEP_LABELS_S
100
AcDbVertex
100
AcDb2dVertex
 10
100.9265625000002
 20
-30.06361607143083
 30
0.0
  0
VERTEX
  5
284
330
163
100
AcDbEntity
  8
1_ANYTOOL_1MMDEEP_LABELS_S
100
AcDbVertex
100
AcDb2dVertex
 10
100.7282226562502
 20
-30.1057617187523
 30
0.0
  0
VERTEX
  5
285
330
163
100
AcDbEntity
  8
1_ANYTOOL_1MMDEEP_LABELS_S
100
AcDbVertex
100
AcDb2dVertex
 10
100.5289620535716
 20
-30.1444754464309
 30
0.0
  0
VERTEX
  5
286
330
163
100
AcDbEntity
  8
1_ANYTOOL_1MMDEEP_LABELS_S
100
AcDbVertex
100
AcDb2dVertex
 10
100.1276785714288
 20
-30.21160714285952
 30
0.0
  0
VERTEX
  5
287
330
163
100
AcDbEntity
  8
1_ANYTOOL_1MMDEEP_LABELS_S
100
AcDbVertex
100
AcDb2dVertex
 10
99.72271205357163
 20
-30.26501116071668
 30
0.0
  0
VERTEX
  5
288
330
163
100
AcDbEntity
  8
1_ANYTOOL_1MMDEEP_LABELS_S
100
AcDbVertex
100
AcDb2dVertex
 10
99.3140625000002
 20
-30.30468750000239
 30
0.0
  0
VERTEX
  5
289
330
163
100
AcDbEntity
  8
1_ANYTOOL_1MMDEEP_LABELS_S
100
AcDbVertex
100
AcDb2dVertex
 10
98.9017299107145
 20
-30.33063616071664
 30
0.0
  0
VERTEX
  5
28A
330
163
100
AcDbEntity
  8
1_ANYTOOL_1MMDEEP_LABELS_S
100
AcDbVertex
100
AcDb2dVertex
 10
98.4857142857145
 20
-30.34285714285943
 30
0.0
  0
VERTEX
  5
28B
330
163
100
AcDbEntity
  8
1_ANYTOOL_1MMDEEP_LABELS_S
100
AcDbVertex
100
AcDb2dVertex
 10
98.07539062500018
 20
-30.34185267857364
 30
0.0
  0
VERTEX
  5
28C
330
163
100
AcDbEntity
  8
1_ANYTOOL_1MMDEEP_LABELS_S
100
AcDbVertex
100
AcDb2dVertex
 10
97.6694196428573
 20
-30.32812500000216
 30
0.0
  0
VERTEX
  5
28D
330
163
100
AcDbEntity
  8
1_ANYTOOL_1MMDEEP_LABELS_S
100
AcDbVertex
100
AcDb2dVertex
 10
97.26780133928585
 20
-30.30167410714498
 30
0.0
  0
VERTEX
  5
28E
330
163
100
AcDbEntity
  8
1_ANYTOOL_1MMDEEP_LABELS_S
100
AcDbVertex
100
AcDb2dVertex
 10
96.87053571428584
 20
-30.26250000000209
 30
0.0
  0
VERTEX
  5
28F
330
163
100
AcDbEntity
  8
1_ANYTOOL_1MMDEEP_LABELS_S
100
AcDbVertex
100
AcDb2dVertex
 10
96.47762276785724
 20
-30.21060267857351
 30
0.0
  0
VERTEX
  5
290
330
163
100
AcDbEntity
  8
1_ANYTOOL_1MMDEEP_LABELS_S
100
AcDbVertex
100
AcDb2dVertex
 10
96.08906250000008
 20
-30.14598214285922
 30
0.0
  0
VERTEX
  5
291
330
163
100
AcDbEntity
  8
1_ANYTOOL_1MMDEEP_LABELS_S
100
AcDbVertex
100
AcDb2dVertex
 10
95.70485491071435
 20
-30.06863839285924
 30
0.0
  0
VERTEX
  5
292
330
163
100
AcDbEntity
  8
1_ANYTOOL_1MMDEEP_LABELS_S
100
AcDbVertex
100
AcDb2dVertex
 10
95.32500000000005
 20
-29.97857142857356
 30
0.0
  0
VERTEX
  5
293
330
163
100
AcDbEntity
  8
1_ANYTOOL_1MMDEEP_LABELS_S
100
AcDbVertex
100
AcDb2dVertex
 10
94.94949776785717
 20
-29.87578125000218
 30
0.0
  0
VERTEX
  5
294
330
163
100
AcDbEntity
  8
1_ANYTOOL_1MMDEEP_LABELS_S
100
AcDbVertex
100
AcDb2dVertex
 10
94.57834821428573
 20
-29.7602678571451
 30
0.0
  0
VERTEX
  5
295
330
163
100
AcDbEntity
  8
1_ANYTOOL_1MMDEEP_LABELS_S
100
AcDbVertex
100
AcDb2dVertex
 10
94.2115513392857
 20
-29.63203125000231
 30
0.0
  0
VERTEX
  5
296
330
163
100
AcDbEntity
  8
1_ANYTOOL_1MMDEEP_LABELS_S
100
AcDbVertex
100
AcDb2dVertex
 10
93.84910714285712
 20
-29.49107142857383
 30
0.0
  0
VERTEX
  5
297
330
163
100
AcDbEntity
  8
1_ANYTOOL_1MMDEEP_LABELS_S
100
AcDbVertex
100
AcDb2dVertex
 10
93.49101562499996
 20
-29.33738839285965
 30
0.0
  0
VERTEX
  5
298
330
163
100
AcDbEntity
  8
1_ANYTOOL_1MMDEEP_LABELS_S
100
AcDbVertex
100
AcDb2dVertex
 10
93.13727678571423
 20
-29.17098214285977
 30
0.0
  0
VERTEX
  5
299
330
163
100
AcDbEntity
  8
1_ANYTOOL_1MMDEEP_LABELS_S
100
AcDbVertex
100
AcDb2dVertex
 10
92.78789062499993
 20
-28.99185267857419
 30
0.0
  0
VERTEX
  5
29A
330
163
100
AcDbEntity
  8
1_ANYTOOL_1MMDEEP_LABELS_S
100
AcDbVertex
100
AcDb2dVertex
 10
92.44285714285706
 20
-28.80000000000291
 30
0.0
  0
VERTEX
  5
29B
330
163
100
AcDbEntity
  8
1_ANYTOOL_1MMDEEP_LABELS_S
100
AcDbVertex
100
AcDb2dVertex
 10
92.27410714285706
 20
-28.6994280133954
 30
0.0
  0
VERTEX
  5
29C
330
163
100
AcDbEntity
  8
1_ANYTOOL_1MMDEEP_LABELS_S
100
AcDbVertex
100
AcDb2dVertex
 10
92.1107142857142
 20
-28.5959263392879
 30
0.0
  0
VERTEX
  5
29D
330
163
100
AcDbEntity
  8
1_ANYTOOL_1MMDEEP_LABELS_S
100
AcDbVertex
100
AcDb2dVertex
 10
91.95267857142846
 20
-28.48949497768042
 30
0.0
  0
VERTEX
  5
29E
330
163
100
AcDbEntity
  8
1_ANYTOOL_1MMDEEP_LABELS_S
100
AcDbVertex
100
AcDb2dVertex
 10
91.7999999999999
 20
-28.38013392857295
 30
0.0
  0
VERTEX
  5
29F
330
163
100
AcDbEntity
  8
1_ANYTOOL_1MMDEEP_LABELS_S
100
AcDbVertex
100
AcDb2dVertex
 10
91.65267857142845
 20
-28.26784319196549
 30
0.0
  0
VERTEX
  5
2A0
330
163
100
AcDbEntity
  8
1_ANYTOOL_1MMDEEP_LABELS_S
100
AcDbVertex
100
AcDb2dVertex
 10
91.51071428571417
 20
-28.15262276785805
 30
0.0
  0
VERTEX
  5
2A1
330
163
100
AcDbEntity
  8
1_ANYTOOL_1MMDEEP_LABELS_S
100
AcDbVertex
100
AcDb2dVertex
 10
91.37410714285703
 20
-28.03447265625062
 30
0.0
  0
VERTEX
  5
2A2
330
163
100
AcDbEntity
  8
1_ANYTOOL_1MMDEEP_LABELS_S
100
AcDbVertex
100
AcDb2dVertex
 10
91.24285714285702
 20
-27.91339285714321
 30
0.0
  0
VERTEX
  5
2A3
330
163
100
AcDbEntity
  8
1_ANYTOOL_1MMDEEP_LABELS_S
100
AcDbVertex
100
AcDb2dVertex
 10
91.11696428571416
 20
-27.78938337053581
 30
0.0
  0
VERTEX
  5
2A4
330
163
100
AcDbEntity
  8
1_ANYTOOL_1MMDEEP_LABELS_S
100
AcDbVertex
100
AcDb2dVertex
 10
90.99642857142844
 20
-27.66244419642842
 30
0.0
  0
VERTEX
  5
2A5
330
163
100
AcDbEntity
  8
1_ANYTOOL_1MMDEEP_LABELS_S
100
AcDbVertex
100
AcDb2dVertex
 10
90.88124999999985
 20
-27.53257533482105
 30
0.0
  0
VERTEX
  5
2A6
330
163
100
AcDbEntity
  8
1_ANYTOOL_1MMDEEP_LABELS_S
100
AcDbVertex
100
AcDb2dVertex
 10
90.77142857142843
 20
-27.3997767857137
 30
0.0
  0
VERTEX
  5
2A7
330
163
100
AcDbEntity
  8
1_ANYTOOL_1MMDEEP_LABELS_S
100
AcDbVertex
100
AcDb2dVertex
 10
90.71852678571413
 20
-27.33227887834752
 30
0.0
  0
VERTEX
  5
2A8
330
163
100
AcDbEntity
  8
1_ANYTOOL_1MMDEEP_LABELS_S
100
AcDbVertex
100
AcDb2dVertex
 10
90.66696428571413
 20
-27.26404854910636
 30
0.0
  0
VERTEX
  5
2A9
330
163
100
AcDbEntity
  8
1_ANYTOOL_1MMDEEP_LABELS_S
100
AcDbVertex
100
AcDb2dVertex
 10
90.61674107142842
 20
-27.19508579799019
 30
0.0
  0
VERTEX
  5
2AA
330
163
100
AcDbEntity
  8
1_ANYTOOL_1MMDEEP_LABELS_S
100
AcDbVertex
100
AcDb2dVertex
 10
90.567857142857
 20
-27.12539062499903
 30
0.0
  0
VERTEX
  5
2AB
330
163
100
AcDbEntity
  8
1_ANYTOOL_1MMDEEP_LABELS_S
100
AcDbVertex
100
AcDb2dVertex
 10
90.52031249999985
 20
-27.05496303013287
 30
0.0
  0
VERTEX
  5
2AC
330
163
100
AcDbEntity
  8
1_ANYTOOL_1MMDEEP_LABELS_S
100
AcDbVertex
100
AcDb2dVertex
 10
90.474107142857
 20
-26.98380301339171
 30
0.0
  0
VERTEX
  5
2AD
330
163
100
AcDbEntity
  8
1_ANYTOOL_1MMDEEP_LABELS_S
100
AcDbVertex
100
AcDb2dVertex
 10
90.42924107142842
 20
-26.91191057477556
 30
0.0
  0
VERTEX
  5
2AE
330
163
100
AcDbEntity
  8
1_ANYTOOL_1MMDEEP_LABELS_S
100
AcDbVertex
100
AcDb2dVertex
 10
90.38571428571413
 20
-26.83928571428442
 30
0.0
  0
VERTEX
  5
2AF
330
163
100
AcDbEntity
  8
1_ANYTOOL_1MMDEEP_LABELS_S
100
AcDbVertex
100
AcDb2dVertex
 10
90.34352678571413
 20
-26.76592843191827
 30
0.0
  0
VERTEX
  5
2B0
330
163
100
AcDbEntity
  8
1_ANYTOOL_1MMDEEP_LABELS_S
100
AcDbVertex
100
AcDb2dVertex
 10
90.30267857142842
 20
-26.69183872767713
 30
0.0
  0
VERTEX
  5
2B1
330
163
100
AcDbEntity
  8
1_ANYTOOL_1MMDEEP_LABELS_S
100
AcDbVertex
100
AcDb2dVertex
 10
90.26316964285698
 20
-26.61701660156099
 30
0.0
  0
VERTEX
  5
2B2
330
163
100
AcDbEntity
  8
1_ANYTOOL_1MMDEEP_LABELS_S
100
AcDbVertex
100
AcDb2dVertex
 10
90.22499999999984
 20
-26.54146205356986
 30
0.0
  0
VERTEX
  5
2B3
330
163
100
AcDbEntity
  8
1_ANYTOOL_1MMDEEP_LABELS_S
100
AcDbVertex
100
AcDb2dVertex
 10
90.18816964285698
 20
-26.46517508370373
 30
0.0
  0
VERTEX
  5
2B4
330
163
100
AcDbEntity
  8
1_ANYTOOL_1MMDEEP_LABELS_S
100
AcDbVertex
100
AcDb2dVertex
 10
90.1526785714284
 20
-26.3881556919626
 30
0.0
  0
VERTEX
  5
2B5
330
163
100
AcDbEntity
  8
1_ANYTOOL_1MMDEEP_LABELS_S
100
AcDbVertex
100
AcDb2dVertex
 10
90.11852678571411
 20
-26.31040387834648
 30
0.0
  0
VERTEX
  5
2B6
330
163
100
AcDbEntity
  8
1_ANYTOOL_1MMDEEP_LABELS_S
100
AcDbVertex
100
AcDb2dVertex
 10
90.08571428571412
 20
-26.23191964285536
 30
0.0
  0
VERTEX
  5
2B7
330
163
100
AcDbEntity
  8
1_ANYTOOL_1MMDEEP_LABELS_S
100
AcDbVertex
100
AcDb2dVertex
 10
90.05424107142841
 20
-26.15270298548924
 30
0.0
  0
VERTEX
  5
2B8
330
163
100
AcDbEntity
  8
1_ANYTOOL_1MMDEEP_LABELS_S
100
AcDbVertex
100
AcDb2dVertex
 10
90.02410714285696
 20
-26.07275390624813
 30
0.0
  0
VERTEX
  5
2B9
330
163
100
AcDbEntity
  8
1_ANYTOOL_1MMDEEP_LABELS_S
100
AcDbVertex
100
AcDb2dVertex
 10
89.99531249999981
 20
-25.99207240513202
 30
0.0
  0
VERTEX
  5
2BA
330
163
100
AcDbEntity
  8
1_ANYTOOL_1MMDEEP_LABELS_S
100
AcDbVertex
100
AcDb2dVertex
 10
89.96785714285697
 20
-25.91065848214092
 30
0.0
  0
VERTEX
  5
2BB
330
163
100
AcDbEntity
  8
1_ANYTOOL_1MMDEEP_LABELS_S
100
AcDbVertex
100
AcDb2dVertex
 10
89.91696428571412
 20
-25.74563337053372
 30
0.0
  0
VERTEX
  5
2BC
330
163
100
AcDbEntity
  8
1_ANYTOOL_1MMDEEP_LABELS_S
100
AcDbVertex
100
AcDb2dVertex
 10
89.8714285714284
 20
-25.57767857142653
 30
0.0
  0
VERTEX
  5
2BD
330
163
100
AcDbEntity
  8
1_ANYTOOL_1MMDEEP_LABELS_S
100
AcDbVertex
100
AcDb2dVertex
 10
89.83124999999983
 20
-25.40679408481936
 30
0.0
  0
VERTEX
  5
2BE
330
163
100
AcDbEntity
  8
1_ANYTOOL_1MMDEEP_LABELS_S
100
AcDbVertex
100
AcDb2dVertex
 10
89.7964285714284
 20
-25.2329799107122
 30
0.0
  0
VERTEX
  5
2BF
330
163
100
AcDbEntity
  8
1_ANYTOOL_1MMDEEP_LABELS_S
100
AcDbVertex
100
AcDb2dVertex
 10
89.7669642857141
 20
-25.05623604910506
 30
0.0
  0
VERTEX
  5
2C0
330
163
100
AcDbEntity
  8
1_ANYTOOL_1MMDEEP_LABELS_S
100
AcDbVertex
100
AcDb2dVertex
 10
89.74285714285696
 20
-24.87656249999793
 30
0.0
  0
VERTEX
  5
2C1
330
163
100
AcDbEntity
  8
1_ANYTOOL_1MMDEEP_LABELS_S
100
AcDbVertex
100
AcDb2dVertex
 10
89.72410714285695
 20
-24.69395926339082
 30
0.0
  0
VERTEX
  5
2C2
330
163
100
AcDbEntity
  8
1_ANYTOOL_1MMDEEP_LABELS_S
100
AcDbVertex
100
AcDb2dVertex
 10
89.7107142857141
 20
-24.50842633928372
 30
0.0
  0
VERTEX
  5
2C3
330
163
100
AcDbEntity
  8
1_ANYTOOL_1MMDEEP_LABELS_S
100
AcDbVertex
100
AcDb2dVertex
 10
89.7026785714284
 20
-24.31996372767663
 30
0.0
  0
VERTEX
  5
2C4
330
163
100
AcDbEntity
  8
1_ANYTOOL_1MMDEEP_LABELS_S
100
AcDbVertex
100
AcDb2dVertex
 10
89.69999999999982
 20
-24.12857142856956
 30
0.0
  0
SEQEND
  5
2C5
330
163
100
AcDbEntity
  8
1_ANYTOOL_1MMDEEP_LABELS_S
  0
LINE
  5
2C6
330
1F
100
AcDbEntity
  8
1_ANYTOOL_1MMDEEP_LABELS_S
100
AcDbLine
 10
120.7285714285713
 20
-16.11428571428405
 30
0.0
 11
111.9428571428571
 21
-16.19999999999709
 31
0.0
  0
POLYLINE
  5
2C7
330
1F
100
AcDbEntity
  8
1_ANYTOOL_1MMDEEP_LABELS_S
100
AcDb2dPolyline
 66
     1
 10
0.0
 20
0.0
 30
0.0
  0
VERTEX
  5
2C8
330
2C7
100
AcDbEntity
  8
1_ANYTOOL_1MMDEEP_LABELS_S
100
AcDbVertex
100
AcDb2dVertex
 10
132.8571428571427
 20
-30.0
 30
0.0
  0
VERTEX
  5
2C9
330
2C7
100
AcDbEntity
  8
1_ANYTOOL_1MMDEEP_LABELS_S
100
AcDbVertex
100
AcDb2dVertex
 10
132.8571428571427
 20
0.0428571428565192
 30
0.0
  0
VERTEX
  5
2CA
330
2C7
100
AcDbEntity
  8
1_ANYTOOL_1MMDEEP_LABELS_S
100
AcDbVertex
100
AcDb2dVertex
 10
132.8364257812498
 20
-0.108398437500675
 30
0.0
  0
VERTEX
  5
2CB
330
2C7
100
AcDbEntity
  8
1_ANYTOOL_1MMDEEP_LABELS_S
100
AcDbVertex
100
AcDb2dVertex
 10
132.8117745535713
 20
-0.2568080357150109
 30
0.0
  0
VERTEX
  5
2CC
330
2C7
100
AcDbEntity
  8
1_ANYTOOL_1MMDEEP_LABELS_S
100
AcDbVertex
100
AcDb2dVertex
 10
132.783189174107
 20
-0.4023716517864884
 30
0.0
  0
VERTEX
  5
2CD
330
2C7
100
AcDbEntity
  8
1_ANYTOOL_1MMDEEP_LABELS_S
100
AcDbVertex
100
AcDb2dVertex
 10
132.750669642857
 20
-0.5450892857151075
 30
0.0
  0
VERTEX
  5
2CE
330
2C7
100
AcDbEntity
  8
1_ANYTOOL_1MMDEEP_LABELS_S
100
AcDbVertex
100
AcDb2dVertex
 10
132.7142159598213
 20
-0.6849609375008683
 30
0.0
  0
VERTEX
  5
2CF
330
2C7
100
AcDbEntity
  8
1_ANYTOOL_1MMDEEP_LABELS_S
100
AcDbVertex
100
AcDb2dVertex
 10
132.6738281249999
 20
-0.8219866071437707
 30
0.0
  0
VERTEX
  5
2D0
330
2C7
100
AcDbEntity
  8
1_ANYTOOL_1MMDEEP_LABELS_S
100
AcDbVertex
100
AcDb2dVertex
 10
132.6295061383928
 20
-0.9561662946438148
 30
0.0
  0
VERTEX
  5
2D1
330
2C7
100
AcDbEntity
  8
1_ANYTOOL_1MMDEEP_LABELS_S
100
AcDbVertex
100
AcDb2dVertex
 10
132.5812499999999
 20
-1.087500000001
 30
0.0
  0
VERTEX
  5
2D2
330
2C7
100
AcDbEntity
  8
1_ANYTOOL_1MMDEEP_LABELS_S
100
AcDbVertex
100
AcDb2dVertex
 10
132.5290597098214
 20
-1.215987723215328
 30
0.0
  0
VERTEX
  5
2D3
330
2C7
100
AcDbEntity
  8
1_ANYTOOL_1MMDEEP_LABELS_S
100
AcDbVertex
100
AcDb2dVertex
 10
132.4729352678571
 20
-1.341629464286797
 30
0.0
  0
VERTEX
  5
2D4
330
2C7
100
AcDbEntity
  8
1_ANYTOOL_1MMDEEP_LABELS_S
100
AcDbVertex
100
AcDb2dVertex
 10
132.4433977399553
 20
-1.403383091518959
 30
0.0
  0
VERTEX
  5
2D5
330
2C7
100
AcDbEntity
  8
1_ANYTOOL_1MMDEEP_LABELS_S
100
AcDbVertex
100
AcDb2dVertex
 10
132.4128766741071
 20
-1.464425223215407
 30
0.0
  0
VERTEX
  5
2D6
330
2C7
100
AcDbEntity
  8
1_ANYTOOL_1MMDEEP_LABELS_S
100
AcDbVertex
100
AcDb2dVertex
 10
132.3813720703125
 20
-1.524755859376141
 30
0.0
  0
VERTEX
  5
2D7
330
2C7
100
AcDbEntity
  8
1_ANYTOOL_1MMDEEP_LABELS_S
100
AcDbVertex
100
AcDb2dVertex
 10
132.3488839285714
 20
-1.58437500000116
 30
0.0
  0
VERTEX
  5
2D8
330
2C7
100
AcDbEntity
  8
1_ANYTOOL_1MMDEEP_LABELS_S
100
AcDbVertex
100
AcDb2dVertex
 10
132.3154122488839
 20
-1.643282645090464
 30
0.0
  0
VERTEX
  5
2D9
330
2C7
100
AcDbEntity
  8
1_ANYTOOL_1MMDEEP_LABELS_S
100
AcDbVertex
100
AcDb2dVertex
 10
132.28095703125
 20
-1.701478794644053
 30
0.0
  0
VERTEX
  5
2DA
330
2C7
100
AcDbEntity
  8
1_ANYTOOL_1MMDEEP_LABELS_S
100
AcDbVertex
100
AcDb2dVertex
 10
132.2455182756696
 20
-1.758963448661929
 30
0.0
  0
VERTEX
  5
2DB
330
2C7
100
AcDbEntity
  8
1_ANYTOOL_1MMDEEP_LABELS_S
100
AcDbVertex
100
AcDb2dVertex
 10
132.2090959821429
 20
-1.815736607144089
 30
0.0
  0
VERTEX
  5
2DC
330
2C7
100
AcDbEntity
  8
1_ANYTOOL_1MMDEEP_LABELS_S
100
AcDbVertex
100
AcDb2dVertex
 10
132.1716901506696
 20
-1.871798270090535
 30
0.0
  0
VERTEX
  5
2DD
330
2C7
100
AcDbEntity
  8
1_ANYTOOL_1MMDEEP_LABELS_S
100
AcDbVertex
100
AcDb2dVertex
 10
132.13330078125
 20
-1.927148437501266
 30
0.0
  0
VERTEX
  5
2DE
330
2C7
100
AcDbEntity
  8
1_ANYTOOL_1MMDEEP_LABELS_S
100
AcDbVertex
100
AcDb2dVertex
 10
132.0939278738839
 20
-1.981787109376283
 30
0.0
  0
VERTEX
  5
2DF
330
2C7
100
AcDbEntity
  8
1_ANYTOOL_1MMDEEP_LABELS_S
100
AcDbVertex
100
AcDb2dVertex
 10
132.0535714285714
 20
-2.035714285715585
 30
0.0
  0
VERTEX
  5
2E0
330
2C7
100
AcDbEntity
  8
1_ANYTOOL_1MMDEEP_LABELS_S
100
AcDbVertex
100
AcDb2dVertex
 10
132.0122314453125
 20
-2.088929966519173
 30
0.0
  0
VERTEX
  5
2E1
330
2C7
100
AcDbEntity
  8
1_ANYTOOL_1MMDEEP_LABELS_S
100
AcDbVertex
100
AcDb2dVertex
 10
131.9699079241072
 20
-2.141434151787045
 30
0.0
  0
VERTEX
  5
2E2
330
2C7
100
AcDbEntity
  8
1_ANYTOOL_1MMDEEP_LABELS_S
100
AcDbVertex
100
AcDb2dVertex
 10
131.9266008649554
 20
-2.193226841519204
 30
0.0
  0
VERTEX
  5
2E3
330
2C7
100
AcDbEntity
  8
1_ANYTOOL_1MMDEEP_LABELS_S
100
AcDbVertex
100
AcDb2dVertex
 10
131.8823102678572
 20
-2.244308035715648
 30
0.0
  0
VERTEX
  5
2E4
330
2C7
100
AcDbEntity
  8
1_ANYTOOL_1MMDEEP_LABELS_S
100
AcDbVertex
100
AcDb2dVertex
 10
131.8370361328125
 20
-2.294677734376377
 30
0.0
  0
VERTEX
  5
2E5
330
2C7
100
AcDbEntity
  8
1_ANYTOOL_1MMDEEP_LABELS_S
100
AcDbVertex
100
AcDb2dVertex
 10
131.7907784598215
 20
-2.344335937501391
 30
0.0
  0
VERTEX
  5
2E6
330
2C7
100
AcDbEntity
  8
1_ANYTOOL_1MMDEEP_LABELS_S
100
AcDbVertex
100
AcDb2dVertex
 10
131.743537248884
 20
-2.393282645090691
 30
0.0
  0
VERTEX
  5
2E7
330
2C7
100
AcDbEntity
  8
1_ANYTOOL_1MMDEEP_LABELS_S
100
AcDbVertex
100
AcDb2dVertex
 10
131.6953125000001
 20
-2.441517857144277
 30
0.0
  0
VERTEX
  5
2E8
330
2C7
100
AcDbEntity
  8
1_ANYTOOL_1MMDEEP_LABELS_S
100
AcDbVertex
100
AcDb2dVertex
 10
131.5959123883929
 20
-2.535853794644304
 30
0.0
  0
VERTEX
  5
2E9
330
2C7
100
AcDbEntity
  8
1_ANYTOOL_1MMDEEP_LABELS_S
100
AcDbVertex
100
AcDb2dVertex
 10
131.4925781250001
 20
-2.627343750001472
 30
0.0
  0
VERTEX
  5
2EA
330
2C7
100
AcDbEntity
  8
1_ANYTOOL_1MMDEEP_LABELS_S
100
AcDbVertex
100
AcDb2dVertex
 10
131.3853097098215
 20
-2.715987723215783
 30
0.0
  0
VERTEX
  5
2EB
330
2C7
100
AcDbEntity
  8
1_ANYTOOL_1MMDEEP_LABELS_S
100
AcDbVertex
100
AcDb2dVertex
 10
131.2741071428572
 20
-2.801785714287234
 30
0.0
  0
VERTEX
  5
2EC
330
2C7
100
AcDbEntity
  8
1_ANYTOOL_1MMDEEP_LABELS_S
100
AcDbVertex
100
AcDb2dVertex
 10
131.1589704241072
 20
-2.884737723215828
 30
0.0
  0
VERTEX
  5
2ED
330
2C7
100
AcDbEntity
  8
1_ANYTOOL_1MMDEEP_LABELS_S
100
AcDbVertex
100
AcDb2dVertex
 10
131.0398995535715
 20
-2.964843750001563
 30
0.0
  0
VERTEX
  5
2EE
330
2C7
100
AcDbEntity
  8
1_ANYTOOL_1MMDEEP_LABELS_S
100
AcDbVertex
100
AcDb2dVertex
 10
130.9168945312501
 20
-3.04210379464444
 30
0.0
  0
VERTEX
  5
2EF
330
2C7
100
AcDbEntity
  8
1_ANYTOOL_1MMDEEP_LABELS_S
100
AcDbVertex
100
AcDb2dVertex
 10
130.789955357143
 20
-3.116517857144459
 30
0.0
  0
VERTEX
  5
2F0
330
2C7
100
AcDbEntity
  8
1_ANYTOOL_1MMDEEP_LABELS_S
100
AcDbVertex
100
AcDb2dVertex
 10
130.6590820312501
 20
-3.188085937501619
 30
0.0
  0
VERTEX
  5
2F1
330
2C7
100
AcDbEntity
  8
1_ANYTOOL_1MMDEEP_LABELS_S
100
AcDbVertex
100
AcDb2dVertex
 10
130.5242745535715
 20
-3.25680803571592
 30
0.0
  0
VERTEX
  5
2F2
330
2C7
100
AcDbEntity
  8
1_ANYTOOL_1MMDEEP_LABELS_S
100
AcDbVertex
100
AcDb2dVertex
 10
130.3855329241072
 20
-3.322684151787364
 30
0.0
  0
VERTEX
  5
2F3
330
2C7
100
AcDbEntity
  8
1_ANYTOOL_1MMDEEP_LABELS_S
100
AcDbVertex
100
AcDb2dVertex
 10
130.2428571428572
 20
-3.385714285715949
 30
0.0
  0
VERTEX
  5
2F4
330
2C7
100
AcDbEntity
  8
1_ANYTOOL_1MMDEEP_LABELS_S
100
AcDbVertex
100
AcDb2dVertex
 10
129.9545758928572
 20
-3.499888392858907
 30
0.0
  0
VERTEX
  5
2F5
330
2C7
100
AcDbEntity
  8
1_ANYTOOL_1MMDEEP_LABELS_S
100
AcDbVertex
100
AcDb2dVertex
 10
129.6683035714287
 20
-3.606696428573287
 30
0.0
  0
VERTEX
  5
2F6
330
2C7
100
AcDbEntity
  8
1_ANYTOOL_1MMDEEP_LABELS_S
100
AcDbVertex
100
AcDb2dVertex
 10
129.3840401785715
 20
-3.706138392859089
 30
0.0
  0
VERTEX
  5
2F7
330
2C7
100
AcDbEntity
  8
1_ANYTOOL_1MMDEEP_LABELS_S
100
AcDbVertex
100
AcDb2dVertex
 10
129.1017857142858
 20
-3.798214285716313
 30
0.0
  0
VERTEX
  5
2F8
330
2C7
100
AcDbEntity
  8
1_ANYTOOL_1MMDEEP_LABELS_S
100
AcDbVertex
100
AcDb2dVertex
 10
128.8215401785715
 20
-3.882924107144959
 30
0.0
  0
VERTEX
  5
2F9
330
2C7
100
AcDbEntity
  8
1_ANYTOOL_1MMDEEP_LABELS_S
100
AcDbVertex
100
AcDb2dVertex
 10
128.5433035714287
 20
-3.960267857145027
 30
0.0
  0
VERTEX
  5
2FA
330
2C7
100
AcDbEntity
  8
1_ANYTOOL_1MMDEEP_LABELS_S
100
AcDbVertex
100
AcDb2dVertex
 10
128.2670758928572
 20
-4.030245535716517
 30
0.0
  0
VERTEX
  5
2FB
330
2C7
100
AcDbEntity
  8
1_ANYTOOL_1MMDEEP_LABELS_S
100
AcDbVertex
100
AcDb2dVertex
 10
127.9928571428572
 20
-4.09285714285943
 30
0.0
  0
VERTEX
  5
2FC
330
2C7
100
AcDbEntity
  8
1_ANYTOOL_1MMDEEP_LABELS_S
100
AcDbVertex
100
AcDb2dVertex
 10
127.7206473214287
 20
-4.148102678573764
 30
0.0
  0
VERTEX
  5
2FD
330
2C7
100
AcDbEntity
  8
1_ANYTOOL_1MMDEEP_LABELS_S
100
AcDbVertex
100
AcDb2dVertex
 10
127.4504464285715
 20
-4.195982142859521
 30
0.0
  0
VERTEX
  5
2FE
330
2C7
100
AcDbEntity
  8
1_ANYTOOL_1MMDEEP_LABELS_S
100
AcDbVertex
100
AcDb2dVertex
 10
127.1822544642858
 20
-4.236495535716699
 30
0.0
  0
VERTEX
  5
2FF
330
2C7
100
AcDbEntity
  8
1_ANYTOOL_1MMDEEP_LABELS_S
100
AcDbVertex
100
AcDb2dVertex
 10
126.9160714285715
 20
-4.2696428571453
 30
0.0
  0
VERTEX
  5
300
330
2C7
100
AcDbEntity
  8
1_ANYTOOL_1MMDEEP_LABELS_S
100
AcDbVertex
100
AcDb2dVertex
 10
126.6518973214286
 20
-4.295424107145323
 30
0.0
  0
VERTEX
  5
301
330
2C7
100
AcDbEntity
  8
1_ANYTOOL_1MMDEEP_LABELS_S
100
AcDbVertex
100
AcDb2dVertex
 10
126.3897321428572
 20
-4.313839285716767
 30
0.0
  0
VERTEX
  5
302
330
2C7
100
AcDbEntity
  8
1_ANYTOOL_1MMDEEP_LABELS_S
100
AcDbVertex
100
AcDb2dVertex
 10
126.1295758928572
 20
-4.324888392859634
 30
0.0
  0
VERTEX
  5
303
330
2C7
100
AcDbEntity
  8
1_ANYTOOL_1MMDEEP_LABELS_S
100
AcDbVertex
100
AcDb2dVertex
 10
125.8714285714286
 20
-4.328571428573923
 30
0.0
  0
SEQEND
  5
304
330
2C7
100
AcDbEntity
  8
1_ANYTOOL_1MMDEEP_LABELS_S
  0
LINE
  5
305
330
1F
100
AcDbEntity
  8
1_ANYTOOL_1MMDEEP_LABELS_S
100
AcDbLine
 10
155.5714285714284
 20
-0.4714285714289872
 30
0.0
 11
138.3857142857141
 21
-31.24285714285361
 31
0.0
  0
POLYLINE
  5
306
330
1F
100
AcDbEntity
  8
1_ANYTOOL_1MMDEEP_LABELS_S
100
AcDb2dPolyline
 66
     1
 10
0.0
 20
0.0
 30
0.0
  0
VERTEX
  5
307
330
306
100
AcDbEntity
  8
1_ANYTOOL_1MMDEEP_LABELS_S
100
AcDbVertex
100
AcDb2dVertex
 10
170.7857142857142
 20
-16.19999999999709
 30
0.0
  0
VERTEX
  5
308
330
306
100
AcDbEntity
  8
1_ANYTOOL_1MMDEEP_LABELS_S
100
AcDbVertex
100
AcDb2dVertex
 10
180.5571428571429
 20
-16.24285714285361
 30
0.0
  0
VERTEX
  5
309
330
306
100
AcDbEntity
  8
1_ANYTOOL_1MMDEEP_LABELS_S
100
AcDbVertex
100
AcDb2dVertex
 10
180.5224888392858
 20
-17.07137276785409
 30
0.0
  0
VERTEX
  5
30A
330
306
100
AcDbEntity
  8
1_ANYTOOL_1MMDEEP_LABELS_S
100
AcDbVertex
100
AcDb2dVertex
 10
180.4952427455357
 20
-17.47621372767574
 30
0.0
  0
VERTEX
  5
30B
330
306
100
AcDbEntity
  8
1_ANYTOOL_1MMDEEP_LABELS_S
100
AcDbVertex
100
AcDb2dVertex
 10
180.4613839285715
 20
-17.87477678571167
 30
0.0
  0
VERTEX
  5
30C
330
306
100
AcDbEntity
  8
1_ANYTOOL_1MMDEEP_LABELS_S
100
AcDbVertex
100
AcDb2dVertex
 10
180.4209123883929
 20
-18.26706194196188
 30
0.0
  0
VERTEX
  5
30D
330
306
100
AcDbEntity
  8
1_ANYTOOL_1MMDEEP_LABELS_S
100
AcDbVertex
100
AcDb2dVertex
 10
180.373828125
 20
-18.65306919642637
 30
0.0
  0
VERTEX
  5
30E
330
306
100
AcDbEntity
  8
1_ANYTOOL_1MMDEEP_LABELS_S
100
AcDbVertex
100
AcDb2dVertex
 10
180.3201311383929
 20
-19.03279854910514
 30
0.0
  0
VERTEX
  5
30F
330
306
100
AcDbEntity
  8
1_ANYTOOL_1MMDEEP_LABELS_S
100
AcDbVertex
100
AcDb2dVertex
 10
180.2598214285714
 20
-19.40624999999818
 30
0.0
  0
VERTEX
  5
310
330
306
100
AcDbEntity
  8
1_ANYTOOL_1MMDEEP_LABELS_S
100
AcDbVertex
100
AcDb2dVertex
 10
180.1928989955357
 20
-19.7734235491055
 30
0.0
  0
VERTEX
  5
311
330
306
100
AcDbEntity
  8
1_ANYTOOL_1MMDEEP_LABELS_S
100
AcDbVertex
100
AcDb2dVertex
 10
180.1193638392857
 20
-20.1343191964271
 30
0.0
  0
VERTEX
  5
312
330
306
100
AcDbEntity
  8
1_ANYTOOL_1MMDEEP_LABELS_S
100
AcDbVertex
100
AcDb2dVertex
 10
180.0392159598214
 20
-20.48893694196298
 30
0.0
  0
VERTEX
  5
313
330
306
100
AcDbEntity
  8
1_ANYTOOL_1MMDEEP_LABELS_S
100
AcDbVertex
100
AcDb2dVertex
 10
179.9524553571429
 20
-20.83727678571313
 30
0.0
  0
VERTEX
  5
314
330
306
100
AcDbEntity
  8
1_ANYTOOL_1MMDEEP_LABELS_S
100
AcDbVertex
100
AcDb2dVertex
 10
179.85908203125
 20
-21.17933872767756
 30
0.0
  0
VERTEX
  5
315
330
306
100
AcDbEntity
  8
1_ANYTOOL_1MMDEEP_LABELS_S
100
AcDbVertex
100
AcDb2dVertex
 10
179.7590959821429
 20
-21.51512276785627
 30
0.0
  0
VERTEX
  5
316
330
306
100
AcDbEntity
  8
1_ANYTOOL_1MMDEEP_LABELS_S
100
AcDbVertex
100
AcDb2dVertex
 10
179.6524972098214
 20
-21.84462890624926
 30
0.0
  0
VERTEX
  5
317
330
306
100
AcDbEntity
  8
1_ANYTOOL_1MMDEEP_LABELS_S
100
AcDbVertex
100
AcDb2dVertex
 10
179.5392857142857
 20
-22.16785714285652
 30
0.0
  0
VERTEX
  5
318
330
306
100
AcDbEntity
  8
1_ANYTOOL_1MMDEEP_LABELS_S
100
AcDbVertex
100
AcDb2dVertex
 10
179.4194614955357
 20
-22.48480747767806
 30
0.0
  0
VERTEX
  5
319
330
306
100
AcDbEntity
  8
1_ANYTOOL_1MMDEEP_LABELS_S
100
AcDbVertex
100
AcDb2dVertex
 10
179.2930245535714
 20
-22.79547991071388
 30
0.0
  0
VERTEX
  5
31A
330
306
100
AcDbEntity
  8
1_ANYTOOL_1MMDEEP_LABELS_S
100
AcDbVertex
100
AcDb2dVertex
 10
179.1599748883929
 20
-23.09987444196398
 30
0.0
  0
VERTEX
  5
31B
330
306
100
AcDbEntity
  8
1_ANYTOOL_1MMDEEP_LABELS_S
100
AcDbVertex
100
AcDb2dVertex
 10
179.0203125
 20
-23.39799107142835
 30
0.0
  0
VERTEX
  5
31C
330
306
100
AcDbEntity
  8
1_ANYTOOL_1MMDEEP_LABELS_S
100
AcDbVertex
100
AcDb2dVertex
 10
178.8740373883929
 20
-23.689829799107
 30
0.0
  0
VERTEX
  5
31D
330
306
100
AcDbEntity
  8
1_ANYTOOL_1MMDEEP_LABELS_S
100
AcDbVertex
100
AcDb2dVertex
 10
178.7211495535715
 20
-23.97539062499993
 30
0.0
  0
VERTEX
  5
31E
330
306
100
AcDbEntity
  8
1_ANYTOOL_1MMDEEP_LABELS_S
100
AcDbVertex
100
AcDb2dVertex
 10
178.5616489955358
 20
-24.25467354910714
 30
0.0
  0
VERTEX
  5
31F
330
306
100
AcDbEntity
  8
1_ANYTOOL_1MMDEEP_LABELS_S
100
AcDbVertex
100
AcDb2dVertex
 10
178.3955357142858
 20
-24.52767857142862
 30
0.0
  0
VERTEX
  5
320
330
306
100
AcDbEntity
  8
1_ANYTOOL_1MMDEEP_LABELS_S
100
AcDbVertex
100
AcDb2dVertex
 10
178.2228097098215
 20
-24.79440569196439
 30
0.0
  0
VERTEX
  5
321
330
306
100
AcDbEntity
  8
1_ANYTOOL_1MMDEEP_LABELS_S
100
AcDbVertex
100
AcDb2dVertex
 10
178.0434709821429
 20
-25.05485491071443
 30
0.0
  0
VERTEX
  5
322
330
306
100
AcDbEntity
  8
1_ANYTOOL_1MMDEEP_LABELS_S
100
AcDbVertex
100
AcDb2dVertex
 10
177.8575195312501
 20
-25.30902622767874
 30
0.0
  0
VERTEX
  5
323
330
306
100
AcDbEntity
  8
1_ANYTOOL_1MMDEEP_LABELS_S
100
AcDbVertex
100
AcDb2dVertex
 10
177.664955357143
 20
-25.55691964285734
 30
0.0
  0
VERTEX
  5
324
330
306
100
AcDbEntity
  8
1_ANYTOOL_1MMDEEP_LABELS_S
100
AcDbVertex
100
AcDb2dVertex
 10
177.4657784598216
 20
-25.79853515625021
 30
0.0
  0
VERTEX
  5
325
330
306
100
AcDbEntity
  8
1_ANYTOOL_1MMDEEP_LABELS_S
100
AcDbVertex
100
AcDb2dVertex
 10
177.2599888392859
 20
-26.03387276785736
 30
0.0
  0
VERTEX
  5
326
330
306
100
AcDbEntity
  8
1_ANYTOOL_1MMDEEP_LABELS_S
100
AcDbVertex
100
AcDb2dVertex
 10
177.0475864955359
 20
-26.26293247767879
 30
0.0
  0
VERTEX
  5
327
330
306
100
AcDbEntity
  8
1_ANYTOOL_1MMDEEP_LABELS_S
100
AcDbVertex
100
AcDb2dVertex
 10
176.8285714285716
 20
-26.48571428571449
 30
0.0
  0
VERTEX
  5
328
330
306
100
AcDbEntity
  8
1_ANYTOOL_1MMDEEP_LABELS_S
100
AcDbVertex
100
AcDb2dVertex
 10
176.3867745535716
 20
-26.91143973214304
 30
0.0
  0
VERTEX
  5
329
330
306
100
AcDbEntity
  8
1_ANYTOOL_1MMDEEP_LABELS_S
100
AcDbVertex
100
AcDb2dVertex
 10
176.1639927455359
 20
-27.11413225446445
 30
0.0
  0
VERTEX
  5
32A
330
306
100
AcDbEntity
  8
1_ANYTOOL_1MMDEEP_LABELS_S
100
AcDbVertex
100
AcDb2dVertex
 10
175.939955357143
 20
-27.31004464285729
 30
0.0
  0
VERTEX
  5
32B
330
306
100
AcDbEntity
  8
1_ANYTOOL_1MMDEEP_LABELS_S
100
AcDbVertex
100
AcDb2dVertex
 10
175.714662388393
 20
-27.49917689732156
 30
0.0
  0
VERTEX
  5
32C
330
306
100
AcDbEntity
  8
1_ANYTOOL_1MMDEEP_LABELS_S
100
AcDbVertex
100
AcDb2dVertex
 10
175.4881138392859
 20
-27.68152901785726
 30
0.0
  0
VERTEX
  5
32D
330
306
100
AcDbEntity
  8
1_ANYTOOL_1MMDEEP_LABELS_S
100
AcDbVertex
100
AcDb2dVertex
 10
175.2603097098216
 20
-27.85710100446438
 30
0.0
  0
VERTEX
  5
32E
330
306
100
AcDbEntity
  8
1_ANYTOOL_1MMDEEP_LABELS_S
100
AcDbVertex
100
AcDb2dVertex
 10
175.0312500000001
 20
-28.02589285714294
 30
0.0
  0
VERTEX
  5
32F
330
306
100
AcDbEntity
  8
1_ANYTOOL_1MMDEEP_LABELS_S
100
AcDbVertex
100
AcDb2dVertex
 10
174.8009347098215
 20
-28.18790457589292
 30
0.0
  0
VERTEX
  5
330
330
306
100
AcDbEntity
  8
1_ANYTOOL_1MMDEEP_LABELS_S
100
AcDbVertex
100
AcDb2dVertex
 10
174.5693638392858
 20
-28.34313616071432
 30
0.0
  0
VERTEX
  5
331
330
306
100
AcDbEntity
  8
1_ANYTOOL_1MMDEEP_LABELS_S
100
AcDbVertex
100
AcDb2dVertex
 10
174.3365373883929
 20
-28.49158761160716
 30
0.0
  0
VERTEX
  5
332
330
306
100
AcDbEntity
  8
1_ANYTOOL_1MMDEEP_LABELS_S
100
AcDbVertex
100
AcDb2dVertex
 10
174.1024553571429
 20
-28.63325892857142
 30
0.0
  0
VERTEX
  5
333
330
306
100
AcDbEntity
  8
1_ANYTOOL_1MMDEEP_LABELS_S
100
AcDbVertex
100
AcDb2dVertex
 10
173.8671177455358
 20
-28.76815011160711
 30
0.0
  0
VERTEX
  5
334
330
306
100
AcDbEntity
  8
1_ANYTOOL_1MMDEEP_LABELS_S
100
AcDbVertex
100
AcDb2dVertex
 10
173.6305245535715
 20
-28.89626116071423
 30
0.0
  0
VERTEX
  5
335
330
306
100
AcDbEntity
  8
1_ANYTOOL_1MMDEEP_LABELS_S
100
AcDbVertex
100
AcDb2dVertex
 10
173.3926757812501
 20
-29.01759207589278
 30
0.0
  0
VERTEX
  5
336
330
306
100
AcDbEntity
  8
1_ANYTOOL_1MMDEEP_LABELS_S
100
AcDbVertex
100
AcDb2dVertex
 10
173.1535714285715
 20
-29.13214285714275
 30
0.0
  0
VERTEX
  5
337
330
306
100
AcDbEntity
  8
1_ANYTOOL_1MMDEEP_LABELS_S
100
AcDbVertex
100
AcDb2dVertex
 10
172.9132114955357
 20
-29.23991350446416
 30
0.0
  0
VERTEX
  5
338
330
306
100
AcDbEntity
  8
1_ANYTOOL_1MMDEEP_LABELS_S
100
AcDbVertex
100
AcDb2dVertex
 10
172.6715959821429
 20
-29.34090401785699
 30
0.0
  0
VERTEX
  5
339
330
306
100
AcDbEntity
  8
1_ANYTOOL_1MMDEEP_LABELS_S
100
AcDbVertex
100
AcDb2dVertex
 10
172.4287248883929
 20
-29.43511439732124
 30
0.0
  0
VERTEX
  5
33A
330
306
100
AcDbEntity
  8
1_ANYTOOL_1MMDEEP_LABELS_S
100
AcDbVertex
100
AcDb2dVertex
 10
172.1845982142857
 20
-29.52254464285693
 30
0.0
  0
VERTEX
  5
33B
330
306
100
AcDbEntity
  8
1_ANYTOOL_1MMDEEP_LABELS_S
100
AcDbVertex
100
AcDb2dVertex
 10
171.9392159598215
 20
-29.60319475446404
 30
0.0
  0
VERTEX
  5
33C
330
306
100
AcDbEntity
  8
1_ANYTOOL_1MMDEEP_LABELS_S
100
AcDbVertex
100
AcDb2dVertex
 10
171.692578125
 20
-29.67706473214258
 30
0.0
  0
VERTEX
  5
33D
330
306
100
AcDbEntity
  8
1_ANYTOOL_1MMDEEP_LABELS_S
100
AcDbVertex
100
AcDb2dVertex
 10
171.4446847098214
 20
-29.74415457589255
 30
0.0
  0
VERTEX
  5
33E
330
306
100
AcDbEntity
  8
1_ANYTOOL_1MMDEEP_LABELS_S
100
AcDbVertex
100
AcDb2dVertex
 10
171.1955357142857
 20
-29.80446428571395
 30
0.0
  0
VERTEX
  5
33F
330
306
100
AcDbEntity
  8
1_ANYTOOL_1MMDEEP_LABELS_S
100
AcDbVertex
100
AcDb2dVertex
 10
170.9451311383929
 20
-29.85799386160677
 30
0.0
  0
VERTEX
  5
340
330
306
100
AcDbEntity
  8
1_ANYTOOL_1MMDEEP_LABELS_S
100
AcDbVertex
100
AcDb2dVertex
 10
170.6934709821429
 20
-29.90474330357102
 30
0.0
  0
VERTEX
  5
341
330
306
100
AcDbEntity
  8
1_ANYTOOL_1MMDEEP_LABELS_S
100
AcDbVertex
100
AcDb2dVertex
 10
170.4405552455357
 20
-29.9447126116067
 30
0.0
  0
VERTEX
  5
342
330
306
100
AcDbEntity
  8
1_ANYTOOL_1MMDEEP_LABELS_S
100
AcDbVertex
100
AcDb2dVertex
 10
170.1863839285714
 20
-29.97790178571381
 30
0.0
  0
VERTEX
  5
343
330
306
100
AcDbEntity
  8
1_ANYTOOL_1MMDEEP_LABELS_S
100
AcDbVertex
100
AcDb2dVertex
 10
169.93095703125
 20
-30.00431082589235
 30
0.0
  0
VERTEX
  5
344
330
306
100
AcDbEntity
  8
1_ANYTOOL_1MMDEEP_LABELS_S
100
AcDbVertex
100
AcDb2dVertex
 10
169.6742745535714
 20
-30.02393973214231
 30
0.0
  0
VERTEX
  5
345
330
306
100
AcDbEntity
  8
1_ANYTOOL_1MMDEEP_LABELS_S
100
AcDbVertex
100
AcDb2dVertex
 10
169.4163364955357
 20
-30.0367885044637
 30
0.0
  0
VERTEX
  5
346
330
306
100
AcDbEntity
  8
1_ANYTOOL_1MMDEEP_LABELS_S
100
AcDbVertex
100
AcDb2dVertex
 10
169.1571428571428
 20
-30.04285714285652
 30
0.0
  0
VERTEX
  5
347
330
306
100
AcDbEntity
  8
1_ANYTOOL_1MMDEEP_LABELS_S
100
AcDbVertex
100
AcDb2dVertex
 10
168.8980329241071
 20
-30.04202008928505
 30
0.0
  0
VERTEX
  5
348
330
306
100
AcDbEntity
  8
1_ANYTOOL_1MMDEEP_LABELS_S
100
AcDbVertex
100
AcDb2dVertex
 10
168.6403459821428
 20
-30.03415178571359
 30
0.0
  0
VERTEX
  5
349
330
306
100
AcDbEntity
  8
1_ANYTOOL_1MMDEEP_LABELS_S
100
AcDbVertex
100
AcDb2dVertex
 10
168.38408203125
 20
-30.01925223214213
 30
0.0
  0
VERTEX
  5
34A
330
306
100
AcDbEntity
  8
1_ANYTOOL_1MMDEEP_LABELS_S
100
AcDbVertex
100
AcDb2dVertex
 10
168.1292410714286
 20
-29.99732142857067
 30
0.0
  0
VERTEX
  5
34B
330
306
100
AcDbEntity
  8
1_ANYTOOL_1MMDEEP_LABELS_S
100
AcDbVertex
100
AcDb2dVertex
 10
167.8758231026786
 20
-29.96835937499922
 30
0.0
  0
VERTEX
  5
34C
330
306
100
AcDbEntity
  8
1_ANYTOOL_1MMDEEP_LABELS_S
100
AcDbVertex
100
AcDb2dVertex
 10
167.623828125
 20
-29.93236607142777
 30
0.0
  0
VERTEX
  5
34D
330
306
100
AcDbEntity
  8
1_ANYTOOL_1MMDEEP_LABELS_S
100
AcDbVertex
100
AcDb2dVertex
 10
167.3732561383928
 20
-29.88934151785632
 30
0.0
  0
VERTEX
  5
34E
330
306
100
AcDbEntity
  8
1_ANYTOOL_1MMDEEP_LABELS_S
100
AcDbVertex
100
AcDb2dVertex
 10
167.1241071428571
 20
-29.83928571428487
 30
0.0
  0
VERTEX
  5
34F
330
306
100
AcDbEntity
  8
1_ANYTOOL_1MMDEEP_LABELS_S
100
AcDbVertex
100
AcDb2dVertex
 10
166.8763811383928
 20
-29.78219866071343
 30
0.0
  0
VERTEX
  5
350
330
306
100
AcDbEntity
  8
1_ANYTOOL_1MMDEEP_LABELS_S
100
AcDbVertex
100
AcDb2dVertex
 10
166.630078125
 20
-29.71808035714199
 30
0.0
  0
VERTEX
  5
351
330
306
100
AcDbEntity
  8
1_ANYTOOL_1MMDEEP_LABELS_S
100
AcDbVertex
100
AcDb2dVertex
 10
166.3851981026785
 20
-29.64693080357055
 30
0.0
  0
VERTEX
  5
352
330
306
100
AcDbEntity
  8
1_ANYTOOL_1MMDEEP_LABELS_S
100
AcDbVertex
100
AcDb2dVertex
 10
166.1417410714286
 20
-29.56874999999911
 30
0.0
  0
VERTEX
  5
353
330
306
100
AcDbEntity
  8
1_ANYTOOL_1MMDEEP_LABELS_S
100
AcDbVertex
100
AcDb2dVertex
 10
165.89970703125
 20
-29.48353794642768
 30
0.0
  0
VERTEX
  5
354
330
306
100
AcDbEntity
  8
1_ANYTOOL_1MMDEEP_LABELS_S
100
AcDbVertex
100
AcDb2dVertex
 10
165.6590959821428
 20
-29.39129464285625
 30
0.0
  0
VERTEX
  5
355
330
306
100
AcDbEntity
  8
1_ANYTOOL_1MMDEEP_LABELS_S
100
AcDbVertex
100
AcDb2dVertex
 10
165.4199079241071
 20
-29.29202008928483
 30
0.0
  0
VERTEX
  5
356
330
306
100
AcDbEntity
  8
1_ANYTOOL_1MMDEEP_LABELS_S
100
AcDbVertex
100
AcDb2dVertex
 10
165.1821428571428
 20
-29.1857142857134
 30
0.0
  0
VERTEX
  5
357
330
306
100
AcDbEntity
  8
1_ANYTOOL_1MMDEEP_LABELS_S
100
AcDbVertex
100
AcDb2dVertex
 10
164.9458007812499
 20
-29.07237723214198
 30
0.0
  0
VERTEX
  5
358
330
306
100
AcDbEntity
  8
1_ANYTOOL_1MMDEEP_LABELS_S
100
AcDbVertex
100
AcDb2dVertex
 10
164.7108816964285
 20
-28.95200892857056
 30
0.0
  0
VERTEX
  5
359
330
306
100
AcDbEntity
  8
1_ANYTOOL_1MMDEEP_LABELS_S
100
AcDbVertex
100
AcDb2dVertex
 10
164.4773856026785
 20
-28.82460937499915
 30
0.0
  0
VERTEX
  5
35A
330
306
100
AcDbEntity
  8
1_ANYTOOL_1MMDEEP_LABELS_S
100
AcDbVertex
100
AcDb2dVertex
 10
164.2453125
 20
-28.69017857142774
 30
0.0
  0
VERTEX
  5
35B
330
306
100
AcDbEntity
  8
1_ANYTOOL_1MMDEEP_LABELS_S
100
AcDbVertex
100
AcDb2dVertex
 10
164.0146623883928
 20
-28.54871651785633
 30
0.0
  0
VERTEX
  5
35C
330
306
100
AcDbEntity
  8
1_ANYTOOL_1MMDEEP_LABELS_S
100
AcDbVertex
100
AcDb2dVertex
 10
163.7854352678571
 20
-28.40022321428492
 30
0.0
  0
VERTEX
  5
35D
330
306
100
AcDbEntity
  8
1_ANYTOOL_1MMDEEP_LABELS_S
100
AcDbVertex
100
AcDb2dVertex
 10
163.5576311383928
 20
-28.24469866071352
 30
0.0
  0
VERTEX
  5
35E
330
306
100
AcDbEntity
  8
1_ANYTOOL_1MMDEEP_LABELS_S
100
AcDbVertex
100
AcDb2dVertex
 10
163.3312499999999
 20
-28.08214285714212
 30
0.0
  0
VERTEX
  5
35F
330
306
100
AcDbEntity
  8
1_ANYTOOL_1MMDEEP_LABELS_S
100
AcDbVertex
100
AcDb2dVertex
 10
163.1062918526785
 20
-27.91255580357072
 30
0.0
  0
VERTEX
  5
360
330
306
100
AcDbEntity
  8
1_ANYTOOL_1MMDEEP_LABELS_S
100
AcDbVertex
100
AcDb2dVertex
 10
162.8827566964285
 20
-27.73593749999932
 30
0.0
  0
VERTEX
  5
361
330
306
100
AcDbEntity
  8
1_ANYTOOL_1MMDEEP_LABELS_S
100
AcDbVertex
100
AcDb2dVertex
 10
162.6606445312499
 20
-27.55228794642793
 30
0.0
  0
VERTEX
  5
362
330
306
100
AcDbEntity
  8
1_ANYTOOL_1MMDEEP_LABELS_S
100
AcDbVertex
100
AcDb2dVertex
 10
162.4399553571428
 20
-27.36160714285654
 30
0.0
  0
VERTEX
  5
363
330
306
100
AcDbEntity
  8
1_ANYTOOL_1MMDEEP_LABELS_S
100
AcDbVertex
100
AcDb2dVertex
 10
162.220689174107
 20
-27.16389508928516
 30
0.0
  0
VERTEX
  5
364
330
306
100
AcDbEntity
  8
1_ANYTOOL_1MMDEEP_LABELS_S
100
AcDbVertex
100
AcDb2dVertex
 10
162.0028459821427
 20
-26.95915178571377
 30
0.0
  0
VERTEX
  5
365
330
306
100
AcDbEntity
  8
1_ANYTOOL_1MMDEEP_LABELS_S
100
AcDbVertex
100
AcDb2dVertex
 10
161.7864257812499
 20
-26.74737723214239
 30
0.0
  0
VERTEX
  5
366
330
306
100
AcDbEntity
  8
1_ANYTOOL_1MMDEEP_LABELS_S
100
AcDbVertex
100
AcDb2dVertex
 10
161.5714285714284
 20
-26.52857142857101
 30
0.0
  0
VERTEX
  5
367
330
306
100
AcDbEntity
  8
1_ANYTOOL_1MMDEEP_LABELS_S
100
AcDbVertex
100
AcDb2dVertex
 10
161.3604910714285
 20
-26.30244140624963
 30
0.0
  0
VERTEX
  5
368
330
306
100
AcDbEntity
  8
1_ANYTOOL_1MMDEEP_LABELS_S
100
AcDbVertex
100
AcDb2dVertex
 10
161.1562499999999
 20
-26.06869419642825
 30
0.0
  0
VERTEX
  5
369
330
306
100
AcDbEntity
  8
1_ANYTOOL_1MMDEEP_LABELS_S
100
AcDbVertex
100
AcDb2dVertex
 10
160.9587053571428
 20
-25.82732979910687
 30
0.0
  0
VERTEX
  5
36A
330
306
100
AcDbEntity
  8
1_ANYTOOL_1MMDEEP_LABELS_S
100
AcDbVertex
100
AcDb2dVertex
 10
160.7678571428571
 20
-25.57834821428548
 30
0.0
  0
VERTEX
  5
36B
330
306
100
AcDbEntity
  8
1_ANYTOOL_1MMDEEP_LABELS_S
100
AcDbVertex
100
AcDb2dVertex
 10
160.5837053571428
 20
-25.32174944196409
 30
0.0
  0
VERTEX
  5
36C
330
306
100
AcDbEntity
  8
1_ANYTOOL_1MMDEEP_LABELS_S
100
AcDbVertex
100
AcDb2dVertex
 10
160.40625
 20
-25.0575334821427
 30
0.0
  0
VERTEX
  5
36D
330
306
100
AcDbEntity
  8
1_ANYTOOL_1MMDEEP_LABELS_S
100
AcDbVertex
100
AcDb2dVertex
 10
160.2354910714286
 20
-24.78570033482131
 30
0.0
  0
VERTEX
  5
36E
330
306
100
AcDbEntity
  8
1_ANYTOOL_1MMDEEP_LABELS_S
100
AcDbVertex
100
AcDb2dVertex
 10
160.0714285714286
 20
-24.50624999999991
 30
0.0
  0
VERTEX
  5
36F
330
306
100
AcDbEntity
  8
1_ANYTOOL_1MMDEEP_LABELS_S
100
AcDbVertex
100
AcDb2dVertex
 10
159.9140625
 20
-24.21918247767851
 30
0.0
  0
VERTEX
  5
370
330
306
100
AcDbEntity
  8
1_ANYTOOL_1MMDEEP_LABELS_S
100
AcDbVertex
100
AcDb2dVertex
 10
159.7633928571429
 20
-23.9244977678571
 30
0.0
  0
VERTEX
  5
371
330
306
100
AcDbEntity
  8
1_ANYTOOL_1MMDEEP_LABELS_S
100
AcDbVertex
100
AcDb2dVertex
 10
159.6194196428572
 20
-23.6221958705357
 30
0.0
  0
VERTEX
  5
372
330
306
100
AcDbEntity
  8
1_ANYTOOL_1MMDEEP_LABELS_S
100
AcDbVertex
100
AcDb2dVertex
 10
159.4821428571429
 20
-23.31227678571429
 30
0.0
  0
VERTEX
  5
373
330
306
100
AcDbEntity
  8
1_ANYTOOL_1MMDEEP_LABELS_S
100
AcDbVertex
100
AcDb2dVertex
 10
159.3515625000001
 20
-22.99474051339288
 30
0.0
  0
VERTEX
  5
374
330
306
100
AcDbEntity
  8
1_ANYTOOL_1MMDEEP_LABELS_S
100
AcDbVertex
100
AcDb2dVertex
 10
159.2276785714287
 20
-22.66958705357146
 30
0.0
  0
VERTEX
  5
375
330
306
100
AcDbEntity
  8
1_ANYTOOL_1MMDEEP_LABELS_S
100
AcDbVertex
100
AcDb2dVertex
 10
159.1104910714287
 20
-22.33681640625004
 30
0.0
  0
VERTEX
  5
376
330
306
100
AcDbEntity
  8
1_ANYTOOL_1MMDEEP_LABELS_S
100
AcDbVertex
100
AcDb2dVertex
 10
159.0000000000001
 20
-21.99642857142862
 30
0.0
  0
VERTEX
  5
377
330
306
100
AcDbEntity
  8
1_ANYTOOL_1MMDEEP_LABELS_S
100
AcDbVertex
100
AcDb2dVertex
 10
158.896205357143
 20
-21.6484235491072
 30
0.0
  0
VERTEX
  5
378
330
306
100
AcDbEntity
  8
1_ANYTOOL_1MMDEEP_LABELS_S
100
AcDbVertex
100
AcDb2dVertex
 10
158.7991071428573
 20
-21.29280133928577
 30
0.0
  0
VERTEX
  5
379
330
306
100
AcDbEntity
  8
1_ANYTOOL_1MMDEEP_LABELS_S
100
AcDbVertex
100
AcDb2dVertex
 10
158.708705357143
 20
-20.92956194196434
 30
0.0
  0
VERTEX
  5
37A
330
306
100
AcDbEntity
  8
1_ANYTOOL_1MMDEEP_LABELS_S
100
AcDbVertex
100
AcDb2dVertex
 10
158.6250000000002
 20
-20.55870535714291
 30
0.0
  0
VERTEX
  5
37B
330
306
100
AcDbEntity
  8
1_ANYTOOL_1MMDEEP_LABELS_S
100
AcDbVertex
100
AcDb2dVertex
 10
158.5479910714288
 20
-20.18023158482148
 30
0.0
  0
VERTEX
  5
37C
330
306
100
AcDbEntity
  8
1_ANYTOOL_1MMDEEP_LABELS_S
100
AcDbVertex
100
AcDb2dVertex
 10
158.4776785714287
 20
-19.79414062500004
 30
0.0
  0
VERTEX
  5
37D
330
306
100
AcDbEntity
  8
1_ANYTOOL_1MMDEEP_LABELS_S
100
AcDbVertex
100
AcDb2dVertex
 10
158.4140625000002
 20
-19.4004324776786
 30
0.0
  0
VERTEX
  5
37E
330
306
100
AcDbEntity
  8
1_ANYTOOL_1MMDEEP_LABELS_S
100
AcDbVertex
100
AcDb2dVertex
 10
158.357142857143
 20
-18.99910714285716
 30
0.0
  0
VERTEX
  5
37F
330
306
100
AcDbEntity
  8
1_ANYTOOL_1MMDEEP_LABELS_S
100
AcDbVertex
100
AcDb2dVertex
 10
158.3069196428573
 20
-18.59016462053571
 30
0.0
  0
VERTEX
  5
380
330
306
100
AcDbEntity
  8
1_ANYTOOL_1MMDEEP_LABELS_S
100
AcDbVertex
100
AcDb2dVertex
 10
158.263392857143
 20
-18.17360491071426
 30
0.0
  0
VERTEX
  5
381
330
306
100
AcDbEntity
  8
1_ANYTOOL_1MMDEEP_LABELS_S
100
AcDbVertex
100
AcDb2dVertex
 10
158.1964285714288
 20
-17.31763392857135
 30
0.0
  0
VERTEX
  5
382
330
306
100
AcDbEntity
  8
1_ANYTOOL_1MMDEEP_LABELS_S
100
AcDbVertex
100
AcDb2dVertex
 10
158.1562500000002
 20
-16.43119419642844
 30
0.0
  0
VERTEX
  5
383
330
306
100
AcDbEntity
  8
1_ANYTOOL_1MMDEEP_LABELS_S
100
AcDbVertex
100
AcDb2dVertex
 10
158.1428571428573
 20
-15.51428571428551
 30
0.0
  0
VERTEX
  5
384
330
306
100
AcDbEntity
  8
1_ANYTOOL_1MMDEEP_LABELS_S
100
AcDbVertex
100
AcDb2dVertex
 10
158.153236607143
 20
-14.83560267857112
 30
0.0
  0
VERTEX
  5
385
330
306
100
AcDbEntity
  8
1_ANYTOOL_1MMDEEP_LABELS_S
100
AcDbVertex
100
AcDb2dVertex
 10
158.1843750000002
 20
-14.16026785714246
 30
0.0
  0
VERTEX
  5
386
330
306
100
AcDbEntity
  8
1_ANYTOOL_1MMDEEP_LABELS_S
100
AcDbVertex
100
AcDb2dVertex
 10
158.2362723214288
 20
-13.48828124999952
 30
0.0
  0
VERTEX
  5
387
330
306
100
AcDbEntity
  8
1_ANYTOOL_1MMDEEP_LABELS_S
100
AcDbVertex
100
AcDb2dVertex
 10
158.3089285714288
 20
-12.8196428571423
 30
0.0
  0
VERTEX
  5
388
330
306
100
AcDbEntity
  8
1_ANYTOOL_1MMDEEP_LABELS_S
100
AcDbVertex
100
AcDb2dVertex
 10
158.4023437500002
 20
-12.1543526785708
 30
0.0
  0
VERTEX
  5
389
330
306
100
AcDbEntity
  8
1_ANYTOOL_1MMDEEP_LABELS_S
100
AcDbVertex
100
AcDb2dVertex
 10
158.5165178571431
 20
-11.49241071428503
 30
0.0
  0
VERTEX
  5
38A
330
306
100
AcDbEntity
  8
1_ANYTOOL_1MMDEEP_LABELS_S
100
AcDbVertex
100
AcDb2dVertex
 10
158.6514508928574
 20
-10.83381696428498
 30
0.0
  0
VERTEX
  5
38B
330
306
100
AcDbEntity
  8
1_ANYTOOL_1MMDEEP_LABELS_S
100
AcDbVertex
100
AcDb2dVertex
 10
158.807142857143
 20
-10.17857142857065
 30
0.0
  0
VERTEX
  5
38C
330
306
100
AcDbEntity
  8
1_ANYTOOL_1MMDEEP_LABELS_S
100
AcDbVertex
100
AcDb2dVertex
 10
158.9835937500002
 20
-9.526674107142043
 30
0.0
  0
VERTEX
  5
38D
330
306
100
AcDbEntity
  8
1_ANYTOOL_1MMDEEP_LABELS_S
100
AcDbVertex
100
AcDb2dVertex
 10
159.1808035714288
 20
-8.878124999999159
 30
0.0
  0
VERTEX
  5
38E
330
306
100
AcDbEntity
  8
1_ANYTOOL_1MMDEEP_LABELS_S
100
AcDbVertex
100
AcDb2dVertex
 10
159.3987723214288
 20
-8.232924107141997
 30
0.0
  0
VERTEX
  5
38F
330
306
100
AcDbEntity
  8
1_ANYTOOL_1MMDEEP_LABELS_S
100
AcDbVertex
100
AcDb2dVertex
 10
159.6375000000002
 20
-7.591071428570558
 30
0.0
  0
VERTEX
  5
390
330
306
100
AcDbEntity
  8
1_ANYTOOL_1MMDEEP_LABELS_S
100
AcDbVertex
100
AcDb2dVertex
 10
159.896986607143
 20
-6.952566964284841
 30
0.0
  0
VERTEX
  5
391
330
306
100
AcDbEntity
  8
1_ANYTOOL_1MMDEEP_LABELS_S
100
AcDbVertex
100
AcDb2dVertex
 10
160.1772321428573
 20
-6.317410714284847
 30
0.0
  0
VERTEX
  5
392
330
306
100
AcDbEntity
  8
1_ANYTOOL_1MMDEEP_LABELS_S
100
AcDbVertex
100
AcDb2dVertex
 10
160.4782366071431
 20
-5.685602678570575
 30
0.0
  0
VERTEX
  5
393
330
306
100
AcDbEntity
  8
1_ANYTOOL_1MMDEEP_LABELS_S
100
AcDbVertex
100
AcDb2dVertex
 10
160.8000000000002
 20
-5.057142857142026
 30
0.0
  0
VERTEX
  5
394
330
306
100
AcDbEntity
  8
1_ANYTOOL_1MMDEEP_LABELS_S
100
AcDbVertex
100
AcDb2dVertex
 10
160.9723074776787
 20
-4.746010044642077
 30
0.0
  0
VERTEX
  5
395
330
306
100
AcDbEntity
  8
1_ANYTOOL_1MMDEEP_LABELS_S
100
AcDbVertex
100
AcDb2dVertex
 10
161.1517299107144
 20
-4.444754464284983
 30
0.0
  0
VERTEX
  5
396
330
306
100
AcDbEntity
  8
1_ANYTOOL_1MMDEEP_LABELS_S
100
AcDbVertex
100
AcDb2dVertex
 10
161.3382672991073
 20
-4.153376116070746
 30
0.0
  0
VERTEX
  5
397
330
306
100
AcDbEntity
  8
1_ANYTOOL_1MMDEEP_LABELS_S
100
AcDbVertex
100
AcDb2dVertex
 10
161.5319196428573
 20
-3.871874999999363
 30
0.0
  0
VERTEX
  5
398
330
306
100
AcDbEntity
  8
1_ANYTOOL_1MMDEEP_LABELS_S
100
AcDbVertex
100
AcDb2dVertex
 10
161.7326869419644
 20
-3.600251116070837
 30
0.0
  0
VERTEX
  5
399
330
306
100
AcDbEntity
  8
1_ANYTOOL_1MMDEEP_LABELS_S
100
AcDbVertex
100
AcDb2dVertex
 10
161.8357386997769
 20
-3.468143136160144
 30
0.0
  0
VERTEX
  5
39A
330
306
100
AcDbEntity
  8
1_ANYTOOL_1MMDEEP_LABELS_S
100
AcDbVertex
100
AcDb2dVertex
 10
161.9405691964287
 20
-3.338504464285165
 30
0.0
  0
VERTEX
  5
39B
330
306
100
AcDbEntity
  8
1_ANYTOOL_1MMDEEP_LABELS_S
100
AcDbVertex
100
AcDb2dVertex
 10
162.0471784319198
 20
-3.211335100445901
 30
0.0
  0
VERTEX
  5
39C
330
306
100
AcDbEntity
  8
1_ANYTOOL_1MMDEEP_LABELS_S
100
AcDbVertex
100
AcDb2dVertex
 10
162.1555664062501
 20
-3.08663504464235
 30
0.0
  0
VERTEX
  5
39D
330
306
100
AcDbEntity
  8
1_ANYTOOL_1MMDEEP_LABELS_S
100
AcDbVertex
100
AcDb2dVertex
 10
162.2657331194198
 20
-2.964404296874513
 30
0.0
  0
VERTEX
  5
39E
330
306
100
AcDbEntity
  8
1_ANYTOOL_1MMDEEP_LABELS_S
100
AcDbVertex
100
AcDb2dVertex
 10
162.3776785714287
 20
-2.844642857142389
 30
0.0
  0
VERTEX
  5
39F
330
306
100
AcDbEntity
  8
1_ANYTOOL_1MMDEEP_LABELS_S
100
AcDbVertex
100
AcDb2dVertex
 10
162.4914027622769
 20
-2.72735072544598
 30
0.0
  0
VERTEX
  5
3A0
330
306
100
AcDbEntity
  8
1_ANYTOOL_1MMDEEP_LABELS_S
100
AcDbVertex
100
AcDb2dVertex
 10
162.6069056919644
 20
-2.612527901785285
 30
0.0
  0
VERTEX
  5
3A1
330
306
100
AcDbEntity
  8
1_ANYTOOL_1MMDEEP_LABELS_S
100
AcDbVertex
100
AcDb2dVertex
 10
162.7241873604912
 20
-2.500174386160303
 30
0.0
  0
VERTEX
  5
3A2
330
306
100
AcDbEntity
  8
1_ANYTOOL_1MMDEEP_LABELS_S
100
AcDbVertex
100
AcDb2dVertex
 10
162.8432477678572
 20
-2.390290178571036
 30
0.0
  0
VERTEX
  5
3A3
330
306
100
AcDbEntity
  8
1_ANYTOOL_1MMDEEP_LABELS_S
100
AcDbVertex
100
AcDb2dVertex
 10
162.9640869140626
 20
-2.282875279017482
 30
0.0
  0
VERTEX
  5
3A4
330
306
100
AcDbEntity
  8
1_ANYTOOL_1MMDEEP_LABELS_S
100
AcDbVertex
100
AcDb2dVertex
 10
163.0867047991072
 20
-2.177929687499642
 30
0.0
  0
VERTEX
  5
3A5
330
306
100
AcDbEntity
  8
1_ANYTOOL_1MMDEEP_LABELS_S
100
AcDbVertex
100
AcDb2dVertex
 10
163.2111014229912
 20
-2.075453404017516
 30
0.0
  0
VERTEX
  5
3A6
330
306
100
AcDbEntity
  8
1_ANYTOOL_1MMDEEP_LABELS_S
100
AcDbVertex
100
AcDb2dVertex
 10
163.3372767857144
 20
-1.975446428571104
 30
0.0
  0
VERTEX
  5
3A7
330
306
100
AcDbEntity
  8
1_ANYTOOL_1MMDEEP_LABELS_S
100
AcDbVertex
100
AcDb2dVertex
 10
163.4652308872769
 20
-1.877908761160406
 30
0.0
  0
VERTEX
  5
3A8
330
306
100
AcDbEntity
  8
1_ANYTOOL_1MMDEEP_LABELS_S
100
AcDbVertex
100
AcDb2dVertex
 10
163.5949637276786
 20
-1.782840401785421
 30
0.0
  0
VERTEX
  5
3A9
330
306
100
AcDbEntity
  8
1_ANYTOOL_1MMDEEP_LABELS_S
100
AcDbVertex
100
AcDb2dVertex
 10
163.7264753069197
 20
-1.690241350446151
 30
0.0
  0
VERTEX
  5
3AA
330
306
100
AcDbEntity
  8
1_ANYTOOL_1MMDEEP_LABELS_S
100
AcDbVertex
100
AcDb2dVertex
 10
163.8597656250001
 20
-1.600111607142594
 30
0.0
  0
VERTEX
  5
3AB
330
306
100
AcDbEntity
  8
1_ANYTOOL_1MMDEEP_LABELS_S
100
AcDbVertex
100
AcDb2dVertex
 10
163.9948346819197
 20
-1.512451171874751
 30
0.0
  0
VERTEX
  5
3AC
330
306
100
AcDbEntity
  8
1_ANYTOOL_1MMDEEP_LABELS_S
100
AcDbVertex
100
AcDb2dVertex
 10
164.1316824776786
 20
-1.427260044642622
 30
0.0
  0
VERTEX
  5
3AD
330
306
100
AcDbEntity
  8
1_ANYTOOL_1MMDEEP_LABELS_S
100
AcDbVertex
100
AcDb2dVertex
 10
164.2703090122768
 20
-1.344538225446207
 30
0.0
  0
VERTEX
  5
3AE
330
306
100
AcDbEntity
  8
1_ANYTOOL_1MMDEEP_LABELS_S
100
AcDbVertex
100
AcDb2dVertex
 10
164.4107142857143
 20
-1.264285714285506
 30
0.0
  0
VERTEX
  5
3AF
330
306
100
AcDbEntity
  8
1_ANYTOOL_1MMDEEP_LABELS_S
100
AcDbVertex
100
AcDb2dVertex
 10
164.5528982979911
 20
-1.186502511160519
 30
0.0
  0
VERTEX
  5
3B0
330
306
100
AcDbEntity
  8
1_ANYTOOL_1MMDEEP_LABELS_S
100
AcDbVertex
100
AcDb2dVertex
 10
164.6968610491072
 20
-1.111188616071246
 30
0.0
  0
VERTEX
  5
3B1
330
306
100
AcDbEntity
  8
1_ANYTOOL_1MMDEEP_LABELS_S
100
AcDbVertex
100
AcDb2dVertex
 10
164.8426025390625
 20
-1.038344029017686
 30
0.0
  0
VERTEX
  5
3B2
330
306
100
AcDbEntity
  8
1_ANYTOOL_1MMDEEP_LABELS_S
100
AcDbVertex
100
AcDb2dVertex
 10
164.9901227678572
 20
-0.9679687499998408
 30
0.0
  0
VERTEX
  5
3B3
330
306
100
AcDbEntity
  8
1_ANYTOOL_1MMDEEP_LABELS_S
100
AcDbVertex
100
AcDb2dVertex
 10
165.1394217354911
 20
-0.9000627790177091
 30
0.0
  0
VERTEX
  5
3B4
330
306
100
AcDbEntity
  8
1_ANYTOOL_1MMDEEP_LABELS_S
100
AcDbVertex
100
AcDb2dVertex
 10
165.2904994419643
 20
-0.8346261160712913
 30
0.0
  0
VERTEX
  5
3B5
330
306
100
AcDbEntity
  8
1_ANYTOOL_1MMDEEP_LABELS_S
100
AcDbVertex
100
AcDb2dVertex
 10
165.4433558872768
 20
-0.7716587611605874
 30
0.0
  0
VERTEX
  5
3B6
330
306
100
AcDbEntity
  8
1_ANYTOOL_1MMDEEP_LABELS_S
100
AcDbVertex
100
AcDb2dVertex
 10
165.5979910714286
 20
-0.7111607142855974
 30
0.0
  0
VERTEX
  5
3B7
330
306
100
AcDbEntity
  8
1_ANYTOOL_1MMDEEP_LABELS_S
100
AcDbVertex
100
AcDb2dVertex
 10
165.7544049944197
 20
-0.6531319754463212
 30
0.0
  0
VERTEX
  5
3B8
330
306
100
AcDbEntity
  8
1_ANYTOOL_1MMDEEP_LABELS_S
100
AcDbVertex
100
AcDb2dVertex
 10
165.91259765625
 20
-0.5975725446427589
 30
0.0
  0
VERTEX
  5
3B9
330
306
100
AcDbEntity
  8
1_ANYTOOL_1MMDEEP_LABELS_S
100
AcDbVertex
100
AcDb2dVertex
 10
166.2343191964286
 20
-0.4938616071427759
 30
0.0
  0
VERTEX
  5
3BA
330
306
100
AcDbEntity
  8
1_ANYTOOL_1MMDEEP_LABELS_S
100
AcDbVertex
100
AcDb2dVertex
 10
166.5631556919643
 20
-0.4000279017856485
 30
0.0
  0
VERTEX
  5
3BB
330
306
100
AcDbEntity
  8
1_ANYTOOL_1MMDEEP_LABELS_S
100
AcDbVertex
100
AcDb2dVertex
 10
166.8991071428572
 20
-0.3160714285713766
 30
0.0
  0
VERTEX
  5
3BC
330
306
100
AcDbEntity
  8
1_ANYTOOL_1MMDEEP_LABELS_S
100
AcDbVertex
100
AcDb2dVertex
 10
167.2421735491072
 20
-0.2419921874999602
 30
0.0
  0
VERTEX
  5
3BD
330
306
100
AcDbEntity
  8
1_ANYTOOL_1MMDEEP_LABELS_S
100
AcDbVertex
100
AcDb2dVertex
 10
167.5923549107143
 20
-0.1777901785713993
 30
0.0
  0
VERTEX
  5
3BE
330
306
100
AcDbEntity
  8
1_ANYTOOL_1MMDEEP_LABELS_S
100
AcDbVertex
100
AcDb2dVertex
 10
167.9496512276786
 20
-0.123465401785694
 30
0.0
  0
VERTEX
  5
3BF
330
306
100
AcDbEntity
  8
1_ANYTOOL_1MMDEEP_LABELS_S
100
AcDbVertex
100
AcDb2dVertex
 10
168.3140625
 20
-0.0790178571428442
 30
0.0
  0
VERTEX
  5
3C0
330
306
100
AcDbEntity
  8
1_ANYTOOL_1MMDEEP_LABELS_S
100
AcDbVertex
100
AcDb2dVertex
 10
168.6855887276786
 20
-0.0444475446428498
 30
0.0
  0
VERTEX
  5
3C1
330
306
100
AcDbEntity
  8
1_ANYTOOL_1MMDEEP_LABELS_S
100
AcDbVertex
100
AcDb2dVertex
 10
169.0642299107143
 20
-0.019754464285711
 30
0.0
  0
VERTEX
  5
3C2
330
306
100
AcDbEntity
  8
1_ANYTOOL_1MMDEEP_LABELS_S
100
AcDbVertex
100
AcDb2dVertex
 10
169.4499860491071
 20
-0.0049386160714278
 30
0.0
  0
VERTEX
  5
3C3
330
306
100
AcDbEntity
  8
1_ANYTOOL_1MMDEEP_LABELS_S
100
AcDbVertex
100
AcDb2dVertex
 10
169.8428571428572
 20
0.0
 30
0.0
  0
VERTEX
  5
3C4
330
306
100
AcDbEntity
  8
1_ANYTOOL_1MMDEEP_LABELS_S
100
AcDbVertex
100
AcDb2dVertex
 10
170.0665178571429
 20
-0.002218191964289
 30
0.0
  0
VERTEX
  5
3C5
330
306
100
AcDbEntity
  8
1_ANYTOOL_1MMDEEP_LABELS_S
100
AcDbVertex
100
AcDb2dVertex
 10
170.2875
 20
-0.0088727678571558
 30
0.0
  0
VERTEX
  5
3C6
330
306
100
AcDbEntity
  8
1_ANYTOOL_1MMDEEP_LABELS_S
100
AcDbVertex
100
AcDb2dVertex
 10
170.5058035714286
 20
-0.0199637276786007
 30
0.0
  0
VERTEX
  5
3C7
330
306
100
AcDbEntity
  8
1_ANYTOOL_1MMDEEP_LABELS_S
100
AcDbVertex
100
AcDb2dVertex
 10
170.7214285714286
 20
-0.0354910714286234
 30
0.0
  0
VERTEX
  5
3C8
330
306
100
AcDbEntity
  8
1_ANYTOOL_1MMDEEP_LABELS_S
100
AcDbVertex
100
AcDb2dVertex
 10
170.934375
 20
-0.0554547991072241
 30
0.0
  0
VERTEX
  5
3C9
330
306
100
AcDbEntity
  8
1_ANYTOOL_1MMDEEP_LABELS_S
100
AcDbVertex
100
AcDb2dVertex
 10
171.1446428571428
 20
-0.0798549107144026
 30
0.0
  0
VERTEX
  5
3CA
330
306
100
AcDbEntity
  8
1_ANYTOOL_1MMDEEP_LABELS_S
100
AcDbVertex
100
AcDb2dVertex
 10
171.3522321428571
 20
-0.1086914062501592
 30
0.0
  0
VERTEX
  5
3CB
330
306
100
AcDbEntity
  8
1_ANYTOOL_1MMDEEP_LABELS_S
100
AcDbVertex
100
AcDb2dVertex
 10
171.5571428571428
 20
-0.1419642857144936
 30
0.0
  0
VERTEX
  5
3CC
330
306
100
AcDbEntity
  8
1_ANYTOOL_1MMDEEP_LABELS_S
100
AcDbVertex
100
AcDb2dVertex
 10
171.759375
 20
-0.179673549107406
 30
0.0
  0
VERTEX
  5
3CD
330
306
100
AcDbEntity
  8
1_ANYTOOL_1MMDEEP_LABELS_S
100
AcDbVertex
100
AcDb2dVertex
 10
171.9589285714286
 20
-0.2218191964288962
 30
0.0
  0
VERTEX
  5
3CE
330
306
100
AcDbEntity
  8
1_ANYTOOL_1MMDEEP_LABELS_S
100
AcDbVertex
100
AcDb2dVertex
 10
172.1558035714286
 20
-0.2684012276789645
 30
0.0
  0
VERTEX
  5
3CF
330
306
100
AcDbEntity
  8
1_ANYTOOL_1MMDEEP_LABELS_S
100
AcDbVertex
100
AcDb2dVertex
 10
172.35
 20
-0.3194196428576106
 30
0.0
  0
VERTEX
  5
3D0
330
306
100
AcDbEntity
  8
1_ANYTOOL_1MMDEEP_LABELS_S
100
AcDbVertex
100
AcDb2dVertex
 10
172.5415178571429
 20
-0.3748744419648347
 30
0.0
  0
VERTEX
  5
3D1
330
306
100
AcDbEntity
  8
1_ANYTOOL_1MMDEEP_LABELS_S
100
AcDbVertex
100
AcDb2dVertex
 10
172.7303571428571
 20
-0.4347656250006366
 30
0.0
  0
VERTEX
  5
3D2
330
306
100
AcDbEntity
  8
1_ANYTOOL_1MMDEEP_LABELS_S
100
AcDbVertex
100
AcDb2dVertex
 10
172.9165178571429
 20
-0.4990931919650166
 30
0.0
  0
VERTEX
  5
3D3
330
306
100
AcDbEntity
  8
1_ANYTOOL_1MMDEEP_LABELS_S
100
AcDbVertex
100
AcDb2dVertex
 10
173.1
 20
-0.5678571428579744
 30
0.0
  0
VERTEX
  5
3D4
330
306
100
AcDbEntity
  8
1_ANYTOOL_1MMDEEP_LABELS_S
100
AcDbVertex
100
AcDb2dVertex
 10
173.2808035714286
 20
-0.6410574776795102
 30
0.0
  0
VERTEX
  5
3D5
330
306
100
AcDbEntity
  8
1_ANYTOOL_1MMDEEP_LABELS_S
100
AcDbVertex
100
AcDb2dVertex
 10
173.4589285714286
 20
-0.7186941964296238
 30
0.0
  0
VERTEX
  5
3D6
330
306
100
AcDbEntity
  8
1_ANYTOOL_1MMDEEP_LABELS_S
100
AcDbVertex
100
AcDb2dVertex
 10
173.6343750000001
 20
-0.8007672991083155
 30
0.0
  0
VERTEX
  5
3D7
330
306
100
AcDbEntity
  8
1_ANYTOOL_1MMDEEP_LABELS_S
100
AcDbVertex
100
AcDb2dVertex
 10
173.8071428571429
 20
-0.887276785715585
 30
0.0
  0
VERTEX
  5
3D8
330
306
100
AcDbEntity
  8
1_ANYTOOL_1MMDEEP_LABELS_S
100
AcDbVertex
100
AcDb2dVertex
 10
173.9772321428572
 20
-0.9782226562514325
 30
0.0
  0
VERTEX
  5
3D9
330
306
100
AcDbEntity
  8
1_ANYTOOL_1MMDEEP_LABELS_S
100
AcDbVertex
100
AcDb2dVertex
 10
174.1446428571429
 20
-1.073604910715858
 30
0.0
  0
VERTEX
  5
3DA
330
306
100
AcDbEntity
  8
1_ANYTOOL_1MMDEEP_LABELS_S
100
AcDbVertex
100
AcDb2dVertex
 10
174.3093750000001
 20
-1.173423549108861
 30
0.0
  0
VERTEX
  5
3DB
330
306
100
AcDbEntity
  8
1_ANYTOOL_1MMDEEP_LABELS_S
100
AcDbVertex
100
AcDb2dVertex
 10
174.4714285714287
 20
-1.277678571430442
 30
0.0
  0
VERTEX
  5
3DC
330
306
100
AcDbEntity
  8
1_ANYTOOL_1MMDEEP_LABELS_S
100
AcDbVertex
100
AcDb2dVertex
 10
174.6308035714287
 20
-1.386369977680602
 30
0.0
  0
VERTEX
  5
3DD
330
306
100
AcDbEntity
  8
1_ANYTOOL_1MMDEEP_LABELS_S
100
AcDbVertex
100
AcDb2dVertex
 10
174.7875000000001
 20
-1.499497767859339
 30
0.0
  0
VERTEX
  5
3DE
330
306
100
AcDbEntity
  8
1_ANYTOOL_1MMDEEP_LABELS_S
100
AcDbVertex
100
AcDb2dVertex
 10
174.941517857143
 20
-1.617061941966654
 30
0.0
  0
VERTEX
  5
3DF
330
306
100
AcDbEntity
  8
1_ANYTOOL_1MMDEEP_LABELS_S
100
AcDbVertex
100
AcDb2dVertex
 10
175.0928571428573
 20
-1.739062500002547
 30
0.0
  0
VERTEX
  5
3E0
330
306
100
AcDbEntity
  8
1_ANYTOOL_1MMDEEP_LABELS_S
100
AcDbVertex
100
AcDb2dVertex
 10
175.241517857143
 20
-1.865499441967017
 30
0.0
  0
VERTEX
  5
3E1
330
306
100
AcDbEntity
  8
1_ANYTOOL_1MMDEEP_LABELS_S
100
AcDbVertex
100
AcDb2dVertex
 10
175.3875000000002
 20
-1.996372767860066
 30
0.0
  0
VERTEX
  5
3E2
330
306
100
AcDbEntity
  8
1_ANYTOOL_1MMDEEP_LABELS_S
100
AcDbVertex
100
AcDb2dVertex
 10
175.5308035714288
 20
-2.131682477681693
 30
0.0
  0
VERTEX
  5
3E3
330
306
100
AcDbEntity
  8
1_ANYTOOL_1MMDEEP_LABELS_S
100
AcDbVertex
100
AcDb2dVertex
 10
175.6714285714288
 20
-2.271428571431898
 30
0.0
  0
VERTEX
  5
3E4
330
306
100
AcDbEntity
  8
1_ANYTOOL_1MMDEEP_LABELS_S
100
AcDbVertex
100
AcDb2dVertex
 10
176.225892857143
 20
-2.848660714288144
 30
0.0
  0
VERTEX
  5
3E5
330
306
100
AcDbEntity
  8
1_ANYTOOL_1MMDEEP_LABELS_S
100
AcDbVertex
100
AcDb2dVertex
 10
176.493080357143
 20
-3.144308035716335
 30
0.0
  0
VERTEX
  5
3E6
330
306
100
AcDbEntity
  8
1_ANYTOOL_1MMDEEP_LABELS_S
100
AcDbVertex
100
AcDb2dVertex
 10
176.7535714285715
 20
-3.444642857144572
 30
0.0
  0
VERTEX
  5
3E7
330
306
100
AcDbEntity
  8
1_ANYTOOL_1MMDEEP_LABELS_S
100
AcDbVertex
100
AcDb2dVertex
 10
177.0073660714286
 20
-3.749665178572855
 30
0.0
  0
VERTEX
  5
3E8
330
306
100
AcDbEntity
  8
1_ANYTOOL_1MMDEEP_LABELS_S
100
AcDbVertex
100
AcDb2dVertex
 10
177.2544642857143
 20
-4.059375000001182
 30
0.0
  0
VERTEX
  5
3E9
330
306
100
AcDbEntity
  8
1_ANYTOOL_1MMDEEP_LABELS_S
100
AcDbVertex
100
AcDb2dVertex
 10
177.4948660714286
 20
-4.373772321429556
 30
0.0
  0
VERTEX
  5
3EA
330
306
100
AcDbEntity
  8
1_ANYTOOL_1MMDEEP_LABELS_S
100
AcDbVertex
100
AcDb2dVertex
 10
177.7285714285714
 20
-4.692857142857974
 30
0.0
  0
VERTEX
  5
3EB
330
306
100
AcDbEntity
  8
1_ANYTOOL_1MMDEEP_LABELS_S
100
AcDbVertex
100
AcDb2dVertex
 10
177.9555803571428
 20
-5.016629464286439
 30
0.0
  0
VERTEX
  5
3EC
330
306
100
AcDbEntity
  8
1_ANYTOOL_1MMDEEP_LABELS_S
100
AcDbVertex
100
AcDb2dVertex
 10
178.1758928571428
 20
-5.345089285714948
 30
0.0
  0
VERTEX
  5
3ED
330
306
100
AcDbEntity
  8
1_ANYTOOL_1MMDEEP_LABELS_S
100
AcDbVertex
100
AcDb2dVertex
 10
178.3895089285713
 20
-5.678236607143504
 30
0.0
  0
VERTEX
  5
3EE
330
306
100
AcDbEntity
  8
1_ANYTOOL_1MMDEEP_LABELS_S
100
AcDbVertex
100
AcDb2dVertex
 10
178.5964285714284
 20
-6.016071428572104
 30
0.0
  0
VERTEX
  5
3EF
330
306
100
AcDbEntity
  8
1_ANYTOOL_1MMDEEP_LABELS_S
100
AcDbVertex
100
AcDb2dVertex
 10
178.7966517857141
 20
-6.35859375000075
 30
0.0
  0
VERTEX
  5
3F0
330
306
100
AcDbEntity
  8
1_ANYTOOL_1MMDEEP_LABELS_S
100
AcDbVertex
100
AcDb2dVertex
 10
178.9901785714284
 20
-6.705803571429442
 30
0.0
  0
VERTEX
  5
3F1
330
306
100
AcDbEntity
  8
1_ANYTOOL_1MMDEEP_LABELS_S
100
AcDbVertex
100
AcDb2dVertex
 10
179.1770089285712
 20
-7.057700892858179
 30
0.0
  0
VERTEX
  5
3F2
330
306
100
AcDbEntity
  8
1_ANYTOOL_1MMDEEP_LABELS_S
100
AcDbVertex
100
AcDb2dVertex
 10
179.3571428571427
 20
-7.414285714286962
 30
0.0
  0
SEQEND
  5
3F3
330
306
100
AcDbEntity
  8
1_ANYTOOL_1MMDEEP_LABELS_S
  0
POLYLINE
  5
3F5
330
1F
100
AcDbEntity
  8
3_ANYTOOL_CUTTHROUGH_INSID
100
AcDb2dPolyline
 66
     1
 10
0.0
 20
0.0
 30
0.0000000000306599
 70
     1
  0
VERTEX
  5
3F6
330
3F5
100
AcDbEntity
  8
3_ANYTOOL_CUTTHROUGH_INSID
100
AcDbVertex
100
AcDb2dVertex
 10
-551.4283882742766
 20
37.2481645031221
 30
0.0000000000306599
  0
VERTEX
  5
3F7
330
3F5
100
AcDbEntity
  8
3_ANYTOOL_CUTTHROUGH_INSID
100
AcDbVertex
100
AcDb2dVertex
 10
-551.4283882742329
 20
43.24816454924439
 30
0.0000000000306599
  0
VERTEX
  5
3F8
330
3F5
100
AcDbEntity
  8
3_ANYTOOL_CUTTHROUGH_INSID
100
AcDbVertex
100
AcDb2dVertex
 10
-563.9283882742347
 20
43.24816454924439
 30
0.0000000000306599
  0
VERTEX
  5
3F9
330
3F5
100
AcDbEntity
  8
3_ANYTOOL_CUTTHROUGH_INSID
100
AcDbVertex
100
AcDb2dVertex
 10
-563.9283882742343
 20
9.203911369673733
 30
0.0000000000306599
  0
VERTEX
  5
3FA
330
3F5
100
AcDbEntity
  8
3_ANYTOOL_CUTTHROUGH_INSID
100
AcDbVertex
100
AcDb2dVertex
 10
-627.4283882740015
 20
9.203911369353591
 30
0.0000000000306599
  0
VERTEX
  5
3FB
330
3F5
100
AcDbEntity
  8
3_ANYTOOL_CUTTHROUGH_INSID
100
AcDbVertex
100
AcDb2dVertex
 10
-627.4283882740015
 20
15.20391136935359
 30
0.0000000000306599
  0
VERTEX
  5
3FC
330
3F5
100
AcDbEntity
  8
3_ANYTOOL_CUTTHROUGH_INSID
100
AcDbVertex
100
AcDb2dVertex
 10
-639.9283882740015
 20
15.20391136935359
 30
0.0000000000306599
  0
VERTEX
  5
3FD
330
3F5
100
AcDbEntity
  8
3_ANYTOOL_CUTTHROUGH_INSID
100
AcDbVertex
100
AcDb2dVertex
 10
-639.928388274016
 20
-33.29608863064641
 30
0.0000000000306599
  0
VERTEX
  5
3FE
330
3F5
100
AcDbEntity
  8
3_ANYTOOL_CUTTHROUGH_INSID
100
AcDbVertex
100
AcDb2dVertex
 10
-627.428388274016
 20
-33.29608863064641
 30
0.0000000000306599
  0
VERTEX
  5
3FF
330
3F5
100
AcDbEntity
  8
3_ANYTOOL_CUTTHROUGH_INSID
100
AcDbVertex
100
AcDb2dVertex
 10
-627.428388274016
 20
-27.29608863064641
 30
0.0000000000306599
  0
VERTEX
  5
400
330
3F5
100
AcDbEntity
  8
3_ANYTOOL_CUTTHROUGH_INSID
100
AcDbVertex
100
AcDb2dVertex
 10
-601.9283882735504
 20
-27.29608863039903
 30
0.0000000000306599
  0
VERTEX
  5
401
330
3F5
100
AcDbEntity
  8
3_ANYTOOL_CUTTHROUGH_INSID
100
AcDbVertex
100
AcDb2dVertex
 10
-601.9283882735504
 20
-33.29608863039903
 30
0.0000000000306599
  0
VERTEX
  5
402
330
3F5
100
AcDbEntity
  8
3_ANYTOOL_CUTTHROUGH_INSID
100
AcDbVertex
100
AcDb2dVertex
 10
-589.4283882735504
 20
-33.29608863039903
 30
0.0000000000306599
  0
VERTEX
  5
403
330
3F5
100
AcDbEntity
  8
3_ANYTOOL_CUTTHROUGH_INSID
100
AcDbVertex
100
AcDb2dVertex
 10
-589.4283882735936
 20
-9.296088630282611
 30
0.0000000000306599
  0
VERTEX
  5
404
330
3F5
100
AcDbEntity
  8
3_ANYTOOL_CUTTHROUGH_INSID
100
AcDbVertex
100
AcDb2dVertex
 10
-563.9283882742488
 20
-9.29608863026806
 30
0.0000000000306599
  0
VERTEX
  5
405
330
3F5
100
AcDbEntity
  8
3_ANYTOOL_CUTTHROUGH_INSID
100
AcDbVertex
100
AcDb2dVertex
 10
-563.9283882742484
 20
-43.25183545075561
 30
0.0000000000306599
  0
VERTEX
  5
406
330
3F5
100
AcDbEntity
  8
3_ANYTOOL_CUTTHROUGH_INSID
100
AcDbVertex
100
AcDb2dVertex
 10
-551.4283882742466
 20
-43.25183545075561
 30
0.0000000000306599
  0
VERTEX
  5
407
330
3F5
100
AcDbEntity
  8
3_ANYTOOL_CUTTHROUGH_INSID
100
AcDbVertex
100
AcDb2dVertex
 10
-551.4283882742902
 20
-37.25183549681969
 30
0.0000000000306599
  0
VERTEX
  5
408
330
3F5
100
AcDbEntity
  8
3_ANYTOOL_CUTTHROUGH_INSID
100
AcDbVertex
100
AcDb2dVertex
 10
-539.4284177547383
 20
-37.25183770780131
 30
0.0000000000306599
  0
VERTEX
  5
409
330
3F5
100
AcDbEntity
  8
3_ANYTOOL_CUTTHROUGH_INSID
100
AcDbVertex
100
AcDb2dVertex
 10
-539.4284177547306
 20
-24.75183766173723
 30
0.0000000000306599
  0
VERTEX
  5
40A
330
3F5
100
AcDbEntity
  8
3_ANYTOOL_CUTTHROUGH_INSID
100
AcDbVertex
100
AcDb2dVertex
 10
-545.4284177547634
 20
-24.75183766172995
 30
0.0000000000306599
  0
VERTEX
  5
40B
330
3F5
100
AcDbEntity
  8
3_ANYTOOL_CUTTHROUGH_INSID
100
AcDbVertex
100
AcDb2dVertex
 10
-545.4284177548043
 20
24.74816233821184
 30
0.0000000000306599
  0
VERTEX
  5
40C
330
3F5
100
AcDbEntity
  8
3_ANYTOOL_CUTTHROUGH_INSID
100
AcDbVertex
100
AcDb2dVertex
 10
-539.4284177548302
 20
24.74816233820457
 30
0.0000000000306599
  0
VERTEX
  5
40D
330
3F5
100
AcDbEntity
  8
3_ANYTOOL_CUTTHROUGH_INSID
100
AcDbVertex
100
AcDb2dVertex
 10
-539.4284177548225
 20
37.24816229214048
 30
0.0000000000306599
  0
SEQEND
  5
40E
330
3F5
100
AcDbEntity
  8
3_ANYTOOL_CUTTHROUGH_INSID
  0
POLYLINE
  5
410
330
1F
100
AcDbEntity
  8
4_ANYTOOL_CUTTHROUGH_OUTSI
100
AcDb2dPolyline
 66
     1
 10
0.0
 20
0.0
 30
0.0
 70
     1
  0
VERTEX
  5
411
330
410
100
AcDbEntity
  8
4_ANYTOOL_CUTTHROUGH_OUTSI
100
AcDbVertex
100
AcDb2dVertex
 10
-545.4284177549544
 20
92.70390915753524
 30
0.0
  0
VERTEX
  5
412
330
410
100
AcDbEntity
  8
4_ANYTOOL_CUTTHROUGH_OUTSI
100
AcDbVertex
100
AcDb2dVertex
 10
654.0715822415636
 20
92.70390915576718
 30
0.0
  0
VERTEX
  5
413
330
410
100
AcDbEntity
  8
4_ANYTOOL_CUTTHROUGH_OUTSI
100
AcDbVertex
100
AcDb2dVertex
 10
654.0715822420602
 20
87.20390915439202
 30
0.0
  0
VERTEX
  5
414
330
410
100
AcDbEntity
  8
4_ANYTOOL_CUTTHROUGH_OUTSI
100
AcDbVertex
100
AcDb2dVertex
 10
648.321582242083
 20
87.20390915439202
 30
0.0
 42
0.4142135623709322
  0
VERTEX
  5
415
330
410
100
AcDbEntity
  8
4_ANYTOOL_CUTTHROUGH_OUTSI
100
AcDbVertex
100
AcDb2dVertex
 10
648.0715822420848
 20
86.95390915439202
 30
0.0
  0
VERTEX
  5
416
330
410
100
AcDbEntity
  8
4_ANYTOOL_CUTTHROUGH_OUTSI
100
AcDbVertex
100
AcDb2dVertex
 10
648.071582242083
 20
74.95390915439202
 30
0.0
 42
0.4142135623516671
  0
VERTEX
  5
417
330
410
100
AcDbEntity
  8
4_ANYTOOL_CUTTHROUGH_OUTSI
100
AcDbVertex
100
AcDb2dVertex
 10
648.321582242083
 20
74.70390915438838
 30
0.0
  0
VERTEX
  5
418
330
410
100
AcDbEntity
  8
4_ANYTOOL_CUTTHROUGH_OUTSI
100
AcDbVertex
100
AcDb2dVertex
 10
672.071582242083
 20
74.70390915439202
 30
0.0
  0
VERTEX
  5
419
330
410
100
AcDbEntity
  8
4_ANYTOOL_CUTTHROUGH_OUTSI
100
AcDbVertex
100
AcDb2dVertex
 10
672.0715822420902
 20
37.20390915437747
 30
0.0
  0
VERTEX
  5
41A
330
410
100
AcDbEntity
  8
4_ANYTOOL_CUTTHROUGH_OUTSI
100
AcDbVertex
100
AcDb2dVertex
 10
648.3215822420902
 20
37.20390915437747
 30
0.0
 42
0.4142135623966259
  0
VERTEX
  5
41B
330
410
100
AcDbEntity
  8
4_ANYTOOL_CUTTHROUGH_OUTSI
100
AcDbVertex
100
AcDb2dVertex
 10
648.0715822420848
 20
36.95390915437747
 30
0.0
  0
VERTEX
  5
41C
330
410
100
AcDbEntity
  8
4_ANYTOOL_CUTTHROUGH_OUTSI
100
AcDbVertex
100
AcDb2dVertex
 10
648.0715822420902
 20
24.95390915437747
 30
0.0
 42
0.4142135623741147
  0
VERTEX
  5
41D
330
410
100
AcDbEntity
  8
4_ANYTOOL_CUTTHROUGH_OUTSI
100
AcDbVertex
100
AcDb2dVertex
 10
648.3215822420902
 20
24.70390915437838
 30
0.0
  0
VERTEX
  5
41E
330
410
100
AcDbEntity
  8
4_ANYTOOL_CUTTHROUGH_OUTSI
100
AcDbVertex
100
AcDb2dVertex
 10
654.0715822419165
 20
24.70390915437747
 30
0.0
  0
VERTEX
  5
41F
330
410
100
AcDbEntity
  8
4_ANYTOOL_CUTTHROUGH_OUTSI
100
AcDbVertex
100
AcDb2dVertex
 10
654.0715822419984
 20
-24.79609084563708
 30
0.0
  0
VERTEX
  5
420
330
410
100
AcDbEntity
  8
4_ANYTOOL_CUTTHROUGH_OUTSI
100
AcDbVertex
100
AcDb2dVertex
 10
648.321582242072
 20
-24.79609084563708
 30
0.0
 42
0.4142135624104725
  0
VERTEX
  5
421
330
410
100
AcDbEntity
  8
4_ANYTOOL_CUTTHROUGH_OUTSI
100
AcDbVertex
100
AcDb2dVertex
 10
648.0715822420693
 20
-25.04609084563708
 30
0.0
  0
VERTEX
  5
422
330
410
100
AcDbEntity
  8
4_ANYTOOL_CUTTHROUGH_OUTSI
100
AcDbVertex
100
AcDb2dVertex
 10
648.071582242072
 20
-37.04609084563708
 30
0.0
 42
0.4142135623741169
  0
VERTEX
  5
423
330
410
100
AcDbEntity
  8
4_ANYTOOL_CUTTHROUGH_OUTSI
100
AcDbVertex
100
AcDb2dVertex
 10
648.321582242072
 20
-37.29609084563617
 30
0.0
  0
VERTEX
  5
424
330
410
100
AcDbEntity
  8
4_ANYTOOL_CUTTHROUGH_OUTSI
100
AcDbVertex
100
AcDb2dVertex
 10
672.071582242072
 20
-37.29609084563708
 30
0.0
  0
VERTEX
  5
425
330
410
100
AcDbEntity
  8
4_ANYTOOL_CUTTHROUGH_OUTSI
100
AcDbVertex
100
AcDb2dVertex
 10
672.0715822420866
 20
-74.79609084566619
 30
0.0
  0
VERTEX
  5
426
330
410
100
AcDbEntity
  8
4_ANYTOOL_CUTTHROUGH_OUTSI
100
AcDbVertex
100
AcDb2dVertex
 10
648.3215822420866
 20
-74.79609084566619
 30
0.0
 42
0.414213562399756
  0
VERTEX
  5
427
330
410
100
AcDbEntity
  8
4_ANYTOOL_CUTTHROUGH_OUTSI
100
AcDbVertex
100
AcDb2dVertex
 10
648.0715822420784
 20
-75.04609084566619
 30
0.0
  0
VERTEX
  5
428
330
410
100
AcDbEntity
  8
4_ANYTOOL_CUTTHROUGH_OUTSI
100
AcDbVertex
100
AcDb2dVertex
 10
648.0715822420866
 20
-87.04609084566619
 30
0.0
 42
0.4142135623720874
  0
VERTEX
  5
429
330
410
100
AcDbEntity
  8
4_ANYTOOL_CUTTHROUGH_OUTSI
100
AcDbVertex
100
AcDb2dVertex
 10
648.3215822420866
 20
-87.2960908456671
 30
0.0
  0
VERTEX
  5
42A
330
410
100
AcDbEntity
  8
4_ANYTOOL_CUTTHROUGH_OUTSI
100
AcDbVertex
100
AcDb2dVertex
 10
654.0715822420884
 20
-87.29609084566619
 30
0.0
  0
VERTEX
  5
42B
330
410
100
AcDbEntity
  8
4_ANYTOOL_CUTTHROUGH_OUTSI
100
AcDbVertex
100
AcDb2dVertex
 10
654.0715822421284
 20
-92.79609084702679
 30
0.0
  0
VERTEX
  5
42C
330
410
100
AcDbEntity
  8
4_ANYTOOL_CUTTHROUGH_OUTSI
100
AcDbVertex
100
AcDb2dVertex
 10
-545.4284177545669
 20
-92.7960908449677
 30
0.0
  0
VERTEX
  5
42D
330
410
100
AcDbEntity
  8
4_ANYTOOL_CUTTHROUGH_OUTSI
100
AcDbVertex
100
AcDb2dVertex
 10
-545.4284177539548
 20
-68.95758448101697
 30
0.0
 42
0.4142135624257949
  0
VERTEX
  5
42E
330
410
100
AcDbEntity
  8
4_ANYTOOL_CUTTHROUGH_OUTSI
100
AcDbVertex
100
AcDb2dVertex
 10
-545.6784177539548
 20
-68.70758448101833
 30
0.0
  0
VERTEX
  5
42F
330
410
100
AcDbEntity
  8
4_ANYTOOL_CUTTHROUGH_OUTSI
100
AcDbVertex
100
AcDb2dVertex
 10
-557.6784177539548
 20
-68.70758448100969
 30
0.0
 42
0.4142135624172523
  0
VERTEX
  5
430
330
410
100
AcDbEntity
  8
4_ANYTOOL_CUTTHROUGH_OUTSI
100
AcDbVertex
100
AcDb2dVertex
 10
-557.9284177539489
 20
-68.95758448100969
 30
0.0
  0
VERTEX
  5
431
330
410
100
AcDbEntity
  8
4_ANYTOOL_CUTTHROUGH_OUTSI
100
AcDbVertex
100
AcDb2dVertex
 10
-557.9284177539548
 20
-74.70758448100969
 30
0.0
  0
VERTEX
  5
432
330
410
100
AcDbEntity
  8
4_ANYTOOL_CUTTHROUGH_OUTSI
100
AcDbVertex
100
AcDb2dVertex
 10
-695.4284177533464
 20
-74.7075844814608
 30
0.0
  0
VERTEX
  5
433
330
410
100
AcDbEntity
  8
4_ANYTOOL_CUTTHROUGH_OUTSI
100
AcDbVertex
100
AcDb2dVertex
 10
-695.4284177517256
 20
-59.38458448120946
 30
0.0
  0
VERTEX
  5
434
330
410
100
AcDbEntity
  8
4_ANYTOOL_CUTTHROUGH_OUTSI
100
AcDbVertex
100
AcDb2dVertex
 10
-671.67841775135
 20
-59.38458448120946
 30
0.0
 42
0.4142135624014027
  0
VERTEX
  5
435
330
410
100
AcDbEntity
  8
4_ANYTOOL_CUTTHROUGH_OUTSI
100
AcDbVertex
100
AcDb2dVertex
 10
-671.428417751355
 20
-59.13458448120946
 30
0.0
  0
VERTEX
  5
436
330
410
100
AcDbEntity
  8
4_ANYTOOL_CUTTHROUGH_OUTSI
100
AcDbVertex
100
AcDb2dVertex
 10
-671.42841775135
 20
-47.13458448123856
 30
0.0
 42
0.4142135623970443
  0
VERTEX
  5
437
330
410
100
AcDbEntity
  8
4_ANYTOOL_CUTTHROUGH_OUTSI
100
AcDbVertex
100
AcDb2dVertex
 10
-671.67841775135
 20
-46.88458448122992
 30
0.0
  0
VERTEX
  5
438
330
410
100
AcDbEntity
  8
4_ANYTOOL_CUTTHROUGH_OUTSI
100
AcDbVertex
100
AcDb2dVertex
 10
-677.42841775135
 20
-46.88458448123856
 30
0.0
  0
VERTEX
  5
439
330
410
100
AcDbEntity
  8
4_ANYTOOL_CUTTHROUGH_OUTSI
100
AcDbVertex
100
AcDb2dVertex
 10
-677.42841775135
 20
-39.29558448128228
 30
0.0
  0
VERTEX
  5
43A
330
410
100
AcDbEntity
  8
4_ANYTOOL_CUTTHROUGH_OUTSI
100
AcDbVertex
100
AcDb2dVertex
 10
-671.67841775135
 20
-39.29558448128228
 30
0.0
 42
0.4142135623438786
  0
VERTEX
  5
43B
330
410
100
AcDbEntity
  8
4_ANYTOOL_CUTTHROUGH_OUTSI
100
AcDbVertex
100
AcDb2dVertex
 10
-671.4284177513459
 20
-39.04558448128228
 30
0.0
  0
VERTEX
  5
43C
330
410
100
AcDbEntity
  8
4_ANYTOOL_CUTTHROUGH_OUTSI
100
AcDbVertex
100
AcDb2dVertex
 10
-671.4284177513505
 20
-27.04558448129683
 30
0.0
 42
0.4142135623607083
  0
VERTEX
  5
43D
330
410
100
AcDbEntity
  8
4_ANYTOOL_CUTTHROUGH_OUTSI
100
AcDbVertex
100
AcDb2dVertex
 10
-671.6784177513505
 20
-26.79558448130092
 30
0.0
  0
VERTEX
  5
43E
330
410
100
AcDbEntity
  8
4_ANYTOOL_CUTTHROUGH_OUTSI
100
AcDbVertex
100
AcDb2dVertex
 10
-695.4284177513505
 20
-26.79558448129683
 30
0.0
  0
VERTEX
  5
43F
330
410
100
AcDbEntity
  8
4_ANYTOOL_CUTTHROUGH_OUTSI
100
AcDbVertex
100
AcDb2dVertex
 10
-695.4284177513359
 20
10.61541551863047
 30
0.0
  0
VERTEX
  5
440
330
410
100
AcDbEntity
  8
4_ANYTOOL_CUTTHROUGH_OUTSI
100
AcDbVertex
100
AcDb2dVertex
 10
-671.6784177535915
 20
10.61541551863047
 30
0.0
 42
0.4142135623503097
  0
VERTEX
  5
441
330
410
100
AcDbEntity
  8
4_ANYTOOL_CUTTHROUGH_OUTSI
100
AcDbVertex
100
AcDb2dVertex
 10
-671.4284177535965
 20
10.86541551863047
 30
0.0
  0
VERTEX
  5
442
330
410
100
AcDbEntity
  8
4_ANYTOOL_CUTTHROUGH_OUTSI
100
AcDbVertex
100
AcDb2dVertex
 10
-671.428417753621
 20
22.86541551861592
 30
0.0
 42
0.4142135623614802
  0
VERTEX
  5
443
330
410
100
AcDbEntity
  8
4_ANYTOOL_CUTTHROUGH_OUTSI
100
AcDbVertex
100
AcDb2dVertex
 10
-671.678417753621
 20
23.11541551862592
 30
0.0
  0
VERTEX
  5
444
330
410
100
AcDbEntity
  8
4_ANYTOOL_CUTTHROUGH_OUTSI
100
AcDbVertex
100
AcDb2dVertex
 10
-677.4284177535696
 20
23.11541551861592
 30
0.0
  0
VERTEX
  5
445
330
410
100
AcDbEntity
  8
4_ANYTOOL_CUTTHROUGH_OUTSI
100
AcDbVertex
100
AcDb2dVertex
 10
-677.4284177514169
 20
33.61541551858681
 30
0.0
  0
VERTEX
  5
446
330
410
100
AcDbEntity
  8
4_ANYTOOL_CUTTHROUGH_OUTSI
100
AcDbVertex
100
AcDb2dVertex
 10
-671.678417753621
 20
33.61541551858681
 30
0.0
 42
0.41421356235231
  0
VERTEX
  5
447
330
410
100
AcDbEntity
  8
4_ANYTOOL_CUTTHROUGH_OUTSI
100
AcDbVertex
100
AcDb2dVertex
 10
-671.4284177536242
 20
33.86541551858681
 30
0.0
  0
VERTEX
  5
448
330
410
100
AcDbEntity
  8
4_ANYTOOL_CUTTHROUGH_OUTSI
100
AcDbVertex
100
AcDb2dVertex
 10
-671.4284177536065
 20
45.86541551857226
 30
0.0
 42
0.4142135623885568
  0
VERTEX
  5
449
330
410
100
AcDbEntity
  8
4_ANYTOOL_CUTTHROUGH_OUTSI
100
AcDbVertex
100
AcDb2dVertex
 10
-671.6784177536069
 20
46.11541551857408
 30
0.0
  0
VERTEX
  5
44A
330
410
100
AcDbEntity
  8
4_ANYTOOL_CUTTHROUGH_OUTSI
100
AcDbVertex
100
AcDb2dVertex
 10
-695.4284177519016
 20
46.11541551857226
 30
0.0
  0
VERTEX
  5
44B
330
410
100
AcDbEntity
  8
4_ANYTOOL_CUTTHROUGH_OUTSI
100
AcDbVertex
100
AcDb2dVertex
 10
-695.4284177516447
 20
74.79241551846644
 30
0.0
  0
VERTEX
  5
44C
330
410
100
AcDbEntity
  8
4_ANYTOOL_CUTTHROUGH_OUTSI
100
AcDbVertex
100
AcDb2dVertex
 10
-557.9284177493578
 20
74.7924155188739
 30
0.0
  0
VERTEX
  5
44D
330
410
100
AcDbEntity
  8
4_ANYTOOL_CUTTHROUGH_OUTSI
100
AcDbVertex
100
AcDb2dVertex
 10
-557.9284177493578
 20
69.0424155188739
 30
0.0
 42
0.4142135623892019
  0
VERTEX
  5
44E
330
410
100
AcDbEntity
  8
4_ANYTOOL_CUTTHROUGH_OUTSI
100
AcDbVertex
100
AcDb2dVertex
 10
-557.6784177493555
 20
68.79241551887071
 30
0.0
  0
VERTEX
  5
44F
330
410
100
AcDbEntity
  8
4_ANYTOOL_CUTTHROUGH_OUTSI
100
AcDbVertex
100
AcDb2dVertex
 10
-545.6784177508107
 20
68.79241551899031
 30
0.0
 42
0.4142135624513053
  0
VERTEX
  5
450
330
410
100
AcDbEntity
  8
4_ANYTOOL_CUTTHROUGH_OUTSI
100
AcDbVertex
100
AcDb2dVertex
 10
-545.4284177508166
 20
69.04241551903397
 30
0.0
  0
SEQEND
  5
451
330
410
100
AcDbEntity
  8
4_ANYTOOL_CUTTHROUGH_OUTSI
  0
ENDSEC
  0
SECTION
  2
OBJECTS
  0
DICTIONARY
  5
C
330
0
100
AcDbDictionary
  3
ACAD_GROUP
350
D
  3
ACAD_LAYOUT
350
1A
  3
ACAD_MATERIAL
350
43
  3
ACAD_MLEADERSTYLE
350
5B
  3
ACAD_MLINESTYLE
350
17
  3
ACAD_PLOTSETTINGS
350
19
  3
ACAD_SCALELIST
350
47
  3
ACAD_VISUALSTYLE
350
2A
  3
ACDBHEADERROUNDTRIPXREC
350
452
  3
ACDBVARIABLEDICTIONARY
350
473
  3
DWGPROPS
350
47A
  0
DICTIONARY
  5
47B
330
8
100
AcDbDictionary
280
     1
  3
ACAD_XREC_ROUNDTRIP
360
47C
  0
DICTIONARY
  5
D
102
{ACAD_REACTORS
330
C
102
}
330
C
100
AcDbDictionary
  0
DICTIONARY
  5
1A
102
{ACAD_REACTORS
330
C
102
}
330
C
100
AcDbDictionary
  0
DICTIONARY
  5
43
102
{ACAD_REACTORS
330
C
102
}
330
C
100
AcDbDictionary
  3
BYBLOCK
350
45
  3
BYLAYER
350
44
  3
GLOBAL
350
46
  0
DICTIONARY
  5
5B
102
{ACAD_REACTORS
330
C
102
}
330
C
100
AcDbDictionary
  3
STANDARD
350
5C
  0
DICTIONARY
  5
17
102
{ACAD_REACTORS
330
C
102
}
330
C
100
AcDbDictionary
  3
STANDARD
350
18
  0
DICTIONARY
  5
19
102
{ACAD_REACTORS
330
C
102
}
330
C
100
AcDbDictionary
  0
DICTIONARY
  5
47
102
{ACAD_REACTORS
330
C
102
}
330
C
100
AcDbDictionary
  3
A0
350
48
  3
A1
350
49
  3
A2
350
4A
  3
A3
350
4B
  3
A4
350
4C
  3
A5
350
4D
  3
A6
350
4E
  3
A7
350
4F
  3
A8
350
50
  3
A9
350
51
  3
B1
350
52
  3
B2
350
53
  3
B3
350
54
  3
B4
350
55
  3
B5
350
56
  3
B6
350
57
  3
B7
350
58
  0
DICTIONARY
  5
2A
102
{ACAD_REACTORS
330
C
102
}
330
C
100
AcDbDictionary
  3
2DWIREFRAME
350
2F
  3
BASIC
350
32
  3
BRIGHTEN
350
36
  3
COLORCHANGE
350
3A
  3
CONCEPTUAL
350
34
  3
DIM
350
35
  3
EDGECOLOROFF
350
3D
  3
FACEPATTERN
350
39
  3
FLAT
350
2B
  3
FLATWITHEDGES
350
2C
  3
GOURAUD
350
2D
  3
GOURAUDWITHEDGES
350
2E
  3
HIDDEN
350
31
  3
JITTEROFF
350
3B
  3
LINEPATTERN
350
38
  3
OVERHANGOFF
350
3C
  3
REALISTIC
350
33
  3
SHADED
350
42
  3
SHADED_WITH_EDGES
350
41
  3
SHADES_OF_GRAY
350
3E
  3
SKETCHY
350
3F
  3
THICKEN
350
37
  3
WIREFRAME
350
30
  3
X-RAY
350
40
  0
DICTIONARY
  5
452
102
{ACAD_REACTORS
330
C
102
}
330
C
100
AcDbDictionary
  3
CEPSNID
350
45C
  3
CEPSNTYPE
350
45B
  3
DIMSTYLEDATA
350
472
  3
FINGERPRINTGUID
350
45D
  3
HYPERLINKBASE
350
455
  3
INSUNITS
350
45A
  3
LAYOUTDICT
350
457
  3
LWETCUNION
350
459
  3
PLOTSETDICT
350
458
  3
PSVPSCALE
350
45F
  3
PUCSBASE
350
462
  3
PUCSORGBACK
350
468
  3
PUCSORGBOTTOM
350
464
  3
PUCSORGFRONT
350
467
  3
PUCSORGLEFT
350
465
  3
PUCSORGRIGHT
350
466
  3
PUCSORGTOP
350
463
  3
PUCSORTHOREF
350
460
  3
PUCSORTHOVIEW
350
461
  3
STYLESHEET
350
456
  3
TSTACKALIGN
350
453
  3
TSTACKSIZE
350
454
  3
UCSBASE
350
46B
  3
UCSORGBACK
350
471
  3
UCSORGBOTTOM
350
46D
  3
UCSORGFRONT
350
470
  3
UCSORGLEFT
350
46E
  3
UCSORGRIGHT
350
46F
  3
UCSORGTOP
350
46C
  3
UCSORTHOREF
350
469
  3
UCSORTHOVIEW
350
46A
  3
VERSIONGUID
350
45E
  0
DICTIONARY
  5
473
102
{ACAD_REACTORS
330
C
102
}
330
C
100
AcDbDictionary
  3
CANNOSCALE
350
47D
  3
CMLEADERSTYLE
350
475
  3
CTABLESTYLE
350
474
  3
DIMASSOC
350
478
  3
HIDETEXT
350
479
  3
MSLTSCALE
350
47E
  0
XRECORD
  5
47A
102
{ACAD_REACTORS
330
C
102
}
330
C
100
AcDbXrecord
  1
DWGPROPS COOKIE
  2

  3

  4

  6

  7

  8
clayt
  9

300
=
301
=
302
=
303
=
304
=
305
=
306
=
307
=
308
=
309
=
 40
0.0
 41
2461243.592571933
 42
2461243.592572002
  1

 90
        0
  0
XRECORD
  5
47C
102
{ACAD_REACTORS
330
47B
102
}
330
47B
100
AcDbXrecord
102
VTR_0.000_0.000_1.000_1.000_VISUALSTYLE
340
2F
102
VTR_0.000_0.000_1.000_1.000_GRIDDISPLAY
 70
     3
102
VTR_0.000_0.000_1.000_1.000_GRIDMAJOR
 70
     5
102
VTR_0.000_0.000_1.000_1.000_DEFAULTLIGHTING
280
     1
102
VTR_0.000_0.000_1.000_1.000_DEFAULTLIGHTINGTYPE
 70
     1
102
VTR_0.000_0.000_1.000_1.000_BRIGHTNESS
141
0.0
102
VTR_0.000_0.000_1.000_1.000_CONTRAST
142
0.0
  0
MATERIAL
  5
45
102
{ACAD_REACTORS
330
43
102
}
102
{ACAD_XDICTIONARY
360
481
102
}
330
43
100
AcDbMaterial
  1
BYBLOCK
  0
MATERIAL
  5
44
102
{ACAD_REACTORS
330
43
102
}
102
{ACAD_XDICTIONARY
360
47F
102
}
330
43
100
AcDbMaterial
  1
BYLAYER
  0
MATERIAL
  5
46
102
{ACAD_REACTORS
330
43
102
}
102
{ACAD_XDICTIONARY
360
483
102
}
330
43
100
AcDbMaterial
  1
GLOBAL
  0
ACAD_PROXY_OBJECT
  5
5C
102
{ACAD_REACTORS
330
5B
102
}
330
5B
100
AcDbProxyObject
 90
      499
 91
      505
 93
      610
310
40901902A4063FBFFFFFE056BD1B81E855B9FC0AD7A3703D0AD73F4214DD185B99185C9900AD7A3703D0AC73F90141901A02B5E8DC0F42B1CFC02B5E8DC0F42B1CFE5764000000000000300FC0
340
14
340
0
340
11
340
0
 94
        0
1001
ACAD_MLEADERVER
1070
     2
  0
MLINESTYLE
  5
18
102
{ACAD_REACTORS
330
17
102
}
330
17
100
AcDbMlineStyle
  2
Standard
 70
     0
  3

 62
   256
 51
90.0
 52
90.0
 71
     2
 49
0.5
 62
   256
  6
BYLAYER
 49
-0.5
 62
   256
  6
BYLAYER
  0
ACAD_PROXY_OBJECT
  5
48
102
{ACAD_REACTORS
330
47
102
}
330
47
100
AcDbProxyObject
 90
      499
 91
      503
 93
       41
310
903313A31580
  0
ACAD_PROXY_OBJECT
  5
49
102
{ACAD_REACTORS
330
47
102
}
330
47
100
AcDbProxyObject
 90
      499
 91
      503
 93
      257
310
90E312F31323822203D2031272D3022000000000000200FC000000000000284000
  0
ACAD_PROXY_OBJECT
  5
4A
102
{ACAD_REACTORS
330
47
102
}
330
47
100
AcDbProxyObject
 90
      499
 91
      503
 93
      249
310
90D312F363422203D2031272D3022000000000000240FC000000000000284000
  0
ACAD_PROXY_OBJECT
  5
4B
102
{ACAD_REACTORS
330
47
102
}
330
47
100
AcDbProxyObject
 90
      499
 91
      503
 93
      249
310
90D312F333222203D2031272D3022000000000000280FC000000000000284000
  0
ACAD_PROXY_OBJECT
  5
4C
102
{ACAD_REACTORS
330
47
102
}
330
47
100
AcDbProxyObject
 90
      499
 91
      503
 93
      249
310
90D312F313622203D2031272D30220000000000002C0FC000000000000284000
  0
ACAD_PROXY_OBJECT
  5
4D
102
{ACAD_REACTORS
330
47
102
}
330
47
100
AcDbProxyObject
 90
      499
 91
      503
 93
      249
310
90D332F333222203D2031272D30220000000000002E0FC000000000000284000
  0
ACAD_PROXY_OBJECT
  5
4E
102
{ACAD_REACTORS
330
47
102
}
330
47
100
AcDbProxyObject
 90
      499
 91
      503
 93
      241
310
90C312F3822203D2031272D3022000000000000300FC000000000000284000
  0
ACAD_PROXY_OBJECT
  5
4F
102
{ACAD_REACTORS
330
47
102
}
330
47
100
AcDbProxyObject
 90
      499
 91
      503
 93
      249
310
90D332F313622203D2031272D3022000000000000320FC000000000000284000
  0
ACAD_PROXY_OBJECT
  5
50
102
{ACAD_REACTORS
330
47
102
}
330
47
100
AcDbProxyObject
 90
      499
 91
      503
 93
      241
310
90C312F3422203D2031272D3022000000000000340FC000000000000284000
  0
ACAD_PROXY_OBJECT
  5
51
102
{ACAD_REACTORS
330
47
102
}
330
47
100
AcDbProxyObject
 90
      499
 91
      503
 93
      241
310
90C332F3822203D2031272D3022000000000000360FC000000000000284000
  0
ACAD_PROXY_OBJECT
  5
52
102
{ACAD_REACTORS
330
47
102
}
330
47
100
AcDbProxyObject
 90
      499
 91
      503
 93
      241
310
90C312F3222203D2031272D3022000000000000380FC000000000000284000
  0
ACAD_PROXY_OBJECT
  5
53
102
{ACAD_REACTORS
330
47
102
}
330
47
100
AcDbProxyObject
 90
      499
 91
      503
 93
      241
310
90C332F3422203D2031272D30220000000000003A0FC000000000000284000
  0
ACAD_PROXY_OBJECT
  5
54
102
{ACAD_REACTORS
330
47
102
}
330
47
100
AcDbProxyObject
 90
      499
 91
      503
 93
      161
310
90A3122203D2031272D30224000000000000284000
  0
ACAD_PROXY_OBJECT
  5
55
102
{ACAD_REACTORS
330
47
102
}
330
47
100
AcDbProxyObject
 90
      499
 91
      503
 93
      257
310
90E312D312F3222203D2031272D30220000000000003E0FC000000000000284000
  0
ACAD_PROXY_OBJECT
  5
56
102
{ACAD_REACTORS
330
47
102
}
330
47
100
AcDbProxyObject
 90
      499
 91
      503
 93
      225
310
90A3322203D2031272D302200000000000002100000000000000284000
  0
ACAD_PROXY_OBJECT
  5
57
102
{ACAD_REACTORS
330
47
102
}
330
47
100
AcDbProxyObject
 90
      499
 91
      503
 93
      225
310
90A3622203D2031272D302200000000000006100000000000000284000
  0
ACAD_PROXY_OBJECT
  5
58
102
{ACAD_REACTORS
330
47
102
}
330
47
100
AcDbProxyObject
 90
      499
 91
      503
 93
      249
310
90D31272D3022203D2031272D30220000000000000A100000000000000284000
  0
ACAD_PROXY_OBJECT
  5
2F
102
{ACAD_REACTORS
330
2A
102
}
330
2A
100
AcDbProxyObject
 90
      499
 91
      501
 93
      436
310
42CC9915DA5C99599C985B595049028333333333333E33F0000000000000F90107901411070040501600405405064090741402480A0340
1001
ACAD
1000
AcDbSavedByObjectVersion
1070
     0
  0
ACAD_PROXY_OBJECT
  5
32
102
{ACAD_REACTORS
330
2A
102
}
330
2A
100
AcDbProxyObject
 90
      499
 91
      501
 93
      388
310
4150985CDA58D07406404333333333333E33F0000000000000F90107A41107004050150841D405064090741402480A0350
1001
ACAD
1000
AcDbSavedByObjectVersion
1070
     0
  0
ACAD_PROXY_OBJECT
  5
36
102
{ACAD_REACTORS
330
2A
102
}
330
2A
100
AcDbProxyObject
 90
      499
 91
      501
 93
      428
310
42109C9A59DA1D195B90C409028333333333333E33F0000000000000F9010790141107004050150841D405064090741402480A029950
1001
ACAD
1000
AcDbSavedByObjectVersion
1070
     0
  0
ACAD_PROXY_OBJECT
  5
3A
102
{ACAD_REACTORS
330
2A
102
}
330
2A
100
AcDbProxyObject
 90
      499
 91
      501
 93
      452
310
42D0DBDB1BDC90DA185B99D95104090240C333333333333E33F0000000000000F90108901411070040501508421405064090741402480A0350
1001
ACAD
1000
AcDbSavedByObjectVersion
1070
     0
  0
ACAD_PROXY_OBJECT
  5
34
102
{ACAD_REACTORS
330
2A
102
}
330
2A
100
AcDbProxyObject
 90
      499
 91
      501
 93
      500
310
4290DBDB98D95C1D1D585B10940D028333333333333E33F0000000000000F90107902409070040501000000000018199010841D405064090740C02480A0340
1001
ACAD
1000
AcDbSavedByObjectVersion
1070
     0
  0
ACAD_PROXY_OBJECT
  5
35
102
{ACAD_REACTORS
330
2A
102
}
330
2A
100
AcDbProxyObject
 90
      499
 91
      501
 93
      412
310
40D11A5B50B409028333333333333E33F0000000000000F9010790141107004050150841D405064090741402480A02677FFFFFD0
1001
ACAD
1000
AcDbSavedByObjectVersion
1070
     0
  0
ACAD_PROXY_OBJECT
  5
3D
102
{ACAD_REACTORS
330
2A
102
}
330
2A
100
AcDbProxyObject
 90
      499
 91
      501
 93
      452
310
43115919D950DBDB1BDC93D999916409028333333333333E33F0000000000000F9010790141107004050150841D405064090741402480A0350
1001
ACAD
1000
AcDbSavedByObjectVersion
1070
     0
  0
ACAD_PROXY_OBJECT
  5
39
102
{ACAD_REACTORS
330
2A
102
}
330
2A
100
AcDbProxyObject
 90
      499
 91
      501
 93
      444
310
42D19858D95C185D1D195C9B90F409028333333333333E33F0000000000000F9010790141107004050150841D405064090741402480A0350
1001
ACAD
1000
AcDbSavedByObjectVersion
1070
     0
  0
ACAD_PROXY_OBJECT
  5
2B
102
{ACAD_REACTORS
330
2A
102
}
330
2A
100
AcDbProxyObject
 90
      499
 91
      501
 93
      380
310
41119B185D240901404333333333333E33F0000000000000F9010740A907004050150841D405064090741402480A1B50
1001
ACAD
1000
AcDbSavedByObjectVersion
1070
     0
  0
ACAD_PROXY_OBJECT
  5
2C
102
{ACAD_REACTORS
330
2A
102
}
330
2A
100
AcDbProxyObject
 90
      499
 91
      501
 93
      468
310
43519B185D15DA5D1A115919D95CD0140901404333333333333E33F0000000000000F90107409019070040501600405405064090741402480A1B50
1001
ACAD
1000
AcDbSavedByObjectVersion
1070
     0
  0
ACAD_PROXY_OBJECT
  5
2D
102
{ACAD_REACTORS
330
2A
102
}
330
2A
100
AcDbProxyObject
 90
      499
 91
      501
 93
      404
310
41D1DBDD5C985D5910240902404333333333333E33F0000000000000F9010740A9070040501641D405064090741402480A1B50
1001
ACAD
1000
AcDbSavedByObjectVersion
1070
     0
  0
ACAD_PROXY_OBJECT
  5
2E
102
{ACAD_REACTORS
330
2A
102
}
330
2A
100
AcDbProxyObject
 90
      499
 91
      501
 93
      492
310
4411DBDD5C985D5915DA5D1A115919D95CD0340902404333333333333E33F0000000000000F90107409019070040501600405405064090741402480A1B50
1001
ACAD
1000
AcDbSavedByObjectVersion
1070
     0
  0
ACAD_PROXY_OBJECT
  5
31
102
{ACAD_REACTORS
330
2A
102
}
330
2A
100
AcDbProxyObject
 90
      499
 91
      501
 93
      476
310
41921A5919195B90640502408333333333333E33F0000000000000F901079024090700405020000000000001110200405405064090740C02480A0340
1001
ACAD
1000
AcDbSavedByObjectVersion
1070
     0
  0
ACAD_PROXY_OBJECT
  5
3B
102
{ACAD_REACTORS
330
2A
102
}
330
2A
100
AcDbProxyObject
 90
      499
 91
      501
 93
      428
310
42529A5D1D195C93D999914409028333333333333E33F0000000000000F9010790141107004050150A41D405064090741402480A0350
1001
ACAD
1000
AcDbSavedByObjectVersion
1070
     0
  0
ACAD_PROXY_OBJECT
  5
38
102
{ACAD_REACTORS
330
2A
102
}
330
2A
100
AcDbProxyObject
 90
      499
 91
      501
 93
      444
310
42D31A5B995C185D1D195C9B90E409028333333333333E33F0000000000000F9010790141107004050750841D405064090741402483A0350
1001
ACAD
1000
AcDbSavedByObjectVersion
1070
     0
  0
ACAD_PROXY_OBJECT
  5
3C
102
{ACAD_REACTORS
330
2A
102
}
330
2A
100
AcDbProxyObject
 90
      499
 91
      501
 93
      444
310
42D3DD995C9A185B99D3D999915409028333333333333E33F0000000000000F9010790141107004050150941D405064090741402480A0350
1001
ACAD
1000
AcDbSavedByObjectVersion
1070
     0
  0
ACAD_PROXY_OBJECT
  5
33
102
{ACAD_REACTORS
330
2A
102
}
330
2A
100
AcDbProxyObject
 90
      499
 91
      501
 93
      428
310
425499585B1A5CDD1A58D08409038333333333333E33F0000000000000F9010740A907004050150800405405064090740C02480A1B40
1001
ACAD
1000
AcDbSavedByObjectVersion
1070
     0
  0
ACAD_PROXY_OBJECT
  5
42
102
{ACAD_REACTORS
330
2A
102
}
330
2A
100
AcDbProxyObject
 90
      499
 91
      501
 93
      420
310
4194DA1859195911B40902404333333333333E33F0000000000000F9010740A41107004050150800405405064090840C02480A0B40
1001
ACAD
1000
AcDbSavedByObjectVersion
1070
     0
  0
ACAD_PROXY_OBJECT
  5
41
102
{ACAD_REACTORS
330
2A
102
}
330
2A
100
AcDbProxyObject
 90
      499
 91
      501
 93
      516
310
4454DA18591959081DDA5D1A08195919D95CD1A40902404333333333333E33F0000000000000F901074090142907004050250800405405064090740C02480A0B40
1001
ACAD
1000
AcDbSavedByObjectVersion
1070
     0
  0
ACAD_PROXY_OBJECT
  5
3E
102
{ACAD_REACTORS
330
2A
102
}
330
2A
100
AcDbProxyObject
 90
      499
 91
      501
 93
      532
310
4394DA1859195CC81BD98811DC985E5174090240C333333333333E33F0000000000000F901079024090741D01000000000000111010841D405064090740C02480A0340
1001
ACAD
1000
AcDbSavedByObjectVersion
1070
     0
  0
ACAD_PROXY_OBJECT
  5
3F
102
{ACAD_REACTORS
330
2A
102
}
330
2A
100
AcDbProxyObject
 90
      499
 91
      501
 93
      476
310
41D4DAD95D18DA1E51840502408333333333333E33F0000000000000F901079024090741D01000000000000111010B41D405064090741802480A0340
1001
ACAD
1000
AcDbSavedByObjectVersion
1070
     0
  0
ACAD_PROXY_OBJECT
  5
37
102
{ACAD_REACTORS
330
2A
102
}
330
2A
100
AcDbProxyObject
 90
      499
 91
      501
 93
      412
310
41D51A1A58DAD95B90D409028333333333333E33F0000000000000F9010790141107004050150C41D405064090741402480A0350
1001
ACAD
1000
AcDbSavedByObjectVersion
1070
     0
  0
ACAD_PROXY_OBJECT
  5
30
102
{ACAD_REACTORS
330
2A
102
}
330
2A
100
AcDbProxyObject
 90
      499
 91
      501
 93
      420
310
4255DA5C99599C985B595059028333333333333E33F0000000000000F90107901411070040501600405405064090740C02480A0340
1001
ACAD
1000
AcDbSavedByObjectVersion
1070
     0
  0
ACAD_PROXY_OBJECT
  5
40
102
{ACAD_REACTORS
330
2A
102
}
330
2A
100
AcDbProxyObject
 90
      499
 91
      501
 93
      404
310
41560B54985E51940902404000000000000E03F0000000000000F9010740501907004050150841D405064090740C02480A1B40
1001
ACAD
1000
AcDbSavedByObjectVersion
1070
     0
  0
XRECORD
  5
45C
102
{ACAD_REACTORS
330
452
102
}
330
452
100
AcDbXrecord
340
0
  0
XRECORD
  5
45B
102
{ACAD_REACTORS
330
452
102
}
330
452
100
AcDbXrecord
 90
        0
  0
XRECORD
  5
472
102
{ACAD_REACTORS
330
452
102
}
330
452
100
AcDbXrecord
1000
DSTYLE
1002
{
1070
   171
 70
     2
1070
   143
 40
25.4
1070
   274
 70
     2
1070
    41
 40
0.18
1070
   141
 40
0.09
1070
   271
 70
     4
1070
    43
 40
0.38
1070
   278
 70
    46
1070
    44
 40
0.18
1070
    42
 40
0.0625
1070
   147
 40
0.09
1070
    77
 70
     0
1070
   272
 70
     4
1070
    73
 70
     1
1070
   279
 70
     2
1070
   172
 70
     0
1070
    74
 70
     1
1070
   283
 70
     1
1070
   340
340
11
1070
   140
 40
0.18
1070
   284
 70
     0
1070
    78
 70
     0
1002
}
  0
XRECORD
  5
45D
102
{ACAD_REACTORS
330
452
102
}
330
452
100
AcDbXrecord
  1
{d0bffa6c-9922-45a3-b4db-c08da49a2002}
  0
XRECORD
  5
455
102
{ACAD_REACTORS
330
452
102
}
330
452
100
AcDbXrecord
  1

  0
XRECORD
  5
45A
102
{ACAD_REACTORS
330
452
102
}
330
452
100
AcDbXrecord
 90
        4
  0
XRECORD
  5
457
102
{ACAD_REACTORS
330
452
102
}
330
452
100
AcDbXrecord
340
1A
  0
XRECORD
  5
459
102
{ACAD_REACTORS
330
452
102
}
330
452
100
AcDbXrecord
 90
    10781
  0
XRECORD
  5
458
102
{ACAD_REACTORS
330
452
102
}
330
452
100
AcDbXrecord
340
19
  0
XRECORD
  5
45F
102
{ACAD_REACTORS
330
452
102
}
330
452
100
AcDbXrecord
 40
0.0
  0
XRECORD
  5
462
102
{ACAD_REACTORS
330
452
102
}
330
452
100
AcDbXrecord
340
0
  0
XRECORD
  5
468
102
{ACAD_REACTORS
330
452
102
}
330
452
100
AcDbXrecord
 10
0.0
 20
0.0
 30
0.0
  0
XRECORD
  5
464
102
{ACAD_REACTORS
330
452
102
}
330
452
100
AcDbXrecord
 10
0.0
 20
0.0
 30
0.0
  0
XRECORD
  5
467
102
{ACAD_REACTORS
330
452
102
}
330
452
100
AcDbXrecord
 10
0.0
 20
0.0
 30
0.0
  0
XRECORD
  5
465
102
{ACAD_REACTORS
330
452
102
}
330
452
100
AcDbXrecord
 10
0.0
 20
0.0
 30
0.0
  0
XRECORD
  5
466
102
{ACAD_REACTORS
330
452
102
}
330
452
100
AcDbXrecord
 10
0.0
 20
0.0
 30
0.0
  0
XRECORD
  5
463
102
{ACAD_REACTORS
330
452
102
}
330
452
100
AcDbXrecord
 10
0.0
 20
0.0
 30
0.0
  0
XRECORD
  5
460
102
{ACAD_REACTORS
330
452
102
}
330
452
100
AcDbXrecord
340
0
  0
XRECORD
  5
461
102
{ACAD_REACTORS
330
452
102
}
330
452
100
AcDbXrecord
 70
     0
  0
XRECORD
  5
456
102
{ACAD_REACTORS
330
452
102
}
330
452
100
AcDbXrecord
  1

  0
XRECORD
  5
453
102
{ACAD_REACTORS
330
452
102
}
330
452
100
AcDbXrecord
 90
        1
  0
XRECORD
  5
454
102
{ACAD_REACTORS
330
452
102
}
330
452
100
AcDbXrecord
 90
       70
  0
XRECORD
  5
46B
102
{ACAD_REACTORS
330
452
102
}
330
452
100
AcDbXrecord
340
0
  0
XRECORD
  5
471
102
{ACAD_REACTORS
330
452
102
}
330
452
100
AcDbXrecord
 10
0.0
 20
0.0
 30
0.0
  0
XRECORD
  5
46D
102
{ACAD_REACTORS
330
452
102
}
330
452
100
AcDbXrecord
 10
0.0
 20
0.0
 30
0.0
  0
XRECORD
  5
470
102
{ACAD_REACTORS
330
452
102
}
330
452
100
AcDbXrecord
 10
0.0
 20
0.0
 30
0.0
  0
XRECORD
  5
46E
102
{ACAD_REACTORS
330
452
102
}
330
452
100
AcDbXrecord
 10
0.0
 20
0.0
 30
0.0
  0
XRECORD
  5
46F
102
{ACAD_REACTORS
330
452
102
}
330
452
100
AcDbXrecord
 10
0.0
 20
0.0
 30
0.0
  0
XRECORD
  5
46C
102
{ACAD_REACTORS
330
452
102
}
330
452
100
AcDbXrecord
 10
0.0
 20
0.0
 30
0.0
  0
XRECORD
  5
469
102
{ACAD_REACTORS
330
452
102
}
330
452
100
AcDbXrecord
340
0
  0
XRECORD
  5
46A
102
{ACAD_REACTORS
330
452
102
}
330
452
100
AcDbXrecord
 70
     0
  0
XRECORD
  5
45E
102
{ACAD_REACTORS
330
452
102
}
330
452
100
AcDbXrecord
  1
{FAEB1C32-E019-11D5-929B-00C0DF256EC4}
  0
DICTIONARYVAR
  5
47D
102
{ACAD_REACTORS
330
473
102
}
330
473
100
DictionaryVariables
280
     0
  1
1:1
  0
DICTIONARYVAR
  5
475
102
{ACAD_REACTORS
330
473
102
}
330
473
100
DictionaryVariables
280
     0
  1
Standard
  0
DICTIONARYVAR
  5
474
102
{ACAD_REACTORS
330
473
102
}
330
473
100
DictionaryVariables
280
     0
  1
Standard
  0
DICTIONARYVAR
  5
478
102
{ACAD_REACTORS
330
473
102
}
330
473
100
DictionaryVariables
280
     0
  1
2
  0
DICTIONARYVAR
  5
479
102
{ACAD_REACTORS
330
473
102
}
330
473
100
DictionaryVariables
280
     0
  1
1
  0
DICTIONARYVAR
  5
47E
102
{ACAD_REACTORS
330
473
102
}
330
473
100
DictionaryVariables
280
     0
  1
1
  0
DICTIONARY
  5
481
330
45
100
AcDbDictionary
280
     1
  3
ACAD_XREC_ROUNDTRIP
360
482
  0
DICTIONARY
  5
47F
330
44
100
AcDbDictionary
280
     1
  3
ACAD_XREC_ROUNDTRIP
360
480
  0
DICTIONARY
  5
483
330
46
100
AcDbDictionary
280
     1
  3
ACAD_XREC_ROUNDTRIP
360
484
  0
XRECORD
  5
482
102
{ACAD_REACTORS
330
481
102
}
330
481
100
AcDbXrecord
102
MATERIAL
148
0.0
149
0.0
149
0.0
 93
        0
 94
      127
282
     0
 72
     1
 77
     1
171
     1
175
     1
179
     1
273
     0
  0
XRECORD
  5
480
102
{ACAD_REACTORS
330
47F
102
}
330
47F
100
AcDbXrecord
102
MATERIAL
148
0.0
149
0.0
149
0.0
 93
        0
 94
      127
282
     0
 72
     1
 77
     1
171
     1
175
     1
179
     1
273
     0
  0
XRECORD
  5
484
102
{ACAD_REACTORS
330
483
102
}
330
483
100
AcDbXrecord
102
MATERIAL
148
0.0
149
0.0
149
0.0
 93
        0
 94
      127
282
     0
 72
     1
 77
     1
171
     1
175
     1
179
     1
273
     0
  0
ENDSEC
  0
EOF
