  0
SECTION
  2
HEADER
  9
$ACADVER
  1
AC1014
  9
$ACADMAINTVER
 70
     9
  9
$DWGCODEPAGE
  3
ANSI_1252
  9
$INSBASE
 10
0.0
 20
0.0
 30
0.0
  9
$EXTMIN
 10
-1181.750000000851
 20
-92.72839215772547
 30
0.0
  9
$EXTMAX
 10
1181.750000000888
 20
92.77160784305306
 30
0.0
  9
$LIMMIN
 10
0.0
 20
0.0
  9
$LIMMAX
 10
12.0
 20
9.0
  9
$ORTHOMODE
 70
     0
  9
$REGENMODE
 70
     1
  9
$FILLMODE
 70
     1
  9
$QTEXTMODE
 70
     0
  9
$MIRRTEXT
 70
     1
  9
$DRAGMODE
 70
     2
  9
$LTSCALE
 40
1.0
  9
$OSMODE
 70
    37
  9
$ATTMODE
 70
     1
  9
$TEXTSIZE
 40
0.2
  9
$TRACEWID
 40
0.05
  9
$TEXTSTYLE
  7
STANDARD
  9
$CLAYER
  8
0
  9
$CELTYPE
  6
BYLAYER
  9
$CECOLOR
 62
   256
  9
$CELTSCALE
 40
1.0
  9
$DELOBJ
 70
     1
  9
$DISPSILH
 70
     0
  9
$DIMSCALE
 40
1.0
  9
$DIMASZ
 40
0.18
  9
$DIMEXO
 40
0.0625
  9
$DIMDLI
 40
0.38
  9
$DIMRND
 40
0.0
  9
$DIMDLE
 40
0.0
  9
$DIMEXE
 40
0.18
  9
$DIMTP
 40
0.0
  9
$DIMTM
 40
0.0
  9
$DIMTXT
 40
0.18
  9
$DIMCEN
 40
0.09
  9
$DIMTSZ
 40
0.0
  9
$DIMTOL
 70
     0
  9
$DIMLIM
 70
     0
  9
$DIMTIH
 70
     1
  9
$DIMTOH
 70
     1
  9
$DIMSE1
 70
     0
  9
$DIMSE2
 70
     0
  9
$DIMTAD
 70
     0
  9
$DIMZIN
 70
     0
  9
$DIMBLK
  1

  9
$DIMASO
 70
     1
  9
$DIMSHO
 70
     1
  9
$DIMPOST
  1

  9
$DIMAPOST
  1

  9
$DIMALT
 70
     0
  9
$DIMALTD
 70
     2
  9
$DIMALTF
 40
25.4
  9
$DIMLFAC
 40
1.0
  9
$DIMTOFL
 70
     0
  9
$DIMTVP
 40
0.0
  9
$DIMTIX
 70
     0
  9
$DIMSOXD
 70
     0
  9
$DIMSAH
 70
     0
  9
$DIMBLK1
  1

  9
$DIMBLK2
  1

  9
$DIMSTYLE
  2
STANDARD_ACAD
  9
$DIMCLRD
 70
     0
  9
$DIMCLRE
 70
     0
  9
$DIMCLRT
 70
     0
  9
$DIMTFAC
 40
1.0
  9
$DIMGAP
 40
0.09
  9
$DIMJUST
 70
     0
  9
$DIMSD1
 70
     0
  9
$DIMSD2
 70
     0
  9
$DIMTOLJ
 70
     1
  9
$DIMTZIN
 70
     0
  9
$DIMALTZ
 70
     0
  9
$DIMALTTZ
 70
     0
  9
$DIMFIT
 70
     5
  9
$DIMUPT
 70
     0
  9
$DIMUNIT
 70
     2
  9
$DIMDEC
 70
     4
  9
$DIMTDEC
 70
     4
  9
$DIMALTU
 70
     2
  9
$DIMALTTD
 70
     2
  9
$DIMTXSTY
  7
STANDARD
  9
$DIMAUNIT
 70
     0
  9
$LUNITS
 70
     2
  9
$LUPREC
 70
     3
  9
$SKETCHINC
 40
0.1
  9
$FILLETRAD
 40
0.0
  9
$AUNITS
 70
     0
  9
$AUPREC
 70
     0
  9
$MENU
  1
.
  9
$ELEVATION
 40
0.0
  9
$PELEVATION
 40
0.0
  9
$THICKNESS
 40
0.0
  9
$LIMCHECK
 70
     0
  9
$CHAMFERA
 40
0.0
  9
$CHAMFERB
 40
0.0
  9
$CHAMFERC
 40
0.0
  9
$CHAMFERD
 40
0.0
  9
$SKPOLY
 70
     0
  9
$TDCREATE
 40
2461243.668386644
  9
$TDUPDATE
 40
2461243.668386794
  9
$TDINDWG
 40
0.0000000116
  9
$TDUSRTIMER
 40
0.0000000116
  9
$USRTIMER
 70
     1
  9
$ANGBASE
 50
0.0
  9
$ANGDIR
 70
     0
  9
$PDMODE
 70
     0
  9
$PDSIZE
 40
0.0
  9
$PLINEWID
 40
0.0
  9
$COORDS
 70
     1
  9
$SPLFRAME
 70
     0
  9
$SPLINETYPE
 70
     6
  9
$SPLINESEGS
 70
     8
  9
$ATTDIA
 70
     0
  9
$ATTREQ
 70
     1
  9
$HANDLING
 70
     1
  9
$HANDSEED
  5
56E
  9
$SURFTAB1
 70
     6
  9
$SURFTAB2
 70
     6
  9
$SURFTYPE
 70
     6
  9
$SURFU
 70
     6
  9
$SURFV
 70
     6
  9
$UCSNAME
  2

  9
$UCSORG
 10
0.0
 20
0.0
 30
0.0
  9
$UCSXDIR
 10
1.0
 20
0.0
 30
0.0
  9
$UCSYDIR
 10
0.0
 20
1.0
 30
0.0
  9
$PUCSNAME
  2

  9
$PUCSORG
 10
0.0
 20
0.0
 30
0.0
  9
$PUCSXDIR
 10
1.0
 20
0.0
 30
0.0
  9
$PUCSYDIR
 10
0.0
 20
1.0
 30
0.0
  9
$USERI1
 70
     0
  9
$USERI2
 70
     0
  9
$USERI3
 70
     0
  9
$USERI4
 70
     0
  9
$USERI5
 70
     0
  9
$USERR1
 40
0.0
  9
$USERR2
 40
0.0
  9
$USERR3
 40
0.0
  9
$USERR4
 40
0.0
  9
$USERR5
 40
0.0
  9
$WORLDVIEW
 70
     1
  9
$SHADEDGE
 70
     3
  9
$SHADEDIF
 70
    70
  9
$TILEMODE
 70
     1
  9
$MAXACTVP
 70
    64
  9
$PINSBASE
 10
0.0
 20
0.0
 30
0.0
  9
$PLIMCHECK
 70
     0
  9
$PEXTMIN
 10
1.000000000000000E+20
 20
1.000000000000000E+20
 30
1.000000000000000E+20
  9
$PEXTMAX
 10
-1.000000000000000E+20
 20
-1.000000000000000E+20
 30
-1.000000000000000E+20
  9
$PLIMMIN
 10
0.0
 20
0.0
  9
$PLIMMAX
 10
12.0
 20
9.0
  9
$UNITMODE
 70
     0
  9
$VISRETAIN
 70
     1
  9
$PLINEGEN
 70
     0
  9
$PSLTSCALE
 70
     1
  9
$TREEDEPTH
 70
  3020
  9
$PICKSTYLE
 70
     1
  9
$CMLSTYLE
  2
STANDARD
  9
$CMLJUST
 70
     0
  9
$CMLSCALE
 40
1.0
  9
$PROXYGRAPHICS
 70
     1
  9
$MEASUREMENT
 70
     1
  0
ENDSEC
  0
SECTION
  2
CLASSES
  0
CLASS
  1
ACDBDICTIONARYWDFLT
  2
AcDbDictionaryWithDefault
  3
ObjectDBX Classes
 90
        0
280
     0
281
     0
  0
CLASS
  1
VISUALSTYLE
  2
AcDbVisualStyle
  3
ObjectDBX Classes
 90
     4095
280
     0
281
     0
  0
CLASS
  1
MATERIAL
  2
AcDbMaterial
  3
ObjectDBX Classes
 90
     1153
280
     0
281
     0
  0
CLASS
  1
SCALE
  2
AcDbScale
  3
ObjectDBX Classes
 90
     1153
280
     0
281
     0
  0
CLASS
  1
TABLESTYLE
  2
AcDbTableStyle
  3
ObjectDBX Classes
 90
     4095
280
     0
281
     0
  0
CLASS
  1
MLEADERSTYLE
  2
AcDbMLeaderStyle
  3
ACDB_MLEADERSTYLE_CLASS
 90
     4095
280
     0
281
     0
  0
CLASS
  1
SUN
  2
AcDbSun
  3
SCENEOE
 90
     1153
280
     0
281
     0
  0
CLASS
  1
DICTIONARYVAR
  2
AcDbDictionaryVar
  3
ObjectDBX Classes
 90
        0
280
     0
281
     0
  0
CLASS
  1
XRECORD
  2
AcDbXrecord
  3
ObjectDBX Classes
 90
        0
280
     0
281
     0
  0
CLASS
  1
LWPOLYLINE
  2
AcDbPolyline
  3
ObjectDBX Classes
 90
        0
280
     0
281
     1
  0
CLASS
  1
HATCH
  2
AcDbHatch
  3
ObjectDBX Classes
 90
        0
280
     0
281
     1
  0
CLASS
  1
ACDBPLACEHOLDER
  2
AcDbPlaceHolder
  3
ObjectDBX Classes
 90
        0
280
     0
281
     0
  0
CLASS
  1
LAYOUT
  2
AcDbLayout
  3
ObjectDBX Classes
 90
        0
280
     0
281
     0
  0
ENDSEC
  0
SECTION
  2
TABLES
  0
TABLE
  2
VPORT
  5
8
102
{ACAD_XDICTIONARY
360
563
102
}
330
0
100
AcDbSymbolTable
 70
     1
  0
VPORT
  5
29
330
8
100
AcDbSymbolTableRecord
100
AcDbViewportTableRecord
  2
*ACTIVE
 70
     0
 10
0.0
 20
0.0
 11
1.0
 21
1.0
 12
10.42990654205607
 22
4.5
 13
0.0
 23
0.0
 14
0.5
 24
0.5
 15
0.5
 25
0.5
 16
0.0
 26
0.0
 36
1.0
 17
0.0
 27
0.0
 37
0.0
 40
9.0
 41
1.972972972850329
 42
50.0
 43
0.0
 44
0.0
 50
0.0
 51
0.0
 71
     0
 72
   100
 73
     1
 74
     3
 75
     0
 76
     0
 77
     0
 78
     0
  0
ENDTAB
  0
TABLE
  2
LTYPE
  5
5
330
0
100
AcDbSymbolTable
 70
     1
  0
LTYPE
  5
14
330
5
100
AcDbSymbolTableRecord
100
AcDbLinetypeTableRecord
  2
BYBLOCK
 70
     0
  3

 72
    65
 73
     0
 40
0.0
  0
LTYPE
  5
15
330
5
100
AcDbSymbolTableRecord
100
AcDbLinetypeTableRecord
  2
BYLAYER
 70
     0
  3

 72
    65
 73
     0
 40
0.0
  0
LTYPE
  5
16
330
5
100
AcDbSymbolTableRecord
100
AcDbLinetypeTableRecord
  2
CONTINUOUS
 70
     0
  3
Solid line
 72
    65
 73
     0
 40
0.0
  0
ENDTAB
  0
TABLE
  2
LAYER
  5
2
330
0
100
AcDbSymbolTable
 70
     4
  0
LAYER
  5
10
330
2
100
AcDbSymbolTableRecord
100
AcDbLayerTableRecord
  2
0
 70
     0
 62
     7
  6
CONTINUOUS
  0
LAYER
  5
5F
330
2
100
AcDbSymbolTableRecord
100
AcDbLayerTableRecord
  2
1_ANYTOOL_1MMDEEP_LABELS_S
 70
     0
 62
     2
  6
CONTINUOUS
  0
LAYER
  5
406
330
2
100
AcDbSymbolTableRecord
100
AcDbLayerTableRecord
  2
3_ANYTOOL_CUTTHROUGH_INSID
 70
     0
 62
     4
  6
CONTINUOUS
  0
LAYER
  5
45B
330
2
100
AcDbSymbolTableRecord
100
AcDbLayerTableRecord
  2
4_ANYTOOL_CUTTHROUGH_OUTSI
 70
     0
 62
     5
  6
CONTINUOUS
  0
ENDTAB
  0
TABLE
  2
STYLE
  5
3
330
0
100
AcDbSymbolTable
 70
     1
  0
STYLE
  5
11
330
3
100
AcDbSymbolTableRecord
100
AcDbTextStyleTableRecord
  2
STANDARD
 70
     0
 40
0.0
 41
1.0
 50
0.0
 71
     0
 42
0.2
  3
txt
  4

  0
ENDTAB
  0
TABLE
  2
VIEW
  5
6
330
0
100
AcDbSymbolTable
 70
     0
  0
ENDTAB
  0
TABLE
  2
UCS
  5
7
330
0
100
AcDbSymbolTable
 70
     0
  0
ENDTAB
  0
TABLE
  2
APPID
  5
9
330
0
100
AcDbSymbolTable
 70
     3
  0
APPID
  5
12
330
9
100
AcDbSymbolTableRecord
100
AcDbRegAppTableRecord
  2
ACAD
 70
     0
  0
APPID
  5
5E
330
9
100
AcDbSymbolTableRecord
100
AcDbRegAppTableRecord
  2
RHINO
 70
     0
  0
APPID
  5
56D
330
9
100
AcDbSymbolTableRecord
100
AcDbRegAppTableRecord
  2
ACAD_MLEADERVER
 70
     0
  0
ENDTAB
  0
TABLE
  2
DIMSTYLE
  5
A
330
0
100
AcDbSymbolTable
 70
     1
  0
DIMSTYLE
105
27
330
A
100
AcDbSymbolTableRecord
100
AcDbDimStyleTableRecord
  2
STANDARD_ACAD
 70
     0
  3

  4

  5

  6

  7

 40
1.0
 41
0.18
 42
0.0625
 43
0.38
 44
0.18
 45
0.0
 46
0.0
 47
0.0
 48
0.0
140
0.18
141
0.09
142
0.0
143
25.4
144
1.0
145
0.0
146
1.0
147
0.09
 71
     0
 72
     0
 73
     1
 74
     1
 75
     0
 76
     0
 77
     0
 78
     0
170
     0
171
     2
172
     0
173
     0
174
     0
175
     0
176
     0
177
     0
178
     0
270
     2
271
     4
272
     4
273
     2
274
     2
340
11
275
     0
280
     0
281
     0
282
     0
283
     1
284
     0
285
     0
286
     0
287
     3
288
     0
  0
ENDTAB
  0
TABLE
  2
BLOCK_RECORD
  5
1
330
0
100
AcDbSymbolTable
 70
     0
  0
BLOCK_RECORD
  5
1F
330
1
100
AcDbSymbolTableRecord
100
AcDbBlockTableRecord
  2
*MODEL_SPACE
  0
BLOCK_RECORD
  5
1B
330
1
100
AcDbSymbolTableRecord
100
AcDbBlockTableRecord
  2
*PAPER_SPACE
  0
ENDTAB
  0
ENDSEC
  0
SECTION
  2
BLOCKS
  0
BLOCK
  5
20
330
1F
100
AcDbEntity
  8
0
100
AcDbBlockBegin
  2
*MODEL_SPACE
 70
     0
 10
0.0
 20
0.0
 30
0.0
  3
*MODEL_SPACE
  1

  0
ENDBLK
  5
21
330
1F
100
AcDbEntity
  8
0
100
AcDbBlockEnd
  0
BLOCK
  5
1C
330
1B
100
AcDbEntity
 67
     1
  8
0
100
AcDbBlockBegin
  2
*PAPER_SPACE
 70
     0
 10
0.0
 20
0.0
 30
0.0
  3
*PAPER_SPACE
  1

  0
ENDBLK
  5
1D
330
1B
100
AcDbEntity
 67
     1
  8
0
100
AcDbBlockEnd
  0
ENDSEC
  0
SECTION
  2
ENTITIES
  0
POLYLINE
  5
60
330
1F
100
AcDbEntity
  8
1_ANYTOOL_1MMDEEP_LABELS_S
100
AcDb2dPolyline
 66
     1
 10
0.0
 20
0.0
 30
0.0
 70
     1
  0
VERTEX
  5
61
330
60
100
AcDbEntity
  8
1_ANYTOOL_1MMDEEP_LABELS_S
100
AcDbVertex
100
AcDb2dVertex
 10
293.8958158897804
 20
0.0
 30
0.0
  0
VERTEX
  5
62
330
60
100
AcDbEntity
  8
1_ANYTOOL_1MMDEEP_LABELS_S
100
AcDbVertex
100
AcDb2dVertex
 10
293.8958158897804
 20
-30.0
 30
0.0
  0
VERTEX
  5
63
330
60
100
AcDbEntity
  8
1_ANYTOOL_1MMDEEP_LABELS_S
100
AcDbVertex
100
AcDb2dVertex
 10
302.4243873183514
 20
-29.91428571428696
 30
0.0
  0
VERTEX
  5
64
330
60
100
AcDbEntity
  8
1_ANYTOOL_1MMDEEP_LABELS_S
100
AcDbVertex
100
AcDb2dVertex
 10
302.8356317379941
 20
-29.90419921875132
 30
0.0
  0
VERTEX
  5
65
330
60
100
AcDbEntity
  8
1_ANYTOOL_1MMDEEP_LABELS_S
100
AcDbVertex
100
AcDb2dVertex
 10
303.2390078540654
 20
-29.88465401785854
 30
0.0
  0
VERTEX
  5
66
330
60
100
AcDbEntity
  8
1_ANYTOOL_1MMDEEP_LABELS_S
100
AcDbVertex
100
AcDb2dVertex
 10
303.6345156665652
 20
-29.8556501116086
 30
0.0
  0
VERTEX
  5
67
330
60
100
AcDbEntity
  8
1_ANYTOOL_1MMDEEP_LABELS_S
100
AcDbVertex
100
AcDb2dVertex
 10
304.0221551754937
 20
-29.81718750000152
 30
0.0
  0
VERTEX
  5
68
330
60
100
AcDbEntity
  8
1_ANYTOOL_1MMDEEP_LABELS_S
100
AcDbVertex
100
AcDb2dVertex
 10
304.4019263808507
 20
-29.7692661830373
 30
0.0
  0
VERTEX
  5
69
330
60
100
AcDbEntity
  8
1_ANYTOOL_1MMDEEP_LABELS_S
100
AcDbVertex
100
AcDb2dVertex
 10
304.7738292826363
 20
-29.71188616071592
 30
0.0
  0
VERTEX
  5
6A
330
60
100
AcDbEntity
  8
1_ANYTOOL_1MMDEEP_LABELS_S
100
AcDbVertex
100
AcDb2dVertex
 10
305.1378638808505
 20
-29.6450474330374
 30
0.0
  0
VERTEX
  5
6B
330
60
100
AcDbEntity
  8
1_ANYTOOL_1MMDEEP_LABELS_S
100
AcDbVertex
100
AcDb2dVertex
 10
305.4940301754932
 20
-29.56875000000173
 30
0.0
  0
VERTEX
  5
6C
330
60
100
AcDbEntity
  8
1_ANYTOOL_1MMDEEP_LABELS_S
100
AcDbVertex
100
AcDb2dVertex
 10
305.8423281665645
 20
-29.48299386160891
 30
0.0
  0
VERTEX
  5
6D
330
60
100
AcDbEntity
  8
1_ANYTOOL_1MMDEEP_LABELS_S
100
AcDbVertex
100
AcDb2dVertex
 10
306.1827578540644
 20
-29.38777901785895
 30
0.0
  0
VERTEX
  5
6E
330
60
100
AcDbEntity
  8
1_ANYTOOL_1MMDEEP_LABELS_S
100
AcDbVertex
100
AcDb2dVertex
 10
306.5153192379928
 20
-29.28310546875183
 30
0.0
  0
VERTEX
  5
6F
330
60
100
AcDbEntity
  8
1_ANYTOOL_1MMDEEP_LABELS_S
100
AcDbVertex
100
AcDb2dVertex
 10
306.8400123183499
 20
-29.16897321428758
 30
0.0
  0
VERTEX
  5
70
330
60
100
AcDbEntity
  8
1_ANYTOOL_1MMDEEP_LABELS_S
100
AcDbVertex
100
AcDb2dVertex
 10
307.1568370951354
 20
-29.04538225446617
 30
0.0
  0
VERTEX
  5
71
330
60
100
AcDbEntity
  8
1_ANYTOOL_1MMDEEP_LABELS_S
100
AcDbVertex
100
AcDb2dVertex
 10
307.312298869689
 20
-28.98003976004654
 30
0.0
  0
VERTEX
  5
72
330
60
100
AcDbEntity
  8
1_ANYTOOL_1MMDEEP_LABELS_S
100
AcDbVertex
100
AcDb2dVertex
 10
307.4657935683496
 20
-28.91233258928762
 30
0.0
  0
VERTEX
  5
73
330
60
100
AcDbEntity
  8
1_ANYTOOL_1MMDEEP_LABELS_S
100
AcDbVertex
100
AcDb2dVertex
 10
307.6173211911174
 20
-28.84226074218941
 30
0.0
  0
VERTEX
  5
74
330
60
100
AcDbEntity
  8
1_ANYTOOL_1MMDEEP_LABELS_S
100
AcDbVertex
100
AcDb2dVertex
 10
307.7668817379924
 20
-28.76982421875191
 30
0.0
  0
VERTEX
  5
75
330
60
100
AcDbEntity
  8
1_ANYTOOL_1MMDEEP_LABELS_S
100
AcDbVertex
100
AcDb2dVertex
 10
307.9144752089745
 20
-28.69502301897514
 30
0.0
  0
VERTEX
  5
76
330
60
100
AcDbEntity
  8
1_ANYTOOL_1MMDEEP_LABELS_S
100
AcDbVertex
100
AcDb2dVertex
 10
308.0601016040637
 20
-28.61785714285907
 30
0.0
  0
VERTEX
  5
77
330
60
100
AcDbEntity
  8
1_ANYTOOL_1MMDEEP_LABELS_S
100
AcDbVertex
100
AcDb2dVertex
 10
308.2037609232601
 20
-28.53832659040371
 30
0.0
  0
VERTEX
  5
78
330
60
100
AcDbEntity
  8
1_ANYTOOL_1MMDEEP_LABELS_S
100
AcDbVertex
100
AcDb2dVertex
 10
308.3454531665636
 20
-28.45643136160907
 30
0.0
  0
VERTEX
  5
79
330
60
100
AcDbEntity
  8
1_ANYTOOL_1MMDEEP_LABELS_S
100
AcDbVertex
100
AcDb2dVertex
 10
308.4851783339742
 20
-28.37217145647514
 30
0.0
  0
VERTEX
  5
7A
330
60
100
AcDbEntity
  8
1_ANYTOOL_1MMDEEP_LABELS_S
100
AcDbVertex
100
AcDb2dVertex
 10
308.622936425492
 20
-28.28554687500193
 30
0.0
  0
VERTEX
  5
7B
330
60
100
AcDbEntity
  8
1_ANYTOOL_1MMDEEP_LABELS_S
100
AcDbVertex
100
AcDb2dVertex
 10
308.7587274411169
 20
-28.19655761718943
 30
0.0
  0
VERTEX
  5
7C
330
60
100
AcDbEntity
  8
1_ANYTOOL_1MMDEEP_LABELS_S
100
AcDbVertex
100
AcDb2dVertex
 10
308.892551380849
 20
-28.10520368303764
 30
0.0
  0
VERTEX
  5
7D
330
60
100
AcDbEntity
  8
1_ANYTOOL_1MMDEEP_LABELS_S
100
AcDbVertex
100
AcDb2dVertex
 10
309.0244082446882
 20
-28.01148507254656
 30
0.0
  0
VERTEX
  5
7E
330
60
100
AcDbEntity
  8
1_ANYTOOL_1MMDEEP_LABELS_S
100
AcDbVertex
100
AcDb2dVertex
 10
309.1542980326346
 20
-27.9154017857162
 30
0.0
  0
VERTEX
  5
7F
330
60
100
AcDbEntity
  8
1_ANYTOOL_1MMDEEP_LABELS_S
100
AcDbVertex
100
AcDb2dVertex
 10
309.2822207446882
 20
-27.81695382254655
 30
0.0
  0
VERTEX
  5
80
330
60
100
AcDbEntity
  8
1_ANYTOOL_1MMDEEP_LABELS_S
100
AcDbVertex
100
AcDb2dVertex
 10
309.4081763808488
 20
-27.71614118303761
 30
0.0
  0
VERTEX
  5
81
330
60
100
AcDbEntity
  8
1_ANYTOOL_1MMDEEP_LABELS_S
100
AcDbVertex
100
AcDb2dVertex
 10
309.5321649411165
 20
-27.61296386718939
 30
0.0
  0
VERTEX
  5
82
330
60
100
AcDbEntity
  8
1_ANYTOOL_1MMDEEP_LABELS_S
100
AcDbVertex
100
AcDb2dVertex
 10
309.6541864254916
 20
-27.50742187500188
 30
0.0
  0
VERTEX
  5
83
330
60
100
AcDbEntity
  8
1_ANYTOOL_1MMDEEP_LABELS_S
100
AcDbVertex
100
AcDb2dVertex
 10
309.7742408339737
 20
-27.39951520647509
 30
0.0
  0
VERTEX
  5
84
330
60
100
AcDbEntity
  8
1_ANYTOOL_1MMDEEP_LABELS_S
100
AcDbVertex
100
AcDb2dVertex
 10
309.8923281665629
 20
-27.289243861609
 30
0.0
  0
VERTEX
  5
85
330
60
100
AcDbEntity
  8
1_ANYTOOL_1MMDEEP_LABELS_S
100
AcDbVertex
100
AcDb2dVertex
 10
310.0084484232592
 20
-27.17660784040363
 30
0.0
  0
VERTEX
  5
86
330
60
100
AcDbEntity
  8
1_ANYTOOL_1MMDEEP_LABELS_S
100
AcDbVertex
100
AcDb2dVertex
 10
310.1226016040628
 20
-27.06160714285897
 30
0.0
  0
VERTEX
  5
87
330
60
100
AcDbEntity
  8
1_ANYTOOL_1MMDEEP_LABELS_S
100
AcDbVertex
100
AcDb2dVertex
 10
310.2347877089734
 20
-26.94424176897503
 30
0.0
  0
VERTEX
  5
88
330
60
100
AcDbEntity
  8
1_ANYTOOL_1MMDEEP_LABELS_S
100
AcDbVertex
100
AcDb2dVertex
 10
310.3450067379912
 20
-26.8245117187518
 30
0.0
  0
VERTEX
  5
89
330
60
100
AcDbEntity
  8
1_ANYTOOL_1MMDEEP_LABELS_S
100
AcDbVertex
100
AcDb2dVertex
 10
310.4532586911162
 20
-26.70241699218928
 30
0.0
  0
VERTEX
  5
8A
330
60
100
AcDbEntity
  8
1_ANYTOOL_1MMDEEP_LABELS_S
100
AcDbVertex
100
AcDb2dVertex
 10
310.5595435683483
 20
-26.57795758928748
 30
0.0
  0
VERTEX
  5
8B
330
60
100
AcDbEntity
  8
1_ANYTOOL_1MMDEEP_LABELS_S
100
AcDbVertex
100
AcDb2dVertex
 10
310.6638613696874
 20
-26.45113351004639
 30
0.0
  0
VERTEX
  5
8C
330
60
100
AcDbEntity
  8
1_ANYTOOL_1MMDEEP_LABELS_S
100
AcDbVertex
100
AcDb2dVertex
 10
310.7662120951338
 20
-26.32194475446601
 30
0.0
  0
VERTEX
  5
8D
330
60
100
AcDbEntity
  8
1_ANYTOOL_1MMDEEP_LABELS_S
100
AcDbVertex
100
AcDb2dVertex
 10
310.8665957446874
 20
-26.19039132254635
 30
0.0
  0
VERTEX
  5
8E
330
60
100
AcDbEntity
  8
1_ANYTOOL_1MMDEEP_LABELS_S
100
AcDbVertex
100
AcDb2dVertex
 10
310.965012318348
 20
-26.05647321428739
 30
0.0
  0
VERTEX
  5
8F
330
60
100
AcDbEntity
  8
1_ANYTOOL_1MMDEEP_LABELS_S
100
AcDbVertex
100
AcDb2dVertex
 10
311.0614618161158
 20
-25.92019042968916
 30
0.0
  0
VERTEX
  5
90
330
60
100
AcDbEntity
  8
1_ANYTOOL_1MMDEEP_LABELS_S
100
AcDbVertex
100
AcDb2dVertex
 10
311.1559442379908
 20
-25.78154296875163
 30
0.0
  0
VERTEX
  5
91
330
60
100
AcDbEntity
  8
1_ANYTOOL_1MMDEEP_LABELS_S
100
AcDbVertex
100
AcDb2dVertex
 10
311.3390078540621
 20
-25.49715401785872
 30
0.0
  0
VERTEX
  5
92
330
60
100
AcDbEntity
  8
1_ANYTOOL_1MMDEEP_LABELS_S
100
AcDbVertex
100
AcDb2dVertex
 10
311.514203166562
 20
-25.20330636160866
 30
0.0
  0
VERTEX
  5
93
330
60
100
AcDbEntity
  8
1_ANYTOOL_1MMDEEP_LABELS_S
100
AcDbVertex
100
AcDb2dVertex
 10
311.6815301754905
 20
-24.90000000000146
 30
0.0
  0
VERTEX
  5
94
330
60
100
AcDbEntity
  8
1_ANYTOOL_1MMDEEP_LABELS_S
100
AcDbVertex
100
AcDb2dVertex
 10
311.9981038362046
 20
-24.28108258928705
 30
0.0
  0
VERTEX
  5
95
330
60
100
AcDbEntity
  8
1_ANYTOOL_1MMDEEP_LABELS_S
100
AcDbVertex
100
AcDb2dVertex
 10
312.2942533897758
 20
-23.65647321428696
 30
0.0
  0
VERTEX
  5
96
330
60
100
AcDbEntity
  8
1_ANYTOOL_1MMDEEP_LABELS_S
100
AcDbVertex
100
AcDb2dVertex
 10
312.5699788362042
 20
-23.02617187500118
 30
0.0
  0
VERTEX
  5
97
330
60
100
AcDbEntity
  8
1_ANYTOOL_1MMDEEP_LABELS_S
100
AcDbVertex
100
AcDb2dVertex
 10
312.8252801754898
 20
-22.39017857142971
 30
0.0
  0
VERTEX
  5
98
330
60
100
AcDbEntity
  8
1_ANYTOOL_1MMDEEP_LABELS_S
100
AcDbVertex
100
AcDb2dVertex
 10
313.0601574076325
 20
-21.74849330357256
 30
0.0
  0
VERTEX
  5
99
330
60
100
AcDbEntity
  8
1_ANYTOOL_1MMDEEP_LABELS_S
100
AcDbVertex
100
AcDb2dVertex
 10
313.2746105326323
 20
-21.10111607142971
 30
0.0
  0
VERTEX
  5
9A
330
60
100
AcDbEntity
  8
1_ANYTOOL_1MMDEEP_LABELS_S
100
AcDbVertex
100
AcDb2dVertex
 10
313.4686395504893
 20
-20.44804687500118
 30
0.0
  0
VERTEX
  5
9B
330
60
100
AcDbEntity
  8
1_ANYTOOL_1MMDEEP_LABELS_S
100
AcDbVertex
100
AcDb2dVertex
 10
313.6422444612035
 20
-19.78928571428696
 30
0.0
  0
VERTEX
  5
9C
330
60
100
AcDbEntity
  8
1_ANYTOOL_1MMDEEP_LABELS_S
100
AcDbVertex
100
AcDb2dVertex
 10
313.7954252647748
 20
-19.12483258928705
 30
0.0
  0
VERTEX
  5
9D
330
60
100
AcDbEntity
  8
1_ANYTOOL_1MMDEEP_LABELS_S
100
AcDbVertex
100
AcDb2dVertex
 10
313.9281819612033
 20
-18.45468750000146
 30
0.0
  0
VERTEX
  5
9E
330
60
100
AcDbEntity
  8
1_ANYTOOL_1MMDEEP_LABELS_S
100
AcDbVertex
100
AcDb2dVertex
 10
314.040514550489
 20
-17.77885044643017
 30
0.0
  0
VERTEX
  5
9F
330
60
100
AcDbEntity
  8
1_ANYTOOL_1MMDEEP_LABELS_S
100
AcDbVertex
100
AcDb2dVertex
 10
314.1324230326318
 20
-17.0973214285732
 30
0.0
  0
VERTEX
  5
A0
330
60
100
AcDbEntity
  8
1_ANYTOOL_1MMDEEP_LABELS_S
100
AcDbVertex
100
AcDb2dVertex
 10
314.2039074076317
 20
-16.41010044643053
 30
0.0
  0
VERTEX
  5
A1
330
60
100
AcDbEntity
  8
1_ANYTOOL_1MMDEEP_LABELS_S
100
AcDbVertex
100
AcDb2dVertex
 10
314.2549676754888
 20
-15.71718750000218
 30
0.0
  0
VERTEX
  5
A2
330
60
100
AcDbEntity
  8
1_ANYTOOL_1MMDEEP_LABELS_S
100
AcDbVertex
100
AcDb2dVertex
 10
314.2856038362031
 20
-15.01858258928814
 30
0.0
  0
VERTEX
  5
A3
330
60
100
AcDbEntity
  8
1_ANYTOOL_1MMDEEP_LABELS_S
100
AcDbVertex
100
AcDb2dVertex
 10
314.2958158897745
 20
-14.31428571428842
 30
0.0
  0
VERTEX
  5
A4
330
60
100
AcDbEntity
  8
1_ANYTOOL_1MMDEEP_LABELS_S
100
AcDbVertex
100
AcDb2dVertex
 10
314.2861060683459
 20
-13.71729910714521
 30
0.0
  0
VERTEX
  5
A5
330
60
100
AcDbEntity
  8
1_ANYTOOL_1MMDEEP_LABELS_S
100
AcDbVertex
100
AcDb2dVertex
 10
314.2569766040602
 20
-13.12633928571631
 30
0.0
  0
VERTEX
  5
A6
330
60
100
AcDbEntity
  8
1_ANYTOOL_1MMDEEP_LABELS_S
100
AcDbVertex
100
AcDb2dVertex
 10
314.2084274969174
 20
-12.54140625000173
 30
0.0
  0
VERTEX
  5
A7
330
60
100
AcDbEntity
  8
1_ANYTOOL_1MMDEEP_LABELS_S
100
AcDbVertex
100
AcDb2dVertex
 10
314.1404587469174
 20
-11.96250000000146
 30
0.0
  0
VERTEX
  5
A8
330
60
100
AcDbEntity
  8
1_ANYTOOL_1MMDEEP_LABELS_S
100
AcDbVertex
100
AcDb2dVertex
 10
314.0530703540602
 20
-11.38962053571549
 30
0.0
  0
VERTEX
  5
A9
330
60
100
AcDbEntity
  8
1_ANYTOOL_1MMDEEP_LABELS_S
100
AcDbVertex
100
AcDb2dVertex
 10
314.0020937915602
 20
-11.10544084821538
 30
0.0
  0
VERTEX
  5
AA
330
60
100
AcDbEntity
  8
1_ANYTOOL_1MMDEEP_LABELS_S
100
AcDbVertex
100
AcDb2dVertex
 10
313.9462623183459
 20
-10.82276785714384
 30
0.0
  0
VERTEX
  5
AB
330
60
100
AcDbEntity
  8
1_ANYTOOL_1MMDEEP_LABELS_S
100
AcDbVertex
100
AcDb2dVertex
 10
313.8855759344174
 20
-10.54160156250089
 30
0.0
  0
VERTEX
  5
AC
330
60
100
AcDbEntity
  8
1_ANYTOOL_1MMDEEP_LABELS_S
100
AcDbVertex
100
AcDb2dVertex
 10
313.8200346397745
 20
-10.26194196428651
 30
0.0
  0
VERTEX
  5
AD
330
60
100
AcDbEntity
  8
1_ANYTOOL_1MMDEEP_LABELS_S
100
AcDbVertex
100
AcDb2dVertex
 10
313.7496384344173
 20
-9.983789062500705
 30
0.0
  0
VERTEX
  5
AE
330
60
100
AcDbEntity
  8
1_ANYTOOL_1MMDEEP_LABELS_S
100
AcDbVertex
100
AcDb2dVertex
 10
313.6743873183459
 20
-9.70714285714348
 30
0.0
  0
VERTEX
  5
AF
330
60
100
AcDbEntity
  8
1_ANYTOOL_1MMDEEP_LABELS_S
100
AcDbVertex
100
AcDb2dVertex
 10
313.5942812915602
 20
-9.432003348214835
 30
0.0
  0
VERTEX
  5
B0
330
60
100
AcDbEntity
  8
1_ANYTOOL_1MMDEEP_LABELS_S
100
AcDbVertex
100
AcDb2dVertex
 10
313.5093203540602
 20
-9.158370535714766
 30
0.0
  0
VERTEX
  5
B1
330
60
100
AcDbEntity
  8
1_ANYTOOL_1MMDEEP_LABELS_S
100
AcDbVertex
100
AcDb2dVertex
 10
313.4195045058459
 20
-8.886244419643276
 30
0.0
  0
VERTEX
  5
B2
330
60
100
AcDbEntity
  8
1_ANYTOOL_1MMDEEP_LABELS_S
100
AcDbVertex
100
AcDb2dVertex
 10
313.3248337469173
 20
-8.615625000000364
 30
0.0
  0
VERTEX
  5
B3
330
60
100
AcDbEntity
  8
1_ANYTOOL_1MMDEEP_LABELS_S
100
AcDbVertex
100
AcDb2dVertex
 10
313.2253080772744
 20
-8.34651227678603
 30
0.0
  0
VERTEX
  5
B4
330
60
100
AcDbEntity
  8
1_ANYTOOL_1MMDEEP_LABELS_S
100
AcDbVertex
100
AcDb2dVertex
 10
313.1209274969173
 20
-8.078906250000273
 30
0.0
  0
VERTEX
  5
B5
330
60
100
AcDbEntity
  8
1_ANYTOOL_1MMDEEP_LABELS_S
100
AcDbVertex
100
AcDb2dVertex
 10
313.0116920058458
 20
-7.812806919643094
 30
0.0
  0
VERTEX
  5
B6
330
60
100
AcDbEntity
  8
1_ANYTOOL_1MMDEEP_LABELS_S
100
AcDbVertex
100
AcDb2dVertex
 10
312.8976016040601
 20
-7.548214285714494
 30
0.0
  0
VERTEX
  5
B7
330
60
100
AcDbEntity
  8
1_ANYTOOL_1MMDEEP_LABELS_S
100
AcDbVertex
100
AcDb2dVertex
 10
312.6548560683458
 20
-7.023549107143026
 30
0.0
  0
VERTEX
  5
B8
330
60
100
AcDbEntity
  8
1_ANYTOOL_1MMDEEP_LABELS_S
100
AcDbVertex
100
AcDb2dVertex
 10
312.3926908897744
 20
-6.50491071428587
 30
0.0
  0
VERTEX
  5
B9
330
60
100
AcDbEntity
  8
1_ANYTOOL_1MMDEEP_LABELS_S
100
AcDbVertex
100
AcDb2dVertex
 10
312.1111060683457
 20
-5.992299107143026
 30
0.0
  0
VERTEX
  5
BA
330
60
100
AcDbEntity
  8
1_ANYTOOL_1MMDEEP_LABELS_S
100
AcDbVertex
100
AcDb2dVertex
 10
311.81010160406
 20
-5.485714285714494
 30
0.0
  0
VERTEX
  5
BB
330
60
100
AcDbEntity
  8
1_ANYTOOL_1MMDEEP_LABELS_S
100
AcDbVertex
100
AcDb2dVertex
 10
311.6155285013816
 20
-5.179645647321614
 30
0.0
  0
VERTEX
  5
BC
330
60
100
AcDbEntity
  8
1_ANYTOOL_1MMDEEP_LABELS_S
100
AcDbVertex
100
AcDb2dVertex
 10
311.4175234790602
 20
-4.882868303571598
 30
0.0
  0
VERTEX
  5
BD
330
60
100
AcDbEntity
  8
1_ANYTOOL_1MMDEEP_LABELS_S
100
AcDbVertex
100
AcDb2dVertex
 10
311.216086537096
 20
-4.595382254464447
 30
0.0
  0
VERTEX
  5
BE
330
60
100
AcDbEntity
  8
1_ANYTOOL_1MMDEEP_LABELS_S
100
AcDbVertex
100
AcDb2dVertex
 10
311.011217675489
 20
-4.317187500000159
 30
0.0
  0
VERTEX
  5
BF
330
60
100
AcDbEntity
  8
1_ANYTOOL_1MMDEEP_LABELS_S
100
AcDbVertex
100
AcDb2dVertex
 10
310.802916894239
 20
-4.048284040178736
 30
0.0
  0
VERTEX
  5
C0
330
60
100
AcDbEntity
  8
1_ANYTOOL_1MMDEEP_LABELS_S
100
AcDbVertex
100
AcDb2dVertex
 10
310.5911841933464
 20
-3.788671875000176
 30
0.0
  0
VERTEX
  5
C1
330
60
100
AcDbEntity
  8
1_ANYTOOL_1MMDEEP_LABELS_S
100
AcDbVertex
100
AcDb2dVertex
 10
310.3760195728108
 20
-3.538351004464481
 30
0.0
  0
VERTEX
  5
C2
330
60
100
AcDbEntity
  8
1_ANYTOOL_1MMDEEP_LABELS_S
100
AcDbVertex
100
AcDb2dVertex
 10
310.1574230326323
 20
-3.297321428571649
 30
0.0
  0
VERTEX
  5
C3
330
60
100
AcDbEntity
  8
1_ANYTOOL_1MMDEEP_LABELS_S
100
AcDbVertex
100
AcDb2dVertex
 10
309.935394572811
 20
-3.065583147321682
 30
0.0
  0
VERTEX
  5
C4
330
60
100
AcDbEntity
  8
1_ANYTOOL_1MMDEEP_LABELS_S
100
AcDbVertex
100
AcDb2dVertex
 10
309.7099341933469
 20
-2.843136160714579
 30
0.0
  0
VERTEX
  5
C5
330
60
100
AcDbEntity
  8
1_ANYTOOL_1MMDEEP_LABELS_S
100
AcDbVertex
100
AcDb2dVertex
 10
309.4810418942399
 20
-2.62998046875034
 30
0.0
  0
VERTEX
  5
C6
330
60
100
AcDbEntity
  8
1_ANYTOOL_1MMDEEP_LABELS_S
100
AcDbVertex
100
AcDb2dVertex
 10
309.2487176754901
 20
-2.426116071428964
 30
0.0
  0
VERTEX
  5
C7
330
60
100
AcDbEntity
  8
1_ANYTOOL_1MMDEEP_LABELS_S
100
AcDbVertex
100
AcDb2dVertex
 10
309.0129615370973
 20
-2.231542968750453
 30
0.0
  0
VERTEX
  5
C8
330
60
100
AcDbEntity
  8
1_ANYTOOL_1MMDEEP_LABELS_S
100
AcDbVertex
100
AcDb2dVertex
 10
308.7737734790618
 20
-2.046261160714806
 30
0.0
  0
VERTEX
  5
C9
330
60
100
AcDbEntity
  8
1_ANYTOOL_1MMDEEP_LABELS_S
100
AcDbVertex
100
AcDb2dVertex
 10
308.5311535013835
 20
-1.870270647322023
 30
0.0
  0
VERTEX
  5
CA
330
60
100
AcDbEntity
  8
1_ANYTOOL_1MMDEEP_LABELS_S
100
AcDbVertex
100
AcDb2dVertex
 10
308.2851016040622
 20
-1.703571428572104
 30
0.0
  0
VERTEX
  5
CB
330
60
100
AcDbEntity
  8
1_ANYTOOL_1MMDEEP_LABELS_S
100
AcDbVertex
100
AcDb2dVertex
 10
308.0356177870981
 20
-1.546163504465049
 30
0.0
  0
VERTEX
  5
CC
330
60
100
AcDbEntity
  8
1_ANYTOOL_1MMDEEP_LABELS_S
100
AcDbVertex
100
AcDb2dVertex
 10
307.7827020504912
 20
-1.398046875000858
 30
0.0
  0
VERTEX
  5
CD
330
60
100
AcDbEntity
  8
1_ANYTOOL_1MMDEEP_LABELS_S
100
AcDbVertex
100
AcDb2dVertex
 10
307.5263543942414
 20
-1.259221540179531
 30
0.0
  0
VERTEX
  5
CE
330
60
100
AcDbEntity
  8
1_ANYTOOL_1MMDEEP_LABELS_S
100
AcDbVertex
100
AcDb2dVertex
 10
307.2665748183488
 20
-1.129687500001069
 30
0.0
  0
VERTEX
  5
CF
330
60
100
AcDbEntity
  8
1_ANYTOOL_1MMDEEP_LABELS_S
100
AcDbVertex
100
AcDb2dVertex
 10
307.0033633228132
 20
-1.00944475446547
 30
0.0
  0
VERTEX
  5
D0
330
60
100
AcDbEntity
  8
1_ANYTOOL_1MMDEEP_LABELS_S
100
AcDbVertex
100
AcDb2dVertex
 10
306.7367199076349
 20
-0.8984933035727352
 30
0.0
  0
VERTEX
  5
D1
330
60
100
AcDbEntity
  8
1_ANYTOOL_1MMDEEP_LABELS_S
100
AcDbVertex
100
AcDb2dVertex
 10
306.4666445728138
 20
-0.7968331473228645
 30
0.0
  0
VERTEX
  5
D2
330
60
100
AcDbEntity
  8
1_ANYTOOL_1MMDEEP_LABELS_S
100
AcDbVertex
100
AcDb2dVertex
 10
306.1931373183497
 20
-0.7044642857158578
 30
0.0
  0
VERTEX
  5
D3
330
60
100
AcDbEntity
  8
1_ANYTOOL_1MMDEEP_LABELS_S
100
AcDbVertex
100
AcDb2dVertex
 10
305.9161981442429
 20
-0.6213867187517153
 30
0.0
  0
VERTEX
  5
D4
330
60
100
AcDbEntity
  8
1_ANYTOOL_1MMDEEP_LABELS_S
100
AcDbVertex
100
AcDb2dVertex
 10
305.6358270504931
 20
-0.5476004464304367
 30
0.0
  0
VERTEX
  5
D5
330
60
100
AcDbEntity
  8
1_ANYTOOL_1MMDEEP_LABELS_S
100
AcDbVertex
100
AcDb2dVertex
 10
305.3520240371005
 20
-0.4831054687520222
 30
0.0
  0
VERTEX
  5
D6
330
60
100
AcDbEntity
  8
1_ANYTOOL_1MMDEEP_LABELS_S
100
AcDbVertex
100
AcDb2dVertex
 10
305.0647891040651
 20
-0.4279017857164717
 30
0.0
  0
VERTEX
  5
D7
330
60
100
AcDbEntity
  8
1_ANYTOOL_1MMDEEP_LABELS_S
100
AcDbVertex
100
AcDb2dVertex
 10
304.7741222513868
 20
-0.3819893973237853
 30
0.0
  0
VERTEX
  5
D8
330
60
100
AcDbEntity
  8
1_ANYTOOL_1MMDEEP_LABELS_S
100
AcDbVertex
100
AcDb2dVertex
 10
304.4800234790657
 20
-0.345368303573963
 30
0.0
  0
VERTEX
  5
D9
330
60
100
AcDbEntity
  8
1_ANYTOOL_1MMDEEP_LABELS_S
100
AcDbVertex
100
AcDb2dVertex
 10
304.1824927871017
 20
-0.3180385044670047
 30
0.0
  0
VERTEX
  5
DA
330
60
100
AcDbEntity
  8
1_ANYTOOL_1MMDEEP_LABELS_S
100
AcDbVertex
100
AcDb2dVertex
 10
303.8815301754948
 20
-0.3000000000029104
 30
0.0
  0
VERTEX
  5
DB
330
60
100
AcDbEntity
  8
1_ANYTOOL_1MMDEEP_LABELS_S
100
AcDbVertex
100
AcDb2dVertex
 10
298.9851016040648
 20
-0.0964285714289872
 30
0.0
  0
SEQEND
  5
DC
330
60
100
AcDbEntity
  8
1_ANYTOOL_1MMDEEP_LABELS_S
  0
LINE
  5
DD
330
1F
100
AcDbEntity
  8
1_ANYTOOL_1MMDEEP_LABELS_S
100
AcDbLine
 10
290.4672444612079
 20
-0.4714285714289872
 30
0.0
 11
273.281530175489
 21
-31.24285714285361
 31
0.0
  0
POLYLINE
  5
DE
330
1F
100
AcDbEntity
  8
1_ANYTOOL_1MMDEEP_LABELS_S
100
AcDb2dPolyline
 66
     1
 10
0.0
 20
0.0
 30
0.0
  0
VERTEX
  5
DF
330
DE
100
AcDbEntity
  8
1_ANYTOOL_1MMDEEP_LABELS_S
100
AcDbVertex
100
AcDb2dVertex
 10
250.0958158897774
 20
-25.24285714285361
 30
0.0
  0
VERTEX
  5
E0
330
DE
100
AcDbEntity
  8
1_ANYTOOL_1MMDEEP_LABELS_S
100
AcDbVertex
100
AcDb2dVertex
 10
250.304367787099
 20
-25.53553292410383
 30
0.0
  0
VERTEX
  5
E1
330
DE
100
AcDbEntity
  8
1_ANYTOOL_1MMDEEP_LABELS_S
100
AcDbVertex
100
AcDb2dVertex
 10
250.5175234790635
 20
-25.81891741071118
 30
0.0
  0
VERTEX
  5
E2
330
DE
100
AcDbEntity
  8
1_ANYTOOL_1MMDEEP_LABELS_S
100
AcDbVertex
100
AcDb2dVertex
 10
250.7352829656708
 20
-26.09301060267567
 30
0.0
  0
VERTEX
  5
E3
330
DE
100
AcDbEntity
  8
1_ANYTOOL_1MMDEEP_LABELS_S
100
AcDbVertex
100
AcDb2dVertex
 10
250.9576462469209
 20
-26.35781249999729
 30
0.0
  0
VERTEX
  5
E4
330
DE
100
AcDbEntity
  8
1_ANYTOOL_1MMDEEP_LABELS_S
100
AcDbVertex
100
AcDb2dVertex
 10
251.184613322814
 20
-26.61332310267606
 30
0.0
  0
VERTEX
  5
E5
330
DE
100
AcDbEntity
  8
1_ANYTOOL_1MMDEEP_LABELS_S
100
AcDbVertex
100
AcDb2dVertex
 10
251.4161841933498
 20
-26.85954241071195
 30
0.0
  0
VERTEX
  5
E6
330
DE
100
AcDbEntity
  8
1_ANYTOOL_1MMDEEP_LABELS_S
100
AcDbVertex
100
AcDb2dVertex
 10
251.6523588585285
 20
-27.09647042410499
 30
0.0
  0
VERTEX
  5
E7
330
DE
100
AcDbEntity
  8
1_ANYTOOL_1MMDEEP_LABELS_S
100
AcDbVertex
100
AcDb2dVertex
 10
251.89313731835
 20
-27.32410714285515
 30
0.0
  0
VERTEX
  5
E8
330
DE
100
AcDbEntity
  8
1_ANYTOOL_1MMDEEP_LABELS_S
100
AcDbVertex
100
AcDb2dVertex
 10
252.1385195728144
 20
-27.54245256696246
 30
0.0
  0
VERTEX
  5
E9
330
DE
100
AcDbEntity
  8
1_ANYTOOL_1MMDEEP_LABELS_S
100
AcDbVertex
100
AcDb2dVertex
 10
252.3885056219216
 20
-27.7515066964269
 30
0.0
  0
VERTEX
  5
EA
330
DE
100
AcDbEntity
  8
1_ANYTOOL_1MMDEEP_LABELS_S
100
AcDbVertex
100
AcDb2dVertex
 10
252.6430954656717
 20
-27.95126953124848
 30
0.0
  0
VERTEX
  5
EB
330
DE
100
AcDbEntity
  8
1_ANYTOOL_1MMDEEP_LABELS_S
100
AcDbVertex
100
AcDb2dVertex
 10
252.9022891040646
 20
-28.14174107142719
 30
0.0
  0
VERTEX
  5
EC
330
DE
100
AcDbEntity
  8
1_ANYTOOL_1MMDEEP_LABELS_S
100
AcDbVertex
100
AcDb2dVertex
 10
253.1660865371004
 20
-28.32292131696304
 30
0.0
  0
VERTEX
  5
ED
330
DE
100
AcDbEntity
  8
1_ANYTOOL_1MMDEEP_LABELS_S
100
AcDbVertex
100
AcDb2dVertex
 10
253.434487764779
 20
-28.49481026785602
 30
0.0
  0
VERTEX
  5
EE
330
DE
100
AcDbEntity
  8
1_ANYTOOL_1MMDEEP_LABELS_S
100
AcDbVertex
100
AcDb2dVertex
 10
253.7074927871004
 20
-28.65740792410615
 30
0.0
  0
VERTEX
  5
EF
330
DE
100
AcDbEntity
  8
1_ANYTOOL_1MMDEEP_LABELS_S
100
AcDbVertex
100
AcDb2dVertex
 10
253.9851016040648
 20
-28.8107142857134
 30
0.0
  0
VERTEX
  5
F0
330
DE
100
AcDbEntity
  8
1_ANYTOOL_1MMDEEP_LABELS_S
100
AcDbVertex
100
AcDb2dVertex
 10
254.2673142156719
 20
-28.95472935267779
 30
0.0
  0
VERTEX
  5
F1
330
DE
100
AcDbEntity
  8
1_ANYTOOL_1MMDEEP_LABELS_S
100
AcDbVertex
100
AcDb2dVertex
 10
254.5541306219219
 20
-29.08945312499932
 30
0.0
  0
VERTEX
  5
F2
330
DE
100
AcDbEntity
  8
1_ANYTOOL_1MMDEEP_LABELS_S
100
AcDbVertex
100
AcDb2dVertex
 10
254.8455508228148
 20
-29.21488560267799
 30
0.0
  0
VERTEX
  5
F3
330
DE
100
AcDbEntity
  8
1_ANYTOOL_1MMDEEP_LABELS_S
100
AcDbVertex
100
AcDb2dVertex
 10
255.1415748183505
 20
-29.33102678571379
 30
0.0
  0
VERTEX
  5
F4
330
DE
100
AcDbEntity
  8
1_ANYTOOL_1MMDEEP_LABELS_S
100
AcDbVertex
100
AcDb2dVertex
 10
255.442202608529
 20
-29.43787667410673
 30
0.0
  0
VERTEX
  5
F5
330
DE
100
AcDbEntity
  8
1_ANYTOOL_1MMDEEP_LABELS_S
100
AcDbVertex
100
AcDb2dVertex
 10
255.7474341933504
 20
-29.5354352678568
 30
0.0
  0
VERTEX
  5
F6
330
DE
100
AcDbEntity
  8
1_ANYTOOL_1MMDEEP_LABELS_S
100
AcDbVertex
100
AcDb2dVertex
 10
256.0572695728147
 20
-29.62370256696401
 30
0.0
  0
VERTEX
  5
F7
330
DE
100
AcDbEntity
  8
1_ANYTOOL_1MMDEEP_LABELS_S
100
AcDbVertex
100
AcDb2dVertex
 10
256.3717087469217
 20
-29.70267857142835
 30
0.0
  0
VERTEX
  5
F8
330
DE
100
AcDbEntity
  8
1_ANYTOOL_1MMDEEP_LABELS_S
100
AcDbVertex
100
AcDb2dVertex
 10
256.6907517156717
 20
-29.77236328124983
 30
0.0
  0
VERTEX
  5
F9
330
DE
100
AcDbEntity
  8
1_ANYTOOL_1MMDEEP_LABELS_S
100
AcDbVertex
100
AcDb2dVertex
 10
257.0143984790644
 20
-29.83275669642845
 30
0.0
  0
VERTEX
  5
FA
330
DE
100
AcDbEntity
  8
1_ANYTOOL_1MMDEEP_LABELS_S
100
AcDbVertex
100
AcDb2dVertex
 10
257.3426490371
 20
-29.8838588169642
 30
0.0
  0
VERTEX
  5
FB
330
DE
100
AcDbEntity
  8
1_ANYTOOL_1MMDEEP_LABELS_S
100
AcDbVertex
100
AcDb2dVertex
 10
257.6755033897786
 20
-29.92566964285709
 30
0.0
  0
VERTEX
  5
FC
330
DE
100
AcDbEntity
  8
1_ANYTOOL_1MMDEEP_LABELS_S
100
AcDbVertex
100
AcDb2dVertex
 10
258.0129615370999
 20
-29.95818917410711
 30
0.0
  0
VERTEX
  5
FD
330
DE
100
AcDbEntity
  8
1_ANYTOOL_1MMDEEP_LABELS_S
100
AcDbVertex
100
AcDb2dVertex
 10
258.355023479064
 20
-29.98141741071427
 30
0.0
  0
VERTEX
  5
FE
330
DE
100
AcDbEntity
  8
1_ANYTOOL_1MMDEEP_LABELS_S
100
AcDbVertex
100
AcDb2dVertex
 10
258.7016892156711
 20
-29.99535435267857
 30
0.0
  0
VERTEX
  5
FF
330
DE
100
AcDbEntity
  8
1_ANYTOOL_1MMDEEP_LABELS_S
100
AcDbVertex
100
AcDb2dVertex
 10
259.0529587469209
 20
-30.0
 30
0.0
  0
VERTEX
  5
100
330
DE
100
AcDbEntity
  8
1_ANYTOOL_1MMDEEP_LABELS_S
100
AcDbVertex
100
AcDb2dVertex
 10
259.4674676754926
 20
-29.99598214285714
 30
0.0
  0
VERTEX
  5
101
330
DE
100
AcDbEntity
  8
1_ANYTOOL_1MMDEEP_LABELS_S
100
AcDbVertex
100
AcDb2dVertex
 10
259.8752801754929
 20
-29.98392857142858
 30
0.0
  0
VERTEX
  5
102
330
DE
100
AcDbEntity
  8
1_ANYTOOL_1MMDEEP_LABELS_S
100
AcDbVertex
100
AcDb2dVertex
 10
260.2763962469217
 20
-29.9638392857143
 30
0.0
  0
VERTEX
  5
103
330
DE
100
AcDbEntity
  8
1_ANYTOOL_1MMDEEP_LABELS_S
100
AcDbVertex
100
AcDb2dVertex
 10
260.6708158897791
 20
-29.93571428571431
 30
0.0
  0
VERTEX
  5
104
330
DE
100
AcDbEntity
  8
1_ANYTOOL_1MMDEEP_LABELS_S
100
AcDbVertex
100
AcDb2dVertex
 10
261.058539104065
 20
-29.89955357142861
 30
0.0
  0
VERTEX
  5
105
330
DE
100
AcDbEntity
  8
1_ANYTOOL_1MMDEEP_LABELS_S
100
AcDbVertex
100
AcDb2dVertex
 10
261.4395658897795
 20
-29.8553571428572
 30
0.0
  0
VERTEX
  5
106
330
DE
100
AcDbEntity
  8
1_ANYTOOL_1MMDEEP_LABELS_S
100
AcDbVertex
100
AcDb2dVertex
 10
261.8138962469225
 20
-29.80312500000008
 30
0.0
  0
VERTEX
  5
107
330
DE
100
AcDbEntity
  8
1_ANYTOOL_1MMDEEP_LABELS_S
100
AcDbVertex
100
AcDb2dVertex
 10
262.1815301754941
 20
-29.74285714285725
 30
0.0
  0
VERTEX
  5
108
330
DE
100
AcDbEntity
  8
1_ANYTOOL_1MMDEEP_LABELS_S
100
AcDbVertex
100
AcDb2dVertex
 10
262.5424676754943
 20
-29.6745535714287
 30
0.0
  0
VERTEX
  5
109
330
DE
100
AcDbEntity
  8
1_ANYTOOL_1MMDEEP_LABELS_S
100
AcDbVertex
100
AcDb2dVertex
 10
262.896708746923
 20
-29.59821428571445
 30
0.0
  0
VERTEX
  5
10A
330
DE
100
AcDbEntity
  8
1_ANYTOOL_1MMDEEP_LABELS_S
100
AcDbVertex
100
AcDb2dVertex
 10
263.2442533897802
 20
-29.51383928571448
 30
0.0
  0
VERTEX
  5
10B
330
DE
100
AcDbEntity
  8
1_ANYTOOL_1MMDEEP_LABELS_S
100
AcDbVertex
100
AcDb2dVertex
 10
263.585101604066
 20
-29.42142857142881
 30
0.0
  0
VERTEX
  5
10C
330
DE
100
AcDbEntity
  8
1_ANYTOOL_1MMDEEP_LABELS_S
100
AcDbVertex
100
AcDb2dVertex
 10
263.9192533897804
 20
-29.32098214285742
 30
0.0
  0
VERTEX
  5
10D
330
DE
100
AcDbEntity
  8
1_ANYTOOL_1MMDEEP_LABELS_S
100
AcDbVertex
100
AcDb2dVertex
 10
264.2467087469233
 20
-29.21250000000032
 30
0.0
  0
VERTEX
  5
10E
330
DE
100
AcDbEntity
  8
1_ANYTOOL_1MMDEEP_LABELS_S
100
AcDbVertex
100
AcDb2dVertex
 10
264.5674676754948
 20
-29.09598214285751
 30
0.0
  0
VERTEX
  5
10F
330
DE
100
AcDbEntity
  8
1_ANYTOOL_1MMDEEP_LABELS_S
100
AcDbVertex
100
AcDb2dVertex
 10
264.8815301754948
 20
-28.97142857142899
 30
0.0
  0
VERTEX
  5
110
330
DE
100
AcDbEntity
  8
1_ANYTOOL_1MMDEEP_LABELS_S
100
AcDbVertex
100
AcDb2dVertex
 10
265.0386032781734
 20
-28.90237165178619
 30
0.0
  0
VERTEX
  5
111
330
DE
100
AcDbEntity
  8
1_ANYTOOL_1MMDEEP_LABELS_S
100
AcDbVertex
100
AcDb2dVertex
 10
265.1937511576376
 20
-28.82912946428624
 30
0.0
  0
VERTEX
  5
112
330
DE
100
AcDbEntity
  8
1_ANYTOOL_1MMDEEP_LABELS_S
100
AcDbVertex
100
AcDb2dVertex
 10
265.3469738138876
 20
-28.75170200892914
 30
0.0
  0
VERTEX
  5
113
330
DE
100
AcDbEntity
  8
1_ANYTOOL_1MMDEEP_LABELS_S
100
AcDbVertex
100
AcDb2dVertex
 10
265.4982712469233
 20
-28.67008928571488
 30
0.0
  0
VERTEX
  5
114
330
DE
100
AcDbEntity
  8
1_ANYTOOL_1MMDEEP_LABELS_S
100
AcDbVertex
100
AcDb2dVertex
 10
265.6476434567447
 20
-28.58429129464347
 30
0.0
  0
VERTEX
  5
115
330
DE
100
AcDbEntity
  8
1_ANYTOOL_1MMDEEP_LABELS_S
100
AcDbVertex
100
AcDb2dVertex
 10
265.7950904433518
 20
-28.49430803571491
 30
0.0
  0
VERTEX
  5
116
330
DE
100
AcDbEntity
  8
1_ANYTOOL_1MMDEEP_LABELS_S
100
AcDbVertex
100
AcDb2dVertex
 10
265.9406122067446
 20
-28.40013950892919
 30
0.0
  0
VERTEX
  5
117
330
DE
100
AcDbEntity
  8
1_ANYTOOL_1MMDEEP_LABELS_S
100
AcDbVertex
100
AcDb2dVertex
 10
266.0842087469232
 20
-28.30178571428632
 30
0.0
  0
VERTEX
  5
118
330
DE
100
AcDbEntity
  8
1_ANYTOOL_1MMDEEP_LABELS_S
100
AcDbVertex
100
AcDb2dVertex
 10
266.2258800638874
 20
-28.1992466517863
 30
0.0
  0
VERTEX
  5
119
330
DE
100
AcDbEntity
  8
1_ANYTOOL_1MMDEEP_LABELS_S
100
AcDbVertex
100
AcDb2dVertex
 10
266.3656261576374
 20
-28.09252232142913
 30
0.0
  0
VERTEX
  5
11A
330
DE
100
AcDbEntity
  8
1_ANYTOOL_1MMDEEP_LABELS_S
100
AcDbVertex
100
AcDb2dVertex
 10
266.5034470281731
 20
-27.9816127232148
 30
0.0
  0
VERTEX
  5
11B
330
DE
100
AcDbEntity
  8
1_ANYTOOL_1MMDEEP_LABELS_S
100
AcDbVertex
100
AcDb2dVertex
 10
266.6393426754945
 20
-27.86651785714332
 30
0.0
  0
VERTEX
  5
11C
330
DE
100
AcDbEntity
  8
1_ANYTOOL_1MMDEEP_LABELS_S
100
AcDbVertex
100
AcDb2dVertex
 10
266.7733130996016
 20
-27.74723772321469
 30
0.0
  0
VERTEX
  5
11D
330
DE
100
AcDbEntity
  8
1_ANYTOOL_1MMDEEP_LABELS_S
100
AcDbVertex
100
AcDb2dVertex
 10
266.9053583004944
 20
-27.6237723214289
 30
0.0
  0
VERTEX
  5
11E
330
DE
100
AcDbEntity
  8
1_ANYTOOL_1MMDEEP_LABELS_S
100
AcDbVertex
100
AcDb2dVertex
 10
267.0354782781729
 20
-27.49612165178596
 30
0.0
  0
VERTEX
  5
11F
330
DE
100
AcDbEntity
  8
1_ANYTOOL_1MMDEEP_LABELS_S
100
AcDbVertex
100
AcDb2dVertex
 10
267.1636730326372
 20
-27.36428571428587
 30
0.0
  0
VERTEX
  5
120
330
DE
100
AcDbEntity
  8
1_ANYTOOL_1MMDEEP_LABELS_S
100
AcDbVertex
100
AcDb2dVertex
 10
267.2899425638872
 20
-27.22826450892862
 30
0.0
  0
VERTEX
  5
121
330
DE
100
AcDbEntity
  8
1_ANYTOOL_1MMDEEP_LABELS_S
100
AcDbVertex
100
AcDb2dVertex
 10
267.4142868719229
 20
-27.08805803571423
 30
0.0
  0
VERTEX
  5
122
330
DE
100
AcDbEntity
  8
1_ANYTOOL_1MMDEEP_LABELS_S
100
AcDbVertex
100
AcDb2dVertex
 10
267.5367059567443
 20
-26.94366629464268
 30
0.0
  0
VERTEX
  5
123
330
DE
100
AcDbEntity
  8
1_ANYTOOL_1MMDEEP_LABELS_S
100
AcDbVertex
100
AcDb2dVertex
 10
267.6571998183514
 20
-26.79508928571397
 30
0.0
  0
VERTEX
  5
124
330
DE
100
AcDbEntity
  8
1_ANYTOOL_1MMDEEP_LABELS_S
100
AcDbVertex
100
AcDb2dVertex
 10
267.7757684567442
 20
-26.64232700892811
 30
0.0
  0
VERTEX
  5
125
330
DE
100
AcDbEntity
  8
1_ANYTOOL_1MMDEEP_LABELS_S
100
AcDbVertex
100
AcDb2dVertex
 10
267.8924118719227
 20
-26.4853794642851
 30
0.0
  0
VERTEX
  5
126
330
DE
100
AcDbEntity
  8
1_ANYTOOL_1MMDEEP_LABELS_S
100
AcDbVertex
100
AcDb2dVertex
 10
268.007130063887
 20
-26.32424665178494
 30
0.0
  0
VERTEX
  5
127
330
DE
100
AcDbEntity
  8
1_ANYTOOL_1MMDEEP_LABELS_S
100
AcDbVertex
100
AcDb2dVertex
 10
268.119923032637
 20
-26.15892857142762
 30
0.0
  0
VERTEX
  5
128
330
DE
100
AcDbEntity
  8
1_ANYTOOL_1MMDEEP_LABELS_S
100
AcDbVertex
100
AcDb2dVertex
 10
268.2307907781726
 20
-25.98942522321315
 30
0.0
  0
VERTEX
  5
129
330
DE
100
AcDbEntity
  8
1_ANYTOOL_1MMDEEP_LABELS_S
100
AcDbVertex
100
AcDb2dVertex
 10
268.339733300494
 20
-25.81573660714153
 30
0.0
  0
VERTEX
  5
12A
330
DE
100
AcDbEntity
  8
1_ANYTOOL_1MMDEEP_LABELS_S
100
AcDbVertex
100
AcDb2dVertex
 10
268.4467505996011
 20
-25.63786272321276
 30
0.0
  0
VERTEX
  5
12B
330
DE
100
AcDbEntity
  8
1_ANYTOOL_1MMDEEP_LABELS_S
100
AcDbVertex
100
AcDb2dVertex
 10
268.551842675494
 20
-25.45580357142683
 30
0.0
  0
VERTEX
  5
12C
330
DE
100
AcDbEntity
  8
1_ANYTOOL_1MMDEEP_LABELS_S
100
AcDbVertex
100
AcDb2dVertex
 10
268.7562511576367
 20
-25.07912946428351
 30
0.0
  0
VERTEX
  5
12D
330
DE
100
AcDbEntity
  8
1_ANYTOOL_1MMDEEP_LABELS_S
100
AcDbVertex
100
AcDb2dVertex
 10
268.9529587469224
 20
-24.68571428571158
 30
0.0
  0
VERTEX
  5
12E
330
DE
100
AcDbEntity
  8
1_ANYTOOL_1MMDEEP_LABELS_S
100
AcDbVertex
100
AcDb2dVertex
 10
269.0671328540653
 20
-24.43962053571155
 30
0.0
  0
VERTEX
  5
12F
330
DE
100
AcDbEntity
  8
1_ANYTOOL_1MMDEEP_LABELS_S
100
AcDbVertex
100
AcDb2dVertex
 10
269.1739408897797
 20
-24.19419642856872
 30
0.0
  0
VERTEX
  5
130
330
DE
100
AcDbEntity
  8
1_ANYTOOL_1MMDEEP_LABELS_S
100
AcDbVertex
100
AcDb2dVertex
 10
269.2733828540655
 20
-23.94944196428307
 30
0.0
  0
VERTEX
  5
131
330
DE
100
AcDbEntity
  8
1_ANYTOOL_1MMDEEP_LABELS_S
100
AcDbVertex
100
AcDb2dVertex
 10
269.3654587469227
 20
-23.70535714285461
 30
0.0
  0
VERTEX
  5
132
330
DE
100
AcDbEntity
  8
1_ANYTOOL_1MMDEEP_LABELS_S
100
AcDbVertex
100
AcDb2dVertex
 10
269.4501685683514
 20
-23.46194196428334
 30
0.0
  0
VERTEX
  5
133
330
DE
100
AcDbEntity
  8
1_ANYTOOL_1MMDEEP_LABELS_S
100
AcDbVertex
100
AcDb2dVertex
 10
269.5275123183515
 20
-23.21919642856926
 30
0.0
  0
VERTEX
  5
134
330
DE
100
AcDbEntity
  8
1_ANYTOOL_1MMDEEP_LABELS_S
100
AcDbVertex
100
AcDb2dVertex
 10
269.5974899969229
 20
-22.97712053571237
 30
0.0
  0
VERTEX
  5
135
330
DE
100
AcDbEntity
  8
1_ANYTOOL_1MMDEEP_LABELS_S
100
AcDbVertex
100
AcDb2dVertex
 10
269.6601016040659
 20
-22.73571428571267
 30
0.0
  0
VERTEX
  5
136
330
DE
100
AcDbEntity
  8
1_ANYTOOL_1MMDEEP_LABELS_S
100
AcDbVertex
100
AcDb2dVertex
 10
269.7153471397802
 20
-22.49497767857017
 30
0.0
  0
VERTEX
  5
137
330
DE
100
AcDbEntity
  8
1_ANYTOOL_1MMDEEP_LABELS_S
100
AcDbVertex
100
AcDb2dVertex
 10
269.7632266040659
 20
-22.25491071428485
 30
0.0
  0
VERTEX
  5
138
330
DE
100
AcDbEntity
  8
1_ANYTOOL_1MMDEEP_LABELS_S
100
AcDbVertex
100
AcDb2dVertex
 10
269.8037399969231
 20
-22.01551339285672
 30
0.0
  0
VERTEX
  5
139
330
DE
100
AcDbEntity
  8
1_ANYTOOL_1MMDEEP_LABELS_S
100
AcDbVertex
100
AcDb2dVertex
 10
269.8368873183517
 20
-21.77678571428578
 30
0.0
  0
VERTEX
  5
13A
330
DE
100
AcDbEntity
  8
1_ANYTOOL_1MMDEEP_LABELS_S
100
AcDbVertex
100
AcDb2dVertex
 10
269.8626685683518
 20
-21.53872767857203
 30
0.0
  0
VERTEX
  5
13B
330
DE
100
AcDbEntity
  8
1_ANYTOOL_1MMDEEP_LABELS_S
100
AcDbVertex
100
AcDb2dVertex
 10
269.8810837469232
 20
-21.30133928571547
 30
0.0
  0
VERTEX
  5
13C
330
DE
100
AcDbEntity
  8
1_ANYTOOL_1MMDEEP_LABELS_S
100
AcDbVertex
100
AcDb2dVertex
 10
269.8921328540661
 20
-21.0646205357161
 30
0.0
  0
VERTEX
  5
13D
330
DE
100
AcDbEntity
  8
1_ANYTOOL_1MMDEEP_LABELS_S
100
AcDbVertex
100
AcDb2dVertex
 10
269.8958158897804
 20
-20.82857142857392
 30
0.0
  0
VERTEX
  5
13E
330
DE
100
AcDbEntity
  8
1_ANYTOOL_1MMDEEP_LABELS_S
100
AcDbVertex
100
AcDb2dVertex
 10
269.8934721397803
 20
-20.56205357143087
 30
0.0
  0
VERTEX
  5
13F
330
DE
100
AcDbEntity
  8
1_ANYTOOL_1MMDEEP_LABELS_S
100
AcDbVertex
100
AcDb2dVertex
 10
269.8864408897804
 20
-20.2982142857164
 30
0.0
  0
VERTEX
  5
140
330
DE
100
AcDbEntity
  8
1_ANYTOOL_1MMDEEP_LABELS_S
100
AcDbVertex
100
AcDb2dVertex
 10
269.8747221397803
 20
-20.0370535714305
 30
0.0
  0
VERTEX
  5
141
330
DE
100
AcDbEntity
  8
1_ANYTOOL_1MMDEEP_LABELS_S
100
AcDbVertex
100
AcDb2dVertex
 10
269.8583158897803
 20
-19.77857142857317
 30
0.0
  0
VERTEX
  5
142
330
DE
100
AcDbEntity
  8
1_ANYTOOL_1MMDEEP_LABELS_S
100
AcDbVertex
100
AcDb2dVertex
 10
269.8372221397804
 20
-19.52276785714442
 30
0.0
  0
VERTEX
  5
143
330
DE
100
AcDbEntity
  8
1_ANYTOOL_1MMDEEP_LABELS_S
100
AcDbVertex
100
AcDb2dVertex
 10
269.8114408897803
 20
-19.26964285714425
 30
0.0
  0
VERTEX
  5
144
330
DE
100
AcDbEntity
  8
1_ANYTOOL_1MMDEEP_LABELS_S
100
AcDbVertex
100
AcDb2dVertex
 10
269.7809721397803
 20
-19.01919642857265
 30
0.0
  0
VERTEX
  5
145
330
DE
100
AcDbEntity
  8
1_ANYTOOL_1MMDEEP_LABELS_S
100
AcDbVertex
100
AcDb2dVertex
 10
269.7458158897803
 20
-18.77142857142962
 30
0.0
  0
VERTEX
  5
146
330
DE
100
AcDbEntity
  8
1_ANYTOOL_1MMDEEP_LABELS_S
100
AcDbVertex
100
AcDb2dVertex
 10
269.7059721397802
 20
-18.52633928571517
 30
0.0
  0
VERTEX
  5
147
330
DE
100
AcDbEntity
  8
1_ANYTOOL_1MMDEEP_LABELS_S
100
AcDbVertex
100
AcDb2dVertex
 10
269.6614408897802
 20
-18.2839285714293
 30
0.0
  0
VERTEX
  5
148
330
DE
100
AcDbEntity
  8
1_ANYTOOL_1MMDEEP_LABELS_S
100
AcDbVertex
100
AcDb2dVertex
 10
269.6122221397802
 20
-18.044196428572
 30
0.0
  0
VERTEX
  5
149
330
DE
100
AcDbEntity
  8
1_ANYTOOL_1MMDEEP_LABELS_S
100
AcDbVertex
100
AcDb2dVertex
 10
269.5583158897801
 20
-17.80714285714328
 30
0.0
  0
VERTEX
  5
14A
330
DE
100
AcDbEntity
  8
1_ANYTOOL_1MMDEEP_LABELS_S
100
AcDbVertex
100
AcDb2dVertex
 10
269.4997221397801
 20
-17.57276785714313
 30
0.0
  0
VERTEX
  5
14B
330
DE
100
AcDbEntity
  8
1_ANYTOOL_1MMDEEP_LABELS_S
100
AcDbVertex
100
AcDb2dVertex
 10
269.4364408897801
 20
-17.34107142857155
 30
0.0
  0
VERTEX
  5
14C
330
DE
100
AcDbEntity
  8
1_ANYTOOL_1MMDEEP_LABELS_S
100
AcDbVertex
100
AcDb2dVertex
 10
269.36847213978
 20
-17.11205357142855
 30
0.0
  0
VERTEX
  5
14D
330
DE
100
AcDbEntity
  8
1_ANYTOOL_1MMDEEP_LABELS_S
100
AcDbVertex
100
AcDb2dVertex
 10
269.29581588978
 20
-16.88571428571413
 30
0.0
  0
VERTEX
  5
14E
330
DE
100
AcDbEntity
  8
1_ANYTOOL_1MMDEEP_LABELS_S
100
AcDbVertex
100
AcDb2dVertex
 10
269.2184721397799
 20
-16.66205357142828
 30
0.0
  0
VERTEX
  5
14F
330
DE
100
AcDbEntity
  8
1_ANYTOOL_1MMDEEP_LABELS_S
100
AcDbVertex
100
AcDb2dVertex
 10
269.1364408897799
 20
-16.44107142857101
 30
0.0
  0
VERTEX
  5
150
330
DE
100
AcDbEntity
  8
1_ANYTOOL_1MMDEEP_LABELS_S
100
AcDbVertex
100
AcDb2dVertex
 10
269.0497221397798
 20
-16.22276785714231
 30
0.0
  0
VERTEX
  5
151
330
DE
100
AcDbEntity
  8
1_ANYTOOL_1MMDEEP_LABELS_S
100
AcDbVertex
100
AcDb2dVertex
 10
268.9583158897798
 20
-16.00714285714218
 30
0.0
  0
VERTEX
  5
152
330
DE
100
AcDbEntity
  8
1_ANYTOOL_1MMDEEP_LABELS_S
100
AcDbVertex
100
AcDb2dVertex
 10
268.8622221397798
 20
-15.79419642857064
 30
0.0
  0
VERTEX
  5
153
330
DE
100
AcDbEntity
  8
1_ANYTOOL_1MMDEEP_LABELS_S
100
AcDbVertex
100
AcDb2dVertex
 10
268.7614408897797
 20
-15.58392857142766
 30
0.0
  0
VERTEX
  5
154
330
DE
100
AcDbEntity
  8
1_ANYTOOL_1MMDEEP_LABELS_S
100
AcDbVertex
100
AcDb2dVertex
 10
268.6559721397796
 20
-15.37633928571326
 30
0.0
  0
VERTEX
  5
155
330
DE
100
AcDbEntity
  8
1_ANYTOOL_1MMDEEP_LABELS_S
100
AcDbVertex
100
AcDb2dVertex
 10
268.5458158897795
 20
-15.17142857142744
 30
0.0
  0
VERTEX
  5
156
330
DE
100
AcDbEntity
  8
1_ANYTOOL_1MMDEEP_LABELS_S
100
AcDbVertex
100
AcDb2dVertex
 10
268.4309721397794
 20
-14.96919642857019
 30
0.0
  0
VERTEX
  5
157
330
DE
100
AcDbEntity
  8
1_ANYTOOL_1MMDEEP_LABELS_S
100
AcDbVertex
100
AcDb2dVertex
 10
268.3114408897794
 20
-14.76964285714152
 30
0.0
  0
VERTEX
  5
158
330
DE
100
AcDbEntity
  8
1_ANYTOOL_1MMDEEP_LABELS_S
100
AcDbVertex
100
AcDb2dVertex
 10
268.1872221397794
 20
-14.57276785714142
 30
0.0
  0
VERTEX
  5
159
330
DE
100
AcDbEntity
  8
1_ANYTOOL_1MMDEEP_LABELS_S
100
AcDbVertex
100
AcDb2dVertex
 10
268.0583158897792
 20
-14.3785714285699
 30
0.0
  0
VERTEX
  5
15A
330
DE
100
AcDbEntity
  8
1_ANYTOOL_1MMDEEP_LABELS_S
100
AcDbVertex
100
AcDb2dVertex
 10
267.9247221397791
 20
-14.18705357142695
 30
0.0
  0
VERTEX
  5
15B
330
DE
100
AcDbEntity
  8
1_ANYTOOL_1MMDEEP_LABELS_S
100
AcDbVertex
100
AcDb2dVertex
 10
267.7864408897791
 20
-13.99821428571258
 30
0.0
  0
VERTEX
  5
15C
330
DE
100
AcDbEntity
  8
1_ANYTOOL_1MMDEEP_LABELS_S
100
AcDbVertex
100
AcDb2dVertex
 10
267.643472139779
 20
-13.81205357142678
 30
0.0
  0
VERTEX
  5
15D
330
DE
100
AcDbEntity
  8
1_ANYTOOL_1MMDEEP_LABELS_S
100
AcDbVertex
100
AcDb2dVertex
 10
267.4958158897789
 20
-13.62857142856956
 30
0.0
  0
VERTEX
  5
15E
330
DE
100
AcDbEntity
  8
1_ANYTOOL_1MMDEEP_LABELS_S
100
AcDbVertex
100
AcDb2dVertex
 10
267.3437232558503
 20
-13.44927455356948
 30
0.0
  0
VERTEX
  5
15F
330
DE
100
AcDbEntity
  8
1_ANYTOOL_1MMDEEP_LABELS_S
100
AcDbVertex
100
AcDb2dVertex
 10
267.1874453540644
 20
-13.27566964285512
 30
0.0
  0
VERTEX
  5
160
330
DE
100
AcDbEntity
  8
1_ANYTOOL_1MMDEEP_LABELS_S
100
AcDbVertex
100
AcDb2dVertex
 10
267.0269821844215
 20
-13.10775669642648
 30
0.0
  0
VERTEX
  5
161
330
DE
100
AcDbEntity
  8
1_ANYTOOL_1MMDEEP_LABELS_S
100
AcDbVertex
100
AcDb2dVertex
 10
266.8623337469214
 20
-12.94553571428355
 30
0.0
  0
VERTEX
  5
162
330
DE
100
AcDbEntity
  8
1_ANYTOOL_1MMDEEP_LABELS_S
100
AcDbVertex
100
AcDb2dVertex
 10
266.6935000415642
 20
-12.78900669642634
 30
0.0
  0
VERTEX
  5
163
330
DE
100
AcDbEntity
  8
1_ANYTOOL_1MMDEEP_LABELS_S
100
AcDbVertex
100
AcDb2dVertex
 10
266.5204810683499
 20
-12.63816964285485
 30
0.0
  0
VERTEX
  5
164
330
DE
100
AcDbEntity
  8
1_ANYTOOL_1MMDEEP_LABELS_S
100
AcDbVertex
100
AcDb2dVertex
 10
266.3432768272784
 20
-12.49302455356907
 30
0.0
  0
VERTEX
  5
165
330
DE
100
AcDbEntity
  8
1_ANYTOOL_1MMDEEP_LABELS_S
100
AcDbVertex
100
AcDb2dVertex
 10
266.1618873183497
 20
-12.35357142856901
 30
0.0
  0
VERTEX
  5
166
330
DE
100
AcDbEntity
  8
1_ANYTOOL_1MMDEEP_LABELS_S
100
AcDbVertex
100
AcDb2dVertex
 10
265.976312541564
 20
-12.21981026785467
 30
0.0
  0
VERTEX
  5
167
330
DE
100
AcDbEntity
  8
1_ANYTOOL_1MMDEEP_LABELS_S
100
AcDbVertex
100
AcDb2dVertex
 10
265.786552496921
 20
-12.09174107142604
 30
0.0
  0
VERTEX
  5
168
330
DE
100
AcDbEntity
  8
1_ANYTOOL_1MMDEEP_LABELS_S
100
AcDbVertex
100
AcDb2dVertex
 10
265.592607184421
 20
-11.96936383928313
 30
0.0
  0
VERTEX
  5
169
330
DE
100
AcDbEntity
  8
1_ANYTOOL_1MMDEEP_LABELS_S
100
AcDbVertex
100
AcDb2dVertex
 10
265.3944766040638
 20
-11.85267857142594
 30
0.0
  0
VERTEX
  5
16A
330
DE
100
AcDbEntity
  8
1_ANYTOOL_1MMDEEP_LABELS_S
100
AcDbVertex
100
AcDb2dVertex
 10
265.1921607558495
 20
-11.74168526785446
 30
0.0
  0
VERTEX
  5
16B
330
DE
100
AcDbEntity
  8
1_ANYTOOL_1MMDEEP_LABELS_S
100
AcDbVertex
100
AcDb2dVertex
 10
264.985659639778
 20
-11.6363839285687
 30
0.0
  0
VERTEX
  5
16C
330
DE
100
AcDbEntity
  8
1_ANYTOOL_1MMDEEP_LABELS_S
100
AcDbVertex
100
AcDb2dVertex
 10
264.7749732558494
 20
-11.53677455356866
 30
0.0
  0
VERTEX
  5
16D
330
DE
100
AcDbEntity
  8
1_ANYTOOL_1MMDEEP_LABELS_S
100
AcDbVertex
100
AcDb2dVertex
 10
264.5601016040637
 20
-11.44285714285434
 30
0.0
  0
VERTEX
  5
16E
330
DE
100
AcDbEntity
  8
1_ANYTOOL_1MMDEEP_LABELS_S
100
AcDbVertex
100
AcDb2dVertex
 10
264.3410446844208
 20
-11.35463169642573
 30
0.0
  0
VERTEX
  5
16F
330
DE
100
AcDbEntity
  8
1_ANYTOOL_1MMDEEP_LABELS_S
100
AcDbVertex
100
AcDb2dVertex
 10
264.1178024969208
 20
-11.27209821428283
 30
0.0
  0
VERTEX
  5
170
330
DE
100
AcDbEntity
  8
1_ANYTOOL_1MMDEEP_LABELS_S
100
AcDbVertex
100
AcDb2dVertex
 10
263.8903750415636
 20
-11.19525669642566
 30
0.0
  0
VERTEX
  5
171
330
DE
100
AcDbEntity
  8
1_ANYTOOL_1MMDEEP_LABELS_S
100
AcDbVertex
100
AcDb2dVertex
 10
263.6587623183493
 20
-11.1241071428542
 30
0.0
  0
VERTEX
  5
172
330
DE
100
AcDbEntity
  8
1_ANYTOOL_1MMDEEP_LABELS_S
100
AcDbVertex
100
AcDb2dVertex
 10
263.4229643272779
 20
-11.05864955356846
 30
0.0
  0
VERTEX
  5
173
330
DE
100
AcDbEntity
  8
1_ANYTOOL_1MMDEEP_LABELS_S
100
AcDbVertex
100
AcDb2dVertex
 10
263.1829810683493
 20
-10.99888392856843
 30
0.0
  0
VERTEX
  5
174
330
DE
100
AcDbEntity
  8
1_ANYTOOL_1MMDEEP_LABELS_S
100
AcDbVertex
100
AcDb2dVertex
 10
262.9388125415636
 20
-10.94481026785412
 30
0.0
  0
VERTEX
  5
175
330
DE
100
AcDbEntity
  8
1_ANYTOOL_1MMDEEP_LABELS_S
100
AcDbVertex
100
AcDb2dVertex
 10
262.6904587469207
 20
-10.89642857142553
 30
0.0
  0
VERTEX
  5
176
330
DE
100
AcDbEntity
  8
1_ANYTOOL_1MMDEEP_LABELS_S
100
AcDbVertex
100
AcDb2dVertex
 10
262.4379196844208
 20
-10.85373883928266
 30
0.0
  0
VERTEX
  5
177
330
DE
100
AcDbEntity
  8
1_ANYTOOL_1MMDEEP_LABELS_S
100
AcDbVertex
100
AcDb2dVertex
 10
262.1811953540636
 20
-10.8167410714255
 30
0.0
  0
VERTEX
  5
178
330
DE
100
AcDbEntity
  8
1_ANYTOOL_1MMDEEP_LABELS_S
100
AcDbVertex
100
AcDb2dVertex
 10
261.9202857558494
 20
-10.78543526785406
 30
0.0
  0
VERTEX
  5
179
330
DE
100
AcDbEntity
  8
1_ANYTOOL_1MMDEEP_LABELS_S
100
AcDbVertex
100
AcDb2dVertex
 10
261.6551908897779
 20
-10.75982142856833
 30
0.0
  0
VERTEX
  5
17A
330
DE
100
AcDbEntity
  8
1_ANYTOOL_1MMDEEP_LABELS_S
100
AcDbVertex
100
AcDb2dVertex
 10
261.3859107558494
 20
-10.73989955356832
 30
0.0
  0
VERTEX
  5
17B
330
DE
100
AcDbEntity
  8
1_ANYTOOL_1MMDEEP_LABELS_S
100
AcDbVertex
100
AcDb2dVertex
 10
261.1124453540637
 20
-10.72566964285403
 30
0.0
  0
VERTEX
  5
17C
330
DE
100
AcDbEntity
  8
1_ANYTOOL_1MMDEEP_LABELS_S
100
AcDbVertex
100
AcDb2dVertex
 10
260.8347946844209
 20
-10.71713169642545
 30
0.0
  0
VERTEX
  5
17D
330
DE
100
AcDbEntity
  8
1_ANYTOOL_1MMDEEP_LABELS_S
100
AcDbVertex
100
AcDb2dVertex
 10
260.5529587469209
 20
-10.7142857142826
 30
0.0
  0
VERTEX
  5
17E
330
DE
100
AcDbEntity
  8
1_ANYTOOL_1MMDEEP_LABELS_S
100
AcDbVertex
100
AcDb2dVertex
 10
260.2018984790635
 20
-10.71880580356833
 30
0.0
  0
VERTEX
  5
17F
330
DE
100
AcDbEntity
  8
1_ANYTOOL_1MMDEEP_LABELS_S
100
AcDbVertex
100
AcDb2dVertex
 10
259.8558605326347
 20
-10.73236607142553
 30
0.0
  0
VERTEX
  5
180
330
DE
100
AcDbEntity
  8
1_ANYTOOL_1MMDEEP_LABELS_S
100
AcDbVertex
100
AcDb2dVertex
 10
259.5148449076345
 20
-10.7549665178542
 30
0.0
  0
VERTEX
  5
181
330
DE
100
AcDbEntity
  8
1_ANYTOOL_1MMDEEP_LABELS_S
100
AcDbVertex
100
AcDb2dVertex
 10
259.1788516040629
 20
-10.78660714285434
 30
0.0
  0
VERTEX
  5
182
330
DE
100
AcDbEntity
  8
1_ANYTOOL_1MMDEEP_LABELS_S
100
AcDbVertex
100
AcDb2dVertex
 10
258.8478806219199
 20
-10.82728794642594
 30
0.0
  0
VERTEX
  5
183
330
DE
100
AcDbEntity
  8
1_ANYTOOL_1MMDEEP_LABELS_S
100
AcDbVertex
100
AcDb2dVertex
 10
258.5219319612055
 20
-10.87700892856901
 30
0.0
  0
VERTEX
  5
184
330
DE
100
AcDbEntity
  8
1_ANYTOOL_1MMDEEP_LABELS_S
100
AcDbVertex
100
AcDb2dVertex
 10
258.2010056219198
 20
-10.93577008928355
 30
0.0
  0
VERTEX
  5
185
330
DE
100
AcDbEntity
  8
1_ANYTOOL_1MMDEEP_LABELS_S
100
AcDbVertex
100
AcDb2dVertex
 10
257.8851016040626
 20
-11.00357142856956
 30
0.0
  0
VERTEX
  5
186
330
DE
100
AcDbEntity
  8
1_ANYTOOL_1MMDEEP_LABELS_S
100
AcDbVertex
100
AcDb2dVertex
 10
257.5742199076341
 20
-11.08041294642703
 30
0.0
  0
VERTEX
  5
187
330
DE
100
AcDbEntity
  8
1_ANYTOOL_1MMDEEP_LABELS_S
100
AcDbVertex
100
AcDb2dVertex
 10
257.2683605326341
 20
-11.16629464285597
 30
0.0
  0
VERTEX
  5
188
330
DE
100
AcDbEntity
  8
1_ANYTOOL_1MMDEEP_LABELS_S
100
AcDbVertex
100
AcDb2dVertex
 10
256.9675234790628
 20
-11.26121651785638
 30
0.0
  0
VERTEX
  5
189
330
DE
100
AcDbEntity
  8
1_ANYTOOL_1MMDEEP_LABELS_S
100
AcDbVertex
100
AcDb2dVertex
 10
256.6717087469201
 20
-11.36517857142826
 30
0.0
  0
VERTEX
  5
18A
330
DE
100
AcDbEntity
  8
1_ANYTOOL_1MMDEEP_LABELS_S
100
AcDbVertex
100
AcDb2dVertex
 10
256.380916336206
 20
-11.4781808035716
 30
0.0
  0
VERTEX
  5
18B
330
DE
100
AcDbEntity
  8
1_ANYTOOL_1MMDEEP_LABELS_S
100
AcDbVertex
100
AcDb2dVertex
 10
256.0951462469205
 20
-11.60022321428642
 30
0.0
  0
VERTEX
  5
18C
330
DE
100
AcDbEntity
  8
1_ANYTOOL_1MMDEEP_LABELS_S
100
AcDbVertex
100
AcDb2dVertex
 10
255.8143984790637
 20
-11.7313058035727
 30
0.0
  0
VERTEX
  5
18D
330
DE
100
AcDbEntity
  8
1_ANYTOOL_1MMDEEP_LABELS_S
100
AcDbVertex
100
AcDb2dVertex
 10
255.5386730326354
 20
-11.87142857143044
 30
0.0
  0
VERTEX
  5
18E
330
DE
100
AcDbEntity
  8
1_ANYTOOL_1MMDEEP_LABELS_S
100
AcDbVertex
100
AcDb2dVertex
 10
254.9942533897788
 20
-12.16473214285861
 30
0.0
  0
VERTEX
  5
18F
330
DE
100
AcDbEntity
  8
1_ANYTOOL_1MMDEEP_LABELS_S
100
AcDbVertex
100
AcDb2dVertex
 10
254.723550264779
 20
-12.32243303571556
 30
0.0
  0
VERTEX
  5
190
330
DE
100
AcDbEntity
  8
1_ANYTOOL_1MMDEEP_LABELS_S
100
AcDbVertex
100
AcDb2dVertex
 10
254.4538516040648
 20
-12.48750000000109
 30
0.0
  0
VERTEX
  5
191
330
DE
100
AcDbEntity
  8
1_ANYTOOL_1MMDEEP_LABELS_S
100
AcDbVertex
100
AcDb2dVertex
 10
254.1851574076362
 20
-12.6599330357152
 30
0.0
  0
VERTEX
  5
192
330
DE
100
AcDbEntity
  8
1_ANYTOOL_1MMDEEP_LABELS_S
100
AcDbVertex
100
AcDb2dVertex
 10
253.9174676754933
 20
-12.83973214285788
 30
0.0
  0
VERTEX
  5
193
330
DE
100
AcDbEntity
  8
1_ANYTOOL_1MMDEEP_LABELS_S
100
AcDbVertex
100
AcDb2dVertex
 10
253.650782407636
 20
-13.02689732142915
 30
0.0
  0
VERTEX
  5
194
330
DE
100
AcDbEntity
  8
1_ANYTOOL_1MMDEEP_LABELS_S
100
AcDbVertex
100
AcDb2dVertex
 10
253.3851016040644
 20
-13.22142857142899
 30
0.0
  0
VERTEX
  5
195
330
DE
100
AcDbEntity
  8
1_ANYTOOL_1MMDEEP_LABELS_S
100
AcDbVertex
100
AcDb2dVertex
 10
253.1204252647784
 20
-13.42332589285741
 30
0.0
  0
VERTEX
  5
196
330
DE
100
AcDbEntity
  8
1_ANYTOOL_1MMDEEP_LABELS_S
100
AcDbVertex
100
AcDb2dVertex
 10
252.8567533897781
 20
-13.6325892857144
 30
0.0
  0
VERTEX
  5
197
330
DE
100
AcDbEntity
  8
1_ANYTOOL_1MMDEEP_LABELS_S
100
AcDbVertex
100
AcDb2dVertex
 10
252.5940859790634
 20
-13.84921874999998
 30
0.0
  0
VERTEX
  5
198
330
DE
100
AcDbEntity
  8
1_ANYTOOL_1MMDEEP_LABELS_S
100
AcDbVertex
100
AcDb2dVertex
 10
252.3324230326343
 20
-14.07321428571413
 30
0.0
  0
VERTEX
  5
199
330
DE
100
AcDbEntity
  8
1_ANYTOOL_1MMDEEP_LABELS_S
100
AcDbVertex
100
AcDb2dVertex
 10
252.0717645504909
 20
-14.30457589285686
 30
0.0
  0
VERTEX
  5
19A
330
DE
100
AcDbEntity
  8
1_ANYTOOL_1MMDEEP_LABELS_S
100
AcDbVertex
100
AcDb2dVertex
 10
251.8121105326331
 20
-14.54330357142817
 30
0.0
  0
VERTEX
  5
19B
330
DE
100
AcDbEntity
  8
1_ANYTOOL_1MMDEEP_LABELS_S
100
AcDbVertex
100
AcDb2dVertex
 10
251.2958158897745
 20
-15.04285714285652
 30
0.0
  0
VERTEX
  5
19C
330
DE
100
AcDbEntity
  8
1_ANYTOOL_1MMDEEP_LABELS_S
100
AcDbVertex
100
AcDb2dVertex
 10
252.0243873183499
 20
0.0
 30
0.0
  0
VERTEX
  5
19D
330
DE
100
AcDbEntity
  8
1_ANYTOOL_1MMDEEP_LABELS_S
100
AcDbVertex
100
AcDb2dVertex
 10
268.224387318347
 20
0.0
 30
0.0
  0
SEQEND
  5
19E
330
DE
100
AcDbEntity
  8
1_ANYTOOL_1MMDEEP_LABELS_S
  0
LINE
  5
19F
330
1F
100
AcDbEntity
  8
1_ANYTOOL_1MMDEEP_LABELS_S
100
AcDbLine
 10
245.81010160406
 20
-16.11428571428405
 30
0.0
 11
237.0243873183499
 21
-16.19999999999709
 31
0.0
  0
POLYLINE
  5
1A0
330
1F
100
AcDbEntity
  8
1_ANYTOOL_1MMDEEP_LABELS_S
100
AcDb2dPolyline
 66
     1
 10
0.0
 20
0.0
 30
0.0
  0
VERTEX
  5
1A1
330
1A0
100
AcDbEntity
  8
1_ANYTOOL_1MMDEEP_LABELS_S
100
AcDbVertex
100
AcDb2dVertex
 10
232.9958158897789
 20
-4.585714285713038
 30
0.0
  0
VERTEX
  5
1A2
330
1A0
100
AcDbEntity
  8
1_ANYTOOL_1MMDEEP_LABELS_S
100
AcDbVertex
100
AcDb2dVertex
 10
232.9925932335289
 20
-4.397586495534505
 30
0.0
  0
VERTEX
  5
1A3
330
1A0
100
AcDbEntity
  8
1_ANYTOOL_1MMDEEP_LABELS_S
100
AcDbVertex
100
AcDb2dVertex
 10
232.9885649132164
 20
-4.305060686382737
 30
0.0
  0
VERTEX
  5
1A4
330
1A0
100
AcDbEntity
  8
1_ANYTOOL_1MMDEEP_LABELS_S
100
AcDbVertex
100
AcDb2dVertex
 10
232.9829252647789
 20
-4.213560267855968
 30
0.0
  0
VERTEX
  5
1A5
330
1A0
100
AcDbEntity
  8
1_ANYTOOL_1MMDEEP_LABELS_S
100
AcDbVertex
100
AcDb2dVertex
 10
232.9756742882164
 20
-4.123085239954198
 30
0.0
  0
VERTEX
  5
1A6
330
1A0
100
AcDbEntity
  8
1_ANYTOOL_1MMDEEP_LABELS_S
100
AcDbVertex
100
AcDb2dVertex
 10
232.9668119835289
 20
-4.033635602677428
 30
0.0
  0
VERTEX
  5
1A7
330
1A0
100
AcDbEntity
  8
1_ANYTOOL_1MMDEEP_LABELS_S
100
AcDbVertex
100
AcDb2dVertex
 10
232.9563383507164
 20
-3.945211356025657
 30
0.0
  0
VERTEX
  5
1A8
330
1A0
100
AcDbEntity
  8
1_ANYTOOL_1MMDEEP_LABELS_S
100
AcDbVertex
100
AcDb2dVertex
 10
232.9442533897789
 20
-3.857812499998886
 30
0.0
  0
VERTEX
  5
1A9
330
1A0
100
AcDbEntity
  8
1_ANYTOOL_1MMDEEP_LABELS_S
100
AcDbVertex
100
AcDb2dVertex
 10
232.9305571007163
 20
-3.771439034597114
 30
0.0
  0
VERTEX
  5
1AA
330
1A0
100
AcDbEntity
  8
1_ANYTOOL_1MMDEEP_LABELS_S
100
AcDbVertex
100
AcDb2dVertex
 10
232.9152494835288
 20
-3.686090959820341
 30
0.0
  0
VERTEX
  5
1AB
330
1A0
100
AcDbEntity
  8
1_ANYTOOL_1MMDEEP_LABELS_S
100
AcDbVertex
100
AcDb2dVertex
 10
232.8983305382163
 20
-3.601768275668567
 30
0.0
  0
VERTEX
  5
1AC
330
1A0
100
AcDbEntity
  8
1_ANYTOOL_1MMDEEP_LABELS_S
100
AcDbVertex
100
AcDb2dVertex
 10
232.8798002647788
 20
-3.518470982141793
 30
0.0
  0
VERTEX
  5
1AD
330
1A0
100
AcDbEntity
  8
1_ANYTOOL_1MMDEEP_LABELS_S
100
AcDbVertex
100
AcDb2dVertex
 10
232.8596586632163
 20
-3.436199079240017
 30
0.0
  0
VERTEX
  5
1AE
330
1A0
100
AcDbEntity
  8
1_ANYTOOL_1MMDEEP_LABELS_S
100
AcDbVertex
100
AcDb2dVertex
 10
232.8379057335288
 20
-3.354952566963242
 30
0.0
  0
VERTEX
  5
1AF
330
1A0
100
AcDbEntity
  8
1_ANYTOOL_1MMDEEP_LABELS_S
100
AcDbVertex
100
AcDb2dVertex
 10
232.8145414757162
 20
-3.274731445311465
 30
0.0
  0
VERTEX
  5
1B0
330
1A0
100
AcDbEntity
  8
1_ANYTOOL_1MMDEEP_LABELS_S
100
AcDbVertex
100
AcDb2dVertex
 10
232.7895658897787
 20
-3.195535714284688
 30
0.0
  0
VERTEX
  5
1B1
330
1A0
100
AcDbEntity
  8
1_ANYTOOL_1MMDEEP_LABELS_S
100
AcDbVertex
100
AcDb2dVertex
 10
232.7629789757162
 20
-3.11736537388291
 30
0.0
  0
VERTEX
  5
1B2
330
1A0
100
AcDbEntity
  8
1_ANYTOOL_1MMDEEP_LABELS_S
100
AcDbVertex
100
AcDb2dVertex
 10
232.7347807335287
 20
-3.040220424106131
 30
0.0
  0
VERTEX
  5
1B3
330
1A0
100
AcDbEntity
  8
1_ANYTOOL_1MMDEEP_LABELS_S
100
AcDbVertex
100
AcDb2dVertex
 10
232.7049711632161
 20
-2.964100864954352
 30
0.0
  0
VERTEX
  5
1B4
330
1A0
100
AcDbEntity
  8
1_ANYTOOL_1MMDEEP_LABELS_S
100
AcDbVertex
100
AcDb2dVertex
 10
232.6735502647786
 20
-2.889006696427572
 30
0.0
  0
VERTEX
  5
1B5
330
1A0
100
AcDbEntity
  8
1_ANYTOOL_1MMDEEP_LABELS_S
100
AcDbVertex
100
AcDb2dVertex
 10
232.6405180382161
 20
-2.814937918525791
 30
0.0
  0
VERTEX
  5
1B6
330
1A0
100
AcDbEntity
  8
1_ANYTOOL_1MMDEEP_LABELS_S
100
AcDbVertex
100
AcDb2dVertex
 10
232.6058744835286
 20
-2.74189453124901
 30
0.0
  0
VERTEX
  5
1B7
330
1A0
100
AcDbEntity
  8
1_ANYTOOL_1MMDEEP_LABELS_S
100
AcDbVertex
100
AcDb2dVertex
 10
232.569619600716
 20
-2.669876534597227
 30
0.0
  0
VERTEX
  5
1B8
330
1A0
100
AcDbEntity
  8
1_ANYTOOL_1MMDEEP_LABELS_S
100
AcDbVertex
100
AcDb2dVertex
 10
232.5317533897785
 20
-2.598883928570444
 30
0.0
  0
VERTEX
  5
1B9
330
1A0
100
AcDbEntity
  8
1_ANYTOOL_1MMDEEP_LABELS_S
100
AcDbVertex
100
AcDb2dVertex
 10
232.4922758507159
 20
-2.528916713168661
 30
0.0
  0
VERTEX
  5
1BA
330
1A0
100
AcDbEntity
  8
1_ANYTOOL_1MMDEEP_LABELS_S
100
AcDbVertex
100
AcDb2dVertex
 10
232.4511869835284
 20
-2.459974888391876
 30
0.0
  0
VERTEX
  5
1BB
330
1A0
100
AcDbEntity
  8
1_ANYTOOL_1MMDEEP_LABELS_S
100
AcDbVertex
100
AcDb2dVertex
 10
232.4084867882159
 20
-2.392058454240091
 30
0.0
  0
VERTEX
  5
1BC
330
1A0
100
AcDbEntity
  8
1_ANYTOOL_1MMDEEP_LABELS_S
100
AcDbVertex
100
AcDb2dVertex
 10
232.3641752647783
 20
-2.325167410713306
 30
0.0
  0
VERTEX
  5
1BD
330
1A0
100
AcDbEntity
  8
1_ANYTOOL_1MMDEEP_LABELS_S
100
AcDbVertex
100
AcDb2dVertex
 10
232.3182524132158
 20
-2.259301757811519
 30
0.0
  0
VERTEX
  5
1BE
330
1A0
100
AcDbEntity
  8
1_ANYTOOL_1MMDEEP_LABELS_S
100
AcDbVertex
100
AcDb2dVertex
 10
232.2707182335283
 20
-2.194461495534732
 30
0.0
  0
VERTEX
  5
1BF
330
1A0
100
AcDbEntity
  8
1_ANYTOOL_1MMDEEP_LABELS_S
100
AcDbVertex
100
AcDb2dVertex
 10
232.2215727257157
 20
-2.130646623882944
 30
0.0
  0
VERTEX
  5
1C0
330
1A0
100
AcDbEntity
  8
1_ANYTOOL_1MMDEEP_LABELS_S
100
AcDbVertex
100
AcDb2dVertex
 10
232.1708158897782
 20
-2.067857142856155
 30
0.0
  0
VERTEX
  5
1C1
330
1A0
100
AcDbEntity
  8
1_ANYTOOL_1MMDEEP_LABELS_S
100
AcDbVertex
100
AcDb2dVertex
 10
232.1184477257156
 20
-2.006093052454366
 30
0.0
  0
VERTEX
  5
1C2
330
1A0
100
AcDbEntity
  8
1_ANYTOOL_1MMDEEP_LABELS_S
100
AcDbVertex
100
AcDb2dVertex
 10
232.0644682335281
 20
-1.945354352677576
 30
0.0
  0
VERTEX
  5
1C3
330
1A0
100
AcDbEntity
  8
1_ANYTOOL_1MMDEEP_LABELS_S
100
AcDbVertex
100
AcDb2dVertex
 10
232.0088774132155
 20
-1.885641043525785
 30
0.0
  0
VERTEX
  5
1C4
330
1A0
100
AcDbEntity
  8
1_ANYTOOL_1MMDEEP_LABELS_S
100
AcDbVertex
100
AcDb2dVertex
 10
231.951675264778
 20
-1.826953124998994
 30
0.0
  0
VERTEX
  5
1C5
330
1A0
100
AcDbEntity
  8
1_ANYTOOL_1MMDEEP_LABELS_S
100
AcDbVertex
100
AcDb2dVertex
 10
231.8928617882154
 20
-1.769290597097202
 30
0.0
  0
VERTEX
  5
1C6
330
1A0
100
AcDbEntity
  8
1_ANYTOOL_1MMDEEP_LABELS_S
100
AcDbVertex
100
AcDb2dVertex
 10
231.8324369835279
 20
-1.712653459820409
 30
0.0
  0
VERTEX
  5
1C7
330
1A0
100
AcDbEntity
  8
1_ANYTOOL_1MMDEEP_LABELS_S
100
AcDbVertex
100
AcDb2dVertex
 10
231.7704008507153
 20
-1.657041713168615
 30
0.0
  0
VERTEX
  5
1C8
330
1A0
100
AcDbEntity
  8
1_ANYTOOL_1MMDEEP_LABELS_S
100
AcDbVertex
100
AcDb2dVertex
 10
231.7067533897778
 20
-1.602455357141821
 30
0.0
  0
VERTEX
  5
1C9
330
1A0
100
AcDbEntity
  8
1_ANYTOOL_1MMDEEP_LABELS_S
100
AcDbVertex
100
AcDb2dVertex
 10
231.6414946007152
 20
-1.548894391740026
 30
0.0
  0
VERTEX
  5
1CA
330
1A0
100
AcDbEntity
  8
1_ANYTOOL_1MMDEEP_LABELS_S
100
AcDbVertex
100
AcDb2dVertex
 10
231.5746244835277
 20
-1.49635881696323
 30
0.0
  0
VERTEX
  5
1CB
330
1A0
100
AcDbEntity
  8
1_ANYTOOL_1MMDEEP_LABELS_S
100
AcDbVertex
100
AcDb2dVertex
 10
231.5061430382151
 20
-1.444848632811434
 30
0.0
  0
VERTEX
  5
1CC
330
1A0
100
AcDbEntity
  8
1_ANYTOOL_1MMDEEP_LABELS_S
100
AcDbVertex
100
AcDb2dVertex
 10
231.4360502647775
 20
-1.394363839284637
 30
0.0
  0
VERTEX
  5
1CD
330
1A0
100
AcDbEntity
  8
1_ANYTOOL_1MMDEEP_LABELS_S
100
AcDbVertex
100
AcDb2dVertex
 10
231.3643461632149
 20
-1.344904436382839
 30
0.0
  0
VERTEX
  5
1CE
330
1A0
100
AcDbEntity
  8
1_ANYTOOL_1MMDEEP_LABELS_S
100
AcDbVertex
100
AcDb2dVertex
 10
231.2910307335274
 20
-1.29647042410604
 30
0.0
  0
VERTEX
  5
1CF
330
1A0
100
AcDbEntity
  8
1_ANYTOOL_1MMDEEP_LABELS_S
100
AcDbVertex
100
AcDb2dVertex
 10
231.2161039757148
 20
-1.249061802454241
 30
0.0
  0
VERTEX
  5
1D0
330
1A0
100
AcDbEntity
  8
1_ANYTOOL_1MMDEEP_LABELS_S
100
AcDbVertex
100
AcDb2dVertex
 10
231.1395658897773
 20
-1.202678571427441
 30
0.0
  0
VERTEX
  5
1D1
330
1A0
100
AcDbEntity
  8
1_ANYTOOL_1MMDEEP_LABELS_S
100
AcDbVertex
100
AcDb2dVertex
 10
231.0614164757147
 20
-1.15732073102564
 30
0.0
  0
VERTEX
  5
1D2
330
1A0
100
AcDbEntity
  8
1_ANYTOOL_1MMDEEP_LABELS_S
100
AcDbVertex
100
AcDb2dVertex
 10
230.9816557335271
 20
-1.112988281248839
 30
0.0
  0
VERTEX
  5
1D3
330
1A0
100
AcDbEntity
  8
1_ANYTOOL_1MMDEEP_LABELS_S
100
AcDbVertex
100
AcDb2dVertex
 10
230.9002836632145
 20
-1.069681222097037
 30
0.0
  0
VERTEX
  5
1D4
330
1A0
100
AcDbEntity
  8
1_ANYTOOL_1MMDEEP_LABELS_S
100
AcDbVertex
100
AcDb2dVertex
 10
230.817300264777
 20
-1.027399553570234
 30
0.0
  0
VERTEX
  5
1D5
330
1A0
100
AcDbEntity
  8
1_ANYTOOL_1MMDEEP_LABELS_S
100
AcDbVertex
100
AcDb2dVertex
 10
230.6464994835268
 20
-0.9459123883916263
 30
0.0
  0
VERTEX
  5
1D6
330
1A0
100
AcDbEntity
  8
1_ANYTOOL_1MMDEEP_LABELS_S
100
AcDbVertex
100
AcDb2dVertex
 10
230.4692533897767
 20
-0.8685267857130157
 30
0.0
  0
VERTEX
  5
1D7
330
1A0
100
AcDbEntity
  8
1_ANYTOOL_1MMDEEP_LABELS_S
100
AcDbVertex
100
AcDb2dVertex
 10
230.2855619835265
 20
-0.7952427455344022
 30
0.0
  0
VERTEX
  5
1D8
330
1A0
100
AcDbEntity
  8
1_ANYTOOL_1MMDEEP_LABELS_S
100
AcDbVertex
100
AcDb2dVertex
 10
230.0954252647763
 20
-0.7260602678557859
 30
0.0
  0
VERTEX
  5
1D9
330
1A0
100
AcDbEntity
  8
1_ANYTOOL_1MMDEEP_LABELS_S
100
AcDbVertex
100
AcDb2dVertex
 10
229.8988432335262
 20
-0.6609793526771668
 30
0.0
  0
VERTEX
  5
1DA
330
1A0
100
AcDbEntity
  8
1_ANYTOOL_1MMDEEP_LABELS_S
100
AcDbVertex
100
AcDb2dVertex
 10
229.695815889776
 20
-0.5999999999985448
 30
0.0
  0
VERTEX
  5
1DB
330
1A0
100
AcDbEntity
  8
1_ANYTOOL_1MMDEEP_LABELS_S
100
AcDbVertex
100
AcDb2dVertex
 10
228.8882266040625
 20
-0.3790178571412071
 30
0.0
  0
VERTEX
  5
1DC
330
1A0
100
AcDbEntity
  8
1_ANYTOOL_1MMDEEP_LABELS_S
100
AcDbVertex
100
AcDb2dVertex
 10
228.0940301754918
 20
-0.187499999998181
 30
0.0
  0
VERTEX
  5
1DD
330
1A0
100
AcDbEntity
  8
1_ANYTOOL_1MMDEEP_LABELS_S
100
AcDbVertex
100
AcDb2dVertex
 10
227.3132266040636
 20
-0.0254464285694667
 30
0.0
  0
VERTEX
  5
1DE
330
1A0
100
AcDbEntity
  8
1_ANYTOOL_1MMDEEP_LABELS_S
100
AcDbVertex
100
AcDb2dVertex
 10
226.5458158897782
 20
0.107142857144936
 30
0.0
  0
VERTEX
  5
1DF
330
1A0
100
AcDbEntity
  8
1_ANYTOOL_1MMDEEP_LABELS_S
100
AcDbVertex
100
AcDb2dVertex
 10
226.1671328540639
 20
0.1623883928592704
 30
0.0
  0
VERTEX
  5
1E0
330
1A0
100
AcDbEntity
  8
1_ANYTOOL_1MMDEEP_LABELS_S
100
AcDbVertex
100
AcDb2dVertex
 10
225.7917980326354
 20
0.2102678571450269
 30
0.0
  0
VERTEX
  5
1E1
330
1A0
100
AcDbEntity
  8
1_ANYTOOL_1MMDEEP_LABELS_S
100
AcDbVertex
100
AcDb2dVertex
 10
225.4198114254925
 20
0.2507812500022055
 30
0.0
  0
VERTEX
  5
1E2
330
1A0
100
AcDbEntity
  8
1_ANYTOOL_1MMDEEP_LABELS_S
100
AcDbVertex
100
AcDb2dVertex
 10
225.0511730326352
 20
0.2839285714308062
 30
0.0
  0
VERTEX
  5
1E3
330
1A0
100
AcDbEntity
  8
1_ANYTOOL_1MMDEEP_LABELS_S
100
AcDbVertex
100
AcDb2dVertex
 10
224.6858828540637
 20
0.3097098214308289
 30
0.0
  0
VERTEX
  5
1E4
330
1A0
100
AcDbEntity
  8
1_ANYTOOL_1MMDEEP_LABELS_S
100
AcDbVertex
100
AcDb2dVertex
 10
224.3239408897778
 20
0.3281250000022737
 30
0.0
  0
VERTEX
  5
1E5
330
1A0
100
AcDbEntity
  8
1_ANYTOOL_1MMDEEP_LABELS_S
100
AcDbVertex
100
AcDb2dVertex
 10
223.9653471397775
 20
0.3391741071451406
 30
0.0
  0
VERTEX
  5
1E6
330
1A0
100
AcDbEntity
  8
1_ANYTOOL_1MMDEEP_LABELS_S
100
AcDbVertex
100
AcDb2dVertex
 10
223.6101016040629
 20
0.3428571428594296
 30
0.0
  0
VERTEX
  5
1E7
330
1A0
100
AcDbEntity
  8
1_ANYTOOL_1MMDEEP_LABELS_S
100
AcDbVertex
100
AcDb2dVertex
 10
223.4151936799559
 20
0.3410574776808559
 30
0.0
  0
VERTEX
  5
1E8
330
1A0
100
AcDbEntity
  8
1_ANYTOOL_1MMDEEP_LABELS_S
100
AcDbVertex
100
AcDb2dVertex
 10
223.221541336206
 20
0.3356584821451349
 30
0.0
  0
VERTEX
  5
1E9
330
1A0
100
AcDbEntity
  8
1_ANYTOOL_1MMDEEP_LABELS_S
100
AcDbVertex
100
AcDb2dVertex
 10
223.0291445728133
 20
0.3266601562522666
 30
0.0
  0
VERTEX
  5
1EA
330
1A0
100
AcDbEntity
  8
1_ANYTOOL_1MMDEEP_LABELS_S
100
AcDbVertex
100
AcDb2dVertex
 10
222.8380033897777
 20
0.314062500002251
 30
0.0
  0
VERTEX
  5
1EB
330
1A0
100
AcDbEntity
  8
1_ANYTOOL_1MMDEEP_LABELS_S
100
AcDbVertex
100
AcDb2dVertex
 10
222.6481177870992
 20
0.297865513395088
 30
0.0
  0
VERTEX
  5
1EC
330
1A0
100
AcDbEntity
  8
1_ANYTOOL_1MMDEEP_LABELS_S
100
AcDbVertex
100
AcDb2dVertex
 10
222.4594877647779
 20
0.2780691964307778
 30
0.0
  0
VERTEX
  5
1ED
330
1A0
100
AcDbEntity
  8
1_ANYTOOL_1MMDEEP_LABELS_S
100
AcDbVertex
100
AcDb2dVertex
 10
222.2721133228137
 20
0.2546735491093202
 30
0.0
  0
VERTEX
  5
1EE
330
1A0
100
AcDbEntity
  8
1_ANYTOOL_1MMDEEP_LABELS_S
100
AcDbVertex
100
AcDb2dVertex
 10
222.0859944612066
 20
0.2276785714307152
 30
0.0
  0
VERTEX
  5
1EF
330
1A0
100
AcDbEntity
  8
1_ANYTOOL_1MMDEEP_LABELS_S
100
AcDbVertex
100
AcDb2dVertex
 10
221.9011311799567
 20
0.197084263394963
 30
0.0
  0
VERTEX
  5
1F0
330
1A0
100
AcDbEntity
  8
1_ANYTOOL_1MMDEEP_LABELS_S
100
AcDbVertex
100
AcDb2dVertex
 10
221.7175234790639
 20
0.1628906250020634
 30
0.0
  0
VERTEX
  5
1F1
330
1A0
100
AcDbEntity
  8
1_ANYTOOL_1MMDEEP_LABELS_S
100
AcDbVertex
100
AcDb2dVertex
 10
221.5351713585283
 20
0.1250976562520165
 30
0.0
  0
VERTEX
  5
1F2
330
1A0
100
AcDbEntity
  8
1_ANYTOOL_1MMDEEP_LABELS_S
100
AcDbVertex
100
AcDb2dVertex
 10
221.3540748183498
 20
0.0837053571448223
 30
0.0
  0
VERTEX
  5
1F3
330
1A0
100
AcDbEntity
  8
1_ANYTOOL_1MMDEEP_LABELS_S
100
AcDbVertex
100
AcDb2dVertex
 10
221.1742338585284
 20
0.0387137276804808
 30
0.0
  0
VERTEX
  5
1F4
330
1A0
100
AcDbEntity
  8
1_ANYTOOL_1MMDEEP_LABELS_S
100
AcDbVertex
100
AcDb2dVertex
 10
220.9956484790642
 20
-0.0098772321410081
 30
0.0
  0
VERTEX
  5
1F5
330
1A0
100
AcDbEntity
  8
1_ANYTOOL_1MMDEEP_LABELS_S
100
AcDbVertex
100
AcDb2dVertex
 10
220.8183186799571
 20
-0.0620675223196443
 30
0.0
  0
VERTEX
  5
1F6
330
1A0
100
AcDbEntity
  8
1_ANYTOOL_1MMDEEP_LABELS_S
100
AcDbVertex
100
AcDb2dVertex
 10
220.6422444612072
 20
-0.1178571428554278
 30
0.0
  0
VERTEX
  5
1F7
330
1A0
100
AcDbEntity
  8
1_ANYTOOL_1MMDEEP_LABELS_S
100
AcDbVertex
100
AcDb2dVertex
 10
220.4674258228143
 20
-0.1772460937483586
 30
0.0
  0
VERTEX
  5
1F8
330
1A0
100
AcDbEntity
  8
1_ANYTOOL_1MMDEEP_LABELS_S
100
AcDbVertex
100
AcDb2dVertex
 10
220.2938627647787
 20
-0.2402343749984368
 30
0.0
  0
VERTEX
  5
1F9
330
1A0
100
AcDbEntity
  8
1_ANYTOOL_1MMDEEP_LABELS_S
100
AcDbVertex
100
AcDb2dVertex
 10
220.1215552871001
 20
-0.3068219866056623
 30
0.0
  0
VERTEX
  5
1FA
330
1A0
100
AcDbEntity
  8
1_ANYTOOL_1MMDEEP_LABELS_S
100
AcDbVertex
100
AcDb2dVertex
 10
219.9505033897788
 20
-0.3770089285700351
 30
0.0
  0
VERTEX
  5
1FB
330
1A0
100
AcDbEntity
  8
1_ANYTOOL_1MMDEEP_LABELS_S
100
AcDbVertex
100
AcDb2dVertex
 10
219.7807070728145
 20
-0.4507952008915552
 30
0.0
  0
VERTEX
  5
1FC
330
1A0
100
AcDbEntity
  8
1_ANYTOOL_1MMDEEP_LABELS_S
100
AcDbVertex
100
AcDb2dVertex
 10
219.6121663362074
 20
-0.5281808035702227
 30
0.0
  0
VERTEX
  5
1FD
330
1A0
100
AcDbEntity
  8
1_ANYTOOL_1MMDEEP_LABELS_S
100
AcDbVertex
100
AcDb2dVertex
 10
219.4448811799574
 20
-0.6091657366060375
 30
0.0
  0
VERTEX
  5
1FE
330
1A0
100
AcDbEntity
  8
1_ANYTOOL_1MMDEEP_LABELS_S
100
AcDbVertex
100
AcDb2dVertex
 10
219.2788516040646
 20
-0.6937499999989996
 30
0.0
  0
VERTEX
  5
1FF
330
1A0
100
AcDbEntity
  8
1_ANYTOOL_1MMDEEP_LABELS_S
100
AcDbVertex
100
AcDb2dVertex
 10
219.1140776085289
 20
-0.781933593749109
 30
0.0
  0
VERTEX
  5
200
330
1A0
100
AcDbEntity
  8
1_ANYTOOL_1MMDEEP_LABELS_S
100
AcDbVertex
100
AcDb2dVertex
 10
218.9505591933503
 20
-0.8737165178563657
 30
0.0
  0
VERTEX
  5
201
330
1A0
100
AcDbEntity
  8
1_ANYTOOL_1MMDEEP_LABELS_S
100
AcDbVertex
100
AcDb2dVertex
 10
218.7882963585289
 20
-0.9690987723207698
 30
0.0
  0
VERTEX
  5
202
330
1A0
100
AcDbEntity
  8
1_ANYTOOL_1MMDEEP_LABELS_S
100
AcDbVertex
100
AcDb2dVertex
 10
218.6272891040646
 20
-1.068080357142321
 30
0.0
  0
VERTEX
  5
203
330
1A0
100
AcDbEntity
  8
1_ANYTOOL_1MMDEEP_LABELS_S
100
AcDbVertex
100
AcDb2dVertex
 10
218.4675374299575
 20
-1.17066127232102
 30
0.0
  0
VERTEX
  5
204
330
1A0
100
AcDbEntity
  8
1_ANYTOOL_1MMDEEP_LABELS_S
100
AcDbVertex
100
AcDb2dVertex
 10
218.3090413362075
 20
-1.276841517856866
 30
0.0
  0
VERTEX
  5
205
330
1A0
100
AcDbEntity
  8
1_ANYTOOL_1MMDEEP_LABELS_S
100
AcDbVertex
100
AcDb2dVertex
 10
218.1518008228146
 20
-1.386621093749859
 30
0.0
  0
VERTEX
  5
206
330
1A0
100
AcDbEntity
  8
1_ANYTOOL_1MMDEEP_LABELS_S
100
AcDbVertex
100
AcDb2dVertex
 10
217.9958158897789
 20
-1.5
 30
0.0
  0
VERTEX
  5
207
330
1A0
100
AcDbEntity
  8
1_ANYTOOL_1MMDEEP_LABELS_S
100
AcDbVertex
100
AcDb2dVertex
 10
217.8428862022789
 20
-1.614048549107316
 30
0.0
  0
VERTEX
  5
208
330
1A0
100
AcDbEntity
  8
1_ANYTOOL_1MMDEEP_LABELS_S
100
AcDbVertex
100
AcDb2dVertex
 10
217.6948114254932
 20
-1.731194196428902
 30
0.0
  0
VERTEX
  5
209
330
1A0
100
AcDbEntity
  8
1_ANYTOOL_1MMDEEP_LABELS_S
100
AcDbVertex
100
AcDb2dVertex
 10
217.5515915594217
 20
-1.851436941964756
 30
0.0
  0
VERTEX
  5
20A
330
1A0
100
AcDbEntity
  8
1_ANYTOOL_1MMDEEP_LABELS_S
100
AcDbVertex
100
AcDb2dVertex
 10
217.4132266040646
 20
-1.97477678571488
 30
0.0
  0
VERTEX
  5
20B
330
1A0
100
AcDbEntity
  8
1_ANYTOOL_1MMDEEP_LABELS_S
100
AcDbVertex
100
AcDb2dVertex
 10
217.2797165594217
 20
-2.101213727679273
 30
0.0
  0
VERTEX
  5
20C
330
1A0
100
AcDbEntity
  8
1_ANYTOOL_1MMDEEP_LABELS_S
100
AcDbVertex
100
AcDb2dVertex
 10
217.1510614254931
 20
-2.230747767857935
 30
0.0
  0
VERTEX
  5
20D
330
1A0
100
AcDbEntity
  8
1_ANYTOOL_1MMDEEP_LABELS_S
100
AcDbVertex
100
AcDb2dVertex
 10
217.0272612022788
 20
-2.363378906250865
 30
0.0
  0
VERTEX
  5
20E
330
1A0
100
AcDbEntity
  8
1_ANYTOOL_1MMDEEP_LABELS_S
100
AcDbVertex
100
AcDb2dVertex
 10
216.9083158897788
 20
-2.499107142858065
 30
0.0
  0
VERTEX
  5
20F
330
1A0
100
AcDbEntity
  8
1_ANYTOOL_1MMDEEP_LABELS_S
100
AcDbVertex
100
AcDb2dVertex
 10
216.7942254879931
 20
-2.637932477679534
 30
0.0
  0
VERTEX
  5
210
330
1A0
100
AcDbEntity
  8
1_ANYTOOL_1MMDEEP_LABELS_S
100
AcDbVertex
100
AcDb2dVertex
 10
216.6849899969216
 20
-2.779854910715272
 30
0.0
  0
VERTEX
  5
211
330
1A0
100
AcDbEntity
  8
1_ANYTOOL_1MMDEEP_LABELS_S
100
AcDbVertex
100
AcDb2dVertex
 10
216.5806094165645
 20
-2.924874441965279
 30
0.0
  0
VERTEX
  5
212
330
1A0
100
AcDbEntity
  8
1_ANYTOOL_1MMDEEP_LABELS_S
100
AcDbVertex
100
AcDb2dVertex
 10
216.4810837469216
 20
-3.072991071429556
 30
0.0
  0
VERTEX
  5
213
330
1A0
100
AcDbEntity
  8
1_ANYTOOL_1MMDEEP_LABELS_S
100
AcDbVertex
100
AcDb2dVertex
 10
216.386412987993
 20
-3.224204799108101
 30
0.0
  0
VERTEX
  5
214
330
1A0
100
AcDbEntity
  8
1_ANYTOOL_1MMDEEP_LABELS_S
100
AcDbVertex
100
AcDb2dVertex
 10
216.2965971397788
 20
-3.378515625000915
 30
0.0
  0
VERTEX
  5
215
330
1A0
100
AcDbEntity
  8
1_ANYTOOL_1MMDEEP_LABELS_S
100
AcDbVertex
100
AcDb2dVertex
 10
216.2116362022788
 20
-3.535923549107999
 30
0.0
  0
VERTEX
  5
216
330
1A0
100
AcDbEntity
  8
1_ANYTOOL_1MMDEEP_LABELS_S
100
AcDbVertex
100
AcDb2dVertex
 10
216.131530175493
 20
-3.696428571429351
 30
0.0
  0
VERTEX
  5
217
330
1A0
100
AcDbEntity
  8
1_ANYTOOL_1MMDEEP_LABELS_S
100
AcDbVertex
100
AcDb2dVertex
 10
216.0562790594216
 20
-3.860030691964973
 30
0.0
  0
VERTEX
  5
218
330
1A0
100
AcDbEntity
  8
1_ANYTOOL_1MMDEEP_LABELS_S
100
AcDbVertex
100
AcDb2dVertex
 10
215.9858828540644
 20
-4.026729910714863
 30
0.0
  0
VERTEX
  5
219
330
1A0
100
AcDbEntity
  8
1_ANYTOOL_1MMDEEP_LABELS_S
100
AcDbVertex
100
AcDb2dVertex
 10
215.9203415594216
 20
-4.196526227679023
 30
0.0
  0
VERTEX
  5
21A
330
1A0
100
AcDbEntity
  8
1_ANYTOOL_1MMDEEP_LABELS_S
100
AcDbVertex
100
AcDb2dVertex
 10
215.859655175493
 20
-4.369419642857451
 30
0.0
  0
VERTEX
  5
21B
330
1A0
100
AcDbEntity
  8
1_ANYTOOL_1MMDEEP_LABELS_S
100
AcDbVertex
100
AcDb2dVertex
 10
215.8038237022787
 20
-4.545410156250149
 30
0.0
  0
VERTEX
  5
21C
330
1A0
100
AcDbEntity
  8
1_ANYTOOL_1MMDEEP_LABELS_S
100
AcDbVertex
100
AcDb2dVertex
 10
215.7528471397787
 20
-4.724497767857116
 30
0.0
  0
VERTEX
  5
21D
330
1A0
100
AcDbEntity
  8
1_ANYTOOL_1MMDEEP_LABELS_S
100
AcDbVertex
100
AcDb2dVertex
 10
215.706725487993
 20
-4.906682477678352
 30
0.0
  0
VERTEX
  5
21E
330
1A0
100
AcDbEntity
  8
1_ANYTOOL_1MMDEEP_LABELS_S
100
AcDbVertex
100
AcDb2dVertex
 10
215.6654587469216
 20
-5.091964285713857
 30
0.0
  0
VERTEX
  5
21F
330
1A0
100
AcDbEntity
  8
1_ANYTOOL_1MMDEEP_LABELS_S
100
AcDbVertex
100
AcDb2dVertex
 10
215.6290469165644
 20
-5.280343191963631
 30
0.0
  0
VERTEX
  5
220
330
1A0
100
AcDbEntity
  8
1_ANYTOOL_1MMDEEP_LABELS_S
100
AcDbVertex
100
AcDb2dVertex
 10
215.5974899969216
 20
-5.471819196427674
 30
0.0
  0
VERTEX
  5
221
330
1A0
100
AcDbEntity
  8
1_ANYTOOL_1MMDEEP_LABELS_S
100
AcDbVertex
100
AcDb2dVertex
 10
215.570787987993
 20
-5.666392299105986
 30
0.0
  0
VERTEX
  5
222
330
1A0
100
AcDbEntity
  8
1_ANYTOOL_1MMDEEP_LABELS_S
100
AcDbVertex
100
AcDb2dVertex
 10
215.5489408897787
 20
-5.864062499998568
 30
0.0
  0
VERTEX
  5
223
330
1A0
100
AcDbEntity
  8
1_ANYTOOL_1MMDEEP_LABELS_S
100
AcDbVertex
100
AcDb2dVertex
 10
215.5319487022787
 20
-6.064829799105418
 30
0.0
  0
VERTEX
  5
224
330
1A0
100
AcDbEntity
  8
1_ANYTOOL_1MMDEEP_LABELS_S
100
AcDbVertex
100
AcDb2dVertex
 10
215.519811425493
 20
-6.268694196426537
 30
0.0
  0
VERTEX
  5
225
330
1A0
100
AcDbEntity
  8
1_ANYTOOL_1MMDEEP_LABELS_S
100
AcDbVertex
100
AcDb2dVertex
 10
215.5125290594216
 20
-6.475655691961926
 30
0.0
  0
VERTEX
  5
226
330
1A0
100
AcDbEntity
  8
1_ANYTOOL_1MMDEEP_LABELS_S
100
AcDbVertex
100
AcDb2dVertex
 10
215.5101016040644
 20
-6.685714285711583
 30
0.0
  0
VERTEX
  5
227
330
1A0
100
AcDbEntity
  8
1_ANYTOOL_1MMDEEP_LABELS_S
100
AcDbVertex
100
AcDb2dVertex
 10
215.5128638808501
 20
-6.90083705356875
 30
0.0
  0
VERTEX
  5
228
330
1A0
100
AcDbEntity
  8
1_ANYTOOL_1MMDEEP_LABELS_S
100
AcDbVertex
100
AcDb2dVertex
 10
215.5211507112073
 20
-7.112276785711629
 30
0.0
  0
VERTEX
  5
229
330
1A0
100
AcDbEntity
  8
1_ANYTOOL_1MMDEEP_LABELS_S
100
AcDbVertex
100
AcDb2dVertex
 10
215.5349620951359
 20
-7.320033482140218
 30
0.0
  0
VERTEX
  5
22A
330
1A0
100
AcDbEntity
  8
1_ANYTOOL_1MMDEEP_LABELS_S
100
AcDbVertex
100
AcDb2dVertex
 10
215.5542980326359
 20
-7.524107142854518
 30
0.0
  0
VERTEX
  5
22B
330
1A0
100
AcDbEntity
  8
1_ANYTOOL_1MMDEEP_LABELS_S
100
AcDbVertex
100
AcDb2dVertex
 10
215.5791585237073
 20
-7.72449776785453
 30
0.0
  0
VERTEX
  5
22C
330
1A0
100
AcDbEntity
  8
1_ANYTOOL_1MMDEEP_LABELS_S
100
AcDbVertex
100
AcDb2dVertex
 10
215.6095435683502
 20
-7.921205357140252
 30
0.0
  0
VERTEX
  5
22D
330
1A0
100
AcDbEntity
  8
1_ANYTOOL_1MMDEEP_LABELS_S
100
AcDbVertex
100
AcDb2dVertex
 10
215.6454531665645
 20
-8.114229910711686
 30
0.0
  0
VERTEX
  5
22E
330
1A0
100
AcDbEntity
  8
1_ANYTOOL_1MMDEEP_LABELS_S
100
AcDbVertex
100
AcDb2dVertex
 10
215.6868873183503
 20
-8.30357142856883
 30
0.0
  0
VERTEX
  5
22F
330
1A0
100
AcDbEntity
  8
1_ANYTOOL_1MMDEEP_LABELS_S
100
AcDbVertex
100
AcDb2dVertex
 10
215.7338460237075
 20
-8.489229910711686
 30
0.0
  0
VERTEX
  5
230
330
1A0
100
AcDbEntity
  8
1_ANYTOOL_1MMDEEP_LABELS_S
100
AcDbVertex
100
AcDb2dVertex
 10
215.7863292826361
 20
-8.671205357140252
 30
0.0
  0
VERTEX
  5
231
330
1A0
100
AcDbEntity
  8
1_ANYTOOL_1MMDEEP_LABELS_S
100
AcDbVertex
100
AcDb2dVertex
 10
215.8443370951361
 20
-8.84949776785453
 30
0.0
  0
VERTEX
  5
232
330
1A0
100
AcDbEntity
  8
1_ANYTOOL_1MMDEEP_LABELS_S
100
AcDbVertex
100
AcDb2dVertex
 10
215.9078694612076
 20
-9.024107142854518
 30
0.0
  0
VERTEX
  5
233
330
1A0
100
AcDbEntity
  8
1_ANYTOOL_1MMDEEP_LABELS_S
100
AcDbVertex
100
AcDb2dVertex
 10
215.9417073518326
 20
-9.110030691961654
 30
0.0
  0
VERTEX
  5
234
330
1A0
100
AcDbEntity
  8
1_ANYTOOL_1MMDEEP_LABELS_S
100
AcDbVertex
100
AcDb2dVertex
 10
215.9769263808505
 20
-9.195033482140218
 30
0.0
  0
VERTEX
  5
235
330
1A0
100
AcDbEntity
  8
1_ANYTOOL_1MMDEEP_LABELS_S
100
AcDbVertex
100
AcDb2dVertex
 10
216.0135265482613
 20
-9.27911551339021
 30
0.0
  0
VERTEX
  5
236
330
1A0
100
AcDbEntity
  8
1_ANYTOOL_1MMDEEP_LABELS_S
100
AcDbVertex
100
AcDb2dVertex
 10
216.0515078540649
 20
-9.362276785711629
 30
0.0
  0
VERTEX
  5
237
330
1A0
100
AcDbEntity
  8
1_ANYTOOL_1MMDEEP_LABELS_S
100
AcDbVertex
100
AcDb2dVertex
 10
216.0908702982613
 20
-9.444517299104476
 30
0.0
  0
VERTEX
  5
238
330
1A0
100
AcDbEntity
  8
1_ANYTOOL_1MMDEEP_LABELS_S
100
AcDbVertex
100
AcDb2dVertex
 10
216.1316138808507
 20
-9.52583705356875
 30
0.0
  0
VERTEX
  5
239
330
1A0
100
AcDbEntity
  8
1_ANYTOOL_1MMDEEP_LABELS_S
100
AcDbVertex
100
AcDb2dVertex
 10
216.1737386018328
 20
-9.606236049104453
 30
0.0
  0
VERTEX
  5
23A
330
1A0
100
AcDbEntity
  8
1_ANYTOOL_1MMDEEP_LABELS_S
100
AcDbVertex
100
AcDb2dVertex
 10
216.2172444612079
 20
-9.685714285711583
 30
0.0
  0
VERTEX
  5
23B
330
1A0
100
AcDbEntity
  8
1_ANYTOOL_1MMDEEP_LABELS_S
100
AcDbVertex
100
AcDb2dVertex
 10
216.2621314589758
 20
-9.764271763390141
 30
0.0
  0
VERTEX
  5
23C
330
1A0
100
AcDbEntity
  8
1_ANYTOOL_1MMDEEP_LABELS_S
100
AcDbVertex
100
AcDb2dVertex
 10
216.3083995951365
 20
-9.841908482140127
 30
0.0
  0
VERTEX
  5
23D
330
1A0
100
AcDbEntity
  8
1_ANYTOOL_1MMDEEP_LABELS_S
100
AcDbVertex
100
AcDb2dVertex
 10
216.3560488696901
 20
-9.91862444196154
 30
0.0
  0
VERTEX
  5
23E
330
1A0
100
AcDbEntity
  8
1_ANYTOOL_1MMDEEP_LABELS_S
100
AcDbVertex
100
AcDb2dVertex
 10
216.4050792826366
 20
-9.994419642854382
 30
0.0
  0
VERTEX
  5
23F
330
1A0
100
AcDbEntity
  8
1_ANYTOOL_1MMDEEP_LABELS_S
100
AcDbVertex
100
AcDb2dVertex
 10
216.4554908339759
 20
-10.06929408481865
 30
0.0
  0
VERTEX
  5
240
330
1A0
100
AcDbEntity
  8
1_ANYTOOL_1MMDEEP_LABELS_S
100
AcDbVertex
100
AcDb2dVertex
 10
216.5072835237081
 20
-10.14324776785435
 30
0.0
  0
VERTEX
  5
241
330
1A0
100
AcDbEntity
  8
1_ANYTOOL_1MMDEEP_LABELS_S
100
AcDbVertex
100
AcDb2dVertex
 10
216.5604573518332
 20
-10.21628069196147
 30
0.0
  0
VERTEX
  5
242
330
1A0
100
AcDbEntity
  8
1_ANYTOOL_1MMDEEP_LABELS_S
100
AcDbVertex
100
AcDb2dVertex
 10
216.6150123183511
 20
-10.28839285714002
 30
0.0
  0
VERTEX
  5
243
330
1A0
100
AcDbEntity
  8
1_ANYTOOL_1MMDEEP_LABELS_S
100
AcDbVertex
100
AcDb2dVertex
 10
216.6709484232618
 20
-10.35958426339
 30
0.0
  0
VERTEX
  5
244
330
1A0
100
AcDbEntity
  8
1_ANYTOOL_1MMDEEP_LABELS_S
100
AcDbVertex
100
AcDb2dVertex
 10
216.7282656665655
 20
-10.42985491071141
 30
0.0
  0
VERTEX
  5
245
330
1A0
100
AcDbEntity
  8
1_ANYTOOL_1MMDEEP_LABELS_S
100
AcDbVertex
100
AcDb2dVertex
 10
216.786964048262
 20
-10.49920479910425
 30
0.0
  0
VERTEX
  5
246
330
1A0
100
AcDbEntity
  8
1_ANYTOOL_1MMDEEP_LABELS_S
100
AcDbVertex
100
AcDb2dVertex
 10
216.8470435683513
 20
-10.56763392856851
 30
0.0
  0
VERTEX
  5
247
330
1A0
100
AcDbEntity
  8
1_ANYTOOL_1MMDEEP_LABELS_S
100
AcDbVertex
100
AcDb2dVertex
 10
216.9085042268335
 20
-10.6351422991042
 30
0.0
  0
VERTEX
  5
248
330
1A0
100
AcDbEntity
  8
1_ANYTOOL_1MMDEEP_LABELS_S
100
AcDbVertex
100
AcDb2dVertex
 10
216.9713460237085
 20
-10.70172991071132
 30
0.0
  0
VERTEX
  5
249
330
1A0
100
AcDbEntity
  8
1_ANYTOOL_1MMDEEP_LABELS_S
100
AcDbVertex
100
AcDb2dVertex
 10
217.0355689589765
 20
-10.76739676338987
 30
0.0
  0
VERTEX
  5
24A
330
1A0
100
AcDbEntity
  8
1_ANYTOOL_1MMDEEP_LABELS_S
100
AcDbVertex
100
AcDb2dVertex
 10
217.1011730326372
 20
-10.83214285713984
 30
0.0
  0
VERTEX
  5
24B
330
1A0
100
AcDbEntity
  8
1_ANYTOOL_1MMDEEP_LABELS_S
100
AcDbVertex
100
AcDb2dVertex
 10
217.2365245951374
 20
-10.95887276785407
 30
0.0
  0
VERTEX
  5
24C
330
1A0
100
AcDbEntity
  8
1_ANYTOOL_1MMDEEP_LABELS_S
100
AcDbVertex
100
AcDb2dVertex
 10
217.3774007112089
 20
-11.08191964285402
 30
0.0
  0
VERTEX
  5
24D
330
1A0
100
AcDbEntity
  8
1_ANYTOOL_1MMDEEP_LABELS_S
100
AcDbVertex
100
AcDb2dVertex
 10
217.5238013808519
 20
-11.20128348213967
 30
0.0
  0
VERTEX
  5
24E
330
1A0
100
AcDbEntity
  8
1_ANYTOOL_1MMDEEP_LABELS_S
100
AcDbVertex
100
AcDb2dVertex
 10
217.6757266040663
 20
-11.31696428571104
 30
0.0
  0
VERTEX
  5
24F
330
1A0
100
AcDbEntity
  8
1_ANYTOOL_1MMDEEP_LABELS_S
100
AcDbVertex
100
AcDb2dVertex
 10
217.8331763808522
 20
-11.42896205356811
 30
0.0
  0
VERTEX
  5
250
330
1A0
100
AcDbEntity
  8
1_ANYTOOL_1MMDEEP_LABELS_S
100
AcDbVertex
100
AcDb2dVertex
 10
217.9961507112095
 20
-11.5372767857109
 30
0.0
  0
VERTEX
  5
251
330
1A0
100
AcDbEntity
  8
1_ANYTOOL_1MMDEEP_LABELS_S
100
AcDbVertex
100
AcDb2dVertex
 10
218.1646495951382
 20
-11.6419084821394
 30
0.0
  0
VERTEX
  5
252
330
1A0
100
AcDbEntity
  8
1_ANYTOOL_1MMDEEP_LABELS_S
100
AcDbVertex
100
AcDb2dVertex
 10
218.3386730326383
 20
-11.74285714285361
 30
0.0
  0
VERTEX
  5
253
330
1A0
100
AcDbEntity
  8
1_ANYTOOL_1MMDEEP_LABELS_S
100
AcDbVertex
100
AcDb2dVertex
 10
219.0538516040658
 20
-12.1339285714264
 30
0.0
  0
VERTEX
  5
254
330
1A0
100
AcDbEntity
  8
1_ANYTOOL_1MMDEEP_LABELS_S
100
AcDbVertex
100
AcDb2dVertex
 10
219.7851016040649
 20
-12.5142857142846
 30
0.0
  0
VERTEX
  5
255
330
1A0
100
AcDbEntity
  8
1_ANYTOOL_1MMDEEP_LABELS_S
100
AcDbVertex
100
AcDb2dVertex
 10
220.5324230326357
 20
-12.88392857142821
 30
0.0
  0
VERTEX
  5
256
330
1A0
100
AcDbEntity
  8
1_ANYTOOL_1MMDEEP_LABELS_S
100
AcDbVertex
100
AcDb2dVertex
 10
221.2958158897782
 20
-13.24285714285725
 30
0.0
  0
VERTEX
  5
257
330
1A0
100
AcDbEntity
  8
1_ANYTOOL_1MMDEEP_LABELS_S
100
AcDbVertex
100
AcDb2dVertex
 10
222.0752801754923
 20
-13.59107142857169
 30
0.0
  0
VERTEX
  5
258
330
1A0
100
AcDbEntity
  8
1_ANYTOOL_1MMDEEP_LABELS_S
100
AcDbVertex
100
AcDb2dVertex
 10
222.870815889778
 20
-13.92857142857156
 30
0.0
  0
VERTEX
  5
259
330
1A0
100
AcDbEntity
  8
1_ANYTOOL_1MMDEEP_LABELS_S
100
AcDbVertex
100
AcDb2dVertex
 10
223.6824230326354
 20
-14.25535714285684
 30
0.0
  0
VERTEX
  5
25A
330
1A0
100
AcDbEntity
  8
1_ANYTOOL_1MMDEEP_LABELS_S
100
AcDbVertex
100
AcDb2dVertex
 10
224.5101016040644
 20
-14.57142857142753
 30
0.0
  0
VERTEX
  5
25B
330
1A0
100
AcDbEntity
  8
1_ANYTOOL_1MMDEEP_LABELS_S
100
AcDbVertex
100
AcDb2dVertex
 10
225.335771246922
 20
-14.87946428571422
 30
0.0
  0
VERTEX
  5
25C
330
1A0
100
AcDbEntity
  8
1_ANYTOOL_1MMDEEP_LABELS_S
100
AcDbVertex
100
AcDb2dVertex
 10
226.1413516040652
 20
-15.2035714285721
 30
0.0
  0
VERTEX
  5
25D
330
1A0
100
AcDbEntity
  8
1_ANYTOOL_1MMDEEP_LABELS_S
100
AcDbVertex
100
AcDb2dVertex
 10
226.926842675494
 20
-15.54375000000118
 30
0.0
  0
VERTEX
  5
25E
330
1A0
100
AcDbEntity
  8
1_ANYTOOL_1MMDEEP_LABELS_S
100
AcDbVertex
100
AcDb2dVertex
 10
227.6922444612082
 20
-15.90000000000146
 30
0.0
  0
VERTEX
  5
25F
330
1A0
100
AcDbEntity
  8
1_ANYTOOL_1MMDEEP_LABELS_S
100
AcDbVertex
100
AcDb2dVertex
 10
228.4375569612081
 20
-16.27232142857292
 30
0.0
  0
VERTEX
  5
260
330
1A0
100
AcDbEntity
  8
1_ANYTOOL_1MMDEEP_LABELS_S
100
AcDbVertex
100
AcDb2dVertex
 10
229.1627801754935
 20
-16.66071428571558
 30
0.0
  0
VERTEX
  5
261
330
1A0
100
AcDbEntity
  8
1_ANYTOOL_1MMDEEP_LABELS_S
100
AcDbVertex
100
AcDb2dVertex
 10
229.8679141040644
 20
-17.06517857142944
 30
0.0
  0
VERTEX
  5
262
330
1A0
100
AcDbEntity
  8
1_ANYTOOL_1MMDEEP_LABELS_S
100
AcDbVertex
100
AcDb2dVertex
 10
230.5529587469209
 20
-17.48571428571449
 30
0.0
  0
VERTEX
  5
263
330
1A0
100
AcDbEntity
  8
1_ANYTOOL_1MMDEEP_LABELS_S
100
AcDbVertex
100
AcDb2dVertex
 10
230.7187790594207
 20
-17.59482421875002
 30
0.0
  0
VERTEX
  5
264
330
1A0
100
AcDbEntity
  8
1_ANYTOOL_1MMDEEP_LABELS_S
100
AcDbVertex
100
AcDb2dVertex
 10
230.8787399969206
 20
-17.70786830357127
 30
0.0
  0
VERTEX
  5
265
330
1A0
100
AcDbEntity
  8
1_ANYTOOL_1MMDEEP_LABELS_S
100
AcDbVertex
100
AcDb2dVertex
 10
231.0328415594204
 20
-17.82484654017826
 30
0.0
  0
VERTEX
  5
266
330
1A0
100
AcDbEntity
  8
1_ANYTOOL_1MMDEEP_LABELS_S
100
AcDbVertex
100
AcDb2dVertex
 10
231.1076950750454
 20
-17.8848109654014
 30
0.0
  0
VERTEX
  5
267
330
1A0
100
AcDbEntity
  8
1_ANYTOOL_1MMDEEP_LABELS_S
100
AcDbVertex
100
AcDb2dVertex
 10
231.1810837469203
 20
-17.94575892857097
 30
0.0
  0
VERTEX
  5
268
330
1A0
100
AcDbEntity
  8
1_ANYTOOL_1MMDEEP_LABELS_S
100
AcDbVertex
100
AcDb2dVertex
 10
231.2530075750452
 20
-18.00769042968697
 30
0.0
  0
VERTEX
  5
269
330
1A0
100
AcDbEntity
  8
1_ANYTOOL_1MMDEEP_LABELS_S
100
AcDbVertex
100
AcDb2dVertex
 10
231.3234665594202
 20
-18.07060546874941
 30
0.0
  0
VERTEX
  5
26A
330
1A0
100
AcDbEntity
  8
1_ANYTOOL_1MMDEEP_LABELS_S
100
AcDbVertex
100
AcDb2dVertex
 10
231.3924607000451
 20
-18.13450404575827
 30
0.0
  0
VERTEX
  5
26B
330
1A0
100
AcDbEntity
  8
1_ANYTOOL_1MMDEEP_LABELS_S
100
AcDbVertex
100
AcDb2dVertex
 10
231.4599899969201
 20
-18.19938616071357
 30
0.0
  0
VERTEX
  5
26C
330
1A0
100
AcDbEntity
  8
1_ANYTOOL_1MMDEEP_LABELS_S
100
AcDbVertex
100
AcDb2dVertex
 10
231.526054450045
 20
-18.2652518136153
 30
0.0
  0
VERTEX
  5
26D
330
1A0
100
AcDbEntity
  8
1_ANYTOOL_1MMDEEP_LABELS_S
100
AcDbVertex
100
AcDb2dVertex
 10
231.59065405942
 20
-18.33210100446347
 30
0.0
  0
VERTEX
  5
26E
330
1A0
100
AcDbEntity
  8
1_ANYTOOL_1MMDEEP_LABELS_S
100
AcDbVertex
100
AcDb2dVertex
 10
231.653788825045
 20
-18.39993373325806
 30
0.0
  0
VERTEX
  5
26F
330
1A0
100
AcDbEntity
  8
1_ANYTOOL_1MMDEEP_LABELS_S
100
AcDbVertex
100
AcDb2dVertex
 10
231.7154587469199
 20
-18.46874999999909
 30
0.0
  0
VERTEX
  5
270
330
1A0
100
AcDbEntity
  8
1_ANYTOOL_1MMDEEP_LABELS_S
100
AcDbVertex
100
AcDb2dVertex
 10
231.7756638250449
 20
-18.53854980468655
 30
0.0
  0
VERTEX
  5
271
330
1A0
100
AcDbEntity
  8
1_ANYTOOL_1MMDEEP_LABELS_S
100
AcDbVertex
100
AcDb2dVertex
 10
231.8344040594199
 20
-18.60933314732044
 30
0.0
  0
VERTEX
  5
272
330
1A0
100
AcDbEntity
  8
1_ANYTOOL_1MMDEEP_LABELS_S
100
AcDbVertex
100
AcDb2dVertex
 10
231.8916794500448
 20
-18.68110002790077
 30
0.0
  0
VERTEX
  5
273
330
1A0
100
AcDbEntity
  8
1_ANYTOOL_1MMDEEP_LABELS_S
100
AcDbVertex
100
AcDb2dVertex
 10
231.9474899969198
 20
-18.75385044642752
 30
0.0
  0
VERTEX
  5
274
330
1A0
100
AcDbEntity
  8
1_ANYTOOL_1MMDEEP_LABELS_S
100
AcDbVertex
100
AcDb2dVertex
 10
232.0018357000448
 20
-18.82758440290071
 30
0.0
  0
VERTEX
  5
275
330
1A0
100
AcDbEntity
  8
1_ANYTOOL_1MMDEEP_LABELS_S
100
AcDbVertex
100
AcDb2dVertex
 10
232.0547165594198
 20
-18.90230189732033
 30
0.0
  0
VERTEX
  5
276
330
1A0
100
AcDbEntity
  8
1_ANYTOOL_1MMDEEP_LABELS_S
100
AcDbVertex
100
AcDb2dVertex
 10
232.1061325750448
 20
-18.97800292968638
 30
0.0
  0
VERTEX
  5
277
330
1A0
100
AcDbEntity
  8
1_ANYTOOL_1MMDEEP_LABELS_S
100
AcDbVertex
100
AcDb2dVertex
 10
232.1560837469198
 20
-19.05468749999886
 30
0.0
  0
VERTEX
  5
278
330
1A0
100
AcDbEntity
  8
1_ANYTOOL_1MMDEEP_LABELS_S
100
AcDbVertex
100
AcDb2dVertex
 10
232.2045700750448
 20
-19.13235560825778
 30
0.0
  0
VERTEX
  5
279
330
1A0
100
AcDbEntity
  8
1_ANYTOOL_1MMDEEP_LABELS_S
100
AcDbVertex
100
AcDb2dVertex
 10
232.2515915594198
 20
-19.21100725446313
 30
0.0
  0
VERTEX
  5
27A
330
1A0
100
AcDbEntity
  8
1_ANYTOOL_1MMDEEP_LABELS_S
100
AcDbVertex
100
AcDb2dVertex
 10
232.2971482000448
 20
-19.29064243861491
 30
0.0
  0
VERTEX
  5
27B
330
1A0
100
AcDbEntity
  8
1_ANYTOOL_1MMDEEP_LABELS_S
100
AcDbVertex
100
AcDb2dVertex
 10
232.3412399969198
 20
-19.37126116071312
 30
0.0
  0
VERTEX
  5
27C
330
1A0
100
AcDbEntity
  8
1_ANYTOOL_1MMDEEP_LABELS_S
100
AcDbVertex
100
AcDb2dVertex
 10
232.3838669500448
 20
-19.45286342075776
 30
0.0
  0
VERTEX
  5
27D
330
1A0
100
AcDbEntity
  8
1_ANYTOOL_1MMDEEP_LABELS_S
100
AcDbVertex
100
AcDb2dVertex
 10
232.4250290594198
 20
-19.53544921874884
 30
0.0
  0
VERTEX
  5
27E
330
1A0
100
AcDbEntity
  8
1_ANYTOOL_1MMDEEP_LABELS_S
100
AcDbVertex
100
AcDb2dVertex
 10
232.4647263250448
 20
-19.61901855468635
 30
0.0
  0
VERTEX
  5
27F
330
1A0
100
AcDbEntity
  8
1_ANYTOOL_1MMDEEP_LABELS_S
100
AcDbVertex
100
AcDb2dVertex
 10
232.5029587469198
 20
-19.70357142857029
 30
0.0
  0
VERTEX
  5
280
330
1A0
100
AcDbEntity
  8
1_ANYTOOL_1MMDEEP_LABELS_S
100
AcDbVertex
100
AcDb2dVertex
 10
232.5397263250449
 20
-19.78910784040066
 30
0.0
  0
VERTEX
  5
281
330
1A0
100
AcDbEntity
  8
1_ANYTOOL_1MMDEEP_LABELS_S
100
AcDbVertex
100
AcDb2dVertex
 10
232.5750290594199
 20
-19.87562779017746
 30
0.0
  0
VERTEX
  5
282
330
1A0
100
AcDbEntity
  8
1_ANYTOOL_1MMDEEP_LABELS_S
100
AcDbVertex
100
AcDb2dVertex
 10
232.6088669500449
 20
-19.9631312779007
 30
0.0
  0
VERTEX
  5
283
330
1A0
100
AcDbEntity
  8
1_ANYTOOL_1MMDEEP_LABELS_S
100
AcDbVertex
100
AcDb2dVertex
 10
232.6412399969199
 20
-20.05161830357036
 30
0.0
  0
VERTEX
  5
284
330
1A0
100
AcDbEntity
  8
1_ANYTOOL_1MMDEEP_LABELS_S
100
AcDbVertex
100
AcDb2dVertex
 10
232.672148200045
 20
-20.14108886718646
 30
0.0
  0
VERTEX
  5
285
330
1A0
100
AcDbEntity
  8
1_ANYTOOL_1MMDEEP_LABELS_S
100
AcDbVertex
100
AcDb2dVertex
 10
232.70159155942
 20
-20.231542968749
 30
0.0
  0
VERTEX
  5
286
330
1A0
100
AcDbEntity
  8
1_ANYTOOL_1MMDEEP_LABELS_S
100
AcDbVertex
100
AcDb2dVertex
 10
232.7295700750451
 20
-20.32298060825796
 30
0.0
  0
VERTEX
  5
287
330
1A0
100
AcDbEntity
  8
1_ANYTOOL_1MMDEEP_LABELS_S
100
AcDbVertex
100
AcDb2dVertex
 10
232.7560837469201
 20
-20.41540178571336
 30
0.0
  0
VERTEX
  5
288
330
1A0
100
AcDbEntity
  8
1_ANYTOOL_1MMDEEP_LABELS_S
100
AcDbVertex
100
AcDb2dVertex
 10
232.8047165594202
 20
-20.60319475446344
 30
0.0
  0
VERTEX
  5
289
330
1A0
100
AcDbEntity
  8
1_ANYTOOL_1MMDEEP_LABELS_S
100
AcDbVertex
100
AcDb2dVertex
 10
232.8474899969204
 20
-20.79492187499926
 30
0.0
  0
VERTEX
  5
28A
330
1A0
100
AcDbEntity
  8
1_ANYTOOL_1MMDEEP_LABELS_S
100
AcDbVertex
100
AcDb2dVertex
 10
232.8844040594205
 20
-20.99058314732081
 30
0.0
  0
VERTEX
  5
28B
330
1A0
100
AcDbEntity
  8
1_ANYTOOL_1MMDEEP_LABELS_S
100
AcDbVertex
100
AcDb2dVertex
 10
232.9154587469206
 20
-21.19017857142808
 30
0.0
  0
VERTEX
  5
28C
330
1A0
100
AcDbEntity
  8
1_ANYTOOL_1MMDEEP_LABELS_S
100
AcDbVertex
100
AcDb2dVertex
 10
232.9406540594208
 20
-21.39370814732108
 30
0.0
  0
VERTEX
  5
28D
330
1A0
100
AcDbEntity
  8
1_ANYTOOL_1MMDEEP_LABELS_S
100
AcDbVertex
100
AcDb2dVertex
 10
232.959989996921
 20
-21.60117187499981
 30
0.0
  0
VERTEX
  5
28E
330
1A0
100
AcDbEntity
  8
1_ANYTOOL_1MMDEEP_LABELS_S
100
AcDbVertex
100
AcDb2dVertex
 10
232.9734665594212
 20
-21.81256975446426
 30
0.0
  0
VERTEX
  5
28F
330
1A0
100
AcDbEntity
  8
1_ANYTOOL_1MMDEEP_LABELS_S
100
AcDbVertex
100
AcDb2dVertex
 10
232.9810837469214
 20
-22.02790178571445
 30
0.0
  0
VERTEX
  5
290
330
1A0
100
AcDbEntity
  8
1_ANYTOOL_1MMDEEP_LABELS_S
100
AcDbVertex
100
AcDb2dVertex
 10
232.9828415594216
 20
-22.24716796875036
 30
0.0
  0
VERTEX
  5
291
330
1A0
100
AcDbEntity
  8
1_ANYTOOL_1MMDEEP_LABELS_S
100
AcDbVertex
100
AcDb2dVertex
 10
232.9787399969219
 20
-22.470368303572
 30
0.0
  0
VERTEX
  5
292
330
1A0
100
AcDbEntity
  8
1_ANYTOOL_1MMDEEP_LABELS_S
100
AcDbVertex
100
AcDb2dVertex
 10
232.9687790594221
 20
-22.69750279017937
 30
0.0
  0
VERTEX
  5
293
330
1A0
100
AcDbEntity
  8
1_ANYTOOL_1MMDEEP_LABELS_S
100
AcDbVertex
100
AcDb2dVertex
 10
232.9529587469224
 20
-22.92857142857247
 30
0.0
  0
VERTEX
  5
294
330
1A0
100
AcDbEntity
  8
1_ANYTOOL_1MMDEEP_LABELS_S
100
AcDbVertex
100
AcDb2dVertex
 10
232.9316975862079
 20
-23.15976562500084
 30
0.0
  0
VERTEX
  5
295
330
1A0
100
AcDbEntity
  8
1_ANYTOOL_1MMDEEP_LABELS_S
100
AcDbVertex
100
AcDb2dVertex
 10
232.9054141040649
 20
-23.38727678571493
 30
0.0
  0
VERTEX
  5
296
330
1A0
100
AcDbEntity
  8
1_ANYTOOL_1MMDEEP_LABELS_S
100
AcDbVertex
100
AcDb2dVertex
 10
232.8741083004933
 20
-23.61110491071475
 30
0.0
  0
VERTEX
  5
297
330
1A0
100
AcDbEntity
  8
1_ANYTOOL_1MMDEEP_LABELS_S
100
AcDbVertex
100
AcDb2dVertex
 10
232.8377801754931
 20
-23.8312500000003
 30
0.0
  0
VERTEX
  5
298
330
1A0
100
AcDbEntity
  8
1_ANYTOOL_1MMDEEP_LABELS_S
100
AcDbVertex
100
AcDb2dVertex
 10
232.7964297290644
 20
-24.04771205357157
 30
0.0
  0
VERTEX
  5
299
330
1A0
100
AcDbEntity
  8
1_ANYTOOL_1MMDEEP_LABELS_S
100
AcDbVertex
100
AcDb2dVertex
 10
232.750056961207
 20
-24.26049107142856
 30
0.0
  0
VERTEX
  5
29A
330
1A0
100
AcDbEntity
  8
1_ANYTOOL_1MMDEEP_LABELS_S
100
AcDbVertex
100
AcDb2dVertex
 10
232.6986618719212
 20
-24.46958705357128
 30
0.0
  0
VERTEX
  5
29B
330
1A0
100
AcDbEntity
  8
1_ANYTOOL_1MMDEEP_LABELS_S
100
AcDbVertex
100
AcDb2dVertex
 10
232.6422444612067
 20
-24.67499999999973
 30
0.0
  0
VERTEX
  5
29C
330
1A0
100
AcDbEntity
  8
1_ANYTOOL_1MMDEEP_LABELS_S
100
AcDbVertex
100
AcDb2dVertex
 10
232.5808047290637
 20
-24.8767299107139
 30
0.0
  0
VERTEX
  5
29D
330
1A0
100
AcDbEntity
  8
1_ANYTOOL_1MMDEEP_LABELS_S
100
AcDbVertex
100
AcDb2dVertex
 10
232.5143426754921
 20
-25.07477678571379
 30
0.0
  0
VERTEX
  5
29E
330
1A0
100
AcDbEntity
  8
1_ANYTOOL_1MMDEEP_LABELS_S
100
AcDbVertex
100
AcDb2dVertex
 10
232.4428583004919
 20
-25.26914062499942
 30
0.0
  0
VERTEX
  5
29F
330
1A0
100
AcDbEntity
  8
1_ANYTOOL_1MMDEEP_LABELS_S
100
AcDbVertex
100
AcDb2dVertex
 10
232.3663516040632
 20
-25.45982142857076
 30
0.0
  0
VERTEX
  5
2A0
330
1A0
100
AcDbEntity
  8
1_ANYTOOL_1MMDEEP_LABELS_S
100
AcDbVertex
100
AcDb2dVertex
 10
232.2848225862059
 20
-25.64681919642783
 30
0.0
  0
VERTEX
  5
2A1
330
1A0
100
AcDbEntity
  8
1_ANYTOOL_1MMDEEP_LABELS_S
100
AcDbVertex
100
AcDb2dVertex
 10
232.19827124692
 20
-25.83013392857063
 30
0.0
  0
VERTEX
  5
2A2
330
1A0
100
AcDbEntity
  8
1_ANYTOOL_1MMDEEP_LABELS_S
100
AcDbVertex
100
AcDb2dVertex
 10
232.1066975862056
 20
-26.00976562499915
 30
0.0
  0
VERTEX
  5
2A3
330
1A0
100
AcDbEntity
  8
1_ANYTOOL_1MMDEEP_LABELS_S
100
AcDbVertex
100
AcDb2dVertex
 10
232.0101016040626
 20
-26.1857142857134
 30
0.0
  0
VERTEX
  5
2A4
330
1A0
100
AcDbEntity
  8
1_ANYTOOL_1MMDEEP_LABELS_S
100
AcDbVertex
100
AcDb2dVertex
 10
231.908483300491
 20
-26.35797991071338
 30
0.0
  0
VERTEX
  5
2A5
330
1A0
100
AcDbEntity
  8
1_ANYTOOL_1MMDEEP_LABELS_S
100
AcDbVertex
100
AcDb2dVertex
 10
231.8018426754909
 20
-26.52656249999907
 30
0.0
  0
VERTEX
  5
2A6
330
1A0
100
AcDbEntity
  8
1_ANYTOOL_1MMDEEP_LABELS_S
100
AcDbVertex
100
AcDb2dVertex
 10
231.6901797290622
 20
-26.6914620535705
 30
0.0
  0
VERTEX
  5
2A7
330
1A0
100
AcDbEntity
  8
1_ANYTOOL_1MMDEEP_LABELS_S
100
AcDbVertex
100
AcDb2dVertex
 10
231.5734944612049
 20
-26.85267857142765
 30
0.0
  0
VERTEX
  5
2A8
330
1A0
100
AcDbEntity
  8
1_ANYTOOL_1MMDEEP_LABELS_S
100
AcDbVertex
100
AcDb2dVertex
 10
231.451786871919
 20
-27.01021205357052
 30
0.0
  0
VERTEX
  5
2A9
330
1A0
100
AcDbEntity
  8
1_ANYTOOL_1MMDEEP_LABELS_S
100
AcDbVertex
100
AcDb2dVertex
 10
231.3250569612046
 20
-27.16406249999912
 30
0.0
  0
VERTEX
  5
2AA
330
1A0
100
AcDbEntity
  8
1_ANYTOOL_1MMDEEP_LABELS_S
100
AcDbVertex
100
AcDb2dVertex
 10
231.1933047290616
 20
-27.31422991071344
 30
0.0
  0
VERTEX
  5
2AB
330
1A0
100
AcDbEntity
  8
1_ANYTOOL_1MMDEEP_LABELS_S
100
AcDbVertex
100
AcDb2dVertex
 10
231.05653017549
 20
-27.46071428571349
 30
0.0
  0
VERTEX
  5
2AC
330
1A0
100
AcDbEntity
  8
1_ANYTOOL_1MMDEEP_LABELS_S
100
AcDbVertex
100
AcDb2dVertex
 10
230.9147333004899
 20
-27.60351562499927
 30
0.0
  0
VERTEX
  5
2AD
330
1A0
100
AcDbEntity
  8
1_ANYTOOL_1MMDEEP_LABELS_S
100
AcDbVertex
100
AcDb2dVertex
 10
230.7679141040612
 20
-27.74263392857077
 30
0.0
  0
VERTEX
  5
2AE
330
1A0
100
AcDbEntity
  8
1_ANYTOOL_1MMDEEP_LABELS_S
100
AcDbVertex
100
AcDb2dVertex
 10
230.6160725862039
 20
-27.87806919642799
 30
0.0
  0
VERTEX
  5
2AF
330
1A0
100
AcDbEntity
  8
1_ANYTOOL_1MMDEEP_LABELS_S
100
AcDbVertex
100
AcDb2dVertex
 10
230.4592087469181
 20
-28.00982142857094
 30
0.0
  0
VERTEX
  5
2B0
330
1A0
100
AcDbEntity
  8
1_ANYTOOL_1MMDEEP_LABELS_S
100
AcDbVertex
100
AcDb2dVertex
 10
230.2973225862037
 20
-28.13789062499962
 30
0.0
  0
VERTEX
  5
2B1
330
1A0
100
AcDbEntity
  8
1_ANYTOOL_1MMDEEP_LABELS_S
100
AcDbVertex
100
AcDb2dVertex
 10
230.1304141040607
 20
-28.26227678571402
 30
0.0
  0
VERTEX
  5
2B2
330
1A0
100
AcDbEntity
  8
1_ANYTOOL_1MMDEEP_LABELS_S
100
AcDbVertex
100
AcDb2dVertex
 10
229.9584833004891
 20
-28.38297991071415
 30
0.0
  0
VERTEX
  5
2B3
330
1A0
100
AcDbEntity
  8
1_ANYTOOL_1MMDEEP_LABELS_S
100
AcDbVertex
100
AcDb2dVertex
 10
229.781530175489
 20
-28.5
 30
0.0
  0
VERTEX
  5
2B4
330
1A0
100
AcDbEntity
  8
1_ANYTOOL_1MMDEEP_LABELS_S
100
AcDbVertex
100
AcDb2dVertex
 10
229.420760086204
 20
-28.71813616071464
 30
0.0
  0
VERTEX
  5
2B5
330
1A0
100
AcDbEntity
  8
1_ANYTOOL_1MMDEEP_LABELS_S
100
AcDbVertex
100
AcDb2dVertex
 10
229.0563069612045
 20
-28.92254464285782
 30
0.0
  0
VERTEX
  5
2B6
330
1A0
100
AcDbEntity
  8
1_ANYTOOL_1MMDEEP_LABELS_S
100
AcDbVertex
100
AcDb2dVertex
 10
228.6881708004908
 20
-29.11322544642954
 30
0.0
  0
VERTEX
  5
2B7
330
1A0
100
AcDbEntity
  8
1_ANYTOOL_1MMDEEP_LABELS_S
100
AcDbVertex
100
AcDb2dVertex
 10
228.3163516040627
 20
-29.29017857142981
 30
0.0
  0
VERTEX
  5
2B8
330
1A0
100
AcDbEntity
  8
1_ANYTOOL_1MMDEEP_LABELS_S
100
AcDbVertex
100
AcDb2dVertex
 10
227.9408493719202
 20
-29.45340401785862
 30
0.0
  0
VERTEX
  5
2B9
330
1A0
100
AcDbEntity
  8
1_ANYTOOL_1MMDEEP_LABELS_S
100
AcDbVertex
100
AcDb2dVertex
 10
227.5616641040634
 20
-29.60290178571597
 30
0.0
  0
VERTEX
  5
2BA
330
1A0
100
AcDbEntity
  8
1_ANYTOOL_1MMDEEP_LABELS_S
100
AcDbVertex
100
AcDb2dVertex
 10
227.1787958004923
 20
-29.73867187500187
 30
0.0
  0
VERTEX
  5
2BB
330
1A0
100
AcDbEntity
  8
1_ANYTOOL_1MMDEEP_LABELS_S
100
AcDbVertex
100
AcDb2dVertex
 10
226.9859805103138
 20
-29.80140904018052
 30
0.0
  0
VERTEX
  5
2BC
330
1A0
100
AcDbEntity
  8
1_ANYTOOL_1MMDEEP_LABELS_S
100
AcDbVertex
100
AcDb2dVertex
 10
226.7922444612068
 20
-29.86071428571631
 30
0.0
  0
VERTEX
  5
2BD
330
1A0
100
AcDbEntity
  8
1_ANYTOOL_1MMDEEP_LABELS_S
100
AcDbVertex
100
AcDb2dVertex
 10
226.5975876531712
 20
-29.91658761160924
 30
0.0
  0
VERTEX
  5
2BE
330
1A0
100
AcDbEntity
  8
1_ANYTOOL_1MMDEEP_LABELS_S
100
AcDbVertex
100
AcDb2dVertex
 10
226.402010086207
 20
-29.9690290178593
 30
0.0
  0
VERTEX
  5
2BF
330
1A0
100
AcDbEntity
  8
1_ANYTOOL_1MMDEEP_LABELS_S
100
AcDbVertex
100
AcDb2dVertex
 10
226.2055117603142
 20
-30.0180385044665
 30
0.0
  0
VERTEX
  5
2C0
330
1A0
100
AcDbEntity
  8
1_ANYTOOL_1MMDEEP_LABELS_S
100
AcDbVertex
100
AcDb2dVertex
 10
226.0080926754928
 20
-30.06361607143083
 30
0.0
  0
VERTEX
  5
2C1
330
1A0
100
AcDbEntity
  8
1_ANYTOOL_1MMDEEP_LABELS_S
100
AcDbVertex
100
AcDb2dVertex
 10
225.8097528317428
 20
-30.1057617187523
 30
0.0
  0
VERTEX
  5
2C2
330
1A0
100
AcDbEntity
  8
1_ANYTOOL_1MMDEEP_LABELS_S
100
AcDbVertex
100
AcDb2dVertex
 10
225.6104922290642
 20
-30.1444754464309
 30
0.0
  0
VERTEX
  5
2C3
330
1A0
100
AcDbEntity
  8
1_ANYTOOL_1MMDEEP_LABELS_S
100
AcDbVertex
100
AcDb2dVertex
 10
225.2092087469214
 20
-30.21160714285952
 30
0.0
  0
VERTEX
  5
2C4
330
1A0
100
AcDbEntity
  8
1_ANYTOOL_1MMDEEP_LABELS_S
100
AcDbVertex
100
AcDb2dVertex
 10
224.8042422290642
 20
-30.26501116071668
 30
0.0
  0
VERTEX
  5
2C5
330
1A0
100
AcDbEntity
  8
1_ANYTOOL_1MMDEEP_LABELS_S
100
AcDbVertex
100
AcDb2dVertex
 10
224.3955926754926
 20
-30.30468750000239
 30
0.0
  0
VERTEX
  5
2C6
330
1A0
100
AcDbEntity
  8
1_ANYTOOL_1MMDEEP_LABELS_S
100
AcDbVertex
100
AcDb2dVertex
 10
223.9832600862067
 20
-30.33063616071664
 30
0.0
  0
VERTEX
  5
2C7
330
1A0
100
AcDbEntity
  8
1_ANYTOOL_1MMDEEP_LABELS_S
100
AcDbVertex
100
AcDb2dVertex
 10
223.5672444612064
 20
-30.34285714285943
 30
0.0
  0
VERTEX
  5
2C8
330
1A0
100
AcDbEntity
  8
1_ANYTOOL_1MMDEEP_LABELS_S
100
AcDbVertex
100
AcDb2dVertex
 10
223.1569208004918
 20
-30.34185267857364
 30
0.0
  0
VERTEX
  5
2C9
330
1A0
100
AcDbEntity
  8
1_ANYTOOL_1MMDEEP_LABELS_S
100
AcDbVertex
100
AcDb2dVertex
 10
222.7509498183487
 20
-30.32812500000216
 30
0.0
  0
VERTEX
  5
2CA
330
1A0
100
AcDbEntity
  8
1_ANYTOOL_1MMDEEP_LABELS_S
100
AcDbVertex
100
AcDb2dVertex
 10
222.349331514777
 20
-30.30167410714498
 30
0.0
  0
VERTEX
  5
2CB
330
1A0
100
AcDbEntity
  8
1_ANYTOOL_1MMDEEP_LABELS_S
100
AcDbVertex
100
AcDb2dVertex
 10
221.9520658897768
 20
-30.26250000000209
 30
0.0
  0
VERTEX
  5
2CC
330
1A0
100
AcDbEntity
  8
1_ANYTOOL_1MMDEEP_LABELS_S
100
AcDbVertex
100
AcDb2dVertex
 10
221.5591529433481
 20
-30.21060267857351
 30
0.0
  0
VERTEX
  5
2CD
330
1A0
100
AcDbEntity
  8
1_ANYTOOL_1MMDEEP_LABELS_S
100
AcDbVertex
100
AcDb2dVertex
 10
221.1705926754909
 20
-30.14598214285922
 30
0.0
  0
VERTEX
  5
2CE
330
1A0
100
AcDbEntity
  8
1_ANYTOOL_1MMDEEP_LABELS_S
100
AcDbVertex
100
AcDb2dVertex
 10
220.7863850862051
 20
-30.06863839285924
 30
0.0
  0
VERTEX
  5
2CF
330
1A0
100
AcDbEntity
  8
1_ANYTOOL_1MMDEEP_LABELS_S
100
AcDbVertex
100
AcDb2dVertex
 10
220.4065301754908
 20
-29.97857142857356
 30
0.0
  0
VERTEX
  5
2D0
330
1A0
100
AcDbEntity
  8
1_ANYTOOL_1MMDEEP_LABELS_S
100
AcDbVertex
100
AcDb2dVertex
 10
220.0310279433481
 20
-29.87578125000218
 30
0.0
  0
VERTEX
  5
2D1
330
1A0
100
AcDbEntity
  8
1_ANYTOOL_1MMDEEP_LABELS_S
100
AcDbVertex
100
AcDb2dVertex
 10
219.6598783897767
 20
-29.7602678571451
 30
0.0
  0
VERTEX
  5
2D2
330
1A0
100
AcDbEntity
  8
1_ANYTOOL_1MMDEEP_LABELS_S
100
AcDbVertex
100
AcDb2dVertex
 10
219.2930815147769
 20
-29.63203125000231
 30
0.0
  0
VERTEX
  5
2D3
330
1A0
100
AcDbEntity
  8
1_ANYTOOL_1MMDEEP_LABELS_S
100
AcDbVertex
100
AcDb2dVertex
 10
218.9306373183485
 20
-29.49107142857383
 30
0.0
  0
VERTEX
  5
2D4
330
1A0
100
AcDbEntity
  8
1_ANYTOOL_1MMDEEP_LABELS_S
100
AcDbVertex
100
AcDb2dVertex
 10
218.5725458004917
 20
-29.33738839285965
 30
0.0
  0
VERTEX
  5
2D5
330
1A0
100
AcDbEntity
  8
1_ANYTOOL_1MMDEEP_LABELS_S
100
AcDbVertex
100
AcDb2dVertex
 10
218.2188069612063
 20
-29.17098214285977
 30
0.0
  0
VERTEX
  5
2D6
330
1A0
100
AcDbEntity
  8
1_ANYTOOL_1MMDEEP_LABELS_S
100
AcDbVertex
100
AcDb2dVertex
 10
217.8694208004923
 20
-28.99185267857419
 30
0.0
  0
VERTEX
  5
2D7
330
1A0
100
AcDbEntity
  8
1_ANYTOOL_1MMDEEP_LABELS_S
100
AcDbVertex
100
AcDb2dVertex
 10
217.5243873183499
 20
-28.80000000000291
 30
0.0
  0
VERTEX
  5
2D8
330
1A0
100
AcDbEntity
  8
1_ANYTOOL_1MMDEEP_LABELS_S
100
AcDbVertex
100
AcDb2dVertex
 10
217.3556373183497
 20
-28.6994280133954
 30
0.0
  0
VERTEX
  5
2D9
330
1A0
100
AcDbEntity
  8
1_ANYTOOL_1MMDEEP_LABELS_S
100
AcDbVertex
100
AcDb2dVertex
 10
217.1922444612066
 20
-28.5959263392879
 30
0.0
  0
VERTEX
  5
2DA
330
1A0
100
AcDbEntity
  8
1_ANYTOOL_1MMDEEP_LABELS_S
100
AcDbVertex
100
AcDb2dVertex
 10
217.0342087469207
 20
-28.48949497768042
 30
0.0
  0
VERTEX
  5
2DB
330
1A0
100
AcDbEntity
  8
1_ANYTOOL_1MMDEEP_LABELS_S
100
AcDbVertex
100
AcDb2dVertex
 10
216.8815301754919
 20
-28.38013392857295
 30
0.0
  0
VERTEX
  5
2DC
330
1A0
100
AcDbEntity
  8
1_ANYTOOL_1MMDEEP_LABELS_S
100
AcDbVertex
100
AcDb2dVertex
 10
216.7342087469203
 20
-28.26784319196549
 30
0.0
  0
VERTEX
  5
2DD
330
1A0
100
AcDbEntity
  8
1_ANYTOOL_1MMDEEP_LABELS_S
100
AcDbVertex
100
AcDb2dVertex
 10
216.5922444612058
 20
-28.15262276785805
 30
0.0
  0
VERTEX
  5
2DE
330
1A0
100
AcDbEntity
  8
1_ANYTOOL_1MMDEEP_LABELS_S
100
AcDbVertex
100
AcDb2dVertex
 10
216.4556373183485
 20
-28.03447265625062
 30
0.0
  0
VERTEX
  5
2DF
330
1A0
100
AcDbEntity
  8
1_ANYTOOL_1MMDEEP_LABELS_S
100
AcDbVertex
100
AcDb2dVertex
 10
216.3243873183483
 20
-27.91339285714321
 30
0.0
  0
VERTEX
  5
2E0
330
1A0
100
AcDbEntity
  8
1_ANYTOOL_1MMDEEP_LABELS_S
100
AcDbVertex
100
AcDb2dVertex
 10
216.1984944612053
 20
-27.78938337053581
 30
0.0
  0
VERTEX
  5
2E1
330
1A0
100
AcDbEntity
  8
1_ANYTOOL_1MMDEEP_LABELS_S
100
AcDbVertex
100
AcDb2dVertex
 10
216.0779587469194
 20
-27.66244419642842
 30
0.0
  0
VERTEX
  5
2E2
330
1A0
100
AcDbEntity
  8
1_ANYTOOL_1MMDEEP_LABELS_S
100
AcDbVertex
100
AcDb2dVertex
 10
215.9627801754906
 20
-27.53257533482105
 30
0.0
  0
VERTEX
  5
2E3
330
1A0
100
AcDbEntity
  8
1_ANYTOOL_1MMDEEP_LABELS_S
100
AcDbVertex
100
AcDb2dVertex
 10
215.8529587469191
 20
-27.3997767857137
 30
0.0
  0
VERTEX
  5
2E4
330
1A0
100
AcDbEntity
  8
1_ANYTOOL_1MMDEEP_LABELS_S
100
AcDbVertex
100
AcDb2dVertex
 10
215.8000569612047
 20
-27.33227887834752
 30
0.0
  0
VERTEX
  5
2E5
330
1A0
100
AcDbEntity
  8
1_ANYTOOL_1MMDEEP_LABELS_S
100
AcDbVertex
100
AcDb2dVertex
 10
215.7484944612046
 20
-27.26404854910636
 30
0.0
  0
VERTEX
  5
2E6
330
1A0
100
AcDbEntity
  8
1_ANYTOOL_1MMDEEP_LABELS_S
100
AcDbVertex
100
AcDb2dVertex
 10
215.6982712469189
 20
-27.19508579799019
 30
0.0
  0
VERTEX
  5
2E7
330
1A0
100
AcDbEntity
  8
1_ANYTOOL_1MMDEEP_LABELS_S
100
AcDbVertex
100
AcDb2dVertex
 10
215.6493873183474
 20
-27.12539062499903
 30
0.0
  0
VERTEX
  5
2E8
330
1A0
100
AcDbEntity
  8
1_ANYTOOL_1MMDEEP_LABELS_S
100
AcDbVertex
100
AcDb2dVertex
 10
215.6018426754901
 20
-27.05496303013287
 30
0.0
  0
VERTEX
  5
2E9
330
1A0
100
AcDbEntity
  8
1_ANYTOOL_1MMDEEP_LABELS_S
100
AcDbVertex
100
AcDb2dVertex
 10
215.5556373183472
 20
-26.98380301339171
 30
0.0
  0
VERTEX
  5
2EA
330
1A0
100
AcDbEntity
  8
1_ANYTOOL_1MMDEEP_LABELS_S
100
AcDbVertex
100
AcDb2dVertex
 10
215.5107712469186
 20
-26.91191057477556
 30
0.0
  0
VERTEX
  5
2EB
330
1A0
100
AcDbEntity
  8
1_ANYTOOL_1MMDEEP_LABELS_S
100
AcDbVertex
100
AcDb2dVertex
 10
215.4672444612042
 20
-26.83928571428442
 30
0.0
  0
VERTEX
  5
2EC
330
1A0
100
AcDbEntity
  8
1_ANYTOOL_1MMDEEP_LABELS_S
100
AcDbVertex
100
AcDb2dVertex
 10
215.4250569612042
 20
-26.76592843191827
 30
0.0
  0
VERTEX
  5
2ED
330
1A0
100
AcDbEntity
  8
1_ANYTOOL_1MMDEEP_LABELS_S
100
AcDbVertex
100
AcDb2dVertex
 10
215.3842087469184
 20
-26.69183872767713
 30
0.0
  0
VERTEX
  5
2EE
330
1A0
100
AcDbEntity
  8
1_ANYTOOL_1MMDEEP_LABELS_S
100
AcDbVertex
100
AcDb2dVertex
 10
215.3446998183469
 20
-26.61701660156099
 30
0.0
  0
VERTEX
  5
2EF
330
1A0
100
AcDbEntity
  8
1_ANYTOOL_1MMDEEP_LABELS_S
100
AcDbVertex
100
AcDb2dVertex
 10
215.3065301754897
 20
-26.54146205356986
 30
0.0
  0
VERTEX
  5
2F0
330
1A0
100
AcDbEntity
  8
1_ANYTOOL_1MMDEEP_LABELS_S
100
AcDbVertex
100
AcDb2dVertex
 10
215.2696998183469
 20
-26.46517508370373
 30
0.0
  0
VERTEX
  5
2F1
330
1A0
100
AcDbEntity
  8
1_ANYTOOL_1MMDEEP_LABELS_S
100
AcDbVertex
100
AcDb2dVertex
 10
215.2342087469182
 20
-26.3881556919626
 30
0.0
  0
VERTEX
  5
2F2
330
1A0
100
AcDbEntity
  8
1_ANYTOOL_1MMDEEP_LABELS_S
100
AcDbVertex
100
AcDb2dVertex
 10
215.2000569612039
 20
-26.31040387834648
 30
0.0
  0
VERTEX
  5
2F3
330
1A0
100
AcDbEntity
  8
1_ANYTOOL_1MMDEEP_LABELS_S
100
AcDbVertex
100
AcDb2dVertex
 10
215.1672444612038
 20
-26.23191964285536
 30
0.0
  0
VERTEX
  5
2F4
330
1A0
100
AcDbEntity
  8
1_ANYTOOL_1MMDEEP_LABELS_S
100
AcDbVertex
100
AcDb2dVertex
 10
215.1357712469181
 20
-26.15270298548924
 30
0.0
  0
VERTEX
  5
2F5
330
1A0
100
AcDbEntity
  8
1_ANYTOOL_1MMDEEP_LABELS_S
100
AcDbVertex
100
AcDb2dVertex
 10
215.1056373183466
 20
-26.07275390624813
 30
0.0
  0
VERTEX
  5
2F6
330
1A0
100
AcDbEntity
  8
1_ANYTOOL_1MMDEEP_LABELS_S
100
AcDbVertex
100
AcDb2dVertex
 10
215.0768426754894
 20
-25.99207240513202
 30
0.0
  0
VERTEX
  5
2F7
330
1A0
100
AcDbEntity
  8
1_ANYTOOL_1MMDEEP_LABELS_S
100
AcDbVertex
100
AcDb2dVertex
 10
215.0493873183465
 20
-25.91065848214092
 30
0.0
  0
VERTEX
  5
2F8
330
1A0
100
AcDbEntity
  8
1_ANYTOOL_1MMDEEP_LABELS_S
100
AcDbVertex
100
AcDb2dVertex
 10
214.9984944612036
 20
-25.74563337053372
 30
0.0
  0
VERTEX
  5
2F9
330
1A0
100
AcDbEntity
  8
1_ANYTOOL_1MMDEEP_LABELS_S
100
AcDbVertex
100
AcDb2dVertex
 10
214.9529587469178
 20
-25.57767857142653
 30
0.0
  0
VERTEX
  5
2FA
330
1A0
100
AcDbEntity
  8
1_ANYTOOL_1MMDEEP_LABELS_S
100
AcDbVertex
100
AcDb2dVertex
 10
214.9127801754892
 20
-25.40679408481936
 30
0.0
  0
VERTEX
  5
2FB
330
1A0
100
AcDbEntity
  8
1_ANYTOOL_1MMDEEP_LABELS_S
100
AcDbVertex
100
AcDb2dVertex
 10
214.8779587469177
 20
-25.2329799107122
 30
0.0
  0
VERTEX
  5
2FC
330
1A0
100
AcDbEntity
  8
1_ANYTOOL_1MMDEEP_LABELS_S
100
AcDbVertex
100
AcDb2dVertex
 10
214.8484944612034
 20
-25.05623604910506
 30
0.0
  0
VERTEX
  5
2FD
330
1A0
100
AcDbEntity
  8
1_ANYTOOL_1MMDEEP_LABELS_S
100
AcDbVertex
100
AcDb2dVertex
 10
214.8243873183462
 20
-24.87656249999793
 30
0.0
  0
VERTEX
  5
2FE
330
1A0
100
AcDbEntity
  8
1_ANYTOOL_1MMDEEP_LABELS_S
100
AcDbVertex
100
AcDb2dVertex
 10
214.8056373183462
 20
-24.69395926339082
 30
0.0
  0
VERTEX
  5
2FF
330
1A0
100
AcDbEntity
  8
1_ANYTOOL_1MMDEEP_LABELS_S
100
AcDbVertex
100
AcDb2dVertex
 10
214.7922444612033
 20
-24.50842633928372
 30
0.0
  0
VERTEX
  5
300
330
1A0
100
AcDbEntity
  8
1_ANYTOOL_1MMDEEP_LABELS_S
100
AcDbVertex
100
AcDb2dVertex
 10
214.7842087469176
 20
-24.31996372767663
 30
0.0
  0
VERTEX
  5
301
330
1A0
100
AcDbEntity
  8
1_ANYTOOL_1MMDEEP_LABELS_S
100
AcDbVertex
100
AcDb2dVertex
 10
214.781530175489
 20
-24.12857142856956
 30
0.0
  0
SEQEND
  5
302
330
1A0
100
AcDbEntity
  8
1_ANYTOOL_1MMDEEP_LABELS_S
  0
LINE
  5
303
330
1F
100
AcDbEntity
  8
1_ANYTOOL_1MMDEEP_LABELS_S
100
AcDbLine
 10
210.752958746918
 20
-16.11428571428405
 30
0.0
 11
201.9672444612079
 21
-16.19999999999709
 31
0.0
  0
POLYLINE
  5
304
330
1F
100
AcDbEntity
  8
1_ANYTOOL_1MMDEEP_LABELS_S
100
AcDb2dPolyline
 66
     1
 10
0.0
 20
0.0
 30
0.0
 70
     1
  0
VERTEX
  5
305
330
304
100
AcDbEntity
  8
1_ANYTOOL_1MMDEEP_LABELS_S
100
AcDbVertex
100
AcDb2dVertex
 10
186.7958158897745
 20
0.3428571428594296
 30
0.0
  0
VERTEX
  5
306
330
304
100
AcDbEntity
  8
1_ANYTOOL_1MMDEEP_LABELS_S
100
AcDbVertex
100
AcDb2dVertex
 10
187.1673002647746
 20
0.3369977678594296
 30
0.0
  0
VERTEX
  5
307
330
304
100
AcDbEntity
  8
1_ANYTOOL_1MMDEEP_LABELS_S
100
AcDbVertex
100
AcDb2dVertex
 10
187.5317533897746
 20
0.3194196428594296
 30
0.0
  0
VERTEX
  5
308
330
304
100
AcDbEntity
  8
1_ANYTOOL_1MMDEEP_LABELS_S
100
AcDbVertex
100
AcDb2dVertex
 10
187.8891752647747
 20
0.2901227678594296
 30
0.0
  0
VERTEX
  5
309
330
304
100
AcDbEntity
  8
1_ANYTOOL_1MMDEEP_LABELS_S
100
AcDbVertex
100
AcDb2dVertex
 10
188.0652494835248
 20
0.2710797991094296
 30
0.0
  0
VERTEX
  5
30A
330
304
100
AcDbEntity
  8
1_ANYTOOL_1MMDEEP_LABELS_S
100
AcDbVertex
100
AcDb2dVertex
 10
188.2395658897749
 20
0.2491071428594296
 30
0.0
  0
VERTEX
  5
30B
330
304
100
AcDbEntity
  8
1_ANYTOOL_1MMDEEP_LABELS_S
100
AcDbVertex
100
AcDb2dVertex
 10
188.412124483525
 20
0.2242047991094296
 30
0.0
  0
VERTEX
  5
30C
330
304
100
AcDbEntity
  8
1_ANYTOOL_1MMDEEP_LABELS_S
100
AcDbVertex
100
AcDb2dVertex
 10
188.5829252647751
 20
0.1963727678594296
 30
0.0
  0
VERTEX
  5
30D
330
304
100
AcDbEntity
  8
1_ANYTOOL_1MMDEEP_LABELS_S
100
AcDbVertex
100
AcDb2dVertex
 10
188.7519682335252
 20
0.1656110491094296
 30
0.0
  0
VERTEX
  5
30E
330
304
100
AcDbEntity
  8
1_ANYTOOL_1MMDEEP_LABELS_S
100
AcDbVertex
100
AcDb2dVertex
 10
188.9192533897753
 20
0.1319196428594296
 30
0.0
  0
VERTEX
  5
30F
330
304
100
AcDbEntity
  8
1_ANYTOOL_1MMDEEP_LABELS_S
100
AcDbVertex
100
AcDb2dVertex
 10
189.0847807335255
 20
0.0952985491094296
 30
0.0
  0
VERTEX
  5
310
330
304
100
AcDbEntity
  8
1_ANYTOOL_1MMDEEP_LABELS_S
100
AcDbVertex
100
AcDb2dVertex
 10
189.2485502647756
 20
0.0557477678594296
 30
0.0
  0
VERTEX
  5
311
330
304
100
AcDbEntity
  8
1_ANYTOOL_1MMDEEP_LABELS_S
100
AcDbVertex
100
AcDb2dVertex
 10
189.4105619835258
 20
0.0132672991094296
 30
0.0
  0
VERTEX
  5
312
330
304
100
AcDbEntity
  8
1_ANYTOOL_1MMDEEP_LABELS_S
100
AcDbVertex
100
AcDb2dVertex
 10
189.570815889776
 20
-0.0321428571405704
 30
0.0
  0
VERTEX
  5
313
330
304
100
AcDbEntity
  8
1_ANYTOOL_1MMDEEP_LABELS_S
100
AcDbVertex
100
AcDb2dVertex
 10
189.7293119835262
 20
-0.0804827008905704
 30
0.0
  0
VERTEX
  5
314
330
304
100
AcDbEntity
  8
1_ANYTOOL_1MMDEEP_LABELS_S
100
AcDbVertex
100
AcDb2dVertex
 10
189.8860502647764
 20
-0.1317522321405704
 30
0.0
  0
VERTEX
  5
315
330
304
100
AcDbEntity
  8
1_ANYTOOL_1MMDEEP_LABELS_S
100
AcDbVertex
100
AcDb2dVertex
 10
190.0410307335266
 20
-0.1859514508905704
 30
0.0
  0
VERTEX
  5
316
330
304
100
AcDbEntity
  8
1_ANYTOOL_1MMDEEP_LABELS_S
100
AcDbVertex
100
AcDb2dVertex
 10
190.1942533897768
 20
-0.2430803571405704
 30
0.0
  0
VERTEX
  5
317
330
304
100
AcDbEntity
  8
1_ANYTOOL_1MMDEEP_LABELS_S
100
AcDbVertex
100
AcDb2dVertex
 10
190.345718233527
 20
-0.3031389508905704
 30
0.0
  0
VERTEX
  5
318
330
304
100
AcDbEntity
  8
1_ANYTOOL_1MMDEEP_LABELS_S
100
AcDbVertex
100
AcDb2dVertex
 10
190.4954252647773
 20
-0.3661272321405704
 30
0.0
  0
VERTEX
  5
319
330
304
100
AcDbEntity
  8
1_ANYTOOL_1MMDEEP_LABELS_S
100
AcDbVertex
100
AcDb2dVertex
 10
190.6433744835275
 20
-0.4320452008905704
 30
0.0
  0
VERTEX
  5
31A
330
304
100
AcDbEntity
  8
1_ANYTOOL_1MMDEEP_LABELS_S
100
AcDbVertex
100
AcDb2dVertex
 10
190.7895658897778
 20
-0.5008928571405704
 30
0.0
  0
VERTEX
  5
31B
330
304
100
AcDbEntity
  8
1_ANYTOOL_1MMDEEP_LABELS_S
100
AcDbVertex
100
AcDb2dVertex
 10
190.9339994835281
 20
-0.5726702008905704
 30
0.0
  0
VERTEX
  5
31C
330
304
100
AcDbEntity
  8
1_ANYTOOL_1MMDEEP_LABELS_S
100
AcDbVertex
100
AcDb2dVertex
 10
191.0766752647784
 20
-0.6473772321405704
 30
0.0
  0
VERTEX
  5
31D
330
304
100
AcDbEntity
  8
1_ANYTOOL_1MMDEEP_LABELS_S
100
AcDbVertex
100
AcDb2dVertex
 10
191.2175932335287
 20
-0.7250139508905704
 30
0.0
  0
VERTEX
  5
31E
330
304
100
AcDbEntity
  8
1_ANYTOOL_1MMDEEP_LABELS_S
100
AcDbVertex
100
AcDb2dVertex
 10
191.356753389779
 20
-0.8055803571405704
 30
0.0
  0
VERTEX
  5
31F
330
304
100
AcDbEntity
  8
1_ANYTOOL_1MMDEEP_LABELS_S
100
AcDbVertex
100
AcDb2dVertex
 10
191.4941557335293
 20
-0.8890764508905704
 30
0.0
  0
VERTEX
  5
320
330
304
100
AcDbEntity
  8
1_ANYTOOL_1MMDEEP_LABELS_S
100
AcDbVertex
100
AcDb2dVertex
 10
191.6298002647796
 20
-0.9755022321405704
 30
0.0
  0
VERTEX
  5
321
330
304
100
AcDbEntity
  8
1_ANYTOOL_1MMDEEP_LABELS_S
100
AcDbVertex
100
AcDb2dVertex
 10
191.76368698353
 20
-1.06485770089057
 30
0.0
  0
VERTEX
  5
322
330
304
100
AcDbEntity
  8
1_ANYTOOL_1MMDEEP_LABELS_S
100
AcDbVertex
100
AcDb2dVertex
 10
192.155302496923
 20
-1.342466517854945
 30
0.0
  0
VERTEX
  5
323
330
304
100
AcDbEntity
  8
1_ANYTOOL_1MMDEEP_LABELS_S
100
AcDbVertex
100
AcDb2dVertex
 10
192.4087623183514
 20
-1.534151785712197
 30
0.0
  0
VERTEX
  5
324
330
304
100
AcDbEntity
  8
1_ANYTOOL_1MMDEEP_LABELS_S
100
AcDbVertex
100
AcDb2dVertex
 10
192.6561953540654
 20
-1.732198660712328
 30
0.0
  0
VERTEX
  5
325
330
304
100
AcDbEntity
  8
1_ANYTOOL_1MMDEEP_LABELS_S
100
AcDbVertex
100
AcDb2dVertex
 10
192.8976016040651
 20
-1.936607142855337
 30
0.0
  0
VERTEX
  5
326
330
304
100
AcDbEntity
  8
1_ANYTOOL_1MMDEEP_LABELS_S
100
AcDbVertex
100
AcDb2dVertex
 10
193.1329810683505
 20
-2.147377232141224
 30
0.0
  0
VERTEX
  5
327
330
304
100
AcDbEntity
  8
1_ANYTOOL_1MMDEEP_LABELS_S
100
AcDbVertex
100
AcDb2dVertex
 10
193.3623337469216
 20
-2.36450892856999
 30
0.0
  0
VERTEX
  5
328
330
304
100
AcDbEntity
  8
1_ANYTOOL_1MMDEEP_LABELS_S
100
AcDbVertex
100
AcDb2dVertex
 10
193.5856596397784
 20
-2.588002232141633
 30
0.0
  0
VERTEX
  5
329
330
304
100
AcDbEntity
  8
1_ANYTOOL_1MMDEEP_LABELS_S
100
AcDbVertex
100
AcDb2dVertex
 10
193.8029587469209
 20
-2.817857142856155
 30
0.0
  0
VERTEX
  5
32A
330
304
100
AcDbEntity
  8
1_ANYTOOL_1MMDEEP_LABELS_S
100
AcDbVertex
100
AcDb2dVertex
 10
194.0142310683491
 20
-3.054073660713556
 30
0.0
  0
VERTEX
  5
32B
330
304
100
AcDbEntity
  8
1_ANYTOOL_1MMDEEP_LABELS_S
100
AcDbVertex
100
AcDb2dVertex
 10
194.2194766040629
 20
-3.296651785713834
 30
0.0
  0
VERTEX
  5
32C
330
304
100
AcDbEntity
  8
1_ANYTOOL_1MMDEEP_LABELS_S
100
AcDbVertex
100
AcDb2dVertex
 10
194.4186953540625
 20
-3.545591517856991
 30
0.0
  0
VERTEX
  5
32D
330
304
100
AcDbEntity
  8
1_ANYTOOL_1MMDEEP_LABELS_S
100
AcDbVertex
100
AcDb2dVertex
 10
194.6118873183477
 20
-3.800892857143026
 30
0.0
  0
VERTEX
  5
32E
330
304
100
AcDbEntity
  8
1_ANYTOOL_1MMDEEP_LABELS_S
100
AcDbVertex
100
AcDb2dVertex
 10
194.7990524969186
 20
-4.062555803571939
 30
0.0
  0
VERTEX
  5
32F
330
304
100
AcDbEntity
  8
1_ANYTOOL_1MMDEEP_LABELS_S
100
AcDbVertex
100
AcDb2dVertex
 10
194.9801908897753
 20
-4.330580357143731
 30
0.0
  0
VERTEX
  5
330
330
304
100
AcDbEntity
  8
1_ANYTOOL_1MMDEEP_LABELS_S
100
AcDbVertex
100
AcDb2dVertex
 10
195.1553024969176
 20
-4.604966517858401
 30
0.0
  0
VERTEX
  5
331
330
304
100
AcDbEntity
  8
1_ANYTOOL_1MMDEEP_LABELS_S
100
AcDbVertex
100
AcDb2dVertex
 10
195.4928024969172
 20
-5.171484375001199
 30
0.0
  0
VERTEX
  5
332
330
304
100
AcDbEntity
  8
1_ANYTOOL_1MMDEEP_LABELS_S
100
AcDbVertex
100
AcDb2dVertex
 10
195.6551908897745
 20
-5.460937500000796
 30
0.0
  0
VERTEX
  5
333
330
304
100
AcDbEntity
  8
1_ANYTOOL_1MMDEEP_LABELS_S
100
AcDbVertex
100
AcDb2dVertex
 10
195.8115524969176
 20
-5.754073660714738
 30
0.0
  0
VERTEX
  5
334
330
304
100
AcDbEntity
  8
1_ANYTOOL_1MMDEEP_LABELS_S
100
AcDbVertex
100
AcDb2dVertex
 10
195.9618873183463
 20
-6.050892857143026
 30
0.0
  0
VERTEX
  5
335
330
304
100
AcDbEntity
  8
1_ANYTOOL_1MMDEEP_LABELS_S
100
AcDbVertex
100
AcDb2dVertex
 10
196.1061953540607
 20
-6.35139508928566
 30
0.0
  0
VERTEX
  5
336
330
304
100
AcDbEntity
  8
1_ANYTOOL_1MMDEEP_LABELS_S
100
AcDbVertex
100
AcDb2dVertex
 10
196.2444766040608
 20
-6.65558035714264
 30
0.0
  0
VERTEX
  5
337
330
304
100
AcDbEntity
  8
1_ANYTOOL_1MMDEEP_LABELS_S
100
AcDbVertex
100
AcDb2dVertex
 10
196.3767310683465
 20
-6.963448660713965
 30
0.0
  0
VERTEX
  5
338
330
304
100
AcDbEntity
  8
1_ANYTOOL_1MMDEEP_LABELS_S
100
AcDbVertex
100
AcDb2dVertex
 10
196.502958746918
 20
-7.274999999999636
 30
0.0
  0
VERTEX
  5
339
330
304
100
AcDbEntity
  8
1_ANYTOOL_1MMDEEP_LABELS_S
100
AcDbVertex
100
AcDb2dVertex
 10
196.6231596397752
 20
-7.590234374999653
 30
0.0
  0
VERTEX
  5
33A
330
304
100
AcDbEntity
  8
1_ANYTOOL_1MMDEEP_LABELS_S
100
AcDbVertex
100
AcDb2dVertex
 10
196.737333746918
 20
-7.909151785714016
 30
0.0
  0
VERTEX
  5
33B
330
304
100
AcDbEntity
  8
1_ANYTOOL_1MMDEEP_LABELS_S
100
AcDbVertex
100
AcDb2dVertex
 10
196.8454810683465
 20
-8.231752232142725
 30
0.0
  0
VERTEX
  5
33C
330
304
100
AcDbEntity
  8
1_ANYTOOL_1MMDEEP_LABELS_S
100
AcDbVertex
100
AcDb2dVertex
 10
196.9476016040608
 20
-8.55803571428578
 30
0.0
  0
VERTEX
  5
33D
330
304
100
AcDbEntity
  8
1_ANYTOOL_1MMDEEP_LABELS_S
100
AcDbVertex
100
AcDb2dVertex
 10
197.0436953540607
 20
-8.88800223214318
 30
0.0
  0
VERTEX
  5
33E
330
304
100
AcDbEntity
  8
1_ANYTOOL_1MMDEEP_LABELS_S
100
AcDbVertex
100
AcDb2dVertex
 10
197.1337623183463
 20
-9.221651785714926
 30
0.0
  0
VERTEX
  5
33F
330
304
100
AcDbEntity
  8
1_ANYTOOL_1MMDEEP_LABELS_S
100
AcDbVertex
100
AcDb2dVertex
 10
197.2178024969176
 20
-9.558984375001017
 30
0.0
  0
VERTEX
  5
340
330
304
100
AcDbEntity
  8
1_ANYTOOL_1MMDEEP_LABELS_S
100
AcDbVertex
100
AcDb2dVertex
 10
197.4464855326329
 20
-10.58236607142919
 30
0.0
  0
VERTEX
  5
341
330
304
100
AcDbEntity
  8
1_ANYTOOL_1MMDEEP_LABELS_S
100
AcDbVertex
100
AcDb2dVertex
 10
197.5770658897768
 20
-11.2580357142856
 30
0.0
  0
VERTEX
  5
342
330
304
100
AcDbEntity
  8
1_ANYTOOL_1MMDEEP_LABELS_S
100
AcDbVertex
100
AcDb2dVertex
 10
197.6875569612063
 20
-11.92700892857067
 30
0.0
  0
VERTEX
  5
343
330
304
100
AcDbEntity
  8
1_ANYTOOL_1MMDEEP_LABELS_S
100
AcDbVertex
100
AcDb2dVertex
 10
197.7779587469213
 20
-12.58928571428442
 30
0.0
  0
VERTEX
  5
344
330
304
100
AcDbEntity
  8
1_ANYTOOL_1MMDEEP_LABELS_S
100
AcDbVertex
100
AcDb2dVertex
 10
197.8482712469219
 20
-13.24486607142683
 30
0.0
  0
VERTEX
  5
345
330
304
100
AcDbEntity
  8
1_ANYTOOL_1MMDEEP_LABELS_S
100
AcDbVertex
100
AcDb2dVertex
 10
197.898494461208
 20
-13.89374999999791
 30
0.0
  0
VERTEX
  5
346
330
304
100
AcDbEntity
  8
1_ANYTOOL_1MMDEEP_LABELS_S
100
AcDbVertex
100
AcDb2dVertex
 10
197.9286283897796
 20
-14.53593749999766
 30
0.0
  0
VERTEX
  5
347
330
304
100
AcDbEntity
  8
1_ANYTOOL_1MMDEEP_LABELS_S
100
AcDbVertex
100
AcDb2dVertex
 10
197.9386730326369
 20
-15.17142857142608
 30
0.0
  0
VERTEX
  5
348
330
304
100
AcDbEntity
  8
1_ANYTOOL_1MMDEEP_LABELS_S
100
AcDbVertex
100
AcDb2dVertex
 10
197.9277913362083
 20
-15.80892857142678
 30
0.0
  0
VERTEX
  5
349
330
304
100
AcDbEntity
  8
1_ANYTOOL_1MMDEEP_LABELS_S
100
AcDbVertex
100
AcDb2dVertex
 10
197.8951462469225
 20
-16.44642857142742
 30
0.0
  0
VERTEX
  5
34A
330
304
100
AcDbEntity
  8
1_ANYTOOL_1MMDEEP_LABELS_S
100
AcDbVertex
100
AcDb2dVertex
 10
197.8407377647796
 20
-17.083928571428
 30
0.0
  0
VERTEX
  5
34B
330
304
100
AcDbEntity
  8
1_ANYTOOL_1MMDEEP_LABELS_S
100
AcDbVertex
100
AcDb2dVertex
 10
197.7645658897795
 20
-17.72142857142853
 30
0.0
  0
VERTEX
  5
34C
330
304
100
AcDbEntity
  8
1_ANYTOOL_1MMDEEP_LABELS_S
100
AcDbVertex
100
AcDb2dVertex
 10
197.6666306219223
 20
-18.358928571429
 30
0.0
  0
VERTEX
  5
34D
330
304
100
AcDbEntity
  8
1_ANYTOOL_1MMDEEP_LABELS_S
100
AcDbVertex
100
AcDb2dVertex
 10
197.5469319612079
 20
-18.99642857142942
 30
0.0
  0
VERTEX
  5
34E
330
304
100
AcDbEntity
  8
1_ANYTOOL_1MMDEEP_LABELS_S
100
AcDbVertex
100
AcDb2dVertex
 10
197.4054699076363
 20
-19.63392857142978
 30
0.0
  0
VERTEX
  5
34F
330
304
100
AcDbEntity
  8
1_ANYTOOL_1MMDEEP_LABELS_S
100
AcDbVertex
100
AcDb2dVertex
 10
197.2422444612075
 20
-20.27142857143008
 30
0.0
  0
VERTEX
  5
350
330
304
100
AcDbEntity
  8
1_ANYTOOL_1MMDEEP_LABELS_S
100
AcDbVertex
100
AcDb2dVertex
 10
197.0572556219216
 20
-20.90892857143032
 30
0.0
  0
VERTEX
  5
351
330
304
100
AcDbEntity
  8
1_ANYTOOL_1MMDEEP_LABELS_S
100
AcDbVertex
100
AcDb2dVertex
 10
196.8505033897785
 20
-21.54642857143051
 30
0.0
  0
VERTEX
  5
352
330
304
100
AcDbEntity
  8
1_ANYTOOL_1MMDEEP_LABELS_S
100
AcDbVertex
100
AcDb2dVertex
 10
196.6219877647783
 20
-22.18392857143064
 30
0.0
  0
VERTEX
  5
353
330
304
100
AcDbEntity
  8
1_ANYTOOL_1MMDEEP_LABELS_S
100
AcDbVertex
100
AcDb2dVertex
 10
196.3717087469208
 20
-22.82142857143072
 30
0.0
  0
VERTEX
  5
354
330
304
100
AcDbEntity
  8
1_ANYTOOL_1MMDEEP_LABELS_S
100
AcDbVertex
100
AcDb2dVertex
 10
196.0996663362062
 20
-23.45892857143073
 30
0.0
  0
VERTEX
  5
355
330
304
100
AcDbEntity
  8
1_ANYTOOL_1MMDEEP_LABELS_S
100
AcDbVertex
100
AcDb2dVertex
 10
195.8058605326345
 20
-24.09642857143069
 30
0.0
  0
VERTEX
  5
356
330
304
100
AcDbEntity
  8
1_ANYTOOL_1MMDEEP_LABELS_S
100
AcDbVertex
100
AcDb2dVertex
 10
195.4902913362056
 20
-24.7339285714306
 30
0.0
  0
VERTEX
  5
357
330
304
100
AcDbEntity
  8
1_ANYTOOL_1MMDEEP_LABELS_S
100
AcDbVertex
100
AcDb2dVertex
 10
195.1529587469195
 20
-25.37142857143044
 30
0.0
  0
VERTEX
  5
358
330
304
100
AcDbEntity
  8
1_ANYTOOL_1MMDEEP_LABELS_S
100
AcDbVertex
100
AcDb2dVertex
 10
194.9783912245983
 20
-25.68519810268035
 30
0.0
  0
VERTEX
  5
359
330
304
100
AcDbEntity
  8
1_ANYTOOL_1MMDEEP_LABELS_S
100
AcDbVertex
100
AcDb2dVertex
 10
194.7975458004913
 20
-25.98900669643027
 30
0.0
  0
VERTEX
  5
35A
330
304
100
AcDbEntity
  8
1_ANYTOOL_1MMDEEP_LABELS_S
100
AcDbVertex
100
AcDb2dVertex
 10
194.6104224745987
 20
-26.28285435268018
 30
0.0
  0
VERTEX
  5
35B
330
304
100
AcDbEntity
  8
1_ANYTOOL_1MMDEEP_LABELS_S
100
AcDbVertex
100
AcDb2dVertex
 10
194.4170212469203
 20
-26.5667410714301
 30
0.0
  0
VERTEX
  5
35C
330
304
100
AcDbEntity
  8
1_ANYTOOL_1MMDEEP_LABELS_S
100
AcDbVertex
100
AcDb2dVertex
 10
194.2173421174562
 20
-26.84066685268002
 30
0.0
  0
VERTEX
  5
35D
330
304
100
AcDbEntity
  8
1_ANYTOOL_1MMDEEP_LABELS_S
100
AcDbVertex
100
AcDb2dVertex
 10
194.0113850862064
 20
-27.10463169642995
 30
0.0
  0
VERTEX
  5
35E
330
304
100
AcDbEntity
  8
1_ANYTOOL_1MMDEEP_LABELS_S
100
AcDbVertex
100
AcDb2dVertex
 10
193.7991501531708
 20
-27.35863560267988
 30
0.0
  0
VERTEX
  5
35F
330
304
100
AcDbEntity
  8
1_ANYTOOL_1MMDEEP_LABELS_S
100
AcDbVertex
100
AcDb2dVertex
 10
193.5806373183495
 20
-27.60267857142981
 30
0.0
  0
VERTEX
  5
360
330
304
100
AcDbEntity
  8
1_ANYTOOL_1MMDEEP_LABELS_S
100
AcDbVertex
100
AcDb2dVertex
 10
193.4690266877693
 20
-27.72096470424227
 30
0.0
  0
VERTEX
  5
361
330
304
100
AcDbEntity
  8
1_ANYTOOL_1MMDEEP_LABELS_S
100
AcDbVertex
100
AcDb2dVertex
 10
193.3558465817426
 20
-27.83676060267974
 30
0.0
  0
VERTEX
  5
362
330
304
100
AcDbEntity
  8
1_ANYTOOL_1MMDEEP_LABELS_S
100
AcDbVertex
100
AcDb2dVertex
 10
193.2410970002694
 20
-27.9500662667422
 30
0.0
  0
VERTEX
  5
363
330
304
100
AcDbEntity
  8
1_ANYTOOL_1MMDEEP_LABELS_S
100
AcDbVertex
100
AcDb2dVertex
 10
193.1247779433498
 20
-28.06088169642968
 30
0.0
  0
VERTEX
  5
364
330
304
100
AcDbEntity
  8
1_ANYTOOL_1MMDEEP_LABELS_S
100
AcDbVertex
100
AcDb2dVertex
 10
193.0068894109838
 20
-28.16920689174214
 30
0.0
  0
VERTEX
  5
365
330
304
100
AcDbEntity
  8
1_ANYTOOL_1MMDEEP_LABELS_S
100
AcDbVertex
100
AcDb2dVertex
 10
192.8874314031714
 20
-28.27504185267961
 30
0.0
  0
VERTEX
  5
366
330
304
100
AcDbEntity
  8
1_ANYTOOL_1MMDEEP_LABELS_S
100
AcDbVertex
100
AcDb2dVertex
 10
192.7664039199125
 20
-28.37838657924208
 30
0.0
  0
VERTEX
  5
367
330
304
100
AcDbEntity
  8
1_ANYTOOL_1MMDEEP_LABELS_S
100
AcDbVertex
100
AcDb2dVertex
 10
192.6438069612072
 20
-28.47924107142956
 30
0.0
  0
VERTEX
  5
368
330
304
100
AcDbEntity
  8
1_ANYTOOL_1MMDEEP_LABELS_S
100
AcDbVertex
100
AcDb2dVertex
 10
192.5196405270555
 20
-28.57760532924203
 30
0.0
  0
VERTEX
  5
369
330
304
100
AcDbEntity
  8
1_ANYTOOL_1MMDEEP_LABELS_S
100
AcDbVertex
100
AcDb2dVertex
 10
192.3939046174574
 20
-28.6734793526795
 30
0.0
  0
VERTEX
  5
36A
330
304
100
AcDbEntity
  8
1_ANYTOOL_1MMDEEP_LABELS_S
100
AcDbVertex
100
AcDb2dVertex
 10
192.2665992324128
 20
-28.76686314174197
 30
0.0
  0
VERTEX
  5
36B
330
304
100
AcDbEntity
  8
1_ANYTOOL_1MMDEEP_LABELS_S
100
AcDbVertex
100
AcDb2dVertex
 10
192.1377243719218
 20
-28.85775669642945
 30
0.0
  0
VERTEX
  5
36C
330
304
100
AcDbEntity
  8
1_ANYTOOL_1MMDEEP_LABELS_S
100
AcDbVertex
100
AcDb2dVertex
 10
192.0072800359843
 20
-28.94616001674192
 30
0.0
  0
VERTEX
  5
36D
330
304
100
AcDbEntity
  8
1_ANYTOOL_1MMDEEP_LABELS_S
100
AcDbVertex
100
AcDb2dVertex
 10
191.8752662246004
 20
-29.0320731026794
 30
0.0
  0
VERTEX
  5
36E
330
304
100
AcDbEntity
  8
1_ANYTOOL_1MMDEEP_LABELS_S
100
AcDbVertex
100
AcDb2dVertex
 10
191.7416829377701
 20
-29.11549595424187
 30
0.0
  0
VERTEX
  5
36F
330
304
100
AcDbEntity
  8
1_ANYTOOL_1MMDEEP_LABELS_S
100
AcDbVertex
100
AcDb2dVertex
 10
191.6065301754934
 20
-29.19642857142935
 30
0.0
  0
VERTEX
  5
370
330
304
100
AcDbEntity
  8
1_ANYTOOL_1MMDEEP_LABELS_S
100
AcDbVertex
100
AcDb2dVertex
 10
191.4698079377702
 20
-29.27487095424183
 30
0.0
  0
VERTEX
  5
371
330
304
100
AcDbEntity
  8
1_ANYTOOL_1MMDEEP_LABELS_S
100
AcDbVertex
100
AcDb2dVertex
 10
191.3315162246006
 20
-29.35082310267931
 30
0.0
  0
VERTEX
  5
372
330
304
100
AcDbEntity
  8
1_ANYTOOL_1MMDEEP_LABELS_S
100
AcDbVertex
100
AcDb2dVertex
 10
191.1916550359846
 20
-29.42428501674178
 30
0.0
  0
VERTEX
  5
373
330
304
100
AcDbEntity
  8
1_ANYTOOL_1MMDEEP_LABELS_S
100
AcDbVertex
100
AcDb2dVertex
 10
191.0502243719221
 20
-29.49525669642927
 30
0.0
  0
VERTEX
  5
374
330
304
100
AcDbEntity
  8
1_ANYTOOL_1MMDEEP_LABELS_S
100
AcDbVertex
100
AcDb2dVertex
 10
190.9072242324132
 20
-29.56373814174174
 30
0.0
  0
VERTEX
  5
375
330
304
100
AcDbEntity
  8
1_ANYTOOL_1MMDEEP_LABELS_S
100
AcDbVertex
100
AcDb2dVertex
 10
190.7626546174579
 20
-29.62972935267923
 30
0.0
  0
VERTEX
  5
376
330
304
100
AcDbEntity
  8
1_ANYTOOL_1MMDEEP_LABELS_S
100
AcDbVertex
100
AcDb2dVertex
 10
190.6165155270562
 20
-29.69323032924171
 30
0.0
  0
VERTEX
  5
377
330
304
100
AcDbEntity
  8
1_ANYTOOL_1MMDEEP_LABELS_S
100
AcDbVertex
100
AcDb2dVertex
 10
190.468806961208
 20
-29.75424107142919
 30
0.0
  0
VERTEX
  5
378
330
304
100
AcDbEntity
  8
1_ANYTOOL_1MMDEEP_LABELS_S
100
AcDbVertex
100
AcDb2dVertex
 10
190.3195289199134
 20
-29.81276157924167
 30
0.0
  0
VERTEX
  5
379
330
304
100
AcDbEntity
  8
1_ANYTOOL_1MMDEEP_LABELS_S
100
AcDbVertex
100
AcDb2dVertex
 10
190.1686814031723
 20
-29.86879185267916
 30
0.0
  0
VERTEX
  5
37A
330
304
100
AcDbEntity
  8
1_ANYTOOL_1MMDEEP_LABELS_S
100
AcDbVertex
100
AcDb2dVertex
 10
190.0162644109848
 20
-29.92233189174164
 30
0.0
  0
VERTEX
  5
37B
330
304
100
AcDbEntity
  8
1_ANYTOOL_1MMDEEP_LABELS_S
100
AcDbVertex
100
AcDb2dVertex
 10
189.8622779433509
 20
-29.97338169642913
 30
0.0
  0
VERTEX
  5
37C
330
304
100
AcDbEntity
  8
1_ANYTOOL_1MMDEEP_LABELS_S
100
AcDbVertex
100
AcDb2dVertex
 10
189.5495965817438
 20
-30.0680106026791
 30
0.0
  0
VERTEX
  5
37D
330
304
100
AcDbEntity
  8
1_ANYTOOL_1MMDEEP_LABELS_S
100
AcDbVertex
100
AcDb2dVertex
 10
189.230637318351
 20
-30.15267857142908
 30
0.0
  0
VERTEX
  5
37E
330
304
100
AcDbEntity
  8
1_ANYTOOL_1MMDEEP_LABELS_S
100
AcDbVertex
100
AcDb2dVertex
 10
188.9054001531725
 20
-30.22738560267906
 30
0.0
  0
VERTEX
  5
37F
330
304
100
AcDbEntity
  8
1_ANYTOOL_1MMDEEP_LABELS_S
100
AcDbVertex
100
AcDb2dVertex
 10
188.5738850862082
 20
-30.29213169642904
 30
0.0
  0
VERTEX
  5
380
330
304
100
AcDbEntity
  8
1_ANYTOOL_1MMDEEP_LABELS_S
100
AcDbVertex
100
AcDb2dVertex
 10
188.2360921174582
 20
-30.34691685267902
 30
0.0
  0
VERTEX
  5
381
330
304
100
AcDbEntity
  8
1_ANYTOOL_1MMDEEP_LABELS_S
100
AcDbVertex
100
AcDb2dVertex
 10
187.8920212469225
 20
-30.39174107142901
 30
0.0
  0
VERTEX
  5
382
330
304
100
AcDbEntity
  8
1_ANYTOOL_1MMDEEP_LABELS_S
100
AcDbVertex
100
AcDb2dVertex
 10
187.541672474601
 20
-30.426604352679
 30
0.0
  0
VERTEX
  5
383
330
304
100
AcDbEntity
  8
1_ANYTOOL_1MMDEEP_LABELS_S
100
AcDbVertex
100
AcDb2dVertex
 10
187.1850458004939
 20
-30.45150669642899
 30
0.0
  0
VERTEX
  5
384
330
304
100
AcDbEntity
  8
1_ANYTOOL_1MMDEEP_LABELS_S
100
AcDbVertex
100
AcDb2dVertex
 10
186.822141224601
 20
-30.46644810267899
 30
0.0
  0
VERTEX
  5
385
330
304
100
AcDbEntity
  8
1_ANYTOOL_1MMDEEP_LABELS_S
100
AcDbVertex
100
AcDb2dVertex
 10
186.4529587469224
 20
-30.47142857142899
 30
0.0
  0
VERTEX
  5
386
330
304
100
AcDbEntity
  8
1_ANYTOOL_1MMDEEP_LABELS_S
100
AcDbVertex
100
AcDb2dVertex
 10
186.0705508228149
 20
-30.46636439732185
 30
0.0
  0
VERTEX
  5
387
330
304
100
AcDbEntity
  8
1_ANYTOOL_1MMDEEP_LABELS_S
100
AcDbVertex
100
AcDb2dVertex
 10
185.6947556219218
 20
-30.45117187500043
 30
0.0
  0
VERTEX
  5
388
330
304
100
AcDbEntity
  8
1_ANYTOOL_1MMDEEP_LABELS_S
100
AcDbVertex
100
AcDb2dVertex
 10
185.325573144243
 20
-30.42585100446473
 30
0.0
  0
VERTEX
  5
389
330
304
100
AcDbEntity
  8
1_ANYTOOL_1MMDEEP_LABELS_S
100
AcDbVertex
100
AcDb2dVertex
 10
184.9630033897785
 20
-30.39040178571474
 30
0.0
  0
VERTEX
  5
38A
330
304
100
AcDbEntity
  8
1_ANYTOOL_1MMDEEP_LABELS_S
100
AcDbVertex
100
AcDb2dVertex
 10
184.6070463585282
 20
-30.34482421875048
 30
0.0
  0
VERTEX
  5
38B
330
304
100
AcDbEntity
  8
1_ANYTOOL_1MMDEEP_LABELS_S
100
AcDbVertex
100
AcDb2dVertex
 10
184.2577020504923
 20
-30.28911830357194
 30
0.0
  0
VERTEX
  5
38C
330
304
100
AcDbEntity
  8
1_ANYTOOL_1MMDEEP_LABELS_S
100
AcDbVertex
100
AcDb2dVertex
 10
183.9149704656707
 20
-30.22328404017912
 30
0.0
  0
VERTEX
  5
38D
330
304
100
AcDbEntity
  8
1_ANYTOOL_1MMDEEP_LABELS_S
100
AcDbVertex
100
AcDb2dVertex
 10
183.5788516040634
 20
-30.14732142857201
 30
0.0
  0
VERTEX
  5
38E
330
304
100
AcDbEntity
  8
1_ANYTOOL_1MMDEEP_LABELS_S
100
AcDbVertex
100
AcDb2dVertex
 10
183.2493454656704
 20
-30.06123046875063
 30
0.0
  0
VERTEX
  5
38F
330
304
100
AcDbEntity
  8
1_ANYTOOL_1MMDEEP_LABELS_S
100
AcDbVertex
100
AcDb2dVertex
 10
182.9264520504917
 20
-29.96501116071497
 30
0.0
  0
VERTEX
  5
390
330
304
100
AcDbEntity
  8
1_ANYTOOL_1MMDEEP_LABELS_S
100
AcDbVertex
100
AcDb2dVertex
 10
182.7674851141077
 20
-29.91310337611678
 30
0.0
  0
VERTEX
  5
391
330
304
100
AcDbEntity
  8
1_ANYTOOL_1MMDEEP_LABELS_S
100
AcDbVertex
100
AcDb2dVertex
 10
182.6101713585273
 20
-29.85866350446502
 30
0.0
  0
VERTEX
  5
392
330
304
100
AcDbEntity
  8
1_ANYTOOL_1MMDEEP_LABELS_S
100
AcDbVertex
100
AcDb2dVertex
 10
182.4545107837504
 20
-29.8016915457597
 30
0.0
  0
VERTEX
  5
393
330
304
100
AcDbEntity
  8
1_ANYTOOL_1MMDEEP_LABELS_S
100
AcDbVertex
100
AcDb2dVertex
 10
182.3005033897772
 20
-29.7421875000008
 30
0.0
  0
VERTEX
  5
394
330
304
100
AcDbEntity
  8
1_ANYTOOL_1MMDEEP_LABELS_S
100
AcDbVertex
100
AcDb2dVertex
 10
182.1481491766075
 20
-29.68015136718833
 30
0.0
  0
VERTEX
  5
395
330
304
100
AcDbEntity
  8
1_ANYTOOL_1MMDEEP_LABELS_S
100
AcDbVertex
100
AcDb2dVertex
 10
181.9974481442414
 20
-29.61558314732229
 30
0.0
  0
VERTEX
  5
396
330
304
100
AcDbEntity
  8
1_ANYTOOL_1MMDEEP_LABELS_S
100
AcDbVertex
100
AcDb2dVertex
 10
181.8484002926789
 20
-29.54848284040268
 30
0.0
  0
VERTEX
  5
397
330
304
100
AcDbEntity
  8
1_ANYTOOL_1MMDEEP_LABELS_S
100
AcDbVertex
100
AcDb2dVertex
 10
181.7010056219199
 20
-29.4788504464295
 30
0.0
  0
VERTEX
  5
398
330
304
100
AcDbEntity
  8
1_ANYTOOL_1MMDEEP_LABELS_S
100
AcDbVertex
100
AcDb2dVertex
 10
181.5552641319645
 20
-29.40668596540276
 30
0.0
  0
VERTEX
  5
399
330
304
100
AcDbEntity
  8
1_ANYTOOL_1MMDEEP_LABELS_S
100
AcDbVertex
100
AcDb2dVertex
 10
181.4111758228127
 20
-29.33198939732244
 30
0.0
  0
VERTEX
  5
39A
330
304
100
AcDbEntity
  8
1_ANYTOOL_1MMDEEP_LABELS_S
100
AcDbVertex
100
AcDb2dVertex
 10
181.2687406944645
 20
-29.25476074218855
 30
0.0
  0
VERTEX
  5
39B
330
304
100
AcDbEntity
  8
1_ANYTOOL_1MMDEEP_LABELS_S
100
AcDbVertex
100
AcDb2dVertex
 10
181.1279587469198
 20
-29.17500000000109
 30
0.0
  0
VERTEX
  5
39C
330
304
100
AcDbEntity
  8
1_ANYTOOL_1MMDEEP_LABELS_S
100
AcDbVertex
100
AcDb2dVertex
 10
180.9888299801788
 20
-29.09270717076006
 30
0.0
  0
VERTEX
  5
39D
330
304
100
AcDbEntity
  8
1_ANYTOOL_1MMDEEP_LABELS_S
100
AcDbVertex
100
AcDb2dVertex
 10
180.8513543942412
 20
-29.00788225446546
 30
0.0
  0
VERTEX
  5
39E
330
304
100
AcDbEntity
  8
1_ANYTOOL_1MMDEEP_LABELS_S
100
AcDbVertex
100
AcDb2dVertex
 10
180.7155319891073
 20
-28.9205252511173
 30
0.0
  0
VERTEX
  5
39F
330
304
100
AcDbEntity
  8
1_ANYTOOL_1MMDEEP_LABELS_S
100
AcDbVertex
100
AcDb2dVertex
 10
180.581362764777
 20
-28.83063616071556
 30
0.0
  0
VERTEX
  5
3A0
330
304
100
AcDbEntity
  8
1_ANYTOOL_1MMDEEP_LABELS_S
100
AcDbVertex
100
AcDb2dVertex
 10
180.4488467212502
 20
-28.73821498326025
 30
0.0
  0
VERTEX
  5
3A1
330
304
100
AcDbEntity
  8
1_ANYTOOL_1MMDEEP_LABELS_S
100
AcDbVertex
100
AcDb2dVertex
 10
180.317983858527
 20
-28.64326171875137
 30
0.0
  0
VERTEX
  5
3A2
330
304
100
AcDbEntity
  8
1_ANYTOOL_1MMDEEP_LABELS_S
100
AcDbVertex
100
AcDb2dVertex
 10
180.1887741766074
 20
-28.54577636718892
 30
0.0
  0
VERTEX
  5
3A3
330
304
100
AcDbEntity
  8
1_ANYTOOL_1MMDEEP_LABELS_S
100
AcDbVertex
100
AcDb2dVertex
 10
180.0612176754913
 20
-28.4457589285729
 30
0.0
  0
VERTEX
  5
3A4
330
304
100
AcDbEntity
  8
1_ANYTOOL_1MMDEEP_LABELS_S
100
AcDbVertex
100
AcDb2dVertex
 10
179.9353143551788
 20
-28.34320940290331
 30
0.0
  0
VERTEX
  5
3A5
330
304
100
AcDbEntity
  8
1_ANYTOOL_1MMDEEP_LABELS_S
100
AcDbVertex
100
AcDb2dVertex
 10
179.8110642156699
 20
-28.23812779018015
 30
0.0
  0
VERTEX
  5
3A6
330
304
100
AcDbEntity
  8
1_ANYTOOL_1MMDEEP_LABELS_S
100
AcDbVertex
100
AcDb2dVertex
 10
179.6884672569646
 20
-28.13051409040342
 30
0.0
  0
VERTEX
  5
3A7
330
304
100
AcDbEntity
  8
1_ANYTOOL_1MMDEEP_LABELS_S
100
AcDbVertex
100
AcDb2dVertex
 10
179.5675234790629
 20
-28.02036830357312
 30
0.0
  0
VERTEX
  5
3A8
330
304
100
AcDbEntity
  8
1_ANYTOOL_1MMDEEP_LABELS_S
100
AcDbVertex
100
AcDb2dVertex
 10
179.4482328819647
 20
-27.90769042968925
 30
0.0
  0
VERTEX
  5
3A9
330
304
100
AcDbEntity
  8
1_ANYTOOL_1MMDEEP_LABELS_S
100
AcDbVertex
100
AcDb2dVertex
 10
179.3305954656701
 20
-27.79248046875181
 30
0.0
  0
VERTEX
  5
3AA
330
304
100
AcDbEntity
  8
1_ANYTOOL_1MMDEEP_LABELS_S
100
AcDbVertex
100
AcDb2dVertex
 10
179.2146112301791
 20
-27.6747384207608
 30
0.0
  0
VERTEX
  5
3AB
330
304
100
AcDbEntity
  8
1_ANYTOOL_1MMDEEP_LABELS_S
100
AcDbVertex
100
AcDb2dVertex
 10
179.1002801754917
 20
-27.55446428571622
 30
0.0
  0
VERTEX
  5
3AC
330
304
100
AcDbEntity
  8
1_ANYTOOL_1MMDEEP_LABELS_S
100
AcDbVertex
100
AcDb2dVertex
 10
178.9876023016078
 20
-27.43165806361807
 30
0.0
  0
VERTEX
  5
3AD
330
304
100
AcDbEntity
  8
1_ANYTOOL_1MMDEEP_LABELS_S
100
AcDbVertex
100
AcDb2dVertex
 10
178.8765776085275
 20
-27.30631975446635
 30
0.0
  0
VERTEX
  5
3AE
330
304
100
AcDbEntity
  8
1_ANYTOOL_1MMDEEP_LABELS_S
100
AcDbVertex
100
AcDb2dVertex
 10
178.6594877647777
 20
-27.0480468750022
 30
0.0
  0
VERTEX
  5
3AF
330
304
100
AcDbEntity
  8
1_ANYTOOL_1MMDEEP_LABELS_S
100
AcDbVertex
100
AcDb2dVertex
 10
178.4490106442421
 20
-26.77964564732377
 30
0.0
  0
VERTEX
  5
3B0
330
304
100
AcDbEntity
  8
1_ANYTOOL_1MMDEEP_LABELS_S
100
AcDbVertex
100
AcDb2dVertex
 10
178.2451462469209
 20
-26.50111607143106
 30
0.0
  0
VERTEX
  5
3B1
330
304
100
AcDbEntity
  8
1_ANYTOOL_1MMDEEP_LABELS_S
100
AcDbVertex
100
AcDb2dVertex
 10
178.0478945728139
 20
-26.21245814732406
 30
0.0
  0
VERTEX
  5
3B2
330
304
100
AcDbEntity
  8
1_ANYTOOL_1MMDEEP_LABELS_S
100
AcDbVertex
100
AcDb2dVertex
 10
177.8572556219213
 20
-25.91367187500279
 30
0.0
  0
VERTEX
  5
3B3
330
304
100
AcDbEntity
  8
1_ANYTOOL_1MMDEEP_LABELS_S
100
AcDbVertex
100
AcDb2dVertex
 10
177.6732293942429
 20
-25.60475725446724
 30
0.0
  0
VERTEX
  5
3B4
330
304
100
AcDbEntity
  8
1_ANYTOOL_1MMDEEP_LABELS_S
100
AcDbVertex
100
AcDb2dVertex
 10
177.4958158897789
 20
-25.2857142857174
 30
0.0
  0
VERTEX
  5
3B5
330
304
100
AcDbEntity
  8
1_ANYTOOL_1MMDEEP_LABELS_S
100
AcDbVertex
100
AcDb2dVertex
 10
177.1636730326356
 20
-24.63733258928829
 30
0.0
  0
VERTEX
  5
3B6
330
304
100
AcDbEntity
  8
1_ANYTOOL_1MMDEEP_LABELS_S
100
AcDbVertex
100
AcDb2dVertex
 10
176.8529587469209
 20
-23.98861607143067
 30
0.0
  0
VERTEX
  5
3B7
330
304
100
AcDbEntity
  8
1_ANYTOOL_1MMDEEP_LABELS_S
100
AcDbVertex
100
AcDb2dVertex
 10
176.5636730326348
 20
-23.33956473214454
 30
0.0
  0
VERTEX
  5
3B8
330
304
100
AcDbEntity
  8
1_ANYTOOL_1MMDEEP_LABELS_S
100
AcDbVertex
100
AcDb2dVertex
 10
176.2958158897773
 20
-22.6901785714299
 30
0.0
  0
VERTEX
  5
3B9
330
304
100
AcDbEntity
  8
1_ANYTOOL_1MMDEEP_LABELS_S
100
AcDbVertex
100
AcDb2dVertex
 10
176.0493873183484
 20
-22.04045758928675
 30
0.0
  0
VERTEX
  5
3BA
330
304
100
AcDbEntity
  8
1_ANYTOOL_1MMDEEP_LABELS_S
100
AcDbVertex
100
AcDb2dVertex
 10
175.824387318348
 20
-21.39040178571508
 30
0.0
  0
VERTEX
  5
3BB
330
304
100
AcDbEntity
  8
1_ANYTOOL_1MMDEEP_LABELS_S
100
AcDbVertex
100
AcDb2dVertex
 10
175.6208158897763
 20
-20.74001116071491
 30
0.0
  0
VERTEX
  5
3BC
330
304
100
AcDbEntity
  8
1_ANYTOOL_1MMDEEP_LABELS_S
100
AcDbVertex
100
AcDb2dVertex
 10
175.4386730326332
 20
-20.08928571428623
 30
0.0
  0
VERTEX
  5
3BD
330
304
100
AcDbEntity
  8
1_ANYTOOL_1MMDEEP_LABELS_S
100
AcDbVertex
100
AcDb2dVertex
 10
175.2779587469187
 20
-19.43822544642904
 30
0.0
  0
VERTEX
  5
3BE
330
304
100
AcDbEntity
  8
1_ANYTOOL_1MMDEEP_LABELS_S
100
AcDbVertex
100
AcDb2dVertex
 10
175.1386730326328
 20
-18.78683035714334
 30
0.0
  0
VERTEX
  5
3BF
330
304
100
AcDbEntity
  8
1_ANYTOOL_1MMDEEP_LABELS_S
100
AcDbVertex
100
AcDb2dVertex
 10
175.0208158897755
 20
-18.13510044642913
 30
0.0
  0
VERTEX
  5
3C0
330
304
100
AcDbEntity
  8
1_ANYTOOL_1MMDEEP_LABELS_S
100
AcDbVertex
100
AcDb2dVertex
 10
174.9243873183468
 20
-17.48303571428642
 30
0.0
  0
VERTEX
  5
3C1
330
304
100
AcDbEntity
  8
1_ANYTOOL_1MMDEEP_LABELS_S
100
AcDbVertex
100
AcDb2dVertex
 10
174.8493873183467
 20
-16.83063616071519
 30
0.0
  0
VERTEX
  5
3C2
330
304
100
AcDbEntity
  8
1_ANYTOOL_1MMDEEP_LABELS_S
100
AcDbVertex
100
AcDb2dVertex
 10
174.7958158897752
 20
-16.17790178571545
 30
0.0
  0
VERTEX
  5
3C3
330
304
100
AcDbEntity
  8
1_ANYTOOL_1MMDEEP_LABELS_S
100
AcDbVertex
100
AcDb2dVertex
 10
174.7636730326323
 20
-15.5248325892872
 30
0.0
  0
VERTEX
  5
3C4
330
304
100
AcDbEntity
  8
1_ANYTOOL_1MMDEEP_LABELS_S
100
AcDbVertex
100
AcDb2dVertex
 10
174.752958746918
 20
-14.87142857143044
 30
0.0
  0
VERTEX
  5
3C5
330
304
100
AcDbEntity
  8
1_ANYTOOL_1MMDEEP_LABELS_S
100
AcDbVertex
100
AcDb2dVertex
 10
174.7641752647752
 20
-14.17801339285913
 30
0.0
  0
VERTEX
  5
3C6
330
304
100
AcDbEntity
  8
1_ANYTOOL_1MMDEEP_LABELS_S
100
AcDbVertex
100
AcDb2dVertex
 10
174.7978248183466
 20
-13.49062500000207
 30
0.0
  0
VERTEX
  5
3C7
330
304
100
AcDbEntity
  8
1_ANYTOOL_1MMDEEP_LABELS_S
100
AcDbVertex
100
AcDb2dVertex
 10
174.8539074076324
 20
-12.80926339285926
 30
0.0
  0
VERTEX
  5
3C8
330
304
100
AcDbEntity
  8
1_ANYTOOL_1MMDEEP_LABELS_S
100
AcDbVertex
100
AcDb2dVertex
 10
174.9324230326324
 20
-12.13392857143072
 30
0.0
  0
VERTEX
  5
3C9
330
304
100
AcDbEntity
  8
1_ANYTOOL_1MMDEEP_LABELS_S
100
AcDbVertex
100
AcDb2dVertex
 10
175.0333716933468
 20
-11.46462053571642
 30
0.0
  0
VERTEX
  5
3CA
330
304
100
AcDbEntity
  8
1_ANYTOOL_1MMDEEP_LABELS_S
100
AcDbVertex
100
AcDb2dVertex
 10
175.1567533897754
 20
-10.80133928571638
 30
0.0
  0
VERTEX
  5
3CB
330
304
100
AcDbEntity
  8
1_ANYTOOL_1MMDEEP_LABELS_S
100
AcDbVertex
100
AcDb2dVertex
 10
175.3025681219184
 20
-10.1440848214306
 30
0.0
  0
VERTEX
  5
3CC
330
304
100
AcDbEntity
  8
1_ANYTOOL_1MMDEEP_LABELS_S
100
AcDbVertex
100
AcDb2dVertex
 10
175.4708158897756
 20
-9.492857142859066
 30
0.0
  0
VERTEX
  5
3CD
330
304
100
AcDbEntity
  8
1_ANYTOOL_1MMDEEP_LABELS_S
100
AcDbVertex
100
AcDb2dVertex
 10
175.6614966933472
 20
-8.84765625000179
 30
0.0
  0
VERTEX
  5
3CE
330
304
100
AcDbEntity
  8
1_ANYTOOL_1MMDEEP_LABELS_S
100
AcDbVertex
100
AcDb2dVertex
 10
175.874610532633
 20
-8.20848214285877
 30
0.0
  0
VERTEX
  5
3CF
330
304
100
AcDbEntity
  8
1_ANYTOOL_1MMDEEP_LABELS_S
100
AcDbVertex
100
AcDb2dVertex
 10
176.1101574076332
 20
-7.575334821430005
 30
0.0
  0
VERTEX
  5
3D0
330
304
100
AcDbEntity
  8
1_ANYTOOL_1MMDEEP_LABELS_S
100
AcDbVertex
100
AcDb2dVertex
 10
176.3681373183476
 20
-6.948214285715494
 30
0.0
  0
VERTEX
  5
3D1
330
304
100
AcDbEntity
  8
1_ANYTOOL_1MMDEEP_LABELS_S
100
AcDbVertex
100
AcDb2dVertex
 10
176.6485502647764
 20
-6.327120535715238
 30
0.0
  0
VERTEX
  5
3D2
330
304
100
AcDbEntity
  8
1_ANYTOOL_1MMDEEP_LABELS_S
100
AcDbVertex
100
AcDb2dVertex
 10
176.9513962469194
 20
-5.712053571429237
 30
0.0
  0
VERTEX
  5
3D3
330
304
100
AcDbEntity
  8
1_ANYTOOL_1MMDEEP_LABELS_S
100
AcDbVertex
100
AcDb2dVertex
 10
177.2766752647768
 20
-5.103013392857491
 30
0.0
  0
VERTEX
  5
3D4
330
304
100
AcDbEntity
  8
1_ANYTOOL_1MMDEEP_LABELS_S
100
AcDbVertex
100
AcDb2dVertex
 10
177.6243873183485
 20
-4.5
 30
0.0
  0
VERTEX
  5
3D5
330
304
100
AcDbEntity
  8
1_ANYTOOL_1MMDEEP_LABELS_S
100
AcDbVertex
100
AcDb2dVertex
 10
177.80979468442
 20
-4.202050781249859
 30
0.0
  0
VERTEX
  5
3D6
330
304
100
AcDbEntity
  8
1_ANYTOOL_1MMDEEP_LABELS_S
100
AcDbVertex
100
AcDb2dVertex
 10
178.0017310683486
 20
-3.913560267856866
 30
0.0
  0
VERTEX
  5
3D7
330
304
100
AcDbEntity
  8
1_ANYTOOL_1MMDEEP_LABELS_S
100
AcDbVertex
100
AcDb2dVertex
 10
178.2001964701344
 20
-3.63452845982102
 30
0.0
  0
VERTEX
  5
3D8
330
304
100
AcDbEntity
  8
1_ANYTOOL_1MMDEEP_LABELS_S
100
AcDbVertex
100
AcDb2dVertex
 10
178.4051908897773
 20
-3.364955357142321
 30
0.0
  0
VERTEX
  5
3D9
330
304
100
AcDbEntity
  8
1_ANYTOOL_1MMDEEP_LABELS_S
100
AcDbVertex
100
AcDb2dVertex
 10
178.6167143272773
 20
-3.10484095982077
 30
0.0
  0
VERTEX
  5
3DA
330
304
100
AcDbEntity
  8
1_ANYTOOL_1MMDEEP_LABELS_S
100
AcDbVertex
100
AcDb2dVertex
 10
178.8347667826345
 20
-2.854185267856366
 30
0.0
  0
VERTEX
  5
3DB
330
304
100
AcDbEntity
  8
1_ANYTOOL_1MMDEEP_LABELS_S
100
AcDbVertex
100
AcDb2dVertex
 10
179.0593482558488
 20
-2.612988281249109
 30
0.0
  0
VERTEX
  5
3DC
330
304
100
AcDbEntity
  8
1_ANYTOOL_1MMDEEP_LABELS_S
100
AcDbVertex
100
AcDb2dVertex
 10
179.2904587469202
 20
-2.381249999999
 30
0.0
  0
VERTEX
  5
3DD
330
304
100
AcDbEntity
  8
1_ANYTOOL_1MMDEEP_LABELS_S
100
AcDbVertex
100
AcDb2dVertex
 10
179.4084623741524
 20
-2.268927873882875
 30
0.0
  0
VERTEX
  5
3DE
330
304
100
AcDbEntity
  8
1_ANYTOOL_1MMDEEP_LABELS_S
100
AcDbVertex
100
AcDb2dVertex
 10
179.5280982558488
 20
-2.158970424106037
 30
0.0
  0
VERTEX
  5
3DF
330
304
100
AcDbEntity
  8
1_ANYTOOL_1MMDEEP_LABELS_S
100
AcDbVertex
100
AcDb2dVertex
 10
179.6493663920095
 20
-2.051377650668487
 30
0.0
  0
VERTEX
  5
3E0
330
304
100
AcDbEntity
  8
1_ANYTOOL_1MMDEEP_LABELS_S
100
AcDbVertex
100
AcDb2dVertex
 10
179.7722667826345
 20
-1.946149553570223
 30
0.0
  0
VERTEX
  5
3E1
330
304
100
AcDbEntity
  8
1_ANYTOOL_1MMDEEP_LABELS_S
100
AcDbVertex
100
AcDb2dVertex
 10
179.8967994277237
 20
-1.843286132811246
 30
0.0
  0
VERTEX
  5
3E2
330
304
100
AcDbEntity
  8
1_ANYTOOL_1MMDEEP_LABELS_S
100
AcDbVertex
100
AcDb2dVertex
 10
180.0229643272773
 20
-1.742787388391555
 30
0.0
  0
VERTEX
  5
3E3
330
304
100
AcDbEntity
  8
1_ANYTOOL_1MMDEEP_LABELS_S
100
AcDbVertex
100
AcDb2dVertex
 10
180.1507614812951
 20
-1.644653320311152
 30
0.0
  0
VERTEX
  5
3E4
330
304
100
AcDbEntity
  8
1_ANYTOOL_1MMDEEP_LABELS_S
100
AcDbVertex
100
AcDb2dVertex
 10
180.2801908897773
 20
-1.548883928570035
 30
0.0
  0
VERTEX
  5
3E5
330
304
100
AcDbEntity
  8
1_ANYTOOL_1MMDEEP_LABELS_S
100
AcDbVertex
100
AcDb2dVertex
 10
180.4112525527237
 20
-1.455479213168205
 30
0.0
  0
VERTEX
  5
3E6
330
304
100
AcDbEntity
  8
1_ANYTOOL_1MMDEEP_LABELS_S
100
AcDbVertex
100
AcDb2dVertex
 10
180.5439464701344
 20
-1.364439174105662
 30
0.0
  0
VERTEX
  5
3E7
330
304
100
AcDbEntity
  8
1_ANYTOOL_1MMDEEP_LABELS_S
100
AcDbVertex
100
AcDb2dVertex
 10
180.6782726420093
 20
-1.275763811382406
 30
0.0
  0
VERTEX
  5
3E8
330
304
100
AcDbEntity
  8
1_ANYTOOL_1MMDEEP_LABELS_S
100
AcDbVertex
100
AcDb2dVertex
 10
180.8142310683486
 20
-1.189453124998437
 30
0.0
  0
VERTEX
  5
3E9
330
304
100
AcDbEntity
  8
1_ANYTOOL_1MMDEEP_LABELS_S
100
AcDbVertex
100
AcDb2dVertex
 10
180.9518217491521
 20
-1.105507114953754
 30
0.0
  0
VERTEX
  5
3EA
330
304
100
AcDbEntity
  8
1_ANYTOOL_1MMDEEP_LABELS_S
100
AcDbVertex
100
AcDb2dVertex
 10
181.09104468442
 20
-1.023925781248359
 30
0.0
  0
VERTEX
  5
3EB
330
304
100
AcDbEntity
  8
1_ANYTOOL_1MMDEEP_LABELS_S
100
AcDbVertex
100
AcDb2dVertex
 10
181.2318998741521
 20
-0.9447091238822498
 30
0.0
  0
VERTEX
  5
3EC
330
304
100
AcDbEntity
  8
1_ANYTOOL_1MMDEEP_LABELS_S
100
AcDbVertex
100
AcDb2dVertex
 10
181.3743873183485
 20
-0.8678571428554278
 30
0.0
  0
VERTEX
  5
3ED
330
304
100
AcDbEntity
  8
1_ANYTOOL_1MMDEEP_LABELS_S
100
AcDbVertex
100
AcDb2dVertex
 10
181.5185070170091
 20
-0.7933698381678926
 30
0.0
  0
VERTEX
  5
3EE
330
304
100
AcDbEntity
  8
1_ANYTOOL_1MMDEEP_LABELS_S
100
AcDbVertex
100
AcDb2dVertex
 10
181.6642589701341
 20
-0.7212472098196443
 30
0.0
  0
VERTEX
  5
3EF
330
304
100
AcDbEntity
  8
1_ANYTOOL_1MMDEEP_LABELS_S
100
AcDbVertex
100
AcDb2dVertex
 10
181.9606596397768
 20
-0.5840959821410081
 30
0.0
  0
VERTEX
  5
3F0
330
304
100
AcDbEntity
  8
1_ANYTOOL_1MMDEEP_LABELS_S
100
AcDbVertex
100
AcDb2dVertex
 10
182.2635893272767
 20
-0.4564034598195192
 30
0.0
  0
VERTEX
  5
3F1
330
304
100
AcDbEntity
  8
1_ANYTOOL_1MMDEEP_LABELS_S
100
AcDbVertex
100
AcDb2dVertex
 10
182.5730480326338
 20
-0.3381696428551777
 30
0.0
  0
VERTEX
  5
3F2
330
304
100
AcDbEntity
  8
1_ANYTOOL_1MMDEEP_LABELS_S
100
AcDbVertex
100
AcDb2dVertex
 10
182.8890357558479
 20
-0.2293945312479835
 30
0.0
  0
VERTEX
  5
3F3
330
304
100
AcDbEntity
  8
1_ANYTOOL_1MMDEEP_LABELS_S
100
AcDbVertex
100
AcDb2dVertex
 10
183.2115524969192
 20
-0.1300781249979366
 30
0.0
  0
VERTEX
  5
3F4
330
304
100
AcDbEntity
  8
1_ANYTOOL_1MMDEEP_LABELS_S
100
AcDbVertex
100
AcDb2dVertex
 10
183.5405982558477
 20
-0.040220424105037
 30
0.0
  0
VERTEX
  5
3F5
330
304
100
AcDbEntity
  8
1_ANYTOOL_1MMDEEP_LABELS_S
100
AcDbVertex
100
AcDb2dVertex
 10
183.8761730326332
 20
0.0401785714307152
 30
0.0
  0
VERTEX
  5
3F6
330
304
100
AcDbEntity
  8
1_ANYTOOL_1MMDEEP_LABELS_S
100
AcDbVertex
100
AcDb2dVertex
 10
184.2182768272759
 20
0.1111188616093202
 30
0.0
  0
VERTEX
  5
3F7
330
304
100
AcDbEntity
  8
1_ANYTOOL_1MMDEEP_LABELS_S
100
AcDbVertex
100
AcDb2dVertex
 10
184.5669096397758
 20
0.1726004464307778
 30
0.0
  0
VERTEX
  5
3F8
330
304
100
AcDbEntity
  8
1_ANYTOOL_1MMDEEP_LABELS_S
100
AcDbVertex
100
AcDb2dVertex
 10
184.9220714701327
 20
0.224623325895088
 30
0.0
  0
VERTEX
  5
3F9
330
304
100
AcDbEntity
  8
1_ANYTOOL_1MMDEEP_LABELS_S
100
AcDbVertex
100
AcDb2dVertex
 10
185.2837623183468
 20
0.267187500002251
 30
0.0
  0
VERTEX
  5
3FA
330
304
100
AcDbEntity
  8
1_ANYTOOL_1MMDEEP_LABELS_S
100
AcDbVertex
100
AcDb2dVertex
 10
185.651982184418
 20
0.3002929687522666
 30
0.0
  0
VERTEX
  5
3FB
330
304
100
AcDbEntity
  8
1_ANYTOOL_1MMDEEP_LABELS_S
100
AcDbVertex
100
AcDb2dVertex
 10
186.0267310683464
 20
0.3239397321451349
 30
0.0
  0
VERTEX
  5
3FC
330
304
100
AcDbEntity
  8
1_ANYTOOL_1MMDEEP_LABELS_S
100
AcDbVertex
100
AcDb2dVertex
 10
186.4080089701319
 20
0.3381277901808559
 30
0.0
  0
SEQEND
  5
3FD
330
304
100
AcDbEntity
  8
1_ANYTOOL_1MMDEEP_LABELS_S
  0
LINE
  5
3FE
330
1F
100
AcDbEntity
  8
1_ANYTOOL_1MMDEEP_LABELS_S
100
AcDbLine
 10
170.724387318347
 20
-16.11428571428405
 30
0.0
 11
161.9386730326369
 21
-16.19999999999709
 31
0.0
  0
POLYLINE
  5
3FF
330
1F
100
AcDbEntity
  8
1_ANYTOOL_1MMDEEP_LABELS_S
100
AcDb2dPolyline
 66
     1
 10
0.0
 20
0.0
 30
0.0
  0
VERTEX
  5
400
330
3FF
100
AcDbEntity
  8
1_ANYTOOL_1MMDEEP_LABELS_S
100
AcDbVertex
100
AcDb2dVertex
 10
126.3672444612093
 20
0.0
 30
0.0
  0
VERTEX
  5
401
330
3FF
100
AcDbEntity
  8
1_ANYTOOL_1MMDEEP_LABELS_S
100
AcDbVertex
100
AcDb2dVertex
 10
134.0815301754919
 20
-30.0
 30
0.0
  0
VERTEX
  5
402
330
3FF
100
AcDbEntity
  8
1_ANYTOOL_1MMDEEP_LABELS_S
100
AcDbVertex
100
AcDb2dVertex
 10
142.5243873183499
 20
-0.9000000000014552
 30
0.0
  0
VERTEX
  5
403
330
3FF
100
AcDbEntity
  8
1_ANYTOOL_1MMDEEP_LABELS_S
100
AcDbVertex
100
AcDb2dVertex
 10
151.0101016040644
 20
-30.0
 30
0.0
  0
VERTEX
  5
404
330
3FF
100
AcDbEntity
  8
1_ANYTOOL_1MMDEEP_LABELS_S
100
AcDbVertex
100
AcDb2dVertex
 10
158.5101016040644
 20
0.0
 30
0.0
  0
SEQEND
  5
405
330
3FF
100
AcDbEntity
  8
1_ANYTOOL_1MMDEEP_LABELS_S
  0
POLYLINE
  5
407
330
1F
100
AcDbEntity
  8
3_ANYTOOL_CUTTHROUGH_INSID
100
AcDb2dPolyline
 66
     1
 10
0.0
 20
0.0
 30
0.0
 70
     1
  0
VERTEX
  5
408
330
407
100
AcDbEntity
  8
3_ANYTOOL_CUTTHROUGH_INSID
100
AcDbVertex
100
AcDb2dVertex
 10
-18.25000000017462
 20
-39.13939215661958
 30
0.0
  0
VERTEX
  5
409
330
407
100
AcDbEntity
  8
3_ANYTOOL_CUTTHROUGH_INSID
100
AcDbVertex
100
AcDb2dVertex
 10
-18.25000000021828
 20
-46.72839215653221
 30
0.0
  0
VERTEX
  5
40A
330
407
100
AcDbEntity
  8
3_ANYTOOL_CUTTHROUGH_INSID
100
AcDbVertex
100
AcDb2dVertex
 10
-24.25000000023283
 20
-46.72839215651038
 30
0.0
  0
VERTEX
  5
40B
330
407
100
AcDbEntity
  8
3_ANYTOOL_CUTTHROUGH_INSID
100
AcDbVertex
100
AcDb2dVertex
 10
-24.25000000021828
 20
-59.22839215651038
 30
0.0
  0
VERTEX
  5
40C
330
407
100
AcDbEntity
  8
3_ANYTOOL_CUTTHROUGH_INSID
100
AcDbVertex
100
AcDb2dVertex
 10
24.24999999983993
 20
-59.22839215655404
 30
0.0
  0
VERTEX
  5
40D
330
407
100
AcDbEntity
  8
3_ANYTOOL_CUTTHROUGH_INSID
100
AcDbVertex
100
AcDb2dVertex
 10
24.24999999986903
 20
-46.72839215655404
 30
0.0
  0
VERTEX
  5
40E
330
407
100
AcDbEntity
  8
3_ANYTOOL_CUTTHROUGH_INSID
100
AcDbVertex
100
AcDb2dVertex
 10
18.24999999986903
 20
-46.72839215654676
 30
0.0
  0
VERTEX
  5
40F
330
407
100
AcDbEntity
  8
3_ANYTOOL_CUTTHROUGH_INSID
100
AcDbVertex
100
AcDb2dVertex
 10
18.24999999989814
 20
-39.13939215663413
 30
0.0
  0
VERTEX
  5
410
330
407
100
AcDbEntity
  8
3_ANYTOOL_CUTTHROUGH_INSID
100
AcDbVertex
100
AcDb2dVertex
 10
24.24999999989814
 20
-39.13939215663413
 30
0.0
  0
VERTEX
  5
411
330
407
100
AcDbEntity
  8
3_ANYTOOL_CUTTHROUGH_INSID
100
AcDbVertex
100
AcDb2dVertex
 10
24.24999999988358
 20
-26.63939215663413
 30
0.0
  0
VERTEX
  5
412
330
407
100
AcDbEntity
  8
3_ANYTOOL_CUTTHROUGH_INSID
100
AcDbVertex
100
AcDb2dVertex
 10
-24.25000000014552
 20
-26.63939215659775
 30
0.0
  0
VERTEX
  5
413
330
407
100
AcDbEntity
  8
3_ANYTOOL_CUTTHROUGH_INSID
100
AcDbVertex
100
AcDb2dVertex
 10
-24.25000000017462
 20
-39.13939215659775
 30
0.0
  0
SEQEND
  5
414
330
407
100
AcDbEntity
  8
3_ANYTOOL_CUTTHROUGH_INSID
  0
POLYLINE
  5
415
330
1F
100
AcDbEntity
  8
3_ANYTOOL_CUTTHROUGH_INSID
100
AcDb2dPolyline
 66
     1
 10
0.0
 20
0.0
 30
0.0
 70
     1
  0
VERTEX
  5
416
330
415
100
AcDbEntity
  8
3_ANYTOOL_CUTTHROUGH_INSID
100
AcDbVertex
100
AcDb2dVertex
 10
581.7500000001455
 20
-39.13939215701976
 30
0.0
  0
VERTEX
  5
417
330
415
100
AcDbEntity
  8
3_ANYTOOL_CUTTHROUGH_INSID
100
AcDbVertex
100
AcDb2dVertex
 10
581.7500000001019
 20
-46.72839215693239
 30
0.0
  0
VERTEX
  5
418
330
415
100
AcDbEntity
  8
3_ANYTOOL_CUTTHROUGH_INSID
100
AcDbVertex
100
AcDb2dVertex
 10
575.7500000001019
 20
-46.72839215693239
 30
0.0
  0
VERTEX
  5
419
330
415
100
AcDbEntity
  8
3_ANYTOOL_CUTTHROUGH_INSID
100
AcDbVertex
100
AcDb2dVertex
 10
575.7500000001019
 20
-59.22839215693239
 30
0.0
  0
VERTEX
  5
41A
330
415
100
AcDbEntity
  8
3_ANYTOOL_CUTTHROUGH_INSID
100
AcDbVertex
100
AcDb2dVertex
 10
624.2500000001601
 20
-59.22839215695421
 30
0.0
  0
VERTEX
  5
41B
330
415
100
AcDbEntity
  8
3_ANYTOOL_CUTTHROUGH_INSID
100
AcDbVertex
100
AcDb2dVertex
 10
624.2500000001892
 20
-46.72839215695421
 30
0.0
  0
VERTEX
  5
41C
330
415
100
AcDbEntity
  8
3_ANYTOOL_CUTTHROUGH_INSID
100
AcDbVertex
100
AcDb2dVertex
 10
618.2500000001892
 20
-46.72839215694694
 30
0.0
  0
VERTEX
  5
41D
330
415
100
AcDbEntity
  8
3_ANYTOOL_CUTTHROUGH_INSID
100
AcDbVertex
100
AcDb2dVertex
 10
618.2500000002037
 20
-39.13939215703431
 30
0.0
  0
VERTEX
  5
41E
330
415
100
AcDbEntity
  8
3_ANYTOOL_CUTTHROUGH_INSID
100
AcDbVertex
100
AcDb2dVertex
 10
624.2500000002037
 20
-39.13939215704158
 30
0.0
  0
VERTEX
  5
41F
330
415
100
AcDbEntity
  8
3_ANYTOOL_CUTTHROUGH_INSID
100
AcDbVertex
100
AcDb2dVertex
 10
624.2500000002037
 20
-26.63939215704158
 30
0.0
  0
VERTEX
  5
420
330
415
100
AcDbEntity
  8
3_ANYTOOL_CUTTHROUGH_INSID
100
AcDbVertex
100
AcDb2dVertex
 10
575.7500000001601
 20
-26.63939215701976
 30
0.0
  0
VERTEX
  5
421
330
415
100
AcDbEntity
  8
3_ANYTOOL_CUTTHROUGH_INSID
100
AcDbVertex
100
AcDb2dVertex
 10
575.7500000001455
 20
-39.13939215701976
 30
0.0
  0
SEQEND
  5
422
330
415
100
AcDbEntity
  8
3_ANYTOOL_CUTTHROUGH_INSID
  0
POLYLINE
  5
423
330
1F
100
AcDbEntity
  8
3_ANYTOOL_CUTTHROUGH_INSID
100
AcDb2dPolyline
 66
     1
 10
0.0
 20
0.0
 30
0.0
 70
     1
  0
VERTEX
  5
424
330
423
100
AcDbEntity
  8
3_ANYTOOL_CUTTHROUGH_INSID
100
AcDbVertex
100
AcDb2dVertex
 10
-618.250000000502
 20
-39.13939215619757
 30
0.0
  0
VERTEX
  5
425
330
423
100
AcDbEntity
  8
3_ANYTOOL_CUTTHROUGH_INSID
100
AcDbVertex
100
AcDb2dVertex
 10
-618.2500000005311
 20
-46.7283921561102
 30
0.0
  0
VERTEX
  5
426
330
423
100
AcDbEntity
  8
3_ANYTOOL_CUTTHROUGH_INSID
100
AcDbVertex
100
AcDb2dVertex
 10
-624.2500000005384
 20
-46.7283921561102
 30
0.0
  0
VERTEX
  5
427
330
423
100
AcDbEntity
  8
3_ANYTOOL_CUTTHROUGH_INSID
100
AcDbVertex
100
AcDb2dVertex
 10
-624.2500000005384
 20
-59.2283921561102
 30
0.0
  0
VERTEX
  5
428
330
423
100
AcDbEntity
  8
3_ANYTOOL_CUTTHROUGH_INSID
100
AcDbVertex
100
AcDb2dVertex
 10
-575.7500000004875
 20
-59.22839215615386
 30
0.0
  0
VERTEX
  5
429
330
423
100
AcDbEntity
  8
3_ANYTOOL_CUTTHROUGH_INSID
100
AcDbVertex
100
AcDb2dVertex
 10
-575.7500000004584
 20
-46.72839215615386
 30
0.0
  0
VERTEX
  5
42A
330
423
100
AcDbEntity
  8
3_ANYTOOL_CUTTHROUGH_INSID
100
AcDbVertex
100
AcDb2dVertex
 10
-581.7500000004584
 20
-46.72839215614658
 30
0.0
  0
VERTEX
  5
42B
330
423
100
AcDbEntity
  8
3_ANYTOOL_CUTTHROUGH_INSID
100
AcDbVertex
100
AcDb2dVertex
 10
-581.7500000004075
 20
-39.13939215623395
 30
0.0
  0
VERTEX
  5
42C
330
423
100
AcDbEntity
  8
3_ANYTOOL_CUTTHROUGH_INSID
100
AcDbVertex
100
AcDb2dVertex
 10
-575.7500000004075
 20
-39.13939215623395
 30
0.0
  0
VERTEX
  5
42D
330
423
100
AcDbEntity
  8
3_ANYTOOL_CUTTHROUGH_INSID
100
AcDbVertex
100
AcDb2dVertex
 10
-575.750000000422
 20
-26.63939215623395
 30
0.0
  0
VERTEX
  5
42E
330
423
100
AcDbEntity
  8
3_ANYTOOL_CUTTHROUGH_INSID
100
AcDbVertex
100
AcDb2dVertex
 10
-624.2500000004729
 20
-26.63939215619757
 30
0.0
  0
VERTEX
  5
42F
330
423
100
AcDbEntity
  8
3_ANYTOOL_CUTTHROUGH_INSID
100
AcDbVertex
100
AcDb2dVertex
 10
-624.250000000502
 20
-39.13939215619757
 30
0.0
  0
SEQEND
  5
430
330
423
100
AcDbEntity
  8
3_ANYTOOL_CUTTHROUGH_INSID
  0
POLYLINE
  5
431
330
1F
100
AcDbEntity
  8
3_ANYTOOL_CUTTHROUGH_INSID
100
AcDb2dPolyline
 66
     1
 10
0.0
 20
0.0
 30
0.0
 70
     1
  0
VERTEX
  5
432
330
431
100
AcDbEntity
  8
3_ANYTOOL_CUTTHROUGH_INSID
100
AcDbVertex
100
AcDb2dVertex
 10
-618.2500000004366
 20
33.77160784364969
 30
0.0
  0
VERTEX
  5
433
330
431
100
AcDbEntity
  8
3_ANYTOOL_CUTTHROUGH_INSID
100
AcDbVertex
100
AcDb2dVertex
 10
-618.250000000422
 20
23.27160784380976
 30
0.0
  0
VERTEX
  5
434
330
431
100
AcDbEntity
  8
3_ANYTOOL_CUTTHROUGH_INSID
100
AcDbVertex
100
AcDb2dVertex
 10
-624.250000000422
 20
23.27160784381704
 30
0.0
  0
VERTEX
  5
435
330
431
100
AcDbEntity
  8
3_ANYTOOL_CUTTHROUGH_INSID
100
AcDbVertex
100
AcDb2dVertex
 10
-624.2500000004366
 20
10.77160784381704
 30
0.0
  0
VERTEX
  5
436
330
431
100
AcDbEntity
  8
3_ANYTOOL_CUTTHROUGH_INSID
100
AcDbVertex
100
AcDb2dVertex
 10
-575.7500000003565
 20
10.77160784377338
 30
0.0
  0
VERTEX
  5
437
330
431
100
AcDbEntity
  8
3_ANYTOOL_CUTTHROUGH_INSID
100
AcDbVertex
100
AcDb2dVertex
 10
-575.750000000342
 20
23.27160784377338
 30
0.0
  0
VERTEX
  5
438
330
431
100
AcDbEntity
  8
3_ANYTOOL_CUTTHROUGH_INSID
100
AcDbVertex
100
AcDb2dVertex
 10
-581.750000000342
 20
23.27160784377338
 30
0.0
  0
VERTEX
  5
439
330
431
100
AcDbEntity
  8
3_ANYTOOL_CUTTHROUGH_INSID
100
AcDbVertex
100
AcDb2dVertex
 10
-581.750000000342
 20
33.77160784360603
 30
0.0
  0
VERTEX
  5
43A
330
431
100
AcDbEntity
  8
3_ANYTOOL_CUTTHROUGH_INSID
100
AcDbVertex
100
AcDb2dVertex
 10
-575.750000000342
 20
33.77160784360603
 30
0.0
  0
VERTEX
  5
43B
330
431
100
AcDbEntity
  8
3_ANYTOOL_CUTTHROUGH_INSID
100
AcDbVertex
100
AcDb2dVertex
 10
-575.7500000003347
 20
46.27160784361331
 30
0.0
  0
VERTEX
  5
43C
330
431
100
AcDbEntity
  8
3_ANYTOOL_CUTTHROUGH_INSID
100
AcDbVertex
100
AcDb2dVertex
 10
-624.2500000003711
 20
46.27160784365697
 30
0.0
  0
VERTEX
  5
43D
330
431
100
AcDbEntity
  8
3_ANYTOOL_CUTTHROUGH_INSID
100
AcDbVertex
100
AcDb2dVertex
 10
-624.2500000004366
 20
33.77160784364969
 30
0.0
  0
SEQEND
  5
43E
330
431
100
AcDbEntity
  8
3_ANYTOOL_CUTTHROUGH_INSID
  0
POLYLINE
  5
43F
330
1F
100
AcDbEntity
  8
3_ANYTOOL_CUTTHROUGH_INSID
100
AcDb2dPolyline
 66
     1
 10
0.0
 20
0.0
 30
0.0
 70
     1
  0
VERTEX
  5
440
330
43F
100
AcDbEntity
  8
3_ANYTOOL_CUTTHROUGH_INSID
100
AcDbVertex
100
AcDb2dVertex
 10
-18.25000000011642
 20
33.77160784330772
 30
0.0
  0
VERTEX
  5
441
330
43F
100
AcDbEntity
  8
3_ANYTOOL_CUTTHROUGH_INSID
100
AcDbVertex
100
AcDb2dVertex
 10
-18.25000000010186
 20
23.27160784346779
 30
0.0
  0
VERTEX
  5
442
330
43F
100
AcDbEntity
  8
3_ANYTOOL_CUTTHROUGH_INSID
100
AcDbVertex
100
AcDb2dVertex
 10
-24.25000000011642
 20
23.27160784348962
 30
0.0
  0
VERTEX
  5
443
330
43F
100
AcDbEntity
  8
3_ANYTOOL_CUTTHROUGH_INSID
100
AcDbVertex
100
AcDb2dVertex
 10
-24.25000000011642
 20
10.77160784348962
 30
0.0
  0
VERTEX
  5
444
330
43F
100
AcDbEntity
  8
3_ANYTOOL_CUTTHROUGH_INSID
100
AcDbVertex
100
AcDb2dVertex
 10
24.24999999994179
 20
10.77160784345324
 30
0.0
  0
VERTEX
  5
445
330
43F
100
AcDbEntity
  8
3_ANYTOOL_CUTTHROUGH_INSID
100
AcDbVertex
100
AcDb2dVertex
 10
24.2499999999709
 20
23.27160784345324
 30
0.0
  0
VERTEX
  5
446
330
43F
100
AcDbEntity
  8
3_ANYTOOL_CUTTHROUGH_INSID
100
AcDbVertex
100
AcDb2dVertex
 10
18.2499999999709
 20
23.27160784345324
 30
0.0
  0
VERTEX
  5
447
330
43F
100
AcDbEntity
  8
3_ANYTOOL_CUTTHROUGH_INSID
100
AcDbVertex
100
AcDb2dVertex
 10
18.24999999998545
 20
33.77160784328589
 30
0.0
  0
VERTEX
  5
448
330
43F
100
AcDbEntity
  8
3_ANYTOOL_CUTTHROUGH_INSID
100
AcDbVertex
100
AcDb2dVertex
 10
24.24999999998545
 20
33.77160784328589
 30
0.0
  0
VERTEX
  5
449
330
43F
100
AcDbEntity
  8
3_ANYTOOL_CUTTHROUGH_INSID
100
AcDbVertex
100
AcDb2dVertex
 10
24.25
 20
46.27160784329317
 30
0.0
  0
VERTEX
  5
44A
330
43F
100
AcDbEntity
  8
3_ANYTOOL_CUTTHROUGH_INSID
100
AcDbVertex
100
AcDb2dVertex
 10
-24.25000000005821
 20
46.27160784332955
 30
0.0
  0
VERTEX
  5
44B
330
43F
100
AcDbEntity
  8
3_ANYTOOL_CUTTHROUGH_INSID
100
AcDbVertex
100
AcDb2dVertex
 10
-24.25000000011642
 20
33.77160784332955
 30
0.0
  0
SEQEND
  5
44C
330
43F
100
AcDbEntity
  8
3_ANYTOOL_CUTTHROUGH_INSID
  0
POLYLINE
  5
44D
330
1F
100
AcDbEntity
  8
3_ANYTOOL_CUTTHROUGH_INSID
100
AcDb2dPolyline
 66
     1
 10
0.0
 20
0.0
 30
0.0
 70
     1
  0
VERTEX
  5
44E
330
44D
100
AcDbEntity
  8
3_ANYTOOL_CUTTHROUGH_INSID
100
AcDbVertex
100
AcDb2dVertex
 10
581.7500000002037
 20
33.77160784290027
 30
0.0
  0
VERTEX
  5
44F
330
44D
100
AcDbEntity
  8
3_ANYTOOL_CUTTHROUGH_INSID
100
AcDbVertex
100
AcDb2dVertex
 10
581.7500000002183
 20
23.27160784306761
 30
0.0
  0
VERTEX
  5
450
330
44D
100
AcDbEntity
  8
3_ANYTOOL_CUTTHROUGH_INSID
100
AcDbVertex
100
AcDb2dVertex
 10
575.7500000002183
 20
23.27160784306761
 30
0.0
  0
VERTEX
  5
451
330
44D
100
AcDbEntity
  8
3_ANYTOOL_CUTTHROUGH_INSID
100
AcDbVertex
100
AcDb2dVertex
 10
575.7500000002037
 20
10.77160784306761
 30
0.0
  0
VERTEX
  5
452
330
44D
100
AcDbEntity
  8
3_ANYTOOL_CUTTHROUGH_INSID
100
AcDbVertex
100
AcDb2dVertex
 10
624.2500000002619
 20
10.77160784304579
 30
0.0
  0
VERTEX
  5
453
330
44D
100
AcDbEntity
  8
3_ANYTOOL_CUTTHROUGH_INSID
100
AcDbVertex
100
AcDb2dVertex
 10
624.250000000291
 20
23.27160784304579
 30
0.0
  0
VERTEX
  5
454
330
44D
100
AcDbEntity
  8
3_ANYTOOL_CUTTHROUGH_INSID
100
AcDbVertex
100
AcDb2dVertex
 10
618.250000000291
 20
23.27160784305306
 30
0.0
  0
VERTEX
  5
455
330
44D
100
AcDbEntity
  8
3_ANYTOOL_CUTTHROUGH_INSID
100
AcDbVertex
100
AcDb2dVertex
 10
618.2500000002765
 20
33.77160784288571
 30
0.0
  0
VERTEX
  5
456
330
44D
100
AcDbEntity
  8
3_ANYTOOL_CUTTHROUGH_INSID
100
AcDbVertex
100
AcDb2dVertex
 10
624.250000000291
 20
33.77160784288571
 30
0.0
  0
VERTEX
  5
457
330
44D
100
AcDbEntity
  8
3_ANYTOOL_CUTTHROUGH_INSID
100
AcDbVertex
100
AcDb2dVertex
 10
624.2500000003056
 20
46.27160784288571
 30
0.0
  0
VERTEX
  5
458
330
44D
100
AcDbEntity
  8
3_ANYTOOL_CUTTHROUGH_INSID
100
AcDbVertex
100
AcDb2dVertex
 10
575.7500000002619
 20
46.27160784290754
 30
0.0
  0
VERTEX
  5
459
330
44D
100
AcDbEntity
  8
3_ANYTOOL_CUTTHROUGH_INSID
100
AcDbVertex
100
AcDb2dVertex
 10
575.7500000002037
 20
33.77160784290754
 30
0.0
  0
SEQEND
  5
45A
330
44D
100
AcDbEntity
  8
3_ANYTOOL_CUTTHROUGH_INSID
  0
POLYLINE
  5
45C
330
1F
100
AcDbEntity
  8
4_ANYTOOL_CUTTHROUGH_OUTSI
100
AcDb2dPolyline
 66
     1
 10
0.0
 20
0.0
 30
0.0
 70
     1
  0
VERTEX
  5
45D
330
45C
100
AcDbEntity
  8
4_ANYTOOL_CUTTHROUGH_OUTSI
100
AcDbVertex
100
AcDb2dVertex
 10
1147.654437247649
 20
74.77160784214357
 30
0.0
  0
VERTEX
  5
45E
330
45C
100
AcDbEntity
  8
4_ANYTOOL_CUTTHROUGH_OUTSI
100
AcDbVertex
100
AcDb2dVertex
 10
1163.750000000815
 20
74.77160784211446
 30
0.0
  0
VERTEX
  5
45F
330
45C
100
AcDbEntity
  8
4_ANYTOOL_CUTTHROUGH_OUTSI
100
AcDbVertex
100
AcDb2dVertex
 10
1163.750000000815
 20
58.2716078421945
 30
0.0
  0
VERTEX
  5
460
330
45C
100
AcDbEntity
  8
4_ANYTOOL_CUTTHROUGH_OUTSI
100
AcDbVertex
100
AcDb2dVertex
 10
1158.000000000815
 20
58.27160784220177
 30
0.0
 42
0.4142135623645791
  0
VERTEX
  5
461
330
45C
100
AcDbEntity
  8
4_ANYTOOL_CUTTHROUGH_OUTSI
100
AcDbVertex
100
AcDb2dVertex
 10
1157.750000000808
 20
58.02160784220177
 30
0.0
  0
VERTEX
  5
462
330
45C
100
AcDbEntity
  8
4_ANYTOOL_CUTTHROUGH_OUTSI
100
AcDbVertex
100
AcDb2dVertex
 10
1157.7500000008
 20
46.02160784220177
 30
0.0
 42
0.4142135623304021
  0
VERTEX
  5
463
330
45C
100
AcDbEntity
  8
4_ANYTOOL_CUTTHROUGH_OUTSI
100
AcDbVertex
100
AcDb2dVertex
 10
1158.0000000008
 20
45.77160784220905
 30
0.0
  0
VERTEX
  5
464
330
45C
100
AcDbEntity
  8
4_ANYTOOL_CUTTHROUGH_OUTSI
100
AcDbVertex
100
AcDb2dVertex
 10
1181.750000000815
 20
45.7716078421945
 30
0.0
  0
VERTEX
  5
465
330
45C
100
AcDbEntity
  8
4_ANYTOOL_CUTTHROUGH_OUTSI
100
AcDbVertex
100
AcDb2dVertex
 10
1181.750000000888
 20
11.27160784226726
 30
0.0
  0
VERTEX
  5
466
330
45C
100
AcDbEntity
  8
4_ANYTOOL_CUTTHROUGH_OUTSI
100
AcDbVertex
100
AcDb2dVertex
 10
1158.000000000786
 20
11.27160784228181
 30
0.0
 42
0.414213562355858
  0
VERTEX
  5
467
330
45C
100
AcDbEntity
  8
4_ANYTOOL_CUTTHROUGH_OUTSI
100
AcDbVertex
100
AcDb2dVertex
 10
1157.750000000786
 20
11.02160784228181
 30
0.0
  0
VERTEX
  5
468
330
45C
100
AcDbEntity
  8
4_ANYTOOL_CUTTHROUGH_OUTSI
100
AcDbVertex
100
AcDb2dVertex
 10
1157.750000000786
 20
-0.97839215771819
 30
0.0
 42
0.4142135623306863
  0
VERTEX
  5
469
330
45C
100
AcDbEntity
  8
4_ANYTOOL_CUTTHROUGH_OUTSI
100
AcDbVertex
100
AcDb2dVertex
 10
1158.000000000786
 20
-1.228392157725466
 30
0.0
  0
VERTEX
  5
46A
330
45C
100
AcDbEntity
  8
4_ANYTOOL_CUTTHROUGH_OUTSI
100
AcDbVertex
100
AcDb2dVertex
 10
1163.750000000786
 20
-1.228392157725466
 30
0.0
  0
VERTEX
  5
46B
330
45C
100
AcDbEntity
  8
4_ANYTOOL_CUTTHROUGH_OUTSI
100
AcDbVertex
100
AcDb2dVertex
 10
1163.7500000008
 20
-14.63939215766004
 30
0.0
  0
VERTEX
  5
46C
330
45C
100
AcDbEntity
  8
4_ANYTOOL_CUTTHROUGH_OUTSI
100
AcDbVertex
100
AcDb2dVertex
 10
1158.000000000786
 20
-14.63939215765276
 30
0.0
 42
0.4142135623899729
  0
VERTEX
  5
46D
330
45C
100
AcDbEntity
  8
4_ANYTOOL_CUTTHROUGH_OUTSI
100
AcDbVertex
100
AcDb2dVertex
 10
1157.750000000786
 20
-14.88939215765276
 30
0.0
  0
VERTEX
  5
46E
330
45C
100
AcDbEntity
  8
4_ANYTOOL_CUTTHROUGH_OUTSI
100
AcDbVertex
100
AcDb2dVertex
 10
1157.7500000008
 20
-26.88939215765276
 30
0.0
 42
0.4142135623388564
  0
VERTEX
  5
46F
330
45C
100
AcDbEntity
  8
4_ANYTOOL_CUTTHROUGH_OUTSI
100
AcDbVertex
100
AcDb2dVertex
 10
1158.0000000008
 20
-27.13939215765276
 30
0.0
  0
VERTEX
  5
470
330
45C
100
AcDbEntity
  8
4_ANYTOOL_CUTTHROUGH_OUTSI
100
AcDbVertex
100
AcDb2dVertex
 10
1181.750000000859
 20
-27.13939215767459
 30
0.0
  0
VERTEX
  5
471
330
45C
100
AcDbEntity
  8
4_ANYTOOL_CUTTHROUGH_OUTSI
100
AcDbVertex
100
AcDb2dVertex
 10
1181.750000000859
 20
-58.72839215757995
 30
0.0
  0
VERTEX
  5
472
330
45C
100
AcDbEntity
  8
4_ANYTOOL_CUTTHROUGH_OUTSI
100
AcDbVertex
100
AcDb2dVertex
 10
1158.000000000771
 20
-58.72839215755812
 30
0.0
 42
0.4142135623220434
  0
VERTEX
  5
473
330
45C
100
AcDbEntity
  8
4_ANYTOOL_CUTTHROUGH_OUTSI
100
AcDbVertex
100
AcDb2dVertex
 10
1157.750000000771
 20
-58.97839215755812
 30
0.0
  0
VERTEX
  5
474
330
45C
100
AcDbEntity
  8
4_ANYTOOL_CUTTHROUGH_OUTSI
100
AcDbVertex
100
AcDb2dVertex
 10
1157.750000000786
 20
-70.97839215755812
 30
0.0
 42
0.4142135623388564
  0
VERTEX
  5
475
330
45C
100
AcDbEntity
  8
4_ANYTOOL_CUTTHROUGH_OUTSI
100
AcDbVertex
100
AcDb2dVertex
 10
1158.000000000786
 20
-71.22839215755812
 30
0.0
  0
VERTEX
  5
476
330
45C
100
AcDbEntity
  8
4_ANYTOOL_CUTTHROUGH_OUTSI
100
AcDbVertex
100
AcDb2dVertex
 10
1163.750000000786
 20
-71.2283921575654
 30
0.0
  0
VERTEX
  5
477
330
45C
100
AcDbEntity
  8
4_ANYTOOL_CUTTHROUGH_OUTSI
100
AcDbVertex
100
AcDb2dVertex
 10
1163.750000000757
 20
-74.72839215628483
 30
0.0
  0
VERTEX
  5
478
330
45C
100
AcDbEntity
  8
4_ANYTOOL_CUTTHROUGH_OUTSI
100
AcDbVertex
100
AcDb2dVertex
 10
1147.654437252539
 20
-74.72839215631393
 30
0.0
  0
VERTEX
  5
479
330
45C
100
AcDbEntity
  8
4_ANYTOOL_CUTTHROUGH_OUTSI
100
AcDbVertex
100
AcDb2dVertex
 10
1147.654437252539
 20
-68.97839215631393
 30
0.0
 42
0.4142135624156989
  0
VERTEX
  5
47A
330
45C
100
AcDbEntity
  8
4_ANYTOOL_CUTTHROUGH_OUTSI
100
AcDbVertex
100
AcDb2dVertex
 10
1147.404437252539
 20
-68.72839215630665
 30
0.0
  0
VERTEX
  5
47B
330
45C
100
AcDbEntity
  8
4_ANYTOOL_CUTTHROUGH_OUTSI
100
AcDbVertex
100
AcDb2dVertex
 10
1135.404437252539
 20
-68.72839215631393
 30
0.0
 42
0.4142135624242411
  0
VERTEX
  5
47C
330
45C
100
AcDbEntity
  8
4_ANYTOOL_CUTTHROUGH_OUTSI
100
AcDbVertex
100
AcDb2dVertex
 10
1135.154437252539
 20
-68.97839215631393
 30
0.0
  0
VERTEX
  5
47D
330
45C
100
AcDbEntity
  8
4_ANYTOOL_CUTTHROUGH_OUTSI
100
AcDbVertex
100
AcDb2dVertex
 10
1135.154437252539
 20
-92.72839215725253
 30
0.0
  0
VERTEX
  5
47E
330
45C
100
AcDbEntity
  8
4_ANYTOOL_CUTTHROUGH_OUTSI
100
AcDbVertex
100
AcDb2dVertex
 10
664.8455627459625
 20
-92.72839215727436
 30
0.0
  0
VERTEX
  5
47F
330
45C
100
AcDbEntity
  8
4_ANYTOOL_CUTTHROUGH_OUTSI
100
AcDbVertex
100
AcDb2dVertex
 10
664.8455627459625
 20
-68.97839215674321
 30
0.0
 42
0.4142135623816957
  0
VERTEX
  5
480
330
45C
100
AcDbEntity
  8
4_ANYTOOL_CUTTHROUGH_OUTSI
100
AcDbVertex
100
AcDb2dVertex
 10
664.5955627459625
 20
-68.72839215673594
 30
0.0
  0
VERTEX
  5
481
330
45C
100
AcDbEntity
  8
4_ANYTOOL_CUTTHROUGH_OUTSI
100
AcDbVertex
100
AcDb2dVertex
 10
652.5955627459625
 20
-68.72839215674321
 30
0.0
 42
0.4142135623560855
  0
VERTEX
  5
482
330
45C
100
AcDbEntity
  8
4_ANYTOOL_CUTTHROUGH_OUTSI
100
AcDbVertex
100
AcDb2dVertex
 10
652.3455627459625
 20
-68.97839215674321
 30
0.0
  0
VERTEX
  5
483
330
45C
100
AcDbEntity
  8
4_ANYTOOL_CUTTHROUGH_OUTSI
100
AcDbVertex
100
AcDb2dVertex
 10
652.3455627459625
 20
-74.72839215674321
 30
0.0
  0
VERTEX
  5
484
330
45C
100
AcDbEntity
  8
4_ANYTOOL_CUTTHROUGH_OUTSI
100
AcDbVertex
100
AcDb2dVertex
 10
642.9044372490025
 20
-74.72839215671411
 30
0.0
  0
VERTEX
  5
485
330
45C
100
AcDbEntity
  8
4_ANYTOOL_CUTTHROUGH_OUTSI
100
AcDbVertex
100
AcDb2dVertex
 10
642.9044372490025
 20
-68.97839215671411
 30
0.0
 42
0.4142135623902378
  0
VERTEX
  5
486
330
45C
100
AcDbEntity
  8
4_ANYTOOL_CUTTHROUGH_OUTSI
100
AcDbVertex
100
AcDb2dVertex
 10
642.6544372490025
 20
-68.72839215671411
 30
0.0
  0
VERTEX
  5
487
330
45C
100
AcDbEntity
  8
4_ANYTOOL_CUTTHROUGH_OUTSI
100
AcDbVertex
100
AcDb2dVertex
 10
630.6544372490025
 20
-68.72839215671411
 30
0.0
 42
0.414213562364511
  0
VERTEX
  5
488
330
45C
100
AcDbEntity
  8
4_ANYTOOL_CUTTHROUGH_OUTSI
100
AcDbVertex
100
AcDb2dVertex
 10
630.4044372490098
 20
-68.97839215671411
 30
0.0
  0
VERTEX
  5
489
330
45C
100
AcDbEntity
  8
4_ANYTOOL_CUTTHROUGH_OUTSI
100
AcDbVertex
100
AcDb2dVertex
 10
630.4044372490025
 20
-92.72839215724525
 30
0.0
  0
VERTEX
  5
48A
330
45C
100
AcDbEntity
  8
4_ANYTOOL_CUTTHROUGH_OUTSI
100
AcDbVertex
100
AcDb2dVertex
 10
569.5955627446092
 20
-92.72839215772547
 30
0.0
  0
VERTEX
  5
48B
330
45C
100
AcDbEntity
  8
4_ANYTOOL_CUTTHROUGH_OUTSI
100
AcDbVertex
100
AcDb2dVertex
 10
569.5955627446092
 20
-68.97839215772547
 30
0.0
 42
0.414213562373048
  0
VERTEX
  5
48C
330
45C
100
AcDbEntity
  8
4_ANYTOOL_CUTTHROUGH_OUTSI
100
AcDbVertex
100
AcDb2dVertex
 10
569.3455627446092
 20
-68.72839215772547
 30
0.0
  0
VERTEX
  5
48D
330
45C
100
AcDbEntity
  8
4_ANYTOOL_CUTTHROUGH_OUTSI
100
AcDbVertex
100
AcDb2dVertex
 10
557.3455627446092
 20
-68.72839215772547
 30
0.0
 42
0.4142135623475801
  0
VERTEX
  5
48E
330
45C
100
AcDbEntity
  8
4_ANYTOOL_CUTTHROUGH_OUTSI
100
AcDbVertex
100
AcDb2dVertex
 10
557.0955627446165
 20
-68.97839215772547
 30
0.0
  0
VERTEX
  5
48F
330
45C
100
AcDbEntity
  8
4_ANYTOOL_CUTTHROUGH_OUTSI
100
AcDbVertex
100
AcDb2dVertex
 10
557.0955627446092
 20
-74.72839215772547
 30
0.0
  0
VERTEX
  5
490
330
45C
100
AcDbEntity
  8
4_ANYTOOL_CUTTHROUGH_OUTSI
100
AcDbVertex
100
AcDb2dVertex
 10
547.6544372476492
 20
-74.72839215769636
 30
0.0
  0
VERTEX
  5
491
330
45C
100
AcDbEntity
  8
4_ANYTOOL_CUTTHROUGH_OUTSI
100
AcDbVertex
100
AcDb2dVertex
 10
547.6544372476492
 20
-68.97839215769636
 30
0.0
 42
0.414213562373048
  0
VERTEX
  5
492
330
45C
100
AcDbEntity
  8
4_ANYTOOL_CUTTHROUGH_OUTSI
100
AcDbVertex
100
AcDb2dVertex
 10
547.4044372476492
 20
-68.72839215769636
 30
0.0
  0
VERTEX
  5
493
330
45C
100
AcDbEntity
  8
4_ANYTOOL_CUTTHROUGH_OUTSI
100
AcDbVertex
100
AcDb2dVertex
 10
535.4044372476492
 20
-68.72839215769636
 30
0.0
 42
0.4142135623816222
  0
VERTEX
  5
494
330
45C
100
AcDbEntity
  8
4_ANYTOOL_CUTTHROUGH_OUTSI
100
AcDbVertex
100
AcDb2dVertex
 10
535.1544372476565
 20
-68.97839215769636
 30
0.0
  0
VERTEX
  5
495
330
45C
100
AcDbEntity
  8
4_ANYTOOL_CUTTHROUGH_OUTSI
100
AcDbVertex
100
AcDb2dVertex
 10
535.1544372476492
 20
-92.72839215770364
 30
0.0
  0
VERTEX
  5
496
330
45C
100
AcDbEntity
  8
4_ANYTOOL_CUTTHROUGH_OUTSI
100
AcDbVertex
100
AcDb2dVertex
 10
64.84556274596252
 20
-92.72839215731074
 30
0.0
  0
VERTEX
  5
497
330
45C
100
AcDbEntity
  8
4_ANYTOOL_CUTTHROUGH_OUTSI
100
AcDbVertex
100
AcDb2dVertex
 10
64.84556274596252
 20
-68.97839215731074
 30
0.0
 42
0.4142135623816116
  0
VERTEX
  5
498
330
45C
100
AcDbEntity
  8
4_ANYTOOL_CUTTHROUGH_OUTSI
100
AcDbVertex
100
AcDb2dVertex
 10
64.59556274596252
 20
-68.72839215731801
 30
0.0
  0
VERTEX
  5
499
330
45C
100
AcDbEntity
  8
4_ANYTOOL_CUTTHROUGH_OUTSI
100
AcDbVertex
100
AcDb2dVertex
 10
52.59556274596252
 20
-68.72839215731074
 30
0.0
 42
0.4142135623389979
  0
VERTEX
  5
49A
330
45C
100
AcDbEntity
  8
4_ANYTOOL_CUTTHROUGH_OUTSI
100
AcDbVertex
100
AcDb2dVertex
 10
52.34556274596252
 20
-68.97839215731074
 30
0.0
  0
VERTEX
  5
49B
330
45C
100
AcDbEntity
  8
4_ANYTOOL_CUTTHROUGH_OUTSI
100
AcDbVertex
100
AcDb2dVertex
 10
52.34556274596252
 20
-74.72839215731074
 30
0.0
  0
VERTEX
  5
49C
330
45C
100
AcDbEntity
  8
4_ANYTOOL_CUTTHROUGH_OUTSI
100
AcDbVertex
100
AcDb2dVertex
 10
42.90443724900251
 20
-74.72839215728163
 30
0.0
  0
VERTEX
  5
49D
330
45C
100
AcDbEntity
  8
4_ANYTOOL_CUTTHROUGH_OUTSI
100
AcDbVertex
100
AcDb2dVertex
 10
42.90443724900251
 20
-68.97839215728163
 30
0.0
 42
0.414213562373095
  0
VERTEX
  5
49E
330
45C
100
AcDbEntity
  8
4_ANYTOOL_CUTTHROUGH_OUTSI
100
AcDbVertex
100
AcDb2dVertex
 10
42.65443724900251
 20
-68.72839215728163
 30
0.0
  0
VERTEX
  5
49F
330
45C
100
AcDbEntity
  8
4_ANYTOOL_CUTTHROUGH_OUTSI
100
AcDbVertex
100
AcDb2dVertex
 10
30.65443724900251
 20
-68.72839215728163
 30
0.0
 42
0.4142135623645816
  0
VERTEX
  5
4A0
330
45C
100
AcDbEntity
  8
4_ANYTOOL_CUTTHROUGH_OUTSI
100
AcDbVertex
100
AcDb2dVertex
 10
30.40443724900979
 20
-68.97839215728163
 30
0.0
  0
VERTEX
  5
4A1
330
45C
100
AcDbEntity
  8
4_ANYTOOL_CUTTHROUGH_OUTSI
100
AcDbVertex
100
AcDb2dVertex
 10
30.40443724900251
 20
-92.72839215728163
 30
0.0
  0
VERTEX
  5
4A2
330
45C
100
AcDbEntity
  8
4_ANYTOOL_CUTTHROUGH_OUTSI
100
AcDbVertex
100
AcDb2dVertex
 10
-30.40443725395016
 20
-92.7283921572307
 30
0.0
  0
VERTEX
  5
4A3
330
45C
100
AcDbEntity
  8
4_ANYTOOL_CUTTHROUGH_OUTSI
100
AcDbVertex
100
AcDb2dVertex
 10
-30.40443725395016
 20
-68.9783921572307
 30
0.0
 42
0.4142135623901467
  0
VERTEX
  5
4A4
330
45C
100
AcDbEntity
  8
4_ANYTOOL_CUTTHROUGH_OUTSI
100
AcDbVertex
100
AcDb2dVertex
 10
-30.65443725395016
 20
-68.7283921572307
 30
0.0
  0
VERTEX
  5
4A5
330
45C
100
AcDbEntity
  8
4_ANYTOOL_CUTTHROUGH_OUTSI
100
AcDbVertex
100
AcDb2dVertex
 10
-42.65443725395016
 20
-68.7283921572307
 30
0.0
 42
0.4142135623645816
  0
VERTEX
  5
4A6
330
45C
100
AcDbEntity
  8
4_ANYTOOL_CUTTHROUGH_OUTSI
100
AcDbVertex
100
AcDb2dVertex
 10
-42.90443725394289
 20
-68.9783921572307
 30
0.0
  0
VERTEX
  5
4A7
330
45C
100
AcDbEntity
  8
4_ANYTOOL_CUTTHROUGH_OUTSI
100
AcDbVertex
100
AcDb2dVertex
 10
-42.90443725395016
 20
-74.7283921572307
 30
0.0
  0
VERTEX
  5
4A8
330
45C
100
AcDbEntity
  8
4_ANYTOOL_CUTTHROUGH_OUTSI
100
AcDbVertex
100
AcDb2dVertex
 10
-52.34556275091018
 20
-74.7283921572016
 30
0.0
  0
VERTEX
  5
4A9
330
45C
100
AcDbEntity
  8
4_ANYTOOL_CUTTHROUGH_OUTSI
100
AcDbVertex
100
AcDb2dVertex
 10
-52.34556275091018
 20
-68.9783921572016
 30
0.0
 42
0.4142135623816252
  0
VERTEX
  5
4AA
330
45C
100
AcDbEntity
  8
4_ANYTOOL_CUTTHROUGH_OUTSI
100
AcDbVertex
100
AcDb2dVertex
 10
-52.59556275091018
 20
-68.72839215719432
 30
0.0
  0
VERTEX
  5
4AB
330
45C
100
AcDbEntity
  8
4_ANYTOOL_CUTTHROUGH_OUTSI
100
AcDbVertex
100
AcDb2dVertex
 10
-64.59556275091018
 20
-68.7283921572016
 30
0.0
 42
0.414213562373095
  0
VERTEX
  5
4AC
330
45C
100
AcDbEntity
  8
4_ANYTOOL_CUTTHROUGH_OUTSI
100
AcDbVertex
100
AcDb2dVertex
 10
-64.84556275091018
 20
-68.9783921572016
 30
0.0
  0
VERTEX
  5
4AD
330
45C
100
AcDbEntity
  8
4_ANYTOOL_CUTTHROUGH_OUTSI
100
AcDbVertex
100
AcDb2dVertex
 10
-64.84556275091018
 20
-92.7283921572016
 30
0.0
  0
VERTEX
  5
4AE
330
45C
100
AcDbEntity
  8
4_ANYTOOL_CUTTHROUGH_OUTSI
100
AcDbVertex
100
AcDb2dVertex
 10
-535.1544372525896
 20
-92.72839215681597
 30
0.0
  0
VERTEX
  5
4AF
330
45C
100
AcDbEntity
  8
4_ANYTOOL_CUTTHROUGH_OUTSI
100
AcDbVertex
100
AcDb2dVertex
 10
-535.1544372525896
 20
-68.97839215681597
 30
0.0
 42
0.4142135623902378
  0
VERTEX
  5
4B0
330
45C
100
AcDbEntity
  8
4_ANYTOOL_CUTTHROUGH_OUTSI
100
AcDbVertex
100
AcDb2dVertex
 10
-535.4044372525896
 20
-68.72839215681597
 30
0.0
  0
VERTEX
  5
4B1
330
45C
100
AcDbEntity
  8
4_ANYTOOL_CUTTHROUGH_OUTSI
100
AcDbVertex
100
AcDb2dVertex
 10
-547.4044372525896
 20
-68.72839215681597
 30
0.0
 42
0.4142135623560855
  0
VERTEX
  5
4B2
330
45C
100
AcDbEntity
  8
4_ANYTOOL_CUTTHROUGH_OUTSI
100
AcDbVertex
100
AcDb2dVertex
 10
-547.6544372525896
 20
-68.97839215681597
 30
0.0
  0
VERTEX
  5
4B3
330
45C
100
AcDbEntity
  8
4_ANYTOOL_CUTTHROUGH_OUTSI
100
AcDbVertex
100
AcDb2dVertex
 10
-547.6544372525896
 20
-74.72839215681597
 30
0.0
  0
VERTEX
  5
4B4
330
45C
100
AcDbEntity
  8
4_ANYTOOL_CUTTHROUGH_OUTSI
100
AcDbVertex
100
AcDb2dVertex
 10
-557.0955627495496
 20
-74.72839215678687
 30
0.0
  0
VERTEX
  5
4B5
330
45C
100
AcDbEntity
  8
4_ANYTOOL_CUTTHROUGH_OUTSI
100
AcDbVertex
100
AcDb2dVertex
 10
-557.0955627495496
 20
-68.97839215678687
 30
0.0
 42
0.414213562373048
  0
VERTEX
  5
4B6
330
45C
100
AcDbEntity
  8
4_ANYTOOL_CUTTHROUGH_OUTSI
100
AcDbVertex
100
AcDb2dVertex
 10
-557.3455627495496
 20
-68.72839215678687
 30
0.0
  0
VERTEX
  5
4B7
330
45C
100
AcDbEntity
  8
4_ANYTOOL_CUTTHROUGH_OUTSI
100
AcDbVertex
100
AcDb2dVertex
 10
-569.3455627495496
 20
-68.72839215678687
 30
0.0
 42
0.4142135623389507
  0
VERTEX
  5
4B8
330
45C
100
AcDbEntity
  8
4_ANYTOOL_CUTTHROUGH_OUTSI
100
AcDbVertex
100
AcDb2dVertex
 10
-569.5955627495496
 20
-68.97839215678687
 30
0.0
  0
VERTEX
  5
4B9
330
45C
100
AcDbEntity
  8
4_ANYTOOL_CUTTHROUGH_OUTSI
100
AcDbVertex
100
AcDb2dVertex
 10
-569.5955627495496
 20
-92.72839215678687
 30
0.0
  0
VERTEX
  5
4BA
330
45C
100
AcDbEntity
  8
4_ANYTOOL_CUTTHROUGH_OUTSI
100
AcDbVertex
100
AcDb2dVertex
 10
-630.4044372539502
 20
-92.72839215673594
 30
0.0
  0
VERTEX
  5
4BB
330
45C
100
AcDbEntity
  8
4_ANYTOOL_CUTTHROUGH_OUTSI
100
AcDbVertex
100
AcDb2dVertex
 10
-630.4044372539502
 20
-68.97839215673594
 30
0.0
 42
0.4142135623902378
  0
VERTEX
  5
4BC
330
45C
100
AcDbEntity
  8
4_ANYTOOL_CUTTHROUGH_OUTSI
100
AcDbVertex
100
AcDb2dVertex
 10
-630.6544372539502
 20
-68.72839215673594
 30
0.0
  0
VERTEX
  5
4BD
330
45C
100
AcDbEntity
  8
4_ANYTOOL_CUTTHROUGH_OUTSI
100
AcDbVertex
100
AcDb2dVertex
 10
-642.6544372539502
 20
-68.72839215673594
 30
0.0
 42
0.4142135623645127
  0
VERTEX
  5
4BE
330
45C
100
AcDbEntity
  8
4_ANYTOOL_CUTTHROUGH_OUTSI
100
AcDbVertex
100
AcDb2dVertex
 10
-642.9044372539574
 20
-68.97839215673594
 30
0.0
  0
VERTEX
  5
4BF
330
45C
100
AcDbEntity
  8
4_ANYTOOL_CUTTHROUGH_OUTSI
100
AcDbVertex
100
AcDb2dVertex
 10
-642.9044372539502
 20
-74.72839215673594
 30
0.0
  0
VERTEX
  5
4C0
330
45C
100
AcDbEntity
  8
4_ANYTOOL_CUTTHROUGH_OUTSI
100
AcDbVertex
100
AcDb2dVertex
 10
-652.3455627509102
 20
-74.72839215670683
 30
0.0
  0
VERTEX
  5
4C1
330
45C
100
AcDbEntity
  8
4_ANYTOOL_CUTTHROUGH_OUTSI
100
AcDbVertex
100
AcDb2dVertex
 10
-652.3455627509102
 20
-68.97839215670683
 30
0.0
 42
0.4142135624073335
  0
VERTEX
  5
4C2
330
45C
100
AcDbEntity
  8
4_ANYTOOL_CUTTHROUGH_OUTSI
100
AcDbVertex
100
AcDb2dVertex
 10
-652.5955627509102
 20
-68.72839215670683
 30
0.0
  0
VERTEX
  5
4C3
330
45C
100
AcDbEntity
  8
4_ANYTOOL_CUTTHROUGH_OUTSI
100
AcDbVertex
100
AcDb2dVertex
 10
-664.5955627509102
 20
-68.72839215670683
 30
0.0
 42
0.4142135623987024
  0
VERTEX
  5
4C4
330
45C
100
AcDbEntity
  8
4_ANYTOOL_CUTTHROUGH_OUTSI
100
AcDbVertex
100
AcDb2dVertex
 10
-664.8455627509029
 20
-68.97839215670683
 30
0.0
  0
VERTEX
  5
4C5
330
45C
100
AcDbEntity
  8
4_ANYTOOL_CUTTHROUGH_OUTSI
100
AcDbVertex
100
AcDb2dVertex
 10
-664.8455627509102
 20
-92.72839215670683
 30
0.0
  0
VERTEX
  5
4C6
330
45C
100
AcDbEntity
  8
4_ANYTOOL_CUTTHROUGH_OUTSI
100
AcDbVertex
100
AcDb2dVertex
 10
-1135.154437252597
 20
-92.72839215631393
 30
0.0
  0
VERTEX
  5
4C7
330
45C
100
AcDbEntity
  8
4_ANYTOOL_CUTTHROUGH_OUTSI
100
AcDbVertex
100
AcDb2dVertex
 10
-1135.154437252597
 20
-68.97839215631393
 30
0.0
 42
0.4142135624156989
  0
VERTEX
  5
4C8
330
45C
100
AcDbEntity
  8
4_ANYTOOL_CUTTHROUGH_OUTSI
100
AcDbVertex
100
AcDb2dVertex
 10
-1135.404437252597
 20
-68.72839215630665
 30
0.0
  0
VERTEX
  5
4C9
330
45C
100
AcDbEntity
  8
4_ANYTOOL_CUTTHROUGH_OUTSI
100
AcDbVertex
100
AcDb2dVertex
 10
-1147.404437252597
 20
-68.72839215631393
 30
0.0
 42
0.4142135623899714
  0
VERTEX
  5
4CA
330
45C
100
AcDbEntity
  8
4_ANYTOOL_CUTTHROUGH_OUTSI
100
AcDbVertex
100
AcDb2dVertex
 10
-1147.654437252597
 20
-68.97839215631393
 30
0.0
  0
VERTEX
  5
4CB
330
45C
100
AcDbEntity
  8
4_ANYTOOL_CUTTHROUGH_OUTSI
100
AcDbVertex
100
AcDb2dVertex
 10
-1147.654437252597
 20
-74.72839215631393
 30
0.0
  0
VERTEX
  5
4CC
330
45C
100
AcDbEntity
  8
4_ANYTOOL_CUTTHROUGH_OUTSI
100
AcDbVertex
100
AcDb2dVertex
 10
-1163.750000000786
 20
-74.7283921562921
 30
0.0
  0
VERTEX
  5
4CD
330
45C
100
AcDbEntity
  8
4_ANYTOOL_CUTTHROUGH_OUTSI
100
AcDbVertex
100
AcDb2dVertex
 10
-1163.750000000779
 20
-71.22839215583372
 30
0.0
  0
VERTEX
  5
4CE
330
45C
100
AcDbEntity
  8
4_ANYTOOL_CUTTHROUGH_OUTSI
100
AcDbVertex
100
AcDb2dVertex
 10
-1158.000000000779
 20
-71.22839215583372
 30
0.0
 42
0.4142135623899714
  0
VERTEX
  5
4CF
330
45C
100
AcDbEntity
  8
4_ANYTOOL_CUTTHROUGH_OUTSI
100
AcDbVertex
100
AcDb2dVertex
 10
-1157.750000000779
 20
-70.97839215583372
 30
0.0
  0
VERTEX
  5
4D0
330
45C
100
AcDbEntity
  8
4_ANYTOOL_CUTTHROUGH_OUTSI
100
AcDbVertex
100
AcDb2dVertex
 10
-1157.750000000779
 20
-58.97839215583372
 30
0.0
 42
0.414213562373048
  0
VERTEX
  5
4D1
330
45C
100
AcDbEntity
  8
4_ANYTOOL_CUTTHROUGH_OUTSI
100
AcDbVertex
100
AcDb2dVertex
 10
-1158.000000000779
 20
-58.72839215583372
 30
0.0
  0
VERTEX
  5
4D2
330
45C
100
AcDbEntity
  8
4_ANYTOOL_CUTTHROUGH_OUTSI
100
AcDbVertex
100
AcDb2dVertex
 10
-1181.750000000851
 20
-58.72839215581917
 30
0.0
  0
VERTEX
  5
4D3
330
45C
100
AcDbEntity
  8
4_ANYTOOL_CUTTHROUGH_OUTSI
100
AcDbVertex
100
AcDb2dVertex
 10
-1181.750000000837
 20
-27.13939215591381
 30
0.0
  0
VERTEX
  5
4D4
330
45C
100
AcDbEntity
  8
4_ANYTOOL_CUTTHROUGH_OUTSI
100
AcDbVertex
100
AcDb2dVertex
 10
-1158.000000000771
 20
-27.13939215592836
 30
0.0
 42
0.4142135623899744
  0
VERTEX
  5
4D5
330
45C
100
AcDbEntity
  8
4_ANYTOOL_CUTTHROUGH_OUTSI
100
AcDbVertex
100
AcDb2dVertex
 10
-1157.750000000771
 20
-26.88939215592836
 30
0.0
  0
VERTEX
  5
4D6
330
45C
100
AcDbEntity
  8
4_ANYTOOL_CUTTHROUGH_OUTSI
100
AcDbVertex
100
AcDb2dVertex
 10
-1157.750000000771
 20
-14.88939215592836
 30
0.0
 42
0.4142135624156881
  0
VERTEX
  5
4D7
330
45C
100
AcDbEntity
  8
4_ANYTOOL_CUTTHROUGH_OUTSI
100
AcDbVertex
100
AcDb2dVertex
 10
-1158.000000000771
 20
-14.63939215592109
 30
0.0
  0
VERTEX
  5
4D8
330
45C
100
AcDbEntity
  8
4_ANYTOOL_CUTTHROUGH_OUTSI
100
AcDbVertex
100
AcDb2dVertex
 10
-1163.750000000771
 20
-14.63939215592836
 30
0.0
  0
VERTEX
  5
4D9
330
45C
100
AcDbEntity
  8
4_ANYTOOL_CUTTHROUGH_OUTSI
100
AcDbVertex
100
AcDb2dVertex
 10
-1163.750000000771
 20
-1.228392155986512
 30
0.0
  0
VERTEX
  5
4DA
330
45C
100
AcDbEntity
  8
4_ANYTOOL_CUTTHROUGH_OUTSI
100
AcDbVertex
100
AcDb2dVertex
 10
-1158.000000000771
 20
-1.228392155993788
 30
0.0
 42
0.4142135623817088
  0
VERTEX
  5
4DB
330
45C
100
AcDbEntity
  8
4_ANYTOOL_CUTTHROUGH_OUTSI
100
AcDbVertex
100
AcDb2dVertex
 10
-1157.750000000779
 20
-0.978392155993788
 30
0.0
  0
VERTEX
  5
4DC
330
45C
100
AcDbEntity
  8
4_ANYTOOL_CUTTHROUGH_OUTSI
100
AcDbVertex
100
AcDb2dVertex
 10
-1157.750000000764
 20
11.02160784400621
 30
0.0
 42
0.4142135623562348
  0
VERTEX
  5
4DD
330
45C
100
AcDbEntity
  8
4_ANYTOOL_CUTTHROUGH_OUTSI
100
AcDbVertex
100
AcDb2dVertex
 10
-1158.000000000764
 20
11.27160784400621
 30
0.0
  0
VERTEX
  5
4DE
330
45C
100
AcDbEntity
  8
4_ANYTOOL_CUTTHROUGH_OUTSI
100
AcDbVertex
100
AcDb2dVertex
 10
-1181.75000000083
 20
11.27160784402804
 30
0.0
  0
VERTEX
  5
4DF
330
45C
100
AcDbEntity
  8
4_ANYTOOL_CUTTHROUGH_OUTSI
100
AcDbVertex
100
AcDb2dVertex
 10
-1181.750000000764
 20
45.771607843948
 30
0.0
  0
VERTEX
  5
4E0
330
45C
100
AcDbEntity
  8
4_ANYTOOL_CUTTHROUGH_OUTSI
100
AcDbVertex
100
AcDb2dVertex
 10
-1158.00000000075
 20
45.77160784393345
 30
0.0
 42
0.4142135624074116
  0
VERTEX
  5
4E1
330
45C
100
AcDbEntity
  8
4_ANYTOOL_CUTTHROUGH_OUTSI
100
AcDbVertex
100
AcDb2dVertex
 10
-1157.75000000075
 20
46.02160784393345
 30
0.0
  0
VERTEX
  5
4E2
330
45C
100
AcDbEntity
  8
4_ANYTOOL_CUTTHROUGH_OUTSI
100
AcDbVertex
100
AcDb2dVertex
 10
-1157.750000000742
 20
58.02160784392618
 30
0.0
 42
0.414213562321855
  0
VERTEX
  5
4E3
330
45C
100
AcDbEntity
  8
4_ANYTOOL_CUTTHROUGH_OUTSI
100
AcDbVertex
100
AcDb2dVertex
 10
-1158.000000000742
 20
58.27160784392618
 30
0.0
  0
VERTEX
  5
4E4
330
45C
100
AcDbEntity
  8
4_ANYTOOL_CUTTHROUGH_OUTSI
100
AcDbVertex
100
AcDb2dVertex
 10
-1163.750000000793
 20
58.27160784392618
 30
0.0
  0
VERTEX
  5
4E5
330
45C
100
AcDbEntity
  8
4_ANYTOOL_CUTTHROUGH_OUTSI
100
AcDbVertex
100
AcDb2dVertex
 10
-1163.75000000318
 20
74.77160784211446
 30
0.0
  0
VERTEX
  5
4E6
330
45C
100
AcDbEntity
  8
4_ANYTOOL_CUTTHROUGH_OUTSI
100
AcDbVertex
100
AcDb2dVertex
 10
-1147.654437257486
 20
74.77160784214357
 30
0.0
  0
VERTEX
  5
4E7
330
45C
100
AcDbEntity
  8
4_ANYTOOL_CUTTHROUGH_OUTSI
100
AcDbVertex
100
AcDb2dVertex
 10
-1147.654437257486
 20
69.02160784214357
 30
0.0
 42
0.4142135623562348
  0
VERTEX
  5
4E8
330
45C
100
AcDbEntity
  8
4_ANYTOOL_CUTTHROUGH_OUTSI
100
AcDbVertex
100
AcDb2dVertex
 10
-1147.404437257486
 20
68.77160784214357
 30
0.0
  0
VERTEX
  5
4E9
330
45C
100
AcDbEntity
  8
4_ANYTOOL_CUTTHROUGH_OUTSI
100
AcDbVertex
100
AcDb2dVertex
 10
-1135.404437257486
 20
68.77160784214357
 30
0.0
 42
0.4142135623731421
  0
VERTEX
  5
4EA
330
45C
100
AcDbEntity
  8
4_ANYTOOL_CUTTHROUGH_OUTSI
100
AcDbVertex
100
AcDb2dVertex
 10
-1135.154437257486
 20
69.02160784214357
 30
0.0
  0
VERTEX
  5
4EB
330
45C
100
AcDbEntity
  8
4_ANYTOOL_CUTTHROUGH_OUTSI
100
AcDbVertex
100
AcDb2dVertex
 10
-1135.154437257486
 20
92.7716078429803
 30
0.0
  0
VERTEX
  5
4EC
330
45C
100
AcDbEntity
  8
4_ANYTOOL_CUTTHROUGH_OUTSI
100
AcDbVertex
100
AcDb2dVertex
 10
-664.8455627557996
 20
92.77160784300213
 30
0.0
  0
VERTEX
  5
4ED
330
45C
100
AcDbEntity
  8
4_ANYTOOL_CUTTHROUGH_OUTSI
100
AcDbVertex
100
AcDb2dVertex
 10
-664.8455627557996
 20
69.02160784253647
 30
0.0
 42
0.4142135623475968
  0
VERTEX
  5
4EE
330
45C
100
AcDbEntity
  8
4_ANYTOOL_CUTTHROUGH_OUTSI
100
AcDbVertex
100
AcDb2dVertex
 10
-664.5955627557996
 20
68.77160784254374
 30
0.0
  0
VERTEX
  5
4EF
330
45C
100
AcDbEntity
  8
4_ANYTOOL_CUTTHROUGH_OUTSI
100
AcDbVertex
100
AcDb2dVertex
 10
-652.5955627557996
 20
68.77160784253647
 30
0.0
 42
0.4142135623475819
  0
VERTEX
  5
4F0
330
45C
100
AcDbEntity
  8
4_ANYTOOL_CUTTHROUGH_OUTSI
100
AcDbVertex
100
AcDb2dVertex
 10
-652.3455627557923
 20
69.02160784253647
 30
0.0
  0
VERTEX
  5
4F1
330
45C
100
AcDbEntity
  8
4_ANYTOOL_CUTTHROUGH_OUTSI
100
AcDbVertex
100
AcDb2dVertex
 10
-652.3455627557996
 20
74.77160784253647
 30
0.0
  0
VERTEX
  5
4F2
330
45C
100
AcDbEntity
  8
4_ANYTOOL_CUTTHROUGH_OUTSI
100
AcDbVertex
100
AcDb2dVertex
 10
-642.9044372588396
 20
74.77160784256557
 30
0.0
  0
VERTEX
  5
4F3
330
45C
100
AcDbEntity
  8
4_ANYTOOL_CUTTHROUGH_OUTSI
100
AcDbVertex
100
AcDb2dVertex
 10
-642.9044372588396
 20
69.02160784256557
 30
0.0
 42
0.4142135623902378
  0
VERTEX
  5
4F4
330
45C
100
AcDbEntity
  8
4_ANYTOOL_CUTTHROUGH_OUTSI
100
AcDbVertex
100
AcDb2dVertex
 10
-642.6544372588396
 20
68.77160784256557
 30
0.0
  0
VERTEX
  5
4F5
330
45C
100
AcDbEntity
  8
4_ANYTOOL_CUTTHROUGH_OUTSI
100
AcDbVertex
100
AcDb2dVertex
 10
-630.6544372588396
 20
68.77160784256557
 30
0.0
 42
0.4142135623987024
  0
VERTEX
  5
4F6
330
45C
100
AcDbEntity
  8
4_ANYTOOL_CUTTHROUGH_OUTSI
100
AcDbVertex
100
AcDb2dVertex
 10
-630.4044372588469
 20
69.02160784256557
 30
0.0
  0
VERTEX
  5
4F7
330
45C
100
AcDbEntity
  8
4_ANYTOOL_CUTTHROUGH_OUTSI
100
AcDbVertex
100
AcDb2dVertex
 10
-630.4044372588396
 20
92.77160784300213
 30
0.0
  0
VERTEX
  5
4F8
330
45C
100
AcDbEntity
  8
4_ANYTOOL_CUTTHROUGH_OUTSI
100
AcDbVertex
100
AcDb2dVertex
 10
-569.595562754439
 20
92.7716078430094
 30
0.0
  0
VERTEX
  5
4F9
330
45C
100
AcDbEntity
  8
4_ANYTOOL_CUTTHROUGH_OUTSI
100
AcDbVertex
100
AcDb2dVertex
 10
-569.595562754439
 20
69.0216078426165
 30
0.0
 42
0.4142135623902378
  0
VERTEX
  5
4FA
330
45C
100
AcDbEntity
  8
4_ANYTOOL_CUTTHROUGH_OUTSI
100
AcDbVertex
100
AcDb2dVertex
 10
-569.345562754439
 20
68.7716078426165
 30
0.0
  0
VERTEX
  5
4FB
330
45C
100
AcDbEntity
  8
4_ANYTOOL_CUTTHROUGH_OUTSI
100
AcDbVertex
100
AcDb2dVertex
 10
-557.345562754439
 20
68.7716078426165
 30
0.0
 42
0.4142135624157373
  0
VERTEX
  5
4FC
330
45C
100
AcDbEntity
  8
4_ANYTOOL_CUTTHROUGH_OUTSI
100
AcDbVertex
100
AcDb2dVertex
 10
-557.0955627544317
 20
69.0216078426165
 30
0.0
  0
VERTEX
  5
4FD
330
45C
100
AcDbEntity
  8
4_ANYTOOL_CUTTHROUGH_OUTSI
100
AcDbVertex
100
AcDb2dVertex
 10
-557.095562754439
 20
74.7716078426165
 30
0.0
  0
VERTEX
  5
4FE
330
45C
100
AcDbEntity
  8
4_ANYTOOL_CUTTHROUGH_OUTSI
100
AcDbVertex
100
AcDb2dVertex
 10
-547.654437257479
 20
74.77160784264561
 30
0.0
  0
VERTEX
  5
4FF
330
45C
100
AcDbEntity
  8
4_ANYTOOL_CUTTHROUGH_OUTSI
100
AcDbVertex
100
AcDb2dVertex
 10
-547.654437257479
 20
69.02160784264561
 30
0.0
 42
0.414213562373048
  0
VERTEX
  5
500
330
45C
100
AcDbEntity
  8
4_ANYTOOL_CUTTHROUGH_OUTSI
100
AcDbVertex
100
AcDb2dVertex
 10
-547.404437257479
 20
68.77160784264561
 30
0.0
  0
VERTEX
  5
501
330
45C
100
AcDbEntity
  8
4_ANYTOOL_CUTTHROUGH_OUTSI
100
AcDbVertex
100
AcDb2dVertex
 10
-535.404437257479
 20
68.77160784264561
 30
0.0
 42
0.4142135623900495
  0
VERTEX
  5
502
330
45C
100
AcDbEntity
  8
4_ANYTOOL_CUTTHROUGH_OUTSI
100
AcDbVertex
100
AcDb2dVertex
 10
-535.154437257479
 20
69.02160784264561
 30
0.0
  0
VERTEX
  5
503
330
45C
100
AcDbEntity
  8
4_ANYTOOL_CUTTHROUGH_OUTSI
100
AcDbVertex
100
AcDb2dVertex
 10
-535.154437257479
 20
92.7716078430094
 30
0.0
  0
VERTEX
  5
504
330
45C
100
AcDbEntity
  8
4_ANYTOOL_CUTTHROUGH_OUTSI
100
AcDbVertex
100
AcDb2dVertex
 10
-64.84556275579962
 20
92.77160784302396
 30
0.0
  0
VERTEX
  5
505
330
45C
100
AcDbEntity
  8
4_ANYTOOL_CUTTHROUGH_OUTSI
100
AcDbVertex
100
AcDb2dVertex
 10
-64.84556275579962
 20
69.02160784303123
 30
0.0
 42
0.4142135623475143
  0
VERTEX
  5
506
330
45C
100
AcDbEntity
  8
4_ANYTOOL_CUTTHROUGH_OUTSI
100
AcDbVertex
100
AcDb2dVertex
 10
-64.59556275579962
 20
68.77160784303851
 30
0.0
  0
VERTEX
  5
507
330
45C
100
AcDbEntity
  8
4_ANYTOOL_CUTTHROUGH_OUTSI
100
AcDbVertex
100
AcDb2dVertex
 10
-52.59556275579962
 20
68.77160784303123
 30
0.0
 42
0.4142135623475112
  0
VERTEX
  5
508
330
45C
100
AcDbEntity
  8
4_ANYTOOL_CUTTHROUGH_OUTSI
100
AcDbVertex
100
AcDb2dVertex
 10
-52.34556275579234
 20
69.02160784303123
 30
0.0
  0
VERTEX
  5
509
330
45C
100
AcDbEntity
  8
4_ANYTOOL_CUTTHROUGH_OUTSI
100
AcDbVertex
100
AcDb2dVertex
 10
-52.34556275579962
 20
74.77160784303123
 30
0.0
  0
VERTEX
  5
50A
330
45C
100
AcDbEntity
  8
4_ANYTOOL_CUTTHROUGH_OUTSI
100
AcDbVertex
100
AcDb2dVertex
 10
-42.90443725883961
 20
74.77160784306034
 30
0.0
  0
VERTEX
  5
50B
330
45C
100
AcDbEntity
  8
4_ANYTOOL_CUTTHROUGH_OUTSI
100
AcDbVertex
100
AcDb2dVertex
 10
-42.90443725883961
 20
69.02160784306034
 30
0.0
 42
0.4142135623560464
  0
VERTEX
  5
50C
330
45C
100
AcDbEntity
  8
4_ANYTOOL_CUTTHROUGH_OUTSI
100
AcDbVertex
100
AcDb2dVertex
 10
-42.65443725883961
 20
68.77160784306034
 30
0.0
  0
VERTEX
  5
50D
330
45C
100
AcDbEntity
  8
4_ANYTOOL_CUTTHROUGH_OUTSI
100
AcDbVertex
100
AcDb2dVertex
 10
-30.65443725883961
 20
68.77160784306034
 30
0.0
 42
0.4142135623304862
  0
VERTEX
  5
50E
330
45C
100
AcDbEntity
  8
4_ANYTOOL_CUTTHROUGH_OUTSI
100
AcDbVertex
100
AcDb2dVertex
 10
-30.40443725883233
 20
69.02160784306034
 30
0.0
  0
VERTEX
  5
50F
330
45C
100
AcDbEntity
  8
4_ANYTOOL_CUTTHROUGH_OUTSI
100
AcDbVertex
100
AcDb2dVertex
 10
-30.40443725883961
 20
92.77160784302396
 30
0.0
  0
VERTEX
  5
510
330
45C
100
AcDbEntity
  8
4_ANYTOOL_CUTTHROUGH_OUTSI
100
AcDbVertex
100
AcDb2dVertex
 10
30.40443724411307
 20
92.77160784303123
 30
0.0
  0
VERTEX
  5
511
330
45C
100
AcDbEntity
  8
4_ANYTOOL_CUTTHROUGH_OUTSI
100
AcDbVertex
100
AcDb2dVertex
 10
30.40443724411307
 20
69.02160784311127
 30
0.0
 42
0.4142135623901467
  0
VERTEX
  5
512
330
45C
100
AcDbEntity
  8
4_ANYTOOL_CUTTHROUGH_OUTSI
100
AcDbVertex
100
AcDb2dVertex
 10
30.65443724411307
 20
68.77160784311127
 30
0.0
  0
VERTEX
  5
513
330
45C
100
AcDbEntity
  8
4_ANYTOOL_CUTTHROUGH_OUTSI
100
AcDbVertex
100
AcDb2dVertex
 10
42.65443724411307
 20
68.77160784311127
 30
0.0
 42
0.414213562398679
  0
VERTEX
  5
514
330
45C
100
AcDbEntity
  8
4_ANYTOOL_CUTTHROUGH_OUTSI
100
AcDbVertex
100
AcDb2dVertex
 10
42.90443724410579
 20
69.02160784311127
 30
0.0
  0
VERTEX
  5
515
330
45C
100
AcDbEntity
  8
4_ANYTOOL_CUTTHROUGH_OUTSI
100
AcDbVertex
100
AcDb2dVertex
 10
42.90443724411307
 20
74.77160784311127
 30
0.0
  0
VERTEX
  5
516
330
45C
100
AcDbEntity
  8
4_ANYTOOL_CUTTHROUGH_OUTSI
100
AcDbVertex
100
AcDb2dVertex
 10
52.34556274107308
 20
74.77160784314037
 30
0.0
  0
VERTEX
  5
517
330
45C
100
AcDbEntity
  8
4_ANYTOOL_CUTTHROUGH_OUTSI
100
AcDbVertex
100
AcDb2dVertex
 10
52.34556274107308
 20
69.02160784314037
 30
0.0
 42
0.4142135623816233
  0
VERTEX
  5
518
330
45C
100
AcDbEntity
  8
4_ANYTOOL_CUTTHROUGH_OUTSI
100
AcDbVertex
100
AcDb2dVertex
 10
52.59556274107308
 20
68.77160784314765
 30
0.0
  0
VERTEX
  5
519
330
45C
100
AcDbEntity
  8
4_ANYTOOL_CUTTHROUGH_OUTSI
100
AcDbVertex
100
AcDb2dVertex
 10
64.59556274107308
 20
68.77160784314037
 30
0.0
 42
0.4142135623389996
  0
VERTEX
  5
51A
330
45C
100
AcDbEntity
  8
4_ANYTOOL_CUTTHROUGH_OUTSI
100
AcDbVertex
100
AcDb2dVertex
 10
64.84556274108763
 20
69.02160784314037
 30
0.0
  0
VERTEX
  5
51B
330
45C
100
AcDbEntity
  8
4_ANYTOOL_CUTTHROUGH_OUTSI
100
AcDbVertex
100
AcDb2dVertex
 10
64.84556274107308
 20
92.77160784303851
 30
0.0
  0
VERTEX
  5
51C
330
45C
100
AcDbEntity
  8
4_ANYTOOL_CUTTHROUGH_OUTSI
100
AcDbVertex
100
AcDb2dVertex
 10
535.1544372427597
 20
92.77160784305306
 30
0.0
  0
VERTEX
  5
51D
330
45C
100
AcDbEntity
  8
4_ANYTOOL_CUTTHROUGH_OUTSI
100
AcDbVertex
100
AcDb2dVertex
 10
535.1544372427597
 20
69.021607843526
 30
0.0
 42
0.4142135623475968
  0
VERTEX
  5
51E
330
45C
100
AcDbEntity
  8
4_ANYTOOL_CUTTHROUGH_OUTSI
100
AcDbVertex
100
AcDb2dVertex
 10
535.4044372427597
 20
68.77160784353327
 30
0.0
  0
VERTEX
  5
51F
330
45C
100
AcDbEntity
  8
4_ANYTOOL_CUTTHROUGH_OUTSI
100
AcDbVertex
100
AcDb2dVertex
 10
547.4044372427597
 20
68.771607843526
 30
0.0
 42
0.4142135623816222
  0
VERTEX
  5
520
330
45C
100
AcDbEntity
  8
4_ANYTOOL_CUTTHROUGH_OUTSI
100
AcDbVertex
100
AcDb2dVertex
 10
547.6544372427525
 20
69.021607843526
 30
0.0
  0
VERTEX
  5
521
330
45C
100
AcDbEntity
  8
4_ANYTOOL_CUTTHROUGH_OUTSI
100
AcDbVertex
100
AcDb2dVertex
 10
547.6544372427597
 20
74.771607843526
 30
0.0
  0
VERTEX
  5
522
330
45C
100
AcDbEntity
  8
4_ANYTOOL_CUTTHROUGH_OUTSI
100
AcDbVertex
100
AcDb2dVertex
 10
557.0955627397198
 20
74.7716078435551
 30
0.0
  0
VERTEX
  5
523
330
45C
100
AcDbEntity
  8
4_ANYTOOL_CUTTHROUGH_OUTSI
100
AcDbVertex
100
AcDb2dVertex
 10
557.0955627397198
 20
69.0216078435551
 30
0.0
 42
0.4142135623561406
  0
VERTEX
  5
524
330
45C
100
AcDbEntity
  8
4_ANYTOOL_CUTTHROUGH_OUTSI
100
AcDbVertex
100
AcDb2dVertex
 10
557.3455627397198
 20
68.7716078435551
 30
0.0
  0
VERTEX
  5
525
330
45C
100
AcDbEntity
  8
4_ANYTOOL_CUTTHROUGH_OUTSI
100
AcDbVertex
100
AcDb2dVertex
 10
569.3455627397198
 20
68.7716078435551
 30
0.0
 42
0.4142135623389507
  0
VERTEX
  5
526
330
45C
100
AcDbEntity
  8
4_ANYTOOL_CUTTHROUGH_OUTSI
100
AcDbVertex
100
AcDb2dVertex
 10
569.5955627397198
 20
69.0216078435551
 30
0.0
  0
VERTEX
  5
527
330
45C
100
AcDbEntity
  8
4_ANYTOOL_CUTTHROUGH_OUTSI
100
AcDbVertex
100
AcDb2dVertex
 10
569.5955627397198
 20
92.77160784305306
 30
0.0
  0
VERTEX
  5
528
330
45C
100
AcDbEntity
  8
4_ANYTOOL_CUTTHROUGH_OUTSI
100
AcDbVertex
100
AcDb2dVertex
 10
630.4044372441131
 20
92.77160784252919
 30
0.0
  0
VERTEX
  5
529
330
45C
100
AcDbEntity
  8
4_ANYTOOL_CUTTHROUGH_OUTSI
100
AcDbVertex
100
AcDb2dVertex
 10
630.4044372441131
 20
69.02160784254374
 30
0.0
 42
0.4142135623902378
  0
VERTEX
  5
52A
330
45C
100
AcDbEntity
  8
4_ANYTOOL_CUTTHROUGH_OUTSI
100
AcDbVertex
100
AcDb2dVertex
 10
630.6544372441131
 20
68.77160784254374
 30
0.0
  0
VERTEX
  5
52B
330
45C
100
AcDbEntity
  8
4_ANYTOOL_CUTTHROUGH_OUTSI
100
AcDbVertex
100
AcDb2dVertex
 10
642.6544372441131
 20
68.77160784254374
 30
0.0
 42
0.4142135623731421
  0
VERTEX
  5
52C
330
45C
100
AcDbEntity
  8
4_ANYTOOL_CUTTHROUGH_OUTSI
100
AcDbVertex
100
AcDb2dVertex
 10
642.9044372441131
 20
69.02160784254374
 30
0.0
  0
VERTEX
  5
52D
330
45C
100
AcDbEntity
  8
4_ANYTOOL_CUTTHROUGH_OUTSI
100
AcDbVertex
100
AcDb2dVertex
 10
642.9044372441131
 20
74.77160784254374
 30
0.0
  0
VERTEX
  5
52E
330
45C
100
AcDbEntity
  8
4_ANYTOOL_CUTTHROUGH_OUTSI
100
AcDbVertex
100
AcDb2dVertex
 10
652.3455627410731
 20
74.77160784257285
 30
0.0
  0
VERTEX
  5
52F
330
45C
100
AcDbEntity
  8
4_ANYTOOL_CUTTHROUGH_OUTSI
100
AcDbVertex
100
AcDb2dVertex
 10
652.3455627410731
 20
69.02160784257285
 30
0.0
 42
0.414213562321855
  0
VERTEX
  5
530
330
45C
100
AcDbEntity
  8
4_ANYTOOL_CUTTHROUGH_OUTSI
100
AcDbVertex
100
AcDb2dVertex
 10
652.5955627410731
 20
68.77160784257285
 30
0.0
  0
VERTEX
  5
531
330
45C
100
AcDbEntity
  8
4_ANYTOOL_CUTTHROUGH_OUTSI
100
AcDbVertex
100
AcDb2dVertex
 10
664.5955627410731
 20
68.77160784257285
 30
0.0
 42
0.414213562364511
  0
VERTEX
  5
532
330
45C
100
AcDbEntity
  8
4_ANYTOOL_CUTTHROUGH_OUTSI
100
AcDbVertex
100
AcDb2dVertex
 10
664.8455627410658
 20
69.02160784257285
 30
0.0
  0
VERTEX
  5
533
330
45C
100
AcDbEntity
  8
4_ANYTOOL_CUTTHROUGH_OUTSI
100
AcDbVertex
100
AcDb2dVertex
 10
664.8455627410731
 20
92.77160784252919
 30
0.0
  0
VERTEX
  5
534
330
45C
100
AcDbEntity
  8
4_ANYTOOL_CUTTHROUGH_OUTSI
100
AcDbVertex
100
AcDb2dVertex
 10
1135.154437247649
 20
92.77160784214357
 30
0.0
  0
VERTEX
  5
535
330
45C
100
AcDbEntity
  8
4_ANYTOOL_CUTTHROUGH_OUTSI
100
AcDbVertex
100
AcDb2dVertex
 10
1135.154437247649
 20
69.02160784214357
 30
0.0
 42
0.4142135623303971
  0
VERTEX
  5
536
330
45C
100
AcDbEntity
  8
4_ANYTOOL_CUTTHROUGH_OUTSI
100
AcDbVertex
100
AcDb2dVertex
 10
1135.404437247649
 20
68.77160784215084
 30
0.0
  0
VERTEX
  5
537
330
45C
100
AcDbEntity
  8
4_ANYTOOL_CUTTHROUGH_OUTSI
100
AcDbVertex
100
AcDb2dVertex
 10
1147.404437247649
 20
68.77160784214357
 30
0.0
 42
0.4142135623816952
  0
VERTEX
  5
538
330
45C
100
AcDbEntity
  8
4_ANYTOOL_CUTTHROUGH_OUTSI
100
AcDbVertex
100
AcDb2dVertex
 10
1147.654437247657
 20
69.02160784214357
 30
0.0
  0
SEQEND
  5
539
330
45C
100
AcDbEntity
  8
4_ANYTOOL_CUTTHROUGH_OUTSI
  0
ENDSEC
  0
SECTION
  2
OBJECTS
  0
DICTIONARY
  5
C
330
0
100
AcDbDictionary
  3
ACAD_GROUP
350
D
  3
ACAD_LAYOUT
350
1A
  3
ACAD_MATERIAL
350
43
  3
ACAD_MLEADERSTYLE
350
5B
  3
ACAD_MLINESTYLE
350
17
  3
ACAD_PLOTSETTINGS
350
19
  3
ACAD_SCALELIST
350
47
  3
ACAD_VISUALSTYLE
350
2A
  3
ACDBHEADERROUNDTRIPXREC
350
53A
  3
ACDBVARIABLEDICTIONARY
350
55B
  3
DWGPROPS
350
562
  0
DICTIONARY
  5
563
330
8
100
AcDbDictionary
280
     1
  3
ACAD_XREC_ROUNDTRIP
360
564
  0
DICTIONARY
  5
D
102
{ACAD_REACTORS
330
C
102
}
330
C
100
AcDbDictionary
  0
DICTIONARY
  5
1A
102
{ACAD_REACTORS
330
C
102
}
330
C
100
AcDbDictionary
  0
DICTIONARY
  5
43
102
{ACAD_REACTORS
330
C
102
}
330
C
100
AcDbDictionary
  3
BYBLOCK
350
45
  3
BYLAYER
350
44
  3
GLOBAL
350
46
  0
DICTIONARY
  5
5B
102
{ACAD_REACTORS
330
C
102
}
330
C
100
AcDbDictionary
  3
STANDARD
350
5C
  0
DICTIONARY
  5
17
102
{ACAD_REACTORS
330
C
102
}
330
C
100
AcDbDictionary
  3
STANDARD
350
18
  0
DICTIONARY
  5
19
102
{ACAD_REACTORS
330
C
102
}
330
C
100
AcDbDictionary
  0
DICTIONARY
  5
47
102
{ACAD_REACTORS
330
C
102
}
330
C
100
AcDbDictionary
  3
A0
350
48
  3
A1
350
49
  3
A2
350
4A
  3
A3
350
4B
  3
A4
350
4C
  3
A5
350
4D
  3
A6
350
4E
  3
A7
350
4F
  3
A8
350
50
  3
A9
350
51
  3
B1
350
52
  3
B2
350
53
  3
B3
350
54
  3
B4
350
55
  3
B5
350
56
  3
B6
350
57
  3
B7
350
58
  0
DICTIONARY
  5
2A
102
{ACAD_REACTORS
330
C
102
}
330
C
100
AcDbDictionary
  3
2DWIREFRAME
350
2F
  3
BASIC
350
32
  3
BRIGHTEN
350
36
  3
COLORCHANGE
350
3A
  3
CONCEPTUAL
350
34
  3
DIM
350
35
  3
EDGECOLOROFF
350
3D
  3
FACEPATTERN
350
39
  3
FLAT
350
2B
  3
FLATWITHEDGES
350
2C
  3
GOURAUD
350
2D
  3
GOURAUDWITHEDGES
350
2E
  3
HIDDEN
350
31
  3
JITTEROFF
350
3B
  3
LINEPATTERN
350
38
  3
OVERHANGOFF
350
3C
  3
REALISTIC
350
33
  3
SHADED
350
42
  3
SHADED_WITH_EDGES
350
41
  3
SHADES_OF_GRAY
350
3E
  3
SKETCHY
350
3F
  3
THICKEN
350
37
  3
WIREFRAME
350
30
  3
X-RAY
350
40
  0
DICTIONARY
  5
53A
102
{ACAD_REACTORS
330
C
102
}
330
C
100
AcDbDictionary
  3
CEPSNID
350
544
  3
CEPSNTYPE
350
543
  3
DIMSTYLEDATA
350
55A
  3
FINGERPRINTGUID
350
545
  3
HYPERLINKBASE
350
53D
  3
INSUNITS
350
542
  3
LAYOUTDICT
350
53F
  3
LWETCUNION
350
541
  3
PLOTSETDICT
350
540
  3
PSVPSCALE
350
547
  3
PUCSBASE
350
54A
  3
PUCSORGBACK
350
550
  3
PUCSORGBOTTOM
350
54C
  3
PUCSORGFRONT
350
54F
  3
PUCSORGLEFT
350
54D
  3
PUCSORGRIGHT
350
54E
  3
PUCSORGTOP
350
54B
  3
PUCSORTHOREF
350
548
  3
PUCSORTHOVIEW
350
549
  3
STYLESHEET
350
53E
  3
TSTACKALIGN
350
53B
  3
TSTACKSIZE
350
53C
  3
UCSBASE
350
553
  3
UCSORGBACK
350
559
  3
UCSORGBOTTOM
350
555
  3
UCSORGFRONT
350
558
  3
UCSORGLEFT
350
556
  3
UCSORGRIGHT
350
557
  3
UCSORGTOP
350
554
  3
UCSORTHOREF
350
551
  3
UCSORTHOVIEW
350
552
  3
VERSIONGUID
350
546
  0
DICTIONARY
  5
55B
102
{ACAD_REACTORS
330
C
102
}
330
C
100
AcDbDictionary
  3
CANNOSCALE
350
565
  3
CMLEADERSTYLE
350
55D
  3
CTABLESTYLE
350
55C
  3
DIMASSOC
350
560
  3
HIDETEXT
350
561
  3
MSLTSCALE
350
566
  0
XRECORD
  5
562
102
{ACAD_REACTORS
330
C
102
}
330
C
100
AcDbXrecord
  1
DWGPROPS COOKIE
  2

  3

  4

  6

  7

  8
clayt
  9

300
=
301
=
302
=
303
=
304
=
305
=
306
=
307
=
308
=
309
=
 40
0.0
 41
2461243.626719977
 42
2461243.626720127
  1

 90
        0
  0
XRECORD
  5
564
102
{ACAD_REACTORS
330
563
102
}
330
563
100
AcDbXrecord
102
VTR_0.000_0.000_1.000_1.000_VISUALSTYLE
340
2F
102
VTR_0.000_0.000_1.000_1.000_GRIDDISPLAY
 70
     3
102
VTR_0.000_0.000_1.000_1.000_GRIDMAJOR
 70
     5
102
VTR_0.000_0.000_1.000_1.000_DEFAULTLIGHTING
280
     1
102
VTR_0.000_0.000_1.000_1.000_DEFAULTLIGHTINGTYPE
 70
     1
102
VTR_0.000_0.000_1.000_1.000_BRIGHTNESS
141
0.0
102
VTR_0.000_0.000_1.000_1.000_CONTRAST
142
0.0
  0
MATERIAL
  5
45
102
{ACAD_REACTORS
330
43
102
}
102
{ACAD_XDICTIONARY
360
569
102
}
330
43
100
AcDbMaterial
  1
BYBLOCK
  0
MATERIAL
  5
44
102
{ACAD_REACTORS
330
43
102
}
102
{ACAD_XDICTIONARY
360
567
102
}
330
43
100
AcDbMaterial
  1
BYLAYER
  0
MATERIAL
  5
46
102
{ACAD_REACTORS
330
43
102
}
102
{ACAD_XDICTIONARY
360
56B
102
}
330
43
100
AcDbMaterial
  1
GLOBAL
  0
ACAD_PROXY_OBJECT
  5
5C
102
{ACAD_REACTORS
330
5B
102
}
330
5B
100
AcDbProxyObject
 90
      499
 91
      505
 93
      610
310
40901902A4063FBFFFFFE056BD1B81E855B9FC0AD7A3703D0AD73F4214DD185B99185C9900AD7A3703D0AC73F90141901A02B5E8DC0F42B1CFC02B5E8DC0F42B1CFE5764000000000000300FC0
340
14
340
0
340
11
340
0
 94
        0
1001
ACAD_MLEADERVER
1070
     2
  0
MLINESTYLE
  5
18
102
{ACAD_REACTORS
330
17
102
}
330
17
100
AcDbMlineStyle
  2
Standard
 70
     0
  3

 62
   256
 51
90.0
 52
90.0
 71
     2
 49
0.5
 62
   256
  6
BYLAYER
 49
-0.5
 62
   256
  6
BYLAYER
  0
ACAD_PROXY_OBJECT
  5
48
102
{ACAD_REACTORS
330
47
102
}
330
47
100
AcDbProxyObject
 90
      499
 91
      503
 93
       41
310
903313A31580
  0
ACAD_PROXY_OBJECT
  5
49
102
{ACAD_REACTORS
330
47
102
}
330
47
100
AcDbProxyObject
 90
      499
 91
      503
 93
      257
310
90E312F31323822203D2031272D3022000000000000200FC000000000000284000
  0
ACAD_PROXY_OBJECT
  5
4A
102
{ACAD_REACTORS
330
47
102
}
330
47
100
AcDbProxyObject
 90
      499
 91
      503
 93
      249
310
90D312F363422203D2031272D3022000000000000240FC000000000000284000
  0
ACAD_PROXY_OBJECT
  5
4B
102
{ACAD_REACTORS
330
47
102
}
330
47
100
AcDbProxyObject
 90
      499
 91
      503
 93
      249
310
90D312F333222203D2031272D3022000000000000280FC000000000000284000
  0
ACAD_PROXY_OBJECT
  5
4C
102
{ACAD_REACTORS
330
47
102
}
330
47
100
AcDbProxyObject
 90
      499
 91
      503
 93
      249
310
90D312F313622203D2031272D30220000000000002C0FC000000000000284000
  0
ACAD_PROXY_OBJECT
  5
4D
102
{ACAD_REACTORS
330
47
102
}
330
47
100
AcDbProxyObject
 90
      499
 91
      503
 93
      249
310
90D332F333222203D2031272D30220000000000002E0FC000000000000284000
  0
ACAD_PROXY_OBJECT
  5
4E
102
{ACAD_REACTORS
330
47
102
}
330
47
100
AcDbProxyObject
 90
      499
 91
      503
 93
      241
310
90C312F3822203D2031272D3022000000000000300FC000000000000284000
  0
ACAD_PROXY_OBJECT
  5
4F
102
{ACAD_REACTORS
330
47
102
}
330
47
100
AcDbProxyObject
 90
      499
 91
      503
 93
      249
310
90D332F313622203D2031272D3022000000000000320FC000000000000284000
  0
ACAD_PROXY_OBJECT
  5
50
102
{ACAD_REACTORS
330
47
102
}
330
47
100
AcDbProxyObject
 90
      499
 91
      503
 93
      241
310
90C312F3422203D2031272D3022000000000000340FC000000000000284000
  0
ACAD_PROXY_OBJECT
  5
51
102
{ACAD_REACTORS
330
47
102
}
330
47
100
AcDbProxyObject
 90
      499
 91
      503
 93
      241
310
90C332F3822203D2031272D3022000000000000360FC000000000000284000
  0
ACAD_PROXY_OBJECT
  5
52
102
{ACAD_REACTORS
330
47
102
}
330
47
100
AcDbProxyObject
 90
      499
 91
      503
 93
      241
310
90C312F3222203D2031272D3022000000000000380FC000000000000284000
  0
ACAD_PROXY_OBJECT
  5
53
102
{ACAD_REACTORS
330
47
102
}
330
47
100
AcDbProxyObject
 90
      499
 91
      503
 93
      241
310
90C332F3422203D2031272D30220000000000003A0FC000000000000284000
  0
ACAD_PROXY_OBJECT
  5
54
102
{ACAD_REACTORS
330
47
102
}
330
47
100
AcDbProxyObject
 90
      499
 91
      503
 93
      161
310
90A3122203D2031272D30224000000000000284000
  0
ACAD_PROXY_OBJECT
  5
55
102
{ACAD_REACTORS
330
47
102
}
330
47
100
AcDbProxyObject
 90
      499
 91
      503
 93
      257
310
90E312D312F3222203D2031272D30220000000000003E0FC000000000000284000
  0
ACAD_PROXY_OBJECT
  5
56
102
{ACAD_REACTORS
330
47
102
}
330
47
100
AcDbProxyObject
 90
      499
 91
      503
 93
      225
310
90A3322203D2031272D302200000000000002100000000000000284000
  0
ACAD_PROXY_OBJECT
  5
57
102
{ACAD_REACTORS
330
47
102
}
330
47
100
AcDbProxyObject
 90
      499
 91
      503
 93
      225
310
90A3622203D2031272D302200000000000006100000000000000284000
  0
ACAD_PROXY_OBJECT
  5
58
102
{ACAD_REACTORS
330
47
102
}
330
47
100
AcDbProxyObject
 90
      499
 91
      503
 93
      249
310
90D31272D3022203D2031272D30220000000000000A100000000000000284000
  0
ACAD_PROXY_OBJECT
  5
2F
102
{ACAD_REACTORS
330
2A
102
}
330
2A
100
AcDbProxyObject
 90
      499
 91
      501
 93
      436
310
42CC9915DA5C99599C985B595049028333333333333E33F0000000000000F90107901411070040501600405405064090741402480A0340
1001
ACAD
1000
AcDbSavedByObjectVersion
1070
     0
  0
ACAD_PROXY_OBJECT
  5
32
102
{ACAD_REACTORS
330
2A
102
}
330
2A
100
AcDbProxyObject
 90
      499
 91
      501
 93
      388
310
4150985CDA58D07406404333333333333E33F0000000000000F90107A41107004050150841D405064090741402480A0350
1001
ACAD
1000
AcDbSavedByObjectVersion
1070
     0
  0
ACAD_PROXY_OBJECT
  5
36
102
{ACAD_REACTORS
330
2A
102
}
330
2A
100
AcDbProxyObject
 90
      499
 91
      501
 93
      428
310
42109C9A59DA1D195B90C409028333333333333E33F0000000000000F9010790141107004050150841D405064090741402480A029950
1001
ACAD
1000
AcDbSavedByObjectVersion
1070
     0
  0
ACAD_PROXY_OBJECT
  5
3A
102
{ACAD_REACTORS
330
2A
102
}
330
2A
100
AcDbProxyObject
 90
      499
 91
      501
 93
      452
310
42D0DBDB1BDC90DA185B99D95104090240C333333333333E33F0000000000000F90108901411070040501508421405064090741402480A0350
1001
ACAD
1000
AcDbSavedByObjectVersion
1070
     0
  0
ACAD_PROXY_OBJECT
  5
34
102
{ACAD_REACTORS
330
2A
102
}
330
2A
100
AcDbProxyObject
 90
      499
 91
      501
 93
      500
310
4290DBDB98D95C1D1D585B10940D028333333333333E33F0000000000000F90107902409070040501000000000018199010841D405064090740C02480A0340
1001
ACAD
1000
AcDbSavedByObjectVersion
1070
     0
  0
ACAD_PROXY_OBJECT
  5
35
102
{ACAD_REACTORS
330
2A
102
}
330
2A
100
AcDbProxyObject
 90
      499
 91
      501
 93
      412
310
40D11A5B50B409028333333333333E33F0000000000000F9010790141107004050150841D405064090741402480A02677FFFFFD0
1001
ACAD
1000
AcDbSavedByObjectVersion
1070
     0
  0
ACAD_PROXY_OBJECT
  5
3D
102
{ACAD_REACTORS
330
2A
102
}
330
2A
100
AcDbProxyObject
 90
      499
 91
      501
 93
      452
310
43115919D950DBDB1BDC93D999916409028333333333333E33F0000000000000F9010790141107004050150841D405064090741402480A0350
1001
ACAD
1000
AcDbSavedByObjectVersion
1070
     0
  0
ACAD_PROXY_OBJECT
  5
39
102
{ACAD_REACTORS
330
2A
102
}
330
2A
100
AcDbProxyObject
 90
      499
 91
      501
 93
      444
310
42D19858D95C185D1D195C9B90F409028333333333333E33F0000000000000F9010790141107004050150841D405064090741402480A0350
1001
ACAD
1000
AcDbSavedByObjectVersion
1070
     0
  0
ACAD_PROXY_OBJECT
  5
2B
102
{ACAD_REACTORS
330
2A
102
}
330
2A
100
AcDbProxyObject
 90
      499
 91
      501
 93
      380
310
41119B185D240901404333333333333E33F0000000000000F9010740A907004050150841D405064090741402480A1B50
1001
ACAD
1000
AcDbSavedByObjectVersion
1070
     0
  0
ACAD_PROXY_OBJECT
  5
2C
102
{ACAD_REACTORS
330
2A
102
}
330
2A
100
AcDbProxyObject
 90
      499
 91
      501
 93
      468
310
43519B185D15DA5D1A115919D95CD0140901404333333333333E33F0000000000000F90107409019070040501600405405064090741402480A1B50
1001
ACAD
1000
AcDbSavedByObjectVersion
1070
     0
  0
ACAD_PROXY_OBJECT
  5
2D
102
{ACAD_REACTORS
330
2A
102
}
330
2A
100
AcDbProxyObject
 90
      499
 91
      501
 93
      404
310
41D1DBDD5C985D5910240902404333333333333E33F0000000000000F9010740A9070040501641D405064090741402480A1B50
1001
ACAD
1000
AcDbSavedByObjectVersion
1070
     0
  0
ACAD_PROXY_OBJECT
  5
2E
102
{ACAD_REACTORS
330
2A
102
}
330
2A
100
AcDbProxyObject
 90
      499
 91
      501
 93
      492
310
4411DBDD5C985D5915DA5D1A115919D95CD0340902404333333333333E33F0000000000000F90107409019070040501600405405064090741402480A1B50
1001
ACAD
1000
AcDbSavedByObjectVersion
1070
     0
  0
ACAD_PROXY_OBJECT
  5
31
102
{ACAD_REACTORS
330
2A
102
}
330
2A
100
AcDbProxyObject
 90
      499
 91
      501
 93
      476
310
41921A5919195B90640502408333333333333E33F0000000000000F901079024090700405020000000000001110200405405064090740C02480A0340
1001
ACAD
1000
AcDbSavedByObjectVersion
1070
     0
  0
ACAD_PROXY_OBJECT
  5
3B
102
{ACAD_REACTORS
330
2A
102
}
330
2A
100
AcDbProxyObject
 90
      499
 91
      501
 93
      428
310
42529A5D1D195C93D999914409028333333333333E33F0000000000000F9010790141107004050150A41D405064090741402480A0350
1001
ACAD
1000
AcDbSavedByObjectVersion
1070
     0
  0
ACAD_PROXY_OBJECT
  5
38
102
{ACAD_REACTORS
330
2A
102
}
330
2A
100
AcDbProxyObject
 90
      499
 91
      501
 93
      444
310
42D31A5B995C185D1D195C9B90E409028333333333333E33F0000000000000F9010790141107004050750841D405064090741402483A0350
1001
ACAD
1000
AcDbSavedByObjectVersion
1070
     0
  0
ACAD_PROXY_OBJECT
  5
3C
102
{ACAD_REACTORS
330
2A
102
}
330
2A
100
AcDbProxyObject
 90
      499
 91
      501
 93
      444
310
42D3DD995C9A185B99D3D999915409028333333333333E33F0000000000000F9010790141107004050150941D405064090741402480A0350
1001
ACAD
1000
AcDbSavedByObjectVersion
1070
     0
  0
ACAD_PROXY_OBJECT
  5
33
102
{ACAD_REACTORS
330
2A
102
}
330
2A
100
AcDbProxyObject
 90
      499
 91
      501
 93
      428
310
425499585B1A5CDD1A58D08409038333333333333E33F0000000000000F9010740A907004050150800405405064090740C02480A1B40
1001
ACAD
1000
AcDbSavedByObjectVersion
1070
     0
  0
ACAD_PROXY_OBJECT
  5
42
102
{ACAD_REACTORS
330
2A
102
}
330
2A
100
AcDbProxyObject
 90
      499
 91
      501
 93
      420
310
4194DA1859195911B40902404333333333333E33F0000000000000F9010740A41107004050150800405405064090840C02480A0B40
1001
ACAD
1000
AcDbSavedByObjectVersion
1070
     0
  0
ACAD_PROXY_OBJECT
  5
41
102
{ACAD_REACTORS
330
2A
102
}
330
2A
100
AcDbProxyObject
 90
      499
 91
      501
 93
      516
310
4454DA18591959081DDA5D1A08195919D95CD1A40902404333333333333E33F0000000000000F901074090142907004050250800405405064090740C02480A0B40
1001
ACAD
1000
AcDbSavedByObjectVersion
1070
     0
  0
ACAD_PROXY_OBJECT
  5
3E
102
{ACAD_REACTORS
330
2A
102
}
330
2A
100
AcDbProxyObject
 90
      499
 91
      501
 93
      532
310
4394DA1859195CC81BD98811DC985E5174090240C333333333333E33F0000000000000F901079024090741D01000000000000111010841D405064090740C02480A0340
1001
ACAD
1000
AcDbSavedByObjectVersion
1070
     0
  0
ACAD_PROXY_OBJECT
  5
3F
102
{ACAD_REACTORS
330
2A
102
}
330
2A
100
AcDbProxyObject
 90
      499
 91
      501
 93
      476
310
41D4DAD95D18DA1E51840502408333333333333E33F0000000000000F901079024090741D01000000000000111010B41D405064090741802480A0340
1001
ACAD
1000
AcDbSavedByObjectVersion
1070
     0
  0
ACAD_PROXY_OBJECT
  5
37
102
{ACAD_REACTORS
330
2A
102
}
330
2A
100
AcDbProxyObject
 90
      499
 91
      501
 93
      412
310
41D51A1A58DAD95B90D409028333333333333E33F0000000000000F9010790141107004050150C41D405064090741402480A0350
1001
ACAD
1000
AcDbSavedByObjectVersion
1070
     0
  0
ACAD_PROXY_OBJECT
  5
30
102
{ACAD_REACTORS
330
2A
102
}
330
2A
100
AcDbProxyObject
 90
      499
 91
      501
 93
      420
310
4255DA5C99599C985B595059028333333333333E33F0000000000000F90107901411070040501600405405064090740C02480A0340
1001
ACAD
1000
AcDbSavedByObjectVersion
1070
     0
  0
ACAD_PROXY_OBJECT
  5
40
102
{ACAD_REACTORS
330
2A
102
}
330
2A
100
AcDbProxyObject
 90
      499
 91
      501
 93
      404
310
41560B54985E51940902404000000000000E03F0000000000000F9010740501907004050150841D405064090740C02480A1B40
1001
ACAD
1000
AcDbSavedByObjectVersion
1070
     0
  0
XRECORD
  5
544
102
{ACAD_REACTORS
330
53A
102
}
330
53A
100
AcDbXrecord
340
0
  0
XRECORD
  5
543
102
{ACAD_REACTORS
330
53A
102
}
330
53A
100
AcDbXrecord
 90
        0
  0
XRECORD
  5
55A
102
{ACAD_REACTORS
330
53A
102
}
330
53A
100
AcDbXrecord
1000
DSTYLE
1002
{
1070
   171
 70
     2
1070
   143
 40
25.4
1070
   274
 70
     2
1070
    41
 40
0.18
1070
   141
 40
0.09
1070
   271
 70
     4
1070
    43
 40
0.38
1070
   278
 70
    46
1070
    44
 40
0.18
1070
    42
 40
0.0625
1070
   147
 40
0.09
1070
    77
 70
     0
1070
   272
 70
     4
1070
    73
 70
     1
1070
   279
 70
     2
1070
   172
 70
     0
1070
    74
 70
     1
1070
   283
 70
     1
1070
   340
340
11
1070
   140
 40
0.18
1070
   284
 70
     0
1070
    78
 70
     0
1002
}
  0
XRECORD
  5
545
102
{ACAD_REACTORS
330
53A
102
}
330
53A
100
AcDbXrecord
  1
{93bbb1b8-64d0-4d5e-91a1-41840a36f749}
  0
XRECORD
  5
53D
102
{ACAD_REACTORS
330
53A
102
}
330
53A
100
AcDbXrecord
  1

  0
XRECORD
  5
542
102
{ACAD_REACTORS
330
53A
102
}
330
53A
100
AcDbXrecord
 90
        4
  0
XRECORD
  5
53F
102
{ACAD_REACTORS
330
53A
102
}
330
53A
100
AcDbXrecord
340
1A
  0
XRECORD
  5
541
102
{ACAD_REACTORS
330
53A
102
}
330
53A
100
AcDbXrecord
 90
    10781
  0
XRECORD
  5
540
102
{ACAD_REACTORS
330
53A
102
}
330
53A
100
AcDbXrecord
340
19
  0
XRECORD
  5
547
102
{ACAD_REACTORS
330
53A
102
}
330
53A
100
AcDbXrecord
 40
0.0
  0
XRECORD
  5
54A
102
{ACAD_REACTORS
330
53A
102
}
330
53A
100
AcDbXrecord
340
0
  0
XRECORD
  5
550
102
{ACAD_REACTORS
330
53A
102
}
330
53A
100
AcDbXrecord
 10
0.0
 20
0.0
 30
0.0
  0
XRECORD
  5
54C
102
{ACAD_REACTORS
330
53A
102
}
330
53A
100
AcDbXrecord
 10
0.0
 20
0.0
 30
0.0
  0
XRECORD
  5
54F
102
{ACAD_REACTORS
330
53A
102
}
330
53A
100
AcDbXrecord
 10
0.0
 20
0.0
 30
0.0
  0
XRECORD
  5
54D
102
{ACAD_REACTORS
330
53A
102
}
330
53A
100
AcDbXrecord
 10
0.0
 20
0.0
 30
0.0
  0
XRECORD
  5
54E
102
{ACAD_REACTORS
330
53A
102
}
330
53A
100
AcDbXrecord
 10
0.0
 20
0.0
 30
0.0
  0
XRECORD
  5
54B
102
{ACAD_REACTORS
330
53A
102
}
330
53A
100
AcDbXrecord
 10
0.0
 20
0.0
 30
0.0
  0
XRECORD
  5
548
102
{ACAD_REACTORS
330
53A
102
}
330
53A
100
AcDbXrecord
340
0
  0
XRECORD
  5
549
102
{ACAD_REACTORS
330
53A
102
}
330
53A
100
AcDbXrecord
 70
     0
  0
XRECORD
  5
53E
102
{ACAD_REACTORS
330
53A
102
}
330
53A
100
AcDbXrecord
  1

  0
XRECORD
  5
53B
102
{ACAD_REACTORS
330
53A
102
}
330
53A
100
AcDbXrecord
 90
        1
  0
XRECORD
  5
53C
102
{ACAD_REACTORS
330
53A
102
}
330
53A
100
AcDbXrecord
 90
       70
  0
XRECORD
  5
553
102
{ACAD_REACTORS
330
53A
102
}
330
53A
100
AcDbXrecord
340
0
  0
XRECORD
  5
559
102
{ACAD_REACTORS
330
53A
102
}
330
53A
100
AcDbXrecord
 10
0.0
 20
0.0
 30
0.0
  0
XRECORD
  5
555
102
{ACAD_REACTORS
330
53A
102
}
330
53A
100
AcDbXrecord
 10
0.0
 20
0.0
 30
0.0
  0
XRECORD
  5
558
102
{ACAD_REACTORS
330
53A
102
}
330
53A
100
AcDbXrecord
 10
0.0
 20
0.0
 30
0.0
  0
XRECORD
  5
556
102
{ACAD_REACTORS
330
53A
102
}
330
53A
100
AcDbXrecord
 10
0.0
 20
0.0
 30
0.0
  0
XRECORD
  5
557
102
{ACAD_REACTORS
330
53A
102
}
330
53A
100
AcDbXrecord
 10
0.0
 20
0.0
 30
0.0
  0
XRECORD
  5
554
102
{ACAD_REACTORS
330
53A
102
}
330
53A
100
AcDbXrecord
 10
0.0
 20
0.0
 30
0.0
  0
XRECORD
  5
551
102
{ACAD_REACTORS
330
53A
102
}
330
53A
100
AcDbXrecord
340
0
  0
XRECORD
  5
552
102
{ACAD_REACTORS
330
53A
102
}
330
53A
100
AcDbXrecord
 70
     0
  0
XRECORD
  5
546
102
{ACAD_REACTORS
330
53A
102
}
330
53A
100
AcDbXrecord
  1
{FAEB1C32-E019-11D5-929B-00C0DF256EC4}
  0
DICTIONARYVAR
  5
565
102
{ACAD_REACTORS
330
55B
102
}
330
55B
100
DictionaryVariables
280
     0
  1
1:1
  0
DICTIONARYVAR
  5
55D
102
{ACAD_REACTORS
330
55B
102
}
330
55B
100
DictionaryVariables
280
     0
  1
Standard
  0
DICTIONARYVAR
  5
55C
102
{ACAD_REACTORS
330
55B
102
}
330
55B
100
DictionaryVariables
280
     0
  1
Standard
  0
DICTIONARYVAR
  5
560
102
{ACAD_REACTORS
330
55B
102
}
330
55B
100
DictionaryVariables
280
     0
  1
2
  0
DICTIONARYVAR
  5
561
102
{ACAD_REACTORS
330
55B
102
}
330
55B
100
DictionaryVariables
280
     0
  1
1
  0
DICTIONARYVAR
  5
566
102
{ACAD_REACTORS
330
55B
102
}
330
55B
100
DictionaryVariables
280
     0
  1
1
  0
DICTIONARY
  5
569
330
45
100
AcDbDictionary
280
     1
  3
ACAD_XREC_ROUNDTRIP
360
56A
  0
DICTIONARY
  5
567
330
44
100
AcDbDictionary
280
     1
  3
ACAD_XREC_ROUNDTRIP
360
568
  0
DICTIONARY
  5
56B
330
46
100
AcDbDictionary
280
     1
  3
ACAD_XREC_ROUNDTRIP
360
56C
  0
XRECORD
  5
56A
102
{ACAD_REACTORS
330
569
102
}
330
569
100
AcDbXrecord
102
MATERIAL
148
0.0
149
0.0
149
0.0
 93
        0
 94
      127
282
     0
 72
     1
 77
     1
171
     1
175
     1
179
     1
273
     0
  0
XRECORD
  5
568
102
{ACAD_REACTORS
330
567
102
}
330
567
100
AcDbXrecord
102
MATERIAL
148
0.0
149
0.0
149
0.0
 93
        0
 94
      127
282
     0
 72
     1
 77
     1
171
     1
175
     1
179
     1
273
     0
  0
XRECORD
  5
56C
102
{ACAD_REACTORS
330
56B
102
}
330
56B
100
AcDbXrecord
102
MATERIAL
148
0.0
149
0.0
149
0.0
 93
        0
 94
      127
282
     0
 72
     1
 77
     1
171
     1
175
     1
179
     1
273
     0
  0
ENDSEC
  0
EOF
