  0
SECTION
  2
HEADER
  9
$ACADVER
  1
AC1014
  9
$ACADMAINTVER
 70
     9
  9
$DWGCODEPAGE
  3
ANSI_1252
  9
$INSBASE
 10
0.0
 20
0.0
 30
0.0
  9
$EXTMIN
 10
-415.317928143264
 20
-156.7120950763856
 30
0.0
  9
$EXTMAX
 10
370.1827223015734
 20
142.7879049252297
 30
0.000000000099913
  9
$LIMMIN
 10
0.0
 20
0.0
  9
$LIMMAX
 10
12.0
 20
9.0
  9
$ORTHOMODE
 70
     0
  9
$REGENMODE
 70
     1
  9
$FILLMODE
 70
     1
  9
$QTEXTMODE
 70
     0
  9
$MIRRTEXT
 70
     1
  9
$DRAGMODE
 70
     2
  9
$LTSCALE
 40
1.0
  9
$OSMODE
 70
    37
  9
$ATTMODE
 70
     1
  9
$TEXTSIZE
 40
0.2
  9
$TRACEWID
 40
0.05
  9
$TEXTSTYLE
  7
STANDARD
  9
$CLAYER
  8
0
  9
$CELTYPE
  6
BYLAYER
  9
$CECOLOR
 62
   256
  9
$CELTSCALE
 40
1.0
  9
$DELOBJ
 70
     1
  9
$DISPSILH
 70
     0
  9
$DIMSCALE
 40
1.0
  9
$DIMASZ
 40
0.18
  9
$DIMEXO
 40
0.0625
  9
$DIMDLI
 40
0.38
  9
$DIMRND
 40
0.0
  9
$DIMDLE
 40
0.0
  9
$DIMEXE
 40
0.18
  9
$DIMTP
 40
0.0
  9
$DIMTM
 40
0.0
  9
$DIMTXT
 40
0.18
  9
$DIMCEN
 40
0.09
  9
$DIMTSZ
 40
0.0
  9
$DIMTOL
 70
     0
  9
$DIMLIM
 70
     0
  9
$DIMTIH
 70
     1
  9
$DIMTOH
 70
     1
  9
$DIMSE1
 70
     0
  9
$DIMSE2
 70
     0
  9
$DIMTAD
 70
     0
  9
$DIMZIN
 70
     0
  9
$DIMBLK
  1

  9
$DIMASO
 70
     1
  9
$DIMSHO
 70
     1
  9
$DIMPOST
  1

  9
$DIMAPOST
  1

  9
$DIMALT
 70
     0
  9
$DIMALTD
 70
     2
  9
$DIMALTF
 40
25.4
  9
$DIMLFAC
 40
1.0
  9
$DIMTOFL
 70
     0
  9
$DIMTVP
 40
0.0
  9
$DIMTIX
 70
     0
  9
$DIMSOXD
 70
     0
  9
$DIMSAH
 70
     0
  9
$DIMBLK1
  1

  9
$DIMBLK2
  1

  9
$DIMSTYLE
  2
STANDARD_ACAD
  9
$DIMCLRD
 70
     0
  9
$DIMCLRE
 70
     0
  9
$DIMCLRT
 70
     0
  9
$DIMTFAC
 40
1.0
  9
$DIMGAP
 40
0.09
  9
$DIMJUST
 70
     0
  9
$DIMSD1
 70
     0
  9
$DIMSD2
 70
     0
  9
$DIMTOLJ
 70
     1
  9
$DIMTZIN
 70
     0
  9
$DIMALTZ
 70
     0
  9
$DIMALTTZ
 70
     0
  9
$DIMFIT
 70
     5
  9
$DIMUPT
 70
     0
  9
$DIMUNIT
 70
     2
  9
$DIMDEC
 70
     4
  9
$DIMTDEC
 70
     4
  9
$DIMALTU
 70
     2
  9
$DIMALTTD
 70
     2
  9
$DIMTXSTY
  7
STANDARD
  9
$DIMAUNIT
 70
     0
  9
$LUNITS
 70
     2
  9
$LUPREC
 70
     2
  9
$SKETCHINC
 40
0.1
  9
$FILLETRAD
 40
0.0
  9
$AUNITS
 70
     0
  9
$AUPREC
 70
     0
  9
$MENU
  1
.
  9
$ELEVATION
 40
0.0
  9
$PELEVATION
 40
0.0
  9
$THICKNESS
 40
0.0
  9
$LIMCHECK
 70
     0
  9
$CHAMFERA
 40
0.0
  9
$CHAMFERB
 40
0.0
  9
$CHAMFERC
 40
0.0
  9
$CHAMFERD
 40
0.0
  9
$SKPOLY
 70
     0
  9
$TDCREATE
 40
2461249.516902547
  9
$TDUPDATE
 40
2461249.516902616
  9
$TDINDWG
 40
0.0000000116
  9
$TDUSRTIMER
 40
0.0000000116
  9
$USRTIMER
 70
     1
  9
$ANGBASE
 50
0.0
  9
$ANGDIR
 70
     0
  9
$PDMODE
 70
     0
  9
$PDSIZE
 40
0.0
  9
$PLINEWID
 40
0.0
  9
$COORDS
 70
     1
  9
$SPLFRAME
 70
     0
  9
$SPLINETYPE
 70
     6
  9
$SPLINESEGS
 70
     8
  9
$ATTDIA
 70
     0
  9
$ATTREQ
 70
     1
  9
$HANDLING
 70
     1
  9
$HANDSEED
  5
28E
  9
$SURFTAB1
 70
     6
  9
$SURFTAB2
 70
     6
  9
$SURFTYPE
 70
     6
  9
$SURFU
 70
     6
  9
$SURFV
 70
     6
  9
$UCSNAME
  2

  9
$UCSORG
 10
0.0
 20
0.0
 30
0.0
  9
$UCSXDIR
 10
1.0
 20
0.0
 30
0.0
  9
$UCSYDIR
 10
0.0
 20
1.0
 30
0.0
  9
$PUCSNAME
  2

  9
$PUCSORG
 10
0.0
 20
0.0
 30
0.0
  9
$PUCSXDIR
 10
1.0
 20
0.0
 30
0.0
  9
$PUCSYDIR
 10
0.0
 20
1.0
 30
0.0
  9
$USERI1
 70
     0
  9
$USERI2
 70
     0
  9
$USERI3
 70
     0
  9
$USERI4
 70
     0
  9
$USERI5
 70
     0
  9
$USERR1
 40
0.0
  9
$USERR2
 40
0.0
  9
$USERR3
 40
0.0
  9
$USERR4
 40
0.0
  9
$USERR5
 40
0.0
  9
$WORLDVIEW
 70
     1
  9
$SHADEDGE
 70
     3
  9
$SHADEDIF
 70
    70
  9
$TILEMODE
 70
     1
  9
$MAXACTVP
 70
    64
  9
$PINSBASE
 10
0.0
 20
0.0
 30
0.0
  9
$PLIMCHECK
 70
     0
  9
$PEXTMIN
 10
1.000000000000000E+20
 20
1.000000000000000E+20
 30
1.000000000000000E+20
  9
$PEXTMAX
 10
-1.000000000000000E+20
 20
-1.000000000000000E+20
 30
-1.000000000000000E+20
  9
$PLIMMIN
 10
0.0
 20
0.0
  9
$PLIMMAX
 10
12.0
 20
9.0
  9
$UNITMODE
 70
     0
  9
$VISRETAIN
 70
     1
  9
$PLINEGEN
 70
     0
  9
$PSLTSCALE
 70
     1
  9
$TREEDEPTH
 70
  3020
  9
$PICKSTYLE
 70
     1
  9
$CMLSTYLE
  2
STANDARD
  9
$CMLJUST
 70
     0
  9
$CMLSCALE
 40
1.0
  9
$PROXYGRAPHICS
 70
     1
  9
$MEASUREMENT
 70
     1
  0
ENDSEC
  0
SECTION
  2
CLASSES
  0
CLASS
  1
ACDBDICTIONARYWDFLT
  2
AcDbDictionaryWithDefault
  3
ObjectDBX Classes
 90
        0
280
     0
281
     0
  0
CLASS
  1
VISUALSTYLE
  2
AcDbVisualStyle
  3
ObjectDBX Classes
 90
     4095
280
     0
281
     0
  0
CLASS
  1
MATERIAL
  2
AcDbMaterial
  3
ObjectDBX Classes
 90
     1153
280
     0
281
     0
  0
CLASS
  1
SCALE
  2
AcDbScale
  3
ObjectDBX Classes
 90
     1153
280
     0
281
     0
  0
CLASS
  1
TABLESTYLE
  2
AcDbTableStyle
  3
ObjectDBX Classes
 90
     4095
280
     0
281
     0
  0
CLASS
  1
MLEADERSTYLE
  2
AcDbMLeaderStyle
  3
ACDB_MLEADERSTYLE_CLASS
 90
     4095
280
     0
281
     0
  0
CLASS
  1
SUN
  2
AcDbSun
  3
SCENEOE
 90
     1153
280
     0
281
     0
  0
CLASS
  1
DICTIONARYVAR
  2
AcDbDictionaryVar
  3
ObjectDBX Classes
 90
        0
280
     0
281
     0
  0
CLASS
  1
XRECORD
  2
AcDbXrecord
  3
ObjectDBX Classes
 90
        0
280
     0
281
     0
  0
CLASS
  1
LWPOLYLINE
  2
AcDbPolyline
  3
ObjectDBX Classes
 90
        0
280
     0
281
     1
  0
CLASS
  1
HATCH
  2
AcDbHatch
  3
ObjectDBX Classes
 90
        0
280
     0
281
     1
  0
CLASS
  1
ACDBPLACEHOLDER
  2
AcDbPlaceHolder
  3
ObjectDBX Classes
 90
        0
280
     0
281
     0
  0
CLASS
  1
LAYOUT
  2
AcDbLayout
  3
ObjectDBX Classes
 90
        0
280
     0
281
     0
  0
ENDSEC
  0
SECTION
  2
TABLES
  0
TABLE
  2
VPORT
  5
8
102
{ACAD_XDICTIONARY
360
283
102
}
330
0
100
AcDbSymbolTable
 70
     1
  0
VPORT
  5
29
330
8
100
AcDbSymbolTableRecord
100
AcDbViewportTableRecord
  2
*ACTIVE
 70
     0
 10
0.0
 20
0.0
 11
1.0
 21
1.0
 12
10.42990654205607
 22
4.5
 13
0.0
 23
0.0
 14
0.5
 24
0.5
 15
0.5
 25
0.5
 16
0.0
 26
0.0
 36
1.0
 17
0.0
 27
0.0
 37
0.0
 40
9.0
 41
1.972972972850329
 42
50.0
 43
0.0
 44
0.0
 50
0.0
 51
0.0
 71
     0
 72
   100
 73
     1
 74
     3
 75
     0
 76
     0
 77
     0
 78
     0
  0
ENDTAB
  0
TABLE
  2
LTYPE
  5
5
330
0
100
AcDbSymbolTable
 70
     1
  0
LTYPE
  5
14
330
5
100
AcDbSymbolTableRecord
100
AcDbLinetypeTableRecord
  2
BYBLOCK
 70
     0
  3

 72
    65
 73
     0
 40
0.0
  0
LTYPE
  5
15
330
5
100
AcDbSymbolTableRecord
100
AcDbLinetypeTableRecord
  2
BYLAYER
 70
     0
  3

 72
    65
 73
     0
 40
0.0
  0
LTYPE
  5
16
330
5
100
AcDbSymbolTableRecord
100
AcDbLinetypeTableRecord
  2
CONTINUOUS
 70
     0
  3
Solid line
 72
    65
 73
     0
 40
0.0
  0
ENDTAB
  0
TABLE
  2
LAYER
  5
2
330
0
100
AcDbSymbolTable
 70
     4
  0
LAYER
  5
10
330
2
100
AcDbSymbolTableRecord
100
AcDbLayerTableRecord
  2
0
 70
     0
 62
     7
  6
CONTINUOUS
  0
LAYER
  5
5F
330
2
100
AcDbSymbolTableRecord
100
AcDbLayerTableRecord
  2
1_ANYTOOL_1MMDEEP_LABELS_S
 70
     0
 62
     2
  6
CONTINUOUS
  0
LAYER
  5
1D2
330
2
100
AcDbSymbolTableRecord
100
AcDbLayerTableRecord
  2
5_ANYTOOL_HALF_MILL_9MM_IN
 70
     0
 62
     3
  6
CONTINUOUS
  0
LAYER
  5
1E5
330
2
100
AcDbSymbolTableRecord
100
AcDbLayerTableRecord
  2
4_ANYTOOL_CUTTHROUGH_OUTSI
 70
     0
 62
     5
  6
CONTINUOUS
  0
ENDTAB
  0
TABLE
  2
STYLE
  5
3
330
0
100
AcDbSymbolTable
 70
     1
  0
STYLE
  5
11
330
3
100
AcDbSymbolTableRecord
100
AcDbTextStyleTableRecord
  2
STANDARD
 70
     0
 40
0.0
 41
1.0
 50
0.0
 71
     0
 42
0.2
  3
txt
  4

  0
ENDTAB
  0
TABLE
  2
VIEW
  5
6
330
0
100
AcDbSymbolTable
 70
     0
  0
ENDTAB
  0
TABLE
  2
UCS
  5
7
330
0
100
AcDbSymbolTable
 70
     0
  0
ENDTAB
  0
TABLE
  2
APPID
  5
9
330
0
100
AcDbSymbolTable
 70
     3
  0
APPID
  5
12
330
9
100
AcDbSymbolTableRecord
100
AcDbRegAppTableRecord
  2
ACAD
 70
     0
  0
APPID
  5
5E
330
9
100
AcDbSymbolTableRecord
100
AcDbRegAppTableRecord
  2
RHINO
 70
     0
  0
APPID
  5
28D
330
9
100
AcDbSymbolTableRecord
100
AcDbRegAppTableRecord
  2
ACAD_MLEADERVER
 70
     0
  0
ENDTAB
  0
TABLE
  2
DIMSTYLE
  5
A
330
0
100
AcDbSymbolTable
 70
     1
  0
DIMSTYLE
105
27
330
A
100
AcDbSymbolTableRecord
100
AcDbDimStyleTableRecord
  2
STANDARD_ACAD
 70
     0
  3

  4

  5

  6

  7

 40
1.0
 41
0.18
 42
0.0625
 43
0.38
 44
0.18
 45
0.0
 46
0.0
 47
0.0
 48
0.0
140
0.18
141
0.09
142
0.0
143
25.4
144
1.0
145
0.0
146
1.0
147
0.09
 71
     0
 72
     0
 73
     1
 74
     1
 75
     0
 76
     0
 77
     0
 78
     0
170
     0
171
     2
172
     0
173
     0
174
     0
175
     0
176
     0
177
     0
178
     0
270
     2
271
     4
272
     4
273
     2
274
     2
340
11
275
     0
280
     0
281
     0
282
     0
283
     1
284
     0
285
     0
286
     0
287
     3
288
     0
  0
ENDTAB
  0
TABLE
  2
BLOCK_RECORD
  5
1
330
0
100
AcDbSymbolTable
 70
     0
  0
BLOCK_RECORD
  5
1F
330
1
100
AcDbSymbolTableRecord
100
AcDbBlockTableRecord
  2
*MODEL_SPACE
  0
BLOCK_RECORD
  5
1B
330
1
100
AcDbSymbolTableRecord
100
AcDbBlockTableRecord
  2
*PAPER_SPACE
  0
ENDTAB
  0
ENDSEC
  0
SECTION
  2
BLOCKS
  0
BLOCK
  5
20
330
1F
100
AcDbEntity
  8
0
100
AcDbBlockBegin
  2
*MODEL_SPACE
 70
     0
 10
0.0
 20
0.0
 30
0.0
  3
*MODEL_SPACE
  1

  0
ENDBLK
  5
21
330
1F
100
AcDbEntity
  8
0
100
AcDbBlockEnd
  0
BLOCK
  5
1C
330
1B
100
AcDbEntity
 67
     1
  8
0
100
AcDbBlockBegin
  2
*PAPER_SPACE
 70
     0
 10
0.0
 20
0.0
 30
0.0
  3
*PAPER_SPACE
  1

  0
ENDBLK
  5
1D
330
1B
100
AcDbEntity
 67
     1
  8
0
100
AcDbBlockEnd
  0
ENDSEC
  0
SECTION
  2
ENTITIES
  0
POLYLINE
  5
60
330
1F
100
AcDbEntity
  8
1_ANYTOOL_1MMDEEP_LABELS_S
100
AcDb2dPolyline
 66
     1
 10
0.0
 20
0.0
 30
0.0
  0
VERTEX
  5
61
330
60
100
AcDbEntity
  8
1_ANYTOOL_1MMDEEP_LABELS_S
100
AcDbVertex
100
AcDb2dVertex
 10
21.94285714285979
 20
-30.0
 30
0.0
  0
VERTEX
  5
62
330
60
100
AcDbEntity
  8
1_ANYTOOL_1MMDEEP_LABELS_S
100
AcDbVertex
100
AcDb2dVertex
 10
3.000000000001819
 20
-30.0
 30
0.0
  0
VERTEX
  5
63
330
60
100
AcDbEntity
  8
1_ANYTOOL_1MMDEEP_LABELS_S
100
AcDbVertex
100
AcDb2dVertex
 10
3.000000000001819
 20
0.0
 30
0.0
  0
VERTEX
  5
64
330
60
100
AcDbEntity
  8
1_ANYTOOL_1MMDEEP_LABELS_S
100
AcDbVertex
100
AcDb2dVertex
 10
20.82857142857392
 20
0.0
 30
0.0
  0
SEQEND
  5
65
330
60
100
AcDbEntity
  8
1_ANYTOOL_1MMDEEP_LABELS_S
  0
LINE
  5
66
330
1F
100
AcDbEntity
  8
1_ANYTOOL_1MMDEEP_LABELS_S
100
AcDbLine
 10
17.65714285714421
 20
-13.92857142857247
 30
0.0
 11
3.000000000001819
 21
-13.92857142857247
 31
0.0
  0
LINE
  5
67
330
1F
100
AcDbEntity
  8
1_ANYTOOL_1MMDEEP_LABELS_S
100
AcDbLine
 10
34.15714285714421
 20
-16.11428571428405
 30
0.0
 11
25.37142857143044
 21
-16.19999999999709
 31
0.0
  0
POLYLINE
  5
68
330
1F
100
AcDbEntity
  8
1_ANYTOOL_1MMDEEP_LABELS_S
100
AcDb2dPolyline
 66
     1
 10
0.0
 20
0.0
 30
0.0
  0
VERTEX
  5
69
330
68
100
AcDbEntity
  8
1_ANYTOOL_1MMDEEP_LABELS_S
100
AcDbVertex
100
AcDb2dVertex
 10
56.40000000000146
 20
-4.585714285713038
 30
0.0
  0
VERTEX
  5
6A
330
68
100
AcDbEntity
  8
1_ANYTOOL_1MMDEEP_LABELS_S
100
AcDbVertex
100
AcDb2dVertex
 10
56.39677734375145
 20
-4.397586495534505
 30
0.0
  0
VERTEX
  5
6B
330
68
100
AcDbEntity
  8
1_ANYTOOL_1MMDEEP_LABELS_S
100
AcDbVertex
100
AcDb2dVertex
 10
56.39274902343896
 20
-4.305060686382737
 30
0.0
  0
VERTEX
  5
6C
330
68
100
AcDbEntity
  8
1_ANYTOOL_1MMDEEP_LABELS_S
100
AcDbVertex
100
AcDb2dVertex
 10
56.38710937500146
 20
-4.213560267855968
 30
0.0
  0
VERTEX
  5
6D
330
68
100
AcDbEntity
  8
1_ANYTOOL_1MMDEEP_LABELS_S
100
AcDbVertex
100
AcDb2dVertex
 10
56.37985839843896
 20
-4.123085239954198
 30
0.0
  0
VERTEX
  5
6E
330
68
100
AcDbEntity
  8
1_ANYTOOL_1MMDEEP_LABELS_S
100
AcDbVertex
100
AcDb2dVertex
 10
56.37099609375146
 20
-4.033635602677428
 30
0.0
  0
VERTEX
  5
6F
330
68
100
AcDbEntity
  8
1_ANYTOOL_1MMDEEP_LABELS_S
100
AcDbVertex
100
AcDb2dVertex
 10
56.36052246093897
 20
-3.945211356025657
 30
0.0
  0
VERTEX
  5
70
330
68
100
AcDbEntity
  8
1_ANYTOOL_1MMDEEP_LABELS_S
100
AcDbVertex
100
AcDb2dVertex
 10
56.34843750000147
 20
-3.857812499998886
 30
0.0
  0
VERTEX
  5
71
330
68
100
AcDbEntity
  8
1_ANYTOOL_1MMDEEP_LABELS_S
100
AcDbVertex
100
AcDb2dVertex
 10
56.33474121093897
 20
-3.771439034597114
 30
0.0
  0
VERTEX
  5
72
330
68
100
AcDbEntity
  8
1_ANYTOOL_1MMDEEP_LABELS_S
100
AcDbVertex
100
AcDb2dVertex
 10
56.31943359375147
 20
-3.686090959820341
 30
0.0
  0
VERTEX
  5
73
330
68
100
AcDbEntity
  8
1_ANYTOOL_1MMDEEP_LABELS_S
100
AcDbVertex
100
AcDb2dVertex
 10
56.30251464843897
 20
-3.601768275668567
 30
0.0
  0
VERTEX
  5
74
330
68
100
AcDbEntity
  8
1_ANYTOOL_1MMDEEP_LABELS_S
100
AcDbVertex
100
AcDb2dVertex
 10
56.28398437500148
 20
-3.518470982141793
 30
0.0
  0
VERTEX
  5
75
330
68
100
AcDbEntity
  8
1_ANYTOOL_1MMDEEP_LABELS_S
100
AcDbVertex
100
AcDb2dVertex
 10
56.26384277343899
 20
-3.436199079240017
 30
0.0
  0
VERTEX
  5
76
330
68
100
AcDbEntity
  8
1_ANYTOOL_1MMDEEP_LABELS_S
100
AcDbVertex
100
AcDb2dVertex
 10
56.24208984375149
 20
-3.354952566963242
 30
0.0
  0
VERTEX
  5
77
330
68
100
AcDbEntity
  8
1_ANYTOOL_1MMDEEP_LABELS_S
100
AcDbVertex
100
AcDb2dVertex
 10
56.218725585939
 20
-3.274731445311465
 30
0.0
  0
VERTEX
  5
78
330
68
100
AcDbEntity
  8
1_ANYTOOL_1MMDEEP_LABELS_S
100
AcDbVertex
100
AcDb2dVertex
 10
56.1937500000015
 20
-3.195535714284688
 30
0.0
  0
VERTEX
  5
79
330
68
100
AcDbEntity
  8
1_ANYTOOL_1MMDEEP_LABELS_S
100
AcDbVertex
100
AcDb2dVertex
 10
56.16716308593901
 20
-3.11736537388291
 30
0.0
  0
VERTEX
  5
7A
330
68
100
AcDbEntity
  8
1_ANYTOOL_1MMDEEP_LABELS_S
100
AcDbVertex
100
AcDb2dVertex
 10
56.13896484375151
 20
-3.040220424106131
 30
0.0
  0
VERTEX
  5
7B
330
68
100
AcDbEntity
  8
1_ANYTOOL_1MMDEEP_LABELS_S
100
AcDbVertex
100
AcDb2dVertex
 10
56.10915527343902
 20
-2.964100864954352
 30
0.0
  0
VERTEX
  5
7C
330
68
100
AcDbEntity
  8
1_ANYTOOL_1MMDEEP_LABELS_S
100
AcDbVertex
100
AcDb2dVertex
 10
56.07773437500153
 20
-2.889006696427572
 30
0.0
  0
VERTEX
  5
7D
330
68
100
AcDbEntity
  8
1_ANYTOOL_1MMDEEP_LABELS_S
100
AcDbVertex
100
AcDb2dVertex
 10
56.04470214843903
 20
-2.814937918525791
 30
0.0
  0
VERTEX
  5
7E
330
68
100
AcDbEntity
  8
1_ANYTOOL_1MMDEEP_LABELS_S
100
AcDbVertex
100
AcDb2dVertex
 10
56.01005859375154
 20
-2.74189453124901
 30
0.0
  0
VERTEX
  5
7F
330
68
100
AcDbEntity
  8
1_ANYTOOL_1MMDEEP_LABELS_S
100
AcDbVertex
100
AcDb2dVertex
 10
55.97380371093905
 20
-2.669876534597227
 30
0.0
  0
VERTEX
  5
80
330
68
100
AcDbEntity
  8
1_ANYTOOL_1MMDEEP_LABELS_S
100
AcDbVertex
100
AcDb2dVertex
 10
55.93593750000156
 20
-2.598883928570444
 30
0.0
  0
VERTEX
  5
81
330
68
100
AcDbEntity
  8
1_ANYTOOL_1MMDEEP_LABELS_S
100
AcDbVertex
100
AcDb2dVertex
 10
55.89645996093907
 20
-2.528916713168661
 30
0.0
  0
VERTEX
  5
82
330
68
100
AcDbEntity
  8
1_ANYTOOL_1MMDEEP_LABELS_S
100
AcDbVertex
100
AcDb2dVertex
 10
55.85537109375157
 20
-2.459974888391876
 30
0.0
  0
VERTEX
  5
83
330
68
100
AcDbEntity
  8
1_ANYTOOL_1MMDEEP_LABELS_S
100
AcDbVertex
100
AcDb2dVertex
 10
55.81267089843908
 20
-2.392058454240091
 30
0.0
  0
VERTEX
  5
84
330
68
100
AcDbEntity
  8
1_ANYTOOL_1MMDEEP_LABELS_S
100
AcDbVertex
100
AcDb2dVertex
 10
55.76835937500159
 20
-2.325167410713306
 30
0.0
  0
VERTEX
  5
85
330
68
100
AcDbEntity
  8
1_ANYTOOL_1MMDEEP_LABELS_S
100
AcDbVertex
100
AcDb2dVertex
 10
55.72243652343911
 20
-2.259301757811519
 30
0.0
  0
VERTEX
  5
86
330
68
100
AcDbEntity
  8
1_ANYTOOL_1MMDEEP_LABELS_S
100
AcDbVertex
100
AcDb2dVertex
 10
55.67490234375161
 20
-2.194461495534732
 30
0.0
  0
VERTEX
  5
87
330
68
100
AcDbEntity
  8
1_ANYTOOL_1MMDEEP_LABELS_S
100
AcDbVertex
100
AcDb2dVertex
 10
55.62575683593913
 20
-2.130646623882944
 30
0.0
  0
VERTEX
  5
88
330
68
100
AcDbEntity
  8
1_ANYTOOL_1MMDEEP_LABELS_S
100
AcDbVertex
100
AcDb2dVertex
 10
55.57500000000164
 20
-2.067857142856155
 30
0.0
  0
VERTEX
  5
89
330
68
100
AcDbEntity
  8
1_ANYTOOL_1MMDEEP_LABELS_S
100
AcDbVertex
100
AcDb2dVertex
 10
55.52263183593915
 20
-2.006093052454366
 30
0.0
  0
VERTEX
  5
8A
330
68
100
AcDbEntity
  8
1_ANYTOOL_1MMDEEP_LABELS_S
100
AcDbVertex
100
AcDb2dVertex
 10
55.46865234375166
 20
-1.945354352677576
 30
0.0
  0
VERTEX
  5
8B
330
68
100
AcDbEntity
  8
1_ANYTOOL_1MMDEEP_LABELS_S
100
AcDbVertex
100
AcDb2dVertex
 10
55.41306152343918
 20
-1.885641043525785
 30
0.0
  0
VERTEX
  5
8C
330
68
100
AcDbEntity
  8
1_ANYTOOL_1MMDEEP_LABELS_S
100
AcDbVertex
100
AcDb2dVertex
 10
55.35585937500169
 20
-1.826953124998994
 30
0.0
  0
VERTEX
  5
8D
330
68
100
AcDbEntity
  8
1_ANYTOOL_1MMDEEP_LABELS_S
100
AcDbVertex
100
AcDb2dVertex
 10
55.29704589843919
 20
-1.769290597097202
 30
0.0
  0
VERTEX
  5
8E
330
68
100
AcDbEntity
  8
1_ANYTOOL_1MMDEEP_LABELS_S
100
AcDbVertex
100
AcDb2dVertex
 10
55.23662109375171
 20
-1.712653459820409
 30
0.0
  0
VERTEX
  5
8F
330
68
100
AcDbEntity
  8
1_ANYTOOL_1MMDEEP_LABELS_S
100
AcDbVertex
100
AcDb2dVertex
 10
55.17458496093923
 20
-1.657041713168615
 30
0.0
  0
VERTEX
  5
90
330
68
100
AcDbEntity
  8
1_ANYTOOL_1MMDEEP_LABELS_S
100
AcDbVertex
100
AcDb2dVertex
 10
55.11093750000174
 20
-1.602455357141821
 30
0.0
  0
VERTEX
  5
91
330
68
100
AcDbEntity
  8
1_ANYTOOL_1MMDEEP_LABELS_S
100
AcDbVertex
100
AcDb2dVertex
 10
55.04567871093926
 20
-1.548894391740026
 30
0.0
  0
VERTEX
  5
92
330
68
100
AcDbEntity
  8
1_ANYTOOL_1MMDEEP_LABELS_S
100
AcDbVertex
100
AcDb2dVertex
 10
54.97880859375176
 20
-1.49635881696323
 30
0.0
  0
VERTEX
  5
93
330
68
100
AcDbEntity
  8
1_ANYTOOL_1MMDEEP_LABELS_S
100
AcDbVertex
100
AcDb2dVertex
 10
54.91032714843928
 20
-1.444848632811434
 30
0.0
  0
VERTEX
  5
94
330
68
100
AcDbEntity
  8
1_ANYTOOL_1MMDEEP_LABELS_S
100
AcDbVertex
100
AcDb2dVertex
 10
54.8402343750018
 20
-1.394363839284637
 30
0.0
  0
VERTEX
  5
95
330
68
100
AcDbEntity
  8
1_ANYTOOL_1MMDEEP_LABELS_S
100
AcDbVertex
100
AcDb2dVertex
 10
54.76853027343932
 20
-1.344904436382839
 30
0.0
  0
VERTEX
  5
96
330
68
100
AcDbEntity
  8
1_ANYTOOL_1MMDEEP_LABELS_S
100
AcDbVertex
100
AcDb2dVertex
 10
54.69521484375183
 20
-1.29647042410604
 30
0.0
  0
VERTEX
  5
97
330
68
100
AcDbEntity
  8
1_ANYTOOL_1MMDEEP_LABELS_S
100
AcDbVertex
100
AcDb2dVertex
 10
54.62028808593935
 20
-1.249061802454241
 30
0.0
  0
VERTEX
  5
98
330
68
100
AcDbEntity
  8
1_ANYTOOL_1MMDEEP_LABELS_S
100
AcDbVertex
100
AcDb2dVertex
 10
54.54375000000186
 20
-1.202678571427441
 30
0.0
  0
VERTEX
  5
99
330
68
100
AcDbEntity
  8
1_ANYTOOL_1MMDEEP_LABELS_S
100
AcDbVertex
100
AcDb2dVertex
 10
54.46560058593938
 20
-1.15732073102564
 30
0.0
  0
VERTEX
  5
9A
330
68
100
AcDbEntity
  8
1_ANYTOOL_1MMDEEP_LABELS_S
100
AcDbVertex
100
AcDb2dVertex
 10
54.3858398437519
 20
-1.112988281248839
 30
0.0
  0
VERTEX
  5
9B
330
68
100
AcDbEntity
  8
1_ANYTOOL_1MMDEEP_LABELS_S
100
AcDbVertex
100
AcDb2dVertex
 10
54.30446777343942
 20
-1.069681222097037
 30
0.0
  0
VERTEX
  5
9C
330
68
100
AcDbEntity
  8
1_ANYTOOL_1MMDEEP_LABELS_S
100
AcDbVertex
100
AcDb2dVertex
 10
54.22148437500194
 20
-1.027399553570234
 30
0.0
  0
VERTEX
  5
9D
330
68
100
AcDbEntity
  8
1_ANYTOOL_1MMDEEP_LABELS_S
100
AcDbVertex
100
AcDb2dVertex
 10
54.05068359375197
 20
-0.9459123883916263
 30
0.0
  0
VERTEX
  5
9E
330
68
100
AcDbEntity
  8
1_ANYTOOL_1MMDEEP_LABELS_S
100
AcDbVertex
100
AcDb2dVertex
 10
53.87343750000201
 20
-0.8685267857130157
 30
0.0
  0
VERTEX
  5
9F
330
68
100
AcDbEntity
  8
1_ANYTOOL_1MMDEEP_LABELS_S
100
AcDbVertex
100
AcDb2dVertex
 10
53.68974609375205
 20
-0.7952427455344022
 30
0.0
  0
VERTEX
  5
A0
330
68
100
AcDbEntity
  8
1_ANYTOOL_1MMDEEP_LABELS_S
100
AcDbVertex
100
AcDb2dVertex
 10
53.49960937500209
 20
-0.7260602678557859
 30
0.0
  0
VERTEX
  5
A1
330
68
100
AcDbEntity
  8
1_ANYTOOL_1MMDEEP_LABELS_S
100
AcDbVertex
100
AcDb2dVertex
 10
53.30302734375213
 20
-0.6609793526771668
 30
0.0
  0
VERTEX
  5
A2
330
68
100
AcDbEntity
  8
1_ANYTOOL_1MMDEEP_LABELS_S
100
AcDbVertex
100
AcDb2dVertex
 10
53.10000000000218
 20
-0.5999999999985448
 30
0.0
  0
VERTEX
  5
A3
330
68
100
AcDbEntity
  8
1_ANYTOOL_1MMDEEP_LABELS_S
100
AcDbVertex
100
AcDb2dVertex
 10
52.29241071428791
 20
-0.3790178571412071
 30
0.0
  0
VERTEX
  5
A4
330
68
100
AcDbEntity
  8
1_ANYTOOL_1MMDEEP_LABELS_S
100
AcDbVertex
100
AcDb2dVertex
 10
51.49821428571647
 20
-0.187499999998181
 30
0.0
  0
VERTEX
  5
A5
330
68
100
AcDbEntity
  8
1_ANYTOOL_1MMDEEP_LABELS_S
100
AcDbVertex
100
AcDb2dVertex
 10
50.71741071428787
 20
-0.0254464285694667
 30
0.0
  0
VERTEX
  5
A6
330
68
100
AcDbEntity
  8
1_ANYTOOL_1MMDEEP_LABELS_S
100
AcDbVertex
100
AcDb2dVertex
 10
49.95000000000209
 20
0.107142857144936
 30
0.0
  0
VERTEX
  5
A7
330
68
100
AcDbEntity
  8
1_ANYTOOL_1MMDEEP_LABELS_S
100
AcDbVertex
100
AcDb2dVertex
 10
49.57131696428777
 20
0.1623883928592704
 30
0.0
  0
VERTEX
  5
A8
330
68
100
AcDbEntity
  8
1_ANYTOOL_1MMDEEP_LABELS_S
100
AcDbVertex
100
AcDb2dVertex
 10
49.19598214285915
 20
0.2102678571450269
 30
0.0
  0
VERTEX
  5
A9
330
68
100
AcDbEntity
  8
1_ANYTOOL_1MMDEEP_LABELS_S
100
AcDbVertex
100
AcDb2dVertex
 10
48.82399553571624
 20
0.2507812500022055
 30
0.0
  0
VERTEX
  5
AA
330
68
100
AcDbEntity
  8
1_ANYTOOL_1MMDEEP_LABELS_S
100
AcDbVertex
100
AcDb2dVertex
 10
48.45535714285904
 20
0.2839285714308062
 30
0.0
  0
VERTEX
  5
AB
330
68
100
AcDbEntity
  8
1_ANYTOOL_1MMDEEP_LABELS_S
100
AcDbVertex
100
AcDb2dVertex
 10
48.09006696428755
 20
0.3097098214308289
 30
0.0
  0
VERTEX
  5
AC
330
68
100
AcDbEntity
  8
1_ANYTOOL_1MMDEEP_LABELS_S
100
AcDbVertex
100
AcDb2dVertex
 10
47.72812500000177
 20
0.3281250000022737
 30
0.0
  0
VERTEX
  5
AD
330
68
100
AcDbEntity
  8
1_ANYTOOL_1MMDEEP_LABELS_S
100
AcDbVertex
100
AcDb2dVertex
 10
47.36953125000169
 20
0.3391741071451406
 30
0.0
  0
VERTEX
  5
AE
330
68
100
AcDbEntity
  8
1_ANYTOOL_1MMDEEP_LABELS_S
100
AcDbVertex
100
AcDb2dVertex
 10
47.01428571428733
 20
0.3428571428594296
 30
0.0
  0
VERTEX
  5
AF
330
68
100
AcDbEntity
  8
1_ANYTOOL_1MMDEEP_LABELS_S
100
AcDbVertex
100
AcDb2dVertex
 10
46.81937779018018
 20
0.3410574776808559
 30
0.0
  0
VERTEX
  5
B0
330
68
100
AcDbEntity
  8
1_ANYTOOL_1MMDEEP_LABELS_S
100
AcDbVertex
100
AcDb2dVertex
 10
46.62572544643019
 20
0.3356584821451349
 30
0.0
  0
VERTEX
  5
B1
330
68
100
AcDbEntity
  8
1_ANYTOOL_1MMDEEP_LABELS_S
100
AcDbVertex
100
AcDb2dVertex
 10
46.43332868303733
 20
0.3266601562522666
 30
0.0
  0
VERTEX
  5
B2
330
68
100
AcDbEntity
  8
1_ANYTOOL_1MMDEEP_LABELS_S
100
AcDbVertex
100
AcDb2dVertex
 10
46.24218750000162
 20
0.314062500002251
 30
0.0
  0
VERTEX
  5
B3
330
68
100
AcDbEntity
  8
1_ANYTOOL_1MMDEEP_LABELS_S
100
AcDbVertex
100
AcDb2dVertex
 10
46.05230189732305
 20
0.297865513395088
 30
0.0
  0
VERTEX
  5
B4
330
68
100
AcDbEntity
  8
1_ANYTOOL_1MMDEEP_LABELS_S
100
AcDbVertex
100
AcDb2dVertex
 10
45.86367187500162
 20
0.2780691964307778
 30
0.0
  0
VERTEX
  5
B5
330
68
100
AcDbEntity
  8
1_ANYTOOL_1MMDEEP_LABELS_S
100
AcDbVertex
100
AcDb2dVertex
 10
45.67629743303733
 20
0.2546735491093202
 30
0.0
  0
VERTEX
  5
B6
330
68
100
AcDbEntity
  8
1_ANYTOOL_1MMDEEP_LABELS_S
100
AcDbVertex
100
AcDb2dVertex
 10
45.49017857143019
 20
0.2276785714307152
 30
0.0
  0
VERTEX
  5
B7
330
68
100
AcDbEntity
  8
1_ANYTOOL_1MMDEEP_LABELS_S
100
AcDbVertex
100
AcDb2dVertex
 10
45.30531529018019
 20
0.197084263394963
 30
0.0
  0
VERTEX
  5
B8
330
68
100
AcDbEntity
  8
1_ANYTOOL_1MMDEEP_LABELS_S
100
AcDbVertex
100
AcDb2dVertex
 10
45.12170758928733
 20
0.1628906250020634
 30
0.0
  0
VERTEX
  5
B9
330
68
100
AcDbEntity
  8
1_ANYTOOL_1MMDEEP_LABELS_S
100
AcDbVertex
100
AcDb2dVertex
 10
44.93935546875161
 20
0.1250976562520165
 30
0.0
  0
VERTEX
  5
BA
330
68
100
AcDbEntity
  8
1_ANYTOOL_1MMDEEP_LABELS_S
100
AcDbVertex
100
AcDb2dVertex
 10
44.75825892857304
 20
0.0837053571448223
 30
0.0
  0
VERTEX
  5
BB
330
68
100
AcDbEntity
  8
1_ANYTOOL_1MMDEEP_LABELS_S
100
AcDbVertex
100
AcDb2dVertex
 10
44.57841796875161
 20
0.0387137276804808
 30
0.0
  0
VERTEX
  5
BC
330
68
100
AcDbEntity
  8
1_ANYTOOL_1MMDEEP_LABELS_S
100
AcDbVertex
100
AcDb2dVertex
 10
44.39983258928732
 20
-0.0098772321410081
 30
0.0
  0
VERTEX
  5
BD
330
68
100
AcDbEntity
  8
1_ANYTOOL_1MMDEEP_LABELS_S
100
AcDbVertex
100
AcDb2dVertex
 10
44.22250279018017
 20
-0.0620675223196443
 30
0.0
  0
VERTEX
  5
BE
330
68
100
AcDbEntity
  8
1_ANYTOOL_1MMDEEP_LABELS_S
100
AcDbVertex
100
AcDb2dVertex
 10
44.04642857143017
 20
-0.1178571428554278
 30
0.0
  0
VERTEX
  5
BF
330
68
100
AcDbEntity
  8
1_ANYTOOL_1MMDEEP_LABELS_S
100
AcDbVertex
100
AcDb2dVertex
 10
43.87160993303731
 20
-0.1772460937483586
 30
0.0
  0
VERTEX
  5
C0
330
68
100
AcDbEntity
  8
1_ANYTOOL_1MMDEEP_LABELS_S
100
AcDbVertex
100
AcDb2dVertex
 10
43.69804687500159
 20
-0.2402343749984368
 30
0.0
  0
VERTEX
  5
C1
330
68
100
AcDbEntity
  8
1_ANYTOOL_1MMDEEP_LABELS_S
100
AcDbVertex
100
AcDb2dVertex
 10
43.52573939732301
 20
-0.3068219866056623
 30
0.0
  0
VERTEX
  5
C2
330
68
100
AcDbEntity
  8
1_ANYTOOL_1MMDEEP_LABELS_S
100
AcDbVertex
100
AcDb2dVertex
 10
43.35468750000157
 20
-0.3770089285700351
 30
0.0
  0
VERTEX
  5
C3
330
68
100
AcDbEntity
  8
1_ANYTOOL_1MMDEEP_LABELS_S
100
AcDbVertex
100
AcDb2dVertex
 10
43.18489118303728
 20
-0.4507952008915552
 30
0.0
  0
VERTEX
  5
C4
330
68
100
AcDbEntity
  8
1_ANYTOOL_1MMDEEP_LABELS_S
100
AcDbVertex
100
AcDb2dVertex
 10
43.01635044643013
 20
-0.5281808035702227
 30
0.0
  0
VERTEX
  5
C5
330
68
100
AcDbEntity
  8
1_ANYTOOL_1MMDEEP_LABELS_S
100
AcDbVertex
100
AcDb2dVertex
 10
42.84906529018012
 20
-0.6091657366060375
 30
0.0
  0
VERTEX
  5
C6
330
68
100
AcDbEntity
  8
1_ANYTOOL_1MMDEEP_LABELS_S
100
AcDbVertex
100
AcDb2dVertex
 10
42.68303571428726
 20
-0.6937499999989996
 30
0.0
  0
VERTEX
  5
C7
330
68
100
AcDbEntity
  8
1_ANYTOOL_1MMDEEP_LABELS_S
100
AcDbVertex
100
AcDb2dVertex
 10
42.51826171875153
 20
-0.781933593749109
 30
0.0
  0
VERTEX
  5
C8
330
68
100
AcDbEntity
  8
1_ANYTOOL_1MMDEEP_LABELS_S
100
AcDbVertex
100
AcDb2dVertex
 10
42.35474330357295
 20
-0.8737165178563657
 30
0.0
  0
VERTEX
  5
C9
330
68
100
AcDbEntity
  8
1_ANYTOOL_1MMDEEP_LABELS_S
100
AcDbVertex
100
AcDb2dVertex
 10
42.19248046875151
 20
-0.9690987723207698
 30
0.0
  0
VERTEX
  5
CA
330
68
100
AcDbEntity
  8
1_ANYTOOL_1MMDEEP_LABELS_S
100
AcDbVertex
100
AcDb2dVertex
 10
42.03147321428722
 20
-1.068080357142321
 30
0.0
  0
VERTEX
  5
CB
330
68
100
AcDbEntity
  8
1_ANYTOOL_1MMDEEP_LABELS_S
100
AcDbVertex
100
AcDb2dVertex
 10
41.87172154018006
 20
-1.17066127232102
 30
0.0
  0
VERTEX
  5
CC
330
68
100
AcDbEntity
  8
1_ANYTOOL_1MMDEEP_LABELS_S
100
AcDbVertex
100
AcDb2dVertex
 10
41.71322544643005
 20
-1.276841517856866
 30
0.0
  0
VERTEX
  5
CD
330
68
100
AcDbEntity
  8
1_ANYTOOL_1MMDEEP_LABELS_S
100
AcDbVertex
100
AcDb2dVertex
 10
41.55598493303718
 20
-1.386621093749859
 30
0.0
  0
VERTEX
  5
CE
330
68
100
AcDbEntity
  8
1_ANYTOOL_1MMDEEP_LABELS_S
100
AcDbVertex
100
AcDb2dVertex
 10
41.40000000000146
 20
-1.5
 30
0.0
  0
VERTEX
  5
CF
330
68
100
AcDbEntity
  8
1_ANYTOOL_1MMDEEP_LABELS_S
100
AcDbVertex
100
AcDb2dVertex
 10
41.24707031250144
 20
-1.614048549107316
 30
0.0
  0
VERTEX
  5
D0
330
68
100
AcDbEntity
  8
1_ANYTOOL_1MMDEEP_LABELS_S
100
AcDbVertex
100
AcDb2dVertex
 10
41.09899553571572
 20
-1.731194196428902
 30
0.0
  0
VERTEX
  5
D1
330
68
100
AcDbEntity
  8
1_ANYTOOL_1MMDEEP_LABELS_S
100
AcDbVertex
100
AcDb2dVertex
 10
40.95577566964428
 20
-1.851436941964756
 30
0.0
  0
VERTEX
  5
D2
330
68
100
AcDbEntity
  8
1_ANYTOOL_1MMDEEP_LABELS_S
100
AcDbVertex
100
AcDb2dVertex
 10
40.81741071428712
 20
-1.97477678571488
 30
0.0
  0
VERTEX
  5
D3
330
68
100
AcDbEntity
  8
1_ANYTOOL_1MMDEEP_LABELS_S
100
AcDbVertex
100
AcDb2dVertex
 10
40.68390066964425
 20
-2.101213727679273
 30
0.0
  0
VERTEX
  5
D4
330
68
100
AcDbEntity
  8
1_ANYTOOL_1MMDEEP_LABELS_S
100
AcDbVertex
100
AcDb2dVertex
 10
40.55524553571567
 20
-2.230747767857935
 30
0.0
  0
VERTEX
  5
D5
330
68
100
AcDbEntity
  8
1_ANYTOOL_1MMDEEP_LABELS_S
100
AcDbVertex
100
AcDb2dVertex
 10
40.43144531250137
 20
-2.363378906250865
 30
0.0
  0
VERTEX
  5
D6
330
68
100
AcDbEntity
  8
1_ANYTOOL_1MMDEEP_LABELS_S
100
AcDbVertex
100
AcDb2dVertex
 10
40.31250000000136
 20
-2.499107142858065
 30
0.0
  0
VERTEX
  5
D7
330
68
100
AcDbEntity
  8
1_ANYTOOL_1MMDEEP_LABELS_S
100
AcDbVertex
100
AcDb2dVertex
 10
40.19840959821564
 20
-2.637932477679534
 30
0.0
  0
VERTEX
  5
D8
330
68
100
AcDbEntity
  8
1_ANYTOOL_1MMDEEP_LABELS_S
100
AcDbVertex
100
AcDb2dVertex
 10
40.0891741071442
 20
-2.779854910715272
 30
0.0
  0
VERTEX
  5
D9
330
68
100
AcDbEntity
  8
1_ANYTOOL_1MMDEEP_LABELS_S
100
AcDbVertex
100
AcDb2dVertex
 10
39.98479352678705
 20
-2.924874441965279
 30
0.0
  0
VERTEX
  5
DA
330
68
100
AcDbEntity
  8
1_ANYTOOL_1MMDEEP_LABELS_S
100
AcDbVertex
100
AcDb2dVertex
 10
39.88526785714419
 20
-3.072991071429556
 30
0.0
  0
VERTEX
  5
DB
330
68
100
AcDbEntity
  8
1_ANYTOOL_1MMDEEP_LABELS_S
100
AcDbVertex
100
AcDb2dVertex
 10
39.79059709821561
 20
-3.224204799108101
 30
0.0
  0
VERTEX
  5
DC
330
68
100
AcDbEntity
  8
1_ANYTOOL_1MMDEEP_LABELS_S
100
AcDbVertex
100
AcDb2dVertex
 10
39.70078125000131
 20
-3.378515625000915
 30
0.0
  0
VERTEX
  5
DD
330
68
100
AcDbEntity
  8
1_ANYTOOL_1MMDEEP_LABELS_S
100
AcDbVertex
100
AcDb2dVertex
 10
39.61582031250131
 20
-3.535923549107999
 30
0.0
  0
VERTEX
  5
DE
330
68
100
AcDbEntity
  8
1_ANYTOOL_1MMDEEP_LABELS_S
100
AcDbVertex
100
AcDb2dVertex
 10
39.53571428571558
 20
-3.696428571429351
 30
0.0
  0
VERTEX
  5
DF
330
68
100
AcDbEntity
  8
1_ANYTOOL_1MMDEEP_LABELS_S
100
AcDbVertex
100
AcDb2dVertex
 10
39.46046316964415
 20
-3.860030691964973
 30
0.0
  0
VERTEX
  5
E0
330
68
100
AcDbEntity
  8
1_ANYTOOL_1MMDEEP_LABELS_S
100
AcDbVertex
100
AcDb2dVertex
 10
39.390066964287
 20
-4.026729910714863
 30
0.0
  0
VERTEX
  5
E1
330
68
100
AcDbEntity
  8
1_ANYTOOL_1MMDEEP_LABELS_S
100
AcDbVertex
100
AcDb2dVertex
 10
39.32452566964414
 20
-4.196526227679023
 30
0.0
  0
VERTEX
  5
E2
330
68
100
AcDbEntity
  8
1_ANYTOOL_1MMDEEP_LABELS_S
100
AcDbVertex
100
AcDb2dVertex
 10
39.26383928571556
 20
-4.369419642857451
 30
0.0
  0
VERTEX
  5
E3
330
68
100
AcDbEntity
  8
1_ANYTOOL_1MMDEEP_LABELS_S
100
AcDbVertex
100
AcDb2dVertex
 10
39.20800781250127
 20
-4.545410156250149
 30
0.0
  0
VERTEX
  5
E4
330
68
100
AcDbEntity
  8
1_ANYTOOL_1MMDEEP_LABELS_S
100
AcDbVertex
100
AcDb2dVertex
 10
39.15703125000127
 20
-4.724497767857116
 30
0.0
  0
VERTEX
  5
E5
330
68
100
AcDbEntity
  8
1_ANYTOOL_1MMDEEP_LABELS_S
100
AcDbVertex
100
AcDb2dVertex
 10
39.11090959821555
 20
-4.906682477678352
 30
0.0
  0
VERTEX
  5
E6
330
68
100
AcDbEntity
  8
1_ANYTOOL_1MMDEEP_LABELS_S
100
AcDbVertex
100
AcDb2dVertex
 10
39.06964285714412
 20
-5.091964285713857
 30
0.0
  0
VERTEX
  5
E7
330
68
100
AcDbEntity
  8
1_ANYTOOL_1MMDEEP_LABELS_S
100
AcDbVertex
100
AcDb2dVertex
 10
39.03323102678697
 20
-5.280343191963631
 30
0.0
  0
VERTEX
  5
E8
330
68
100
AcDbEntity
  8
1_ANYTOOL_1MMDEEP_LABELS_S
100
AcDbVertex
100
AcDb2dVertex
 10
39.00167410714411
 20
-5.471819196427674
 30
0.0
  0
VERTEX
  5
E9
330
68
100
AcDbEntity
  8
1_ANYTOOL_1MMDEEP_LABELS_S
100
AcDbVertex
100
AcDb2dVertex
 10
38.97497209821554
 20
-5.666392299105986
 30
0.0
  0
VERTEX
  5
EA
330
68
100
AcDbEntity
  8
1_ANYTOOL_1MMDEEP_LABELS_S
100
AcDbVertex
100
AcDb2dVertex
 10
38.95312500000125
 20
-5.864062499998568
 30
0.0
  0
VERTEX
  5
EB
330
68
100
AcDbEntity
  8
1_ANYTOOL_1MMDEEP_LABELS_S
100
AcDbVertex
100
AcDb2dVertex
 10
38.93613281250125
 20
-6.064829799105418
 30
0.0
  0
VERTEX
  5
EC
330
68
100
AcDbEntity
  8
1_ANYTOOL_1MMDEEP_LABELS_S
100
AcDbVertex
100
AcDb2dVertex
 10
38.92399553571553
 20
-6.268694196426537
 30
0.0
  0
VERTEX
  5
ED
330
68
100
AcDbEntity
  8
1_ANYTOOL_1MMDEEP_LABELS_S
100
AcDbVertex
100
AcDb2dVertex
 10
38.9167131696441
 20
-6.475655691961926
 30
0.0
  0
VERTEX
  5
EE
330
68
100
AcDbEntity
  8
1_ANYTOOL_1MMDEEP_LABELS_S
100
AcDbVertex
100
AcDb2dVertex
 10
38.91428571428696
 20
-6.685714285711583
 30
0.0
  0
VERTEX
  5
EF
330
68
100
AcDbEntity
  8
1_ANYTOOL_1MMDEEP_LABELS_S
100
AcDbVertex
100
AcDb2dVertex
 10
38.91704799107268
 20
-6.90083705356875
 30
0.0
  0
VERTEX
  5
F0
330
68
100
AcDbEntity
  8
1_ANYTOOL_1MMDEEP_LABELS_S
100
AcDbVertex
100
AcDb2dVertex
 10
38.92533482142982
 20
-7.112276785711629
 30
0.0
  0
VERTEX
  5
F1
330
68
100
AcDbEntity
  8
1_ANYTOOL_1MMDEEP_LABELS_S
100
AcDbVertex
100
AcDb2dVertex
 10
38.9391462053584
 20
-7.320033482140218
 30
0.0
  0
VERTEX
  5
F2
330
68
100
AcDbEntity
  8
1_ANYTOOL_1MMDEEP_LABELS_S
100
AcDbVertex
100
AcDb2dVertex
 10
38.9584821428584
 20
-7.524107142854518
 30
0.0
  0
VERTEX
  5
F3
330
68
100
AcDbEntity
  8
1_ANYTOOL_1MMDEEP_LABELS_S
100
AcDbVertex
100
AcDb2dVertex
 10
38.98334263392984
 20
-7.72449776785453
 30
0.0
  0
VERTEX
  5
F4
330
68
100
AcDbEntity
  8
1_ANYTOOL_1MMDEEP_LABELS_S
100
AcDbVertex
100
AcDb2dVertex
 10
39.0137276785727
 20
-7.921205357140252
 30
0.0
  0
VERTEX
  5
F5
330
68
100
AcDbEntity
  8
1_ANYTOOL_1MMDEEP_LABELS_S
100
AcDbVertex
100
AcDb2dVertex
 10
39.049637276787
 20
-8.114229910711686
 30
0.0
  0
VERTEX
  5
F6
330
68
100
AcDbEntity
  8
1_ANYTOOL_1MMDEEP_LABELS_S
100
AcDbVertex
100
AcDb2dVertex
 10
39.09107142857272
 20
-8.30357142856883
 30
0.0
  0
VERTEX
  5
F7
330
68
100
AcDbEntity
  8
1_ANYTOOL_1MMDEEP_LABELS_S
100
AcDbVertex
100
AcDb2dVertex
 10
39.13803013392987
 20
-8.489229910711686
 30
0.0
  0
VERTEX
  5
F8
330
68
100
AcDbEntity
  8
1_ANYTOOL_1MMDEEP_LABELS_S
100
AcDbVertex
100
AcDb2dVertex
 10
39.19051339285846
 20
-8.671205357140252
 30
0.0
  0
VERTEX
  5
F9
330
68
100
AcDbEntity
  8
1_ANYTOOL_1MMDEEP_LABELS_S
100
AcDbVertex
100
AcDb2dVertex
 10
39.24852120535847
 20
-8.84949776785453
 30
0.0
  0
VERTEX
  5
FA
330
68
100
AcDbEntity
  8
1_ANYTOOL_1MMDEEP_LABELS_S
100
AcDbVertex
100
AcDb2dVertex
 10
39.31205357142991
 20
-9.024107142854518
 30
0.0
  0
VERTEX
  5
FB
330
68
100
AcDbEntity
  8
1_ANYTOOL_1MMDEEP_LABELS_S
100
AcDbVertex
100
AcDb2dVertex
 10
39.34589146205492
 20
-9.110030691961654
 30
0.0
  0
VERTEX
  5
FC
330
68
100
AcDbEntity
  8
1_ANYTOOL_1MMDEEP_LABELS_S
100
AcDbVertex
100
AcDb2dVertex
 10
39.38111049107279
 20
-9.195033482140218
 30
0.0
  0
VERTEX
  5
FD
330
68
100
AcDbEntity
  8
1_ANYTOOL_1MMDEEP_LABELS_S
100
AcDbVertex
100
AcDb2dVertex
 10
39.41771065848351
 20
-9.27911551339021
 30
0.0
  0
VERTEX
  5
FE
330
68
100
AcDbEntity
  8
1_ANYTOOL_1MMDEEP_LABELS_S
100
AcDbVertex
100
AcDb2dVertex
 10
39.45569196428709
 20
-9.362276785711629
 30
0.0
  0
VERTEX
  5
FF
330
68
100
AcDbEntity
  8
1_ANYTOOL_1MMDEEP_LABELS_S
100
AcDbVertex
100
AcDb2dVertex
 10
39.49505440848353
 20
-9.444517299104476
 30
0.0
  0
VERTEX
  5
100
330
68
100
AcDbEntity
  8
1_ANYTOOL_1MMDEEP_LABELS_S
100
AcDbVertex
100
AcDb2dVertex
 10
39.53579799107283
 20
-9.52583705356875
 30
0.0
  0
VERTEX
  5
101
330
68
100
AcDbEntity
  8
1_ANYTOOL_1MMDEEP_LABELS_S
100
AcDbVertex
100
AcDb2dVertex
 10
39.57792271205498
 20
-9.606236049104453
 30
0.0
  0
VERTEX
  5
102
330
68
100
AcDbEntity
  8
1_ANYTOOL_1MMDEEP_LABELS_S
100
AcDbVertex
100
AcDb2dVertex
 10
39.62142857142999
 20
-9.685714285711583
 30
0.0
  0
VERTEX
  5
103
330
68
100
AcDbEntity
  8
1_ANYTOOL_1MMDEEP_LABELS_S
100
AcDbVertex
100
AcDb2dVertex
 10
39.66631556919786
 20
-9.764271763390141
 30
0.0
  0
VERTEX
  5
104
330
68
100
AcDbEntity
  8
1_ANYTOOL_1MMDEEP_LABELS_S
100
AcDbVertex
100
AcDb2dVertex
 10
39.71258370535858
 20
-9.841908482140127
 30
0.0
  0
VERTEX
  5
105
330
68
100
AcDbEntity
  8
1_ANYTOOL_1MMDEEP_LABELS_S
100
AcDbVertex
100
AcDb2dVertex
 10
39.76023297991217
 20
-9.91862444196154
 30
0.0
  0
VERTEX
  5
106
330
68
100
AcDbEntity
  8
1_ANYTOOL_1MMDEEP_LABELS_S
100
AcDbVertex
100
AcDb2dVertex
 10
39.8092633928586
 20
-9.994419642854382
 30
0.0
  0
VERTEX
  5
107
330
68
100
AcDbEntity
  8
1_ANYTOOL_1MMDEEP_LABELS_S
100
AcDbVertex
100
AcDb2dVertex
 10
39.8596749441979
 20
-10.06929408481865
 30
0.0
  0
VERTEX
  5
108
330
68
100
AcDbEntity
  8
1_ANYTOOL_1MMDEEP_LABELS_S
100
AcDbVertex
100
AcDb2dVertex
 10
39.91146763393006
 20
-10.14324776785435
 30
0.0
  0
VERTEX
  5
109
330
68
100
AcDbEntity
  8
1_ANYTOOL_1MMDEEP_LABELS_S
100
AcDbVertex
100
AcDb2dVertex
 10
39.96464146205507
 20
-10.21628069196147
 30
0.0
  0
VERTEX
  5
10A
330
68
100
AcDbEntity
  8
1_ANYTOOL_1MMDEEP_LABELS_S
100
AcDbVertex
100
AcDb2dVertex
 10
40.01919642857294
 20
-10.28839285714002
 30
0.0
  0
VERTEX
  5
10B
330
68
100
AcDbEntity
  8
1_ANYTOOL_1MMDEEP_LABELS_S
100
AcDbVertex
100
AcDb2dVertex
 10
40.07513253348367
 20
-10.35958426339
 30
0.0
  0
VERTEX
  5
10C
330
68
100
AcDbEntity
  8
1_ANYTOOL_1MMDEEP_LABELS_S
100
AcDbVertex
100
AcDb2dVertex
 10
40.13244977678725
 20
-10.42985491071141
 30
0.0
  0
VERTEX
  5
10D
330
68
100
AcDbEntity
  8
1_ANYTOOL_1MMDEEP_LABELS_S
100
AcDbVertex
100
AcDb2dVertex
 10
40.1911481584837
 20
-10.49920479910425
 30
0.0
  0
VERTEX
  5
10E
330
68
100
AcDbEntity
  8
1_ANYTOOL_1MMDEEP_LABELS_S
100
AcDbVertex
100
AcDb2dVertex
 10
40.251227678573
 20
-10.56763392856851
 30
0.0
  0
VERTEX
  5
10F
330
68
100
AcDbEntity
  8
1_ANYTOOL_1MMDEEP_LABELS_S
100
AcDbVertex
100
AcDb2dVertex
 10
40.31268833705515
 20
-10.6351422991042
 30
0.0
  0
VERTEX
  5
110
330
68
100
AcDbEntity
  8
1_ANYTOOL_1MMDEEP_LABELS_S
100
AcDbVertex
100
AcDb2dVertex
 10
40.37553013393017
 20
-10.70172991071132
 30
0.0
  0
VERTEX
  5
111
330
68
100
AcDbEntity
  8
1_ANYTOOL_1MMDEEP_LABELS_S
100
AcDbVertex
100
AcDb2dVertex
 10
40.43975306919804
 20
-10.76739676338987
 30
0.0
  0
VERTEX
  5
112
330
68
100
AcDbEntity
  8
1_ANYTOOL_1MMDEEP_LABELS_S
100
AcDbVertex
100
AcDb2dVertex
 10
40.50535714285877
 20
-10.83214285713984
 30
0.0
  0
VERTEX
  5
113
330
68
100
AcDbEntity
  8
1_ANYTOOL_1MMDEEP_LABELS_S
100
AcDbVertex
100
AcDb2dVertex
 10
40.6407087053588
 20
-10.95887276785407
 30
0.0
  0
VERTEX
  5
114
330
68
100
AcDbEntity
  8
1_ANYTOOL_1MMDEEP_LABELS_S
100
AcDbVertex
100
AcDb2dVertex
 10
40.78158482143026
 20
-11.08191964285402
 30
0.0
  0
VERTEX
  5
115
330
68
100
AcDbEntity
  8
1_ANYTOOL_1MMDEEP_LABELS_S
100
AcDbVertex
100
AcDb2dVertex
 10
40.92798549107316
 20
-11.20128348213967
 30
0.0
  0
VERTEX
  5
116
330
68
100
AcDbEntity
  8
1_ANYTOOL_1MMDEEP_LABELS_S
100
AcDbVertex
100
AcDb2dVertex
 10
41.07991071428748
 20
-11.31696428571104
 30
0.0
  0
VERTEX
  5
117
330
68
100
AcDbEntity
  8
1_ANYTOOL_1MMDEEP_LABELS_S
100
AcDbVertex
100
AcDb2dVertex
 10
41.23736049107323
 20
-11.42896205356811
 30
0.0
  0
VERTEX
  5
118
330
68
100
AcDbEntity
  8
1_ANYTOOL_1MMDEEP_LABELS_S
100
AcDbVertex
100
AcDb2dVertex
 10
41.40033482143041
 20
-11.5372767857109
 30
0.0
  0
VERTEX
  5
119
330
68
100
AcDbEntity
  8
1_ANYTOOL_1MMDEEP_LABELS_S
100
AcDbVertex
100
AcDb2dVertex
 10
41.56883370535903
 20
-11.6419084821394
 30
0.0
  0
VERTEX
  5
11A
330
68
100
AcDbEntity
  8
1_ANYTOOL_1MMDEEP_LABELS_S
100
AcDbVertex
100
AcDb2dVertex
 10
41.74285714285907
 20
-11.74285714285361
 30
0.0
  0
VERTEX
  5
11B
330
68
100
AcDbEntity
  8
1_ANYTOOL_1MMDEEP_LABELS_S
100
AcDbVertex
100
AcDb2dVertex
 10
42.45803571428777
 20
-12.1339285714264
 30
0.0
  0
VERTEX
  5
11C
330
68
100
AcDbEntity
  8
1_ANYTOOL_1MMDEEP_LABELS_S
100
AcDbVertex
100
AcDb2dVertex
 10
43.18928571428785
 20
-12.5142857142846
 30
0.0
  0
VERTEX
  5
11D
330
68
100
AcDbEntity
  8
1_ANYTOOL_1MMDEEP_LABELS_S
100
AcDbVertex
100
AcDb2dVertex
 10
43.93660714285929
 20
-12.88392857142821
 30
0.0
  0
VERTEX
  5
11E
330
68
100
AcDbEntity
  8
1_ANYTOOL_1MMDEEP_LABELS_S
100
AcDbVertex
100
AcDb2dVertex
 10
44.70000000000209
 20
-13.24285714285725
 30
0.0
  0
VERTEX
  5
11F
330
68
100
AcDbEntity
  8
1_ANYTOOL_1MMDEEP_LABELS_S
100
AcDbVertex
100
AcDb2dVertex
 10
45.47946428571626
 20
-13.59107142857169
 30
0.0
  0
VERTEX
  5
120
330
68
100
AcDbEntity
  8
1_ANYTOOL_1MMDEEP_LABELS_S
100
AcDbVertex
100
AcDb2dVertex
 10
46.2750000000018
 20
-13.92857142857156
 30
0.0
  0
VERTEX
  5
121
330
68
100
AcDbEntity
  8
1_ANYTOOL_1MMDEEP_LABELS_S
100
AcDbVertex
100
AcDb2dVertex
 10
47.0866071428587
 20
-14.25535714285684
 30
0.0
  0
VERTEX
  5
122
330
68
100
AcDbEntity
  8
1_ANYTOOL_1MMDEEP_LABELS_S
100
AcDbVertex
100
AcDb2dVertex
 10
47.91428571428696
 20
-14.57142857142753
 30
0.0
  0
VERTEX
  5
123
330
68
100
AcDbEntity
  8
1_ANYTOOL_1MMDEEP_LABELS_S
100
AcDbVertex
100
AcDb2dVertex
 10
48.73995535714423
 20
-14.87946428571422
 30
0.0
  0
VERTEX
  5
124
330
68
100
AcDbEntity
  8
1_ANYTOOL_1MMDEEP_LABELS_S
100
AcDbVertex
100
AcDb2dVertex
 10
49.54553571428721
 20
-15.2035714285721
 30
0.0
  0
VERTEX
  5
125
330
68
100
AcDbEntity
  8
1_ANYTOOL_1MMDEEP_LABELS_S
100
AcDbVertex
100
AcDb2dVertex
 10
50.33102678571592
 20
-15.54375000000118
 30
0.0
  0
VERTEX
  5
126
330
68
100
AcDbEntity
  8
1_ANYTOOL_1MMDEEP_LABELS_S
100
AcDbVertex
100
AcDb2dVertex
 10
51.09642857143035
 20
-15.90000000000146
 30
0.0
  0
VERTEX
  5
127
330
68
100
AcDbEntity
  8
1_ANYTOOL_1MMDEEP_LABELS_S
100
AcDbVertex
100
AcDb2dVertex
 10
51.8417410714305
 20
-16.27232142857292
 30
0.0
  0
VERTEX
  5
128
330
68
100
AcDbEntity
  8
1_ANYTOOL_1MMDEEP_LABELS_S
100
AcDbVertex
100
AcDb2dVertex
 10
52.56696428571638
 20
-16.66071428571558
 30
0.0
  0
VERTEX
  5
129
330
68
100
AcDbEntity
  8
1_ANYTOOL_1MMDEEP_LABELS_S
100
AcDbVertex
100
AcDb2dVertex
 10
53.27209821428798
 20
-17.06517857142944
 30
0.0
  0
VERTEX
  5
12A
330
68
100
AcDbEntity
  8
1_ANYTOOL_1MMDEEP_LABELS_S
100
AcDbVertex
100
AcDb2dVertex
 10
53.9571428571453
 20
-17.48571428571449
 30
0.0
  0
VERTEX
  5
12B
330
68
100
AcDbEntity
  8
1_ANYTOOL_1MMDEEP_LABELS_S
100
AcDbVertex
100
AcDb2dVertex
 10
54.12296316964523
 20
-17.59482421875002
 30
0.0
  0
VERTEX
  5
12C
330
68
100
AcDbEntity
  8
1_ANYTOOL_1MMDEEP_LABELS_S
100
AcDbVertex
100
AcDb2dVertex
 10
54.28292410714517
 20
-17.70786830357127
 30
0.0
  0
VERTEX
  5
12D
330
68
100
AcDbEntity
  8
1_ANYTOOL_1MMDEEP_LABELS_S
100
AcDbVertex
100
AcDb2dVertex
 10
54.43702566964511
 20
-17.82484654017826
 30
0.0
  0
VERTEX
  5
12E
330
68
100
AcDbEntity
  8
1_ANYTOOL_1MMDEEP_LABELS_S
100
AcDbVertex
100
AcDb2dVertex
 10
54.51187918527008
 20
-17.8848109654014
 30
0.0
  0
VERTEX
  5
12F
330
68
100
AcDbEntity
  8
1_ANYTOOL_1MMDEEP_LABELS_S
100
AcDbVertex
100
AcDb2dVertex
 10
54.58526785714506
 20
-17.94575892857097
 30
0.0
  0
VERTEX
  5
130
330
68
100
AcDbEntity
  8
1_ANYTOOL_1MMDEEP_LABELS_S
100
AcDbVertex
100
AcDb2dVertex
 10
54.65719168527003
 20
-18.00769042968697
 30
0.0
  0
VERTEX
  5
131
330
68
100
AcDbEntity
  8
1_ANYTOOL_1MMDEEP_LABELS_S
100
AcDbVertex
100
AcDb2dVertex
 10
54.727650669645
 20
-18.07060546874941
 30
0.0
  0
VERTEX
  5
132
330
68
100
AcDbEntity
  8
1_ANYTOOL_1MMDEEP_LABELS_S
100
AcDbVertex
100
AcDb2dVertex
 10
54.79664481026998
 20
-18.13450404575827
 30
0.0
  0
VERTEX
  5
133
330
68
100
AcDbEntity
  8
1_ANYTOOL_1MMDEEP_LABELS_S
100
AcDbVertex
100
AcDb2dVertex
 10
54.86417410714495
 20
-18.19938616071357
 30
0.0
  0
VERTEX
  5
134
330
68
100
AcDbEntity
  8
1_ANYTOOL_1MMDEEP_LABELS_S
100
AcDbVertex
100
AcDb2dVertex
 10
54.93023856026993
 20
-18.2652518136153
 30
0.0
  0
VERTEX
  5
135
330
68
100
AcDbEntity
  8
1_ANYTOOL_1MMDEEP_LABELS_S
100
AcDbVertex
100
AcDb2dVertex
 10
54.99483816964491
 20
-18.33210100446347
 30
0.0
  0
VERTEX
  5
136
330
68
100
AcDbEntity
  8
1_ANYTOOL_1MMDEEP_LABELS_S
100
AcDbVertex
100
AcDb2dVertex
 10
55.05797293526989
 20
-18.39993373325806
 30
0.0
  0
VERTEX
  5
137
330
68
100
AcDbEntity
  8
1_ANYTOOL_1MMDEEP_LABELS_S
100
AcDbVertex
100
AcDb2dVertex
 10
55.11964285714487
 20
-18.46874999999909
 30
0.0
  0
VERTEX
  5
138
330
68
100
AcDbEntity
  8
1_ANYTOOL_1MMDEEP_LABELS_S
100
AcDbVertex
100
AcDb2dVertex
 10
55.17984793526985
 20
-18.53854980468655
 30
0.0
  0
VERTEX
  5
139
330
68
100
AcDbEntity
  8
1_ANYTOOL_1MMDEEP_LABELS_S
100
AcDbVertex
100
AcDb2dVertex
 10
55.23858816964483
 20
-18.60933314732044
 30
0.0
  0
VERTEX
  5
13A
330
68
100
AcDbEntity
  8
1_ANYTOOL_1MMDEEP_LABELS_S
100
AcDbVertex
100
AcDb2dVertex
 10
55.29586356026981
 20
-18.68110002790077
 30
0.0
  0
VERTEX
  5
13B
330
68
100
AcDbEntity
  8
1_ANYTOOL_1MMDEEP_LABELS_S
100
AcDbVertex
100
AcDb2dVertex
 10
55.3516741071448
 20
-18.75385044642752
 30
0.0
  0
VERTEX
  5
13C
330
68
100
AcDbEntity
  8
1_ANYTOOL_1MMDEEP_LABELS_S
100
AcDbVertex
100
AcDb2dVertex
 10
55.40601981026978
 20
-18.82758440290071
 30
0.0
  0
VERTEX
  5
13D
330
68
100
AcDbEntity
  8
1_ANYTOOL_1MMDEEP_LABELS_S
100
AcDbVertex
100
AcDb2dVertex
 10
55.45890066964476
 20
-18.90230189732033
 30
0.0
  0
VERTEX
  5
13E
330
68
100
AcDbEntity
  8
1_ANYTOOL_1MMDEEP_LABELS_S
100
AcDbVertex
100
AcDb2dVertex
 10
55.51031668526975
 20
-18.97800292968638
 30
0.0
  0
VERTEX
  5
13F
330
68
100
AcDbEntity
  8
1_ANYTOOL_1MMDEEP_LABELS_S
100
AcDbVertex
100
AcDb2dVertex
 10
55.56026785714474
 20
-19.05468749999886
 30
0.0
  0
VERTEX
  5
140
330
68
100
AcDbEntity
  8
1_ANYTOOL_1MMDEEP_LABELS_S
100
AcDbVertex
100
AcDb2dVertex
 10
55.60875418526972
 20
-19.13235560825778
 30
0.0
  0
VERTEX
  5
141
330
68
100
AcDbEntity
  8
1_ANYTOOL_1MMDEEP_LABELS_S
100
AcDbVertex
100
AcDb2dVertex
 10
55.65577566964471
 20
-19.21100725446313
 30
0.0
  0
VERTEX
  5
142
330
68
100
AcDbEntity
  8
1_ANYTOOL_1MMDEEP_LABELS_S
100
AcDbVertex
100
AcDb2dVertex
 10
55.70133231026971
 20
-19.29064243861491
 30
0.0
  0
VERTEX
  5
143
330
68
100
AcDbEntity
  8
1_ANYTOOL_1MMDEEP_LABELS_S
100
AcDbVertex
100
AcDb2dVertex
 10
55.74542410714469
 20
-19.37126116071312
 30
0.0
  0
VERTEX
  5
144
330
68
100
AcDbEntity
  8
1_ANYTOOL_1MMDEEP_LABELS_S
100
AcDbVertex
100
AcDb2dVertex
 10
55.78805106026968
 20
-19.45286342075776
 30
0.0
  0
VERTEX
  5
145
330
68
100
AcDbEntity
  8
1_ANYTOOL_1MMDEEP_LABELS_S
100
AcDbVertex
100
AcDb2dVertex
 10
55.82921316964467
 20
-19.53544921874884
 30
0.0
  0
VERTEX
  5
146
330
68
100
AcDbEntity
  8
1_ANYTOOL_1MMDEEP_LABELS_S
100
AcDbVertex
100
AcDb2dVertex
 10
55.86891043526967
 20
-19.61901855468635
 30
0.0
  0
VERTEX
  5
147
330
68
100
AcDbEntity
  8
1_ANYTOOL_1MMDEEP_LABELS_S
100
AcDbVertex
100
AcDb2dVertex
 10
55.90714285714466
 20
-19.70357142857029
 30
0.0
  0
VERTEX
  5
148
330
68
100
AcDbEntity
  8
1_ANYTOOL_1MMDEEP_LABELS_S
100
AcDbVertex
100
AcDb2dVertex
 10
55.94391043526966
 20
-19.78910784040066
 30
0.0
  0
VERTEX
  5
149
330
68
100
AcDbEntity
  8
1_ANYTOOL_1MMDEEP_LABELS_S
100
AcDbVertex
100
AcDb2dVertex
 10
55.97921316964465
 20
-19.87562779017746
 30
0.0
  0
VERTEX
  5
14A
330
68
100
AcDbEntity
  8
1_ANYTOOL_1MMDEEP_LABELS_S
100
AcDbVertex
100
AcDb2dVertex
 10
56.01305106026965
 20
-19.9631312779007
 30
0.0
  0
VERTEX
  5
14B
330
68
100
AcDbEntity
  8
1_ANYTOOL_1MMDEEP_LABELS_S
100
AcDbVertex
100
AcDb2dVertex
 10
56.04542410714465
 20
-20.05161830357036
 30
0.0
  0
VERTEX
  5
14C
330
68
100
AcDbEntity
  8
1_ANYTOOL_1MMDEEP_LABELS_S
100
AcDbVertex
100
AcDb2dVertex
 10
56.07633231026965
 20
-20.14108886718646
 30
0.0
  0
VERTEX
  5
14D
330
68
100
AcDbEntity
  8
1_ANYTOOL_1MMDEEP_LABELS_S
100
AcDbVertex
100
AcDb2dVertex
 10
56.10577566964464
 20
-20.231542968749
 30
0.0
  0
VERTEX
  5
14E
330
68
100
AcDbEntity
  8
1_ANYTOOL_1MMDEEP_LABELS_S
100
AcDbVertex
100
AcDb2dVertex
 10
56.13375418526964
 20
-20.32298060825796
 30
0.0
  0
VERTEX
  5
14F
330
68
100
AcDbEntity
  8
1_ANYTOOL_1MMDEEP_LABELS_S
100
AcDbVertex
100
AcDb2dVertex
 10
56.16026785714465
 20
-20.41540178571336
 30
0.0
  0
VERTEX
  5
150
330
68
100
AcDbEntity
  8
1_ANYTOOL_1MMDEEP_LABELS_S
100
AcDbVertex
100
AcDb2dVertex
 10
56.20890066964465
 20
-20.60319475446344
 30
0.0
  0
VERTEX
  5
151
330
68
100
AcDbEntity
  8
1_ANYTOOL_1MMDEEP_LABELS_S
100
AcDbVertex
100
AcDb2dVertex
 10
56.25167410714466
 20
-20.79492187499926
 30
0.0
  0
VERTEX
  5
152
330
68
100
AcDbEntity
  8
1_ANYTOOL_1MMDEEP_LABELS_S
100
AcDbVertex
100
AcDb2dVertex
 10
56.28858816964467
 20
-20.99058314732081
 30
0.0
  0
VERTEX
  5
153
330
68
100
AcDbEntity
  8
1_ANYTOOL_1MMDEEP_LABELS_S
100
AcDbVertex
100
AcDb2dVertex
 10
56.31964285714469
 20
-21.19017857142808
 30
0.0
  0
VERTEX
  5
154
330
68
100
AcDbEntity
  8
1_ANYTOOL_1MMDEEP_LABELS_S
100
AcDbVertex
100
AcDb2dVertex
 10
56.3448381696447
 20
-21.39370814732108
 30
0.0
  0
VERTEX
  5
155
330
68
100
AcDbEntity
  8
1_ANYTOOL_1MMDEEP_LABELS_S
100
AcDbVertex
100
AcDb2dVertex
 10
56.36417410714473
 20
-21.60117187499981
 30
0.0
  0
VERTEX
  5
156
330
68
100
AcDbEntity
  8
1_ANYTOOL_1MMDEEP_LABELS_S
100
AcDbVertex
100
AcDb2dVertex
 10
56.37765066964475
 20
-21.81256975446426
 30
0.0
  0
VERTEX
  5
157
330
68
100
AcDbEntity
  8
1_ANYTOOL_1MMDEEP_LABELS_S
100
AcDbVertex
100
AcDb2dVertex
 10
56.38526785714478
 20
-22.02790178571445
 30
0.0
  0
VERTEX
  5
158
330
68
100
AcDbEntity
  8
1_ANYTOOL_1MMDEEP_LABELS_S
100
AcDbVertex
100
AcDb2dVertex
 10
56.38702566964481
 20
-22.24716796875036
 30
0.0
  0
VERTEX
  5
159
330
68
100
AcDbEntity
  8
1_ANYTOOL_1MMDEEP_LABELS_S
100
AcDbVertex
100
AcDb2dVertex
 10
56.38292410714485
 20
-22.470368303572
 30
0.0
  0
VERTEX
  5
15A
330
68
100
AcDbEntity
  8
1_ANYTOOL_1MMDEEP_LABELS_S
100
AcDbVertex
100
AcDb2dVertex
 10
56.37296316964489
 20
-22.69750279017937
 30
0.0
  0
VERTEX
  5
15B
330
68
100
AcDbEntity
  8
1_ANYTOOL_1MMDEEP_LABELS_S
100
AcDbVertex
100
AcDb2dVertex
 10
56.35714285714494
 20
-22.92857142857247
 30
0.0
  0
VERTEX
  5
15C
330
68
100
AcDbEntity
  8
1_ANYTOOL_1MMDEEP_LABELS_S
100
AcDbVertex
100
AcDb2dVertex
 10
56.33588169643058
 20
-23.15976562500084
 30
0.0
  0
VERTEX
  5
15D
330
68
100
AcDbEntity
  8
1_ANYTOOL_1MMDEEP_LABELS_S
100
AcDbVertex
100
AcDb2dVertex
 10
56.30959821428766
 20
-23.38727678571493
 30
0.0
  0
VERTEX
  5
15E
330
68
100
AcDbEntity
  8
1_ANYTOOL_1MMDEEP_LABELS_S
100
AcDbVertex
100
AcDb2dVertex
 10
56.27829241071617
 20
-23.61110491071475
 30
0.0
  0
VERTEX
  5
15F
330
68
100
AcDbEntity
  8
1_ANYTOOL_1MMDEEP_LABELS_S
100
AcDbVertex
100
AcDb2dVertex
 10
56.24196428571611
 20
-23.8312500000003
 30
0.0
  0
VERTEX
  5
160
330
68
100
AcDbEntity
  8
1_ANYTOOL_1MMDEEP_LABELS_S
100
AcDbVertex
100
AcDb2dVertex
 10
56.20061383928748
 20
-24.04771205357157
 30
0.0
  0
VERTEX
  5
161
330
68
100
AcDbEntity
  8
1_ANYTOOL_1MMDEEP_LABELS_S
100
AcDbVertex
100
AcDb2dVertex
 10
56.15424107143028
 20
-24.26049107142856
 30
0.0
  0
VERTEX
  5
162
330
68
100
AcDbEntity
  8
1_ANYTOOL_1MMDEEP_LABELS_S
100
AcDbVertex
100
AcDb2dVertex
 10
56.10284598214451
 20
-24.46958705357128
 30
0.0
  0
VERTEX
  5
163
330
68
100
AcDbEntity
  8
1_ANYTOOL_1MMDEEP_LABELS_S
100
AcDbVertex
100
AcDb2dVertex
 10
56.04642857143017
 20
-24.67499999999973
 30
0.0
  0
VERTEX
  5
164
330
68
100
AcDbEntity
  8
1_ANYTOOL_1MMDEEP_LABELS_S
100
AcDbVertex
100
AcDb2dVertex
 10
55.98498883928726
 20
-24.8767299107139
 30
0.0
  0
VERTEX
  5
165
330
68
100
AcDbEntity
  8
1_ANYTOOL_1MMDEEP_LABELS_S
100
AcDbVertex
100
AcDb2dVertex
 10
55.91852678571578
 20
-25.07477678571379
 30
0.0
  0
VERTEX
  5
166
330
68
100
AcDbEntity
  8
1_ANYTOOL_1MMDEEP_LABELS_S
100
AcDbVertex
100
AcDb2dVertex
 10
55.84704241071574
 20
-25.26914062499942
 30
0.0
  0
VERTEX
  5
167
330
68
100
AcDbEntity
  8
1_ANYTOOL_1MMDEEP_LABELS_S
100
AcDbVertex
100
AcDb2dVertex
 10
55.77053571428712
 20
-25.45982142857076
 30
0.0
  0
VERTEX
  5
168
330
68
100
AcDbEntity
  8
1_ANYTOOL_1MMDEEP_LABELS_S
100
AcDbVertex
100
AcDb2dVertex
 10
55.68900669642994
 20
-25.64681919642783
 30
0.0
  0
VERTEX
  5
169
330
68
100
AcDbEntity
  8
1_ANYTOOL_1MMDEEP_LABELS_S
100
AcDbVertex
100
AcDb2dVertex
 10
55.60245535714418
 20
-25.83013392857063
 30
0.0
  0
VERTEX
  5
16A
330
68
100
AcDbEntity
  8
1_ANYTOOL_1MMDEEP_LABELS_S
100
AcDbVertex
100
AcDb2dVertex
 10
55.51088169642986
 20
-26.00976562499915
 30
0.0
  0
VERTEX
  5
16B
330
68
100
AcDbEntity
  8
1_ANYTOOL_1MMDEEP_LABELS_S
100
AcDbVertex
100
AcDb2dVertex
 10
55.41428571428696
 20
-26.1857142857134
 30
0.0
  0
VERTEX
  5
16C
330
68
100
AcDbEntity
  8
1_ANYTOOL_1MMDEEP_LABELS_S
100
AcDbVertex
100
AcDb2dVertex
 10
55.3126674107155
 20
-26.35797991071338
 30
0.0
  0
VERTEX
  5
16D
330
68
100
AcDbEntity
  8
1_ANYTOOL_1MMDEEP_LABELS_S
100
AcDbVertex
100
AcDb2dVertex
 10
55.20602678571547
 20
-26.52656249999907
 30
0.0
  0
VERTEX
  5
16E
330
68
100
AcDbEntity
  8
1_ANYTOOL_1MMDEEP_LABELS_S
100
AcDbVertex
100
AcDb2dVertex
 10
55.09436383928686
 20
-26.6914620535705
 30
0.0
  0
VERTEX
  5
16F
330
68
100
AcDbEntity
  8
1_ANYTOOL_1MMDEEP_LABELS_S
100
AcDbVertex
100
AcDb2dVertex
 10
54.97767857142969
 20
-26.85267857142765
 30
0.0
  0
VERTEX
  5
170
330
68
100
AcDbEntity
  8
1_ANYTOOL_1MMDEEP_LABELS_S
100
AcDbVertex
100
AcDb2dVertex
 10
54.85597098214395
 20
-27.01021205357052
 30
0.0
  0
VERTEX
  5
171
330
68
100
AcDbEntity
  8
1_ANYTOOL_1MMDEEP_LABELS_S
100
AcDbVertex
100
AcDb2dVertex
 10
54.72924107142964
 20
-27.16406249999912
 30
0.0
  0
VERTEX
  5
172
330
68
100
AcDbEntity
  8
1_ANYTOOL_1MMDEEP_LABELS_S
100
AcDbVertex
100
AcDb2dVertex
 10
54.59748883928676
 20
-27.31422991071344
 30
0.0
  0
VERTEX
  5
173
330
68
100
AcDbEntity
  8
1_ANYTOOL_1MMDEEP_LABELS_S
100
AcDbVertex
100
AcDb2dVertex
 10
54.46071428571531
 20
-27.46071428571349
 30
0.0
  0
VERTEX
  5
174
330
68
100
AcDbEntity
  8
1_ANYTOOL_1MMDEEP_LABELS_S
100
AcDbVertex
100
AcDb2dVertex
 10
54.31891741071529
 20
-27.60351562499927
 30
0.0
  0
VERTEX
  5
175
330
68
100
AcDbEntity
  8
1_ANYTOOL_1MMDEEP_LABELS_S
100
AcDbVertex
100
AcDb2dVertex
 10
54.17209821428671
 20
-27.74263392857077
 30
0.0
  0
VERTEX
  5
176
330
68
100
AcDbEntity
  8
1_ANYTOOL_1MMDEEP_LABELS_S
100
AcDbVertex
100
AcDb2dVertex
 10
54.02025669642955
 20
-27.87806919642799
 30
0.0
  0
VERTEX
  5
177
330
68
100
AcDbEntity
  8
1_ANYTOOL_1MMDEEP_LABELS_S
100
AcDbVertex
100
AcDb2dVertex
 10
53.86339285714382
 20
-28.00982142857094
 30
0.0
  0
VERTEX
  5
178
330
68
100
AcDbEntity
  8
1_ANYTOOL_1MMDEEP_LABELS_S
100
AcDbVertex
100
AcDb2dVertex
 10
53.70150669642953
 20
-28.13789062499962
 30
0.0
  0
VERTEX
  5
179
330
68
100
AcDbEntity
  8
1_ANYTOOL_1MMDEEP_LABELS_S
100
AcDbVertex
100
AcDb2dVertex
 10
53.53459821428666
 20
-28.26227678571402
 30
0.0
  0
VERTEX
  5
17A
330
68
100
AcDbEntity
  8
1_ANYTOOL_1MMDEEP_LABELS_S
100
AcDbVertex
100
AcDb2dVertex
 10
53.36266741071523
 20
-28.38297991071415
 30
0.0
  0
VERTEX
  5
17B
330
68
100
AcDbEntity
  8
1_ANYTOOL_1MMDEEP_LABELS_S
100
AcDbVertex
100
AcDb2dVertex
 10
53.18571428571522
 20
-28.5
 30
0.0
  0
VERTEX
  5
17C
330
68
100
AcDbEntity
  8
1_ANYTOOL_1MMDEEP_LABELS_S
100
AcDbVertex
100
AcDb2dVertex
 10
52.82494419642972
 20
-28.71813616071464
 30
0.0
  0
VERTEX
  5
17D
330
68
100
AcDbEntity
  8
1_ANYTOOL_1MMDEEP_LABELS_S
100
AcDbVertex
100
AcDb2dVertex
 10
52.46049107142991
 20
-28.92254464285782
 30
0.0
  0
VERTEX
  5
17E
330
68
100
AcDbEntity
  8
1_ANYTOOL_1MMDEEP_LABELS_S
100
AcDbVertex
100
AcDb2dVertex
 10
52.09235491071581
 20
-29.11322544642954
 30
0.0
  0
VERTEX
  5
17F
330
68
100
AcDbEntity
  8
1_ANYTOOL_1MMDEEP_LABELS_S
100
AcDbVertex
100
AcDb2dVertex
 10
51.72053571428739
 20
-29.29017857142981
 30
0.0
  0
VERTEX
  5
180
330
68
100
AcDbEntity
  8
1_ANYTOOL_1MMDEEP_LABELS_S
100
AcDbVertex
100
AcDb2dVertex
 10
51.34503348214468
 20
-29.45340401785862
 30
0.0
  0
VERTEX
  5
181
330
68
100
AcDbEntity
  8
1_ANYTOOL_1MMDEEP_LABELS_S
100
AcDbVertex
100
AcDb2dVertex
 10
50.96584821428766
 20
-29.60290178571597
 30
0.0
  0
VERTEX
  5
182
330
68
100
AcDbEntity
  8
1_ANYTOOL_1MMDEEP_LABELS_S
100
AcDbVertex
100
AcDb2dVertex
 10
50.58297991071634
 20
-29.73867187500187
 30
0.0
  0
VERTEX
  5
183
330
68
100
AcDbEntity
  8
1_ANYTOOL_1MMDEEP_LABELS_S
100
AcDbVertex
100
AcDb2dVertex
 10
50.39016462053782
 20
-29.80140904018052
 30
0.0
  0
VERTEX
  5
184
330
68
100
AcDbEntity
  8
1_ANYTOOL_1MMDEEP_LABELS_S
100
AcDbVertex
100
AcDb2dVertex
 10
50.19642857143072
 20
-29.86071428571631
 30
0.0
  0
VERTEX
  5
185
330
68
100
AcDbEntity
  8
1_ANYTOOL_1MMDEEP_LABELS_S
100
AcDbVertex
100
AcDb2dVertex
 10
50.00177176339504
 20
-29.91658761160924
 30
0.0
  0
VERTEX
  5
186
330
68
100
AcDbEntity
  8
1_ANYTOOL_1MMDEEP_LABELS_S
100
AcDbVertex
100
AcDb2dVertex
 10
49.80619419643079
 20
-29.9690290178593
 30
0.0
  0
VERTEX
  5
187
330
68
100
AcDbEntity
  8
1_ANYTOOL_1MMDEEP_LABELS_S
100
AcDbVertex
100
AcDb2dVertex
 10
49.60969587053796
 20
-30.0180385044665
 30
0.0
  0
VERTEX
  5
188
330
68
100
AcDbEntity
  8
1_ANYTOOL_1MMDEEP_LABELS_S
100
AcDbVertex
100
AcDb2dVertex
 10
49.41227678571656
 20
-30.06361607143083
 30
0.0
  0
VERTEX
  5
189
330
68
100
AcDbEntity
  8
1_ANYTOOL_1MMDEEP_LABELS_S
100
AcDbVertex
100
AcDb2dVertex
 10
49.21393694196658
 20
-30.1057617187523
 30
0.0
  0
VERTEX
  5
18A
330
68
100
AcDbEntity
  8
1_ANYTOOL_1MMDEEP_LABELS_S
100
AcDbVertex
100
AcDb2dVertex
 10
49.01467633928802
 20
-30.1444754464309
 30
0.0
  0
VERTEX
  5
18B
330
68
100
AcDbEntity
  8
1_ANYTOOL_1MMDEEP_LABELS_S
100
AcDbVertex
100
AcDb2dVertex
 10
48.61339285714519
 20
-30.21160714285952
 30
0.0
  0
VERTEX
  5
18C
330
68
100
AcDbEntity
  8
1_ANYTOOL_1MMDEEP_LABELS_S
100
AcDbVertex
100
AcDb2dVertex
 10
48.20842633928805
 20
-30.26501116071668
 30
0.0
  0
VERTEX
  5
18D
330
68
100
AcDbEntity
  8
1_ANYTOOL_1MMDEEP_LABELS_S
100
AcDbVertex
100
AcDb2dVertex
 10
47.7997767857166
 20
-30.30468750000239
 30
0.0
  0
VERTEX
  5
18E
330
68
100
AcDbEntity
  8
1_ANYTOOL_1MMDEEP_LABELS_S
100
AcDbVertex
100
AcDb2dVertex
 10
47.38744419643086
 20
-30.33063616071664
 30
0.0
  0
VERTEX
  5
18F
330
68
100
AcDbEntity
  8
1_ANYTOOL_1MMDEEP_LABELS_S
100
AcDbVertex
100
AcDb2dVertex
 10
46.97142857143081
 20
-30.34285714285943
 30
0.0
  0
VERTEX
  5
190
330
68
100
AcDbEntity
  8
1_ANYTOOL_1MMDEEP_LABELS_S
100
AcDbVertex
100
AcDb2dVertex
 10
46.56110491071639
 20
-30.34185267857364
 30
0.0
  0
VERTEX
  5
191
330
68
100
AcDbEntity
  8
1_ANYTOOL_1MMDEEP_LABELS_S
100
AcDbVertex
100
AcDb2dVertex
 10
46.15513392857341
 20
-30.32812500000216
 30
0.0
  0
VERTEX
  5
192
330
68
100
AcDbEntity
  8
1_ANYTOOL_1MMDEEP_LABELS_S
100
AcDbVertex
100
AcDb2dVertex
 10
45.75351562500186
 20
-30.30167410714498
 30
0.0
  0
VERTEX
  5
193
330
68
100
AcDbEntity
  8
1_ANYTOOL_1MMDEEP_LABELS_S
100
AcDbVertex
100
AcDb2dVertex
 10
45.35625000000175
 20
-30.26250000000209
 30
0.0
  0
VERTEX
  5
194
330
68
100
AcDbEntity
  8
1_ANYTOOL_1MMDEEP_LABELS_S
100
AcDbVertex
100
AcDb2dVertex
 10
44.96333705357308
 20
-30.21060267857351
 30
0.0
  0
VERTEX
  5
195
330
68
100
AcDbEntity
  8
1_ANYTOOL_1MMDEEP_LABELS_S
100
AcDbVertex
100
AcDb2dVertex
 10
44.57477678571584
 20
-30.14598214285922
 30
0.0
  0
VERTEX
  5
196
330
68
100
AcDbEntity
  8
1_ANYTOOL_1MMDEEP_LABELS_S
100
AcDbVertex
100
AcDb2dVertex
 10
44.19056919643004
 20
-30.06863839285924
 30
0.0
  0
VERTEX
  5
197
330
68
100
AcDbEntity
  8
1_ANYTOOL_1MMDEEP_LABELS_S
100
AcDbVertex
100
AcDb2dVertex
 10
43.81071428571568
 20
-29.97857142857356
 30
0.0
  0
VERTEX
  5
198
330
68
100
AcDbEntity
  8
1_ANYTOOL_1MMDEEP_LABELS_S
100
AcDbVertex
100
AcDb2dVertex
 10
43.43521205357275
 20
-29.87578125000218
 30
0.0
  0
VERTEX
  5
199
330
68
100
AcDbEntity
  8
1_ANYTOOL_1MMDEEP_LABELS_S
100
AcDbVertex
100
AcDb2dVertex
 10
43.06406250000126
 20
-29.7602678571451
 30
0.0
  0
VERTEX
  5
19A
330
68
100
AcDbEntity
  8
1_ANYTOOL_1MMDEEP_LABELS_S
100
AcDbVertex
100
AcDb2dVertex
 10
42.6972656250012
 20
-29.63203125000231
 30
0.0
  0
VERTEX
  5
19B
330
68
100
AcDbEntity
  8
1_ANYTOOL_1MMDEEP_LABELS_S
100
AcDbVertex
100
AcDb2dVertex
 10
42.33482142857258
 20
-29.49107142857383
 30
0.0
  0
VERTEX
  5
19C
330
68
100
AcDbEntity
  8
1_ANYTOOL_1MMDEEP_LABELS_S
100
AcDbVertex
100
AcDb2dVertex
 10
41.9767299107154
 20
-29.33738839285965
 30
0.0
  0
VERTEX
  5
19D
330
68
100
AcDbEntity
  8
1_ANYTOOL_1MMDEEP_LABELS_S
100
AcDbVertex
100
AcDb2dVertex
 10
41.62299107142965
 20
-29.17098214285977
 30
0.0
  0
VERTEX
  5
19E
330
68
100
AcDbEntity
  8
1_ANYTOOL_1MMDEEP_LABELS_S
100
AcDbVertex
100
AcDb2dVertex
 10
41.27360491071534
 20
-28.99185267857419
 30
0.0
  0
VERTEX
  5
19F
330
68
100
AcDbEntity
  8
1_ANYTOOL_1MMDEEP_LABELS_S
100
AcDbVertex
100
AcDb2dVertex
 10
40.92857142857247
 20
-28.80000000000291
 30
0.0
  0
VERTEX
  5
1A0
330
68
100
AcDbEntity
  8
1_ANYTOOL_1MMDEEP_LABELS_S
100
AcDbVertex
100
AcDb2dVertex
 10
40.75982142857247
 20
-28.6994280133954
 30
0.0
  0
VERTEX
  5
1A1
330
68
100
AcDbEntity
  8
1_ANYTOOL_1MMDEEP_LABELS_S
100
AcDbVertex
100
AcDb2dVertex
 10
40.5964285714296
 20
-28.5959263392879
 30
0.0
  0
VERTEX
  5
1A2
330
68
100
AcDbEntity
  8
1_ANYTOOL_1MMDEEP_LABELS_S
100
AcDbVertex
100
AcDb2dVertex
 10
40.43839285714388
 20
-28.48949497768042
 30
0.0
  0
VERTEX
  5
1A3
330
68
100
AcDbEntity
  8
1_ANYTOOL_1MMDEEP_LABELS_S
100
AcDbVertex
100
AcDb2dVertex
 10
40.2857142857153
 20
-28.38013392857295
 30
0.0
  0
VERTEX
  5
1A4
330
68
100
AcDbEntity
  8
1_ANYTOOL_1MMDEEP_LABELS_S
100
AcDbVertex
100
AcDb2dVertex
 10
40.13839285714387
 20
-28.26784319196549
 30
0.0
  0
VERTEX
  5
1A5
330
68
100
AcDbEntity
  8
1_ANYTOOL_1MMDEEP_LABELS_S
100
AcDbVertex
100
AcDb2dVertex
 10
39.99642857142958
 20
-28.15262276785805
 30
0.0
  0
VERTEX
  5
1A6
330
68
100
AcDbEntity
  8
1_ANYTOOL_1MMDEEP_LABELS_S
100
AcDbVertex
100
AcDb2dVertex
 10
39.85982142857243
 20
-28.03447265625062
 30
0.0
  0
VERTEX
  5
1A7
330
68
100
AcDbEntity
  8
1_ANYTOOL_1MMDEEP_LABELS_S
100
AcDbVertex
100
AcDb2dVertex
 10
39.72857142857242
 20
-27.91339285714321
 30
0.0
  0
VERTEX
  5
1A8
330
68
100
AcDbEntity
  8
1_ANYTOOL_1MMDEEP_LABELS_S
100
AcDbVertex
100
AcDb2dVertex
 10
39.60267857142956
 20
-27.78938337053581
 30
0.0
  0
VERTEX
  5
1A9
330
68
100
AcDbEntity
  8
1_ANYTOOL_1MMDEEP_LABELS_S
100
AcDbVertex
100
AcDb2dVertex
 10
39.48214285714384
 20
-27.66244419642842
 30
0.0
  0
VERTEX
  5
1AA
330
68
100
AcDbEntity
  8
1_ANYTOOL_1MMDEEP_LABELS_S
100
AcDbVertex
100
AcDb2dVertex
 10
39.36696428571527
 20
-27.53257533482105
 30
0.0
  0
VERTEX
  5
1AB
330
68
100
AcDbEntity
  8
1_ANYTOOL_1MMDEEP_LABELS_S
100
AcDbVertex
100
AcDb2dVertex
 10
39.25714285714383
 20
-27.3997767857137
 30
0.0
  0
VERTEX
  5
1AC
330
68
100
AcDbEntity
  8
1_ANYTOOL_1MMDEEP_LABELS_S
100
AcDbVertex
100
AcDb2dVertex
 10
39.20424107142955
 20
-27.33227887834752
 30
0.0
  0
VERTEX
  5
1AD
330
68
100
AcDbEntity
  8
1_ANYTOOL_1MMDEEP_LABELS_S
100
AcDbVertex
100
AcDb2dVertex
 10
39.15267857142955
 20
-27.26404854910636
 30
0.0
  0
VERTEX
  5
1AE
330
68
100
AcDbEntity
  8
1_ANYTOOL_1MMDEEP_LABELS_S
100
AcDbVertex
100
AcDb2dVertex
 10
39.10245535714383
 20
-27.19508579799019
 30
0.0
  0
VERTEX
  5
1AF
330
68
100
AcDbEntity
  8
1_ANYTOOL_1MMDEEP_LABELS_S
100
AcDbVertex
100
AcDb2dVertex
 10
39.0535714285724
 20
-27.12539062499903
 30
0.0
  0
VERTEX
  5
1B0
330
68
100
AcDbEntity
  8
1_ANYTOOL_1MMDEEP_LABELS_S
100
AcDbVertex
100
AcDb2dVertex
 10
39.00602678571525
 20
-27.05496303013287
 30
0.0
  0
VERTEX
  5
1B1
330
68
100
AcDbEntity
  8
1_ANYTOOL_1MMDEEP_LABELS_S
100
AcDbVertex
100
AcDb2dVertex
 10
38.9598214285724
 20
-26.98380301339171
 30
0.0
  0
VERTEX
  5
1B2
330
68
100
AcDbEntity
  8
1_ANYTOOL_1MMDEEP_LABELS_S
100
AcDbVertex
100
AcDb2dVertex
 10
38.91495535714382
 20
-26.91191057477556
 30
0.0
  0
VERTEX
  5
1B3
330
68
100
AcDbEntity
  8
1_ANYTOOL_1MMDEEP_LABELS_S
100
AcDbVertex
100
AcDb2dVertex
 10
38.87142857142953
 20
-26.83928571428442
 30
0.0
  0
VERTEX
  5
1B4
330
68
100
AcDbEntity
  8
1_ANYTOOL_1MMDEEP_LABELS_S
100
AcDbVertex
100
AcDb2dVertex
 10
38.82924107142954
 20
-26.76592843191827
 30
0.0
  0
VERTEX
  5
1B5
330
68
100
AcDbEntity
  8
1_ANYTOOL_1MMDEEP_LABELS_S
100
AcDbVertex
100
AcDb2dVertex
 10
38.78839285714382
 20
-26.69183872767713
 30
0.0
  0
VERTEX
  5
1B6
330
68
100
AcDbEntity
  8
1_ANYTOOL_1MMDEEP_LABELS_S
100
AcDbVertex
100
AcDb2dVertex
 10
38.74888392857238
 20
-26.61701660156099
 30
0.0
  0
VERTEX
  5
1B7
330
68
100
AcDbEntity
  8
1_ANYTOOL_1MMDEEP_LABELS_S
100
AcDbVertex
100
AcDb2dVertex
 10
38.71071428571524
 20
-26.54146205356986
 30
0.0
  0
VERTEX
  5
1B8
330
68
100
AcDbEntity
  8
1_ANYTOOL_1MMDEEP_LABELS_S
100
AcDbVertex
100
AcDb2dVertex
 10
38.67388392857239
 20
-26.46517508370373
 30
0.0
  0
VERTEX
  5
1B9
330
68
100
AcDbEntity
  8
1_ANYTOOL_1MMDEEP_LABELS_S
100
AcDbVertex
100
AcDb2dVertex
 10
38.63839285714381
 20
-26.3881556919626
 30
0.0
  0
VERTEX
  5
1BA
330
68
100
AcDbEntity
  8
1_ANYTOOL_1MMDEEP_LABELS_S
100
AcDbVertex
100
AcDb2dVertex
 10
38.60424107142953
 20
-26.31040387834648
 30
0.0
  0
VERTEX
  5
1BB
330
68
100
AcDbEntity
  8
1_ANYTOOL_1MMDEEP_LABELS_S
100
AcDbVertex
100
AcDb2dVertex
 10
38.57142857142952
 20
-26.23191964285536
 30
0.0
  0
VERTEX
  5
1BC
330
68
100
AcDbEntity
  8
1_ANYTOOL_1MMDEEP_LABELS_S
100
AcDbVertex
100
AcDb2dVertex
 10
38.53995535714381
 20
-26.15270298548924
 30
0.0
  0
VERTEX
  5
1BD
330
68
100
AcDbEntity
  8
1_ANYTOOL_1MMDEEP_LABELS_S
100
AcDbVertex
100
AcDb2dVertex
 10
38.50982142857238
 20
-26.07275390624813
 30
0.0
  0
VERTEX
  5
1BE
330
68
100
AcDbEntity
  8
1_ANYTOOL_1MMDEEP_LABELS_S
100
AcDbVertex
100
AcDb2dVertex
 10
38.48102678571524
 20
-25.99207240513202
 30
0.0
  0
VERTEX
  5
1BF
330
68
100
AcDbEntity
  8
1_ANYTOOL_1MMDEEP_LABELS_S
100
AcDbVertex
100
AcDb2dVertex
 10
38.45357142857237
 20
-25.91065848214092
 30
0.0
  0
VERTEX
  5
1C0
330
68
100
AcDbEntity
  8
1_ANYTOOL_1MMDEEP_LABELS_S
100
AcDbVertex
100
AcDb2dVertex
 10
38.40267857142952
 20
-25.74563337053372
 30
0.0
  0
VERTEX
  5
1C1
330
68
100
AcDbEntity
  8
1_ANYTOOL_1MMDEEP_LABELS_S
100
AcDbVertex
100
AcDb2dVertex
 10
38.3571428571438
 20
-25.57767857142653
 30
0.0
  0
VERTEX
  5
1C2
330
68
100
AcDbEntity
  8
1_ANYTOOL_1MMDEEP_LABELS_S
100
AcDbVertex
100
AcDb2dVertex
 10
38.31696428571523
 20
-25.40679408481936
 30
0.0
  0
VERTEX
  5
1C3
330
68
100
AcDbEntity
  8
1_ANYTOOL_1MMDEEP_LABELS_S
100
AcDbVertex
100
AcDb2dVertex
 10
38.2821428571438
 20
-25.2329799107122
 30
0.0
  0
VERTEX
  5
1C4
330
68
100
AcDbEntity
  8
1_ANYTOOL_1MMDEEP_LABELS_S
100
AcDbVertex
100
AcDb2dVertex
 10
38.25267857142951
 20
-25.05623604910506
 30
0.0
  0
VERTEX
  5
1C5
330
68
100
AcDbEntity
  8
1_ANYTOOL_1MMDEEP_LABELS_S
100
AcDbVertex
100
AcDb2dVertex
 10
38.22857142857237
 20
-24.87656249999793
 30
0.0
  0
VERTEX
  5
1C6
330
68
100
AcDbEntity
  8
1_ANYTOOL_1MMDEEP_LABELS_S
100
AcDbVertex
100
AcDb2dVertex
 10
38.20982142857237
 20
-24.69395926339082
 30
0.0
  0
VERTEX
  5
1C7
330
68
100
AcDbEntity
  8
1_ANYTOOL_1MMDEEP_LABELS_S
100
AcDbVertex
100
AcDb2dVertex
 10
38.19642857142951
 20
-24.50842633928372
 30
0.0
  0
VERTEX
  5
1C8
330
68
100
AcDbEntity
  8
1_ANYTOOL_1MMDEEP_LABELS_S
100
AcDbVertex
100
AcDb2dVertex
 10
38.1883928571438
 20
-24.31996372767663
 30
0.0
  0
VERTEX
  5
1C9
330
68
100
AcDbEntity
  8
1_ANYTOOL_1MMDEEP_LABELS_S
100
AcDbVertex
100
AcDb2dVertex
 10
38.18571428571522
 20
-24.12857142856956
 30
0.0
  0
SEQEND
  5
1CA
330
68
100
AcDbEntity
  8
1_ANYTOOL_1MMDEEP_LABELS_S
  0
LINE
  5
1CB
330
1F
100
AcDbEntity
  8
1_ANYTOOL_1MMDEEP_LABELS_S
100
AcDbLine
 10
76.71428571428805
 20
-0.4714285714289872
 30
0.0
 11
59.52857142857283
 21
-31.24285714285361
 31
0.0
  0
POLYLINE
  5
1CC
330
1F
100
AcDbEntity
  8
1_ANYTOOL_1MMDEEP_LABELS_S
100
AcDb2dPolyline
 66
     1
 10
0.0
 20
0.0
 30
0.0
  0
VERTEX
  5
1CD
330
1CC
100
AcDbEntity
  8
1_ANYTOOL_1MMDEEP_LABELS_S
100
AcDbVertex
100
AcDb2dVertex
 10
97.9714285714308
 20
0.0
 30
0.0
  0
VERTEX
  5
1CE
330
1CC
100
AcDbEntity
  8
1_ANYTOOL_1MMDEEP_LABELS_S
100
AcDbVertex
100
AcDb2dVertex
 10
80.31428571428842
 20
0.0
 30
0.0
  0
VERTEX
  5
1CF
330
1CC
100
AcDbEntity
  8
1_ANYTOOL_1MMDEEP_LABELS_S
100
AcDbVertex
100
AcDb2dVertex
 10
80.31428571428842
 20
-30.0
 30
0.0
  0
SEQEND
  5
1D0
330
1CC
100
AcDbEntity
  8
1_ANYTOOL_1MMDEEP_LABELS_S
  0
LINE
  5
1D1
330
1F
100
AcDbEntity
  8
1_ANYTOOL_1MMDEEP_LABELS_S
100
AcDbLine
 10
94.80000000000109
 20
-13.97142857142899
 30
0.0
 11
80.31428571428842
 21
-13.97142857142899
 31
0.0
  0
POLYLINE
  5
1D3
330
1F
100
AcDbEntity
  8
5_ANYTOOL_HALF_MILL_9MM_IN
100
AcDb2dPolyline
 66
     1
 10
0.0
 20
0.0
 30
0.0000000000088349
 70
     1
  0
VERTEX
  5
1D4
330
1D3
100
AcDbEntity
  8
5_ANYTOOL_HALF_MILL_9MM_IN
100
AcDbVertex
100
AcDb2dVertex
 10
244.0827273756131
 20
-82.96209507422464
 30
0.0000000000088349
 42
-0.9999999980490161
  0
VERTEX
  5
1D5
330
1D3
100
AcDbEntity
  8
5_ANYTOOL_HALF_MILL_9MM_IN
100
AcDbVertex
100
AcDb2dVertex
 10
286.5827273755913
 20
-82.96209507418098
 30
0.0000000000088349
  0
VERTEX
  5
1D6
330
1D3
100
AcDbEntity
  8
5_ANYTOOL_HALF_MILL_9MM_IN
100
AcDbVertex
100
AcDb2dVertex
 10
286.5827273760988
 20
-89.21209507466847
 30
0.0000000000088349
  0
VERTEX
  5
1D7
330
1D3
100
AcDbEntity
  8
5_ANYTOOL_HALF_MILL_9MM_IN
100
AcDbVertex
100
AcDb2dVertex
 10
244.0827273751347
 20
-89.21209507471212
 30
0.0000000000088349
  0
SEQEND
  5
1D8
330
1D3
100
AcDbEntity
  8
5_ANYTOOL_HALF_MILL_9MM_IN
  0
POLYLINE
  5
1D9
330
1F
100
AcDbEntity
  8
5_ANYTOOL_HALF_MILL_9MM_IN
100
AcDb2dPolyline
 66
     1
 10
0.0
 20
0.0
 30
0.000000000099913
 70
     1
  0
VERTEX
  5
1DA
330
1D9
100
AcDbEntity
  8
5_ANYTOOL_HALF_MILL_9MM_IN
100
AcDbVertex
100
AcDb2dVertex
 10
49.18272737631924
 20
-82.96209507419553
 30
0.000000000099913
 42
-0.9999999980471311
  0
VERTEX
  5
1DB
330
1D9
100
AcDbEntity
  8
5_ANYTOOL_HALF_MILL_9MM_IN
100
AcDbVertex
100
AcDb2dVertex
 10
91.68272737631014
 20
-82.96209507420281
 30
0.000000000099913
  0
VERTEX
  5
1DC
330
1D9
100
AcDbEntity
  8
5_ANYTOOL_HALF_MILL_9MM_IN
100
AcDbVertex
100
AcDb2dVertex
 10
91.68272737679581
 20
-89.2120950746903
 30
0.000000000099913
  0
VERTEX
  5
1DD
330
1D9
100
AcDbEntity
  8
5_ANYTOOL_HALF_MILL_9MM_IN
100
AcDbVertex
100
AcDb2dVertex
 10
49.18272737582811
 20
-89.21209507468302
 30
0.000000000099913
  0
SEQEND
  5
1DE
330
1D9
100
AcDbEntity
  8
5_ANYTOOL_HALF_MILL_9MM_IN
  0
POLYLINE
  5
1DF
330
1F
100
AcDbEntity
  8
5_ANYTOOL_HALF_MILL_9MM_IN
100
AcDb2dPolyline
 66
     1
 10
0.0
 20
0.0
 30
0.0000000000667678
 70
     1
  0
VERTEX
  5
1E0
330
1DF
100
AcDbEntity
  8
5_ANYTOOL_HALF_MILL_9MM_IN
100
AcDbVertex
100
AcDb2dVertex
 10
-103.2172726229655
 20
-82.96209507422464
 30
0.0000000000667678
 42
0.9999999980421682
  0
VERTEX
  5
1E1
330
1DF
100
AcDbEntity
  8
5_ANYTOOL_HALF_MILL_9MM_IN
100
AcDbVertex
100
AcDb2dVertex
 10
-145.7172726229692
 20
-82.96209507421008
 30
0.0000000000667678
  0
VERTEX
  5
1E2
330
1DF
100
AcDbEntity
  8
5_ANYTOOL_HALF_MILL_9MM_IN
100
AcDbVertex
100
AcDb2dVertex
 10
-145.7172726234658
 20
-89.21209507469757
 30
0.0000000000667678
  0
VERTEX
  5
1E3
330
1DF
100
AcDbEntity
  8
5_ANYTOOL_HALF_MILL_9MM_IN
100
AcDbVertex
100
AcDb2dVertex
 10
-103.217272622478
 20
-89.21209507471212
 30
0.0000000000667678
  0
SEQEND
  5
1E4
330
1DF
100
AcDbEntity
  8
5_ANYTOOL_HALF_MILL_9MM_IN
  0
POLYLINE
  5
1E6
330
1F
100
AcDbEntity
  8
4_ANYTOOL_CUTTHROUGH_OUTSI
100
AcDb2dPolyline
 66
     1
 10
0.0
 20
0.0
 30
0.0
 70
     1
  0
VERTEX
  5
1E7
330
1E6
100
AcDbEntity
  8
4_ANYTOOL_CUTTHROUGH_OUTSI
100
AcDbVertex
100
AcDb2dVertex
 10
352.1827273302806
 20
-138.7120950746612
 30
0.0
  0
VERTEX
  5
1E8
330
1E6
100
AcDbEntity
  8
4_ANYTOOL_CUTTHROUGH_OUTSI
100
AcDbVertex
100
AcDb2dVertex
 10
339.778290124068
 20
-138.7120950746685
 30
0.0
 42
0.3178372451951717
  0
VERTEX
  5
1E9
330
1E6
100
AcDbEntity
  8
4_ANYTOOL_CUTTHROUGH_OUTSI
100
AcDbVertex
100
AcDb2dVertex
 10
333.8857336141822
 20
-142.8787617413186
 30
0.0
 42
-0.7071067811845595
  0
VERTEX
  5
1EA
330
1E6
100
AcDbEntity
  8
4_ANYTOOL_CUTTHROUGH_OUTSI
100
AcDbVertex
100
AcDb2dVertex
 10
311.7297211369951
 20
-142.8787617413182
 30
0.0
 42
0.317837245194498
  0
VERTEX
  5
1EB
330
1E6
100
AcDbEntity
  8
4_ANYTOOL_CUTTHROUGH_OUTSI
100
AcDbVertex
100
AcDb2dVertex
 10
305.8371646271098
 20
-138.7120950746716
 30
0.0
  0
VERTEX
  5
1EC
330
1E6
100
AcDbEntity
  8
4_ANYTOOL_CUTTHROUGH_OUTSI
100
AcDbVertex
100
AcDb2dVertex
 10
293.4381647290556
 20
-138.7120950746466
 30
0.0
  0
VERTEX
  5
1ED
330
1E6
100
AcDbEntity
  8
4_ANYTOOL_CUTTHROUGH_OUTSI
100
AcDbVertex
100
AcDb2dVertex
 10
293.6731587379904
 20
-137.3172248743356
 30
0.0
  0
VERTEX
  5
1EE
330
1E6
100
AcDbEntity
  8
4_ANYTOOL_CUTTHROUGH_OUTSI
100
AcDbVertex
100
AcDb2dVertex
 10
310.5686919646832
 20
-89.04468268082564
 30
0.0
  0
VERTEX
  5
1EF
330
1E6
100
AcDbEntity
  8
4_ANYTOOL_CUTTHROUGH_OUTSI
100
AcDbVertex
100
AcDb2dVertex
 10
310.5827273755912
 20
-88.96209507464664
 30
0.0
 42
0.4142135623720768
  0
VERTEX
  5
1F0
330
1E6
100
AcDbEntity
  8
4_ANYTOOL_CUTTHROUGH_OUTSI
100
AcDbVertex
100
AcDb2dVertex
 10
304.3327273755585
 20
-82.71209507464664
 30
0.0
  0
VERTEX
  5
1F1
330
1E6
100
AcDbEntity
  8
4_ANYTOOL_CUTTHROUGH_OUTSI
100
AcDbVertex
100
AcDb2dVertex
 10
226.3327273756004
 20
-82.7120950747194
 30
0.0
 42
0.4142135623759924
  0
VERTEX
  5
1F2
330
1E6
100
AcDbEntity
  8
4_ANYTOOL_CUTTHROUGH_OUTSI
100
AcDbVertex
100
AcDb2dVertex
 10
220.0827273755822
 20
-88.9620950747194
 30
0.0
  0
VERTEX
  5
1F3
330
1E6
100
AcDbEntity
  8
4_ANYTOOL_CUTTHROUGH_OUTSI
100
AcDbVertex
100
AcDb2dVertex
 10
220.0967627864952
 20
-89.04468268089857
 30
0.0
  0
VERTEX
  5
1F4
330
1E6
100
AcDbEntity
  8
4_ANYTOOL_CUTTHROUGH_OUTSI
100
AcDbVertex
100
AcDb2dVertex
 10
236.9958757809345
 20
-137.3282898537509
 30
0.0
  0
VERTEX
  5
1F5
330
1E6
100
AcDbEntity
  8
4_ANYTOOL_CUTTHROUGH_OUTSI
100
AcDbVertex
100
AcDb2dVertex
 10
237.2272900221355
 20
-138.712095074692
 30
0.0
  0
VERTEX
  5
1F6
330
1E6
100
AcDbEntity
  8
4_ANYTOOL_CUTTHROUGH_OUTSI
100
AcDbVertex
100
AcDb2dVertex
 10
98.53816472978542
 20
-138.712095074683
 30
0.0
  0
VERTEX
  5
1F7
330
1E6
100
AcDbEntity
  8
4_ANYTOOL_CUTTHROUGH_OUTSI
100
AcDbVertex
100
AcDb2dVertex
 10
98.77315873872033
 20
-137.3172248743931
 30
0.0
  0
VERTEX
  5
1F8
330
1E6
100
AcDbEntity
  8
4_ANYTOOL_CUTTHROUGH_OUTSI
100
AcDbVertex
100
AcDb2dVertex
 10
115.6686919653985
 20
-89.04468268087658
 30
0.0
  0
VERTEX
  5
1F9
330
1E6
100
AcDbEntity
  8
4_ANYTOOL_CUTTHROUGH_OUTSI
100
AcDbVertex
100
AcDb2dVertex
 10
115.6827273763058
 20
-88.96209507469757
 30
0.0
 42
0.4142135623759388
  0
VERTEX
  5
1FA
330
1E6
100
AcDbEntity
  8
4_ANYTOOL_CUTTHROUGH_OUTSI
100
AcDbVertex
100
AcDb2dVertex
 10
109.4327273762847
 20
-82.71209507470303
 30
0.0
  0
VERTEX
  5
1FB
330
1E6
100
AcDbEntity
  8
4_ANYTOOL_CUTTHROUGH_OUTSI
100
AcDbVertex
100
AcDb2dVertex
 10
31.43272737635925
 20
-82.71209507468302
 30
0.0
 42
0.4142135623753964
  0
VERTEX
  5
1FC
330
1E6
100
AcDbEntity
  8
4_ANYTOOL_CUTTHROUGH_OUTSI
100
AcDbVertex
100
AcDb2dVertex
 10
25.18272737631742
 20
-88.96209507467574
 30
0.0
  0
VERTEX
  5
1FD
330
1E6
100
AcDbEntity
  8
4_ANYTOOL_CUTTHROUGH_OUTSI
100
AcDbVertex
100
AcDb2dVertex
 10
25.19676278722097
 20
-89.04468268085505
 30
0.0
  0
VERTEX
  5
1FE
330
1E6
100
AcDbEntity
  8
4_ANYTOOL_CUTTHROUGH_OUTSI
100
AcDbVertex
100
AcDb2dVertex
 10
42.09587578145874
 20
-137.3282898531179
 30
0.0
  0
VERTEX
  5
1FF
330
1E6
100
AcDbEntity
  8
4_ANYTOOL_CUTTHROUGH_OUTSI
100
AcDbVertex
100
AcDb2dVertex
 10
42.32729002284769
 20
-138.71209507468
 30
0.0
  0
VERTEX
  5
200
330
1E6
100
AcDbEntity
  8
4_ANYTOOL_CUTTHROUGH_OUTSI
100
AcDbVertex
100
AcDb2dVertex
 10
-96.36183526950663
 20
-138.7120950746903
 30
0.0
  0
VERTEX
  5
201
330
1E6
100
AcDbEntity
  8
4_ANYTOOL_CUTTHROUGH_OUTSI
100
AcDbVertex
100
AcDb2dVertex
 10
-96.12684126055886
 20
-137.3172248743808
 30
0.0
  0
VERTEX
  5
202
330
1E6
100
AcDbEntity
  8
4_ANYTOOL_CUTTHROUGH_OUTSI
100
AcDbVertex
100
AcDb2dVertex
 10
-79.23130803389176
 20
-89.04468268088385
 30
0.0
  0
VERTEX
  5
203
330
1E6
100
AcDbEntity
  8
4_ANYTOOL_CUTTHROUGH_OUTSI
100
AcDbVertex
100
AcDb2dVertex
 10
-79.21727262298297
 20
-88.96209507471212
 30
0.0
 42
0.4142135623767277
  0
VERTEX
  5
204
330
1E6
100
AcDbEntity
  8
4_ANYTOOL_CUTTHROUGH_OUTSI
100
AcDbVertex
100
AcDb2dVertex
 10
-85.46727262297463
 20
-82.71209507469393
 30
0.0
  0
VERTEX
  5
205
330
1E6
100
AcDbEntity
  8
4_ANYTOOL_CUTTHROUGH_OUTSI
100
AcDbVertex
100
AcDb2dVertex
 10
-163.467272622951
 20
-82.71209507470485
 30
0.0
 42
0.41421356237386
  0
VERTEX
  5
206
330
1E6
100
AcDbEntity
  8
4_ANYTOOL_CUTTHROUGH_OUTSI
100
AcDbVertex
100
AcDb2dVertex
 10
-169.7172726229528
 20
-88.96209507470485
 30
0.0
  0
VERTEX
  5
207
330
1E6
100
AcDbEntity
  8
4_ANYTOOL_CUTTHROUGH_OUTSI
100
AcDbVertex
100
AcDb2dVertex
 10
-169.7032372120439
 20
-89.04468268088418
 30
0.0
  0
VERTEX
  5
208
330
1E6
100
AcDbEntity
  8
4_ANYTOOL_CUTTHROUGH_OUTSI
100
AcDbVertex
100
AcDb2dVertex
 10
-152.8041242176041
 20
-137.3282898537727
 30
0.0
  0
VERTEX
  5
209
330
1E6
100
AcDbEntity
  8
4_ANYTOOL_CUTTHROUGH_OUTSI
100
AcDbVertex
100
AcDb2dVertex
 10
-152.5727099768047
 20
-138.7120950746862
 30
0.0
  0
VERTEX
  5
20A
330
1E6
100
AcDbEntity
  8
4_ANYTOOL_CUTTHROUGH_OUTSI
100
AcDbVertex
100
AcDb2dVertex
 10
-164.9717098752681
 20
-138.7120950746757
 30
0.0
 42
0.3178372451979852
  0
VERTEX
  5
20B
330
1E6
100
AcDbEntity
  8
4_ANYTOOL_CUTTHROUGH_OUTSI
100
AcDbVertex
100
AcDb2dVertex
 10
-170.864266385054
 20
-142.8787617413391
 30
0.0
 42
-0.7071067811966846
  0
VERTEX
  5
20C
330
1E6
100
AcDbEntity
  8
4_ANYTOOL_CUTTHROUGH_OUTSI
100
AcDbVertex
100
AcDb2dVertex
 10
-193.0202788617646
 20
-142.8787617413394
 30
0.0
 42
0.3178372452031202
  0
VERTEX
  5
20D
330
1E6
100
AcDbEntity
  8
4_ANYTOOL_CUTTHROUGH_OUTSI
100
AcDbVertex
100
AcDb2dVertex
 10
-198.9128353715387
 20
-138.7120950747022
 30
0.0
  0
VERTEX
  5
20E
330
1E6
100
AcDbEntity
  8
4_ANYTOOL_CUTTHROUGH_OUTSI
100
AcDbVertex
100
AcDb2dVertex
 10
-211.317272622975
 20
-138.7120950747048
 30
0.0
  0
VERTEX
  5
20F
330
1E6
100
AcDbEntity
  8
4_ANYTOOL_CUTTHROUGH_OUTSI
100
AcDbVertex
100
AcDb2dVertex
 10
-211.3172726229786
 20
-116.2120950747121
 30
0.0
  0
VERTEX
  5
210
330
1E6
100
AcDbEntity
  8
4_ANYTOOL_CUTTHROUGH_OUTSI
100
AcDbVertex
100
AcDb2dVertex
 10
-205.5672726229732
 20
-116.2120950746976
 30
0.0
 42
0.4142135623752028
  0
VERTEX
  5
211
330
1E6
100
AcDbEntity
  8
4_ANYTOOL_CUTTHROUGH_OUTSI
100
AcDbVertex
100
AcDb2dVertex
 10
-205.3172726229714
 20
-115.9620950746976
 30
0.0
  0
VERTEX
  5
212
330
1E6
100
AcDbEntity
  8
4_ANYTOOL_CUTTHROUGH_OUTSI
100
AcDbVertex
100
AcDb2dVertex
 10
-205.3172726229659
 20
-103.9620950746976
 30
0.0
 42
0.4142135623730716
  0
VERTEX
  5
213
330
1E6
100
AcDbEntity
  8
4_ANYTOOL_CUTTHROUGH_OUTSI
100
AcDbVertex
100
AcDb2dVertex
 10
-205.5672726229659
 20
-103.7120950746976
 30
0.0
  0
VERTEX
  5
214
330
1E6
100
AcDbEntity
  8
4_ANYTOOL_CUTTHROUGH_OUTSI
100
AcDbVertex
100
AcDb2dVertex
 10
-235.5672726229877
 20
-103.7120950747194
 30
0.0
 42
0.4142135623474877
  0
VERTEX
  5
215
330
1E6
100
AcDbEntity
  8
4_ANYTOOL_CUTTHROUGH_OUTSI
100
AcDbVertex
100
AcDb2dVertex
 10
-235.817272622995
 20
-103.9620950747194
 30
0.0
  0
VERTEX
  5
216
330
1E6
100
AcDbEntity
  8
4_ANYTOOL_CUTTHROUGH_OUTSI
100
AcDbVertex
100
AcDb2dVertex
 10
-235.8172726229859
 20
-115.9620950747194
 30
0.0
 42
0.4142135623752191
  0
VERTEX
  5
217
330
1E6
100
AcDbEntity
  8
4_ANYTOOL_CUTTHROUGH_OUTSI
100
AcDbVertex
100
AcDb2dVertex
 10
-235.5672726229859
 20
-116.2120950747176
 30
0.0
  0
VERTEX
  5
218
330
1E6
100
AcDbEntity
  8
4_ANYTOOL_CUTTHROUGH_OUTSI
100
AcDbVertex
100
AcDb2dVertex
 10
-229.8172726229786
 20
-116.2120950747194
 30
0.0
  0
VERTEX
  5
219
330
1E6
100
AcDbEntity
  8
4_ANYTOOL_CUTTHROUGH_OUTSI
100
AcDbVertex
100
AcDb2dVertex
 10
-229.817272622975
 20
-138.712095074734
 30
0.0
  0
VERTEX
  5
21A
330
1E6
100
AcDbEntity
  8
4_ANYTOOL_CUTTHROUGH_OUTSI
100
AcDbVertex
100
AcDb2dVertex
 10
-264.3179281433659
 20
-138.7120950754907
 30
0.0
  0
VERTEX
  5
21B
330
1E6
100
AcDbEntity
  8
4_ANYTOOL_CUTTHROUGH_OUTSI
100
AcDbVertex
100
AcDb2dVertex
 10
-264.3179281434386
 20
-132.9620950764438
 30
0.0
 42
0.4142135623773333
  0
VERTEX
  5
21C
330
1E6
100
AcDbEntity
  8
4_ANYTOOL_CUTTHROUGH_OUTSI
100
AcDbVertex
100
AcDb2dVertex
 10
-264.5679281434386
 20
-132.7120950764474
 30
0.0
  0
VERTEX
  5
21D
330
1E6
100
AcDbEntity
  8
4_ANYTOOL_CUTTHROUGH_OUTSI
100
AcDbVertex
100
AcDb2dVertex
 10
-276.5679281434368
 20
-132.7120950764438
 30
0.0
 42
0.4142135623730049
  0
VERTEX
  5
21E
330
1E6
100
AcDbEntity
  8
4_ANYTOOL_CUTTHROUGH_OUTSI
100
AcDbVertex
100
AcDb2dVertex
 10
-276.8179281434368
 20
-132.9620950764438
 30
0.0
  0
VERTEX
  5
21F
330
1E6
100
AcDbEntity
  8
4_ANYTOOL_CUTTHROUGH_OUTSI
100
AcDbVertex
100
AcDb2dVertex
 10
-276.8179281434368
 20
-156.7120950763783
 30
0.0
  0
VERTEX
  5
220
330
1E6
100
AcDbEntity
  8
4_ANYTOOL_CUTTHROUGH_OUTSI
100
AcDbVertex
100
AcDb2dVertex
 10
-311.317928143395
 20
-156.7120950763783
 30
0.0
  0
VERTEX
  5
221
330
1E6
100
AcDbEntity
  8
4_ANYTOOL_CUTTHROUGH_OUTSI
100
AcDbVertex
100
AcDb2dVertex
 10
-311.3179281433913
 20
-132.9620950766621
 30
0.0
 42
0.4142135623858957
  0
VERTEX
  5
222
330
1E6
100
AcDbEntity
  8
4_ANYTOOL_CUTTHROUGH_OUTSI
100
AcDbVertex
100
AcDb2dVertex
 10
-311.5679281433913
 20
-132.7120950766584
 30
0.0
  0
VERTEX
  5
223
330
1E6
100
AcDbEntity
  8
4_ANYTOOL_CUTTHROUGH_OUTSI
100
AcDbVertex
100
AcDb2dVertex
 10
-323.5679281434004
 20
-132.7120950766694
 30
0.0
 42
0.4142135623879771
  0
VERTEX
  5
224
330
1E6
100
AcDbEntity
  8
4_ANYTOOL_CUTTHROUGH_OUTSI
100
AcDbVertex
100
AcDb2dVertex
 10
-323.8179281433986
 20
-132.9620950766694
 30
0.0
  0
VERTEX
  5
225
330
1E6
100
AcDbEntity
  8
4_ANYTOOL_CUTTHROUGH_OUTSI
100
AcDbVertex
100
AcDb2dVertex
 10
-323.8179281434004
 20
-138.7120950766694
 30
0.0
  0
VERTEX
  5
226
330
1E6
100
AcDbEntity
  8
4_ANYTOOL_CUTTHROUGH_OUTSI
100
AcDbVertex
100
AcDb2dVertex
 10
-337.228928143355
 20
-138.712095076633
 30
0.0
  0
VERTEX
  5
227
330
1E6
100
AcDbEntity
  8
4_ANYTOOL_CUTTHROUGH_OUTSI
100
AcDbVertex
100
AcDb2dVertex
 10
-337.228928143355
 20
-132.9620950765675
 30
0.0
 42
0.4142135623858957
  0
VERTEX
  5
228
330
1E6
100
AcDbEntity
  8
4_ANYTOOL_CUTTHROUGH_OUTSI
100
AcDbVertex
100
AcDb2dVertex
 10
-337.478928143355
 20
-132.7120950765639
 30
0.0
  0
VERTEX
  5
229
330
1E6
100
AcDbEntity
  8
4_ANYTOOL_CUTTHROUGH_OUTSI
100
AcDbVertex
100
AcDb2dVertex
 10
-349.478928143355
 20
-132.7120950765675
 30
0.0
 42
0.414213562375191
  0
VERTEX
  5
22A
330
1E6
100
AcDbEntity
  8
4_ANYTOOL_CUTTHROUGH_OUTSI
100
AcDbVertex
100
AcDb2dVertex
 10
-349.7289281433568
 20
-132.9620950765675
 30
0.0
  0
VERTEX
  5
22B
330
1E6
100
AcDbEntity
  8
4_ANYTOOL_CUTTHROUGH_OUTSI
100
AcDbVertex
100
AcDb2dVertex
 10
-349.7289281433605
 20
-156.7120950763856
 30
0.0
  0
VERTEX
  5
22C
330
1E6
100
AcDbEntity
  8
4_ANYTOOL_CUTTHROUGH_OUTSI
100
AcDbVertex
100
AcDb2dVertex
 10
-381.317928143304
 20
-156.712095076371
 30
0.0
  0
VERTEX
  5
22D
330
1E6
100
AcDbEntity
  8
4_ANYTOOL_CUTTHROUGH_OUTSI
100
AcDbVertex
100
AcDb2dVertex
 10
-381.317928143304
 20
-132.9620950763783
 30
0.0
 42
0.4142135623751671
  0
VERTEX
  5
22E
330
1E6
100
AcDbEntity
  8
4_ANYTOOL_CUTTHROUGH_OUTSI
100
AcDbVertex
100
AcDb2dVertex
 10
-381.567928143304
 20
-132.7120950763801
 30
0.0
  0
VERTEX
  5
22F
330
1E6
100
AcDbEntity
  8
4_ANYTOOL_CUTTHROUGH_OUTSI
100
AcDbVertex
100
AcDb2dVertex
 10
-393.5679281433004
 20
-132.7120950763783
 30
0.0
 42
0.4142135623986965
  0
VERTEX
  5
230
330
1E6
100
AcDbEntity
  8
4_ANYTOOL_CUTTHROUGH_OUTSI
100
AcDbVertex
100
AcDb2dVertex
 10
-393.8179281432931
 20
-132.9620950763638
 30
0.0
  0
VERTEX
  5
231
330
1E6
100
AcDbEntity
  8
4_ANYTOOL_CUTTHROUGH_OUTSI
100
AcDbVertex
100
AcDb2dVertex
 10
-393.8179281435823
 20
-138.7120950757744
 30
0.0
  0
VERTEX
  5
232
330
1E6
100
AcDbEntity
  8
4_ANYTOOL_CUTTHROUGH_OUTSI
100
AcDbVertex
100
AcDb2dVertex
 10
-397.3179281432804
 20
-138.7120950756071
 30
0.0
  0
VERTEX
  5
233
330
1E6
100
AcDbEntity
  8
4_ANYTOOL_CUTTHROUGH_OUTSI
100
AcDbVertex
100
AcDb2dVertex
 10
-397.3179281432622
 20
-116.2120950747485
 30
0.0
  0
VERTEX
  5
234
330
1E6
100
AcDbEntity
  8
4_ANYTOOL_CUTTHROUGH_OUTSI
100
AcDbVertex
100
AcDb2dVertex
 10
-391.5679281432567
 20
-116.2120950747485
 30
0.0
 42
0.4142135623923221
  0
VERTEX
  5
235
330
1E6
100
AcDbEntity
  8
4_ANYTOOL_CUTTHROUGH_OUTSI
100
AcDbVertex
100
AcDb2dVertex
 10
-391.3179281432549
 20
-115.9620950747485
 30
0.0
  0
VERTEX
  5
236
330
1E6
100
AcDbEntity
  8
4_ANYTOOL_CUTTHROUGH_OUTSI
100
AcDbVertex
100
AcDb2dVertex
 10
-391.3179281432676
 20
-103.9620950747485
 30
0.0
 42
0.4142135623751955
  0
VERTEX
  5
237
330
1E6
100
AcDbEntity
  8
4_ANYTOOL_CUTTHROUGH_OUTSI
100
AcDbVertex
100
AcDb2dVertex
 10
-391.5679281432676
 20
-103.7120950747503
 30
0.0
  0
VERTEX
  5
238
330
1E6
100
AcDbEntity
  8
4_ANYTOOL_CUTTHROUGH_OUTSI
100
AcDbVertex
100
AcDb2dVertex
 10
-415.3179281432622
 20
-103.7120950747485
 30
0.0
  0
VERTEX
  5
239
330
1E6
100
AcDbEntity
  8
4_ANYTOOL_CUTTHROUGH_OUTSI
100
AcDbVertex
100
AcDb2dVertex
 10
-415.317928143264
 20
-44.2120950747485
 30
0.0
  0
VERTEX
  5
23A
330
1E6
100
AcDbEntity
  8
4_ANYTOOL_CUTTHROUGH_OUTSI
100
AcDbVertex
100
AcDb2dVertex
 10
-391.5679281432804
 20
-44.2120950747485
 30
0.0
 42
0.4142135624007632
  0
VERTEX
  5
23B
330
1E6
100
AcDbEntity
  8
4_ANYTOOL_CUTTHROUGH_OUTSI
100
AcDbVertex
100
AcDb2dVertex
 10
-391.3179281432858
 20
-43.9620950747485
 30
0.0
  0
VERTEX
  5
23C
330
1E6
100
AcDbEntity
  8
4_ANYTOOL_CUTTHROUGH_OUTSI
100
AcDbVertex
100
AcDb2dVertex
 10
-391.3179281432767
 20
-31.9620950747485
 30
0.0
 42
0.4142135623710537
  0
VERTEX
  5
23D
330
1E6
100
AcDbEntity
  8
4_ANYTOOL_CUTTHROUGH_OUTSI
100
AcDbVertex
100
AcDb2dVertex
 10
-391.5679281432767
 20
-31.71209507474668
 30
0.0
  0
VERTEX
  5
23E
330
1E6
100
AcDbEntity
  8
4_ANYTOOL_CUTTHROUGH_OUTSI
100
AcDbVertex
100
AcDb2dVertex
 10
-397.3179281432676
 20
-31.7120950747485
 30
0.0
  0
VERTEX
  5
23F
330
1E6
100
AcDbEntity
  8
4_ANYTOOL_CUTTHROUGH_OUTSI
100
AcDbVertex
100
AcDb2dVertex
 10
-397.3179281432676
 20
42.78790492523694
 30
0.0
  0
VERTEX
  5
240
330
1E6
100
AcDbEntity
  8
4_ANYTOOL_CUTTHROUGH_OUTSI
100
AcDbVertex
100
AcDb2dVertex
 10
-247.8172726229768
 20
42.78790492519329
 30
0.0
  0
VERTEX
  5
241
330
1E6
100
AcDbEntity
  8
4_ANYTOOL_CUTTHROUGH_OUTSI
100
AcDbVertex
100
AcDb2dVertex
 10
-247.8172726229786
 20
-36.71209507470485
 30
0.0
  0
VERTEX
  5
242
330
1E6
100
AcDbEntity
  8
4_ANYTOOL_CUTTHROUGH_OUTSI
100
AcDbVertex
100
AcDb2dVertex
 10
-253.5672726229695
 20
-36.71209507470485
 30
0.0
 42
0.4142135623901437
  0
VERTEX
  5
243
330
1E6
100
AcDbEntity
  8
4_ANYTOOL_CUTTHROUGH_OUTSI
100
AcDbVertex
100
AcDb2dVertex
 10
-253.8172726229695
 20
-36.96209507470485
 30
0.0
  0
VERTEX
  5
244
330
1E6
100
AcDbEntity
  8
4_ANYTOOL_CUTTHROUGH_OUTSI
100
AcDbVertex
100
AcDb2dVertex
 10
-253.8172726229623
 20
-48.96209507470485
 30
0.0
 42
0.4142135623858727
  0
VERTEX
  5
245
330
1E6
100
AcDbEntity
  8
4_ANYTOOL_CUTTHROUGH_OUTSI
100
AcDbVertex
100
AcDb2dVertex
 10
-253.5672726229623
 20
-49.21209507470849
 30
0.0
  0
VERTEX
  5
246
330
1E6
100
AcDbEntity
  8
4_ANYTOOL_CUTTHROUGH_OUTSI
100
AcDbVertex
100
AcDb2dVertex
 10
-223.5672726229714
 20
-49.2120950747194
 30
0.0
 42
0.4142135623496642
  0
VERTEX
  5
247
330
1E6
100
AcDbEntity
  8
4_ANYTOOL_CUTTHROUGH_OUTSI
100
AcDbVertex
100
AcDb2dVertex
 10
-223.3172726229768
 20
-48.9620950747194
 30
0.0
  0
VERTEX
  5
248
330
1E6
100
AcDbEntity
  8
4_ANYTOOL_CUTTHROUGH_OUTSI
100
AcDbVertex
100
AcDb2dVertex
 10
-223.317272622975
 20
-36.9620950747194
 30
0.0
 42
0.4142135623752048
  0
VERTEX
  5
249
330
1E6
100
AcDbEntity
  8
4_ANYTOOL_CUTTHROUGH_OUTSI
100
AcDbVertex
100
AcDb2dVertex
 10
-223.567272622975
 20
-36.71209507472122
 30
0.0
  0
VERTEX
  5
24A
330
1E6
100
AcDbEntity
  8
4_ANYTOOL_CUTTHROUGH_OUTSI
100
AcDbVertex
100
AcDb2dVertex
 10
-229.3172726229932
 20
-36.71209507470485
 30
0.0
  0
VERTEX
  5
24B
330
1E6
100
AcDbEntity
  8
4_ANYTOOL_CUTTHROUGH_OUTSI
100
AcDbVertex
100
AcDb2dVertex
 10
-229.3172726229714
 20
142.7879049251787
 30
0.0
  0
VERTEX
  5
24C
330
1E6
100
AcDbEntity
  8
4_ANYTOOL_CUTTHROUGH_OUTSI
100
AcDbVertex
100
AcDb2dVertex
 10
352.182727367639
 20
142.7879049252297
 30
0.0
  0
VERTEX
  5
24D
330
1E6
100
AcDbEntity
  8
4_ANYTOOL_CUTTHROUGH_OUTSI
100
AcDbVertex
100
AcDb2dVertex
 10
352.1827223094879
 20
-16.71209507468302
 30
0.0
  0
VERTEX
  5
24E
330
1E6
100
AcDbEntity
  8
4_ANYTOOL_CUTTHROUGH_OUTSI
100
AcDbVertex
100
AcDb2dVertex
 10
346.4327223015607
 20
-16.71209507469757
 30
0.0
 42
0.4142135623581906
  0
VERTEX
  5
24F
330
1E6
100
AcDbEntity
  8
4_ANYTOOL_CUTTHROUGH_OUTSI
100
AcDbVertex
100
AcDb2dVertex
 10
346.1827223015589
 20
-16.96209507469757
 30
0.0
  0
VERTEX
  5
250
330
1E6
100
AcDbEntity
  8
4_ANYTOOL_CUTTHROUGH_OUTSI
100
AcDbVertex
100
AcDb2dVertex
 10
346.1827223015607
 20
-28.96209507469757
 30
0.0
 42
0.4142135623560464
  0
VERTEX
  5
251
330
1E6
100
AcDbEntity
  8
4_ANYTOOL_CUTTHROUGH_OUTSI
100
AcDbVertex
100
AcDb2dVertex
 10
346.4327223015607
 20
-29.21209507469757
 30
0.0
  0
VERTEX
  5
252
330
1E6
100
AcDbEntity
  8
4_ANYTOOL_CUTTHROUGH_OUTSI
100
AcDbVertex
100
AcDb2dVertex
 10
370.1827223015607
 20
-29.21209507467574
 30
0.0
  0
VERTEX
  5
253
330
1E6
100
AcDbEntity
  8
4_ANYTOOL_CUTTHROUGH_OUTSI
100
AcDbVertex
100
AcDb2dVertex
 10
370.1827223015734
 20
-98.71209507467574
 30
0.0
  0
VERTEX
  5
254
330
1E6
100
AcDbEntity
  8
4_ANYTOOL_CUTTHROUGH_OUTSI
100
AcDbVertex
100
AcDb2dVertex
 10
346.4327223015607
 20
-98.71209507469757
 30
0.0
 42
0.4142135623730285
  0
VERTEX
  5
255
330
1E6
100
AcDbEntity
  8
4_ANYTOOL_CUTTHROUGH_OUTSI
100
AcDbVertex
100
AcDb2dVertex
 10
346.1827223015607
 20
-98.96209507469757
 30
0.0
  0
VERTEX
  5
256
330
1E6
100
AcDbEntity
  8
4_ANYTOOL_CUTTHROUGH_OUTSI
100
AcDbVertex
100
AcDb2dVertex
 10
346.1827223015644
 20
-110.9620950746976
 30
0.0
 42
0.4142135623879588
  0
VERTEX
  5
257
330
1E6
100
AcDbEntity
  8
4_ANYTOOL_CUTTHROUGH_OUTSI
100
AcDbVertex
100
AcDb2dVertex
 10
346.4327223015644
 20
-111.2120950746994
 30
0.0
  0
VERTEX
  5
258
330
1E6
100
AcDbEntity
  8
4_ANYTOOL_CUTTHROUGH_OUTSI
100
AcDbVertex
100
AcDb2dVertex
 10
352.1827223468663
 20
-111.212095074683
 30
0.0
  0
SEQEND
  5
259
330
1E6
100
AcDbEntity
  8
4_ANYTOOL_CUTTHROUGH_OUTSI
  0
ENDSEC
  0
SECTION
  2
OBJECTS
  0
DICTIONARY
  5
C
330
0
100
AcDbDictionary
  3
ACAD_GROUP
350
D
  3
ACAD_LAYOUT
350
1A
  3
ACAD_MATERIAL
350
43
  3
ACAD_MLEADERSTYLE
350
5B
  3
ACAD_MLINESTYLE
350
17
  3
ACAD_PLOTSETTINGS
350
19
  3
ACAD_SCALELIST
350
47
  3
ACAD_VISUALSTYLE
350
2A
  3
ACDBHEADERROUNDTRIPXREC
350
25A
  3
ACDBVARIABLEDICTIONARY
350
27B
  3
DWGPROPS
350
282
  0
DICTIONARY
  5
283
330
8
100
AcDbDictionary
280
     1
  3
ACAD_XREC_ROUNDTRIP
360
284
  0
DICTIONARY
  5
D
102
{ACAD_REACTORS
330
C
102
}
330
C
100
AcDbDictionary
  0
DICTIONARY
  5
1A
102
{ACAD_REACTORS
330
C
102
}
330
C
100
AcDbDictionary
  0
DICTIONARY
  5
43
102
{ACAD_REACTORS
330
C
102
}
330
C
100
AcDbDictionary
  3
BYBLOCK
350
45
  3
BYLAYER
350
44
  3
GLOBAL
350
46
  0
DICTIONARY
  5
5B
102
{ACAD_REACTORS
330
C
102
}
330
C
100
AcDbDictionary
  3
STANDARD
350
5C
  0
DICTIONARY
  5
17
102
{ACAD_REACTORS
330
C
102
}
330
C
100
AcDbDictionary
  3
STANDARD
350
18
  0
DICTIONARY
  5
19
102
{ACAD_REACTORS
330
C
102
}
330
C
100
AcDbDictionary
  0
DICTIONARY
  5
47
102
{ACAD_REACTORS
330
C
102
}
330
C
100
AcDbDictionary
  3
A0
350
48
  3
A1
350
49
  3
A2
350
4A
  3
A3
350
4B
  3
A4
350
4C
  3
A5
350
4D
  3
A6
350
4E
  3
A7
350
4F
  3
A8
350
50
  3
A9
350
51
  3
B1
350
52
  3
B2
350
53
  3
B3
350
54
  3
B4
350
55
  3
B5
350
56
  3
B6
350
57
  3
B7
350
58
  0
DICTIONARY
  5
2A
102
{ACAD_REACTORS
330
C
102
}
330
C
100
AcDbDictionary
  3
2DWIREFRAME
350
2F
  3
BASIC
350
32
  3
BRIGHTEN
350
36
  3
COLORCHANGE
350
3A
  3
CONCEPTUAL
350
34
  3
DIM
350
35
  3
EDGECOLOROFF
350
3D
  3
FACEPATTERN
350
39
  3
FLAT
350
2B
  3
FLATWITHEDGES
350
2C
  3
GOURAUD
350
2D
  3
GOURAUDWITHEDGES
350
2E
  3
HIDDEN
350
31
  3
JITTEROFF
350
3B
  3
LINEPATTERN
350
38
  3
OVERHANGOFF
350
3C
  3
REALISTIC
350
33
  3
SHADED
350
42
  3
SHADED_WITH_EDGES
350
41
  3
SHADES_OF_GRAY
350
3E
  3
SKETCHY
350
3F
  3
THICKEN
350
37
  3
WIREFRAME
350
30
  3
X-RAY
350
40
  0
DICTIONARY
  5
25A
102
{ACAD_REACTORS
330
C
102
}
330
C
100
AcDbDictionary
  3
CEPSNID
350
264
  3
CEPSNTYPE
350
263
  3
DIMSTYLEDATA
350
27A
  3
FINGERPRINTGUID
350
265
  3
HYPERLINKBASE
350
25D
  3
INSUNITS
350
262
  3
LAYOUTDICT
350
25F
  3
LWETCUNION
350
261
  3
PLOTSETDICT
350
260
  3
PSVPSCALE
350
267
  3
PUCSBASE
350
26A
  3
PUCSORGBACK
350
270
  3
PUCSORGBOTTOM
350
26C
  3
PUCSORGFRONT
350
26F
  3
PUCSORGLEFT
350
26D
  3
PUCSORGRIGHT
350
26E
  3
PUCSORGTOP
350
26B
  3
PUCSORTHOREF
350
268
  3
PUCSORTHOVIEW
350
269
  3
STYLESHEET
350
25E
  3
TSTACKALIGN
350
25B
  3
TSTACKSIZE
350
25C
  3
UCSBASE
350
273
  3
UCSORGBACK
350
279
  3
UCSORGBOTTOM
350
275
  3
UCSORGFRONT
350
278
  3
UCSORGLEFT
350
276
  3
UCSORGRIGHT
350
277
  3
UCSORGTOP
350
274
  3
UCSORTHOREF
350
271
  3
UCSORTHOVIEW
350
272
  3
VERSIONGUID
350
266
  0
DICTIONARY
  5
27B
102
{ACAD_REACTORS
330
C
102
}
330
C
100
AcDbDictionary
  3
CANNOSCALE
350
285
  3
CMLEADERSTYLE
350
27D
  3
CTABLESTYLE
350
27C
  3
DIMASSOC
350
280
  3
HIDETEXT
350
281
  3
MSLTSCALE
350
286
  0
XRECORD
  5
282
102
{ACAD_REACTORS
330
C
102
}
330
C
100
AcDbXrecord
  1
DWGPROPS COOKIE
  2

  3

  4

  6

  7

  8
clayt
  9

300
=
301
=
302
=
303
=
304
=
305
=
306
=
307
=
308
=
309
=
 40
0.0
 41
2461249.47523588
 42
2461249.47523595
  1

 90
        0
  0
XRECORD
  5
284
102
{ACAD_REACTORS
330
283
102
}
330
283
100
AcDbXrecord
102
VTR_0.000_0.000_1.000_1.000_VISUALSTYLE
340
2F
102
VTR_0.000_0.000_1.000_1.000_GRIDDISPLAY
 70
     3
102
VTR_0.000_0.000_1.000_1.000_GRIDMAJOR
 70
     5
102
VTR_0.000_0.000_1.000_1.000_DEFAULTLIGHTING
280
     1
102
VTR_0.000_0.000_1.000_1.000_DEFAULTLIGHTINGTYPE
 70
     1
102
VTR_0.000_0.000_1.000_1.000_BRIGHTNESS
141
0.0
102
VTR_0.000_0.000_1.000_1.000_CONTRAST
142
0.0
  0
MATERIAL
  5
45
102
{ACAD_REACTORS
330
43
102
}
102
{ACAD_XDICTIONARY
360
289
102
}
330
43
100
AcDbMaterial
  1
BYBLOCK
  0
MATERIAL
  5
44
102
{ACAD_REACTORS
330
43
102
}
102
{ACAD_XDICTIONARY
360
287
102
}
330
43
100
AcDbMaterial
  1
BYLAYER
  0
MATERIAL
  5
46
102
{ACAD_REACTORS
330
43
102
}
102
{ACAD_XDICTIONARY
360
28B
102
}
330
43
100
AcDbMaterial
  1
GLOBAL
  0
ACAD_PROXY_OBJECT
  5
5C
102
{ACAD_REACTORS
330
5B
102
}
330
5B
100
AcDbProxyObject
 90
      499
 91
      505
 93
      610
310
40901902A4063FBFFFFFE056BD1B81E855B9FC0AD7A3703D0AD73F4214DD185B99185C9900AD7A3703D0AC73F90141901A02B5E8DC0F42B1CFC02B5E8DC0F42B1CFE5764000000000000300FC0
340
14
340
0
340
11
340
0
 94
        0
1001
ACAD_MLEADERVER
1070
     2
  0
MLINESTYLE
  5
18
102
{ACAD_REACTORS
330
17
102
}
330
17
100
AcDbMlineStyle
  2
Standard
 70
     0
  3

 62
   256
 51
90.0
 52
90.0
 71
     2
 49
0.5
 62
   256
  6
BYLAYER
 49
-0.5
 62
   256
  6
BYLAYER
  0
ACAD_PROXY_OBJECT
  5
48
102
{ACAD_REACTORS
330
47
102
}
330
47
100
AcDbProxyObject
 90
      499
 91
      503
 93
       41
310
903313A31580
  0
ACAD_PROXY_OBJECT
  5
49
102
{ACAD_REACTORS
330
47
102
}
330
47
100
AcDbProxyObject
 90
      499
 91
      503
 93
      257
310
90E312F31323822203D2031272D3022000000000000200FC000000000000284000
  0
ACAD_PROXY_OBJECT
  5
4A
102
{ACAD_REACTORS
330
47
102
}
330
47
100
AcDbProxyObject
 90
      499
 91
      503
 93
      249
310
90D312F363422203D2031272D3022000000000000240FC000000000000284000
  0
ACAD_PROXY_OBJECT
  5
4B
102
{ACAD_REACTORS
330
47
102
}
330
47
100
AcDbProxyObject
 90
      499
 91
      503
 93
      249
310
90D312F333222203D2031272D3022000000000000280FC000000000000284000
  0
ACAD_PROXY_OBJECT
  5
4C
102
{ACAD_REACTORS
330
47
102
}
330
47
100
AcDbProxyObject
 90
      499
 91
      503
 93
      249
310
90D312F313622203D2031272D30220000000000002C0FC000000000000284000
  0
ACAD_PROXY_OBJECT
  5
4D
102
{ACAD_REACTORS
330
47
102
}
330
47
100
AcDbProxyObject
 90
      499
 91
      503
 93
      249
310
90D332F333222203D2031272D30220000000000002E0FC000000000000284000
  0
ACAD_PROXY_OBJECT
  5
4E
102
{ACAD_REACTORS
330
47
102
}
330
47
100
AcDbProxyObject
 90
      499
 91
      503
 93
      241
310
90C312F3822203D2031272D3022000000000000300FC000000000000284000
  0
ACAD_PROXY_OBJECT
  5
4F
102
{ACAD_REACTORS
330
47
102
}
330
47
100
AcDbProxyObject
 90
      499
 91
      503
 93
      249
310
90D332F313622203D2031272D3022000000000000320FC000000000000284000
  0
ACAD_PROXY_OBJECT
  5
50
102
{ACAD_REACTORS
330
47
102
}
330
47
100
AcDbProxyObject
 90
      499
 91
      503
 93
      241
310
90C312F3422203D2031272D3022000000000000340FC000000000000284000
  0
ACAD_PROXY_OBJECT
  5
51
102
{ACAD_REACTORS
330
47
102
}
330
47
100
AcDbProxyObject
 90
      499
 91
      503
 93
      241
310
90C332F3822203D2031272D3022000000000000360FC000000000000284000
  0
ACAD_PROXY_OBJECT
  5
52
102
{ACAD_REACTORS
330
47
102
}
330
47
100
AcDbProxyObject
 90
      499
 91
      503
 93
      241
310
90C312F3222203D2031272D3022000000000000380FC000000000000284000
  0
ACAD_PROXY_OBJECT
  5
53
102
{ACAD_REACTORS
330
47
102
}
330
47
100
AcDbProxyObject
 90
      499
 91
      503
 93
      241
310
90C332F3422203D2031272D30220000000000003A0FC000000000000284000
  0
ACAD_PROXY_OBJECT
  5
54
102
{ACAD_REACTORS
330
47
102
}
330
47
100
AcDbProxyObject
 90
      499
 91
      503
 93
      161
310
90A3122203D2031272D30224000000000000284000
  0
ACAD_PROXY_OBJECT
  5
55
102
{ACAD_REACTORS
330
47
102
}
330
47
100
AcDbProxyObject
 90
      499
 91
      503
 93
      257
310
90E312D312F3222203D2031272D30220000000000003E0FC000000000000284000
  0
ACAD_PROXY_OBJECT
  5
56
102
{ACAD_REACTORS
330
47
102
}
330
47
100
AcDbProxyObject
 90
      499
 91
      503
 93
      225
310
90A3322203D2031272D302200000000000002100000000000000284000
  0
ACAD_PROXY_OBJECT
  5
57
102
{ACAD_REACTORS
330
47
102
}
330
47
100
AcDbProxyObject
 90
      499
 91
      503
 93
      225
310
90A3622203D2031272D302200000000000006100000000000000284000
  0
ACAD_PROXY_OBJECT
  5
58
102
{ACAD_REACTORS
330
47
102
}
330
47
100
AcDbProxyObject
 90
      499
 91
      503
 93
      249
310
90D31272D3022203D2031272D30220000000000000A100000000000000284000
  0
ACAD_PROXY_OBJECT
  5
2F
102
{ACAD_REACTORS
330
2A
102
}
330
2A
100
AcDbProxyObject
 90
      499
 91
      501
 93
      436
310
42CC9915DA5C99599C985B595049028333333333333E33F0000000000000F90107901411070040501600405405064090741402480A0340
1001
ACAD
1000
AcDbSavedByObjectVersion
1070
     0
  0
ACAD_PROXY_OBJECT
  5
32
102
{ACAD_REACTORS
330
2A
102
}
330
2A
100
AcDbProxyObject
 90
      499
 91
      501
 93
      388
310
4150985CDA58D07406404333333333333E33F0000000000000F90107A41107004050150841D405064090741402480A0350
1001
ACAD
1000
AcDbSavedByObjectVersion
1070
     0
  0
ACAD_PROXY_OBJECT
  5
36
102
{ACAD_REACTORS
330
2A
102
}
330
2A
100
AcDbProxyObject
 90
      499
 91
      501
 93
      428
310
42109C9A59DA1D195B90C409028333333333333E33F0000000000000F9010790141107004050150841D405064090741402480A029950
1001
ACAD
1000
AcDbSavedByObjectVersion
1070
     0
  0
ACAD_PROXY_OBJECT
  5
3A
102
{ACAD_REACTORS
330
2A
102
}
330
2A
100
AcDbProxyObject
 90
      499
 91
      501
 93
      452
310
42D0DBDB1BDC90DA185B99D95104090240C333333333333E33F0000000000000F90108901411070040501508421405064090741402480A0350
1001
ACAD
1000
AcDbSavedByObjectVersion
1070
     0
  0
ACAD_PROXY_OBJECT
  5
34
102
{ACAD_REACTORS
330
2A
102
}
330
2A
100
AcDbProxyObject
 90
      499
 91
      501
 93
      500
310
4290DBDB98D95C1D1D585B10940D028333333333333E33F0000000000000F90107902409070040501000000000018199010841D405064090740C02480A0340
1001
ACAD
1000
AcDbSavedByObjectVersion
1070
     0
  0
ACAD_PROXY_OBJECT
  5
35
102
{ACAD_REACTORS
330
2A
102
}
330
2A
100
AcDbProxyObject
 90
      499
 91
      501
 93
      412
310
40D11A5B50B409028333333333333E33F0000000000000F9010790141107004050150841D405064090741402480A02677FFFFFD0
1001
ACAD
1000
AcDbSavedByObjectVersion
1070
     0
  0
ACAD_PROXY_OBJECT
  5
3D
102
{ACAD_REACTORS
330
2A
102
}
330
2A
100
AcDbProxyObject
 90
      499
 91
      501
 93
      452
310
43115919D950DBDB1BDC93D999916409028333333333333E33F0000000000000F9010790141107004050150841D405064090741402480A0350
1001
ACAD
1000
AcDbSavedByObjectVersion
1070
     0
  0
ACAD_PROXY_OBJECT
  5
39
102
{ACAD_REACTORS
330
2A
102
}
330
2A
100
AcDbProxyObject
 90
      499
 91
      501
 93
      444
310
42D19858D95C185D1D195C9B90F409028333333333333E33F0000000000000F9010790141107004050150841D405064090741402480A0350
1001
ACAD
1000
AcDbSavedByObjectVersion
1070
     0
  0
ACAD_PROXY_OBJECT
  5
2B
102
{ACAD_REACTORS
330
2A
102
}
330
2A
100
AcDbProxyObject
 90
      499
 91
      501
 93
      380
310
41119B185D240901404333333333333E33F0000000000000F9010740A907004050150841D405064090741402480A1B50
1001
ACAD
1000
AcDbSavedByObjectVersion
1070
     0
  0
ACAD_PROXY_OBJECT
  5
2C
102
{ACAD_REACTORS
330
2A
102
}
330
2A
100
AcDbProxyObject
 90
      499
 91
      501
 93
      468
310
43519B185D15DA5D1A115919D95CD0140901404333333333333E33F0000000000000F90107409019070040501600405405064090741402480A1B50
1001
ACAD
1000
AcDbSavedByObjectVersion
1070
     0
  0
ACAD_PROXY_OBJECT
  5
2D
102
{ACAD_REACTORS
330
2A
102
}
330
2A
100
AcDbProxyObject
 90
      499
 91
      501
 93
      404
310
41D1DBDD5C985D5910240902404333333333333E33F0000000000000F9010740A9070040501641D405064090741402480A1B50
1001
ACAD
1000
AcDbSavedByObjectVersion
1070
     0
  0
ACAD_PROXY_OBJECT
  5
2E
102
{ACAD_REACTORS
330
2A
102
}
330
2A
100
AcDbProxyObject
 90
      499
 91
      501
 93
      492
310
4411DBDD5C985D5915DA5D1A115919D95CD0340902404333333333333E33F0000000000000F90107409019070040501600405405064090741402480A1B50
1001
ACAD
1000
AcDbSavedByObjectVersion
1070
     0
  0
ACAD_PROXY_OBJECT
  5
31
102
{ACAD_REACTORS
330
2A
102
}
330
2A
100
AcDbProxyObject
 90
      499
 91
      501
 93
      476
310
41921A5919195B90640502408333333333333E33F0000000000000F901079024090700405020000000000001110200405405064090740C02480A0340
1001
ACAD
1000
AcDbSavedByObjectVersion
1070
     0
  0
ACAD_PROXY_OBJECT
  5
3B
102
{ACAD_REACTORS
330
2A
102
}
330
2A
100
AcDbProxyObject
 90
      499
 91
      501
 93
      428
310
42529A5D1D195C93D999914409028333333333333E33F0000000000000F9010790141107004050150A41D405064090741402480A0350
1001
ACAD
1000
AcDbSavedByObjectVersion
1070
     0
  0
ACAD_PROXY_OBJECT
  5
38
102
{ACAD_REACTORS
330
2A
102
}
330
2A
100
AcDbProxyObject
 90
      499
 91
      501
 93
      444
310
42D31A5B995C185D1D195C9B90E409028333333333333E33F0000000000000F9010790141107004050750841D405064090741402483A0350
1001
ACAD
1000
AcDbSavedByObjectVersion
1070
     0
  0
ACAD_PROXY_OBJECT
  5
3C
102
{ACAD_REACTORS
330
2A
102
}
330
2A
100
AcDbProxyObject
 90
      499
 91
      501
 93
      444
310
42D3DD995C9A185B99D3D999915409028333333333333E33F0000000000000F9010790141107004050150941D405064090741402480A0350
1001
ACAD
1000
AcDbSavedByObjectVersion
1070
     0
  0
ACAD_PROXY_OBJECT
  5
33
102
{ACAD_REACTORS
330
2A
102
}
330
2A
100
AcDbProxyObject
 90
      499
 91
      501
 93
      428
310
425499585B1A5CDD1A58D08409038333333333333E33F0000000000000F9010740A907004050150800405405064090740C02480A1B40
1001
ACAD
1000
AcDbSavedByObjectVersion
1070
     0
  0
ACAD_PROXY_OBJECT
  5
42
102
{ACAD_REACTORS
330
2A
102
}
330
2A
100
AcDbProxyObject
 90
      499
 91
      501
 93
      420
310
4194DA1859195911B40902404333333333333E33F0000000000000F9010740A41107004050150800405405064090840C02480A0B40
1001
ACAD
1000
AcDbSavedByObjectVersion
1070
     0
  0
ACAD_PROXY_OBJECT
  5
41
102
{ACAD_REACTORS
330
2A
102
}
330
2A
100
AcDbProxyObject
 90
      499
 91
      501
 93
      516
310
4454DA18591959081DDA5D1A08195919D95CD1A40902404333333333333E33F0000000000000F901074090142907004050250800405405064090740C02480A0B40
1001
ACAD
1000
AcDbSavedByObjectVersion
1070
     0
  0
ACAD_PROXY_OBJECT
  5
3E
102
{ACAD_REACTORS
330
2A
102
}
330
2A
100
AcDbProxyObject
 90
      499
 91
      501
 93
      532
310
4394DA1859195CC81BD98811DC985E5174090240C333333333333E33F0000000000000F901079024090741D01000000000000111010841D405064090740C02480A0340
1001
ACAD
1000
AcDbSavedByObjectVersion
1070
     0
  0
ACAD_PROXY_OBJECT
  5
3F
102
{ACAD_REACTORS
330
2A
102
}
330
2A
100
AcDbProxyObject
 90
      499
 91
      501
 93
      476
310
41D4DAD95D18DA1E51840502408333333333333E33F0000000000000F901079024090741D01000000000000111010B41D405064090741802480A0340
1001
ACAD
1000
AcDbSavedByObjectVersion
1070
     0
  0
ACAD_PROXY_OBJECT
  5
37
102
{ACAD_REACTORS
330
2A
102
}
330
2A
100
AcDbProxyObject
 90
      499
 91
      501
 93
      412
310
41D51A1A58DAD95B90D409028333333333333E33F0000000000000F9010790141107004050150C41D405064090741402480A0350
1001
ACAD
1000
AcDbSavedByObjectVersion
1070
     0
  0
ACAD_PROXY_OBJECT
  5
30
102
{ACAD_REACTORS
330
2A
102
}
330
2A
100
AcDbProxyObject
 90
      499
 91
      501
 93
      420
310
4255DA5C99599C985B595059028333333333333E33F0000000000000F90107901411070040501600405405064090740C02480A0340
1001
ACAD
1000
AcDbSavedByObjectVersion
1070
     0
  0
ACAD_PROXY_OBJECT
  5
40
102
{ACAD_REACTORS
330
2A
102
}
330
2A
100
AcDbProxyObject
 90
      499
 91
      501
 93
      404
310
41560B54985E51940902404000000000000E03F0000000000000F9010740501907004050150841D405064090740C02480A1B40
1001
ACAD
1000
AcDbSavedByObjectVersion
1070
     0
  0
XRECORD
  5
264
102
{ACAD_REACTORS
330
25A
102
}
330
25A
100
AcDbXrecord
340
0
  0
XRECORD
  5
263
102
{ACAD_REACTORS
330
25A
102
}
330
25A
100
AcDbXrecord
 90
        0
  0
XRECORD
  5
27A
102
{ACAD_REACTORS
330
25A
102
}
330
25A
100
AcDbXrecord
1000
DSTYLE
1002
{
1070
   171
 70
     2
1070
   143
 40
25.4
1070
   274
 70
     2
1070
    41
 40
0.18
1070
   141
 40
0.09
1070
   271
 70
     4
1070
    43
 40
0.38
1070
   278
 70
    46
1070
    44
 40
0.18
1070
    42
 40
0.0625
1070
   147
 40
0.09
1070
    77
 70
     0
1070
   272
 70
     4
1070
    73
 70
     1
1070
   279
 70
     2
1070
   172
 70
     0
1070
    74
 70
     1
1070
   283
 70
     1
1070
   340
340
11
1070
   140
 40
0.18
1070
   284
 70
     0
1070
    78
 70
     0
1002
}
  0
XRECORD
  5
265
102
{ACAD_REACTORS
330
25A
102
}
330
25A
100
AcDbXrecord
  1
{89c97330-fd79-4291-95ac-43b7fa32c714}
  0
XRECORD
  5
25D
102
{ACAD_REACTORS
330
25A
102
}
330
25A
100
AcDbXrecord
  1

  0
XRECORD
  5
262
102
{ACAD_REACTORS
330
25A
102
}
330
25A
100
AcDbXrecord
 90
        4
  0
XRECORD
  5
25F
102
{ACAD_REACTORS
330
25A
102
}
330
25A
100
AcDbXrecord
340
1A
  0
XRECORD
  5
261
102
{ACAD_REACTORS
330
25A
102
}
330
25A
100
AcDbXrecord
 90
    10781
  0
XRECORD
  5
260
102
{ACAD_REACTORS
330
25A
102
}
330
25A
100
AcDbXrecord
340
19
  0
XRECORD
  5
267
102
{ACAD_REACTORS
330
25A
102
}
330
25A
100
AcDbXrecord
 40
0.0
  0
XRECORD
  5
26A
102
{ACAD_REACTORS
330
25A
102
}
330
25A
100
AcDbXrecord
340
0
  0
XRECORD
  5
270
102
{ACAD_REACTORS
330
25A
102
}
330
25A
100
AcDbXrecord
 10
0.0
 20
0.0
 30
0.0
  0
XRECORD
  5
26C
102
{ACAD_REACTORS
330
25A
102
}
330
25A
100
AcDbXrecord
 10
0.0
 20
0.0
 30
0.0
  0
XRECORD
  5
26F
102
{ACAD_REACTORS
330
25A
102
}
330
25A
100
AcDbXrecord
 10
0.0
 20
0.0
 30
0.0
  0
XRECORD
  5
26D
102
{ACAD_REACTORS
330
25A
102
}
330
25A
100
AcDbXrecord
 10
0.0
 20
0.0
 30
0.0
  0
XRECORD
  5
26E
102
{ACAD_REACTORS
330
25A
102
}
330
25A
100
AcDbXrecord
 10
0.0
 20
0.0
 30
0.0
  0
XRECORD
  5
26B
102
{ACAD_REACTORS
330
25A
102
}
330
25A
100
AcDbXrecord
 10
0.0
 20
0.0
 30
0.0
  0
XRECORD
  5
268
102
{ACAD_REACTORS
330
25A
102
}
330
25A
100
AcDbXrecord
340
0
  0
XRECORD
  5
269
102
{ACAD_REACTORS
330
25A
102
}
330
25A
100
AcDbXrecord
 70
     0
  0
XRECORD
  5
25E
102
{ACAD_REACTORS
330
25A
102
}
330
25A
100
AcDbXrecord
  1

  0
XRECORD
  5
25B
102
{ACAD_REACTORS
330
25A
102
}
330
25A
100
AcDbXrecord
 90
        1
  0
XRECORD
  5
25C
102
{ACAD_REACTORS
330
25A
102
}
330
25A
100
AcDbXrecord
 90
       70
  0
XRECORD
  5
273
102
{ACAD_REACTORS
330
25A
102
}
330
25A
100
AcDbXrecord
340
0
  0
XRECORD
  5
279
102
{ACAD_REACTORS
330
25A
102
}
330
25A
100
AcDbXrecord
 10
0.0
 20
0.0
 30
0.0
  0
XRECORD
  5
275
102
{ACAD_REACTORS
330
25A
102
}
330
25A
100
AcDbXrecord
 10
0.0
 20
0.0
 30
0.0
  0
XRECORD
  5
278
102
{ACAD_REACTORS
330
25A
102
}
330
25A
100
AcDbXrecord
 10
0.0
 20
0.0
 30
0.0
  0
XRECORD
  5
276
102
{ACAD_REACTORS
330
25A
102
}
330
25A
100
AcDbXrecord
 10
0.0
 20
0.0
 30
0.0
  0
XRECORD
  5
277
102
{ACAD_REACTORS
330
25A
102
}
330
25A
100
AcDbXrecord
 10
0.0
 20
0.0
 30
0.0
  0
XRECORD
  5
274
102
{ACAD_REACTORS
330
25A
102
}
330
25A
100
AcDbXrecord
 10
0.0
 20
0.0
 30
0.0
  0
XRECORD
  5
271
102
{ACAD_REACTORS
330
25A
102
}
330
25A
100
AcDbXrecord
340
0
  0
XRECORD
  5
272
102
{ACAD_REACTORS
330
25A
102
}
330
25A
100
AcDbXrecord
 70
     0
  0
XRECORD
  5
266
102
{ACAD_REACTORS
330
25A
102
}
330
25A
100
AcDbXrecord
  1
{FAEB1C32-E019-11D5-929B-00C0DF256EC4}
  0
DICTIONARYVAR
  5
285
102
{ACAD_REACTORS
330
27B
102
}
330
27B
100
DictionaryVariables
280
     0
  1
1:1
  0
DICTIONARYVAR
  5
27D
102
{ACAD_REACTORS
330
27B
102
}
330
27B
100
DictionaryVariables
280
     0
  1
Standard
  0
DICTIONARYVAR
  5
27C
102
{ACAD_REACTORS
330
27B
102
}
330
27B
100
DictionaryVariables
280
     0
  1
Standard
  0
DICTIONARYVAR
  5
280
102
{ACAD_REACTORS
330
27B
102
}
330
27B
100
DictionaryVariables
280
     0
  1
2
  0
DICTIONARYVAR
  5
281
102
{ACAD_REACTORS
330
27B
102
}
330
27B
100
DictionaryVariables
280
     0
  1
1
  0
DICTIONARYVAR
  5
286
102
{ACAD_REACTORS
330
27B
102
}
330
27B
100
DictionaryVariables
280
     0
  1
1
  0
DICTIONARY
  5
289
330
45
100
AcDbDictionary
280
     1
  3
ACAD_XREC_ROUNDTRIP
360
28A
  0
DICTIONARY
  5
287
330
44
100
AcDbDictionary
280
     1
  3
ACAD_XREC_ROUNDTRIP
360
288
  0
DICTIONARY
  5
28B
330
46
100
AcDbDictionary
280
     1
  3
ACAD_XREC_ROUNDTRIP
360
28C
  0
XRECORD
  5
28A
102
{ACAD_REACTORS
330
289
102
}
330
289
100
AcDbXrecord
102
MATERIAL
148
0.0
149
0.0
149
0.0
 93
        0
 94
      127
282
     0
 72
     1
 77
     1
171
     1
175
     1
179
     1
273
     0
  0
XRECORD
  5
288
102
{ACAD_REACTORS
330
287
102
}
330
287
100
AcDbXrecord
102
MATERIAL
148
0.0
149
0.0
149
0.0
 93
        0
 94
      127
282
     0
 72
     1
 77
     1
171
     1
175
     1
179
     1
273
     0
  0
XRECORD
  5
28C
102
{ACAD_REACTORS
330
28B
102
}
330
28B
100
AcDbXrecord
102
MATERIAL
148
0.0
149
0.0
149
0.0
 93
        0
 94
      127
282
     0
 72
     1
 77
     1
171
     1
175
     1
179
     1
273
     0
  0
ENDSEC
  0
EOF
