  0
SECTION
  2
HEADER
  9
$ACADVER
  1
AC1014
  9
$ACADMAINTVER
 70
     9
  9
$DWGCODEPAGE
  3
ANSI_1252
  9
$INSBASE
 10
0.0
 20
0.0
 30
0.0
  9
$EXTMIN
 10
-299.7500000000182
 20
-92.74999999999272
 30
0.0
  9
$EXTMAX
 10
299.7499999999964
 20
92.75
 30
0.0000000001665406
  9
$LIMMIN
 10
0.0
 20
0.0
  9
$LIMMAX
 10
12.0
 20
9.0
  9
$ORTHOMODE
 70
     0
  9
$REGENMODE
 70
     1
  9
$FILLMODE
 70
     1
  9
$QTEXTMODE
 70
     0
  9
$MIRRTEXT
 70
     1
  9
$DRAGMODE
 70
     2
  9
$LTSCALE
 40
1.0
  9
$OSMODE
 70
    37
  9
$ATTMODE
 70
     1
  9
$TEXTSIZE
 40
0.2
  9
$TRACEWID
 40
0.05
  9
$TEXTSTYLE
  7
STANDARD
  9
$CLAYER
  8
0
  9
$CELTYPE
  6
BYLAYER
  9
$CECOLOR
 62
   256
  9
$CELTSCALE
 40
1.0
  9
$DELOBJ
 70
     1
  9
$DISPSILH
 70
     0
  9
$DIMSCALE
 40
1.0
  9
$DIMASZ
 40
0.18
  9
$DIMEXO
 40
0.0625
  9
$DIMDLI
 40
0.38
  9
$DIMRND
 40
0.0
  9
$DIMDLE
 40
0.0
  9
$DIMEXE
 40
0.18
  9
$DIMTP
 40
0.0
  9
$DIMTM
 40
0.0
  9
$DIMTXT
 40
0.18
  9
$DIMCEN
 40
0.09
  9
$DIMTSZ
 40
0.0
  9
$DIMTOL
 70
     0
  9
$DIMLIM
 70
     0
  9
$DIMTIH
 70
     1
  9
$DIMTOH
 70
     1
  9
$DIMSE1
 70
     0
  9
$DIMSE2
 70
     0
  9
$DIMTAD
 70
     0
  9
$DIMZIN
 70
     0
  9
$DIMBLK
  1

  9
$DIMASO
 70
     1
  9
$DIMSHO
 70
     1
  9
$DIMPOST
  1

  9
$DIMAPOST
  1

  9
$DIMALT
 70
     0
  9
$DIMALTD
 70
     2
  9
$DIMALTF
 40
25.4
  9
$DIMLFAC
 40
1.0
  9
$DIMTOFL
 70
     0
  9
$DIMTVP
 40
0.0
  9
$DIMTIX
 70
     0
  9
$DIMSOXD
 70
     0
  9
$DIMSAH
 70
     0
  9
$DIMBLK1
  1

  9
$DIMBLK2
  1

  9
$DIMSTYLE
  2
STANDARD_ACAD
  9
$DIMCLRD
 70
     0
  9
$DIMCLRE
 70
     0
  9
$DIMCLRT
 70
     0
  9
$DIMTFAC
 40
1.0
  9
$DIMGAP
 40
0.09
  9
$DIMJUST
 70
     0
  9
$DIMSD1
 70
     0
  9
$DIMSD2
 70
     0
  9
$DIMTOLJ
 70
     1
  9
$DIMTZIN
 70
     0
  9
$DIMALTZ
 70
     0
  9
$DIMALTTZ
 70
     0
  9
$DIMFIT
 70
     5
  9
$DIMUPT
 70
     0
  9
$DIMUNIT
 70
     2
  9
$DIMDEC
 70
     4
  9
$DIMTDEC
 70
     4
  9
$DIMALTU
 70
     2
  9
$DIMALTTD
 70
     2
  9
$DIMTXSTY
  7
STANDARD
  9
$DIMAUNIT
 70
     0
  9
$LUNITS
 70
     2
  9
$LUPREC
 70
     3
  9
$SKETCHINC
 40
0.1
  9
$FILLETRAD
 40
0.0
  9
$AUNITS
 70
     0
  9
$AUPREC
 70
     0
  9
$MENU
  1
.
  9
$ELEVATION
 40
0.0
  9
$PELEVATION
 40
0.0
  9
$THICKNESS
 40
0.0
  9
$LIMCHECK
 70
     0
  9
$CHAMFERA
 40
0.0
  9
$CHAMFERB
 40
0.0
  9
$CHAMFERC
 40
0.0
  9
$CHAMFERD
 40
0.0
  9
$SKPOLY
 70
     0
  9
$TDCREATE
 40
2461243.651093415
  9
$TDUPDATE
 40
2461243.651093542
  9
$TDINDWG
 40
0.0000000116
  9
$TDUSRTIMER
 40
0.0000000116
  9
$USRTIMER
 70
     1
  9
$ANGBASE
 50
0.0
  9
$ANGDIR
 70
     0
  9
$PDMODE
 70
     0
  9
$PDSIZE
 40
0.0
  9
$PLINEWID
 40
0.0
  9
$COORDS
 70
     1
  9
$SPLFRAME
 70
     0
  9
$SPLINETYPE
 70
     6
  9
$SPLINESEGS
 70
     8
  9
$ATTDIA
 70
     0
  9
$ATTREQ
 70
     1
  9
$HANDLING
 70
     1
  9
$HANDSEED
  5
34B
  9
$SURFTAB1
 70
     6
  9
$SURFTAB2
 70
     6
  9
$SURFTYPE
 70
     6
  9
$SURFU
 70
     6
  9
$SURFV
 70
     6
  9
$UCSNAME
  2

  9
$UCSORG
 10
0.0
 20
0.0
 30
0.0
  9
$UCSXDIR
 10
1.0
 20
0.0
 30
0.0
  9
$UCSYDIR
 10
0.0
 20
1.0
 30
0.0
  9
$PUCSNAME
  2

  9
$PUCSORG
 10
0.0
 20
0.0
 30
0.0
  9
$PUCSXDIR
 10
1.0
 20
0.0
 30
0.0
  9
$PUCSYDIR
 10
0.0
 20
1.0
 30
0.0
  9
$USERI1
 70
     0
  9
$USERI2
 70
     0
  9
$USERI3
 70
     0
  9
$USERI4
 70
     0
  9
$USERI5
 70
     0
  9
$USERR1
 40
0.0
  9
$USERR2
 40
0.0
  9
$USERR3
 40
0.0
  9
$USERR4
 40
0.0
  9
$USERR5
 40
0.0
  9
$WORLDVIEW
 70
     1
  9
$SHADEDGE
 70
     3
  9
$SHADEDIF
 70
    70
  9
$TILEMODE
 70
     1
  9
$MAXACTVP
 70
    64
  9
$PINSBASE
 10
0.0
 20
0.0
 30
0.0
  9
$PLIMCHECK
 70
     0
  9
$PEXTMIN
 10
1.000000000000000E+20
 20
1.000000000000000E+20
 30
1.000000000000000E+20
  9
$PEXTMAX
 10
-1.000000000000000E+20
 20
-1.000000000000000E+20
 30
-1.000000000000000E+20
  9
$PLIMMIN
 10
0.0
 20
0.0
  9
$PLIMMAX
 10
12.0
 20
9.0
  9
$UNITMODE
 70
     0
  9
$VISRETAIN
 70
     1
  9
$PLINEGEN
 70
     0
  9
$PSLTSCALE
 70
     1
  9
$TREEDEPTH
 70
  3020
  9
$PICKSTYLE
 70
     1
  9
$CMLSTYLE
  2
STANDARD
  9
$CMLJUST
 70
     0
  9
$CMLSCALE
 40
1.0
  9
$PROXYGRAPHICS
 70
     1
  9
$MEASUREMENT
 70
     1
  0
ENDSEC
  0
SECTION
  2
CLASSES
  0
CLASS
  1
ACDBDICTIONARYWDFLT
  2
AcDbDictionaryWithDefault
  3
ObjectDBX Classes
 90
        0
280
     0
281
     0
  0
CLASS
  1
VISUALSTYLE
  2
AcDbVisualStyle
  3
ObjectDBX Classes
 90
     4095
280
     0
281
     0
  0
CLASS
  1
MATERIAL
  2
AcDbMaterial
  3
ObjectDBX Classes
 90
     1153
280
     0
281
     0
  0
CLASS
  1
SCALE
  2
AcDbScale
  3
ObjectDBX Classes
 90
     1153
280
     0
281
     0
  0
CLASS
  1
TABLESTYLE
  2
AcDbTableStyle
  3
ObjectDBX Classes
 90
     4095
280
     0
281
     0
  0
CLASS
  1
MLEADERSTYLE
  2
AcDbMLeaderStyle
  3
ACDB_MLEADERSTYLE_CLASS
 90
     4095
280
     0
281
     0
  0
CLASS
  1
SUN
  2
AcDbSun
  3
SCENEOE
 90
     1153
280
     0
281
     0
  0
CLASS
  1
DICTIONARYVAR
  2
AcDbDictionaryVar
  3
ObjectDBX Classes
 90
        0
280
     0
281
     0
  0
CLASS
  1
XRECORD
  2
AcDbXrecord
  3
ObjectDBX Classes
 90
        0
280
     0
281
     0
  0
CLASS
  1
LWPOLYLINE
  2
AcDbPolyline
  3
ObjectDBX Classes
 90
        0
280
     0
281
     1
  0
CLASS
  1
HATCH
  2
AcDbHatch
  3
ObjectDBX Classes
 90
        0
280
     0
281
     1
  0
CLASS
  1
ACDBPLACEHOLDER
  2
AcDbPlaceHolder
  3
ObjectDBX Classes
 90
        0
280
     0
281
     0
  0
CLASS
  1
LAYOUT
  2
AcDbLayout
  3
ObjectDBX Classes
 90
        0
280
     0
281
     0
  0
ENDSEC
  0
SECTION
  2
TABLES
  0
TABLE
  2
VPORT
  5
8
102
{ACAD_XDICTIONARY
360
340
102
}
330
0
100
AcDbSymbolTable
 70
     1
  0
VPORT
  5
29
330
8
100
AcDbSymbolTableRecord
100
AcDbViewportTableRecord
  2
*ACTIVE
 70
     0
 10
0.0
 20
0.0
 11
1.0
 21
1.0
 12
10.42990654205607
 22
4.5
 13
0.0
 23
0.0
 14
0.5
 24
0.5
 15
0.5
 25
0.5
 16
0.0
 26
0.0
 36
1.0
 17
0.0
 27
0.0
 37
0.0
 40
9.0
 41
1.972972972850329
 42
50.0
 43
0.0
 44
0.0
 50
0.0
 51
0.0
 71
     0
 72
   100
 73
     1
 74
     3
 75
     0
 76
     0
 77
     0
 78
     0
  0
ENDTAB
  0
TABLE
  2
LTYPE
  5
5
330
0
100
AcDbSymbolTable
 70
     1
  0
LTYPE
  5
14
330
5
100
AcDbSymbolTableRecord
100
AcDbLinetypeTableRecord
  2
BYBLOCK
 70
     0
  3

 72
    65
 73
     0
 40
0.0
  0
LTYPE
  5
15
330
5
100
AcDbSymbolTableRecord
100
AcDbLinetypeTableRecord
  2
BYLAYER
 70
     0
  3

 72
    65
 73
     0
 40
0.0
  0
LTYPE
  5
16
330
5
100
AcDbSymbolTableRecord
100
AcDbLinetypeTableRecord
  2
CONTINUOUS
 70
     0
  3
Solid line
 72
    65
 73
     0
 40
0.0
  0
ENDTAB
  0
TABLE
  2
LAYER
  5
2
330
0
100
AcDbSymbolTable
 70
     3
  0
LAYER
  5
10
330
2
100
AcDbSymbolTableRecord
100
AcDbLayerTableRecord
  2
0
 70
     0
 62
     7
  6
CONTINUOUS
  0
LAYER
  5
5F
330
2
100
AcDbSymbolTableRecord
100
AcDbLayerTableRecord
  2
1_ANYTOOL_1MMDEEP_LABELS_S
 70
     0
 62
     2
  6
CONTINUOUS
  0
LAYER
  5
2E0
330
2
100
AcDbSymbolTableRecord
100
AcDbLayerTableRecord
  2
4_ANYTOOL_CUTTHROUGH_OUTSI
 70
     0
 62
     5
  6
CONTINUOUS
  0
ENDTAB
  0
TABLE
  2
STYLE
  5
3
330
0
100
AcDbSymbolTable
 70
     1
  0
STYLE
  5
11
330
3
100
AcDbSymbolTableRecord
100
AcDbTextStyleTableRecord
  2
STANDARD
 70
     0
 40
0.0
 41
1.0
 50
0.0
 71
     0
 42
0.2
  3
txt
  4

  0
ENDTAB
  0
TABLE
  2
VIEW
  5
6
330
0
100
AcDbSymbolTable
 70
     0
  0
ENDTAB
  0
TABLE
  2
UCS
  5
7
330
0
100
AcDbSymbolTable
 70
     0
  0
ENDTAB
  0
TABLE
  2
APPID
  5
9
330
0
100
AcDbSymbolTable
 70
     3
  0
APPID
  5
12
330
9
100
AcDbSymbolTableRecord
100
AcDbRegAppTableRecord
  2
ACAD
 70
     0
  0
APPID
  5
5E
330
9
100
AcDbSymbolTableRecord
100
AcDbRegAppTableRecord
  2
RHINO
 70
     0
  0
APPID
  5
34A
330
9
100
AcDbSymbolTableRecord
100
AcDbRegAppTableRecord
  2
ACAD_MLEADERVER
 70
     0
  0
ENDTAB
  0
TABLE
  2
DIMSTYLE
  5
A
330
0
100
AcDbSymbolTable
 70
     1
  0
DIMSTYLE
105
27
330
A
100
AcDbSymbolTableRecord
100
AcDbDimStyleTableRecord
  2
STANDARD_ACAD
 70
     0
  3

  4

  5

  6

  7

 40
1.0
 41
0.18
 42
0.0625
 43
0.38
 44
0.18
 45
0.0
 46
0.0
 47
0.0
 48
0.0
140
0.18
141
0.09
142
0.0
143
25.4
144
1.0
145
0.0
146
1.0
147
0.09
 71
     0
 72
     0
 73
     1
 74
     1
 75
     0
 76
     0
 77
     0
 78
     0
170
     0
171
     2
172
     0
173
     0
174
     0
175
     0
176
     0
177
     0
178
     0
270
     2
271
     4
272
     4
273
     2
274
     2
340
11
275
     0
280
     0
281
     0
282
     0
283
     1
284
     0
285
     0
286
     0
287
     3
288
     0
  0
ENDTAB
  0
TABLE
  2
BLOCK_RECORD
  5
1
330
0
100
AcDbSymbolTable
 70
     0
  0
BLOCK_RECORD
  5
1F
330
1
100
AcDbSymbolTableRecord
100
AcDbBlockTableRecord
  2
*MODEL_SPACE
  0
BLOCK_RECORD
  5
1B
330
1
100
AcDbSymbolTableRecord
100
AcDbBlockTableRecord
  2
*PAPER_SPACE
  0
ENDTAB
  0
ENDSEC
  0
SECTION
  2
BLOCKS
  0
BLOCK
  5
20
330
1F
100
AcDbEntity
  8
0
100
AcDbBlockBegin
  2
*MODEL_SPACE
 70
     0
 10
0.0
 20
0.0
 30
0.0
  3
*MODEL_SPACE
  1

  0
ENDBLK
  5
21
330
1F
100
AcDbEntity
  8
0
100
AcDbBlockEnd
  0
BLOCK
  5
1C
330
1B
100
AcDbEntity
 67
     1
  8
0
100
AcDbBlockBegin
  2
*PAPER_SPACE
 70
     0
 10
0.0
 20
0.0
 30
0.0
  3
*PAPER_SPACE
  1

  0
ENDBLK
  5
1D
330
1B
100
AcDbEntity
 67
     1
  8
0
100
AcDbBlockEnd
  0
ENDSEC
  0
SECTION
  2
ENTITIES
  0
LINE
  5
60
330
1F
100
AcDbEntity
  8
1_ANYTOOL_1MMDEEP_LABELS_S
100
AcDbLine
 10
140.7616694599274
 20
-0.4714285717927851
 30
0.0000000001665406
 11
123.5759551742121
 21
-31.24285714321741
 31
0.0000000001665406
  0
POLYLINE
  5
61
330
1F
100
AcDbEntity
  8
1_ANYTOOL_1MMDEEP_LABELS_S
100
AcDb2dPolyline
 66
     1
 10
0.0
 20
0.0
 30
0.0000000001665406
  0
VERTEX
  5
62
330
61
100
AcDbEntity
  8
1_ANYTOOL_1MMDEEP_LABELS_S
100
AcDbVertex
100
AcDb2dVertex
 10
103.2188123170708
 20
-4.928571428936266
 30
0.0000000001665406
  0
VERTEX
  5
63
330
61
100
AcDbEntity
  8
1_ANYTOOL_1MMDEEP_LABELS_S
100
AcDbVertex
100
AcDb2dVertex
 10
103.3773084108209
 20
-4.625348772686202
 30
0.0000000001665406
  0
VERTEX
  5
64
330
61
100
AcDbEntity
  8
1_ANYTOOL_1MMDEEP_LABELS_S
100
AcDbVertex
100
AcDb2dVertex
 10
103.5420824063566
 20
-4.331752232507569
 30
0.0000000001665406
  0
VERTEX
  5
65
330
61
100
AcDbEntity
  8
1_ANYTOOL_1MMDEEP_LABELS_S
100
AcDbVertex
100
AcDb2dVertex
 10
103.713134303678
 20
-4.047781808400366
 30
0.0000000001665406
  0
VERTEX
  5
66
330
61
100
AcDbEntity
  8
1_ANYTOOL_1MMDEEP_LABELS_S
100
AcDbVertex
100
AcDb2dVertex
 10
103.8904641027851
 20
-3.773437500364594
 30
0.0000000001665406
  0
VERTEX
  5
67
330
61
100
AcDbEntity
  8
1_ANYTOOL_1MMDEEP_LABELS_S
100
AcDbVertex
100
AcDb2dVertex
 10
104.074071803678
 20
-3.508719308400252
 30
0.0000000001665406
  0
VERTEX
  5
68
330
61
100
AcDbEntity
  8
1_ANYTOOL_1MMDEEP_LABELS_S
100
AcDbVertex
100
AcDb2dVertex
 10
104.2639574063565
 20
-3.253627232507341
 30
0.0000000001665406
  0
VERTEX
  5
69
330
61
100
AcDbEntity
  8
1_ANYTOOL_1MMDEEP_LABELS_S
100
AcDbVertex
100
AcDb2dVertex
 10
104.4601209108208
 20
-3.008161272685861
 30
0.0000000001665406
  0
VERTEX
  5
6A
330
61
100
AcDbEntity
  8
1_ANYTOOL_1MMDEEP_LABELS_S
100
AcDbVertex
100
AcDb2dVertex
 10
104.5605568762226
 20
-2.889038086301907
 30
0.0000000001665406
  0
VERTEX
  5
6B
330
61
100
AcDbEntity
  8
1_ANYTOOL_1MMDEEP_LABELS_S
100
AcDbVertex
100
AcDb2dVertex
 10
104.6625623170708
 20
-2.772321428935811
 30
0.0000000001665406
  0
VERTEX
  5
6C
330
61
100
AcDbEntity
  8
1_ANYTOOL_1MMDEEP_LABELS_S
100
AcDbVertex
100
AcDb2dVertex
 10
104.7661372333654
 20
-2.658011300587573
 30
0.0000000001665406
  0
VERTEX
  5
6D
330
61
100
AcDbEntity
  8
1_ANYTOOL_1MMDEEP_LABELS_S
100
AcDbVertex
100
AcDb2dVertex
 10
104.8712816251064
 20
-2.546107701257192
 30
0.0000000001665406
  0
VERTEX
  5
6E
330
61
100
AcDbEntity
  8
1_ANYTOOL_1MMDEEP_LABELS_S
100
AcDbVertex
100
AcDb2dVertex
 10
104.9779954922939
 20
-2.436610630944669
 30
0.0000000001665406
  0
VERTEX
  5
6F
330
61
100
AcDbEntity
  8
1_ANYTOOL_1MMDEEP_LABELS_S
100
AcDbVertex
100
AcDb2dVertex
 10
105.0862788349278
 20
-2.329520089650003
 30
0.0000000001665406
  0
VERTEX
  5
70
330
61
100
AcDbEntity
  8
1_ANYTOOL_1MMDEEP_LABELS_S
100
AcDbVertex
100
AcDb2dVertex
 10
105.1961316530082
 20
-2.224836077373196
 30
0.0000000001665406
  0
VERTEX
  5
71
330
61
100
AcDbEntity
  8
1_ANYTOOL_1MMDEEP_LABELS_S
100
AcDbVertex
100
AcDb2dVertex
 10
105.3075539465349
 20
-2.122558594114246
 30
0.0000000001665406
  0
VERTEX
  5
72
330
61
100
AcDbEntity
  8
1_ANYTOOL_1MMDEEP_LABELS_S
100
AcDbVertex
100
AcDb2dVertex
 10
105.4205457155081
 20
-2.022687639873153
 30
0.0000000001665406
  0
VERTEX
  5
73
330
61
100
AcDbEntity
  8
1_ANYTOOL_1MMDEEP_LABELS_S
100
AcDbVertex
100
AcDb2dVertex
 10
105.5351069599277
 20
-1.925223214649918
 30
0.0000000001665406
  0
VERTEX
  5
74
330
61
100
AcDbEntity
  8
1_ANYTOOL_1MMDEEP_LABELS_S
100
AcDbVertex
100
AcDb2dVertex
 10
105.6512376797938
 20
-1.830165318444541
 30
0.0000000001665406
  0
VERTEX
  5
75
330
61
100
AcDbEntity
  8
1_ANYTOOL_1MMDEEP_LABELS_S
100
AcDbVertex
100
AcDb2dVertex
 10
105.7689378751062
 20
-1.737513951257021
 30
0.0000000001665406
  0
VERTEX
  5
76
330
61
100
AcDbEntity
  8
1_ANYTOOL_1MMDEEP_LABELS_S
100
AcDbVertex
100
AcDb2dVertex
 10
105.8882075458651
 20
-1.64726911308736
 30
0.0000000001665406
  0
VERTEX
  5
77
330
61
100
AcDbEntity
  8
1_ANYTOOL_1MMDEEP_LABELS_S
100
AcDbVertex
100
AcDb2dVertex
 10
106.0090466920704
 20
-1.559430803935555
 30
0.0000000001665406
  0
VERTEX
  5
78
330
61
100
AcDbEntity
  8
1_ANYTOOL_1MMDEEP_LABELS_S
100
AcDbVertex
100
AcDb2dVertex
 10
106.1314553137222
 20
-1.473999023801609
 30
0.0000000001665406
  0
VERTEX
  5
79
330
61
100
AcDbEntity
  8
1_ANYTOOL_1MMDEEP_LABELS_S
100
AcDbVertex
100
AcDb2dVertex
 10
106.2554334108204
 20
-1.39097377268552
 30
0.0000000001665406
  0
VERTEX
  5
7A
330
61
100
AcDbEntity
  8
1_ANYTOOL_1MMDEEP_LABELS_S
100
AcDbVertex
100
AcDb2dVertex
 10
106.380980983365
 20
-1.310355050587289
 30
0.0000000001665406
  0
VERTEX
  5
7B
330
61
100
AcDbEntity
  8
1_ANYTOOL_1MMDEEP_LABELS_S
100
AcDbVertex
100
AcDb2dVertex
 10
106.508098031356
 20
-1.232142857506915
 30
0.0000000001665406
  0
VERTEX
  5
7C
330
61
100
AcDbEntity
  8
1_ANYTOOL_1MMDEEP_LABELS_S
100
AcDbVertex
100
AcDb2dVertex
 10
106.6367845547935
 20
-1.156337193444399
 30
0.0000000001665406
  0
VERTEX
  5
7D
330
61
100
AcDbEntity
  8
1_ANYTOOL_1MMDEEP_LABELS_S
100
AcDbVertex
100
AcDb2dVertex
 10
106.7670405536773
 20
-1.082938058399741
 30
0.0000000001665406
  0
VERTEX
  5
7E
330
61
100
AcDbEntity
  8
1_ANYTOOL_1MMDEEP_LABELS_S
100
AcDbVertex
100
AcDb2dVertex
 10
106.8988660280076
 20
-1.01194545237294
 30
0.0000000001665406
  0
VERTEX
  5
7F
330
61
100
AcDbEntity
  8
1_ANYTOOL_1MMDEEP_LABELS_S
100
AcDbVertex
100
AcDb2dVertex
 10
107.0322609777844
 20
-0.9433593753639968
 30
0.0000000001665406
  0
VERTEX
  5
80
330
61
100
AcDbEntity
  8
1_ANYTOOL_1MMDEEP_LABELS_S
100
AcDbVertex
100
AcDb2dVertex
 10
107.1672254030075
 20
-0.8771798273729114
 30
0.0000000001665406
  0
VERTEX
  5
81
330
61
100
AcDbEntity
  8
1_ANYTOOL_1MMDEEP_LABELS_S
100
AcDbVertex
100
AcDb2dVertex
 10
107.3037593036771
 20
-0.8134068083996837
 30
0.0000000001665406
  0
VERTEX
  5
82
330
61
100
AcDbEntity
  8
1_ANYTOOL_1MMDEEP_LABELS_S
100
AcDbVertex
100
AcDb2dVertex
 10
107.4418626797932
 20
-0.7520403184443136
 30
0.0000000001665406
  0
VERTEX
  5
83
330
61
100
AcDbEntity
  8
1_ANYTOOL_1MMDEEP_LABELS_S
100
AcDbVertex
100
AcDb2dVertex
 10
107.5815355313556
 20
-0.6930803575068012
 30
0.0000000001665406
  0
VERTEX
  5
84
330
61
100
AcDbEntity
  8
1_ANYTOOL_1MMDEEP_LABELS_S
100
AcDbVertex
100
AcDb2dVertex
 10
107.7227778583645
 20
-0.6365269255871464
 30
0.0000000001665406
  0
VERTEX
  5
85
330
61
100
AcDbEntity
  8
1_ANYTOOL_1MMDEEP_LABELS_S
100
AcDbVertex
100
AcDb2dVertex
 10
107.8655896608198
 20
-0.5823800226853493
 30
0.0000000001665406
  0
VERTEX
  5
86
330
61
100
AcDbEntity
  8
1_ANYTOOL_1MMDEEP_LABELS_S
100
AcDbVertex
100
AcDb2dVertex
 10
108.0099709387215
 20
-0.5306396488014098
 30
0.0000000001665406
  0
VERTEX
  5
87
330
61
100
AcDbEntity
  8
1_ANYTOOL_1MMDEEP_LABELS_S
100
AcDbVertex
100
AcDb2dVertex
 10
108.1559216920697
 20
-0.481305803935328
 30
0.0000000001665406
  0
VERTEX
  5
88
330
61
100
AcDbEntity
  8
1_ANYTOOL_1MMDEEP_LABELS_S
100
AcDbVertex
100
AcDb2dVertex
 10
108.3034419208642
 20
-0.4343784880871038
 30
0.0000000001665406
  0
VERTEX
  5
89
330
61
100
AcDbEntity
  8
1_ANYTOOL_1MMDEEP_LABELS_S
100
AcDbVertex
100
AcDb2dVertex
 10
108.4525316251053
 20
-0.3898577012567372
 30
0.0000000001665406
  0
VERTEX
  5
8A
330
61
100
AcDbEntity
  8
1_ANYTOOL_1MMDEEP_LABELS_S
100
AcDbVertex
100
AcDb2dVertex
 10
108.7554194599265
 20
-0.3080357146495771
 30
0.0000000001665406
  0
VERTEX
  5
8B
330
61
100
AcDbEntity
  8
1_ANYTOOL_1MMDEEP_LABELS_S
100
AcDbVertex
100
AcDb2dVertex
 10
109.0645851965336
 20
-0.2358398441138476
 30
0.0000000001665406
  0
VERTEX
  5
8C
330
61
100
AcDbEntity
  8
1_ANYTOOL_1MMDEEP_LABELS_S
100
AcDbVertex
100
AcDb2dVertex
 10
109.3800288349263
 20
-0.1732700896495487
 30
0.0000000001665406
  0
VERTEX
  5
8D
330
61
100
AcDbEntity
  8
1_ANYTOOL_1MMDEEP_LABELS_S
100
AcDbVertex
100
AcDb2dVertex
 10
109.7017503751047
 20
-0.1203264512566804
 30
0.0000000001665406
  0
VERTEX
  5
8E
330
61
100
AcDbEntity
  8
1_ANYTOOL_1MMDEEP_LABELS_S
100
AcDbVertex
100
AcDb2dVertex
 10
110.0297498170688
 20
-0.0770089289352427
 30
0.0000000001665406
  0
VERTEX
  5
8F
330
61
100
AcDbEntity
  8
1_ANYTOOL_1MMDEEP_LABELS_S
100
AcDbVertex
100
AcDb2dVertex
 10
110.3640271608187
 20
-0.0433175226852356
 30
0.0000000001665406
  0
VERTEX
  5
90
330
61
100
AcDbEntity
  8
1_ANYTOOL_1MMDEEP_LABELS_S
100
AcDbVertex
100
AcDb2dVertex
 10
110.7045824063542
 20
-0.0192522325066591
 30
0.0000000001665406
  0
VERTEX
  5
91
330
61
100
AcDbEntity
  8
1_ANYTOOL_1MMDEEP_LABELS_S
100
AcDbVertex
100
AcDb2dVertex
 10
111.0514155536755
 20
-0.0048130583995132
 30
0.0000000001665406
  0
VERTEX
  5
92
330
61
100
AcDbEntity
  8
1_ANYTOOL_1MMDEEP_LABELS_S
100
AcDbVertex
100
AcDb2dVertex
 10
111.4045266027824
 20
-0.0000000003637979
 30
0.0000000001665406
  0
VERTEX
  5
93
330
61
100
AcDbEntity
  8
1_ANYTOOL_1MMDEEP_LABELS_S
100
AcDbVertex
100
AcDb2dVertex
 10
111.6148781652825
 20
-0.0018415182209424
 30
0.0000000001665406
  0
VERTEX
  5
94
330
61
100
AcDbEntity
  8
1_ANYTOOL_1MMDEEP_LABELS_S
100
AcDbVertex
100
AcDb2dVertex
 10
111.8227185670683
 20
-0.0073660717923758
 30
0.0000000001665406
  0
VERTEX
  5
95
330
61
100
AcDbEntity
  8
1_ANYTOOL_1MMDEEP_LABELS_S
100
AcDbVertex
100
AcDb2dVertex
 10
112.0280478081399
 20
-0.0165736610780982
 30
0.0000000001665406
  0
VERTEX
  5
96
330
61
100
AcDbEntity
  8
1_ANYTOOL_1MMDEEP_LABELS_S
100
AcDbVertex
100
AcDb2dVertex
 10
112.2308658884971
 20
-0.0294642860781096
 30
0.0000000001665406
  0
VERTEX
  5
97
330
61
100
AcDbEntity
  8
1_ANYTOOL_1MMDEEP_LABELS_S
100
AcDbVertex
100
AcDb2dVertex
 10
112.43117280814
 20
-0.0460379467924099
 30
0.0000000001665406
  0
VERTEX
  5
98
330
61
100
AcDbEntity
  8
1_ANYTOOL_1MMDEEP_LABELS_S
100
AcDbVertex
100
AcDb2dVertex
 10
112.6289685670687
 20
-0.0662946432209992
 30
0.0000000001665406
  0
VERTEX
  5
99
330
61
100
AcDbEntity
  8
1_ANYTOOL_1MMDEEP_LABELS_S
100
AcDbVertex
100
AcDb2dVertex
 10
112.824253165283
 20
-0.0902343753638775
 30
0.0000000001665406
  0
VERTEX
  5
9A
330
61
100
AcDbEntity
  8
1_ANYTOOL_1MMDEEP_LABELS_S
100
AcDbVertex
100
AcDb2dVertex
 10
113.0170266027831
 20
-0.1178571432210447
 30
0.0000000001665406
  0
VERTEX
  5
9B
330
61
100
AcDbEntity
  8
1_ANYTOOL_1MMDEEP_LABELS_S
100
AcDbVertex
100
AcDb2dVertex
 10
113.2072888795688
 20
-0.1491629467925009
 30
0.0000000001665406
  0
VERTEX
  5
9C
330
61
100
AcDbEntity
  8
1_ANYTOOL_1MMDEEP_LABELS_S
100
AcDbVertex
100
AcDb2dVertex
 10
113.3950399956403
 20
-0.184151786078246
 30
0.0000000001665406
  0
VERTEX
  5
9D
330
61
100
AcDbEntity
  8
1_ANYTOOL_1MMDEEP_LABELS_S
100
AcDbVertex
100
AcDb2dVertex
 10
113.5802799509975
 20
-0.2228236610782801
 30
0.0000000001665406
  0
VERTEX
  5
9E
330
61
100
AcDbEntity
  8
1_ANYTOOL_1MMDEEP_LABELS_S
100
AcDbVertex
100
AcDb2dVertex
 10
113.7630087456404
 20
-0.2651785717926032
 30
0.0000000001665406
  0
VERTEX
  5
9F
330
61
100
AcDbEntity
  8
1_ANYTOOL_1MMDEEP_LABELS_S
100
AcDbVertex
100
AcDb2dVertex
 10
113.943226379569
 20
-0.3112165182212152
 30
0.0000000001665406
  0
VERTEX
  5
A0
330
61
100
AcDbEntity
  8
1_ANYTOOL_1MMDEEP_LABELS_S
100
AcDbVertex
100
AcDb2dVertex
 10
114.1209328527833
 20
-0.3609375003641162
 30
0.0000000001665406
  0
VERTEX
  5
A1
330
61
100
AcDbEntity
  8
1_ANYTOOL_1MMDEEP_LABELS_S
100
AcDbVertex
100
AcDb2dVertex
 10
114.2961281652833
 20
-0.4143415182213062
 30
0.0000000001665406
  0
VERTEX
  5
A2
330
61
100
AcDbEntity
  8
1_ANYTOOL_1MMDEEP_LABELS_S
100
AcDbVertex
100
AcDb2dVertex
 10
114.468812317069
 20
-0.4714285717927851
 30
0.0000000001665406
  0
VERTEX
  5
A3
330
61
100
AcDbEntity
  8
1_ANYTOOL_1MMDEEP_LABELS_S
100
AcDbVertex
100
AcDb2dVertex
 10
114.6389853081405
 20
-0.532198661078553
 30
0.0000000001665406
  0
VERTEX
  5
A4
330
61
100
AcDbEntity
  8
1_ANYTOOL_1MMDEEP_LABELS_S
100
AcDbVertex
100
AcDb2dVertex
 10
114.8066471384976
 20
-0.5966517860786098
 30
0.0000000001665406
  0
VERTEX
  5
A5
330
61
100
AcDbEntity
  8
1_ANYTOOL_1MMDEEP_LABELS_S
100
AcDbVertex
100
AcDb2dVertex
 10
114.9717978081405
 20
-0.6647879467929556
 30
0.0000000001665406
  0
VERTEX
  5
A6
330
61
100
AcDbEntity
  8
1_ANYTOOL_1MMDEEP_LABELS_S
100
AcDbVertex
100
AcDb2dVertex
 10
115.134437317069
 20
-0.7366071432215904
 30
0.0000000001665406
  0
VERTEX
  5
A7
330
61
100
AcDbEntity
  8
1_ANYTOOL_1MMDEEP_LABELS_S
100
AcDbVertex
100
AcDb2dVertex
 10
115.2945656652833
 20
-0.8121093753645141
 30
0.0000000001665406
  0
VERTEX
  5
A8
330
61
100
AcDbEntity
  8
1_ANYTOOL_1MMDEEP_LABELS_S
100
AcDbVertex
100
AcDb2dVertex
 10
115.4521828527832
 20
-0.8912946432217268
 30
0.0000000001665406
  0
VERTEX
  5
A9
330
61
100
AcDbEntity
  8
1_ANYTOOL_1MMDEEP_LABELS_S
100
AcDbVertex
100
AcDb2dVertex
 10
115.6072888795689
 20
-0.9741629467932285
 30
0.0000000001665406
  0
VERTEX
  5
AA
330
61
100
AcDbEntity
  8
1_ANYTOOL_1MMDEEP_LABELS_S
100
AcDbVertex
100
AcDb2dVertex
 10
115.7598837456403
 20
-1.060714286079019
 30
0.0000000001665406
  0
VERTEX
  5
AB
330
61
100
AcDbEntity
  8
1_ANYTOOL_1MMDEEP_LABELS_S
100
AcDbVertex
100
AcDb2dVertex
 10
115.9099674509974
 20
-1.150948661079099
 30
0.0000000001665406
  0
VERTEX
  5
AC
330
61
100
AcDbEntity
  8
1_ANYTOOL_1MMDEEP_LABELS_S
100
AcDbVertex
100
AcDb2dVertex
 10
116.0575399956402
 20
-1.244866071793467
 30
0.0000000001665406
  0
VERTEX
  5
AD
330
61
100
AcDbEntity
  8
1_ANYTOOL_1MMDEEP_LABELS_S
100
AcDbVertex
100
AcDb2dVertex
 10
116.2026013795687
 20
-1.342466518222125
 30
0.0000000001665406
  0
VERTEX
  5
AE
330
61
100
AcDbEntity
  8
1_ANYTOOL_1MMDEEP_LABELS_S
100
AcDbVertex
100
AcDb2dVertex
 10
116.3451516027829
 20
-1.443750000365071
 30
0.0000000001665406
  0
VERTEX
  5
AF
330
61
100
AcDbEntity
  8
1_ANYTOOL_1MMDEEP_LABELS_S
100
AcDbVertex
100
AcDb2dVertex
 10
116.4851906652829
 20
-1.548716518222307
 30
0.0000000001665406
  0
VERTEX
  5
B0
330
61
100
AcDbEntity
  8
1_ANYTOOL_1MMDEEP_LABELS_S
100
AcDbVertex
100
AcDb2dVertex
 10
116.6227185670685
 20
-1.657366071793831
 30
0.0000000001665406
  0
VERTEX
  5
B1
330
61
100
AcDbEntity
  8
1_ANYTOOL_1MMDEEP_LABELS_S
100
AcDbVertex
100
AcDb2dVertex
 10
116.7577353081399
 20
-1.769698661079644
 30
0.0000000001665406
  0
VERTEX
  5
B2
330
61
100
AcDbEntity
  8
1_ANYTOOL_1MMDEEP_LABELS_S
100
AcDbVertex
100
AcDb2dVertex
 10
116.8902408884969
 20
-1.885714286079747
 30
0.0000000001665406
  0
VERTEX
  5
B3
330
61
100
AcDbEntity
  8
1_ANYTOOL_1MMDEEP_LABELS_S
100
AcDbVertex
100
AcDb2dVertex
 10
117.0220349733184
 20
-2.005119978044128
 30
0.0000000001665406
  0
VERTEX
  5
B4
330
61
100
AcDbEntity
  8
1_ANYTOOL_1MMDEEP_LABELS_S
100
AcDbVertex
100
AcDb2dVertex
 10
117.1495600849257
 20
-2.127622768222778
 30
0.0000000001665406
  0
VERTEX
  5
B5
330
61
100
AcDbEntity
  8
1_ANYTOOL_1MMDEEP_LABELS_S
100
AcDbVertex
100
AcDb2dVertex
 10
117.2728162233186
 20
-2.253222656615698
 30
0.0000000001665406
  0
VERTEX
  5
B6
330
61
100
AcDbEntity
  8
1_ANYTOOL_1MMDEEP_LABELS_S
100
AcDbVertex
100
AcDb2dVertex
 10
117.3918033884973
 20
-2.381919643222886
 30
0.0000000001665406
  0
VERTEX
  5
B7
330
61
100
AcDbEntity
  8
1_ANYTOOL_1MMDEEP_LABELS_S
100
AcDbVertex
100
AcDb2dVertex
 10
117.5065215804617
 20
-2.513713728044344
 30
0.0000000001665406
  0
VERTEX
  5
B8
330
61
100
AcDbEntity
  8
1_ANYTOOL_1MMDEEP_LABELS_S
100
AcDbVertex
100
AcDb2dVertex
 10
117.6169707992118
 20
-2.648604911080071
 30
0.0000000001665406
  0
VERTEX
  5
B9
330
61
100
AcDbEntity
  8
1_ANYTOOL_1MMDEEP_LABELS_S
100
AcDbVertex
100
AcDb2dVertex
 10
117.7231510447476
 20
-2.786593192330066
 30
0.0000000001665406
  0
VERTEX
  5
BA
330
61
100
AcDbEntity
  8
1_ANYTOOL_1MMDEEP_LABELS_S
100
AcDbVertex
100
AcDb2dVertex
 10
117.8250623170691
 20
-2.927678571794331
 30
0.0000000001665406
  0
VERTEX
  5
BB
330
61
100
AcDbEntity
  8
1_ANYTOOL_1MMDEEP_LABELS_S
100
AcDbVertex
100
AcDb2dVertex
 10
117.9227046161763
 20
-3.071861049472865
 30
0.0000000001665406
  0
VERTEX
  5
BC
330
61
100
AcDbEntity
  8
1_ANYTOOL_1MMDEEP_LABELS_S
100
AcDbVertex
100
AcDb2dVertex
 10
118.0160779420692
 20
-3.219140625365668
 30
0.0000000001665406
  0
VERTEX
  5
BD
330
61
100
AcDbEntity
  8
1_ANYTOOL_1MMDEEP_LABELS_S
100
AcDbVertex
100
AcDb2dVertex
 10
118.1051822947479
 20
-3.36951729947274
 30
0.0000000001665406
  0
VERTEX
  5
BE
330
61
100
AcDbEntity
  8
1_ANYTOOL_1MMDEEP_LABELS_S
100
AcDbVertex
100
AcDb2dVertex
 10
118.1900176742122
 20
-3.522991071794081
 30
0.0000000001665406
  0
VERTEX
  5
BF
330
61
100
AcDbEntity
  8
1_ANYTOOL_1MMDEEP_LABELS_S
100
AcDbVertex
100
AcDb2dVertex
 10
118.2705840804623
 20
-3.679561942329691
 30
0.0000000001665406
  0
VERTEX
  5
C0
330
61
100
AcDbEntity
  8
1_ANYTOOL_1MMDEEP_LABELS_S
100
AcDbVertex
100
AcDb2dVertex
 10
118.3468815134981
 20
-3.83922991107957
 30
0.0000000001665406
  0
VERTEX
  5
C1
330
61
100
AcDbEntity
  8
1_ANYTOOL_1MMDEEP_LABELS_S
100
AcDbVertex
100
AcDb2dVertex
 10
118.4189099733196
 20
-4.001994978043719
 30
0.0000000001665406
  0
VERTEX
  5
C2
330
61
100
AcDbEntity
  8
1_ANYTOOL_1MMDEEP_LABELS_S
100
AcDbVertex
100
AcDb2dVertex
 10
118.4866694599268
 20
-4.167857143222136
 30
0.0000000001665406
  0
VERTEX
  5
C3
330
61
100
AcDbEntity
  8
1_ANYTOOL_1MMDEEP_LABELS_S
100
AcDbVertex
100
AcDb2dVertex
 10
118.5501599733197
 20
-4.336816406614822
 30
0.0000000001665406
  0
VERTEX
  5
C4
330
61
100
AcDbEntity
  8
1_ANYTOOL_1MMDEEP_LABELS_S
100
AcDbVertex
100
AcDb2dVertex
 10
118.6093815134984
 20
-4.508872768221778
 30
0.0000000001665406
  0
VERTEX
  5
C5
330
61
100
AcDbEntity
  8
1_ANYTOOL_1MMDEEP_LABELS_S
100
AcDbVertex
100
AcDb2dVertex
 10
118.6643340804627
 20
-4.684026228043003
 30
0.0000000001665406
  0
VERTEX
  5
C6
330
61
100
AcDbEntity
  8
1_ANYTOOL_1MMDEEP_LABELS_S
100
AcDbVertex
100
AcDb2dVertex
 10
118.7150176742128
 20
-4.862276786078496
 30
0.0000000001665406
  0
VERTEX
  5
C7
330
61
100
AcDbEntity
  8
1_ANYTOOL_1MMDEEP_LABELS_S
100
AcDbVertex
100
AcDb2dVertex
 10
118.7614322947486
 20
-5.043624442328259
 30
0.0000000001665406
  0
VERTEX
  5
C8
330
61
100
AcDbEntity
  8
1_ANYTOOL_1MMDEEP_LABELS_S
100
AcDbVertex
100
AcDb2dVertex
 10
118.80357794207
 20
-5.228069196792291
 30
0.0000000001665406
  0
VERTEX
  5
C9
330
61
100
AcDbEntity
  8
1_ANYTOOL_1MMDEEP_LABELS_S
100
AcDbVertex
100
AcDb2dVertex
 10
118.8414546161772
 20
-5.415611049470591
 30
0.0000000001665406
  0
VERTEX
  5
CA
330
61
100
AcDbEntity
  8
1_ANYTOOL_1MMDEEP_LABELS_S
100
AcDbVertex
100
AcDb2dVertex
 10
118.8750623170702
 20
-5.606250000363161
 30
0.0000000001665406
  0
VERTEX
  5
CB
330
61
100
AcDbEntity
  8
1_ANYTOOL_1MMDEEP_LABELS_S
100
AcDbVertex
100
AcDb2dVertex
 10
118.9044010447488
 20
-5.79998604947
 30
0.0000000001665406
  0
VERTEX
  5
CC
330
61
100
AcDbEntity
  8
1_ANYTOOL_1MMDEEP_LABELS_S
100
AcDbVertex
100
AcDb2dVertex
 10
118.9294707992131
 20
-5.996819196791108
 30
0.0000000001665406
  0
VERTEX
  5
CD
330
61
100
AcDbEntity
  8
1_ANYTOOL_1MMDEEP_LABELS_S
100
AcDbVertex
100
AcDb2dVertex
 10
118.9502715804632
 20
-6.196749442326485
 30
0.0000000001665406
  0
VERTEX
  5
CE
330
61
100
AcDbEntity
  8
1_ANYTOOL_1MMDEEP_LABELS_S
100
AcDbVertex
100
AcDb2dVertex
 10
118.9668033884989
 20
-6.399776786076131
 30
0.0000000001665406
  0
VERTEX
  5
CF
330
61
100
AcDbEntity
  8
1_ANYTOOL_1MMDEEP_LABELS_S
100
AcDbVertex
100
AcDb2dVertex
 10
118.9790662233204
 20
-6.605901228040047
 30
0.0000000001665406
  0
VERTEX
  5
D0
330
61
100
AcDbEntity
  8
1_ANYTOOL_1MMDEEP_LABELS_S
100
AcDbVertex
100
AcDb2dVertex
 10
118.9870600849276
 20
-6.815122768218231
 30
0.0000000001665406
  0
VERTEX
  5
D1
330
61
100
AcDbEntity
  8
1_ANYTOOL_1MMDEEP_LABELS_S
100
AcDbVertex
100
AcDb2dVertex
 10
118.9907849733205
 20
-7.027441406610684
 30
0.0000000001665406
  0
VERTEX
  5
D2
330
61
100
AcDbEntity
  8
1_ANYTOOL_1MMDEEP_LABELS_S
100
AcDbVertex
100
AcDb2dVertex
 10
118.9857207992134
 20
-7.585881696789215
 30
0.0000000001665406
  0
VERTEX
  5
D3
330
61
100
AcDbEntity
  8
1_ANYTOOL_1MMDEEP_LABELS_S
100
AcDbVertex
100
AcDb2dVertex
 10
118.9721605313562
 20
-7.91852678607529
 30
0.0000000001665406
  0
VERTEX
  5
D4
330
61
100
AcDbEntity
  8
1_ANYTOOL_1MMDEEP_LABELS_S
100
AcDbVertex
100
AcDb2dVertex
 10
118.9495600849276
 20
-8.240792411075631
 30
0.0000000001665406
  0
VERTEX
  5
D5
330
61
100
AcDbEntity
  8
1_ANYTOOL_1MMDEEP_LABELS_S
100
AcDbVertex
100
AcDb2dVertex
 10
118.9179194599276
 20
-8.552678571790238
 30
0.0000000001665406
  0
VERTEX
  5
D6
330
61
100
AcDbEntity
  8
1_ANYTOOL_1MMDEEP_LABELS_S
100
AcDbVertex
100
AcDb2dVertex
 10
118.8772386563561
 20
-8.854185268219112
 30
0.0000000001665406
  0
VERTEX
  5
D7
330
61
100
AcDbEntity
  8
1_ANYTOOL_1MMDEEP_LABELS_S
100
AcDbVertex
100
AcDb2dVertex
 10
118.8535081876061
 20
-9.001046317326399
 30
0.0000000001665406
  0
VERTEX
  5
D8
330
61
100
AcDbEntity
  8
1_ANYTOOL_1MMDEEP_LABELS_S
100
AcDbVertex
100
AcDb2dVertex
 10
118.8275176742132
 20
-9.145312500362252
 30
0.0000000001665406
  0
VERTEX
  5
D9
330
61
100
AcDbEntity
  8
1_ANYTOOL_1MMDEEP_LABELS_S
100
AcDbVertex
100
AcDb2dVertex
 10
118.7992671161774
 20
-9.286983817326671
 30
0.0000000001665406
  0
VERTEX
  5
DA
330
61
100
AcDbEntity
  8
1_ANYTOOL_1MMDEEP_LABELS_S
100
AcDbVertex
100
AcDb2dVertex
 10
118.7687565134988
 20
-9.426060268219658
 30
0.0000000001665406
  0
VERTEX
  5
DB
330
61
100
AcDbEntity
  8
1_ANYTOOL_1MMDEEP_LABELS_S
100
AcDbVertex
100
AcDb2dVertex
 10
118.7359858661774
 20
-9.56254185304121
 30
0.0000000001665406
  0
VERTEX
  5
DC
330
61
100
AcDbEntity
  8
1_ANYTOOL_1MMDEEP_LABELS_S
100
AcDbVertex
100
AcDb2dVertex
 10
118.700955174213
 20
-9.69642857179133
 30
0.0000000001665406
  0
VERTEX
  5
DD
330
61
100
AcDbEntity
  8
1_ANYTOOL_1MMDEEP_LABELS_S
100
AcDbVertex
100
AcDb2dVertex
 10
118.6636644376059
 20
-9.827720424470016
 30
0.0000000001665406
  0
VERTEX
  5
DE
330
61
100
AcDbEntity
  8
1_ANYTOOL_1MMDEEP_LABELS_S
100
AcDbVertex
100
AcDb2dVertex
 10
118.6241136563558
 20
-9.956417411077268
 30
0.0000000001665406
  0
VERTEX
  5
DF
330
61
100
AcDbEntity
  8
1_ANYTOOL_1MMDEEP_LABELS_S
100
AcDbVertex
100
AcDb2dVertex
 10
118.5823028304629
 20
-10.08251953161309
 30
0.0000000001665406
  0
VERTEX
  5
E0
330
61
100
AcDbEntity
  8
1_ANYTOOL_1MMDEEP_LABELS_S
100
AcDbVertex
100
AcDb2dVertex
 10
118.5382319599271
 20
-10.20602678607747
 30
0.0000000001665406
  0
VERTEX
  5
E1
330
61
100
AcDbEntity
  8
1_ANYTOOL_1MMDEEP_LABELS_S
100
AcDbVertex
100
AcDb2dVertex
 10
118.4919010447485
 20
-10.32693917447043
 30
0.0000000001665406
  0
VERTEX
  5
E2
330
61
100
AcDbEntity
  8
1_ANYTOOL_1MMDEEP_LABELS_S
100
AcDbVertex
100
AcDb2dVertex
 10
118.443310084927
 20
-10.44525669679194
 30
0.0000000001665406
  0
VERTEX
  5
E3
330
61
100
AcDbEntity
  8
1_ANYTOOL_1MMDEEP_LABELS_S
100
AcDbVertex
100
AcDb2dVertex
 10
118.3924590804627
 20
-10.56097935304203
 30
0.0000000001665406
  0
VERTEX
  5
E4
330
61
100
AcDbEntity
  8
1_ANYTOOL_1MMDEEP_LABELS_S
100
AcDbVertex
100
AcDb2dVertex
 10
118.3393480313555
 20
-10.67410714322068
 30
0.0000000001665406
  0
VERTEX
  5
E5
330
61
100
AcDbEntity
  8
1_ANYTOOL_1MMDEEP_LABELS_S
100
AcDbVertex
100
AcDb2dVertex
 10
118.2839769376054
 20
-10.7846400673279
 30
0.0000000001665406
  0
VERTEX
  5
E6
330
61
100
AcDbEntity
  8
1_ANYTOOL_1MMDEEP_LABELS_S
100
AcDbVertex
100
AcDb2dVertex
 10
118.2263457992125
 20
-10.89257812536368
 30
0.0000000001665406
  0
VERTEX
  5
E7
330
61
100
AcDbEntity
  8
1_ANYTOOL_1MMDEEP_LABELS_S
100
AcDbVertex
100
AcDb2dVertex
 10
118.1664546161767
 20
-10.99792131732804
 30
0.0000000001665406
  0
VERTEX
  5
E8
330
61
100
AcDbEntity
  8
1_ANYTOOL_1MMDEEP_LABELS_S
100
AcDbVertex
100
AcDb2dVertex
 10
118.1043033884981
 20
-11.10066964322095
 30
0.0000000001665406
  0
VERTEX
  5
E9
330
61
100
AcDbEntity
  8
1_ANYTOOL_1MMDEEP_LABELS_S
100
AcDbVertex
100
AcDb2dVertex
 10
118.0398921161766
 20
-11.20082310304244
 30
0.0000000001665406
  0
VERTEX
  5
EA
330
61
100
AcDbEntity
  8
1_ANYTOOL_1MMDEEP_LABELS_S
100
AcDbVertex
100
AcDb2dVertex
 10
117.9732207992122
 20
-11.29838169679249
 30
0.0000000001665406
  0
VERTEX
  5
EB
330
61
100
AcDbEntity
  8
1_ANYTOOL_1MMDEEP_LABELS_S
100
AcDbVertex
100
AcDb2dVertex
 10
117.904289437605
 20
-11.39334542447111
 30
0.0000000001665406
  0
VERTEX
  5
EC
330
61
100
AcDbEntity
  8
1_ANYTOOL_1MMDEEP_LABELS_S
100
AcDbVertex
100
AcDb2dVertex
 10
117.8330980313549
 20
-11.48571428607829
 30
0.0000000001665406
  0
VERTEX
  5
ED
330
61
100
AcDbEntity
  8
1_ANYTOOL_1MMDEEP_LABELS_S
100
AcDbVertex
100
AcDb2dVertex
 10
117.6862788349262
 20
-11.6645089289355
 30
0.0000000001665406
  0
VERTEX
  5
EE
330
61
100
AcDbEntity
  8
1_ANYTOOL_1MMDEEP_LABELS_S
100
AcDbVertex
100
AcDb2dVertex
 10
117.5351069599261
 20
-11.83660714322127
 30
0.0000000001665406
  0
VERTEX
  5
EF
330
61
100
AcDbEntity
  8
1_ANYTOOL_1MMDEEP_LABELS_S
100
AcDbVertex
100
AcDb2dVertex
 10
117.3795824063545
 20
-12.0020089289356
 30
0.0000000001665406
  0
VERTEX
  5
F0
330
61
100
AcDbEntity
  8
1_ANYTOOL_1MMDEEP_LABELS_S
100
AcDbVertex
100
AcDb2dVertex
 10
117.2197051742116
 20
-12.16071428607847
 30
0.0000000001665406
  0
VERTEX
  5
F1
330
61
100
AcDbEntity
  8
1_ANYTOOL_1MMDEEP_LABELS_S
100
AcDbVertex
100
AcDb2dVertex
 10
117.1381343036759
 20
-12.23755580393562
 30
0.0000000001665406
  0
VERTEX
  5
F2
330
61
100
AcDbEntity
  8
1_ANYTOOL_1MMDEEP_LABELS_S
100
AcDbVertex
100
AcDb2dVertex
 10
117.0554752634973
 20
-12.31272321464991
 30
0.0000000001665406
  0
VERTEX
  5
F3
330
61
100
AcDbEntity
  8
1_ANYTOOL_1MMDEEP_LABELS_S
100
AcDbVertex
100
AcDb2dVertex
 10
116.9717280536759
 20
-12.38621651822133
 30
0.0000000001665406
  0
VERTEX
  5
F4
330
61
100
AcDbEntity
  8
1_ANYTOOL_1MMDEEP_LABELS_S
100
AcDbVertex
100
AcDb2dVertex
 10
116.8868926742117
 20
-12.4580357146499
 30
0.0000000001665406
  0
VERTEX
  5
F5
330
61
100
AcDbEntity
  8
1_ANYTOOL_1MMDEEP_LABELS_S
100
AcDbVertex
100
AcDb2dVertex
 10
116.8009691251045
 20
-12.5281808039356
 30
0.0000000001665406
  0
VERTEX
  5
F6
330
61
100
AcDbEntity
  8
1_ANYTOOL_1MMDEEP_LABELS_S
100
AcDbVertex
100
AcDb2dVertex
 10
116.7139574063546
 20
-12.59665178607844
 30
0.0000000001665406
  0
VERTEX
  5
F7
330
61
100
AcDbEntity
  8
1_ANYTOOL_1MMDEEP_LABELS_S
100
AcDbVertex
100
AcDb2dVertex
 10
116.6258575179617
 20
-12.66344866107842
 30
0.0000000001665406
  0
VERTEX
  5
F8
330
61
100
AcDbEntity
  8
1_ANYTOOL_1MMDEEP_LABELS_S
100
AcDbVertex
100
AcDb2dVertex
 10
116.5366694599261
 20
-12.72857142893554
 30
0.0000000001665406
  0
VERTEX
  5
F9
330
61
100
AcDbEntity
  8
1_ANYTOOL_1MMDEEP_LABELS_S
100
AcDbVertex
100
AcDb2dVertex
 10
116.4463932322476
 20
-12.7920200896498
 30
0.0000000001665406
  0
VERTEX
  5
FA
330
61
100
AcDbEntity
  8
1_ANYTOOL_1MMDEEP_LABELS_S
100
AcDbVertex
100
AcDb2dVertex
 10
116.3550288349262
 20
-12.85379464322119
 30
0.0000000001665406
  0
VERTEX
  5
FB
330
61
100
AcDbEntity
  8
1_ANYTOOL_1MMDEEP_LABELS_S
100
AcDbVertex
100
AcDb2dVertex
 10
116.262576267962
 20
-12.91389508964973
 30
0.0000000001665406
  0
VERTEX
  5
FC
330
61
100
AcDbEntity
  8
1_ANYTOOL_1MMDEEP_LABELS_S
100
AcDbVertex
100
AcDb2dVertex
 10
116.169035531355
 20
-12.9723214289354
 30
0.0000000001665406
  0
VERTEX
  5
FD
330
61
100
AcDbEntity
  8
1_ANYTOOL_1MMDEEP_LABELS_S
100
AcDbVertex
100
AcDb2dVertex
 10
116.074406625105
 20
-13.02907366107821
 30
0.0000000001665406
  0
VERTEX
  5
FE
330
61
100
AcDbEntity
  8
1_ANYTOOL_1MMDEEP_LABELS_S
100
AcDbVertex
100
AcDb2dVertex
 10
115.9786895492123
 20
-13.08415178607817
 30
0.0000000001665406
  0
VERTEX
  5
FF
330
61
100
AcDbEntity
  8
1_ANYTOOL_1MMDEEP_LABELS_S
100
AcDbVertex
100
AcDb2dVertex
 10
115.8818843036767
 20
-13.13755580393526
 30
0.0000000001665406
  0
VERTEX
  5
100
330
61
100
AcDbEntity
  8
1_ANYTOOL_1MMDEEP_LABELS_S
100
AcDbVertex
100
AcDb2dVertex
 10
115.7839908884982
 20
-13.18928571464949
 30
0.0000000001665406
  0
VERTEX
  5
101
330
61
100
AcDbEntity
  8
1_ANYTOOL_1MMDEEP_LABELS_S
100
AcDbVertex
100
AcDb2dVertex
 10
115.6850093036769
 20
-13.23934151822085
 30
0.0000000001665406
  0
VERTEX
  5
102
330
61
100
AcDbEntity
  8
1_ANYTOOL_1MMDEEP_LABELS_S
100
AcDbVertex
100
AcDb2dVertex
 10
115.5849395492128
 20
-13.28772321464936
 30
0.0000000001665406
  0
VERTEX
  5
103
330
61
100
AcDbEntity
  8
1_ANYTOOL_1MMDEEP_LABELS_S
100
AcDbVertex
100
AcDb2dVertex
 10
115.4837816251058
 20
-13.33443080393501
 30
0.0000000001665406
  0
VERTEX
  5
104
330
61
100
AcDbEntity
  8
1_ANYTOOL_1MMDEEP_LABELS_S
100
AcDbVertex
100
AcDb2dVertex
 10
115.381535531356
 20
-13.37946428607779
 30
0.0000000001665406
  0
VERTEX
  5
105
330
61
100
AcDbEntity
  8
1_ANYTOOL_1MMDEEP_LABELS_S
100
AcDbVertex
100
AcDb2dVertex
 10
115.2782012679633
 20
-13.42282366107771
 30
0.0000000001665406
  0
VERTEX
  5
106
330
61
100
AcDbEntity
  8
1_ANYTOOL_1MMDEEP_LABELS_S
100
AcDbVertex
100
AcDb2dVertex
 10
115.1737788349277
 20
-13.46450892893478
 30
0.0000000001665406
  0
VERTEX
  5
107
330
61
100
AcDbEntity
  8
1_ANYTOOL_1MMDEEP_LABELS_S
100
AcDbVertex
100
AcDb2dVertex
 10
114.9616694599281
 20
-13.54285714322032
 30
0.0000000001665406
  0
VERTEX
  5
108
330
61
100
AcDbEntity
  8
1_ANYTOOL_1MMDEEP_LABELS_S
100
AcDbVertex
100
AcDb2dVertex
 10
114.7462118706423
 20
-13.61568080393442
 30
0.0000000001665406
  0
VERTEX
  5
109
330
61
100
AcDbEntity
  8
1_ANYTOOL_1MMDEEP_LABELS_S
100
AcDbVertex
100
AcDb2dVertex
 10
114.5284105313565
 20
-13.68415178607711
 30
0.0000000001665406
  0
VERTEX
  5
10A
330
61
100
AcDbEntity
  8
1_ANYTOOL_1MMDEEP_LABELS_S
100
AcDbVertex
100
AcDb2dVertex
 10
114.3082654420708
 20
-13.74827008964837
 30
0.0000000001665406
  0
VERTEX
  5
10B
330
61
100
AcDbEntity
  8
1_ANYTOOL_1MMDEEP_LABELS_S
100
AcDbVertex
100
AcDb2dVertex
 10
114.085776602785
 20
-13.80803571464821
 30
0.0000000001665406
  0
VERTEX
  5
10C
330
61
100
AcDbEntity
  8
1_ANYTOOL_1MMDEEP_LABELS_S
100
AcDbVertex
100
AcDb2dVertex
 10
113.8609440134993
 20
-13.86344866107663
 30
0.0000000001665406
  0
VERTEX
  5
10D
330
61
100
AcDbEntity
  8
1_ANYTOOL_1MMDEEP_LABELS_S
100
AcDbVertex
100
AcDb2dVertex
 10
113.6337676742135
 20
-13.91450892893363
 30
0.0000000001665406
  0
VERTEX
  5
10E
330
61
100
AcDbEntity
  8
1_ANYTOOL_1MMDEEP_LABELS_S
100
AcDbVertex
100
AcDb2dVertex
 10
113.4042475849278
 20
-13.9612165182192
 30
0.0000000001665406
  0
VERTEX
  5
10F
330
61
100
AcDbEntity
  8
1_ANYTOOL_1MMDEEP_LABELS_S
100
AcDbVertex
100
AcDb2dVertex
 10
113.172383745642
 20
-14.00357142893336
 30
0.0000000001665406
  0
VERTEX
  5
110
330
61
100
AcDbEntity
  8
1_ANYTOOL_1MMDEEP_LABELS_S
100
AcDbVertex
100
AcDb2dVertex
 10
112.9381761563563
 20
-14.04157366107609
 30
0.0000000001665406
  0
VERTEX
  5
111
330
61
100
AcDbEntity
  8
1_ANYTOOL_1MMDEEP_LABELS_S
100
AcDbVertex
100
AcDb2dVertex
 10
112.7016248170706
 20
-14.07522321464739
 30
0.0000000001665406
  0
VERTEX
  5
112
330
61
100
AcDbEntity
  8
1_ANYTOOL_1MMDEEP_LABELS_S
100
AcDbVertex
100
AcDb2dVertex
 10
112.4627297277849
 20
-14.10452008964728
 30
0.0000000001665406
  0
VERTEX
  5
113
330
61
100
AcDbEntity
  8
1_ANYTOOL_1MMDEEP_LABELS_S
100
AcDbVertex
100
AcDb2dVertex
 10
112.2214908884991
 20
-14.12946428607574
 30
0.0000000001665406
  0
VERTEX
  5
114
330
61
100
AcDbEntity
  8
1_ANYTOOL_1MMDEEP_LABELS_S
100
AcDbVertex
100
AcDb2dVertex
 10
111.9779082992134
 20
-14.15005580393279
 30
0.0000000001665406
  0
VERTEX
  5
115
330
61
100
AcDbEntity
  8
1_ANYTOOL_1MMDEEP_LABELS_S
100
AcDbVertex
100
AcDb2dVertex
 10
111.7319819599277
 20
-14.16629464321841
 30
0.0000000001665406
  0
VERTEX
  5
116
330
61
100
AcDbEntity
  8
1_ANYTOOL_1MMDEEP_LABELS_S
100
AcDbVertex
100
AcDb2dVertex
 10
111.483711870642
 20
-14.17818080393261
 30
0.0000000001665406
  0
VERTEX
  5
117
330
61
100
AcDbEntity
  8
1_ANYTOOL_1MMDEEP_LABELS_S
100
AcDbVertex
100
AcDb2dVertex
 10
111.2330980313563
 20
-14.18571428607538
 30
0.0000000001665406
  0
VERTEX
  5
118
330
61
100
AcDbEntity
  8
1_ANYTOOL_1MMDEEP_LABELS_S
100
AcDbVertex
100
AcDb2dVertex
 10
107.5473837456411
 20
-14.2285714289319
 30
0.0000000001665406
  0
SEQEND
  5
119
330
61
100
AcDbEntity
  8
1_ANYTOOL_1MMDEEP_LABELS_S
  0
POLYLINE
  5
11A
330
1F
100
AcDbEntity
  8
1_ANYTOOL_1MMDEEP_LABELS_S
100
AcDb2dPolyline
 66
     1
 10
0.0
 20
0.0
 30
0.0000000001665406
  0
VERTEX
  5
11B
330
11A
100
AcDbEntity
  8
1_ANYTOOL_1MMDEEP_LABELS_S
100
AcDbVertex
100
AcDb2dVertex
 10
110.3330980313549
 20
-14.2285714289319
 30
0.0000000001665406
  0
VERTEX
  5
11C
330
11A
100
AcDbEntity
  8
1_ANYTOOL_1MMDEEP_LABELS_S
100
AcDbVertex
100
AcDb2dVertex
 10
110.7702074063549
 20
-14.25552455393247
 30
0.0000000001665406
  0
VERTEX
  5
11D
330
11A
100
AcDbEntity
  8
1_ANYTOOL_1MMDEEP_LABELS_S
100
AcDbVertex
100
AcDb2dVertex
 10
111.2029641027834
 20
-14.29352678607586
 30
0.0000000001665406
  0
VERTEX
  5
11E
330
11A
100
AcDbEntity
  8
1_ANYTOOL_1MMDEEP_LABELS_S
100
AcDbVertex
100
AcDb2dVertex
 10
111.6313681206406
 20
-14.34257812536205
 30
0.0000000001665406
  0
VERTEX
  5
11F
330
11A
100
AcDbEntity
  8
1_ANYTOOL_1MMDEEP_LABELS_S
100
AcDbVertex
100
AcDb2dVertex
 10
112.0554194599263
 20
-14.40267857179106
 30
0.0000000001665406
  0
VERTEX
  5
120
330
11A
100
AcDbEntity
  8
1_ANYTOOL_1MMDEEP_LABELS_S
100
AcDbVertex
100
AcDb2dVertex
 10
112.4751181206406
 20
-14.47382812536287
 30
0.0000000001665406
  0
VERTEX
  5
121
330
11A
100
AcDbEntity
  8
1_ANYTOOL_1MMDEEP_LABELS_S
100
AcDbVertex
100
AcDb2dVertex
 10
112.8904641027834
 20
-14.5560267860775
 30
0.0000000001665406
  0
VERTEX
  5
122
330
11A
100
AcDbEntity
  8
1_ANYTOOL_1MMDEEP_LABELS_S
100
AcDbVertex
100
AcDb2dVertex
 10
113.3014574063549
 20
-14.64927455393493
 30
0.0000000001665406
  0
VERTEX
  5
123
330
11A
100
AcDbEntity
  8
1_ANYTOOL_1MMDEEP_LABELS_S
100
AcDbVertex
100
AcDb2dVertex
 10
113.7080980313549
 20
-14.75357142893517
 30
0.0000000001665406
  0
VERTEX
  5
124
330
11A
100
AcDbEntity
  8
1_ANYTOOL_1MMDEEP_LABELS_S
100
AcDbVertex
100
AcDb2dVertex
 10
114.1103859777835
 20
-14.86891741107823
 30
0.0000000001665406
  0
VERTEX
  5
125
330
11A
100
AcDbEntity
  8
1_ANYTOOL_1MMDEEP_LABELS_S
100
AcDbVertex
100
AcDb2dVertex
 10
114.5083212456407
 20
-14.99531250036409
 30
0.0000000001665406
  0
VERTEX
  5
126
330
11A
100
AcDbEntity
  8
1_ANYTOOL_1MMDEEP_LABELS_S
100
AcDbVertex
100
AcDb2dVertex
 10
114.9019038349264
 20
-15.13275669679277
 30
0.0000000001665406
  0
VERTEX
  5
127
330
11A
100
AcDbEntity
  8
1_ANYTOOL_1MMDEEP_LABELS_S
100
AcDbVertex
100
AcDb2dVertex
 10
115.2911337456408
 20
-15.28125000036425
 30
0.0000000001665406
  0
VERTEX
  5
128
330
11A
100
AcDbEntity
  8
1_ANYTOOL_1MMDEEP_LABELS_S
100
AcDbVertex
100
AcDb2dVertex
 10
115.6760109777837
 20
-15.44079241107855
 30
0.0000000001665406
  0
VERTEX
  5
129
330
11A
100
AcDbEntity
  8
1_ANYTOOL_1MMDEEP_LABELS_S
100
AcDbVertex
100
AcDb2dVertex
 10
116.0565355313552
 20
-15.61138392893565
 30
0.0000000001665406
  0
VERTEX
  5
12A
330
11A
100
AcDbEntity
  8
1_ANYTOOL_1MMDEEP_LABELS_S
100
AcDbVertex
100
AcDb2dVertex
 10
116.4327074063552
 20
-15.79302455393557
 30
0.0000000001665406
  0
VERTEX
  5
12B
330
11A
100
AcDbEntity
  8
1_ANYTOOL_1MMDEEP_LABELS_S
100
AcDbVertex
100
AcDb2dVertex
 10
116.8045266027839
 20
-15.98571428607829
 30
0.0000000001665406
  0
VERTEX
  5
12C
330
11A
100
AcDbEntity
  8
1_ANYTOOL_1MMDEEP_LABELS_S
100
AcDbVertex
100
AcDb2dVertex
 10
116.9864601965339
 20
-16.08457031286397
 30
0.0000000001665406
  0
VERTEX
  5
12D
330
11A
100
AcDbEntity
  8
1_ANYTOOL_1MMDEEP_LABELS_S
100
AcDbVertex
100
AcDb2dVertex
 10
117.1626181206411
 20
-16.18828125036393
 30
0.0000000001665406
  0
VERTEX
  5
12E
330
11A
100
AcDbEntity
  8
1_ANYTOOL_1MMDEEP_LABELS_S
100
AcDbVertex
100
AcDb2dVertex
 10
117.2485312065786
 20
-16.24195731063177
 30
0.0000000001665406
  0
VERTEX
  5
12F
330
11A
100
AcDbEntity
  8
1_ANYTOOL_1MMDEEP_LABELS_S
100
AcDbVertex
100
AcDb2dVertex
 10
117.3330003751054
 20
-16.29684709857818
 30
0.0000000001665406
  0
VERTEX
  5
130
330
11A
100
AcDbEntity
  8
1_ANYTOOL_1MMDEEP_LABELS_S
100
AcDbVertex
100
AcDb2dVertex
 10
117.4160256262215
 20
-16.35295061420316
 30
0.0000000001665406
  0
VERTEX
  5
131
330
11A
100
AcDbEntity
  8
1_ANYTOOL_1MMDEEP_LABELS_S
100
AcDbVertex
100
AcDb2dVertex
 10
117.4976069599269
 20
-16.41026785750671
 30
0.0000000001665406
  0
VERTEX
  5
132
330
11A
100
AcDbEntity
  8
1_ANYTOOL_1MMDEEP_LABELS_S
100
AcDbVertex
100
AcDb2dVertex
 10
117.5777443762215
 20
-16.46879882848884
 30
0.0000000001665406
  0
VERTEX
  5
133
330
11A
100
AcDbEntity
  8
1_ANYTOOL_1MMDEEP_LABELS_S
100
AcDbVertex
100
AcDb2dVertex
 10
117.6564378751055
 20
-16.52854352714953
 30
0.0000000001665406
  0
VERTEX
  5
134
330
11A
100
AcDbEntity
  8
1_ANYTOOL_1MMDEEP_LABELS_S
100
AcDbVertex
100
AcDb2dVertex
 10
117.7336874565787
 20
-16.5895019534888
 30
0.0000000001665406
  0
VERTEX
  5
135
330
11A
100
AcDbEntity
  8
1_ANYTOOL_1MMDEEP_LABELS_S
100
AcDbVertex
100
AcDb2dVertex
 10
117.8094931206412
 20
-16.65167410750664
 30
0.0000000001665406
  0
VERTEX
  5
136
330
11A
100
AcDbEntity
  8
1_ANYTOOL_1MMDEEP_LABELS_S
100
AcDbVertex
100
AcDb2dVertex
 10
117.883854867293
 20
-16.71505998920305
 30
0.0000000001665406
  0
VERTEX
  5
137
330
11A
100
AcDbEntity
  8
1_ANYTOOL_1MMDEEP_LABELS_S
100
AcDbVertex
100
AcDb2dVertex
 10
117.9567726965341
 20
-16.77965959857803
 30
0.0000000001665406
  0
VERTEX
  5
138
330
11A
100
AcDbEntity
  8
1_ANYTOOL_1MMDEEP_LABELS_S
100
AcDbVertex
100
AcDb2dVertex
 10
118.0282466083645
 20
-16.84547293563158
 30
0.0000000001665406
  0
VERTEX
  5
139
330
11A
100
AcDbEntity
  8
1_ANYTOOL_1MMDEEP_LABELS_S
100
AcDbVertex
100
AcDb2dVertex
 10
118.0982766027842
 20
-16.91250000036371
 30
0.0000000001665406
  0
VERTEX
  5
13A
330
11A
100
AcDbEntity
  8
1_ANYTOOL_1MMDEEP_LABELS_S
100
AcDbVertex
100
AcDb2dVertex
 10
118.1668626797931
 20
-16.98074079277441
 30
0.0000000001665406
  0
VERTEX
  5
13B
330
11A
100
AcDbEntity
  8
1_ANYTOOL_1MMDEEP_LABELS_S
100
AcDbVertex
100
AcDb2dVertex
 10
118.2340048393913
 20
-17.05019531286367
 30
0.0000000001665406
  0
VERTEX
  5
13C
330
11A
100
AcDbEntity
  8
1_ANYTOOL_1MMDEEP_LABELS_S
100
AcDbVertex
100
AcDb2dVertex
 10
118.2997030815788
 20
-17.12086356063151
 30
0.0000000001665406
  0
VERTEX
  5
13D
330
11A
100
AcDbEntity
  8
1_ANYTOOL_1MMDEEP_LABELS_S
100
AcDbVertex
100
AcDb2dVertex
 10
118.3639574063556
 20
-17.19274553607792
 30
0.0000000001665406
  0
VERTEX
  5
13E
330
11A
100
AcDbEntity
  8
1_ANYTOOL_1MMDEEP_LABELS_S
100
AcDbVertex
100
AcDb2dVertex
 10
118.4267678137217
 20
-17.26584123920291
 30
0.0000000001665406
  0
VERTEX
  5
13F
330
11A
100
AcDbEntity
  8
1_ANYTOOL_1MMDEEP_LABELS_S
100
AcDbVertex
100
AcDb2dVertex
 10
118.4881343036771
 20
-17.34015067000646
 30
0.0000000001665406
  0
VERTEX
  5
140
330
11A
100
AcDbEntity
  8
1_ANYTOOL_1MMDEEP_LABELS_S
100
AcDbVertex
100
AcDb2dVertex
 10
118.5480568762218
 20
-17.41567382848859
 30
0.0000000001665406
  0
VERTEX
  5
141
330
11A
100
AcDbEntity
  8
1_ANYTOOL_1MMDEEP_LABELS_S
100
AcDbVertex
100
AcDb2dVertex
 10
118.6065355313557
 20
-17.49241071464928
 30
0.0000000001665406
  0
VERTEX
  5
142
330
11A
100
AcDbEntity
  8
1_ANYTOOL_1MMDEEP_LABELS_S
100
AcDbVertex
100
AcDb2dVertex
 10
118.6635702690789
 20
-17.57036132848855
 30
0.0000000001665406
  0
VERTEX
  5
143
330
11A
100
AcDbEntity
  8
1_ANYTOOL_1MMDEEP_LABELS_S
100
AcDbVertex
100
AcDb2dVertex
 10
118.7191610893914
 20
-17.64952567000639
 30
0.0000000001665406
  0
VERTEX
  5
144
330
11A
100
AcDbEntity
  8
1_ANYTOOL_1MMDEEP_LABELS_S
100
AcDbVertex
100
AcDb2dVertex
 10
118.7733079922932
 20
-17.7299037392028
 30
0.0000000001665406
  0
VERTEX
  5
145
330
11A
100
AcDbEntity
  8
1_ANYTOOL_1MMDEEP_LABELS_S
100
AcDbVertex
100
AcDb2dVertex
 10
118.8260109777843
 20
-17.81149553607779
 30
0.0000000001665406
  0
VERTEX
  5
146
330
11A
100
AcDbEntity
  8
1_ANYTOOL_1MMDEEP_LABELS_S
100
AcDbVertex
100
AcDb2dVertex
 10
118.8772700458647
 20
-17.89430106063134
 30
0.0000000001665406
  0
VERTEX
  5
147
330
11A
100
AcDbEntity
  8
1_ANYTOOL_1MMDEEP_LABELS_S
100
AcDbVertex
100
AcDb2dVertex
 10
118.9270851965343
 20
-17.97832031286347
 30
0.0000000001665406
  0
VERTEX
  5
148
330
11A
100
AcDbEntity
  8
1_ANYTOOL_1MMDEEP_LABELS_S
100
AcDbVertex
100
AcDb2dVertex
 10
118.9754564297933
 20
-18.06355329277417
 30
0.0000000001665406
  0
VERTEX
  5
149
330
11A
100
AcDbEntity
  8
1_ANYTOOL_1MMDEEP_LABELS_S
100
AcDbVertex
100
AcDb2dVertex
 10
119.0223837456415
 20
-18.15000000036343
 30
0.0000000001665406
  0
VERTEX
  5
14A
330
11A
100
AcDbEntity
  8
1_ANYTOOL_1MMDEEP_LABELS_S
100
AcDbVertex
100
AcDb2dVertex
 10
119.067867144079
 20
-18.23766043563128
 30
0.0000000001665406
  0
VERTEX
  5
14B
330
11A
100
AcDbEntity
  8
1_ANYTOOL_1MMDEEP_LABELS_S
100
AcDbVertex
100
AcDb2dVertex
 10
119.1119066251058
 20
-18.32653459857769
 30
0.0000000001665406
  0
VERTEX
  5
14C
330
11A
100
AcDbEntity
  8
1_ANYTOOL_1MMDEEP_LABELS_S
100
AcDbVertex
100
AcDb2dVertex
 10
119.1545021887219
 20
-18.41662248920267
 30
0.0000000001665406
  0
VERTEX
  5
14D
330
11A
100
AcDbEntity
  8
1_ANYTOOL_1MMDEEP_LABELS_S
100
AcDbVertex
100
AcDb2dVertex
 10
119.1956538349272
 20
-18.50792410750623
 30
0.0000000001665406
  0
VERTEX
  5
14E
330
11A
100
AcDbEntity
  8
1_ANYTOOL_1MMDEEP_LABELS_S
100
AcDbVertex
100
AcDb2dVertex
 10
119.2353615637219
 20
-18.60043945348836
 30
0.0000000001665406
  0
VERTEX
  5
14F
330
11A
100
AcDbEntity
  8
1_ANYTOOL_1MMDEEP_LABELS_S
100
AcDbVertex
100
AcDb2dVertex
 10
119.2736253751058
 20
-18.69416852714905
 30
0.0000000001665406
  0
VERTEX
  5
150
330
11A
100
AcDbEntity
  8
1_ANYTOOL_1MMDEEP_LABELS_S
100
AcDbVertex
100
AcDb2dVertex
 10
119.3458212456416
 20
-18.88526785750616
 30
0.0000000001665406
  0
VERTEX
  5
151
330
11A
100
AcDbEntity
  8
1_ANYTOOL_1MMDEEP_LABELS_S
100
AcDbVertex
100
AcDb2dVertex
 10
119.4122414465344
 20
-19.08122209857756
 30
0.0000000001665406
  0
VERTEX
  5
152
330
11A
100
AcDbEntity
  8
1_ANYTOOL_1MMDEEP_LABELS_S
100
AcDbVertex
100
AcDb2dVertex
 10
119.4728859777844
 20
-19.28203125036325
 30
0.0000000001665406
  0
VERTEX
  5
153
330
11A
100
AcDbEntity
  8
1_ANYTOOL_1MMDEEP_LABELS_S
100
AcDbVertex
100
AcDb2dVertex
 10
119.5277548393916
 20
-19.48769531286322
 30
0.0000000001665406
  0
VERTEX
  5
154
330
11A
100
AcDbEntity
  8
1_ANYTOOL_1MMDEEP_LABELS_S
100
AcDbVertex
100
AcDb2dVertex
 10
119.5768480313559
 20
-19.69821428607747
 30
0.0000000001665406
  0
VERTEX
  5
155
330
11A
100
AcDbEntity
  8
1_ANYTOOL_1MMDEEP_LABELS_S
100
AcDbVertex
100
AcDb2dVertex
 10
119.6201655536773
 20
-19.91358817000602
 30
0.0000000001665406
  0
VERTEX
  5
156
330
11A
100
AcDbEntity
  8
1_ANYTOOL_1MMDEEP_LABELS_S
100
AcDbVertex
100
AcDb2dVertex
 10
119.6577074063559
 20
-20.13381696464884
 30
0.0000000001665406
  0
VERTEX
  5
157
330
11A
100
AcDbEntity
  8
1_ANYTOOL_1MMDEEP_LABELS_S
100
AcDbVertex
100
AcDb2dVertex
 10
119.6894735893916
 20
-20.35890067000596
 30
0.0000000001665406
  0
VERTEX
  5
158
330
11A
100
AcDbEntity
  8
1_ANYTOOL_1MMDEEP_LABELS_S
100
AcDbVertex
100
AcDb2dVertex
 10
119.7154641027845
 20
-20.58883928607736
 30
0.0000000001665406
  0
VERTEX
  5
159
330
11A
100
AcDbEntity
  8
1_ANYTOOL_1MMDEEP_LABELS_S
100
AcDbVertex
100
AcDb2dVertex
 10
119.7356789465345
 20
-20.82363281286305
 30
0.0000000001665406
  0
VERTEX
  5
15A
330
11A
100
AcDbEntity
  8
1_ANYTOOL_1MMDEEP_LABELS_S
100
AcDbVertex
100
AcDb2dVertex
 10
119.7501181206416
 20
-21.06328125036302
 30
0.0000000001665406
  0
VERTEX
  5
15B
330
11A
100
AcDbEntity
  8
1_ANYTOOL_1MMDEEP_LABELS_S
100
AcDbVertex
100
AcDb2dVertex
 10
119.7587816251059
 20
-21.30778459857728
 30
0.0000000001665406
  0
VERTEX
  5
15C
330
11A
100
AcDbEntity
  8
1_ANYTOOL_1MMDEEP_LABELS_S
100
AcDbVertex
100
AcDb2dVertex
 10
119.7616694599274
 20
-21.55714285750582
 30
0.0000000001665406
  0
VERTEX
  5
15D
330
11A
100
AcDbEntity
  8
1_ANYTOOL_1MMDEEP_LABELS_S
100
AcDbVertex
100
AcDb2dVertex
 10
119.7592420045702
 20
-21.83592354947011
 30
0.0000000001665406
  0
VERTEX
  5
15E
330
11A
100
AcDbEntity
  8
1_ANYTOOL_1MMDEEP_LABELS_S
100
AcDbVertex
100
AcDb2dVertex
 10
119.7519596384988
 20
-22.10976562536297
 30
0.0000000001665406
  0
VERTEX
  5
15F
330
11A
100
AcDbEntity
  8
1_ANYTOOL_1MMDEEP_LABELS_S
100
AcDbVertex
100
AcDb2dVertex
 10
119.7398223617131
 20
-22.3786690851844
 30
0.0000000001665406
  0
VERTEX
  5
160
330
11A
100
AcDbEntity
  8
1_ANYTOOL_1MMDEEP_LABELS_S
100
AcDbVertex
100
AcDb2dVertex
 10
119.7228301742131
 20
-22.6426339289344
 30
0.0000000001665406
  0
VERTEX
  5
161
330
11A
100
AcDbEntity
  8
1_ANYTOOL_1MMDEEP_LABELS_S
100
AcDbVertex
100
AcDb2dVertex
 10
119.7009830759988
 20
-22.90166015661298
 30
0.0000000001665406
  0
VERTEX
  5
162
330
11A
100
AcDbEntity
  8
1_ANYTOOL_1MMDEEP_LABELS_S
100
AcDbVertex
100
AcDb2dVertex
 10
119.6742810670702
 20
-23.15574776822012
 30
0.0000000001665406
  0
VERTEX
  5
163
330
11A
100
AcDbEntity
  8
1_ANYTOOL_1MMDEEP_LABELS_S
100
AcDbVertex
100
AcDb2dVertex
 10
119.6427241474273
 20
-23.40489676375584
 30
0.0000000001665406
  0
VERTEX
  5
164
330
11A
100
AcDbEntity
  8
1_ANYTOOL_1MMDEEP_LABELS_S
100
AcDbVertex
100
AcDb2dVertex
 10
119.6063123170702
 20
-23.64910714322014
 30
0.0000000001665406
  0
VERTEX
  5
165
330
11A
100
AcDbEntity
  8
1_ANYTOOL_1MMDEEP_LABELS_S
100
AcDbVertex
100
AcDb2dVertex
 10
119.5650455759988
 20
-23.888378906613
 30
0.0000000001665406
  0
VERTEX
  5
166
330
11A
100
AcDbEntity
  8
1_ANYTOOL_1MMDEEP_LABELS_S
100
AcDbVertex
100
AcDb2dVertex
 10
119.5189239242131
 20
-24.12271205393444
 30
0.0000000001665406
  0
VERTEX
  5
167
330
11A
100
AcDbEntity
  8
1_ANYTOOL_1MMDEEP_LABELS_S
100
AcDbVertex
100
AcDb2dVertex
 10
119.467947361713
 20
-24.35210658518444
 30
0.0000000001665406
  0
VERTEX
  5
168
330
11A
100
AcDbEntity
  8
1_ANYTOOL_1MMDEEP_LABELS_S
100
AcDbVertex
100
AcDb2dVertex
 10
119.4121158884988
 20
-24.57656250036302
 30
0.0000000001665406
  0
VERTEX
  5
169
330
11A
100
AcDbEntity
  8
1_ANYTOOL_1MMDEEP_LABELS_S
100
AcDbVertex
100
AcDb2dVertex
 10
119.3514295045702
 20
-24.79607979947018
 30
0.0000000001665406
  0
VERTEX
  5
16A
330
11A
100
AcDbEntity
  8
1_ANYTOOL_1MMDEEP_LABELS_S
100
AcDbVertex
100
AcDb2dVertex
 10
119.2858882099273
 20
-25.0106584825059
 30
0.0000000001665406
  0
VERTEX
  5
16B
330
11A
100
AcDbEntity
  8
1_ANYTOOL_1MMDEEP_LABELS_S
100
AcDbVertex
100
AcDb2dVertex
 10
119.2154920045702
 20
-25.2202985494702
 30
0.0000000001665406
  0
VERTEX
  5
16C
330
11A
100
AcDbEntity
  8
1_ANYTOOL_1MMDEEP_LABELS_S
100
AcDbVertex
100
AcDb2dVertex
 10
119.1402408884987
 20
-25.42500000036307
 30
0.0000000001665406
  0
VERTEX
  5
16D
330
11A
100
AcDbEntity
  8
1_ANYTOOL_1MMDEEP_LABELS_S
100
AcDbVertex
100
AcDb2dVertex
 10
119.060134861713
 20
-25.62476283518451
 30
0.0000000001665406
  0
VERTEX
  5
16E
330
11A
100
AcDbEntity
  8
1_ANYTOOL_1MMDEEP_LABELS_S
100
AcDbVertex
100
AcDb2dVertex
 10
118.975173924213
 20
-25.81958705393453
 30
0.0000000001665406
  0
VERTEX
  5
16F
330
11A
100
AcDbEntity
  8
1_ANYTOOL_1MMDEEP_LABELS_S
100
AcDbVertex
100
AcDb2dVertex
 10
118.8853580759987
 20
-26.00947265661311
 30
0.0000000001665406
  0
VERTEX
  5
170
330
11A
100
AcDbEntity
  8
1_ANYTOOL_1MMDEEP_LABELS_S
100
AcDbVertex
100
AcDb2dVertex
 10
118.7906873170701
 20
-26.19441964322027
 30
0.0000000001665406
  0
VERTEX
  5
171
330
11A
100
AcDbEntity
  8
1_ANYTOOL_1MMDEEP_LABELS_S
100
AcDbVertex
100
AcDb2dVertex
 10
118.6911616474273
 20
-26.374428013756
 30
0.0000000001665406
  0
VERTEX
  5
172
330
11A
100
AcDbEntity
  8
1_ANYTOOL_1MMDEEP_LABELS_S
100
AcDbVertex
100
AcDb2dVertex
 10
118.5867810670701
 20
-26.54949776822031
 30
0.0000000001665406
  0
VERTEX
  5
173
330
11A
100
AcDbEntity
  8
1_ANYTOOL_1MMDEEP_LABELS_S
100
AcDbVertex
100
AcDb2dVertex
 10
118.4775455759987
 20
-26.71962890661318
 30
0.0000000001665406
  0
VERTEX
  5
174
330
11A
100
AcDbEntity
  8
1_ANYTOOL_1MMDEEP_LABELS_S
100
AcDbVertex
100
AcDb2dVertex
 10
118.363455174213
 20
-26.88482142893463
 30
0.0000000001665406
  0
VERTEX
  5
175
330
11A
100
AcDbEntity
  8
1_ANYTOOL_1MMDEEP_LABELS_S
100
AcDbVertex
100
AcDb2dVertex
 10
118.2445098617129
 20
-27.04507533518465
 30
0.0000000001665406
  0
VERTEX
  5
176
330
11A
100
AcDbEntity
  8
1_ANYTOOL_1MMDEEP_LABELS_S
100
AcDbVertex
100
AcDb2dVertex
 10
118.1207096384987
 20
-27.20039062536324
 30
0.0000000001665406
  0
VERTEX
  5
177
330
11A
100
AcDbEntity
  8
1_ANYTOOL_1MMDEEP_LABELS_S
100
AcDbVertex
100
AcDb2dVertex
 10
117.9920545045701
 20
-27.35076729947041
 30
0.0000000001665406
  0
VERTEX
  5
178
330
11A
100
AcDbEntity
  8
1_ANYTOOL_1MMDEEP_LABELS_S
100
AcDbVertex
100
AcDb2dVertex
 10
117.9259063460879
 20
-27.4241036554972
 30
0.0000000001665406
  0
VERTEX
  5
179
330
11A
100
AcDbEntity
  8
1_ANYTOOL_1MMDEEP_LABELS_S
100
AcDbVertex
100
AcDb2dVertex
 10
117.8585444599272
 20
-27.49620535750614
 30
0.0000000001665406
  0
VERTEX
  5
17A
330
11A
100
AcDbEntity
  8
1_ANYTOOL_1MMDEEP_LABELS_S
100
AcDbVertex
100
AcDb2dVertex
 10
117.7899688460879
 20
-27.56707240549722
 30
0.0000000001665406
  0
VERTEX
  5
17B
330
11A
100
AcDbEntity
  8
1_ANYTOOL_1MMDEEP_LABELS_S
100
AcDbVertex
100
AcDb2dVertex
 10
117.72017950457
 20
-27.63670479947045
 30
0.0000000001665406
  0
VERTEX
  5
17C
330
11A
100
AcDbEntity
  8
1_ANYTOOL_1MMDEEP_LABELS_S
100
AcDbVertex
100
AcDb2dVertex
 10
117.6491764353736
 20
-27.70510253942582
 30
0.0000000001665406
  0
VERTEX
  5
17D
330
11A
100
AcDbEntity
  8
1_ANYTOOL_1MMDEEP_LABELS_S
100
AcDbVertex
100
AcDb2dVertex
 10
117.5769596384986
 20
-27.77226562536333
 30
0.0000000001665406
  0
VERTEX
  5
17E
330
11A
100
AcDbEntity
  8
1_ANYTOOL_1MMDEEP_LABELS_S
100
AcDbVertex
100
AcDb2dVertex
 10
117.503529113945
 20
-27.83819405728299
 30
0.0000000001665406
  0
VERTEX
  5
17F
330
11A
100
AcDbEntity
  8
1_ANYTOOL_1MMDEEP_LABELS_S
100
AcDbVertex
100
AcDb2dVertex
 10
117.4288848617129
 20
-27.90288783518479
 30
0.0000000001665406
  0
VERTEX
  5
180
330
11A
100
AcDbEntity
  8
1_ANYTOOL_1MMDEEP_LABELS_S
100
AcDbVertex
100
AcDb2dVertex
 10
117.2759551742129
 20
-28.02857142893481
 30
0.0000000001665406
  0
VERTEX
  5
181
330
11A
100
AcDbEntity
  8
1_ANYTOOL_1MMDEEP_LABELS_S
100
AcDbVertex
100
AcDb2dVertex
 10
117.1188402188557
 20
-28.14986049143484
 30
0.0000000001665406
  0
VERTEX
  5
182
330
11A
100
AcDbEntity
  8
1_ANYTOOL_1MMDEEP_LABELS_S
100
AcDbVertex
100
AcDb2dVertex
 10
116.9582096384986
 20
-28.26729910750629
 30
0.0000000001665406
  0
VERTEX
  5
183
330
11A
100
AcDbEntity
  8
1_ANYTOOL_1MMDEEP_LABELS_S
100
AcDbVertex
100
AcDb2dVertex
 10
116.7940634331414
 20
-28.38088727714917
 30
0.0000000001665406
  0
VERTEX
  5
184
330
11A
100
AcDbEntity
  8
1_ANYTOOL_1MMDEEP_LABELS_S
100
AcDbVertex
100
AcDb2dVertex
 10
116.6264016027843
 20
-28.49062500036348
 30
0.0000000001665406
  0
VERTEX
  5
185
330
11A
100
AcDbEntity
  8
1_ANYTOOL_1MMDEEP_LABELS_S
100
AcDbVertex
100
AcDb2dVertex
 10
116.4552241474271
 20
-28.59651227714922
 30
0.0000000001665406
  0
VERTEX
  5
186
330
11A
100
AcDbEntity
  8
1_ANYTOOL_1MMDEEP_LABELS_S
100
AcDbVertex
100
AcDb2dVertex
 10
116.28053106707
 20
-28.69854910750638
 30
0.0000000001665406
  0
VERTEX
  5
187
330
11A
100
AcDbEntity
  8
1_ANYTOOL_1MMDEEP_LABELS_S
100
AcDbVertex
100
AcDb2dVertex
 10
116.1023223617128
 20
-28.79673549143497
 30
0.0000000001665406
  0
VERTEX
  5
188
330
11A
100
AcDbEntity
  8
1_ANYTOOL_1MMDEEP_LABELS_S
100
AcDbVertex
100
AcDb2dVertex
 10
115.9205980313557
 20
-28.89107142893499
 30
0.0000000001665406
  0
VERTEX
  5
189
330
11A
100
AcDbEntity
  8
1_ANYTOOL_1MMDEEP_LABELS_S
100
AcDbVertex
100
AcDb2dVertex
 10
115.7353580759985
 20
-28.98155692000644
 30
0.0000000001665406
  0
VERTEX
  5
18A
330
11A
100
AcDbEntity
  8
1_ANYTOOL_1MMDEEP_LABELS_S
100
AcDbVertex
100
AcDb2dVertex
 10
115.5466024956414
 20
-29.06819196464932
 30
0.0000000001665406
  0
VERTEX
  5
18B
330
11A
100
AcDbEntity
  8
1_ANYTOOL_1MMDEEP_LABELS_S
100
AcDbVertex
100
AcDb2dVertex
 10
115.3543312902843
 20
-29.15097656286362
 30
0.0000000001665406
  0
VERTEX
  5
18C
330
11A
100
AcDbEntity
  8
1_ANYTOOL_1MMDEEP_LABELS_S
100
AcDbVertex
100
AcDb2dVertex
 10
115.1585444599271
 20
-29.22991071464935
 30
0.0000000001665406
  0
VERTEX
  5
18D
330
11A
100
AcDbEntity
  8
1_ANYTOOL_1MMDEEP_LABELS_S
100
AcDbVertex
100
AcDb2dVertex
 10
114.95924200457
 20
-29.30499442000651
 30
0.0000000001665406
  0
VERTEX
  5
18E
330
11A
100
AcDbEntity
  8
1_ANYTOOL_1MMDEEP_LABELS_S
100
AcDbVertex
100
AcDb2dVertex
 10
114.7564239242128
 20
-29.37622767893509
 30
0.0000000001665406
  0
VERTEX
  5
18F
330
11A
100
AcDbEntity
  8
1_ANYTOOL_1MMDEEP_LABELS_S
100
AcDbVertex
100
AcDb2dVertex
 10
114.5500902188557
 20
-29.44361049143511
 30
0.0000000001665406
  0
VERTEX
  5
190
330
11A
100
AcDbEntity
  8
1_ANYTOOL_1MMDEEP_LABELS_S
100
AcDbVertex
100
AcDb2dVertex
 10
114.3402408884986
 20
-29.50714285750655
 30
0.0000000001665406
  0
VERTEX
  5
191
330
11A
100
AcDbEntity
  8
1_ANYTOOL_1MMDEEP_LABELS_S
100
AcDbVertex
100
AcDb2dVertex
 10
114.1268759331414
 20
-29.56682477714942
 30
0.0000000001665406
  0
VERTEX
  5
192
330
11A
100
AcDbEntity
  8
1_ANYTOOL_1MMDEEP_LABELS_S
100
AcDbVertex
100
AcDb2dVertex
 10
113.9099953527843
 20
-29.62265625036372
 30
0.0000000001665406
  0
VERTEX
  5
193
330
11A
100
AcDbEntity
  8
1_ANYTOOL_1MMDEEP_LABELS_S
100
AcDbVertex
100
AcDb2dVertex
 10
113.6895991474272
 20
-29.67463727714944
 30
0.0000000001665406
  0
VERTEX
  5
194
330
11A
100
AcDbEntity
  8
1_ANYTOOL_1MMDEEP_LABELS_S
100
AcDbVertex
100
AcDb2dVertex
 10
113.46568731707
 20
-29.7227678575066
 30
0.0000000001665406
  0
VERTEX
  5
195
330
11A
100
AcDbEntity
  8
1_ANYTOOL_1MMDEEP_LABELS_S
100
AcDbVertex
100
AcDb2dVertex
 10
113.2382598617129
 20
-29.76704799143518
 30
0.0000000001665406
  0
VERTEX
  5
196
330
11A
100
AcDbEntity
  8
1_ANYTOOL_1MMDEEP_LABELS_S
100
AcDbVertex
100
AcDb2dVertex
 10
113.0073167813558
 20
-29.80747767893519
 30
0.0000000001665406
  0
VERTEX
  5
197
330
11A
100
AcDbEntity
  8
1_ANYTOOL_1MMDEEP_LABELS_S
100
AcDbVertex
100
AcDb2dVertex
 10
112.7728580759987
 20
-29.84405692000662
 30
0.0000000001665406
  0
VERTEX
  5
198
330
11A
100
AcDbEntity
  8
1_ANYTOOL_1MMDEEP_LABELS_S
100
AcDbVertex
100
AcDb2dVertex
 10
112.5348837456415
 20
-29.87678571464949
 30
0.0000000001665406
  0
VERTEX
  5
199
330
11A
100
AcDbEntity
  8
1_ANYTOOL_1MMDEEP_LABELS_S
100
AcDbVertex
100
AcDb2dVertex
 10
112.0483882099273
 20
-29.9306919646495
 30
0.0000000001665406
  0
VERTEX
  5
19A
330
11A
100
AcDbEntity
  8
1_ANYTOOL_1MMDEEP_LABELS_S
100
AcDbVertex
100
AcDb2dVertex
 10
111.5478301742131
 20
-29.96919642893522
 30
0.0000000001665406
  0
VERTEX
  5
19B
330
11A
100
AcDbEntity
  8
1_ANYTOOL_1MMDEEP_LABELS_S
100
AcDbVertex
100
AcDb2dVertex
 10
111.0332096384988
 20
-29.99229910750665
 30
0.0000000001665406
  0
VERTEX
  5
19C
330
11A
100
AcDbEntity
  8
1_ANYTOOL_1MMDEEP_LABELS_S
100
AcDbVertex
100
AcDb2dVertex
 10
110.5045266027846
 20
-30.0000000003638
 30
0.0000000001665406
  0
VERTEX
  5
19D
330
11A
100
AcDbEntity
  8
1_ANYTOOL_1MMDEEP_LABELS_S
100
AcDbVertex
100
AcDb2dVertex
 10
110.1226627634988
 20
-29.9944335941138
 30
0.0000000001665406
  0
VERTEX
  5
19E
330
11A
100
AcDbEntity
  8
1_ANYTOOL_1MMDEEP_LABELS_S
100
AcDbVertex
100
AcDb2dVertex
 10
109.7484998170702
 20
-29.97773437536381
 30
0.0000000001665406
  0
VERTEX
  5
19F
330
11A
100
AcDbEntity
  8
1_ANYTOOL_1MMDEEP_LABELS_S
100
AcDbVertex
100
AcDb2dVertex
 10
109.3820377634987
 20
-29.94990234411382
 30
0.0000000001665406
  0
VERTEX
  5
1A0
330
11A
100
AcDbEntity
  8
1_ANYTOOL_1MMDEEP_LABELS_S
100
AcDbVertex
100
AcDb2dVertex
 10
109.0232766027843
 20
-29.91093750036384
 30
0.0000000001665406
  0
VERTEX
  5
1A1
330
11A
100
AcDbEntity
  8
1_ANYTOOL_1MMDEEP_LABELS_S
100
AcDbVertex
100
AcDb2dVertex
 10
108.6722163349271
 20
-29.86083984411387
 30
0.0000000001665406
  0
VERTEX
  5
1A2
330
11A
100
AcDbEntity
  8
1_ANYTOOL_1MMDEEP_LABELS_S
100
AcDbVertex
100
AcDb2dVertex
 10
108.49957403582
 20
-29.83161621130138
 30
0.0000000001665406
  0
VERTEX
  5
1A3
330
11A
100
AcDbEntity
  8
1_ANYTOOL_1MMDEEP_LABELS_S
100
AcDbVertex
100
AcDb2dVertex
 10
108.3288569599271
 20
-29.7996093753639
 30
0.0000000001665406
  0
VERTEX
  5
1A4
330
11A
100
AcDbEntity
  8
1_ANYTOOL_1MMDEEP_LABELS_S
100
AcDbVertex
100
AcDb2dVertex
 10
108.1600651072485
 20
-29.76481933630142
 30
0.0000000001665406
  0
VERTEX
  5
1A5
330
11A
100
AcDbEntity
  8
1_ANYTOOL_1MMDEEP_LABELS_S
100
AcDbVertex
100
AcDb2dVertex
 10
107.9931984777841
 20
-29.72724609411394
 30
0.0000000001665406
  0
VERTEX
  5
1A6
330
11A
100
AcDbEntity
  8
1_ANYTOOL_1MMDEEP_LABELS_S
100
AcDbVertex
100
AcDb2dVertex
 10
107.8282570715341
 20
-29.68688964880146
 30
0.0000000001665406
  0
VERTEX
  5
1A7
330
11A
100
AcDbEntity
  8
1_ANYTOOL_1MMDEEP_LABELS_S
100
AcDbVertex
100
AcDb2dVertex
 10
107.6652408884984
 20
-29.64375000036398
 30
0.0000000001665406
  0
VERTEX
  5
1A8
330
11A
100
AcDbEntity
  8
1_ANYTOOL_1MMDEEP_LABELS_S
100
AcDbVertex
100
AcDb2dVertex
 10
107.5041499286769
 20
-29.5978271488015
 30
0.0000000001665406
  0
VERTEX
  5
1A9
330
11A
100
AcDbEntity
  8
1_ANYTOOL_1MMDEEP_LABELS_S
100
AcDbVertex
100
AcDb2dVertex
 10
107.3449841920697
 20
-29.54912109411403
 30
0.0000000001665406
  0
VERTEX
  5
1AA
330
11A
100
AcDbEntity
  8
1_ANYTOOL_1MMDEEP_LABELS_S
100
AcDbVertex
100
AcDb2dVertex
 10
107.1877436786769
 20
-29.49763183630155
 30
0.0000000001665406
  0
VERTEX
  5
1AB
330
11A
100
AcDbEntity
  8
1_ANYTOOL_1MMDEEP_LABELS_S
100
AcDbVertex
100
AcDb2dVertex
 10
107.0324283884983
 20
-29.44335937536408
 30
0.0000000001665406
  0
VERTEX
  5
1AC
330
11A
100
AcDbEntity
  8
1_ANYTOOL_1MMDEEP_LABELS_S
100
AcDbVertex
100
AcDb2dVertex
 10
106.879038321534
 20
-29.38630371130161
 30
0.0000000001665406
  0
VERTEX
  5
1AD
330
11A
100
AcDbEntity
  8
1_ANYTOOL_1MMDEEP_LABELS_S
100
AcDbVertex
100
AcDb2dVertex
 10
106.7275734777839
 20
-29.32646484411414
 30
0.0000000001665406
  0
VERTEX
  5
1AE
330
11A
100
AcDbEntity
  8
1_ANYTOOL_1MMDEEP_LABELS_S
100
AcDbVertex
100
AcDb2dVertex
 10
106.5780338572482
 20
-29.26384277380167
 30
0.0000000001665406
  0
VERTEX
  5
1AF
330
11A
100
AcDbEntity
  8
1_ANYTOOL_1MMDEEP_LABELS_S
100
AcDbVertex
100
AcDb2dVertex
 10
106.4304194599267
 20
-29.19843750036421
 30
0.0000000001665406
  0
VERTEX
  5
1B0
330
11A
100
AcDbEntity
  8
1_ANYTOOL_1MMDEEP_LABELS_S
100
AcDbVertex
100
AcDb2dVertex
 10
106.2847302858196
 20
-29.13024902380174
 30
0.0000000001665406
  0
VERTEX
  5
1B1
330
11A
100
AcDbEntity
  8
1_ANYTOOL_1MMDEEP_LABELS_S
100
AcDbVertex
100
AcDb2dVertex
 10
106.1409663349267
 20
-29.05927734411428
 30
0.0000000001665406
  0
VERTEX
  5
1B2
330
11A
100
AcDbEntity
  8
1_ANYTOOL_1MMDEEP_LABELS_S
100
AcDbVertex
100
AcDb2dVertex
 10
105.9991276072481
 20
-28.98552246130182
 30
0.0000000001665406
  0
VERTEX
  5
1B3
330
11A
100
AcDbEntity
  8
1_ANYTOOL_1MMDEEP_LABELS_S
100
AcDbVertex
100
AcDb2dVertex
 10
105.8592141027838
 20
-28.90898437536435
 30
0.0000000001665406
  0
VERTEX
  5
1B4
330
11A
100
AcDbEntity
  8
1_ANYTOOL_1MMDEEP_LABELS_S
100
AcDbVertex
100
AcDb2dVertex
 10
105.7212258215337
 20
-28.8296630863019
 30
0.0000000001665406
  0
VERTEX
  5
1B5
330
11A
100
AcDbEntity
  8
1_ANYTOOL_1MMDEEP_LABELS_S
100
AcDbVertex
100
AcDb2dVertex
 10
105.585162763498
 20
-28.74755859411444
 30
0.0000000001665406
  0
VERTEX
  5
1B6
330
11A
100
AcDbEntity
  8
1_ANYTOOL_1MMDEEP_LABELS_S
100
AcDbVertex
100
AcDb2dVertex
 10
105.4510249286766
 20
-28.66267089880198
 30
0.0000000001665406
  0
VERTEX
  5
1B7
330
11A
100
AcDbEntity
  8
1_ANYTOOL_1MMDEEP_LABELS_S
100
AcDbVertex
100
AcDb2dVertex
 10
105.3188123170694
 20
-28.57500000036453
 30
0.0000000001665406
  0
VERTEX
  5
1B8
330
11A
100
AcDbEntity
  8
1_ANYTOOL_1MMDEEP_LABELS_S
100
AcDbVertex
100
AcDb2dVertex
 10
105.1885249286765
 20
-28.48454589880207
 30
0.0000000001665406
  0
VERTEX
  5
1B9
330
11A
100
AcDbEntity
  8
1_ANYTOOL_1MMDEEP_LABELS_S
100
AcDbVertex
100
AcDb2dVertex
 10
105.0601627634979
 20
-28.39130859411462
 30
0.0000000001665406
  0
VERTEX
  5
1BA
330
11A
100
AcDbEntity
  8
1_ANYTOOL_1MMDEEP_LABELS_S
100
AcDbVertex
100
AcDb2dVertex
 10
104.9337258215336
 20
-28.29528808630217
 30
0.0000000001665406
  0
VERTEX
  5
1BB
330
11A
100
AcDbEntity
  8
1_ANYTOOL_1MMDEEP_LABELS_S
100
AcDbVertex
100
AcDb2dVertex
 10
104.8092141027836
 20
-28.19648437536472
 30
0.0000000001665406
  0
VERTEX
  5
1BC
330
11A
100
AcDbEntity
  8
1_ANYTOOL_1MMDEEP_LABELS_S
100
AcDbVertex
100
AcDb2dVertex
 10
104.6866276072479
 20
-28.09489746130227
 30
0.0000000001665406
  0
VERTEX
  5
1BD
330
11A
100
AcDbEntity
  8
1_ANYTOOL_1MMDEEP_LABELS_S
100
AcDbVertex
100
AcDb2dVertex
 10
104.5659663349264
 20
-27.99052734411482
 30
0.0000000001665406
  0
VERTEX
  5
1BE
330
11A
100
AcDbEntity
  8
1_ANYTOOL_1MMDEEP_LABELS_S
100
AcDbVertex
100
AcDb2dVertex
 10
104.4472302858192
 20
-27.88337402380238
 30
0.0000000001665406
  0
VERTEX
  5
1BF
330
11A
100
AcDbEntity
  8
1_ANYTOOL_1MMDEEP_LABELS_S
100
AcDbVertex
100
AcDb2dVertex
 10
104.3304194599264
 20
-27.77343750036493
 30
0.0000000001665406
  0
VERTEX
  5
1C0
330
11A
100
AcDbEntity
  8
1_ANYTOOL_1MMDEEP_LABELS_S
100
AcDbVertex
100
AcDb2dVertex
 10
104.2155338572478
 20
-27.66071777380249
 30
0.0000000001665406
  0
VERTEX
  5
1C1
330
11A
100
AcDbEntity
  8
1_ANYTOOL_1MMDEEP_LABELS_S
100
AcDbVertex
100
AcDb2dVertex
 10
104.1025734777835
 20
-27.54521484411505
 30
0.0000000001665406
  0
VERTEX
  5
1C2
330
11A
100
AcDbEntity
  8
1_ANYTOOL_1MMDEEP_LABELS_S
100
AcDbVertex
100
AcDb2dVertex
 10
103.9915383215335
 20
-27.42692871130261
 30
0.0000000001665406
  0
VERTEX
  5
1C3
330
11A
100
AcDbEntity
  8
1_ANYTOOL_1MMDEEP_LABELS_S
100
AcDbVertex
100
AcDb2dVertex
 10
103.8824283884977
 20
-27.30585937536517
 30
0.0000000001665406
  0
VERTEX
  5
1C4
330
11A
100
AcDbEntity
  8
1_ANYTOOL_1MMDEEP_LABELS_S
100
AcDbVertex
100
AcDb2dVertex
 10
103.7752436786763
 20
-27.18200683630274
 30
0.0000000001665406
  0
VERTEX
  5
1C5
330
11A
100
AcDbEntity
  8
1_ANYTOOL_1MMDEEP_LABELS_S
100
AcDbVertex
100
AcDb2dVertex
 10
103.6699841920691
 20
-27.0553710941153
 30
0.0000000001665406
  0
VERTEX
  5
1C6
330
11A
100
AcDbEntity
  8
1_ANYTOOL_1MMDEEP_LABELS_S
100
AcDbVertex
100
AcDb2dVertex
 10
103.5666499286762
 20
-26.92595214880287
 30
0.0000000001665406
  0
VERTEX
  5
1C7
330
11A
100
AcDbEntity
  8
1_ANYTOOL_1MMDEEP_LABELS_S
100
AcDbVertex
100
AcDb2dVertex
 10
103.4652408884976
 20
-26.79375000036543
 30
0.0000000001665406
  0
VERTEX
  5
1C8
330
11A
100
AcDbEntity
  8
1_ANYTOOL_1MMDEEP_LABELS_S
100
AcDbVertex
100
AcDb2dVertex
 10
103.3657570715334
 20
-26.658764648803
 30
0.0000000001665406
  0
VERTEX
  5
1C9
330
11A
100
AcDbEntity
  8
1_ANYTOOL_1MMDEEP_LABELS_S
100
AcDbVertex
100
AcDb2dVertex
 10
103.2681984777833
 20
-26.52099609411557
 30
0.0000000001665406
  0
VERTEX
  5
1CA
330
11A
100
AcDbEntity
  8
1_ANYTOOL_1MMDEEP_LABELS_S
100
AcDbVertex
100
AcDb2dVertex
 10
103.1725651072476
 20
-26.38044433630315
 30
0.0000000001665406
  0
VERTEX
  5
1CB
330
11A
100
AcDbEntity
  8
1_ANYTOOL_1MMDEEP_LABELS_S
100
AcDbVertex
100
AcDb2dVertex
 10
103.0788569599262
 20
-26.23710937536572
 30
0.0000000001665406
  0
VERTEX
  5
1CC
330
11A
100
AcDbEntity
  8
1_ANYTOOL_1MMDEEP_LABELS_S
100
AcDbVertex
100
AcDb2dVertex
 10
102.987074035819
 20
-26.09099121130329
 30
0.0000000001665406
  0
VERTEX
  5
1CD
330
11A
100
AcDbEntity
  8
1_ANYTOOL_1MMDEEP_LABELS_S
100
AcDbVertex
100
AcDb2dVertex
 10
102.8972163349261
 20
-25.94208984411587
 30
0.0000000001665406
  0
VERTEX
  5
1CE
330
11A
100
AcDbEntity
  8
1_ANYTOOL_1MMDEEP_LABELS_S
100
AcDbVertex
100
AcDb2dVertex
 10
102.7232766027832
 20
-25.63593750036603
 30
0.0000000001665406
  0
VERTEX
  5
1CF
330
11A
100
AcDbEntity
  8
1_ANYTOOL_1MMDEEP_LABELS_S
100
AcDbVertex
100
AcDb2dVertex
 10
102.5570377634975
 20
-25.31865234411619
 30
0.0000000001665406
  0
VERTEX
  5
1D0
330
11A
100
AcDbEntity
  8
1_ANYTOOL_1MMDEEP_LABELS_S
100
AcDbVertex
100
AcDb2dVertex
 10
102.3984998170689
 20
-24.99023437536636
 30
0.0000000001665406
  0
VERTEX
  5
1D1
330
11A
100
AcDbEntity
  8
1_ANYTOOL_1MMDEEP_LABELS_S
100
AcDbVertex
100
AcDb2dVertex
 10
102.2476627634975
 20
-24.65068359411653
 30
0.0000000001665406
  0
VERTEX
  5
1D2
330
11A
100
AcDbEntity
  8
1_ANYTOOL_1MMDEEP_LABELS_S
100
AcDbVertex
100
AcDb2dVertex
 10
102.1045266027832
 20
-24.30000000036671
 30
0.0000000001665406
  0
SEQEND
  5
1D3
330
11A
100
AcDbEntity
  8
1_ANYTOOL_1MMDEEP_LABELS_S
  0
LINE
  5
1D4
330
1F
100
AcDbEntity
  8
1_ANYTOOL_1MMDEEP_LABELS_S
100
AcDbLine
 10
98.24738374564186
 20
-16.11428571464785
 30
0.0000000001665406
 11
89.46166945992809
 21
-16.20000000036089
 31
0.0000000001665406
  0
POLYLINE
  5
1D5
330
1F
100
AcDbEntity
  8
1_ANYTOOL_1MMDEEP_LABELS_S
100
AcDb2dPolyline
 66
     1
 10
0.0
 20
0.0
 30
0.0000000001665406
  0
VERTEX
  5
1D6
330
1D5
100
AcDbEntity
  8
1_ANYTOOL_1MMDEEP_LABELS_S
100
AcDbVertex
100
AcDb2dVertex
 10
59.89024088849692
 20
-30.0000000003638
 30
0.0000000001665406
  0
VERTEX
  5
1D7
330
1D5
100
AcDbEntity
  8
1_ANYTOOL_1MMDEEP_LABELS_S
100
AcDbVertex
100
AcDb2dVertex
 10
59.89024088849692
 20
-0.0000000003637979
 30
0.0000000001665406
  0
VERTEX
  5
1D8
330
1D5
100
AcDbEntity
  8
1_ANYTOOL_1MMDEEP_LABELS_S
100
AcDbVertex
100
AcDb2dVertex
 10
71.89024088849692
 20
-28.37142857179424
 30
0.0000000001665406
  0
VERTEX
  5
1D9
330
1D5
100
AcDbEntity
  8
1_ANYTOOL_1MMDEEP_LABELS_S
100
AcDbVertex
100
AcDb2dVertex
 10
83.89024088849692
 20
-0.1285714289333555
 30
0.0000000001665406
  0
VERTEX
  5
1DA
330
1D5
100
AcDbEntity
  8
1_ANYTOOL_1MMDEEP_LABELS_S
100
AcDbVertex
100
AcDb2dVertex
 10
83.89024088849692
 20
-30.0000000003638
 30
0.0000000001665406
  0
SEQEND
  5
1DB
330
1D5
100
AcDbEntity
  8
1_ANYTOOL_1MMDEEP_LABELS_S
  0
LINE
  5
1DC
330
1F
100
AcDbEntity
  8
1_ANYTOOL_1MMDEEP_LABELS_S
100
AcDbLine
 10
54.74738374564186
 20
-16.11428571464785
 30
0.0000000001665406
 11
45.96166945992809
 21
-16.20000000036089
 31
0.0000000001665406
  0
POLYLINE
  5
1DD
330
1F
100
AcDbEntity
  8
1_ANYTOOL_1MMDEEP_LABELS_S
100
AcDb2dPolyline
 66
     1
 10
0.0
 20
0.0
 30
0.0000000001665406
 70
     1
  0
VERTEX
  5
1DE
330
1DD
100
AcDbEntity
  8
1_ANYTOOL_1MMDEEP_LABELS_S
100
AcDbVertex
100
AcDb2dVertex
 10
30.79024088849837
 20
0.3428571424956317
 30
0.0000000001665406
  0
VERTEX
  5
1DF
330
1DD
100
AcDbEntity
  8
1_ANYTOOL_1MMDEEP_LABELS_S
100
AcDbVertex
100
AcDb2dVertex
 10
31.16172526349837
 20
0.3369977674956317
 30
0.0000000001665406
  0
VERTEX
  5
1E0
330
1DD
100
AcDbEntity
  8
1_ANYTOOL_1MMDEEP_LABELS_S
100
AcDbVertex
100
AcDb2dVertex
 10
31.52617838849835
 20
0.3194196424956317
 30
0.0000000001665406
  0
VERTEX
  5
1E1
330
1DD
100
AcDbEntity
  8
1_ANYTOOL_1MMDEEP_LABELS_S
100
AcDbVertex
100
AcDb2dVertex
 10
31.88360026349832
 20
0.2901227674956317
 30
0.0000000001665406
  0
VERTEX
  5
1E2
330
1DD
100
AcDbEntity
  8
1_ANYTOOL_1MMDEEP_LABELS_S
100
AcDbVertex
100
AcDb2dVertex
 10
32.0596744822483
 20
0.2710797987456317
 30
0.0000000001665406
  0
VERTEX
  5
1E3
330
1DD
100
AcDbEntity
  8
1_ANYTOOL_1MMDEEP_LABELS_S
100
AcDbVertex
100
AcDb2dVertex
 10
32.23399088849828
 20
0.2491071424956317
 30
0.0000000001665406
  0
VERTEX
  5
1E4
330
1DD
100
AcDbEntity
  8
1_ANYTOOL_1MMDEEP_LABELS_S
100
AcDbVertex
100
AcDb2dVertex
 10
32.40654948224826
 20
0.2242047987456317
 30
0.0000000001665406
  0
VERTEX
  5
1E5
330
1DD
100
AcDbEntity
  8
1_ANYTOOL_1MMDEEP_LABELS_S
100
AcDbVertex
100
AcDb2dVertex
 10
32.57735026349823
 20
0.1963727674956317
 30
0.0000000001665406
  0
VERTEX
  5
1E6
330
1DD
100
AcDbEntity
  8
1_ANYTOOL_1MMDEEP_LABELS_S
100
AcDbVertex
100
AcDb2dVertex
 10
32.7463932322482
 20
0.1656110487456317
 30
0.0000000001665406
  0
VERTEX
  5
1E7
330
1DD
100
AcDbEntity
  8
1_ANYTOOL_1MMDEEP_LABELS_S
100
AcDbVertex
100
AcDb2dVertex
 10
32.91367838849817
 20
0.1319196424956317
 30
0.0000000001665406
  0
VERTEX
  5
1E8
330
1DD
100
AcDbEntity
  8
1_ANYTOOL_1MMDEEP_LABELS_S
100
AcDbVertex
100
AcDb2dVertex
 10
33.07920573224813
 20
0.0952985487456317
 30
0.0000000001665406
  0
VERTEX
  5
1E9
330
1DD
100
AcDbEntity
  8
1_ANYTOOL_1MMDEEP_LABELS_S
100
AcDbVertex
100
AcDb2dVertex
 10
33.2429752634981
 20
0.0557477674956317
 30
0.0000000001665406
  0
VERTEX
  5
1EA
330
1DD
100
AcDbEntity
  8
1_ANYTOOL_1MMDEEP_LABELS_S
100
AcDbVertex
100
AcDb2dVertex
 10
33.40498698224805
 20
0.0132672987456317
 30
0.0000000001665406
  0
VERTEX
  5
1EB
330
1DD
100
AcDbEntity
  8
1_ANYTOOL_1MMDEEP_LABELS_S
100
AcDbVertex
100
AcDb2dVertex
 10
33.56524088849801
 20
-0.0321428575043683
 30
0.0000000001665406
  0
VERTEX
  5
1EC
330
1DD
100
AcDbEntity
  8
1_ANYTOOL_1MMDEEP_LABELS_S
100
AcDbVertex
100
AcDb2dVertex
 10
33.72373698224796
 20
-0.0804827012543683
 30
0.0000000001665406
  0
VERTEX
  5
1ED
330
1DD
100
AcDbEntity
  8
1_ANYTOOL_1MMDEEP_LABELS_S
100
AcDbVertex
100
AcDb2dVertex
 10
33.88047526349791
 20
-0.1317522325043683
 30
0.0000000001665406
  0
VERTEX
  5
1EE
330
1DD
100
AcDbEntity
  8
1_ANYTOOL_1MMDEEP_LABELS_S
100
AcDbVertex
100
AcDb2dVertex
 10
34.03545573224786
 20
-0.1859514512543683
 30
0.0000000001665406
  0
VERTEX
  5
1EF
330
1DD
100
AcDbEntity
  8
1_ANYTOOL_1MMDEEP_LABELS_S
100
AcDbVertex
100
AcDb2dVertex
 10
34.18867838849781
 20
-0.2430803575043683
 30
0.0000000001665406
  0
VERTEX
  5
1F0
330
1DD
100
AcDbEntity
  8
1_ANYTOOL_1MMDEEP_LABELS_S
100
AcDbVertex
100
AcDb2dVertex
 10
34.34014323224775
 20
-0.3031389512543683
 30
0.0000000001665406
  0
VERTEX
  5
1F1
330
1DD
100
AcDbEntity
  8
1_ANYTOOL_1MMDEEP_LABELS_S
100
AcDbVertex
100
AcDb2dVertex
 10
34.48985026349769
 20
-0.3661272325043683
 30
0.0000000001665406
  0
VERTEX
  5
1F2
330
1DD
100
AcDbEntity
  8
1_ANYTOOL_1MMDEEP_LABELS_S
100
AcDbVertex
100
AcDb2dVertex
 10
34.63779948224762
 20
-0.4320452012543683
 30
0.0000000001665406
  0
VERTEX
  5
1F3
330
1DD
100
AcDbEntity
  8
1_ANYTOOL_1MMDEEP_LABELS_S
100
AcDbVertex
100
AcDb2dVertex
 10
34.78399088849756
 20
-0.5008928575043683
 30
0.0000000001665406
  0
VERTEX
  5
1F4
330
1DD
100
AcDbEntity
  8
1_ANYTOOL_1MMDEEP_LABELS_S
100
AcDbVertex
100
AcDb2dVertex
 10
34.92842448224749
 20
-0.5726702012543683
 30
0.0000000001665406
  0
VERTEX
  5
1F5
330
1DD
100
AcDbEntity
  8
1_ANYTOOL_1MMDEEP_LABELS_S
100
AcDbVertex
100
AcDb2dVertex
 10
35.07110026349741
 20
-0.6473772325043683
 30
0.0000000001665406
  0
VERTEX
  5
1F6
330
1DD
100
AcDbEntity
  8
1_ANYTOOL_1MMDEEP_LABELS_S
100
AcDbVertex
100
AcDb2dVertex
 10
35.21201823224734
 20
-0.7250139512543683
 30
0.0000000001665406
  0
VERTEX
  5
1F7
330
1DD
100
AcDbEntity
  8
1_ANYTOOL_1MMDEEP_LABELS_S
100
AcDbVertex
100
AcDb2dVertex
 10
35.35117838849726
 20
-0.8055803575043683
 30
0.0000000001665406
  0
VERTEX
  5
1F8
330
1DD
100
AcDbEntity
  8
1_ANYTOOL_1MMDEEP_LABELS_S
100
AcDbVertex
100
AcDb2dVertex
 10
35.48858073224718
 20
-0.8890764512543683
 30
0.0000000001665406
  0
VERTEX
  5
1F9
330
1DD
100
AcDbEntity
  8
1_ANYTOOL_1MMDEEP_LABELS_S
100
AcDbVertex
100
AcDb2dVertex
 10
35.6242252634971
 20
-0.9755022325043683
 30
0.0000000001665406
  0
VERTEX
  5
1FA
330
1DD
100
AcDbEntity
  8
1_ANYTOOL_1MMDEEP_LABELS_S
100
AcDbVertex
100
AcDb2dVertex
 10
35.75811198224701
 20
-1.064857701254368
 30
0.0000000001665406
  0
VERTEX
  5
1FB
330
1DD
100
AcDbEntity
  8
1_ANYTOOL_1MMDEEP_LABELS_S
100
AcDbVertex
100
AcDb2dVertex
 10
36.14972749564004
 20
-1.342466518218743
 30
0.0000000001665406
  0
VERTEX
  5
1FC
330
1DD
100
AcDbEntity
  8
1_ANYTOOL_1MMDEEP_LABELS_S
100
AcDbVertex
100
AcDb2dVertex
 10
36.40318731706884
 20
-1.534151786075995
 30
0.0000000001665406
  0
VERTEX
  5
1FD
330
1DD
100
AcDbEntity
  8
1_ANYTOOL_1MMDEEP_LABELS_S
100
AcDbVertex
100
AcDb2dVertex
 10
36.65062035278333
 20
-1.732198661076126
 30
0.0000000001665406
  0
VERTEX
  5
1FE
330
1DD
100
AcDbEntity
  8
1_ANYTOOL_1MMDEEP_LABELS_S
100
AcDbVertex
100
AcDb2dVertex
 10
36.89202660278352
 20
-1.936607143219135
 30
0.0000000001665406
  0
VERTEX
  5
1FF
330
1DD
100
AcDbEntity
  8
1_ANYTOOL_1MMDEEP_LABELS_S
100
AcDbVertex
100
AcDb2dVertex
 10
37.12740606706939
 20
-2.147377232505022
 30
0.0000000001665406
  0
VERTEX
  5
200
330
1DD
100
AcDbEntity
  8
1_ANYTOOL_1MMDEEP_LABELS_S
100
AcDbVertex
100
AcDb2dVertex
 10
37.35675874564095
 20
-2.364508928933788
 30
0.0000000001665406
  0
VERTEX
  5
201
330
1DD
100
AcDbEntity
  8
1_ANYTOOL_1MMDEEP_LABELS_S
100
AcDbVertex
100
AcDb2dVertex
 10
37.58008463849819
 20
-2.588002232505431
 30
0.0000000001665406
  0
VERTEX
  5
202
330
1DD
100
AcDbEntity
  8
1_ANYTOOL_1MMDEEP_LABELS_S
100
AcDbVertex
100
AcDb2dVertex
 10
37.79738374564113
 20
-2.817857143219953
 30
0.0000000001665406
  0
VERTEX
  5
203
330
1DD
100
AcDbEntity
  8
1_ANYTOOL_1MMDEEP_LABELS_S
100
AcDbVertex
100
AcDb2dVertex
 10
38.00865606706975
 20
-3.054073661077354
 30
0.0000000001665406
  0
VERTEX
  5
204
330
1DD
100
AcDbEntity
  8
1_ANYTOOL_1MMDEEP_LABELS_S
100
AcDbVertex
100
AcDb2dVertex
 10
38.21390160278406
 20
-3.296651786077632
 30
0.0000000001665406
  0
VERTEX
  5
205
330
1DD
100
AcDbEntity
  8
1_ANYTOOL_1MMDEEP_LABELS_S
100
AcDbVertex
100
AcDb2dVertex
 10
38.41312035278406
 20
-3.545591518220789
 30
0.0000000001665406
  0
VERTEX
  5
206
330
1DD
100
AcDbEntity
  8
1_ANYTOOL_1MMDEEP_LABELS_S
100
AcDbVertex
100
AcDb2dVertex
 10
38.60631231706975
 20
-3.800892857506824
 30
0.0000000001665406
  0
VERTEX
  5
207
330
1DD
100
AcDbEntity
  8
1_ANYTOOL_1MMDEEP_LABELS_S
100
AcDbVertex
100
AcDb2dVertex
 10
38.79347749564113
 20
-4.062555803935737
 30
0.0000000001665406
  0
VERTEX
  5
208
330
1DD
100
AcDbEntity
  8
1_ANYTOOL_1MMDEEP_LABELS_S
100
AcDbVertex
100
AcDb2dVertex
 10
38.97461588849819
 20
-4.330580357507529
 30
0.0000000001665406
  0
VERTEX
  5
209
330
1DD
100
AcDbEntity
  8
1_ANYTOOL_1MMDEEP_LABELS_S
100
AcDbVertex
100
AcDb2dVertex
 10
39.14972749564095
 20
-4.604966518222199
 30
0.0000000001665406
  0
VERTEX
  5
20A
330
1DD
100
AcDbEntity
  8
1_ANYTOOL_1MMDEEP_LABELS_S
100
AcDbVertex
100
AcDb2dVertex
 10
39.48722749564061
 20
-5.171484375364997
 30
0.0000000001665406
  0
VERTEX
  5
20B
330
1DD
100
AcDbEntity
  8
1_ANYTOOL_1MMDEEP_LABELS_S
100
AcDbVertex
100
AcDb2dVertex
 10
39.64961588849758
 20
-5.460937500364594
 30
0.0000000001665406
  0
VERTEX
  5
20C
330
1DD
100
AcDbEntity
  8
1_ANYTOOL_1MMDEEP_LABELS_S
100
AcDbVertex
100
AcDb2dVertex
 10
39.80597749564029
 20
-5.754073661078536
 30
0.0000000001665406
  0
VERTEX
  5
20D
330
1DD
100
AcDbEntity
  8
1_ANYTOOL_1MMDEEP_LABELS_S
100
AcDbVertex
100
AcDb2dVertex
 10
39.95631231706875
 20
-6.050892857506824
 30
0.0000000001665406
  0
VERTEX
  5
20E
330
1DD
100
AcDbEntity
  8
1_ANYTOOL_1MMDEEP_LABELS_S
100
AcDbVertex
100
AcDb2dVertex
 10
40.10062035278295
 20
-6.351395089649458
 30
0.0000000001665406
  0
VERTEX
  5
20F
330
1DD
100
AcDbEntity
  8
1_ANYTOOL_1MMDEEP_LABELS_S
100
AcDbVertex
100
AcDb2dVertex
 10
40.2389016027829
 20
-6.655580357506437
 30
0.0000000001665406
  0
VERTEX
  5
210
330
1DD
100
AcDbEntity
  8
1_ANYTOOL_1MMDEEP_LABELS_S
100
AcDbVertex
100
AcDb2dVertex
 10
40.3711560670686
 20
-6.963448661077763
 30
0.0000000001665406
  0
VERTEX
  5
211
330
1DD
100
AcDbEntity
  8
1_ANYTOOL_1MMDEEP_LABELS_S
100
AcDbVertex
100
AcDb2dVertex
 10
40.49738374564004
 20
-7.275000000363434
 30
0.0000000001665406
  0
VERTEX
  5
212
330
1DD
100
AcDbEntity
  8
1_ANYTOOL_1MMDEEP_LABELS_S
100
AcDbVertex
100
AcDb2dVertex
 10
40.61758463849722
 20
-7.590234375363451
 30
0.0000000001665406
  0
VERTEX
  5
213
330
1DD
100
AcDbEntity
  8
1_ANYTOOL_1MMDEEP_LABELS_S
100
AcDbVertex
100
AcDb2dVertex
 10
40.73175874564015
 20
-7.909151786077814
 30
0.0000000001665406
  0
VERTEX
  5
214
330
1DD
100
AcDbEntity
  8
1_ANYTOOL_1MMDEEP_LABELS_S
100
AcDbVertex
100
AcDb2dVertex
 10
40.83990606706882
 20
-8.231752232506523
 30
0.0000000001665406
  0
VERTEX
  5
215
330
1DD
100
AcDbEntity
  8
1_ANYTOOL_1MMDEEP_LABELS_S
100
AcDbVertex
100
AcDb2dVertex
 10
40.94202660278324
 20
-8.558035714649577
 30
0.0000000001665406
  0
VERTEX
  5
216
330
1DD
100
AcDbEntity
  8
1_ANYTOOL_1MMDEEP_LABELS_S
100
AcDbVertex
100
AcDb2dVertex
 10
41.03812035278341
 20
-8.888002232506977
 30
0.0000000001665406
  0
VERTEX
  5
217
330
1DD
100
AcDbEntity
  8
1_ANYTOOL_1MMDEEP_LABELS_S
100
AcDbVertex
100
AcDb2dVertex
 10
41.12818731706932
 20
-9.221651786078723
 30
0.0000000001665406
  0
VERTEX
  5
218
330
1DD
100
AcDbEntity
  8
1_ANYTOOL_1MMDEEP_LABELS_S
100
AcDbVertex
100
AcDb2dVertex
 10
41.21222749564097
 20
-9.558984375364815
 30
0.0000000001665406
  0
VERTEX
  5
219
330
1DD
100
AcDbEntity
  8
1_ANYTOOL_1MMDEEP_LABELS_S
100
AcDbVertex
100
AcDb2dVertex
 10
41.44091053135503
 20
-10.58236607179299
 30
0.0000000001665406
  0
VERTEX
  5
21A
330
1DD
100
AcDbEntity
  8
1_ANYTOOL_1MMDEEP_LABELS_S
100
AcDbVertex
100
AcDb2dVertex
 10
41.57149088849746
 20
-11.2580357146494
 30
0.0000000001665406
  0
VERTEX
  5
21B
330
1DD
100
AcDbEntity
  8
1_ANYTOOL_1MMDEEP_LABELS_S
100
AcDbVertex
100
AcDb2dVertex
 10
41.68198195992568
 20
-11.92700892893447
 30
0.0000000001665406
  0
VERTEX
  5
21C
330
1DD
100
AcDbEntity
  8
1_ANYTOOL_1MMDEEP_LABELS_S
100
AcDbVertex
100
AcDb2dVertex
 10
41.77238374563967
 20
-12.58928571464821
 30
0.0000000001665406
  0
VERTEX
  5
21D
330
1DD
100
AcDbEntity
  8
1_ANYTOOL_1MMDEEP_LABELS_S
100
AcDbVertex
100
AcDb2dVertex
 10
41.84269624563944
 20
-13.24486607179063
 30
0.0000000001665406
  0
VERTEX
  5
21E
330
1DD
100
AcDbEntity
  8
1_ANYTOOL_1MMDEEP_LABELS_S
100
AcDbVertex
100
AcDb2dVertex
 10
41.892919459925
 20
-13.89375000036171
 30
0.0000000001665406
  0
VERTEX
  5
21F
330
1DD
100
AcDbEntity
  8
1_ANYTOOL_1MMDEEP_LABELS_S
100
AcDbVertex
100
AcDb2dVertex
 10
41.92305338849633
 20
-14.53593750036146
 30
0.0000000001665406
  0
VERTEX
  5
220
330
1DD
100
AcDbEntity
  8
1_ANYTOOL_1MMDEEP_LABELS_S
100
AcDbVertex
100
AcDb2dVertex
 10
41.93309803135344
 20
-15.17142857178987
 30
0.0000000001665406
  0
VERTEX
  5
221
330
1DD
100
AcDbEntity
  8
1_ANYTOOL_1MMDEEP_LABELS_S
100
AcDbVertex
100
AcDb2dVertex
 10
41.92221633492487
 20
-15.80892857179057
 30
0.0000000001665406
  0
VERTEX
  5
222
330
1DD
100
AcDbEntity
  8
1_ANYTOOL_1MMDEEP_LABELS_S
100
AcDbVertex
100
AcDb2dVertex
 10
41.88957124563916
 20
-16.44642857179122
 30
0.0000000001665406
  0
VERTEX
  5
223
330
1DD
100
AcDbEntity
  8
1_ANYTOOL_1MMDEEP_LABELS_S
100
AcDbVertex
100
AcDb2dVertex
 10
41.83516276349631
 20
-17.0839285717918
 30
0.0000000001665406
  0
VERTEX
  5
224
330
1DD
100
AcDbEntity
  8
1_ANYTOOL_1MMDEEP_LABELS_S
100
AcDbVertex
100
AcDb2dVertex
 10
41.75899088849633
 20
-17.72142857179233
 30
0.0000000001665406
  0
VERTEX
  5
225
330
1DD
100
AcDbEntity
  8
1_ANYTOOL_1MMDEEP_LABELS_S
100
AcDbVertex
100
AcDb2dVertex
 10
41.6610556206392
 20
-18.3589285717928
 30
0.0000000001665406
  0
VERTEX
  5
226
330
1DD
100
AcDbEntity
  8
1_ANYTOOL_1MMDEEP_LABELS_S
100
AcDbVertex
100
AcDb2dVertex
 10
41.54135695992494
 20
-18.99642857179322
 30
0.0000000001665406
  0
VERTEX
  5
227
330
1DD
100
AcDbEntity
  8
1_ANYTOOL_1MMDEEP_LABELS_S
100
AcDbVertex
100
AcDb2dVertex
 10
41.39989490635354
 20
-19.63392857179358
 30
0.0000000001665406
  0
VERTEX
  5
228
330
1DD
100
AcDbEntity
  8
1_ANYTOOL_1MMDEEP_LABELS_S
100
AcDbVertex
100
AcDb2dVertex
 10
41.236669459925
 20
-20.27142857179388
 30
0.0000000001665406
  0
VERTEX
  5
229
330
1DD
100
AcDbEntity
  8
1_ANYTOOL_1MMDEEP_LABELS_S
100
AcDbVertex
100
AcDb2dVertex
 10
41.05168062063932
 20
-20.90892857179412
 30
0.0000000001665406
  0
VERTEX
  5
22A
330
1DD
100
AcDbEntity
  8
1_ANYTOOL_1MMDEEP_LABELS_S
100
AcDbVertex
100
AcDb2dVertex
 10
40.8449283884965
 20
-21.54642857179431
 30
0.0000000001665406
  0
VERTEX
  5
22B
330
1DD
100
AcDbEntity
  8
1_ANYTOOL_1MMDEEP_LABELS_S
100
AcDbVertex
100
AcDb2dVertex
 10
40.61641276349654
 20
-22.18392857179444
 30
0.0000000001665406
  0
VERTEX
  5
22C
330
1DD
100
AcDbEntity
  8
1_ANYTOOL_1MMDEEP_LABELS_S
100
AcDbVertex
100
AcDb2dVertex
 10
40.36613374563944
 20
-22.82142857179451
 30
0.0000000001665406
  0
VERTEX
  5
22D
330
1DD
100
AcDbEntity
  8
1_ANYTOOL_1MMDEEP_LABELS_S
100
AcDbVertex
100
AcDb2dVertex
 10
40.09409133492521
 20
-23.45892857179453
 30
0.0000000001665406
  0
VERTEX
  5
22E
330
1DD
100
AcDbEntity
  8
1_ANYTOOL_1MMDEEP_LABELS_S
100
AcDbVertex
100
AcDb2dVertex
 10
39.80028553135384
 20
-24.09642857179449
 30
0.0000000001665406
  0
VERTEX
  5
22F
330
1DD
100
AcDbEntity
  8
1_ANYTOOL_1MMDEEP_LABELS_S
100
AcDbVertex
100
AcDb2dVertex
 10
39.48471633492532
 20
-24.73392857179439
 30
0.0000000001665406
  0
VERTEX
  5
230
330
1DD
100
AcDbEntity
  8
1_ANYTOOL_1MMDEEP_LABELS_S
100
AcDbVertex
100
AcDb2dVertex
 10
39.14738374563967
 20
-25.37142857179424
 30
0.0000000001665406
  0
VERTEX
  5
231
330
1DD
100
AcDbEntity
  8
1_ANYTOOL_1MMDEEP_LABELS_S
100
AcDbVertex
100
AcDb2dVertex
 10
38.97281622331823
 20
-25.68519810304415
 30
0.0000000001665406
  0
VERTEX
  5
232
330
1DD
100
AcDbEntity
  8
1_ANYTOOL_1MMDEEP_LABELS_S
100
AcDbVertex
100
AcDb2dVertex
 10
38.79197079921109
 20
-25.98900669679406
 30
0.0000000001665406
  0
VERTEX
  5
233
330
1DD
100
AcDbEntity
  8
1_ANYTOOL_1MMDEEP_LABELS_S
100
AcDbVertex
100
AcDb2dVertex
 10
38.60484747331822
 20
-26.28285435304398
 30
0.0000000001665406
  0
VERTEX
  5
234
330
1DD
100
AcDbEntity
  8
1_ANYTOOL_1MMDEEP_LABELS_S
100
AcDbVertex
100
AcDb2dVertex
 10
38.41144624563964
 20
-26.5667410717939
 30
0.0000000001665406
  0
VERTEX
  5
235
330
1DD
100
AcDbEntity
  8
1_ANYTOOL_1MMDEEP_LABELS_S
100
AcDbVertex
100
AcDb2dVertex
 10
38.21176711617534
 20
-26.84066685304382
 30
0.0000000001665406
  0
VERTEX
  5
236
330
1DD
100
AcDbEntity
  8
1_ANYTOOL_1MMDEEP_LABELS_S
100
AcDbVertex
100
AcDb2dVertex
 10
38.00581008492533
 20
-27.10463169679375
 30
0.0000000001665406
  0
VERTEX
  5
237
330
1DD
100
AcDbEntity
  8
1_ANYTOOL_1MMDEEP_LABELS_S
100
AcDbVertex
100
AcDb2dVertex
 10
37.7935751518896
 20
-27.35863560304367
 30
0.0000000001665406
  0
VERTEX
  5
238
330
1DD
100
AcDbEntity
  8
1_ANYTOOL_1MMDEEP_LABELS_S
100
AcDbVertex
100
AcDb2dVertex
 10
37.57506231706816
 20
-27.6026785717936
 30
0.0000000001665406
  0
VERTEX
  5
239
330
1DD
100
AcDbEntity
  8
1_ANYTOOL_1MMDEEP_LABELS_S
100
AcDbVertex
100
AcDb2dVertex
 10
37.46345168648779
 20
-27.72096470460607
 30
0.0000000001665406
  0
VERTEX
  5
23A
330
1DD
100
AcDbEntity
  8
1_ANYTOOL_1MMDEEP_LABELS_S
100
AcDbVertex
100
AcDb2dVertex
 10
37.350271580461
 20
-27.83676060304354
 30
0.0000000001665406
  0
VERTEX
  5
23B
330
1DD
100
AcDbEntity
  8
1_ANYTOOL_1MMDEEP_LABELS_S
100
AcDbVertex
100
AcDb2dVertex
 10
37.23552199898778
 20
-27.950066267106
 30
0.0000000001665406
  0
VERTEX
  5
23C
330
1DD
100
AcDbEntity
  8
1_ANYTOOL_1MMDEEP_LABELS_S
100
AcDbVertex
100
AcDb2dVertex
 10
37.11920294206813
 20
-28.06088169679347
 30
0.0000000001665406
  0
VERTEX
  5
23D
330
1DD
100
AcDbEntity
  8
1_ANYTOOL_1MMDEEP_LABELS_S
100
AcDbVertex
100
AcDb2dVertex
 10
37.00131440970205
 20
-28.16920689210594
 30
0.0000000001665406
  0
VERTEX
  5
23E
330
1DD
100
AcDbEntity
  8
1_ANYTOOL_1MMDEEP_LABELS_S
100
AcDbVertex
100
AcDb2dVertex
 10
36.88185640188954
 20
-28.27504185304341
 30
0.0000000001665406
  0
VERTEX
  5
23F
330
1DD
100
AcDbEntity
  8
1_ANYTOOL_1MMDEEP_LABELS_S
100
AcDbVertex
100
AcDb2dVertex
 10
36.7608289186306
 20
-28.37838657960588
 30
0.0000000001665406
  0
VERTEX
  5
240
330
1DD
100
AcDbEntity
  8
1_ANYTOOL_1MMDEEP_LABELS_S
100
AcDbVertex
100
AcDb2dVertex
 10
36.63823195992524
 20
-28.47924107179335
 30
0.0000000001665406
  0
VERTEX
  5
241
330
1DD
100
AcDbEntity
  8
1_ANYTOOL_1MMDEEP_LABELS_S
100
AcDbVertex
100
AcDb2dVertex
 10
36.51406552577344
 20
-28.57760532960582
 30
0.0000000001665406
  0
VERTEX
  5
242
330
1DD
100
AcDbEntity
  8
1_ANYTOOL_1MMDEEP_LABELS_S
100
AcDbVertex
100
AcDb2dVertex
 10
36.38832961617521
 20
-28.6734793530433
 30
0.0000000001665406
  0
VERTEX
  5
243
330
1DD
100
AcDbEntity
  8
1_ANYTOOL_1MMDEEP_LABELS_S
100
AcDbVertex
100
AcDb2dVertex
 10
36.26102423113056
 20
-28.76686314210577
 30
0.0000000001665406
  0
VERTEX
  5
244
330
1DD
100
AcDbEntity
  8
1_ANYTOOL_1MMDEEP_LABELS_S
100
AcDbVertex
100
AcDb2dVertex
 10
36.13214937063948
 20
-28.85775669679325
 30
0.0000000001665406
  0
VERTEX
  5
245
330
1DD
100
AcDbEntity
  8
1_ANYTOOL_1MMDEEP_LABELS_S
100
AcDbVertex
100
AcDb2dVertex
 10
36.00170503470197
 20
-28.94616001710572
 30
0.0000000001665406
  0
VERTEX
  5
246
330
1DD
100
AcDbEntity
  8
1_ANYTOOL_1MMDEEP_LABELS_S
100
AcDbVertex
100
AcDb2dVertex
 10
35.86969122331803
 20
-29.0320731030432
 30
0.0000000001665406
  0
VERTEX
  5
247
330
1DD
100
AcDbEntity
  8
1_ANYTOOL_1MMDEEP_LABELS_S
100
AcDbVertex
100
AcDb2dVertex
 10
35.73610793648766
 20
-29.11549595460567
 30
0.0000000001665406
  0
VERTEX
  5
248
330
1DD
100
AcDbEntity
  8
1_ANYTOOL_1MMDEEP_LABELS_S
100
AcDbVertex
100
AcDb2dVertex
 10
35.60095517421087
 20
-29.19642857179315
 30
0.0000000001665406
  0
VERTEX
  5
249
330
1DD
100
AcDbEntity
  8
1_ANYTOOL_1MMDEEP_LABELS_S
100
AcDbVertex
100
AcDb2dVertex
 10
35.46423293648764
 20
-29.27487095460562
 30
0.0000000001665406
  0
VERTEX
  5
24A
330
1DD
100
AcDbEntity
  8
1_ANYTOOL_1MMDEEP_LABELS_S
100
AcDbVertex
100
AcDb2dVertex
 10
35.32594122331798
 20
-29.3508231030431
 30
0.0000000001665406
  0
VERTEX
  5
24B
330
1DD
100
AcDbEntity
  8
1_ANYTOOL_1MMDEEP_LABELS_S
100
AcDbVertex
100
AcDb2dVertex
 10
35.1860800347019
 20
-29.42428501710558
 30
0.0000000001665406
  0
VERTEX
  5
24C
330
1DD
100
AcDbEntity
  8
1_ANYTOOL_1MMDEEP_LABELS_S
100
AcDbVertex
100
AcDb2dVertex
 10
35.04464937063939
 20
-29.49525669679306
 30
0.0000000001665406
  0
VERTEX
  5
24D
330
1DD
100
AcDbEntity
  8
1_ANYTOOL_1MMDEEP_LABELS_S
100
AcDbVertex
100
AcDb2dVertex
 10
34.90164923113045
 20
-29.56373814210554
 30
0.0000000001665406
  0
VERTEX
  5
24E
330
1DD
100
AcDbEntity
  8
1_ANYTOOL_1MMDEEP_LABELS_S
100
AcDbVertex
100
AcDb2dVertex
 10
34.75707961617508
 20
-29.62972935304303
 30
0.0000000001665406
  0
VERTEX
  5
24F
330
1DD
100
AcDbEntity
  8
1_ANYTOOL_1MMDEEP_LABELS_S
100
AcDbVertex
100
AcDb2dVertex
 10
34.61094052577328
 20
-29.69323032960551
 30
0.0000000001665406
  0
VERTEX
  5
250
330
1DD
100
AcDbEntity
  8
1_ANYTOOL_1MMDEEP_LABELS_S
100
AcDbVertex
100
AcDb2dVertex
 10
34.46323195992505
 20
-29.75424107179299
 30
0.0000000001665406
  0
VERTEX
  5
251
330
1DD
100
AcDbEntity
  8
1_ANYTOOL_1MMDEEP_LABELS_S
100
AcDbVertex
100
AcDb2dVertex
 10
34.3139539186304
 20
-29.81276157960547
 30
0.0000000001665406
  0
VERTEX
  5
252
330
1DD
100
AcDbEntity
  8
1_ANYTOOL_1MMDEEP_LABELS_S
100
AcDbVertex
100
AcDb2dVertex
 10
34.16310640188931
 20
-29.86879185304296
 30
0.0000000001665406
  0
VERTEX
  5
253
330
1DD
100
AcDbEntity
  8
1_ANYTOOL_1MMDEEP_LABELS_S
100
AcDbVertex
100
AcDb2dVertex
 10
34.0106894097018
 20
-29.92233189210544
 30
0.0000000001665406
  0
VERTEX
  5
254
330
1DD
100
AcDbEntity
  8
1_ANYTOOL_1MMDEEP_LABELS_S
100
AcDbVertex
100
AcDb2dVertex
 10
33.85670294206786
 20
-29.97338169679293
 30
0.0000000001665406
  0
VERTEX
  5
255
330
1DD
100
AcDbEntity
  8
1_ANYTOOL_1MMDEEP_LABELS_S
100
AcDbVertex
100
AcDb2dVertex
 10
33.54402158046068
 20
-30.0680106030429
 30
0.0000000001665406
  0
VERTEX
  5
256
330
1DD
100
AcDbEntity
  8
1_ANYTOOL_1MMDEEP_LABELS_S
100
AcDbVertex
100
AcDb2dVertex
 10
33.2250623170678
 20
-30.15267857179288
 30
0.0000000001665406
  0
VERTEX
  5
257
330
1DD
100
AcDbEntity
  8
1_ANYTOOL_1MMDEEP_LABELS_S
100
AcDbVertex
100
AcDb2dVertex
 10
32.89982515188919
 20
-30.22738560304285
 30
0.0000000001665406
  0
VERTEX
  5
258
330
1DD
100
AcDbEntity
  8
1_ANYTOOL_1MMDEEP_LABELS_S
100
AcDbVertex
100
AcDb2dVertex
 10
32.56831008492487
 20
-30.29213169679284
 30
0.0000000001665406
  0
VERTEX
  5
259
330
1DD
100
AcDbEntity
  8
1_ANYTOOL_1MMDEEP_LABELS_S
100
AcDbVertex
100
AcDb2dVertex
 10
32.23051711617484
 20
-30.34691685304282
 30
0.0000000001665406
  0
VERTEX
  5
25A
330
1DD
100
AcDbEntity
  8
1_ANYTOOL_1MMDEEP_LABELS_S
100
AcDbVertex
100
AcDb2dVertex
 10
31.88644624563909
 20
-30.39174107179281
 30
0.0000000001665406
  0
VERTEX
  5
25B
330
1DD
100
AcDbEntity
  8
1_ANYTOOL_1MMDEEP_LABELS_S
100
AcDbVertex
100
AcDb2dVertex
 10
31.53609747331763
 20
-30.4266043530428
 30
0.0000000001665406
  0
VERTEX
  5
25C
330
1DD
100
AcDbEntity
  8
1_ANYTOOL_1MMDEEP_LABELS_S
100
AcDbVertex
100
AcDb2dVertex
 10
31.17947079921045
 20
-30.45150669679279
 30
0.0000000001665406
  0
VERTEX
  5
25D
330
1DD
100
AcDbEntity
  8
1_ANYTOOL_1MMDEEP_LABELS_S
100
AcDbVertex
100
AcDb2dVertex
 10
30.81656622331755
 20
-30.46644810304279
 30
0.0000000001665406
  0
VERTEX
  5
25E
330
1DD
100
AcDbEntity
  8
1_ANYTOOL_1MMDEEP_LABELS_S
100
AcDbVertex
100
AcDb2dVertex
 10
30.44738374563894
 20
-30.47142857179279
 30
0.0000000001665406
  0
VERTEX
  5
25F
330
1DD
100
AcDbEntity
  8
1_ANYTOOL_1MMDEEP_LABELS_S
100
AcDbVertex
100
AcDb2dVertex
 10
30.06497582153196
 20
-30.46636439768564
 30
0.0000000001665406
  0
VERTEX
  5
260
330
1DD
100
AcDbEntity
  8
1_ANYTOOL_1MMDEEP_LABELS_S
100
AcDbVertex
100
AcDb2dVertex
 10
29.68918062063925
 20
-30.45117187536422
 30
0.0000000001665406
  0
VERTEX
  5
261
330
1DD
100
AcDbEntity
  8
1_ANYTOOL_1MMDEEP_LABELS_S
100
AcDbVertex
100
AcDb2dVertex
 10
29.31999814296082
 20
-30.42585100482852
 30
0.0000000001665406
  0
VERTEX
  5
262
330
1DD
100
AcDbEntity
  8
1_ANYTOOL_1MMDEEP_LABELS_S
100
AcDbVertex
100
AcDb2dVertex
 10
28.95742838849668
 20
-30.39040178607854
 30
0.0000000001665406
  0
VERTEX
  5
263
330
1DD
100
AcDbEntity
  8
1_ANYTOOL_1MMDEEP_LABELS_S
100
AcDbVertex
100
AcDb2dVertex
 10
28.60147135724682
 20
-30.34482421911428
 30
0.0000000001665406
  0
VERTEX
  5
264
330
1DD
100
AcDbEntity
  8
1_ANYTOOL_1MMDEEP_LABELS_S
100
AcDbVertex
100
AcDb2dVertex
 10
28.25212704921124
 20
-30.28911830393574
 30
0.0000000001665406
  0
VERTEX
  5
265
330
1DD
100
AcDbEntity
  8
1_ANYTOOL_1MMDEEP_LABELS_S
100
AcDbVertex
100
AcDb2dVertex
 10
27.90939546438994
 20
-30.22328404054291
 30
0.0000000001665406
  0
VERTEX
  5
266
330
1DD
100
AcDbEntity
  8
1_ANYTOOL_1MMDEEP_LABELS_S
100
AcDbVertex
100
AcDb2dVertex
 10
27.57327660278293
 20
-30.14732142893581
 30
0.0000000001665406
  0
VERTEX
  5
267
330
1DD
100
AcDbEntity
  8
1_ANYTOOL_1MMDEEP_LABELS_S
100
AcDbVertex
100
AcDb2dVertex
 10
27.24377046439019
 20
-30.06123046911443
 30
0.0000000001665406
  0
VERTEX
  5
268
330
1DD
100
AcDbEntity
  8
1_ANYTOOL_1MMDEEP_LABELS_S
100
AcDbVertex
100
AcDb2dVertex
 10
26.92087704921174
 20
-29.96501116107876
 30
0.0000000001665406
  0
VERTEX
  5
269
330
1DD
100
AcDbEntity
  8
1_ANYTOOL_1MMDEEP_LABELS_S
100
AcDbVertex
100
AcDb2dVertex
 10
26.76191011282787
 20
-29.91310337648058
 30
0.0000000001665406
  0
VERTEX
  5
26A
330
1DD
100
AcDbEntity
  8
1_ANYTOOL_1MMDEEP_LABELS_S
100
AcDbVertex
100
AcDb2dVertex
 10
26.60459635724757
 20
-29.85866350482882
 30
0.0000000001665406
  0
VERTEX
  5
26B
330
1DD
100
AcDbEntity
  8
1_ANYTOOL_1MMDEEP_LABELS_S
100
AcDbVertex
100
AcDb2dVertex
 10
26.44893578247084
 20
-29.80169154612349
 30
0.0000000001665406
  0
VERTEX
  5
26C
330
1DD
100
AcDbEntity
  8
1_ANYTOOL_1MMDEEP_LABELS_S
100
AcDbVertex
100
AcDb2dVertex
 10
26.29492838849768
 20
-29.74218750036459
 30
0.0000000001665406
  0
VERTEX
  5
26D
330
1DD
100
AcDbEntity
  8
1_ANYTOOL_1MMDEEP_LABELS_S
100
AcDbVertex
100
AcDb2dVertex
 10
26.14257417532809
 20
-29.68015136755213
 30
0.0000000001665406
  0
VERTEX
  5
26E
330
1DD
100
AcDbEntity
  8
1_ANYTOOL_1MMDEEP_LABELS_S
100
AcDbVertex
100
AcDb2dVertex
 10
25.99187314296207
 20
-29.61558314768609
 30
0.0000000001665406
  0
VERTEX
  5
26F
330
1DD
100
AcDbEntity
  8
1_ANYTOOL_1MMDEEP_LABELS_S
100
AcDbVertex
100
AcDb2dVertex
 10
25.84282529139963
 20
-29.54848284076648
 30
0.0000000001665406
  0
VERTEX
  5
270
330
1DD
100
AcDbEntity
  8
1_ANYTOOL_1MMDEEP_LABELS_S
100
AcDbVertex
100
AcDb2dVertex
 10
25.69543062064075
 20
-29.4788504467933
 30
0.0000000001665406
  0
VERTEX
  5
271
330
1DD
100
AcDbEntity
  8
1_ANYTOOL_1MMDEEP_LABELS_S
100
AcDbVertex
100
AcDb2dVertex
 10
25.54968913068544
 20
-29.40668596576656
 30
0.0000000001665406
  0
VERTEX
  5
272
330
1DD
100
AcDbEntity
  8
1_ANYTOOL_1MMDEEP_LABELS_S
100
AcDbVertex
100
AcDb2dVertex
 10
25.40560082153371
 20
-29.33198939768624
 30
0.0000000001665406
  0
VERTEX
  5
273
330
1DD
100
AcDbEntity
  8
1_ANYTOOL_1MMDEEP_LABELS_S
100
AcDbVertex
100
AcDb2dVertex
 10
25.26316569318554
 20
-29.25476074255235
 30
0.0000000001665406
  0
VERTEX
  5
274
330
1DD
100
AcDbEntity
  8
1_ANYTOOL_1MMDEEP_LABELS_S
100
AcDbVertex
100
AcDb2dVertex
 10
25.12238374564095
 20
-29.17500000036489
 30
0.0000000001665406
  0
VERTEX
  5
275
330
1DD
100
AcDbEntity
  8
1_ANYTOOL_1MMDEEP_LABELS_S
100
AcDbVertex
100
AcDb2dVertex
 10
24.98325497889992
 20
-29.09270717112386
 30
0.0000000001665406
  0
VERTEX
  5
276
330
1DD
100
AcDbEntity
  8
1_ANYTOOL_1MMDEEP_LABELS_S
100
AcDbVertex
100
AcDb2dVertex
 10
24.84577939296247
 20
-29.00788225482926
 30
0.0000000001665406
  0
VERTEX
  5
277
330
1DD
100
AcDbEntity
  8
1_ANYTOOL_1MMDEEP_LABELS_S
100
AcDbVertex
100
AcDb2dVertex
 10
24.70995698782858
 20
-28.9205252514811
 30
0.0000000001665406
  0
VERTEX
  5
278
330
1DD
100
AcDbEntity
  8
1_ANYTOOL_1MMDEEP_LABELS_S
100
AcDbVertex
100
AcDb2dVertex
 10
24.57578776349827
 20
-28.83063616107935
 30
0.0000000001665406
  0
VERTEX
  5
279
330
1DD
100
AcDbEntity
  8
1_ANYTOOL_1MMDEEP_LABELS_S
100
AcDbVertex
100
AcDb2dVertex
 10
24.44327171997153
 20
-28.73821498362405
 30
0.0000000001665406
  0
VERTEX
  5
27A
330
1DD
100
AcDbEntity
  8
1_ANYTOOL_1MMDEEP_LABELS_S
100
AcDbVertex
100
AcDb2dVertex
 10
24.31240885724835
 20
-28.64326171911517
 30
0.0000000001665406
  0
VERTEX
  5
27B
330
1DD
100
AcDbEntity
  8
1_ANYTOOL_1MMDEEP_LABELS_S
100
AcDbVertex
100
AcDb2dVertex
 10
24.18319917532875
 20
-28.54577636755272
 30
0.0000000001665406
  0
VERTEX
  5
27C
330
1DD
100
AcDbEntity
  8
1_ANYTOOL_1MMDEEP_LABELS_S
100
AcDbVertex
100
AcDb2dVertex
 10
24.05564267421272
 20
-28.4457589289367
 30
0.0000000001665406
  0
VERTEX
  5
27D
330
1DD
100
AcDbEntity
  8
1_ANYTOOL_1MMDEEP_LABELS_S
100
AcDbVertex
100
AcDb2dVertex
 10
23.92973935390026
 20
-28.34320940326711
 30
0.0000000001665406
  0
VERTEX
  5
27E
330
1DD
100
AcDbEntity
  8
1_ANYTOOL_1MMDEEP_LABELS_S
100
AcDbVertex
100
AcDb2dVertex
 10
23.80548921439137
 20
-28.23812779054395
 30
0.0000000001665406
  0
VERTEX
  5
27F
330
1DD
100
AcDbEntity
  8
1_ANYTOOL_1MMDEEP_LABELS_S
100
AcDbVertex
100
AcDb2dVertex
 10
23.68289225568605
 20
-28.13051409076722
 30
0.0000000001665406
  0
VERTEX
  5
280
330
1DD
100
AcDbEntity
  8
1_ANYTOOL_1MMDEEP_LABELS_S
100
AcDbVertex
100
AcDb2dVertex
 10
23.5619484777843
 20
-28.02036830393692
 30
0.0000000001665406
  0
VERTEX
  5
281
330
1DD
100
AcDbEntity
  8
1_ANYTOOL_1MMDEEP_LABELS_S
100
AcDbVertex
100
AcDb2dVertex
 10
23.44265788068612
 20
-27.90769043005305
 30
0.0000000001665406
  0
VERTEX
  5
282
330
1DD
100
AcDbEntity
  8
1_ANYTOOL_1MMDEEP_LABELS_S
100
AcDbVertex
100
AcDb2dVertex
 10
23.32502046439151
 20
-27.79248046911561
 30
0.0000000001665406
  0
VERTEX
  5
283
330
1DD
100
AcDbEntity
  8
1_ANYTOOL_1MMDEEP_LABELS_S
100
AcDbVertex
100
AcDb2dVertex
 10
23.20903622890047
 20
-27.6747384211246
 30
0.0000000001665406
  0
VERTEX
  5
284
330
1DD
100
AcDbEntity
  8
1_ANYTOOL_1MMDEEP_LABELS_S
100
AcDbVertex
100
AcDb2dVertex
 10
23.094705174213
 20
-27.55446428608002
 30
0.0000000001665406
  0
VERTEX
  5
285
330
1DD
100
AcDbEntity
  8
1_ANYTOOL_1MMDEEP_LABELS_S
100
AcDbVertex
100
AcDb2dVertex
 10
22.98202730032911
 20
-27.43165806398187
 30
0.0000000001665406
  0
VERTEX
  5
286
330
1DD
100
AcDbEntity
  8
1_ANYTOOL_1MMDEEP_LABELS_S
100
AcDbVertex
100
AcDb2dVertex
 10
22.87100260724878
 20
-27.30631975483015
 30
0.0000000001665406
  0
VERTEX
  5
287
330
1DD
100
AcDbEntity
  8
1_ANYTOOL_1MMDEEP_LABELS_S
100
AcDbVertex
100
AcDb2dVertex
 10
22.65391276349884
 20
-27.048046875366
 30
0.0000000001665406
  0
VERTEX
  5
288
330
1DD
100
AcDbEntity
  8
1_ANYTOOL_1MMDEEP_LABELS_S
100
AcDbVertex
100
AcDb2dVertex
 10
22.44343564296318
 20
-26.77964564768757
 30
0.0000000001665406
  0
VERTEX
  5
289
330
1DD
100
AcDbEntity
  8
1_ANYTOOL_1MMDEEP_LABELS_S
100
AcDbVertex
100
AcDb2dVertex
 10
22.2395712456418
 20
-26.50111607179485
 30
0.0000000001665406
  0
VERTEX
  5
28A
330
1DD
100
AcDbEntity
  8
1_ANYTOOL_1MMDEEP_LABELS_S
100
AcDbVertex
100
AcDb2dVertex
 10
22.0423195715347
 20
-26.21245814768786
 30
0.0000000001665406
  0
VERTEX
  5
28B
330
1DD
100
AcDbEntity
  8
1_ANYTOOL_1MMDEEP_LABELS_S
100
AcDbVertex
100
AcDb2dVertex
 10
21.85168062064189
 20
-25.91367187536659
 30
0.0000000001665406
  0
VERTEX
  5
28C
330
1DD
100
AcDbEntity
  8
1_ANYTOOL_1MMDEEP_LABELS_S
100
AcDbVertex
100
AcDb2dVertex
 10
21.66765439296335
 20
-25.60475725483104
 30
0.0000000001665406
  0
VERTEX
  5
28D
330
1DD
100
AcDbEntity
  8
1_ANYTOOL_1MMDEEP_LABELS_S
100
AcDbVertex
100
AcDb2dVertex
 10
21.4902408884991
 20
-25.2857142860812
 30
0.0000000001665406
  0
VERTEX
  5
28E
330
1DD
100
AcDbEntity
  8
1_ANYTOOL_1MMDEEP_LABELS_S
100
AcDbVertex
100
AcDb2dVertex
 10
21.15809803135623
 20
-24.63733258965209
 30
0.0000000001665406
  0
VERTEX
  5
28F
330
1DD
100
AcDbEntity
  8
1_ANYTOOL_1MMDEEP_LABELS_S
100
AcDbVertex
100
AcDb2dVertex
 10
20.84738374564193
 20
-23.98861607179447
 30
0.0000000001665406
  0
VERTEX
  5
290
330
1DD
100
AcDbEntity
  8
1_ANYTOOL_1MMDEEP_LABELS_S
100
AcDbVertex
100
AcDb2dVertex
 10
20.55809803135621
 20
-23.33956473250834
 30
0.0000000001665406
  0
VERTEX
  5
291
330
1DD
100
AcDbEntity
  8
1_ANYTOOL_1MMDEEP_LABELS_S
100
AcDbVertex
100
AcDb2dVertex
 10
20.29024088849906
 20
-22.69017857179369
 30
0.0000000001665406
  0
VERTEX
  5
292
330
1DD
100
AcDbEntity
  8
1_ANYTOOL_1MMDEEP_LABELS_S
100
AcDbVertex
100
AcDb2dVertex
 10
20.04381231707048
 20
-22.04045758965054
 30
0.0000000001665406
  0
VERTEX
  5
293
330
1DD
100
AcDbEntity
  8
1_ANYTOOL_1MMDEEP_LABELS_S
100
AcDbVertex
100
AcDb2dVertex
 10
19.81881231707047
 20
-21.39040178607888
 30
0.0000000001665406
  0
VERTEX
  5
294
330
1DD
100
AcDbEntity
  8
1_ANYTOOL_1MMDEEP_LABELS_S
100
AcDbVertex
100
AcDb2dVertex
 10
19.61524088849903
 20
-20.74001116107871
 30
0.0000000001665406
  0
VERTEX
  5
295
330
1DD
100
AcDbEntity
  8
1_ANYTOOL_1MMDEEP_LABELS_S
100
AcDbVertex
100
AcDb2dVertex
 10
19.43309803135617
 20
-20.08928571465003
 30
0.0000000001665406
  0
VERTEX
  5
296
330
1DD
100
AcDbEntity
  8
1_ANYTOOL_1MMDEEP_LABELS_S
100
AcDbVertex
100
AcDb2dVertex
 10
19.27238374564187
 20
-19.43822544679284
 30
0.0000000001665406
  0
VERTEX
  5
297
330
1DD
100
AcDbEntity
  8
1_ANYTOOL_1MMDEEP_LABELS_S
100
AcDbVertex
100
AcDb2dVertex
 10
19.13309803135616
 20
-18.78683035750714
 30
0.0000000001665406
  0
VERTEX
  5
298
330
1DD
100
AcDbEntity
  8
1_ANYTOOL_1MMDEEP_LABELS_S
100
AcDbVertex
100
AcDb2dVertex
 10
19.01524088849901
 20
-18.13510044679293
 30
0.0000000001665406
  0
VERTEX
  5
299
330
1DD
100
AcDbEntity
  8
1_ANYTOOL_1MMDEEP_LABELS_S
100
AcDbVertex
100
AcDb2dVertex
 10
18.91881231707043
 20
-17.48303571465021
 30
0.0000000001665406
  0
VERTEX
  5
29A
330
1DD
100
AcDbEntity
  8
1_ANYTOOL_1MMDEEP_LABELS_S
100
AcDbVertex
100
AcDb2dVertex
 10
18.84381231707043
 20
-16.83063616107898
 30
0.0000000001665406
  0
VERTEX
  5
29B
330
1DD
100
AcDbEntity
  8
1_ANYTOOL_1MMDEEP_LABELS_S
100
AcDbVertex
100
AcDb2dVertex
 10
18.790240888499
 20
-16.17790178607925
 30
0.0000000001665406
  0
VERTEX
  5
29C
330
1DD
100
AcDbEntity
  8
1_ANYTOOL_1MMDEEP_LABELS_S
100
AcDbVertex
100
AcDb2dVertex
 10
18.75809803135614
 20
-15.524832589651
 30
0.0000000001665406
  0
VERTEX
  5
29D
330
1DD
100
AcDbEntity
  8
1_ANYTOOL_1MMDEEP_LABELS_S
100
AcDbVertex
100
AcDb2dVertex
 10
18.74738374564186
 20
-14.87142857179424
 30
0.0000000001665406
  0
VERTEX
  5
29E
330
1DD
100
AcDbEntity
  8
1_ANYTOOL_1MMDEEP_LABELS_S
100
AcDbVertex
100
AcDb2dVertex
 10
18.75860026349899
 20
-14.17801339322293
 30
0.0000000001665406
  0
VERTEX
  5
29F
330
1DD
100
AcDbEntity
  8
1_ANYTOOL_1MMDEEP_LABELS_S
100
AcDbVertex
100
AcDb2dVertex
 10
18.7922498170704
 20
-13.49062500036587
 30
0.0000000001665406
  0
VERTEX
  5
2A0
330
1DD
100
AcDbEntity
  8
1_ANYTOOL_1MMDEEP_LABELS_S
100
AcDbVertex
100
AcDb2dVertex
 10
18.84833240635608
 20
-12.80926339322306
 30
0.0000000001665406
  0
VERTEX
  5
2A1
330
1DD
100
AcDbEntity
  8
1_ANYTOOL_1MMDEEP_LABELS_S
100
AcDbVertex
100
AcDb2dVertex
 10
18.92684803135603
 20
-12.13392857179451
 30
0.0000000001665406
  0
VERTEX
  5
2A2
330
1DD
100
AcDbEntity
  8
1_ANYTOOL_1MMDEEP_LABELS_S
100
AcDbVertex
100
AcDb2dVertex
 10
19.02779669207025
 20
-11.46462053608022
 30
0.0000000001665406
  0
VERTEX
  5
2A3
330
1DD
100
AcDbEntity
  8
1_ANYTOOL_1MMDEEP_LABELS_S
100
AcDbVertex
100
AcDb2dVertex
 10
19.15117838849875
 20
-10.80133928608018
 30
0.0000000001665406
  0
VERTEX
  5
2A4
330
1DD
100
AcDbEntity
  8
1_ANYTOOL_1MMDEEP_LABELS_S
100
AcDbVertex
100
AcDb2dVertex
 10
19.29699312064152
 20
-10.14408482179439
 30
0.0000000001665406
  0
VERTEX
  5
2A5
330
1DD
100
AcDbEntity
  8
1_ANYTOOL_1MMDEEP_LABELS_S
100
AcDbVertex
100
AcDb2dVertex
 10
19.46524088849856
 20
-9.492857143222864
 30
0.0000000001665406
  0
VERTEX
  5
2A6
330
1DD
100
AcDbEntity
  8
1_ANYTOOL_1MMDEEP_LABELS_S
100
AcDbVertex
100
AcDb2dVertex
 10
19.65592169206987
 20
-8.847656250365588
 30
0.0000000001665406
  0
VERTEX
  5
2A7
330
1DD
100
AcDbEntity
  8
1_ANYTOOL_1MMDEEP_LABELS_S
100
AcDbVertex
100
AcDb2dVertex
 10
19.86903553135545
 20
-8.208482143222568
 30
0.0000000001665406
  0
VERTEX
  5
2A8
330
1DD
100
AcDbEntity
  8
1_ANYTOOL_1MMDEEP_LABELS_S
100
AcDbVertex
100
AcDb2dVertex
 10
20.10458240635531
 20
-7.575334821793803
 30
0.0000000001665406
  0
VERTEX
  5
2A9
330
1DD
100
AcDbEntity
  8
1_ANYTOOL_1MMDEEP_LABELS_S
100
AcDbVertex
100
AcDb2dVertex
 10
20.36256231706943
 20
-6.948214286079292
 30
0.0000000001665406
  0
VERTEX
  5
2AA
330
1DD
100
AcDbEntity
  8
1_ANYTOOL_1MMDEEP_LABELS_S
100
AcDbVertex
100
AcDb2dVertex
 10
20.64297526349783
 20
-6.327120536079036
 30
0.0000000001665406
  0
VERTEX
  5
2AB
330
1DD
100
AcDbEntity
  8
1_ANYTOOL_1MMDEEP_LABELS_S
100
AcDbVertex
100
AcDb2dVertex
 10
20.9458212456405
 20
-5.712053571793035
 30
0.0000000001665406
  0
VERTEX
  5
2AC
330
1DD
100
AcDbEntity
  8
1_ANYTOOL_1MMDEEP_LABELS_S
100
AcDbVertex
100
AcDb2dVertex
 10
21.27110026349744
 20
-5.103013393221289
 30
0.0000000001665406
  0
VERTEX
  5
2AD
330
1DD
100
AcDbEntity
  8
1_ANYTOOL_1MMDEEP_LABELS_S
100
AcDbVertex
100
AcDb2dVertex
 10
21.61881231706866
 20
-4.500000000363798
 30
0.0000000001665406
  0
VERTEX
  5
2AE
330
1DD
100
AcDbEntity
  8
1_ANYTOOL_1MMDEEP_LABELS_S
100
AcDbVertex
100
AcDb2dVertex
 10
21.80421968314016
 20
-4.202050781613657
 30
0.0000000001665406
  0
VERTEX
  5
2AF
330
1DD
100
AcDbEntity
  8
1_ANYTOOL_1MMDEEP_LABELS_S
100
AcDbVertex
100
AcDb2dVertex
 10
21.99615606706881
 20
-3.913560268220664
 30
0.0000000001665406
  0
VERTEX
  5
2B0
330
1DD
100
AcDbEntity
  8
1_ANYTOOL_1MMDEEP_LABELS_S
100
AcDbVertex
100
AcDb2dVertex
 10
22.1946214688546
 20
-3.634528460184818
 30
0.0000000001665406
  0
VERTEX
  5
2B1
330
1DD
100
AcDbEntity
  8
1_ANYTOOL_1MMDEEP_LABELS_S
100
AcDbVertex
100
AcDb2dVertex
 10
22.39961588849752
 20
-3.364955357506119
 30
0.0000000001665406
  0
VERTEX
  5
2B2
330
1DD
100
AcDbEntity
  8
1_ANYTOOL_1MMDEEP_LABELS_S
100
AcDbVertex
100
AcDb2dVertex
 10
22.61113932599759
 20
-3.104840960184568
 30
0.0000000001665406
  0
VERTEX
  5
2B3
330
1DD
100
AcDbEntity
  8
1_ANYTOOL_1MMDEEP_LABELS_S
100
AcDbVertex
100
AcDb2dVertex
 10
22.82919178135479
 20
-2.854185268220164
 30
0.0000000001665406
  0
VERTEX
  5
2B4
330
1DD
100
AcDbEntity
  8
1_ANYTOOL_1MMDEEP_LABELS_S
100
AcDbVertex
100
AcDb2dVertex
 10
23.05377325456914
 20
-2.612988281612907
 30
0.0000000001665406
  0
VERTEX
  5
2B5
330
1DD
100
AcDbEntity
  8
1_ANYTOOL_1MMDEEP_LABELS_S
100
AcDbVertex
100
AcDb2dVertex
 10
23.28488374564063
 20
-2.381250000362797
 30
0.0000000001665406
  0
VERTEX
  5
2B6
330
1DD
100
AcDbEntity
  8
1_ANYTOOL_1MMDEEP_LABELS_S
100
AcDbVertex
100
AcDb2dVertex
 10
23.4028873728728
 20
-2.268927874246673
 30
0.0000000001665406
  0
VERTEX
  5
2B7
330
1DD
100
AcDbEntity
  8
1_ANYTOOL_1MMDEEP_LABELS_S
100
AcDbVertex
100
AcDb2dVertex
 10
23.52252325456925
 20
-2.158970424469835
 30
0.0000000001665406
  0
VERTEX
  5
2B8
330
1DD
100
AcDbEntity
  8
1_ANYTOOL_1MMDEEP_LABELS_S
100
AcDbVertex
100
AcDb2dVertex
 10
23.64379139072999
 20
-2.051377651032285
 30
0.0000000001665406
  0
VERTEX
  5
2B9
330
1DD
100
AcDbEntity
  8
1_ANYTOOL_1MMDEEP_LABELS_S
100
AcDbVertex
100
AcDb2dVertex
 10
23.76669178135502
 20
-1.946149553934021
 30
0.0000000001665406
  0
VERTEX
  5
2BA
330
1DD
100
AcDbEntity
  8
1_ANYTOOL_1MMDEEP_LABELS_S
100
AcDbVertex
100
AcDb2dVertex
 10
23.89122442644433
 20
-1.843286133175043
 30
0.0000000001665406
  0
VERTEX
  5
2BB
330
1DD
100
AcDbEntity
  8
1_ANYTOOL_1MMDEEP_LABELS_S
100
AcDbVertex
100
AcDb2dVertex
 10
24.01738932599793
 20
-1.742787388755353
 30
0.0000000001665406
  0
VERTEX
  5
2BC
330
1DD
100
AcDbEntity
  8
1_ANYTOOL_1MMDEEP_LABELS_S
100
AcDbVertex
100
AcDb2dVertex
 10
24.14518648001581
 20
-1.64465332067495
 30
0.0000000001665406
  0
VERTEX
  5
2BD
330
1DD
100
AcDbEntity
  8
1_ANYTOOL_1MMDEEP_LABELS_S
100
AcDbVertex
100
AcDb2dVertex
 10
24.27461588849798
 20
-1.548883928933833
 30
0.0000000001665406
  0
VERTEX
  5
2BE
330
1DD
100
AcDbEntity
  8
1_ANYTOOL_1MMDEEP_LABELS_S
100
AcDbVertex
100
AcDb2dVertex
 10
24.40567755144443
 20
-1.455479213532003
 30
0.0000000001665406
  0
VERTEX
  5
2BF
330
1DD
100
AcDbEntity
  8
1_ANYTOOL_1MMDEEP_LABELS_S
100
AcDbVertex
100
AcDb2dVertex
 10
24.53837146885516
 20
-1.36443917446946
 30
0.0000000001665406
  0
VERTEX
  5
2C0
330
1DD
100
AcDbEntity
  8
1_ANYTOOL_1MMDEEP_LABELS_S
100
AcDbVertex
100
AcDb2dVertex
 10
24.67269764073018
 20
-1.275763811746204
 30
0.0000000001665406
  0
VERTEX
  5
2C1
330
1DD
100
AcDbEntity
  8
1_ANYTOOL_1MMDEEP_LABELS_S
100
AcDbVertex
100
AcDb2dVertex
 10
24.80865606706949
 20
-1.189453125362235
 30
0.0000000001665406
  0
VERTEX
  5
2C2
330
1DD
100
AcDbEntity
  8
1_ANYTOOL_1MMDEEP_LABELS_S
100
AcDbVertex
100
AcDb2dVertex
 10
24.94624674787308
 20
-1.105507115317552
 30
0.0000000001665406
  0
VERTEX
  5
2C3
330
1DD
100
AcDbEntity
  8
1_ANYTOOL_1MMDEEP_LABELS_S
100
AcDbVertex
100
AcDb2dVertex
 10
25.08546968314096
 20
-1.023925781612157
 30
0.0000000001665406
  0
VERTEX
  5
2C4
330
1DD
100
AcDbEntity
  8
1_ANYTOOL_1MMDEEP_LABELS_S
100
AcDbVertex
100
AcDb2dVertex
 10
25.22632487287312
 20
-0.9447091242460477
 30
0.0000000001665406
  0
VERTEX
  5
2C5
330
1DD
100
AcDbEntity
  8
1_ANYTOOL_1MMDEEP_LABELS_S
100
AcDbVertex
100
AcDb2dVertex
 10
25.36881231706957
 20
-0.8678571432192257
 30
0.0000000001665406
  0
VERTEX
  5
2C6
330
1DD
100
AcDbEntity
  8
1_ANYTOOL_1MMDEEP_LABELS_S
100
AcDbVertex
100
AcDb2dVertex
 10
25.5129320157303
 20
-0.7933698385316905
 30
0.0000000001665406
  0
VERTEX
  5
2C7
330
1DD
100
AcDbEntity
  8
1_ANYTOOL_1MMDEEP_LABELS_S
100
AcDbVertex
100
AcDb2dVertex
 10
25.65868396885532
 20
-0.7212472101834422
 30
0.0000000001665406
  0
VERTEX
  5
2C8
330
1DD
100
AcDbEntity
  8
1_ANYTOOL_1MMDEEP_LABELS_S
100
AcDbVertex
100
AcDb2dVertex
 10
25.95508463849821
 20
-0.584095982504806
 30
0.0000000001665406
  0
VERTEX
  5
2C9
330
1DD
100
AcDbEntity
  8
1_ANYTOOL_1MMDEEP_LABELS_S
100
AcDbVertex
100
AcDb2dVertex
 10
26.25801432599824
 20
-0.4564034601833171
 30
0.0000000001665406
  0
VERTEX
  5
2CA
330
1DD
100
AcDbEntity
  8
1_ANYTOOL_1MMDEEP_LABELS_S
100
AcDbVertex
100
AcDb2dVertex
 10
26.56747303135541
 20
-0.3381696432189756
 30
0.0000000001665406
  0
VERTEX
  5
2CB
330
1DD
100
AcDbEntity
  8
1_ANYTOOL_1MMDEEP_LABELS_S
100
AcDbVertex
100
AcDb2dVertex
 10
26.88346075456971
 20
-0.2293945316117814
 30
0.0000000001665406
  0
VERTEX
  5
2CC
330
1DD
100
AcDbEntity
  8
1_ANYTOOL_1MMDEEP_LABELS_S
100
AcDbVertex
100
AcDb2dVertex
 10
27.20597749564116
 20
-0.1300781253617345
 30
0.0000000001665406
  0
VERTEX
  5
2CD
330
1DD
100
AcDbEntity
  8
1_ANYTOOL_1MMDEEP_LABELS_S
100
AcDbVertex
100
AcDb2dVertex
 10
27.53502325456975
 20
-0.0402204244688349
 30
0.0000000001665406
  0
VERTEX
  5
2CE
330
1DD
100
AcDbEntity
  8
1_ANYTOOL_1MMDEEP_LABELS_S
100
AcDbVertex
100
AcDb2dVertex
 10
27.87059803135548
 20
0.0401785710669174
 30
0.0000000001665406
  0
VERTEX
  5
2CF
330
1DD
100
AcDbEntity
  8
1_ANYTOOL_1MMDEEP_LABELS_S
100
AcDbVertex
100
AcDb2dVertex
 10
28.21270182599836
 20
0.1111188612455223
 30
0.0000000001665406
  0
VERTEX
  5
2D0
330
1DD
100
AcDbEntity
  8
1_ANYTOOL_1MMDEEP_LABELS_S
100
AcDbVertex
100
AcDb2dVertex
 10
28.56133463849837
 20
0.1726004460669799
 30
0.0000000001665406
  0
VERTEX
  5
2D1
330
1DD
100
AcDbEntity
  8
1_ANYTOOL_1MMDEEP_LABELS_S
100
AcDbVertex
100
AcDb2dVertex
 10
28.91649646885552
 20
0.2246233255312902
 30
0.0000000001665406
  0
VERTEX
  5
2D2
330
1DD
100
AcDbEntity
  8
1_ANYTOOL_1MMDEEP_LABELS_S
100
AcDbVertex
100
AcDb2dVertex
 10
29.27818731706981
 20
0.2671874996384531
 30
0.0000000001665406
  0
VERTEX
  5
2D3
330
1DD
100
AcDbEntity
  8
1_ANYTOOL_1MMDEEP_LABELS_S
100
AcDbVertex
100
AcDb2dVertex
 10
29.64640718314124
 20
0.3002929683884688
 30
0.0000000001665406
  0
VERTEX
  5
2D4
330
1DD
100
AcDbEntity
  8
1_ANYTOOL_1MMDEEP_LABELS_S
100
AcDbVertex
100
AcDb2dVertex
 10
30.02115606706981
 20
0.3239397317813371
 30
0.0000000001665406
  0
VERTEX
  5
2D5
330
1DD
100
AcDbEntity
  8
1_ANYTOOL_1MMDEEP_LABELS_S
100
AcDbVertex
100
AcDb2dVertex
 10
30.40243396885552
 20
0.338127789817058
 30
0.0000000001665406
  0
SEQEND
  5
2D6
330
1DD
100
AcDbEntity
  8
1_ANYTOOL_1MMDEEP_LABELS_S
  0
LINE
  5
2D7
330
1F
100
AcDbEntity
  8
1_ANYTOOL_1MMDEEP_LABELS_S
100
AcDbLine
 10
14.71881231707084
 20
-16.11428571464785
 30
0.0000000001665406
 11
5.933098031353438
 21
-16.20000000036089
 31
0.0000000001665406
  0
POLYLINE
  5
2D8
330
1F
100
AcDbEntity
  8
1_ANYTOOL_1MMDEEP_LABELS_S
100
AcDb2dPolyline
 66
     1
 10
0.0
 20
0.0
 30
0.0000000001665406
  0
VERTEX
  5
2D9
330
2D8
100
AcDbEntity
  8
1_ANYTOOL_1MMDEEP_LABELS_S
100
AcDbVertex
100
AcDb2dVertex
 10
-29.63833054007409
 20
-0.0000000003637979
 30
0.0000000001665406
  0
VERTEX
  5
2DA
330
2D8
100
AcDbEntity
  8
1_ANYTOOL_1MMDEEP_LABELS_S
100
AcDbVertex
100
AcDb2dVertex
 10
-21.92404482578786
 20
-30.0000000003638
 30
0.0000000001665406
  0
VERTEX
  5
2DB
330
2D8
100
AcDbEntity
  8
1_ANYTOOL_1MMDEEP_LABELS_S
100
AcDbVertex
100
AcDb2dVertex
 10
-13.48118768292989
 20
-0.9000000003652531
 30
0.0000000001665406
  0
VERTEX
  5
2DC
330
2D8
100
AcDbEntity
  8
1_ANYTOOL_1MMDEEP_LABELS_S
100
AcDbVertex
100
AcDb2dVertex
 10
-4.995473397215392
 20
-30.0000000003638
 30
0.0000000001665406
  0
VERTEX
  5
2DD
330
2D8
100
AcDbEntity
  8
1_ANYTOOL_1MMDEEP_LABELS_S
100
AcDbVertex
100
AcDb2dVertex
 10
2.504526602784608
 20
-0.0000000003637979
 30
0.0000000001665406
  0
SEQEND
  5
2DE
330
2D8
100
AcDbEntity
  8
1_ANYTOOL_1MMDEEP_LABELS_S
  0
LINE
  5
2DF
330
1F
100
AcDbEntity
  8
1_ANYTOOL_1MMDEEP_LABELS_S
100
AcDbLine
 10
148.2913844534996
 20
-0.4714285717927851
 30
0.0000000001665406
 11
147.9670832303163
 21
-31.24285714321741
 31
0.0000000001665406
  0
POLYLINE
  5
2E1
330
1F
100
AcDbEntity
  8
4_ANYTOOL_CUTTHROUGH_OUTSI
100
AcDb2dPolyline
 66
     1
 10
0.0
 20
0.0
 30
0.0
 70
     1
  0
VERTEX
  5
2E2
330
2E1
100
AcDbEntity
  8
4_ANYTOOL_CUTTHROUGH_OUTSI
100
AcDbVertex
100
AcDb2dVertex
 10
72.24999999996362
 20
74.74999999998545
 30
0.0
  0
VERTEX
  5
2E3
330
2E1
100
AcDbEntity
  8
4_ANYTOOL_CUTTHROUGH_OUTSI
100
AcDbVertex
100
AcDb2dVertex
 10
281.7500000000509
 20
74.74999999995634
 30
0.0
  0
VERTEX
  5
2E4
330
2E1
100
AcDbEntity
  8
4_ANYTOOL_CUTTHROUGH_OUTSI
100
AcDbVertex
100
AcDb2dVertex
 10
281.7500000000073
 20
37.24999999996362
 30
0.0
  0
VERTEX
  5
2E5
330
2E1
100
AcDbEntity
  8
4_ANYTOOL_CUTTHROUGH_OUTSI
100
AcDbVertex
100
AcDb2dVertex
 10
276.0000000000073
 20
37.24999999996362
 30
0.0
 42
0.4142135623518327
  0
VERTEX
  5
2E6
330
2E1
100
AcDbEntity
  8
4_ANYTOOL_CUTTHROUGH_OUTSI
100
AcDbVertex
100
AcDb2dVertex
 10
275.7500000000109
 20
36.99999999996362
 30
0.0
  0
VERTEX
  5
2E7
330
2E1
100
AcDbEntity
  8
4_ANYTOOL_CUTTHROUGH_OUTSI
100
AcDbVertex
100
AcDb2dVertex
 10
275.7499999999964
 20
24.99999999995634
 30
0.0
 42
0.4142135623261755
  0
VERTEX
  5
2E8
330
2E1
100
AcDbEntity
  8
4_ANYTOOL_CUTTHROUGH_OUTSI
100
AcDbVertex
100
AcDb2dVertex
 10
275.9999999999964
 20
24.74999999995998
 30
0.0
  0
VERTEX
  5
2E9
330
2E1
100
AcDbEntity
  8
4_ANYTOOL_CUTTHROUGH_OUTSI
100
AcDbVertex
100
AcDb2dVertex
 10
299.7499999999964
 20
24.74999999995634
 30
0.0
  0
VERTEX
  5
2EA
330
2E1
100
AcDbEntity
  8
4_ANYTOOL_CUTTHROUGH_OUTSI
100
AcDbVertex
100
AcDb2dVertex
 10
299.7499999999818
 20
-24.75000000004366
 30
0.0
  0
VERTEX
  5
2EB
330
2E1
100
AcDbEntity
  8
4_ANYTOOL_CUTTHROUGH_OUTSI
100
AcDbVertex
100
AcDb2dVertex
 10
275.9999999999818
 20
-24.75000000003638
 30
0.0
 42
0.4142135623560464
  0
VERTEX
  5
2EC
330
2E1
100
AcDbEntity
  8
4_ANYTOOL_CUTTHROUGH_OUTSI
100
AcDbVertex
100
AcDb2dVertex
 10
275.7499999999818
 20
-25.00000000003638
 30
0.0
  0
VERTEX
  5
2ED
330
2E1
100
AcDbEntity
  8
4_ANYTOOL_CUTTHROUGH_OUTSI
100
AcDbVertex
100
AcDb2dVertex
 10
275.7499999999818
 20
-37.00000000003638
 30
0.0
 42
0.414213562330449
  0
VERTEX
  5
2EE
330
2E1
100
AcDbEntity
  8
4_ANYTOOL_CUTTHROUGH_OUTSI
100
AcDbVertex
100
AcDb2dVertex
 10
275.9999999999818
 20
-37.2500000000291
 30
0.0
  0
VERTEX
  5
2EF
330
2E1
100
AcDbEntity
  8
4_ANYTOOL_CUTTHROUGH_OUTSI
100
AcDbVertex
100
AcDb2dVertex
 10
281.7499999999818
 20
-37.2500000000291
 30
0.0
  0
VERTEX
  5
2F0
330
2E1
100
AcDbEntity
  8
4_ANYTOOL_CUTTHROUGH_OUTSI
100
AcDbVertex
100
AcDb2dVertex
 10
281.7500000000218
 20
-74.75000000002183
 30
0.0
  0
VERTEX
  5
2F1
330
2E1
100
AcDbEntity
  8
4_ANYTOOL_CUTTHROUGH_OUTSI
100
AcDbVertex
100
AcDb2dVertex
 10
72.24999999993452
 20
-74.75000000000728
 30
0.0
  0
VERTEX
  5
2F2
330
2E1
100
AcDbEntity
  8
4_ANYTOOL_CUTTHROUGH_OUTSI
100
AcDbVertex
100
AcDb2dVertex
 10
72.24999999993452
 20
-69.00000000000728
 30
0.0
 42
0.4142135623560464
  0
VERTEX
  5
2F3
330
2E1
100
AcDbEntity
  8
4_ANYTOOL_CUTTHROUGH_OUTSI
100
AcDbVertex
100
AcDb2dVertex
 10
71.99999999993452
 20
-68.75000000000728
 30
0.0
  0
VERTEX
  5
2F4
330
2E1
100
AcDbEntity
  8
4_ANYTOOL_CUTTHROUGH_OUTSI
100
AcDbVertex
100
AcDb2dVertex
 10
59.99999999993452
 20
-68.75000000000728
 30
0.0
 42
0.4142135623645835
  0
VERTEX
  5
2F5
330
2E1
100
AcDbEntity
  8
4_ANYTOOL_CUTTHROUGH_OUTSI
100
AcDbVertex
100
AcDb2dVertex
 10
59.74999999992724
 20
-69.00000000000728
 30
0.0
  0
VERTEX
  5
2F6
330
2E1
100
AcDbEntity
  8
4_ANYTOOL_CUTTHROUGH_OUTSI
100
AcDbVertex
100
AcDb2dVertex
 10
59.74999999993088
 20
-92.74999999999272
 30
0.0
  0
VERTEX
  5
2F7
330
2E1
100
AcDbEntity
  8
4_ANYTOOL_CUTTHROUGH_OUTSI
100
AcDbVertex
100
AcDb2dVertex
 10
-59.75000000006548
 20
-92.7499999999709
 30
0.0
  0
VERTEX
  5
2F8
330
2E1
100
AcDbEntity
  8
4_ANYTOOL_CUTTHROUGH_OUTSI
100
AcDbVertex
100
AcDb2dVertex
 10
-59.75000000006548
 20
-68.99999999997817
 30
0.0
 42
0.4142135623049005
  0
VERTEX
  5
2F9
330
2E1
100
AcDbEntity
  8
4_ANYTOOL_CUTTHROUGH_OUTSI
100
AcDbVertex
100
AcDb2dVertex
 10
-60.00000000006548
 20
-68.74999999997817
 30
0.0
  0
VERTEX
  5
2FA
330
2E1
100
AcDbEntity
  8
4_ANYTOOL_CUTTHROUGH_OUTSI
100
AcDbVertex
100
AcDb2dVertex
 10
-72.00000000006548
 20
-68.7499999999709
 30
0.0
 42
0.4142135623688206
  0
VERTEX
  5
2FB
330
2E1
100
AcDbEntity
  8
4_ANYTOOL_CUTTHROUGH_OUTSI
100
AcDbVertex
100
AcDb2dVertex
 10
-72.25000000006185
 20
-68.9999999999709
 30
0.0
  0
VERTEX
  5
2FC
330
2E1
100
AcDbEntity
  8
4_ANYTOOL_CUTTHROUGH_OUTSI
100
AcDbVertex
100
AcDb2dVertex
 10
-72.25000000006548
 20
-74.74999999996362
 30
0.0
  0
VERTEX
  5
2FD
330
2E1
100
AcDbEntity
  8
4_ANYTOOL_CUTTHROUGH_OUTSI
100
AcDbVertex
100
AcDb2dVertex
 10
-281.7499999999854
 20
-74.74999999994907
 30
0.0
  0
VERTEX
  5
2FE
330
2E1
100
AcDbEntity
  8
4_ANYTOOL_CUTTHROUGH_OUTSI
100
AcDbVertex
100
AcDb2dVertex
 10
-281.7500000000109
 20
-37.24999999995634
 30
0.0
  0
VERTEX
  5
2FF
330
2E1
100
AcDbEntity
  8
4_ANYTOOL_CUTTHROUGH_OUTSI
100
AcDbVertex
100
AcDb2dVertex
 10
-276.0000000000109
 20
-37.24999999996362
 30
0.0
 42
0.4142135623518345
  0
VERTEX
  5
300
330
2E1
100
AcDbEntity
  8
4_ANYTOOL_CUTTHROUGH_OUTSI
100
AcDbVertex
100
AcDb2dVertex
 10
-275.75
 20
-36.99999999996362
 30
0.0
  0
VERTEX
  5
301
330
2E1
100
AcDbEntity
  8
4_ANYTOOL_CUTTHROUGH_OUTSI
100
AcDbVertex
100
AcDb2dVertex
 10
-275.7500000000109
 20
-24.99999999995634
 30
0.0
 42
0.4142135623859126
  0
VERTEX
  5
302
330
2E1
100
AcDbEntity
  8
4_ANYTOOL_CUTTHROUGH_OUTSI
100
AcDbVertex
100
AcDb2dVertex
 10
-276.0000000000109
 20
-24.74999999995271
 30
0.0
  0
VERTEX
  5
303
330
2E1
100
AcDbEntity
  8
4_ANYTOOL_CUTTHROUGH_OUTSI
100
AcDbVertex
100
AcDb2dVertex
 10
-299.7500000000182
 20
-24.74999999994179
 30
0.0
  0
VERTEX
  5
304
330
2E1
100
AcDbEntity
  8
4_ANYTOOL_CUTTHROUGH_OUTSI
100
AcDbVertex
100
AcDb2dVertex
 10
-299.7500000000036
 20
24.75000000005093
 30
0.0
  0
VERTEX
  5
305
330
2E1
100
AcDbEntity
  8
4_ANYTOOL_CUTTHROUGH_OUTSI
100
AcDbVertex
100
AcDb2dVertex
 10
-276.0000000000036
 20
24.75000000005821
 30
0.0
 42
0.4142135623602541
  0
VERTEX
  5
306
330
2E1
100
AcDbEntity
  8
4_ANYTOOL_CUTTHROUGH_OUTSI
100
AcDbVertex
100
AcDb2dVertex
 10
-275.75
 20
25.00000000005821
 30
0.0
  0
VERTEX
  5
307
330
2E1
100
AcDbEntity
  8
4_ANYTOOL_CUTTHROUGH_OUTSI
100
AcDbVertex
100
AcDb2dVertex
 10
-275.75
 20
37.00000000006548
 30
0.0
 42
0.4142135623261731
  0
VERTEX
  5
308
330
2E1
100
AcDbEntity
  8
4_ANYTOOL_CUTTHROUGH_OUTSI
100
AcDbVertex
100
AcDb2dVertex
 10
-276.0
 20
37.25000000006185
 30
0.0
  0
VERTEX
  5
309
330
2E1
100
AcDbEntity
  8
4_ANYTOOL_CUTTHROUGH_OUTSI
100
AcDbVertex
100
AcDb2dVertex
 10
-281.75
 20
37.25000000006548
 30
0.0
  0
VERTEX
  5
30A
330
2E1
100
AcDbEntity
  8
4_ANYTOOL_CUTTHROUGH_OUTSI
100
AcDbVertex
100
AcDb2dVertex
 10
-281.7499999999563
 20
74.75000000005093
 30
0.0
  0
VERTEX
  5
30B
330
2E1
100
AcDbEntity
  8
4_ANYTOOL_CUTTHROUGH_OUTSI
100
AcDbVertex
100
AcDb2dVertex
 10
-72.25000000003638
 20
74.74999999999272
 30
0.0
  0
VERTEX
  5
30C
330
2E1
100
AcDbEntity
  8
4_ANYTOOL_CUTTHROUGH_OUTSI
100
AcDbVertex
100
AcDb2dVertex
 10
-72.25000000003638
 20
68.99999999999272
 30
0.0
 42
0.4142135623816134
  0
VERTEX
  5
30D
330
2E1
100
AcDbEntity
  8
4_ANYTOOL_CUTTHROUGH_OUTSI
100
AcDbVertex
100
AcDb2dVertex
 10
-72.00000000003638
 20
68.74999999998545
 30
0.0
  0
VERTEX
  5
30E
330
2E1
100
AcDbEntity
  8
4_ANYTOOL_CUTTHROUGH_OUTSI
100
AcDbVertex
100
AcDb2dVertex
 10
-60.00000000003638
 20
68.74999999999272
 30
0.0
 42
0.4142135623773651
  0
VERTEX
  5
30F
330
2E1
100
AcDbEntity
  8
4_ANYTOOL_CUTTHROUGH_OUTSI
100
AcDbVertex
100
AcDb2dVertex
 10
-59.75000000004729
 20
68.99999999999272
 30
0.0
  0
VERTEX
  5
310
330
2E1
100
AcDbEntity
  8
4_ANYTOOL_CUTTHROUGH_OUTSI
100
AcDbVertex
100
AcDb2dVertex
 10
-59.75000000003274
 20
92.75
 30
0.0
  0
VERTEX
  5
311
330
2E1
100
AcDbEntity
  8
4_ANYTOOL_CUTTHROUGH_OUTSI
100
AcDbVertex
100
AcDb2dVertex
 10
59.74999999996726
 20
92.7499999999709
 30
0.0
  0
VERTEX
  5
312
330
2E1
100
AcDbEntity
  8
4_ANYTOOL_CUTTHROUGH_OUTSI
100
AcDbVertex
100
AcDb2dVertex
 10
59.74999999996362
 20
68.99999999998545
 30
0.0
 42
0.4142135623347183
  0
VERTEX
  5
313
330
2E1
100
AcDbEntity
  8
4_ANYTOOL_CUTTHROUGH_OUTSI
100
AcDbVertex
100
AcDb2dVertex
 10
59.99999999996362
 20
68.74999999998181
 30
0.0
  0
VERTEX
  5
314
330
2E1
100
AcDbEntity
  8
4_ANYTOOL_CUTTHROUGH_OUTSI
100
AcDbVertex
100
AcDb2dVertex
 10
71.99999999996362
 20
68.74999999998545
 30
0.0
 42
0.4142135623517955
  0
VERTEX
  5
315
330
2E1
100
AcDbEntity
  8
4_ANYTOOL_CUTTHROUGH_OUTSI
100
AcDbVertex
100
AcDb2dVertex
 10
72.24999999995998
 20
68.99999999998545
 30
0.0
  0
SEQEND
  5
316
330
2E1
100
AcDbEntity
  8
4_ANYTOOL_CUTTHROUGH_OUTSI
  0
ENDSEC
  0
SECTION
  2
OBJECTS
  0
DICTIONARY
  5
C
330
0
100
AcDbDictionary
  3
ACAD_GROUP
350
D
  3
ACAD_LAYOUT
350
1A
  3
ACAD_MATERIAL
350
43
  3
ACAD_MLEADERSTYLE
350
5B
  3
ACAD_MLINESTYLE
350
17
  3
ACAD_PLOTSETTINGS
350
19
  3
ACAD_SCALELIST
350
47
  3
ACAD_VISUALSTYLE
350
2A
  3
ACDBHEADERROUNDTRIPXREC
350
317
  3
ACDBVARIABLEDICTIONARY
350
338
  3
DWGPROPS
350
33F
  0
DICTIONARY
  5
340
330
8
100
AcDbDictionary
280
     1
  3
ACAD_XREC_ROUNDTRIP
360
341
  0
DICTIONARY
  5
D
102
{ACAD_REACTORS
330
C
102
}
330
C
100
AcDbDictionary
  0
DICTIONARY
  5
1A
102
{ACAD_REACTORS
330
C
102
}
330
C
100
AcDbDictionary
  0
DICTIONARY
  5
43
102
{ACAD_REACTORS
330
C
102
}
330
C
100
AcDbDictionary
  3
BYBLOCK
350
45
  3
BYLAYER
350
44
  3
GLOBAL
350
46
  0
DICTIONARY
  5
5B
102
{ACAD_REACTORS
330
C
102
}
330
C
100
AcDbDictionary
  3
STANDARD
350
5C
  0
DICTIONARY
  5
17
102
{ACAD_REACTORS
330
C
102
}
330
C
100
AcDbDictionary
  3
STANDARD
350
18
  0
DICTIONARY
  5
19
102
{ACAD_REACTORS
330
C
102
}
330
C
100
AcDbDictionary
  0
DICTIONARY
  5
47
102
{ACAD_REACTORS
330
C
102
}
330
C
100
AcDbDictionary
  3
A0
350
48
  3
A1
350
49
  3
A2
350
4A
  3
A3
350
4B
  3
A4
350
4C
  3
A5
350
4D
  3
A6
350
4E
  3
A7
350
4F
  3
A8
350
50
  3
A9
350
51
  3
B1
350
52
  3
B2
350
53
  3
B3
350
54
  3
B4
350
55
  3
B5
350
56
  3
B6
350
57
  3
B7
350
58
  0
DICTIONARY
  5
2A
102
{ACAD_REACTORS
330
C
102
}
330
C
100
AcDbDictionary
  3
2DWIREFRAME
350
2F
  3
BASIC
350
32
  3
BRIGHTEN
350
36
  3
COLORCHANGE
350
3A
  3
CONCEPTUAL
350
34
  3
DIM
350
35
  3
EDGECOLOROFF
350
3D
  3
FACEPATTERN
350
39
  3
FLAT
350
2B
  3
FLATWITHEDGES
350
2C
  3
GOURAUD
350
2D
  3
GOURAUDWITHEDGES
350
2E
  3
HIDDEN
350
31
  3
JITTEROFF
350
3B
  3
LINEPATTERN
350
38
  3
OVERHANGOFF
350
3C
  3
REALISTIC
350
33
  3
SHADED
350
42
  3
SHADED_WITH_EDGES
350
41
  3
SHADES_OF_GRAY
350
3E
  3
SKETCHY
350
3F
  3
THICKEN
350
37
  3
WIREFRAME
350
30
  3
X-RAY
350
40
  0
DICTIONARY
  5
317
102
{ACAD_REACTORS
330
C
102
}
330
C
100
AcDbDictionary
  3
CEPSNID
350
321
  3
CEPSNTYPE
350
320
  3
DIMSTYLEDATA
350
337
  3
FINGERPRINTGUID
350
322
  3
HYPERLINKBASE
350
31A
  3
INSUNITS
350
31F
  3
LAYOUTDICT
350
31C
  3
LWETCUNION
350
31E
  3
PLOTSETDICT
350
31D
  3
PSVPSCALE
350
324
  3
PUCSBASE
350
327
  3
PUCSORGBACK
350
32D
  3
PUCSORGBOTTOM
350
329
  3
PUCSORGFRONT
350
32C
  3
PUCSORGLEFT
350
32A
  3
PUCSORGRIGHT
350
32B
  3
PUCSORGTOP
350
328
  3
PUCSORTHOREF
350
325
  3
PUCSORTHOVIEW
350
326
  3
STYLESHEET
350
31B
  3
TSTACKALIGN
350
318
  3
TSTACKSIZE
350
319
  3
UCSBASE
350
330
  3
UCSORGBACK
350
336
  3
UCSORGBOTTOM
350
332
  3
UCSORGFRONT
350
335
  3
UCSORGLEFT
350
333
  3
UCSORGRIGHT
350
334
  3
UCSORGTOP
350
331
  3
UCSORTHOREF
350
32E
  3
UCSORTHOVIEW
350
32F
  3
VERSIONGUID
350
323
  0
DICTIONARY
  5
338
102
{ACAD_REACTORS
330
C
102
}
330
C
100
AcDbDictionary
  3
CANNOSCALE
350
342
  3
CMLEADERSTYLE
350
33A
  3
CTABLESTYLE
350
339
  3
DIMASSOC
350
33D
  3
HIDETEXT
350
33E
  3
MSLTSCALE
350
343
  0
XRECORD
  5
33F
102
{ACAD_REACTORS
330
C
102
}
330
C
100
AcDbXrecord
  1
DWGPROPS COOKIE
  2

  3

  4

  6

  7

  8
clayt
  9

300
=
301
=
302
=
303
=
304
=
305
=
306
=
307
=
308
=
309
=
 40
0.0
 41
2461243.609426748
 42
2461243.609426875
  1

 90
        0
  0
XRECORD
  5
341
102
{ACAD_REACTORS
330
340
102
}
330
340
100
AcDbXrecord
102
VTR_0.000_0.000_1.000_1.000_VISUALSTYLE
340
2F
102
VTR_0.000_0.000_1.000_1.000_GRIDDISPLAY
 70
     3
102
VTR_0.000_0.000_1.000_1.000_GRIDMAJOR
 70
     5
102
VTR_0.000_0.000_1.000_1.000_DEFAULTLIGHTING
280
     1
102
VTR_0.000_0.000_1.000_1.000_DEFAULTLIGHTINGTYPE
 70
     1
102
VTR_0.000_0.000_1.000_1.000_BRIGHTNESS
141
0.0
102
VTR_0.000_0.000_1.000_1.000_CONTRAST
142
0.0
  0
MATERIAL
  5
45
102
{ACAD_REACTORS
330
43
102
}
102
{ACAD_XDICTIONARY
360
346
102
}
330
43
100
AcDbMaterial
  1
BYBLOCK
  0
MATERIAL
  5
44
102
{ACAD_REACTORS
330
43
102
}
102
{ACAD_XDICTIONARY
360
344
102
}
330
43
100
AcDbMaterial
  1
BYLAYER
  0
MATERIAL
  5
46
102
{ACAD_REACTORS
330
43
102
}
102
{ACAD_XDICTIONARY
360
348
102
}
330
43
100
AcDbMaterial
  1
GLOBAL
  0
ACAD_PROXY_OBJECT
  5
5C
102
{ACAD_REACTORS
330
5B
102
}
330
5B
100
AcDbProxyObject
 90
      499
 91
      505
 93
      610
310
40901902A4063FBFFFFFE056BD1B81E855B9FC0AD7A3703D0AD73F4214DD185B99185C9900AD7A3703D0AC73F90141901A02B5E8DC0F42B1CFC02B5E8DC0F42B1CFE5764000000000000300FC0
340
14
340
0
340
11
340
0
 94
        0
1001
ACAD_MLEADERVER
1070
     2
  0
MLINESTYLE
  5
18
102
{ACAD_REACTORS
330
17
102
}
330
17
100
AcDbMlineStyle
  2
Standard
 70
     0
  3

 62
   256
 51
90.0
 52
90.0
 71
     2
 49
0.5
 62
   256
  6
BYLAYER
 49
-0.5
 62
   256
  6
BYLAYER
  0
ACAD_PROXY_OBJECT
  5
48
102
{ACAD_REACTORS
330
47
102
}
330
47
100
AcDbProxyObject
 90
      499
 91
      503
 93
       41
310
903313A31580
  0
ACAD_PROXY_OBJECT
  5
49
102
{ACAD_REACTORS
330
47
102
}
330
47
100
AcDbProxyObject
 90
      499
 91
      503
 93
      257
310
90E312F31323822203D2031272D3022000000000000200FC000000000000284000
  0
ACAD_PROXY_OBJECT
  5
4A
102
{ACAD_REACTORS
330
47
102
}
330
47
100
AcDbProxyObject
 90
      499
 91
      503
 93
      249
310
90D312F363422203D2031272D3022000000000000240FC000000000000284000
  0
ACAD_PROXY_OBJECT
  5
4B
102
{ACAD_REACTORS
330
47
102
}
330
47
100
AcDbProxyObject
 90
      499
 91
      503
 93
      249
310
90D312F333222203D2031272D3022000000000000280FC000000000000284000
  0
ACAD_PROXY_OBJECT
  5
4C
102
{ACAD_REACTORS
330
47
102
}
330
47
100
AcDbProxyObject
 90
      499
 91
      503
 93
      249
310
90D312F313622203D2031272D30220000000000002C0FC000000000000284000
  0
ACAD_PROXY_OBJECT
  5
4D
102
{ACAD_REACTORS
330
47
102
}
330
47
100
AcDbProxyObject
 90
      499
 91
      503
 93
      249
310
90D332F333222203D2031272D30220000000000002E0FC000000000000284000
  0
ACAD_PROXY_OBJECT
  5
4E
102
{ACAD_REACTORS
330
47
102
}
330
47
100
AcDbProxyObject
 90
      499
 91
      503
 93
      241
310
90C312F3822203D2031272D3022000000000000300FC000000000000284000
  0
ACAD_PROXY_OBJECT
  5
4F
102
{ACAD_REACTORS
330
47
102
}
330
47
100
AcDbProxyObject
 90
      499
 91
      503
 93
      249
310
90D332F313622203D2031272D3022000000000000320FC000000000000284000
  0
ACAD_PROXY_OBJECT
  5
50
102
{ACAD_REACTORS
330
47
102
}
330
47
100
AcDbProxyObject
 90
      499
 91
      503
 93
      241
310
90C312F3422203D2031272D3022000000000000340FC000000000000284000
  0
ACAD_PROXY_OBJECT
  5
51
102
{ACAD_REACTORS
330
47
102
}
330
47
100
AcDbProxyObject
 90
      499
 91
      503
 93
      241
310
90C332F3822203D2031272D3022000000000000360FC000000000000284000
  0
ACAD_PROXY_OBJECT
  5
52
102
{ACAD_REACTORS
330
47
102
}
330
47
100
AcDbProxyObject
 90
      499
 91
      503
 93
      241
310
90C312F3222203D2031272D3022000000000000380FC000000000000284000
  0
ACAD_PROXY_OBJECT
  5
53
102
{ACAD_REACTORS
330
47
102
}
330
47
100
AcDbProxyObject
 90
      499
 91
      503
 93
      241
310
90C332F3422203D2031272D30220000000000003A0FC000000000000284000
  0
ACAD_PROXY_OBJECT
  5
54
102
{ACAD_REACTORS
330
47
102
}
330
47
100
AcDbProxyObject
 90
      499
 91
      503
 93
      161
310
90A3122203D2031272D30224000000000000284000
  0
ACAD_PROXY_OBJECT
  5
55
102
{ACAD_REACTORS
330
47
102
}
330
47
100
AcDbProxyObject
 90
      499
 91
      503
 93
      257
310
90E312D312F3222203D2031272D30220000000000003E0FC000000000000284000
  0
ACAD_PROXY_OBJECT
  5
56
102
{ACAD_REACTORS
330
47
102
}
330
47
100
AcDbProxyObject
 90
      499
 91
      503
 93
      225
310
90A3322203D2031272D302200000000000002100000000000000284000
  0
ACAD_PROXY_OBJECT
  5
57
102
{ACAD_REACTORS
330
47
102
}
330
47
100
AcDbProxyObject
 90
      499
 91
      503
 93
      225
310
90A3622203D2031272D302200000000000006100000000000000284000
  0
ACAD_PROXY_OBJECT
  5
58
102
{ACAD_REACTORS
330
47
102
}
330
47
100
AcDbProxyObject
 90
      499
 91
      503
 93
      249
310
90D31272D3022203D2031272D30220000000000000A100000000000000284000
  0
ACAD_PROXY_OBJECT
  5
2F
102
{ACAD_REACTORS
330
2A
102
}
330
2A
100
AcDbProxyObject
 90
      499
 91
      501
 93
      436
310
42CC9915DA5C99599C985B595049028333333333333E33F0000000000000F90107901411070040501600405405064090741402480A0340
1001
ACAD
1000
AcDbSavedByObjectVersion
1070
     0
  0
ACAD_PROXY_OBJECT
  5
32
102
{ACAD_REACTORS
330
2A
102
}
330
2A
100
AcDbProxyObject
 90
      499
 91
      501
 93
      388
310
4150985CDA58D07406404333333333333E33F0000000000000F90107A41107004050150841D405064090741402480A0350
1001
ACAD
1000
AcDbSavedByObjectVersion
1070
     0
  0
ACAD_PROXY_OBJECT
  5
36
102
{ACAD_REACTORS
330
2A
102
}
330
2A
100
AcDbProxyObject
 90
      499
 91
      501
 93
      428
310
42109C9A59DA1D195B90C409028333333333333E33F0000000000000F9010790141107004050150841D405064090741402480A029950
1001
ACAD
1000
AcDbSavedByObjectVersion
1070
     0
  0
ACAD_PROXY_OBJECT
  5
3A
102
{ACAD_REACTORS
330
2A
102
}
330
2A
100
AcDbProxyObject
 90
      499
 91
      501
 93
      452
310
42D0DBDB1BDC90DA185B99D95104090240C333333333333E33F0000000000000F90108901411070040501508421405064090741402480A0350
1001
ACAD
1000
AcDbSavedByObjectVersion
1070
     0
  0
ACAD_PROXY_OBJECT
  5
34
102
{ACAD_REACTORS
330
2A
102
}
330
2A
100
AcDbProxyObject
 90
      499
 91
      501
 93
      500
310
4290DBDB98D95C1D1D585B10940D028333333333333E33F0000000000000F90107902409070040501000000000018199010841D405064090740C02480A0340
1001
ACAD
1000
AcDbSavedByObjectVersion
1070
     0
  0
ACAD_PROXY_OBJECT
  5
35
102
{ACAD_REACTORS
330
2A
102
}
330
2A
100
AcDbProxyObject
 90
      499
 91
      501
 93
      412
310
40D11A5B50B409028333333333333E33F0000000000000F9010790141107004050150841D405064090741402480A02677FFFFFD0
1001
ACAD
1000
AcDbSavedByObjectVersion
1070
     0
  0
ACAD_PROXY_OBJECT
  5
3D
102
{ACAD_REACTORS
330
2A
102
}
330
2A
100
AcDbProxyObject
 90
      499
 91
      501
 93
      452
310
43115919D950DBDB1BDC93D999916409028333333333333E33F0000000000000F9010790141107004050150841D405064090741402480A0350
1001
ACAD
1000
AcDbSavedByObjectVersion
1070
     0
  0
ACAD_PROXY_OBJECT
  5
39
102
{ACAD_REACTORS
330
2A
102
}
330
2A
100
AcDbProxyObject
 90
      499
 91
      501
 93
      444
310
42D19858D95C185D1D195C9B90F409028333333333333E33F0000000000000F9010790141107004050150841D405064090741402480A0350
1001
ACAD
1000
AcDbSavedByObjectVersion
1070
     0
  0
ACAD_PROXY_OBJECT
  5
2B
102
{ACAD_REACTORS
330
2A
102
}
330
2A
100
AcDbProxyObject
 90
      499
 91
      501
 93
      380
310
41119B185D240901404333333333333E33F0000000000000F9010740A907004050150841D405064090741402480A1B50
1001
ACAD
1000
AcDbSavedByObjectVersion
1070
     0
  0
ACAD_PROXY_OBJECT
  5
2C
102
{ACAD_REACTORS
330
2A
102
}
330
2A
100
AcDbProxyObject
 90
      499
 91
      501
 93
      468
310
43519B185D15DA5D1A115919D95CD0140901404333333333333E33F0000000000000F90107409019070040501600405405064090741402480A1B50
1001
ACAD
1000
AcDbSavedByObjectVersion
1070
     0
  0
ACAD_PROXY_OBJECT
  5
2D
102
{ACAD_REACTORS
330
2A
102
}
330
2A
100
AcDbProxyObject
 90
      499
 91
      501
 93
      404
310
41D1DBDD5C985D5910240902404333333333333E33F0000000000000F9010740A9070040501641D405064090741402480A1B50
1001
ACAD
1000
AcDbSavedByObjectVersion
1070
     0
  0
ACAD_PROXY_OBJECT
  5
2E
102
{ACAD_REACTORS
330
2A
102
}
330
2A
100
AcDbProxyObject
 90
      499
 91
      501
 93
      492
310
4411DBDD5C985D5915DA5D1A115919D95CD0340902404333333333333E33F0000000000000F90107409019070040501600405405064090741402480A1B50
1001
ACAD
1000
AcDbSavedByObjectVersion
1070
     0
  0
ACAD_PROXY_OBJECT
  5
31
102
{ACAD_REACTORS
330
2A
102
}
330
2A
100
AcDbProxyObject
 90
      499
 91
      501
 93
      476
310
41921A5919195B90640502408333333333333E33F0000000000000F901079024090700405020000000000001110200405405064090740C02480A0340
1001
ACAD
1000
AcDbSavedByObjectVersion
1070
     0
  0
ACAD_PROXY_OBJECT
  5
3B
102
{ACAD_REACTORS
330
2A
102
}
330
2A
100
AcDbProxyObject
 90
      499
 91
      501
 93
      428
310
42529A5D1D195C93D999914409028333333333333E33F0000000000000F9010790141107004050150A41D405064090741402480A0350
1001
ACAD
1000
AcDbSavedByObjectVersion
1070
     0
  0
ACAD_PROXY_OBJECT
  5
38
102
{ACAD_REACTORS
330
2A
102
}
330
2A
100
AcDbProxyObject
 90
      499
 91
      501
 93
      444
310
42D31A5B995C185D1D195C9B90E409028333333333333E33F0000000000000F9010790141107004050750841D405064090741402483A0350
1001
ACAD
1000
AcDbSavedByObjectVersion
1070
     0
  0
ACAD_PROXY_OBJECT
  5
3C
102
{ACAD_REACTORS
330
2A
102
}
330
2A
100
AcDbProxyObject
 90
      499
 91
      501
 93
      444
310
42D3DD995C9A185B99D3D999915409028333333333333E33F0000000000000F9010790141107004050150941D405064090741402480A0350
1001
ACAD
1000
AcDbSavedByObjectVersion
1070
     0
  0
ACAD_PROXY_OBJECT
  5
33
102
{ACAD_REACTORS
330
2A
102
}
330
2A
100
AcDbProxyObject
 90
      499
 91
      501
 93
      428
310
425499585B1A5CDD1A58D08409038333333333333E33F0000000000000F9010740A907004050150800405405064090740C02480A1B40
1001
ACAD
1000
AcDbSavedByObjectVersion
1070
     0
  0
ACAD_PROXY_OBJECT
  5
42
102
{ACAD_REACTORS
330
2A
102
}
330
2A
100
AcDbProxyObject
 90
      499
 91
      501
 93
      420
310
4194DA1859195911B40902404333333333333E33F0000000000000F9010740A41107004050150800405405064090840C02480A0B40
1001
ACAD
1000
AcDbSavedByObjectVersion
1070
     0
  0
ACAD_PROXY_OBJECT
  5
41
102
{ACAD_REACTORS
330
2A
102
}
330
2A
100
AcDbProxyObject
 90
      499
 91
      501
 93
      516
310
4454DA18591959081DDA5D1A08195919D95CD1A40902404333333333333E33F0000000000000F901074090142907004050250800405405064090740C02480A0B40
1001
ACAD
1000
AcDbSavedByObjectVersion
1070
     0
  0
ACAD_PROXY_OBJECT
  5
3E
102
{ACAD_REACTORS
330
2A
102
}
330
2A
100
AcDbProxyObject
 90
      499
 91
      501
 93
      532
310
4394DA1859195CC81BD98811DC985E5174090240C333333333333E33F0000000000000F901079024090741D01000000000000111010841D405064090740C02480A0340
1001
ACAD
1000
AcDbSavedByObjectVersion
1070
     0
  0
ACAD_PROXY_OBJECT
  5
3F
102
{ACAD_REACTORS
330
2A
102
}
330
2A
100
AcDbProxyObject
 90
      499
 91
      501
 93
      476
310
41D4DAD95D18DA1E51840502408333333333333E33F0000000000000F901079024090741D01000000000000111010B41D405064090741802480A0340
1001
ACAD
1000
AcDbSavedByObjectVersion
1070
     0
  0
ACAD_PROXY_OBJECT
  5
37
102
{ACAD_REACTORS
330
2A
102
}
330
2A
100
AcDbProxyObject
 90
      499
 91
      501
 93
      412
310
41D51A1A58DAD95B90D409028333333333333E33F0000000000000F9010790141107004050150C41D405064090741402480A0350
1001
ACAD
1000
AcDbSavedByObjectVersion
1070
     0
  0
ACAD_PROXY_OBJECT
  5
30
102
{ACAD_REACTORS
330
2A
102
}
330
2A
100
AcDbProxyObject
 90
      499
 91
      501
 93
      420
310
4255DA5C99599C985B595059028333333333333E33F0000000000000F90107901411070040501600405405064090740C02480A0340
1001
ACAD
1000
AcDbSavedByObjectVersion
1070
     0
  0
ACAD_PROXY_OBJECT
  5
40
102
{ACAD_REACTORS
330
2A
102
}
330
2A
100
AcDbProxyObject
 90
      499
 91
      501
 93
      404
310
41560B54985E51940902404000000000000E03F0000000000000F9010740501907004050150841D405064090740C02480A1B40
1001
ACAD
1000
AcDbSavedByObjectVersion
1070
     0
  0
XRECORD
  5
321
102
{ACAD_REACTORS
330
317
102
}
330
317
100
AcDbXrecord
340
0
  0
XRECORD
  5
320
102
{ACAD_REACTORS
330
317
102
}
330
317
100
AcDbXrecord
 90
        0
  0
XRECORD
  5
337
102
{ACAD_REACTORS
330
317
102
}
330
317
100
AcDbXrecord
1000
DSTYLE
1002
{
1070
   171
 70
     2
1070
   143
 40
25.4
1070
   274
 70
     2
1070
    41
 40
0.18
1070
   141
 40
0.09
1070
   271
 70
     4
1070
    43
 40
0.38
1070
   278
 70
    46
1070
    44
 40
0.18
1070
    42
 40
0.0625
1070
   147
 40
0.09
1070
    77
 70
     0
1070
   272
 70
     4
1070
    73
 70
     1
1070
   279
 70
     2
1070
   172
 70
     0
1070
    74
 70
     1
1070
   283
 70
     1
1070
   340
340
11
1070
   140
 40
0.18
1070
   284
 70
     0
1070
    78
 70
     0
1002
}
  0
XRECORD
  5
322
102
{ACAD_REACTORS
330
317
102
}
330
317
100
AcDbXrecord
  1
{b8e6a7d2-70b6-4b53-9b4d-a9cc22a7905b}
  0
XRECORD
  5
31A
102
{ACAD_REACTORS
330
317
102
}
330
317
100
AcDbXrecord
  1

  0
XRECORD
  5
31F
102
{ACAD_REACTORS
330
317
102
}
330
317
100
AcDbXrecord
 90
        4
  0
XRECORD
  5
31C
102
{ACAD_REACTORS
330
317
102
}
330
317
100
AcDbXrecord
340
1A
  0
XRECORD
  5
31E
102
{ACAD_REACTORS
330
317
102
}
330
317
100
AcDbXrecord
 90
    10781
  0
XRECORD
  5
31D
102
{ACAD_REACTORS
330
317
102
}
330
317
100
AcDbXrecord
340
19
  0
XRECORD
  5
324
102
{ACAD_REACTORS
330
317
102
}
330
317
100
AcDbXrecord
 40
0.0
  0
XRECORD
  5
327
102
{ACAD_REACTORS
330
317
102
}
330
317
100
AcDbXrecord
340
0
  0
XRECORD
  5
32D
102
{ACAD_REACTORS
330
317
102
}
330
317
100
AcDbXrecord
 10
0.0
 20
0.0
 30
0.0
  0
XRECORD
  5
329
102
{ACAD_REACTORS
330
317
102
}
330
317
100
AcDbXrecord
 10
0.0
 20
0.0
 30
0.0
  0
XRECORD
  5
32C
102
{ACAD_REACTORS
330
317
102
}
330
317
100
AcDbXrecord
 10
0.0
 20
0.0
 30
0.0
  0
XRECORD
  5
32A
102
{ACAD_REACTORS
330
317
102
}
330
317
100
AcDbXrecord
 10
0.0
 20
0.0
 30
0.0
  0
XRECORD
  5
32B
102
{ACAD_REACTORS
330
317
102
}
330
317
100
AcDbXrecord
 10
0.0
 20
0.0
 30
0.0
  0
XRECORD
  5
328
102
{ACAD_REACTORS
330
317
102
}
330
317
100
AcDbXrecord
 10
0.0
 20
0.0
 30
0.0
  0
XRECORD
  5
325
102
{ACAD_REACTORS
330
317
102
}
330
317
100
AcDbXrecord
340
0
  0
XRECORD
  5
326
102
{ACAD_REACTORS
330
317
102
}
330
317
100
AcDbXrecord
 70
     0
  0
XRECORD
  5
31B
102
{ACAD_REACTORS
330
317
102
}
330
317
100
AcDbXrecord
  1

  0
XRECORD
  5
318
102
{ACAD_REACTORS
330
317
102
}
330
317
100
AcDbXrecord
 90
        1
  0
XRECORD
  5
319
102
{ACAD_REACTORS
330
317
102
}
330
317
100
AcDbXrecord
 90
       70
  0
XRECORD
  5
330
102
{ACAD_REACTORS
330
317
102
}
330
317
100
AcDbXrecord
340
0
  0
XRECORD
  5
336
102
{ACAD_REACTORS
330
317
102
}
330
317
100
AcDbXrecord
 10
0.0
 20
0.0
 30
0.0
  0
XRECORD
  5
332
102
{ACAD_REACTORS
330
317
102
}
330
317
100
AcDbXrecord
 10
0.0
 20
0.0
 30
0.0
  0
XRECORD
  5
335
102
{ACAD_REACTORS
330
317
102
}
330
317
100
AcDbXrecord
 10
0.0
 20
0.0
 30
0.0
  0
XRECORD
  5
333
102
{ACAD_REACTORS
330
317
102
}
330
317
100
AcDbXrecord
 10
0.0
 20
0.0
 30
0.0
  0
XRECORD
  5
334
102
{ACAD_REACTORS
330
317
102
}
330
317
100
AcDbXrecord
 10
0.0
 20
0.0
 30
0.0
  0
XRECORD
  5
331
102
{ACAD_REACTORS
330
317
102
}
330
317
100
AcDbXrecord
 10
0.0
 20
0.0
 30
0.0
  0
XRECORD
  5
32E
102
{ACAD_REACTORS
330
317
102
}
330
317
100
AcDbXrecord
340
0
  0
XRECORD
  5
32F
102
{ACAD_REACTORS
330
317
102
}
330
317
100
AcDbXrecord
 70
     0
  0
XRECORD
  5
323
102
{ACAD_REACTORS
330
317
102
}
330
317
100
AcDbXrecord
  1
{FAEB1C32-E019-11D5-929B-00C0DF256EC4}
  0
DICTIONARYVAR
  5
342
102
{ACAD_REACTORS
330
338
102
}
330
338
100
DictionaryVariables
280
     0
  1
1:1
  0
DICTIONARYVAR
  5
33A
102
{ACAD_REACTORS
330
338
102
}
330
338
100
DictionaryVariables
280
     0
  1
Standard
  0
DICTIONARYVAR
  5
339
102
{ACAD_REACTORS
330
338
102
}
330
338
100
DictionaryVariables
280
     0
  1
Standard
  0
DICTIONARYVAR
  5
33D
102
{ACAD_REACTORS
330
338
102
}
330
338
100
DictionaryVariables
280
     0
  1
2
  0
DICTIONARYVAR
  5
33E
102
{ACAD_REACTORS
330
338
102
}
330
338
100
DictionaryVariables
280
     0
  1
1
  0
DICTIONARYVAR
  5
343
102
{ACAD_REACTORS
330
338
102
}
330
338
100
DictionaryVariables
280
     0
  1
1
  0
DICTIONARY
  5
346
330
45
100
AcDbDictionary
280
     1
  3
ACAD_XREC_ROUNDTRIP
360
347
  0
DICTIONARY
  5
344
330
44
100
AcDbDictionary
280
     1
  3
ACAD_XREC_ROUNDTRIP
360
345
  0
DICTIONARY
  5
348
330
46
100
AcDbDictionary
280
     1
  3
ACAD_XREC_ROUNDTRIP
360
349
  0
XRECORD
  5
347
102
{ACAD_REACTORS
330
346
102
}
330
346
100
AcDbXrecord
102
MATERIAL
148
0.0
149
0.0
149
0.0
 93
        0
 94
      127
282
     0
 72
     1
 77
     1
171
     1
175
     1
179
     1
273
     0
  0
XRECORD
  5
345
102
{ACAD_REACTORS
330
344
102
}
330
344
100
AcDbXrecord
102
MATERIAL
148
0.0
149
0.0
149
0.0
 93
        0
 94
      127
282
     0
 72
     1
 77
     1
171
     1
175
     1
179
     1
273
     0
  0
XRECORD
  5
349
102
{ACAD_REACTORS
330
348
102
}
330
348
100
AcDbXrecord
102
MATERIAL
148
0.0
149
0.0
149
0.0
 93
        0
 94
      127
282
     0
 72
     1
 77
     1
171
     1
175
     1
179
     1
273
     0
  0
ENDSEC
  0
EOF
