  0
SECTION
  2
HEADER
  9
$ACADVER
  1
AC1021
  9
$ACADMAINTVER
 70
    25
  9
$DWGCODEPAGE
  3
ANSI_1252
  9
$LASTSAVEDBY
  1
gabrielegranello
  9
$INSBASE
 10
0.0
 20
0.0
 30
0.0
  9
$EXTMIN
 10
-406.8987654122883
 20
-338.7770530953921
 30
-0.0000000000000008
  9
$EXTMAX
 10
645.4117433781703
 20
447.2240141751099
 30
0.0000000000000107
  9
$LIMMIN
 10
0.0
 20
0.0
  9
$LIMMAX
 10
12.0
 20
9.0
  9
$ORTHOMODE
 70
     0
  9
$REGENMODE
 70
     1
  9
$FILLMODE
 70
     1
  9
$QTEXTMODE
 70
     0
  9
$MIRRTEXT
 70
     0
  9
$LTSCALE
 40
1.0
  9
$ATTMODE
 70
     1
  9
$TEXTSIZE
 40
0.2
  9
$TRACEWID
 40
0.05
  9
$TEXTSTYLE
  7
Standard
  9
$CLAYER
  8
0
  9
$CELTYPE
  6
ByLayer
  9
$CECOLOR
 62
   256
  9
$CELTSCALE
 40
1.0
  9
$DISPSILH
 70
     0
  9
$DIMSCALE
 40
1.0
  9
$DIMASZ
 40
0.18
  9
$DIMEXO
 40
0.0625
  9
$DIMDLI
 40
0.38
  9
$DIMRND
 40
0.0
  9
$DIMDLE
 40
0.0
  9
$DIMEXE
 40
0.18
  9
$DIMTP
 40
0.0
  9
$DIMTM
 40
0.0
  9
$DIMTXT
 40
0.18
  9
$DIMCEN
 40
0.09
  9
$DIMTSZ
 40
0.0
  9
$DIMTOL
 70
     0
  9
$DIMLIM
 70
     0
  9
$DIMTIH
 70
     1
  9
$DIMTOH
 70
     1
  9
$DIMSE1
 70
     0
  9
$DIMSE2
 70
     0
  9
$DIMTAD
 70
     0
  9
$DIMZIN
 70
     0
  9
$DIMBLK
  1

  9
$DIMASO
 70
     1
  9
$DIMSHO
 70
     1
  9
$DIMPOST
  1

  9
$DIMAPOST
  1

  9
$DIMALT
 70
     0
  9
$DIMALTD
 70
     2
  9
$DIMALTF
 40
25.4
  9
$DIMLFAC
 40
1.0
  9
$DIMTOFL
 70
     0
  9
$DIMTVP
 40
0.0
  9
$DIMTIX
 70
     0
  9
$DIMSOXD
 70
     0
  9
$DIMSAH
 70
     0
  9
$DIMBLK1
  1

  9
$DIMBLK2
  1

  9
$DIMSTYLE
  2
STANDARD_ACAD
  9
$DIMCLRD
 70
     0
  9
$DIMCLRE
 70
     0
  9
$DIMCLRT
 70
     0
  9
$DIMTFAC
 40
1.0
  9
$DIMGAP
 40
0.09
  9
$DIMJUST
 70
     0
  9
$DIMSD1
 70
     0
  9
$DIMSD2
 70
     0
  9
$DIMTOLJ
 70
     1
  9
$DIMTZIN
 70
     0
  9
$DIMALTZ
 70
     0
  9
$DIMALTTZ
 70
     0
  9
$DIMUPT
 70
     0
  9
$DIMDEC
 70
     4
  9
$DIMTDEC
 70
     4
  9
$DIMALTU
 70
     2
  9
$DIMALTTD
 70
     2
  9
$DIMTXSTY
  7
Standard
  9
$DIMAUNIT
 70
     0
  9
$DIMADEC
 70
     0
  9
$DIMALTRND
 40
0.0
  9
$DIMAZIN
 70
     0
  9
$DIMDSEP
 70
    46
  9
$DIMATFIT
 70
     3
  9
$DIMFRAC
 70
     0
  9
$DIMLDRBLK
  1

  9
$DIMLUNIT
 70
     2
  9
$DIMLWD
 70
    -2
  9
$DIMLWE
 70
    -2
  9
$DIMTMOVE
 70
     2
  9
$DIMFXL
 40
1.0
  9
$DIMFXLON
 70
     0
  9
$DIMJOGANG
 40
0.7853981633974483
  9
$DIMTFILL
 70
     0
  9
$DIMTFILLCLR
 70
     0
  9
$DIMARCSYM
 70
     0
  9
$DIMLTYPE
  6

  9
$DIMLTEX1
  6

  9
$DIMLTEX2
  6

  9
$LUNITS
 70
     2
  9
$LUPREC
 70
     3
  9
$SKETCHINC
 40
0.1
  9
$FILLETRAD
 40
0.0
  9
$AUNITS
 70
     0
  9
$AUPREC
 70
     0
  9
$MENU
  1
.
  9
$ELEVATION
 40
0.0
  9
$PELEVATION
 40
0.0
  9
$THICKNESS
 40
0.0
  9
$LIMCHECK
 70
     0
  9
$CHAMFERA
 40
0.0
  9
$CHAMFERB
 40
0.0
  9
$CHAMFERC
 40
0.0
  9
$CHAMFERD
 40
0.0
  9
$SKPOLY
 70
     0
  9
$TDCREATE
 40
2461145.692152338
  9
$TDUCREATE
 40
2461145.650485671
  9
$TDUPDATE
 40
2461145.692152766
  9
$TDUUPDATE
 40
2461145.6504861
  9
$TDINDWG
 40
0.0000000116
  9
$TDUSRTIMER
 40
0.0000000116
  9
$USRTIMER
 70
     1
  9
$ANGBASE
 50
0.0
  9
$ANGDIR
 70
     0
  9
$PDMODE
 70
     0
  9
$PDSIZE
 40
0.0
  9
$PLINEWID
 40
0.0
  9
$SPLFRAME
 70
     0
  9
$SPLINETYPE
 70
     6
  9
$SPLINESEGS
 70
     8
  9
$HANDSEED
  5
221
  9
$SURFTAB1
 70
     6
  9
$SURFTAB2
 70
     6
  9
$SURFTYPE
 70
     6
  9
$SURFU
 70
     6
  9
$SURFV
 70
     6
  9
$UCSBASE
  2

  9
$UCSNAME
  2

  9
$UCSORG
 10
0.0
 20
0.0
 30
0.0
  9
$UCSXDIR
 10
1.0
 20
0.0
 30
0.0
  9
$UCSYDIR
 10
0.0
 20
1.0
 30
0.0
  9
$UCSORTHOREF
  2

  9
$UCSORTHOVIEW
 70
     0
  9
$UCSORGTOP
 10
0.0
 20
0.0
 30
0.0
  9
$UCSORGBOTTOM
 10
0.0
 20
0.0
 30
0.0
  9
$UCSORGLEFT
 10
0.0
 20
0.0
 30
0.0
  9
$UCSORGRIGHT
 10
0.0
 20
0.0
 30
0.0
  9
$UCSORGFRONT
 10
0.0
 20
0.0
 30
0.0
  9
$UCSORGBACK
 10
0.0
 20
0.0
 30
0.0
  9
$PUCSBASE
  2

  9
$PUCSNAME
  2

  9
$PUCSORG
 10
0.0
 20
0.0
 30
0.0
  9
$PUCSXDIR
 10
1.0
 20
0.0
 30
0.0
  9
$PUCSYDIR
 10
0.0
 20
1.0
 30
0.0
  9
$PUCSORTHOREF
  2

  9
$PUCSORTHOVIEW
 70
     0
  9
$PUCSORGTOP
 10
0.0
 20
0.0
 30
0.0
  9
$PUCSORGBOTTOM
 10
0.0
 20
0.0
 30
0.0
  9
$PUCSORGLEFT
 10
0.0
 20
0.0
 30
0.0
  9
$PUCSORGRIGHT
 10
0.0
 20
0.0
 30
0.0
  9
$PUCSORGFRONT
 10
0.0
 20
0.0
 30
0.0
  9
$PUCSORGBACK
 10
0.0
 20
0.0
 30
0.0
  9
$USERI1
 70
     0
  9
$USERI2
 70
     0
  9
$USERI3
 70
     0
  9
$USERI4
 70
     0
  9
$USERI5
 70
     0
  9
$USERR1
 40
0.0
  9
$USERR2
 40
0.0
  9
$USERR3
 40
0.0
  9
$USERR4
 40
0.0
  9
$USERR5
 40
0.0
  9
$WORLDVIEW
 70
     1
  9
$SHADEDGE
 70
     3
  9
$SHADEDIF
 70
    70
  9
$TILEMODE
 70
     1
  9
$MAXACTVP
 70
    64
  9
$PINSBASE
 10
0.0
 20
0.0
 30
0.0
  9
$PLIMCHECK
 70
     0
  9
$PEXTMIN
 10
1.000000000000000E+20
 20
1.000000000000000E+20
 30
1.000000000000000E+20
  9
$PEXTMAX
 10
-1.000000000000000E+20
 20
-1.000000000000000E+20
 30
-1.000000000000000E+20
  9
$PLIMMIN
 10
0.0
 20
0.0
  9
$PLIMMAX
 10
12.0
 20
9.0
  9
$UNITMODE
 70
     0
  9
$VISRETAIN
 70
     1
  9
$PLINEGEN
 70
     0
  9
$PSLTSCALE
 70
     1
  9
$TREEDEPTH
 70
  3020
  9
$CMLSTYLE
  2
Standard
  9
$CMLJUST
 70
     0
  9
$CMLSCALE
 40
1.0
  9
$PROXYGRAPHICS
 70
     1
  9
$MEASUREMENT
 70
     1
  9
$CELWEIGHT
370
    -1
  9
$ENDCAPS
280
     0
  9
$JOINSTYLE
280
     0
  9
$LWDISPLAY
290
     0
  9
$INSUNITS
 70
     4
  9
$HYPERLINKBASE
  1

  9
$STYLESHEET
  1

  9
$XEDIT
290
     1
  9
$CEPSNTYPE
380
     0
  9
$PSTYLEMODE
290
     1
  9
$FINGERPRINTGUID
  2
{7af700ab-ca9c-0a4a-a644-5900163eeea7}
  9
$VERSIONGUID
  2
{FAEB1C32-E019-11D5-929B-00C0DF256EC4}
  9
$EXTNAMES
290
     1
  9
$PSVPSCALE
 40
0.0
  9
$OLESTARTUP
290
     0
  9
$SORTENTS
280
   127
  9
$INDEXCTL
280
     0
  9
$HIDETEXT
280
     1
  9
$XCLIPFRAME
290
     0
  9
$HALOGAP
280
     0
  9
$OBSCOLOR
 70
   257
  9
$OBSLTYPE
280
     0
  9
$INTERSECTIONDISPLAY
280
     0
  9
$INTERSECTIONCOLOR
 70
   257
  9
$DIMASSOC
280
     2
  9
$PROJECTNAME
  1

  9
$CAMERADISPLAY
290
     0
  9
$LENSLENGTH
 40
50.0
  9
$CAMERAHEIGHT
 40
0.0
  9
$STEPSPERSEC
 40
2.0
  9
$STEPSIZE
 40
6.0
  9
$3DDWFPREC
 40
2.0
  9
$PSOLWIDTH
 40
0.25
  9
$PSOLHEIGHT
 40
4.0
  9
$LOFTANG1
 40
1.570796326794897
  9
$LOFTANG2
 40
1.570796326794897
  9
$LOFTMAG1
 40
0.0
  9
$LOFTMAG2
 40
0.0
  9
$LOFTPARAM
 70
     7
  9
$LOFTNORMALS
280
     1
  9
$LATITUDE
 40
37.795
  9
$LONGITUDE
 40
-122.394
  9
$NORTHDIRECTION
 40
0.0
  9
$TIMEZONE
 70
 -8000
  9
$LIGHTGLYPHDISPLAY
280
     1
  9
$TILEMODELIGHTSYNCH
280
     1
  9
$CMATERIAL
347
44
  9
$SOLIDHIST
280
     0
  9
$SHOWHIST
280
     1
  9
$DWFFRAME
280
     2
  9
$DGNFRAME
280
     2
  9
$REALWORLDSCALE
290
     1
  9
$INTERFERECOLOR
 62
   256
  9
$CSHADOW
280
     0
  9
$SHADOWPLANELOCATION
 40
0.0
  0
ENDSEC
  0
SECTION
  2
CLASSES
  0
CLASS
  1
ACDBDICTIONARYWDFLT
  2
AcDbDictionaryWithDefault
  3
ObjectDBX Classes
 90
        0
 91
        3
280
     0
281
     0
  0
CLASS
  1
VISUALSTYLE
  2
AcDbVisualStyle
  3
ObjectDBX Classes
 90
     4095
 91
        3
280
     0
281
     0
  0
CLASS
  1
MATERIAL
  2
AcDbMaterial
  3
ObjectDBX Classes
 90
     1153
 91
        3
280
     0
281
     0
  0
CLASS
  1
SCALE
  2
AcDbScale
  3
ObjectDBX Classes
 90
     1153
 91
        3
280
     0
281
     0
  0
CLASS
  1
TABLESTYLE
  2
AcDbTableStyle
  3
ObjectDBX Classes
 90
     4095
 91
        3
280
     0
281
     0
  0
CLASS
  1
MLEADERSTYLE
  2
AcDbMLeaderStyle
  3
ACDB_MLEADERSTYLE_CLASS
 90
     4095
 91
        3
280
     0
281
     0
  0
CLASS
  1
SUN
  2
AcDbSun
  3
SCENEOE
 90
     1153
 91
        3
280
     0
281
     0
  0
CLASS
  1
DICTIONARYVAR
  2
AcDbDictionaryVar
  3
ObjectDBX Classes
 90
        0
 91
        3
280
     0
281
     0
  0
CLASS
  1
CELLSTYLEMAP
  2
AcDbCellStyleMap
  3
ObjectDBX Classes
 90
     1152
 91
        3
280
     0
281
     0
  0
ENDSEC
  0
SECTION
  2
TABLES
  0
TABLE
  2
VPORT
  5
8
330
0
100
AcDbSymbolTable
 70
     1
  0
VPORT
  5
29
330
8
100
AcDbSymbolTableRecord
100
AcDbViewportTableRecord
  2
*Active
 70
     0
 10
0.0
 20
0.0
 11
1.0
 21
1.0
 12
10.42990654205607
 22
4.5
 13
0.0
 23
0.0
 14
0.5
 24
0.5
 15
0.5
 25
0.5
 16
0.0
 26
0.0
 36
1.0
 17
0.0
 27
0.0
 37
0.0
 40
9.0
 41
1.972972972850329
 42
50.0
 43
0.0
 44
0.0
 50
0.0
 51
0.0
 71
     0
 72
   100
 73
     1
 74
     3
 75
     0
 76
     0
 77
     0
 78
     0
281
     0
 65
     1
110
0.0
120
0.0
130
0.0
111
1.0
121
0.0
131
0.0
112
0.0
122
1.0
132
0.0
 79
     0
146
0.0
348
2F
 60
     3
 61
     5
292
     1
282
     1
141
0.0
142
0.0
 63
   250
361
5D
  0
ENDTAB
  0
TABLE
  2
LTYPE
  5
5
330
0
100
AcDbSymbolTable
 70
     1
  0
LTYPE
  5
14
330
5
100
AcDbSymbolTableRecord
100
AcDbLinetypeTableRecord
  2
ByBlock
 70
     0
  3

 72
    65
 73
     0
 40
0.0
  0
LTYPE
  5
15
330
5
100
AcDbSymbolTableRecord
100
AcDbLinetypeTableRecord
  2
ByLayer
 70
     0
  3

 72
    65
 73
     0
 40
0.0
  0
LTYPE
  5
16
330
5
100
AcDbSymbolTableRecord
100
AcDbLinetypeTableRecord
  2
Continuous
 70
     0
  3
Solid line
 72
    65
 73
     0
 40
0.0
  0
ENDTAB
  0
TABLE
  2
LAYER
  5
2
330
0
100
AcDbSymbolTable
 70
     5
  0
LAYER
  5
10
330
2
100
AcDbSymbolTableRecord
100
AcDbLayerTableRecord
  2
0
 70
     0
 62
     7
  6
Continuous
370
    -3
390
F
347
46
  0
LAYER
  5
5F
330
2
100
AcDbSymbolTableRecord
100
AcDbLayerTableRecord
  2
1_ANYTOOL_1MMDEEP_LABELS_S
 70
     0
 62
     2
420
 16776960
  6
Continuous
370
    -3
390
F
347
46
  0
LAYER
  5
AC
330
2
100
AcDbSymbolTableRecord
100
AcDbLayerTableRecord
  2
5_ANYTOOL_HALF_MILL_9MM_IN
 70
     0
 62
     3
420
    65280
  6
Continuous
370
    -3
390
F
347
46
  0
LAYER
  5
EF
330
2
100
AcDbSymbolTableRecord
100
AcDbLayerTableRecord
  2
3_ANYTOOL_CUTTHROUGH_INSID
 70
     0
 62
     4
420
    65535
  6
Continuous
370
    -3
390
F
347
46
  0
LAYER
  5
102
330
2
100
AcDbSymbolTableRecord
100
AcDbLayerTableRecord
  2
4_ANYTOOL_CUTTHROUGH_OUTSI
 70
     0
 62
     5
420
      255
  6
Continuous
370
    -3
390
F
347
46
  0
ENDTAB
  0
TABLE
  2
STYLE
  5
3
330
0
100
AcDbSymbolTable
 70
     1
  0
STYLE
  5
11
330
3
100
AcDbSymbolTableRecord
100
AcDbTextStyleTableRecord
  2
Standard
 70
     0
 40
0.0
 41
1.0
 50
0.0
 71
     0
 42
0.2
  3
txt
  4

  0
ENDTAB
  0
TABLE
  2
VIEW
  5
6
330
0
100
AcDbSymbolTable
 70
     0
  0
ENDTAB
  0
TABLE
  2
UCS
  5
7
330
0
100
AcDbSymbolTable
 70
     0
  0
ENDTAB
  0
TABLE
  2
APPID
  5
9
330
0
100
AcDbSymbolTable
 70
     3
  0
APPID
  5
12
330
9
100
AcDbSymbolTableRecord
100
AcDbRegAppTableRecord
  2
ACAD
 70
     0
  0
APPID
  5
5E
330
9
100
AcDbSymbolTableRecord
100
AcDbRegAppTableRecord
  2
Rhino
 70
     0
  0
APPID
  5
219
330
9
100
AcDbSymbolTableRecord
100
AcDbRegAppTableRecord
  2
ACAD_MLEADERVER
 70
     0
  0
ENDTAB
  0
TABLE
  2
DIMSTYLE
  5
A
330
0
100
AcDbSymbolTable
 70
     1
100
AcDbDimStyleTable
  0
DIMSTYLE
105
27
330
A
100
AcDbSymbolTableRecord
100
AcDbDimStyleTableRecord
  2
STANDARD_ACAD
 70
     0
178
     0
340
11
  0
ENDTAB
  0
TABLE
  2
BLOCK_RECORD
  5
1
330
0
100
AcDbSymbolTable
 70
     1
  0
BLOCK_RECORD
  5
1F
330
1
100
AcDbSymbolTableRecord
100
AcDbBlockTableRecord
  2
*Model_Space
340
22
 70
     0
280
     1
281
     0
  0
BLOCK_RECORD
  5
1B
330
1
100
AcDbSymbolTableRecord
100
AcDbBlockTableRecord
  2
*Paper_Space
340
1E
 70
     0
280
     1
281
     0
  0
BLOCK_RECORD
  5
23
330
1
100
AcDbSymbolTableRecord
100
AcDbBlockTableRecord
  2
*Paper_Space0
340
26
 70
     0
280
     1
281
     0
  0
ENDTAB
  0
ENDSEC
  0
SECTION
  2
BLOCKS
  0
BLOCK
  5
20
330
1F
100
AcDbEntity
  8
0
100
AcDbBlockBegin
  2
*Model_Space
 70
     0
 10
0.0
 20
0.0
 30
0.0
  3
*Model_Space
  1

  0
ENDBLK
  5
21
330
1F
100
AcDbEntity
  8
0
100
AcDbBlockEnd
  0
BLOCK
  5
1C
330
1B
100
AcDbEntity
 67
     1
  8
0
100
AcDbBlockBegin
  2
*Paper_Space
 70
     0
 10
0.0
 20
0.0
 30
0.0
  3
*Paper_Space
  1

  0
ENDBLK
  5
1D
330
1B
100
AcDbEntity
 67
     1
  8
0
100
AcDbBlockEnd
  0
BLOCK
  5
24
330
23
100
AcDbEntity
  8
0
100
AcDbBlockBegin
  2
*Paper_Space0
 70
     0
 10
0.0
 20
0.0
 30
0.0
  3
*Paper_Space0
  1

  0
ENDBLK
  5
25
330
23
100
AcDbEntity
  8
0
100
AcDbBlockEnd
  0
ENDSEC
  0
SECTION
  2
ENTITIES
  0
POLYLINE
  5
60
330
1F
100
AcDbEntity
  8
1_ANYTOOL_1MMDEEP_LABELS_S
100
AcDb2dPolyline
 66
     1
 10
0.0
 20
0.0
 30
0.0
  0
VERTEX
  5
61
330
60
100
AcDbEntity
  8
1_ANYTOOL_1MMDEEP_LABELS_S
100
AcDbVertex
100
AcDb2dVertex
 10
-112.0391113117585
 20
-16.19999999999709
 30
0.0
  0
VERTEX
  5
62
330
60
100
AcDbEntity
  8
1_ANYTOOL_1MMDEEP_LABELS_S
100
AcDbVertex
100
AcDb2dVertex
 10
-102.2676827403302
 20
-16.24285714286088
 30
0.0
  0
VERTEX
  5
63
330
60
100
AcDbEntity
  8
1_ANYTOOL_1MMDEEP_LABELS_S
100
AcDbVertex
100
AcDb2dVertex
 10
-103.2855398831875
 20
-22.16785714285652
 30
0.0
  0
VERTEX
  5
64
330
60
100
AcDbEntity
  8
1_ANYTOOL_1MMDEEP_LABELS_S
100
AcDbVertex
100
AcDb2dVertex
 10
-104.4292898831876
 20
-24.52767857142499
 30
0.0
  0
VERTEX
  5
65
330
60
100
AcDbEntity
  8
1_ANYTOOL_1MMDEEP_LABELS_S
100
AcDbVertex
100
AcDb2dVertex
 10
-105.9962541689019
 20
-26.48571428570722
 30
0.0
  0
VERTEX
  5
66
330
60
100
AcDbEntity
  8
1_ANYTOOL_1MMDEEP_LABELS_S
100
AcDbVertex
100
AcDb2dVertex
 10
-109.6712541689017
 20
-29.13214285714275
 30
0.0
  0
VERTEX
  5
67
330
60
100
AcDbEntity
  8
1_ANYTOOL_1MMDEEP_LABELS_S
100
AcDbVertex
100
AcDb2dVertex
 10
-113.6676827403298
 20
-30.0428571428638
 30
0.0
  0
VERTEX
  5
68
330
60
100
AcDbEntity
  8
1_ANYTOOL_1MMDEEP_LABELS_S
100
AcDbVertex
100
AcDb2dVertex
 10
-115.7007184546158
 20
-29.83928571428896
 30
0.0
  0
VERTEX
  5
69
330
60
100
AcDbEntity
  8
1_ANYTOOL_1MMDEEP_LABELS_S
100
AcDbVertex
100
AcDb2dVertex
 10
-117.6426827403302
 20
-29.18571428571522
 30
0.0
  0
VERTEX
  5
6A
330
60
100
AcDbEntity
  8
1_ANYTOOL_1MMDEEP_LABELS_S
100
AcDbVertex
100
AcDb2dVertex
 10
-121.2533970260447
 20
-26.52857142857101
 30
0.0
  0
VERTEX
  5
6B
330
60
100
AcDbEntity
  8
1_ANYTOOL_1MMDEEP_LABELS_S
100
AcDbVertex
100
AcDb2dVertex
 10
-122.7533970260448
 20
-24.50625000000036
 30
0.0
  0
VERTEX
  5
6C
330
60
100
AcDbEntity
  8
1_ANYTOOL_1MMDEEP_LABELS_S
100
AcDbVertex
100
AcDb2dVertex
 10
-123.8248255974734
 20
-21.99642857143044
 30
0.0
  0
VERTEX
  5
6D
330
60
100
AcDbEntity
  8
1_ANYTOOL_1MMDEEP_LABELS_S
100
AcDbVertex
100
AcDb2dVertex
 10
-124.6819684546163
 20
-15.51428571429278
 30
0.0
  0
VERTEX
  5
6E
330
60
100
AcDbEntity
  8
1_ANYTOOL_1MMDEEP_LABELS_S
100
AcDbVertex
100
AcDb2dVertex
 10
-124.0176827403304
 20
-10.17857142857611
 30
0.0
  0
VERTEX
  5
6F
330
60
100
AcDbEntity
  8
1_ANYTOOL_1MMDEEP_LABELS_S
100
AcDbVertex
100
AcDb2dVertex
 10
-122.024825597473
 20
-5.057142857142026
 30
0.0
  0
VERTEX
  5
70
330
60
100
AcDbEntity
  8
1_ANYTOOL_1MMDEEP_LABELS_S
100
AcDbVertex
100
AcDb2dVertex
 10
-120.4471470260445
 20
-2.844642857142389
 30
0.0
  0
VERTEX
  5
71
330
60
100
AcDbEntity
  8
1_ANYTOOL_1MMDEEP_LABELS_S
100
AcDbVertex
100
AcDb2dVertex
 10
-118.4141113117589
 20
-1.264285714285506
 30
0.0
  0
VERTEX
  5
72
330
60
100
AcDbEntity
  8
1_ANYTOOL_1MMDEEP_LABELS_S
100
AcDbVertex
100
AcDb2dVertex
 10
-115.9257184546162
 20
-0.3160714285713766
 30
0.0
  0
VERTEX
  5
73
330
60
100
AcDbEntity
  8
1_ANYTOOL_1MMDEEP_LABELS_S
100
AcDbVertex
100
AcDb2dVertex
 10
-112.9819684546164
 20
0.0
 30
0.0
  0
VERTEX
  5
74
330
60
100
AcDbEntity
  8
1_ANYTOOL_1MMDEEP_LABELS_S
100
AcDbVertex
100
AcDb2dVertex
 10
-109.7248255974732
 20
-0.5678571428579744
 30
0.0
  0
VERTEX
  5
75
330
60
100
AcDbEntity
  8
1_ANYTOOL_1MMDEEP_LABELS_S
100
AcDbVertex
100
AcDb2dVertex
 10
-107.1533970260443
 20
-2.271428571431898
 30
0.0
  0
VERTEX
  5
76
330
60
100
AcDbEntity
  8
1_ANYTOOL_1MMDEEP_LABELS_S
100
AcDbVertex
100
AcDb2dVertex
 10
-103.46768274033
 20
-7.414285714286962
 30
0.0
  0
SEQEND
  5
77
330
60
100
AcDbEntity
  8
1_ANYTOOL_1MMDEEP_LABELS_S
  0
LINE
  5
78
330
1F
100
AcDbEntity
  8
1_ANYTOOL_1MMDEEP_LABELS_S
100
AcDbLine
 10
-89.15339702604433
 20
-16.11428571428405
 30
0.0
 11
-97.939111311759
 21
-16.19999999999709
 31
0.0
  0
POLYLINE
  5
79
330
1F
100
AcDbEntity
  8
1_ANYTOOL_1MMDEEP_LABELS_S
100
AcDb2dPolyline
 66
     1
 10
0.0
 20
0.0
 30
0.0
  0
VERTEX
  5
7A
330
79
100
AcDbEntity
  8
1_ANYTOOL_1MMDEEP_LABELS_S
100
AcDbVertex
100
AcDb2dVertex
 10
-66.91053988318708
 20
-4.585714285713038
 30
0.0
  0
VERTEX
  5
7B
330
79
100
AcDbEntity
  8
1_ANYTOOL_1MMDEEP_LABELS_S
100
AcDbVertex
100
AcDb2dVertex
 10
-67.1167898831871
 20
-3.195535714287871
 30
0.0
  0
VERTEX
  5
7C
330
79
100
AcDbEntity
  8
1_ANYTOOL_1MMDEEP_LABELS_S
100
AcDbVertex
100
AcDb2dVertex
 10
-67.73553988318713
 20
-2.067857142861612
 30
0.0
  0
VERTEX
  5
7D
330
79
100
AcDbEntity
  8
1_ANYTOOL_1MMDEEP_LABELS_S
100
AcDbVertex
100
AcDb2dVertex
 10
-68.76678988318719
 20
-1.202678571434262
 30
0.0
  0
VERTEX
  5
7E
330
79
100
AcDbEntity
  8
1_ANYTOOL_1MMDEEP_LABELS_S
100
AcDbVertex
100
AcDb2dVertex
 10
-70.21053988318727
 20
-0.6000000000058208
 30
0.0
  0
VERTEX
  5
7F
330
79
100
AcDbEntity
  8
1_ANYTOOL_1MMDEEP_LABELS_S
100
AcDbVertex
100
AcDb2dVertex
 10
-76.29625416890212
 20
0.3428571428521536
 30
0.0
  0
VERTEX
  5
80
330
79
100
AcDbEntity
  8
1_ANYTOOL_1MMDEEP_LABELS_S
100
AcDbVertex
100
AcDb2dVertex
 10
-79.26411131175905
 20
-0.1178571428608848
 30
0.0
  0
VERTEX
  5
81
330
79
100
AcDbEntity
  8
1_ANYTOOL_1MMDEEP_LABELS_S
100
AcDbVertex
100
AcDb2dVertex
 10
-81.91053988318708
 20
-1.5
 30
0.0
  0
VERTEX
  5
82
330
79
100
AcDbEntity
  8
1_ANYTOOL_1MMDEEP_LABELS_S
100
AcDbVertex
100
AcDb2dVertex
 10
-82.99803988318718
 20
-2.49910714285852
 30
0.0
  0
VERTEX
  5
83
330
79
100
AcDbEntity
  8
1_ANYTOOL_1MMDEEP_LABELS_S
100
AcDbVertex
100
AcDb2dVertex
 10
-83.77482559747295
 20
-3.69642857143117
 30
0.0
  0
VERTEX
  5
84
330
79
100
AcDbEntity
  8
1_ANYTOOL_1MMDEEP_LABELS_S
100
AcDbVertex
100
AcDb2dVertex
 10
-84.24089702604442
 20
-5.09196428571795
 30
0.0
  0
VERTEX
  5
85
330
79
100
AcDbEntity
  8
1_ANYTOOL_1MMDEEP_LABELS_S
100
AcDbVertex
100
AcDb2dVertex
 10
-84.39625416890158
 20
-6.685714285718859
 30
0.0
  0
VERTEX
  5
86
330
79
100
AcDbEntity
  8
1_ANYTOOL_1MMDEEP_LABELS_S
100
AcDbVertex
100
AcDb2dVertex
 10
-84.21946845461588
 20
-8.303571428576106
 30
0.0
  0
VERTEX
  5
87
330
79
100
AcDbEntity
  8
1_ANYTOOL_1MMDEEP_LABELS_S
100
AcDbVertex
100
AcDb2dVertex
 10
-83.68911131175878
 20
-9.68571428571886
 30
0.0
  0
VERTEX
  5
88
330
79
100
AcDbEntity
  8
1_ANYTOOL_1MMDEEP_LABELS_S
100
AcDbVertex
100
AcDb2dVertex
 10
-82.80518274033028
 20
-10.83214285714712
 30
0.0
  0
VERTEX
  5
89
330
79
100
AcDbEntity
  8
1_ANYTOOL_1MMDEEP_LABELS_S
100
AcDbVertex
100
AcDb2dVertex
 10
-75.39625416890158
 20
-14.57142857143481
 30
0.0
  0
VERTEX
  5
8A
330
79
100
AcDbEntity
  8
1_ANYTOOL_1MMDEEP_LABELS_S
100
AcDbVertex
100
AcDb2dVertex
 10
-69.35339702604415
 20
-17.48571428570722
 30
0.0
  0
VERTEX
  5
8B
330
79
100
AcDbEntity
  8
1_ANYTOOL_1MMDEEP_LABELS_S
100
AcDbVertex
100
AcDb2dVertex
 10
-68.19089702604424
 20
-18.46874999999454
 30
0.0
  0
VERTEX
  5
8C
330
79
100
AcDbEntity
  8
1_ANYTOOL_1MMDEEP_LABELS_S
100
AcDbVertex
100
AcDb2dVertex
 10
-67.40339702604433
 20
-19.70357142856665
 30
0.0
  0
VERTEX
  5
8D
330
79
100
AcDbEntity
  8
1_ANYTOOL_1MMDEEP_LABELS_S
100
AcDbVertex
100
AcDb2dVertex
 10
-66.99089702604442
 20
-21.19017857142353
 30
0.0
  0
VERTEX
  5
8E
330
79
100
AcDbEntity
  8
1_ANYTOOL_1MMDEEP_LABELS_S
100
AcDbVertex
100
AcDb2dVertex
 10
-67.26411131175888
 20
-24.67499999999836
 30
0.0
  0
VERTEX
  5
8F
330
79
100
AcDbEntity
  8
1_ANYTOOL_1MMDEEP_LABELS_S
100
AcDbVertex
100
AcDb2dVertex
 10
-67.8962541689018
 20
-26.18571428571522
 30
0.0
  0
VERTEX
  5
90
330
79
100
AcDbEntity
  8
1_ANYTOOL_1MMDEEP_LABELS_S
100
AcDbVertex
100
AcDb2dVertex
 10
-68.84982559747328
 20
-27.46071428571577
 30
0.0
  0
VERTEX
  5
91
330
79
100
AcDbEntity
  8
1_ANYTOOL_1MMDEEP_LABELS_S
100
AcDbVertex
100
AcDb2dVertex
 10
-70.12482559747332
 20
-28.5
 30
0.0
  0
VERTEX
  5
92
330
79
100
AcDbEntity
  8
1_ANYTOOL_1MMDEEP_LABELS_S
100
AcDbVertex
100
AcDb2dVertex
 10
-73.11411131175896
 20
-29.86071428571449
 30
0.0
  0
VERTEX
  5
93
330
79
100
AcDbEntity
  8
1_ANYTOOL_1MMDEEP_LABELS_S
100
AcDbVertex
100
AcDb2dVertex
 10
-76.33911131175864
 20
-30.34285714285215
 30
0.0
  0
VERTEX
  5
94
330
79
100
AcDbEntity
  8
1_ANYTOOL_1MMDEEP_LABELS_S
100
AcDbVertex
100
AcDb2dVertex
 10
-79.49982559747309
 20
-29.97857142857174
 30
0.0
  0
VERTEX
  5
95
330
79
100
AcDbEntity
  8
1_ANYTOOL_1MMDEEP_LABELS_S
100
AcDbVertex
100
AcDb2dVertex
 10
-82.38196845461607
 20
-28.80000000000291
 30
0.0
  0
VERTEX
  5
96
330
79
100
AcDbEntity
  8
1_ANYTOOL_1MMDEEP_LABELS_S
100
AcDbVertex
100
AcDb2dVertex
 10
-83.58196845461612
 20
-27.91339285714639
 30
0.0
  0
VERTEX
  5
97
330
79
100
AcDbEntity
  8
1_ANYTOOL_1MMDEEP_LABELS_S
100
AcDbVertex
100
AcDb2dVertex
 10
-84.439111311759
 20
-26.83928571428987
 30
0.0
  0
VERTEX
  5
98
330
79
100
AcDbEntity
  8
1_ANYTOOL_1MMDEEP_LABELS_S
100
AcDbVertex
100
AcDb2dVertex
 10
-84.95339702604474
 20
-25.57767857143335
 30
0.0
  0
VERTEX
  5
99
330
79
100
AcDbEntity
  8
1_ANYTOOL_1MMDEEP_LABELS_S
100
AcDbVertex
100
AcDb2dVertex
 10
-85.12482559747332
 20
-24.12857142857683
 30
0.0
  0
SEQEND
  5
9A
330
79
100
AcDbEntity
  8
1_ANYTOOL_1MMDEEP_LABELS_S
  0
LINE
  5
9B
330
1F
100
AcDbEntity
  8
1_ANYTOOL_1MMDEEP_LABELS_S
100
AcDbLine
 10
-54.0962541689014
 20
-16.11428571428405
 30
0.0
 11
-62.88196845461607
 21
-16.19999999999709
 31
0.0
  0
POLYLINE
  5
9C
330
1F
100
AcDbEntity
  8
1_ANYTOOL_1MMDEEP_LABELS_S
100
AcDb2dPolyline
 66
     1
 10
0.0
 20
0.0
 30
0.0
  0
VERTEX
  5
9D
330
9C
100
AcDbEntity
  8
1_ANYTOOL_1MMDEEP_LABELS_S
100
AcDbVertex
100
AcDb2dVertex
 10
-41.96768274033002
 20
-30.0
 30
0.0
  0
VERTEX
  5
9E
330
9C
100
AcDbEntity
  8
1_ANYTOOL_1MMDEEP_LABELS_S
100
AcDbVertex
100
AcDb2dVertex
 10
-41.96768274033002
 20
0.0428571428637952
 30
0.0
  0
VERTEX
  5
9F
330
9C
100
AcDbEntity
  8
1_ANYTOOL_1MMDEEP_LABELS_S
100
AcDbVertex
100
AcDb2dVertex
 10
-42.24357559747295
 20
-1.087499999994179
 30
0.0
  0
VERTEX
  5
A0
330
9C
100
AcDbEntity
  8
1_ANYTOOL_1MMDEEP_LABELS_S
100
AcDbVertex
100
AcDb2dVertex
 10
-42.77125416890158
 20
-2.035714285710128
 30
0.0
  0
VERTEX
  5
A1
330
9C
100
AcDbEntity
  8
1_ANYTOOL_1MMDEEP_LABELS_S
100
AcDbVertex
100
AcDb2dVertex
 10
-43.55071845461589
 20
-2.801785714284051
 30
0.0
  0
VERTEX
  5
A2
330
9C
100
AcDbEntity
  8
1_ANYTOOL_1MMDEEP_LABELS_S
100
AcDbVertex
100
AcDb2dVertex
 10
-44.58196845461589
 20
-3.385714285715949
 30
0.0
  0
VERTEX
  5
A3
330
9C
100
AcDbEntity
  8
1_ANYTOOL_1MMDEEP_LABELS_S
100
AcDbVertex
100
AcDb2dVertex
 10
-48.95339702604451
 20
-4.328571428573923
 30
0.0
  0
SEQEND
  5
A4
330
9C
100
AcDbEntity
  8
1_ANYTOOL_1MMDEEP_LABELS_S
  0
LINE
  5
A5
330
1F
100
AcDbEntity
  8
1_ANYTOOL_1MMDEEP_LABELS_S
100
AcDbLine
 10
-19.25339702604469
 20
-0.4714285714289872
 30
0.0
 11
-36.43911131175901
 21
-31.24285714286088
 31
0.0
  0
POLYLINE
  5
A6
330
1F
100
AcDbEntity
  8
1_ANYTOOL_1MMDEEP_LABELS_S
100
AcDb2dPolyline
 66
     1
 10
0.0
 20
0.0
 30
0.0
  0
VERTEX
  5
A7
330
A6
100
AcDbEntity
  8
1_ANYTOOL_1MMDEEP_LABELS_S
100
AcDbVertex
100
AcDb2dVertex
 10
-17.53911131175846
 20
-30.0
 30
0.0
  0
VERTEX
  5
A8
330
A6
100
AcDbEntity
  8
1_ANYTOOL_1MMDEEP_LABELS_S
100
AcDbVertex
100
AcDb2dVertex
 10
-6.653397026044331
 20
0.0
 30
0.0
  0
VERTEX
  5
A9
330
A6
100
AcDbEntity
  8
1_ANYTOOL_1MMDEEP_LABELS_S
100
AcDbVertex
100
AcDb2dVertex
 10
4.403745831098604
 20
-30.0
 30
0.0
  0
SEQEND
  5
AA
330
A6
100
AcDbEntity
  8
1_ANYTOOL_1MMDEEP_LABELS_S
  0
LINE
  5
AB
330
1F
100
AcDbEntity
  8
1_ANYTOOL_1MMDEEP_LABELS_S
100
AcDbLine
 10
-14.06768274033038
 20
-20.44285714285797
 30
0.0
 11
0.8466029739556689
 21
-20.44285714285797
 31
0.0
  0
POLYLINE
  5
AD
330
1F
100
AcDbEntity
  8
5_ANYTOOL_HALF_MILL_9MM_IN
100
AcDb2dPolyline
 66
     1
 10
0.0
 20
0.0
 30
0.0000000000000019
 70
     1
  0
VERTEX
  5
AE
330
AD
100
AcDbEntity
  8
5_ANYTOOL_HALF_MILL_9MM_IN
100
AcDbVertex
100
AcDb2dVertex
 10
172.9762345835679
 20
-320.275995830234
 30
0.0000000000000019
 42
0.4142135623732736
  0
VERTEX
  5
AF
330
AD
100
AcDbEntity
  8
5_ANYTOOL_HALF_MILL_9MM_IN
100
AcDbVertex
100
AcDb2dVertex
 10
166.9762345835643
 20
-326.275995830234
 30
0.0000000000000019
  0
VERTEX
  5
B0
330
AD
100
AcDbEntity
  8
5_ANYTOOL_HALF_MILL_9MM_IN
100
AcDbVertex
100
AcDb2dVertex
 10
166.9762345835679
 20
-332.7768473199249
 30
0.0000000000000019
 42
0.4142135623732275
  0
VERTEX
  5
B1
330
AD
100
AcDbEntity
  8
5_ANYTOOL_HALF_MILL_9MM_IN
100
AcDbVertex
100
AcDb2dVertex
 10
172.9762345835679
 20
-338.7768473199221
 30
0.0000000000000019
  0
VERTEX
  5
B2
330
AD
100
AcDbEntity
  8
5_ANYTOOL_HALF_MILL_9MM_IN
100
AcDbVertex
100
AcDb2dVertex
 10
236.7262345836007
 20
-338.7768473199249
 30
0.0000000000000019
 42
0.4142135623729644
  0
VERTEX
  5
B3
330
AD
100
AcDbEntity
  8
5_ANYTOOL_HALF_MILL_9MM_IN
100
AcDbVertex
100
AcDb2dVertex
 10
242.7262345835979
 20
-332.7768473199249
 30
0.0000000000000019
  0
VERTEX
  5
B4
330
AD
100
AcDbEntity
  8
5_ANYTOOL_HALF_MILL_9MM_IN
100
AcDbVertex
100
AcDb2dVertex
 10
242.7262345836007
 20
-326.275995830234
 30
0.0000000000000019
 42
0.4142135623733598
  0
VERTEX
  5
B5
330
AD
100
AcDbEntity
  8
5_ANYTOOL_HALF_MILL_9MM_IN
100
AcDbVertex
100
AcDb2dVertex
 10
236.7262345836007
 20
-320.2759958302395
 30
0.0000000000000019
  0
SEQEND
  5
B6
330
AD
100
AcDbEntity
  8
5_ANYTOOL_HALF_MILL_9MM_IN
  0
POLYLINE
  5
B7
330
1F
100
AcDbEntity
  8
5_ANYTOOL_HALF_MILL_9MM_IN
100
AcDb2dPolyline
 66
     1
 10
0.0
 20
0.0
 30
0.0000000000000028
 70
     1
  0
VERTEX
  5
B8
330
B7
100
AcDbEntity
  8
5_ANYTOOL_HALF_MILL_9MM_IN
100
AcDbVertex
100
AcDb2dVertex
 10
421.6482345833581
 20
-282.5268473011047
 30
0.0000000000000028
 42
0.9999999987923768
  0
VERTEX
  5
B9
330
B7
100
AcDbEntity
  8
5_ANYTOOL_HALF_MILL_9MM_IN
100
AcDbVertex
100
AcDb2dVertex
 10
379.1482387804506
 20
-282.526847258584
 30
0.0000000000000028
  0
VERTEX
  5
BA
330
B7
100
AcDbEntity
  8
5_ANYTOOL_HALF_MILL_9MM_IN
100
AcDbVertex
100
AcDb2dVertex
 10
379.1482387803926
 20
-288.7768472583411
 30
0.0000000000000028
  0
VERTEX
  5
BB
330
B7
100
AcDbEntity
  8
5_ANYTOOL_HALF_MILL_9MM_IN
100
AcDbVertex
100
AcDb2dVertex
 10
421.6482345833028
 20
-288.7768473013566
 30
0.0000000000000028
  0
SEQEND
  5
BC
330
B7
100
AcDbEntity
  8
5_ANYTOOL_HALF_MILL_9MM_IN
  0
POLYLINE
  5
BD
330
1F
100
AcDbEntity
  8
5_ANYTOOL_HALF_MILL_9MM_IN
100
AcDb2dPolyline
 66
     1
 10
0.0
 20
0.0
 30
0.0000000000000001
 70
     1
  0
VERTEX
  5
BE
330
BD
100
AcDbEntity
  8
5_ANYTOOL_HALF_MILL_9MM_IN
100
AcDbVertex
100
AcDb2dVertex
 10
579.5696576148976
 20
-320.2758477506577
 30
0.0000000000000001
 42
0.4142135623740257
  0
VERTEX
  5
BF
330
BD
100
AcDbEntity
  8
5_ANYTOOL_HALF_MILL_9MM_IN
100
AcDbVertex
100
AcDb2dVertex
 10
573.5696576149076
 20
-326.2758477506577
 30
0.0000000000000001
  0
VERTEX
  5
C0
330
BD
100
AcDbEntity
  8
5_ANYTOOL_HALF_MILL_9MM_IN
100
AcDbVertex
100
AcDb2dVertex
 10
573.5696576148976
 20
-332.7770530953858
 30
0.0000000000000001
 42
0.4142135623741979
  0
VERTEX
  5
C1
330
BD
100
AcDbEntity
  8
5_ANYTOOL_HALF_MILL_9MM_IN
100
AcDbVertex
100
AcDb2dVertex
 10
579.5696576148976
 20
-338.7770530953921
 30
0.0000000000000001
  0
VERTEX
  5
C2
330
BD
100
AcDbEntity
  8
5_ANYTOOL_HALF_MILL_9MM_IN
100
AcDbVertex
100
AcDb2dVertex
 10
605.8196576148976
 20
-338.7770530953858
 30
0.0000000000000001
 42
0.4142135623734486
  0
VERTEX
  5
C3
330
BD
100
AcDbEntity
  8
5_ANYTOOL_HALF_MILL_9MM_IN
100
AcDbVertex
100
AcDb2dVertex
 10
611.8196576149048
 20
-332.7770530953858
 30
0.0000000000000001
  0
VERTEX
  5
C4
330
BD
100
AcDbEntity
  8
5_ANYTOOL_HALF_MILL_9MM_IN
100
AcDbVertex
100
AcDb2dVertex
 10
611.8196576148976
 20
-326.2758477506577
 30
0.0000000000000001
 42
0.4142135623742912
  0
VERTEX
  5
C5
330
BD
100
AcDbEntity
  8
5_ANYTOOL_HALF_MILL_9MM_IN
100
AcDbVertex
100
AcDb2dVertex
 10
605.8196576148976
 20
-320.2758477506532
 30
0.0000000000000001
  0
SEQEND
  5
C6
330
BD
100
AcDbEntity
  8
5_ANYTOOL_HALF_MILL_9MM_IN
  0
POLYLINE
  5
C7
330
1F
100
AcDbEntity
  8
5_ANYTOOL_HALF_MILL_9MM_IN
100
AcDb2dPolyline
 66
     1
 10
0.0
 20
0.0
 30
0.0000000000000063
 70
     1
  0
VERTEX
  5
C8
330
C7
100
AcDbEntity
  8
5_ANYTOOL_HALF_MILL_9MM_IN
100
AcDbVertex
100
AcDb2dVertex
 10
-339.1487654071288
 20
-17.27599582972471
 30
0.0000000000000063
 42
-0.9999999996567299
  0
VERTEX
  5
C9
330
C7
100
AcDbEntity
  8
5_ANYTOOL_HALF_MILL_9MM_IN
100
AcDbVertex
100
AcDb2dVertex
 10
-339.1487654072234
 20
-59.77599582972834
 30
0.0000000000000063
  0
VERTEX
  5
CA
330
C7
100
AcDbEntity
  8
5_ANYTOOL_HALF_MILL_9MM_IN
100
AcDbVertex
100
AcDb2dVertex
 10
-345.3987654072234
 20
-59.77599582879338
 30
0.0000000000000063
  0
VERTEX
  5
CB
330
C7
100
AcDbEntity
  8
5_ANYTOOL_HALF_MILL_9MM_IN
100
AcDbVertex
100
AcDb2dVertex
 10
-345.3987654072071
 20
-17.27599582870607
 30
0.0000000000000063
  0
SEQEND
  5
CC
330
C7
100
AcDbEntity
  8
5_ANYTOOL_HALF_MILL_9MM_IN
  0
POLYLINE
  5
CD
330
1F
100
AcDbEntity
  8
5_ANYTOOL_HALF_MILL_9MM_IN
100
AcDb2dPolyline
 66
     1
 10
0.0
 20
0.0
 30
0.0000000000000063
 70
     1
  0
VERTEX
  5
CE
330
CD
100
AcDbEntity
  8
5_ANYTOOL_HALF_MILL_9MM_IN
100
AcDbVertex
100
AcDb2dVertex
 10
-339.1487654063012
 20
177.6240041705314
 30
0.0000000000000063
 42
-0.9999999996167566
  0
VERTEX
  5
CF
330
CD
100
AcDbEntity
  8
5_ANYTOOL_HALF_MILL_9MM_IN
100
AcDbVertex
100
AcDb2dVertex
 10
-339.1487654064049
 20
135.1240041705159
 30
0.0000000000000063
  0
VERTEX
  5
D0
330
CD
100
AcDbEntity
  8
5_ANYTOOL_HALF_MILL_9MM_IN
100
AcDbVertex
100
AcDb2dVertex
 10
-345.3987654064049
 20
135.1240041715791
 30
0.0000000000000063
  0
VERTEX
  5
D1
330
CD
100
AcDbEntity
  8
5_ANYTOOL_HALF_MILL_9MM_IN
100
AcDbVertex
100
AcDb2dVertex
 10
-345.3987654063885
 20
177.624004171681
 30
0.0000000000000063
  0
SEQEND
  5
D2
330
CD
100
AcDbEntity
  8
5_ANYTOOL_HALF_MILL_9MM_IN
  0
POLYLINE
  5
D3
330
1F
100
AcDbEntity
  8
5_ANYTOOL_HALF_MILL_9MM_IN
100
AcDb2dPolyline
 66
     1
 10
0.0
 20
0.0
 30
0.0000000000000019
 70
     1
  0
VERTEX
  5
D4
330
D3
100
AcDbEntity
  8
5_ANYTOOL_HALF_MILL_9MM_IN
100
AcDbVertex
100
AcDb2dVertex
 10
-355.773765425849
 20
-320.3338661757152
 30
0.0000000000000019
 42
0.4142135623742022
  0
VERTEX
  5
D5
330
D3
100
AcDbEntity
  8
5_ANYTOOL_HALF_MILL_9MM_IN
100
AcDbVertex
100
AcDb2dVertex
 10
-361.7737654258426
 20
-326.3338661757152
 30
0.0000000000000019
  0
VERTEX
  5
D6
330
D3
100
AcDbEntity
  8
5_ANYTOOL_HALF_MILL_9MM_IN
100
AcDbVertex
100
AcDb2dVertex
 10
-361.773765425849
 20
-332.7759348099644
 30
0.0000000000000019
 42
0.4142135623733121
  0
VERTEX
  5
D7
330
D3
100
AcDbEntity
  8
5_ANYTOOL_HALF_MILL_9MM_IN
100
AcDbVertex
100
AcDb2dVertex
 10
-355.773765425849
 20
-338.7759348099598
 30
0.0000000000000019
  0
VERTEX
  5
D8
330
D3
100
AcDbEntity
  8
5_ANYTOOL_HALF_MILL_9MM_IN
100
AcDbVertex
100
AcDb2dVertex
 10
-329.5237654245757
 20
-338.7759348099644
 30
0.0000000000000019
 42
0.4142135623737631
  0
VERTEX
  5
D9
330
D3
100
AcDbEntity
  8
5_ANYTOOL_HALF_MILL_9MM_IN
100
AcDbVertex
100
AcDb2dVertex
 10
-323.523765424562
 20
-332.7759348099644
 30
0.0000000000000019
  0
VERTEX
  5
DA
330
D3
100
AcDbEntity
  8
5_ANYTOOL_HALF_MILL_9MM_IN
100
AcDbVertex
100
AcDb2dVertex
 10
-323.5237654245757
 20
-326.3338661757152
 30
0.0000000000000019
 42
0.4142135623742933
  0
VERTEX
  5
DB
330
D3
100
AcDbEntity
  8
5_ANYTOOL_HALF_MILL_9MM_IN
100
AcDbVertex
100
AcDb2dVertex
 10
-329.5237654245757
 20
-320.3338661757107
 30
0.0000000000000019
  0
SEQEND
  5
DC
330
D3
100
AcDbEntity
  8
5_ANYTOOL_HALF_MILL_9MM_IN
  0
POLYLINE
  5
DD
330
1F
100
AcDbEntity
  8
5_ANYTOOL_HALF_MILL_9MM_IN
100
AcDb2dPolyline
 66
     1
 10
0.0
 20
0.0
 30
-0.0000000000000008
 70
     1
  0
VERTEX
  5
DE
330
DD
100
AcDbEntity
  8
5_ANYTOOL_HALF_MILL_9MM_IN
100
AcDbVertex
100
AcDb2dVertex
 10
-178.3517633219244
 20
-282.5264215347706
 30
-0.0000000000000008
 42
0.9999999999979455
  0
VERTEX
  5
DF
330
DD
100
AcDbEntity
  8
5_ANYTOOL_HALF_MILL_9MM_IN
100
AcDbVertex
100
AcDb2dVertex
 10
-220.851763321888
 20
-282.5264215347415
 30
-0.0000000000000008
  0
VERTEX
  5
E0
330
DD
100
AcDbEntity
  8
5_ANYTOOL_HALF_MILL_9MM_IN
100
AcDbVertex
100
AcDb2dVertex
 10
-220.8517633219108
 20
-288.7764215347415
 30
-0.0000000000000008
  0
VERTEX
  5
E1
330
DD
100
AcDbEntity
  8
5_ANYTOOL_HALF_MILL_9MM_IN
100
AcDbVertex
100
AcDb2dVertex
 10
-178.3517633219299
 20
-288.7764215347706
 30
-0.0000000000000008
  0
SEQEND
  5
E2
330
DD
100
AcDbEntity
  8
5_ANYTOOL_HALF_MILL_9MM_IN
  0
POLYLINE
  5
E3
330
1F
100
AcDbEntity
  8
5_ANYTOOL_HALF_MILL_9MM_IN
100
AcDb2dPolyline
 66
     1
 10
0.0
 20
0.0
 30
0.0
 70
     1
  0
VERTEX
  5
E4
330
E3
100
AcDbEntity
  8
5_ANYTOOL_HALF_MILL_9MM_IN
100
AcDbVertex
100
AcDb2dVertex
 10
30.55423248100215
 20
-282.525995824064
 30
0.0
 42
0.9999999996384223
  0
VERTEX
  5
E5
330
E3
100
AcDbEntity
  8
5_ANYTOOL_HALF_MILL_9MM_IN
100
AcDbVertex
100
AcDb2dVertex
 10
-11.94576751900149
 20
-282.5259958240931
 30
0.0
  0
VERTEX
  5
E6
330
E3
100
AcDbEntity
  8
5_ANYTOOL_HALF_MILL_9MM_IN
100
AcDbVertex
100
AcDb2dVertex
 10
-11.94576751799104
 20
-288.7759958240931
 30
0.0
  0
VERTEX
  5
E7
330
E3
100
AcDbEntity
  8
5_ANYTOOL_HALF_MILL_9MM_IN
100
AcDbVertex
100
AcDb2dVertex
 10
30.55423248209172
 20
-288.7759958241513
 30
0.0
  0
SEQEND
  5
E8
330
E3
100
AcDbEntity
  8
5_ANYTOOL_HALF_MILL_9MM_IN
  0
POLYLINE
  5
E9
330
1F
100
AcDbEntity
  8
5_ANYTOOL_HALF_MILL_9MM_IN
100
AcDb2dPolyline
 66
     1
 10
0.0
 20
0.0
 30
0.000000000000002
 70
     1
  0
VERTEX
  5
EA
330
E9
100
AcDbEntity
  8
5_ANYTOOL_HALF_MILL_9MM_IN
100
AcDbVertex
100
AcDb2dVertex
 10
-339.1487654039529
 20
-212.1759958290058
 30
0.000000000000002
 42
-0.9999999994947529
  0
VERTEX
  5
EB
330
E9
100
AcDbEntity
  8
5_ANYTOOL_HALF_MILL_9MM_IN
100
AcDbVertex
100
AcDb2dVertex
 10
-339.1487654040848
 20
-254.6759958290158
 30
0.000000000000002
  0
VERTEX
  5
EC
330
E9
100
AcDbEntity
  8
5_ANYTOOL_HALF_MILL_9MM_IN
100
AcDbVertex
100
AcDb2dVertex
 10
-345.3987654040848
 20
-254.6759958276089
 30
0.000000000000002
  0
VERTEX
  5
ED
330
E9
100
AcDbEntity
  8
5_ANYTOOL_HALF_MILL_9MM_IN
100
AcDbVertex
100
AcDb2dVertex
 10
-345.3987654040675
 20
-212.1759958274779
 30
0.000000000000002
  0
SEQEND
  5
EE
330
E9
100
AcDbEntity
  8
5_ANYTOOL_HALF_MILL_9MM_IN
  0
POLYLINE
  5
F0
330
1F
100
AcDbEntity
  8
3_ANYTOOL_CUTTHROUGH_INSID
100
AcDb2dPolyline
 66
     1
 10
0.0
 20
0.0
 30
0.0000000000000089
 70
     1
  0
VERTEX
  5
F1
330
F0
100
AcDbEntity
  8
3_ANYTOOL_CUTTHROUGH_INSID
100
AcDbVertex
100
AcDb2dVertex
 10
-356.1485351425545
 20
438.7240142058727
 30
0.0000000000000089
  0
VERTEX
  5
F2
330
F0
100
AcDbEntity
  8
3_ANYTOOL_CUTTHROUGH_INSID
100
AcDbVertex
100
AcDb2dVertex
 10
-376.1485342823189
 20
438.724014265841
 30
0.0000000000000089
 42
1.000001459668307
  0
VERTEX
  5
F3
330
F0
100
AcDbEntity
  8
3_ANYTOOL_CUTTHROUGH_INSID
100
AcDbVertex
100
AcDb2dVertex
 10
-376.1485351624344
 20
429.2240142658387
 30
0.0000000000000089
  0
VERTEX
  5
F4
330
F0
100
AcDbEntity
  8
3_ANYTOOL_CUTTHROUGH_INSID
100
AcDbVertex
100
AcDb2dVertex
 10
-356.1485263597906
 20
429.2240142058581
 30
0.0000000000000089
 42
1.000000924511072
  0
SEQEND
  5
F5
330
F0
100
AcDbEntity
  8
3_ANYTOOL_CUTTHROUGH_INSID
  0
POLYLINE
  5
F6
330
1F
100
AcDbEntity
  8
3_ANYTOOL_CUTTHROUGH_INSID
100
AcDb2dPolyline
 66
     1
 10
0.0
 20
0.0
 30
0.0000000000000107
 70
     1
  0
VERTEX
  5
F7
330
F6
100
AcDbEntity
  8
3_ANYTOOL_CUTTHROUGH_INSID
100
AcDbVertex
100
AcDb2dVertex
 10
-166.8307697714981
 20
438.7240141757939
 30
0.0000000000000107
  0
VERTEX
  5
F8
330
F6
100
AcDbEntity
  8
3_ANYTOOL_CUTTHROUGH_INSID
100
AcDbVertex
100
AcDb2dVertex
 10
-186.830768911258
 20
438.7240142357767
 30
0.0000000000000107
 42
1.000001459678626
  0
VERTEX
  5
F9
330
F6
100
AcDbEntity
  8
3_ANYTOOL_CUTTHROUGH_INSID
100
AcDbVertex
100
AcDb2dVertex
 10
-186.8307697913907
 20
429.2240142357744
 30
0.0000000000000107
  0
VERTEX
  5
FA
330
F6
100
AcDbEntity
  8
3_ANYTOOL_CUTTHROUGH_INSID
100
AcDbVertex
100
AcDb2dVertex
 10
-166.8307609887434
 20
429.2240141757939
 30
0.0000000000000107
 42
1.00000092452793
  0
SEQEND
  5
FB
330
F6
100
AcDbEntity
  8
3_ANYTOOL_CUTTHROUGH_INSID
  0
POLYLINE
  5
FC
330
1F
100
AcDbEntity
  8
3_ANYTOOL_CUTTHROUGH_INSID
100
AcDb2dPolyline
 66
     1
 10
0.0
 20
0.0
 30
0.0000000000000026
 70
     1
  0
VERTEX
  5
FD
330
FC
100
AcDbEntity
  8
3_ANYTOOL_CUTTHROUGH_INSID
100
AcDbVertex
100
AcDb2dVertex
 10
95.60123458366616
 20
11.47314693937369
 30
0.0000000000000026
  0
VERTEX
  5
FE
330
FC
100
AcDbEntity
  8
3_ANYTOOL_CUTTHROUGH_INSID
100
AcDbVertex
100
AcDb2dVertex
 10
95.60123458364978
 20
-88.52684072278498
 30
0.0000000000000026
 42
1.000000238301236
  0
VERTEX
  5
FF
330
FC
100
AcDbEntity
  8
3_ANYTOOL_CUTTHROUGH_INSID
100
AcDbVertex
100
AcDb2dVertex
 10
126.1012345836546
 20
-88.52684046876675
 30
0.0000000000000026
  0
VERTEX
  5
100
330
FC
100
AcDbEntity
  8
3_ANYTOOL_CUTTHROUGH_INSID
100
AcDbVertex
100
AcDb2dVertex
 10
126.1012345836662
 20
11.47314609105524
 30
0.0000000000000026
 42
1.000000210671678
  0
SEQEND
  5
101
330
FC
100
AcDbEntity
  8
3_ANYTOOL_CUTTHROUGH_INSID
  0
POLYLINE
  5
103
330
1F
100
AcDbEntity
  8
4_ANYTOOL_CUTTHROUGH_OUTSI
100
AcDb2dPolyline
 66
     1
 10
0.0
 20
0.0
 30
0.0
 70
     1
  0
VERTEX
  5
104
330
103
100
AcDbEntity
  8
4_ANYTOOL_CUTTHROUGH_OUTSI
100
AcDbVertex
100
AcDb2dVertex
 10
428.5036720386431
 20
-338.2768449537787
 30
0.0
  0
VERTEX
  5
105
330
103
100
AcDbEntity
  8
4_ANYTOOL_CUTTHROUGH_OUTSI
100
AcDbVertex
100
AcDb2dVertex
 10
428.7386659473987
 20
-336.8819771082235
 30
0.0
  0
VERTEX
  5
106
330
103
100
AcDbEntity
  8
4_ANYTOOL_CUTTHROUGH_OUTSI
100
AcDbVertex
100
AcDb2dVertex
 10
445.6341992229754
 20
-288.60943493183
 30
0.0
  0
VERTEX
  5
107
330
103
100
AcDbEntity
  8
4_ANYTOOL_CUTTHROUGH_OUTSI
100
AcDbVertex
100
AcDb2dVertex
 10
445.6482346339697
 20
-288.5268473256729
 30
0.0
 42
0.4142135623815739
  0
VERTEX
  5
108
330
103
100
AcDbEntity
  8
4_ANYTOOL_CUTTHROUGH_OUTSI
100
AcDbVertex
100
AcDb2dVertex
 10
439.3982346402727
 20
-282.2768473192964
 30
0.0
  0
VERTEX
  5
109
330
103
100
AcDbEntity
  8
4_ANYTOOL_CUTTHROUGH_OUTSI
100
AcDbVertex
100
AcDb2dVertex
 10
361.3982346403345
 20
-282.2768472403695
 30
0.0
 42
0.4142135623797132
  0
VERTEX
  5
10A
330
103
100
AcDbEntity
  8
4_ANYTOOL_CUTTHROUGH_OUTSI
100
AcDbVertex
100
AcDb2dVertex
 10
355.1482346339944
 20
-288.5268472340249
 30
0.0
  0
VERTEX
  5
10B
330
103
100
AcDbEntity
  8
4_ANYTOOL_CUTTHROUGH_OUTSI
100
AcDbVertex
100
AcDb2dVertex
 10
355.1622700448081
 20
-288.6094348402253
 30
0.0
  0
VERTEX
  5
10C
330
103
100
AcDbEntity
  8
4_ANYTOOL_CUTTHROUGH_OUTSI
100
AcDbVertex
100
AcDb2dVertex
 10
372.0613829903314
 20
-336.8930420302204
 30
0.0
  0
VERTEX
  5
10D
330
103
100
AcDbEntity
  8
4_ANYTOOL_CUTTHROUGH_OUTSI
100
AcDbVertex
100
AcDb2dVertex
 10
372.2927972291019
 20
-338.2768472276424
 30
0.0
  0
VERTEX
  5
10E
330
103
100
AcDbEntity
  8
4_ANYTOOL_CUTTHROUGH_OUTSI
100
AcDbVertex
100
AcDb2dVertex
 10
305.1012345835843
 20
-338.2768409148703
 30
0.0
  0
VERTEX
  5
10F
330
103
100
AcDbEntity
  8
4_ANYTOOL_CUTTHROUGH_OUTSI
100
AcDbVertex
100
AcDb2dVertex
 10
305.1012345836125
 20
-314.5268408914126
 30
0.0
 42
0.4142135622825484
  0
VERTEX
  5
110
330
103
100
AcDbEntity
  8
4_ANYTOOL_CUTTHROUGH_OUTSI
100
AcDbVertex
100
AcDb2dVertex
 10
304.8512345836134
 20
-314.2768408914235
 30
0.0
  0
VERTEX
  5
111
330
103
100
AcDbEntity
  8
4_ANYTOOL_CUTTHROUGH_OUTSI
100
AcDbVertex
100
AcDb2dVertex
 10
292.8512345835989
 20
-314.2768408913835
 30
0.0
 42
0.4142135624103559
  0
VERTEX
  5
112
330
103
100
AcDbEntity
  8
4_ANYTOOL_CUTTHROUGH_OUTSI
100
AcDbVertex
100
AcDb2dVertex
 10
292.6012345835961
 20
-314.5268408913835
 30
0.0
  0
VERTEX
  5
113
330
103
100
AcDbEntity
  8
4_ANYTOOL_CUTTHROUGH_OUTSI
100
AcDbVertex
100
AcDb2dVertex
 10
292.6012345836252
 20
-320.2768409227137
 30
0.0
  0
VERTEX
  5
114
330
103
100
AcDbEntity
  8
4_ANYTOOL_CUTTHROUGH_OUTSI
100
AcDbVertex
100
AcDb2dVertex
 10
242.1012345835979
 20
-320.276847254805
 30
0.0
  0
VERTEX
  5
115
330
103
100
AcDbEntity
  8
4_ANYTOOL_CUTTHROUGH_OUTSI
100
AcDbVertex
100
AcDb2dVertex
 10
242.1012345835979
 20
-314.5268472861499
 30
0.0
 42
0.4142135623069961
  0
VERTEX
  5
116
330
103
100
AcDbEntity
  8
4_ANYTOOL_CUTTHROUGH_OUTSI
100
AcDbVertex
100
AcDb2dVertex
 10
241.8512345836007
 20
-314.2768472861544
 30
0.0
  0
VERTEX
  5
117
330
103
100
AcDbEntity
  8
4_ANYTOOL_CUTTHROUGH_OUTSI
100
AcDbVertex
100
AcDb2dVertex
 10
229.8512345836007
 20
-314.2768472860334
 30
0.0
 42
0.4142135624040857
  0
VERTEX
  5
118
330
103
100
AcDbEntity
  8
4_ANYTOOL_CUTTHROUGH_OUTSI
100
AcDbVertex
100
AcDb2dVertex
 10
229.6012345836034
 20
-314.5268472860334
 30
0.0
  0
VERTEX
  5
119
330
103
100
AcDbEntity
  8
4_ANYTOOL_CUTTHROUGH_OUTSI
100
AcDbVertex
100
AcDb2dVertex
 10
229.6012345835834
 20
-338.2768472862226
 30
0.0
  0
VERTEX
  5
11A
330
103
100
AcDbEntity
  8
4_ANYTOOL_CUTTHROUGH_OUTSI
100
AcDbVertex
100
AcDb2dVertex
 10
180.1012345835834
 20
-338.2768473195756
 30
0.0
  0
VERTEX
  5
11B
330
103
100
AcDbEntity
  8
4_ANYTOOL_CUTTHROUGH_OUTSI
100
AcDbVertex
100
AcDb2dVertex
 10
180.1012345835688
 20
-314.5268473197211
 30
0.0
 42
0.4142135623965497
  0
VERTEX
  5
11C
330
103
100
AcDbEntity
  8
4_ANYTOOL_CUTTHROUGH_OUTSI
100
AcDbVertex
100
AcDb2dVertex
 10
179.851234583567
 20
-314.2768473197102
 30
0.0
  0
VERTEX
  5
11D
330
103
100
AcDbEntity
  8
4_ANYTOOL_CUTTHROUGH_OUTSI
100
AcDbVertex
100
AcDb2dVertex
 10
167.851234583567
 20
-314.276847319823
 30
0.0
 42
0.4142135623954857
  0
VERTEX
  5
11E
330
103
100
AcDbEntity
  8
4_ANYTOOL_CUTTHROUGH_OUTSI
100
AcDbVertex
100
AcDb2dVertex
 10
167.601234583577
 20
-314.526847319823
 30
0.0
  0
VERTEX
  5
11F
330
103
100
AcDbEntity
  8
4_ANYTOOL_CUTTHROUGH_OUTSI
100
AcDbVertex
100
AcDb2dVertex
 10
167.6012345835679
 20
-320.2768431458244
 30
0.0
  0
VERTEX
  5
120
330
103
100
AcDbEntity
  8
4_ANYTOOL_CUTTHROUGH_OUTSI
100
AcDbVertex
100
AcDb2dVertex
 10
117.101234581356
 20
-320.2760000038397
 30
0.0
  0
VERTEX
  5
121
330
103
100
AcDbEntity
  8
4_ANYTOOL_CUTTHROUGH_OUTSI
100
AcDbVertex
100
AcDb2dVertex
 10
117.1012345813133
 20
-314.5259958296956
 30
0.0
 42
0.4142135623784517
  0
VERTEX
  5
122
330
103
100
AcDbEntity
  8
4_ANYTOOL_CUTTHROUGH_OUTSI
100
AcDbVertex
100
AcDb2dVertex
 10
116.8512345813115
 20
-314.2759958296983
 30
0.0
  0
VERTEX
  5
123
330
103
100
AcDbEntity
  8
4_ANYTOOL_CUTTHROUGH_OUTSI
100
AcDbVertex
100
AcDb2dVertex
 10
104.8512345813115
 20
-314.2759958297829
 30
0.0
 42
0.4142135623720284
  0
VERTEX
  5
124
330
103
100
AcDbEntity
  8
4_ANYTOOL_CUTTHROUGH_OUTSI
100
AcDbVertex
100
AcDb2dVertex
 10
104.6012345813124
 20
-314.5259958297829
 30
0.0
  0
VERTEX
  5
125
330
103
100
AcDbEntity
  8
4_ANYTOOL_CUTTHROUGH_OUTSI
100
AcDbVertex
100
AcDb2dVertex
 10
104.6012345812997
 20
-338.2759958297247
 30
0.0
  0
VERTEX
  5
126
330
103
100
AcDbEntity
  8
4_ANYTOOL_CUTTHROUGH_OUTSI
100
AcDbVertex
100
AcDb2dVertex
 10
37.40988196347098
 20
-338.275995827411
 30
0.0
  0
VERTEX
  5
127
330
103
100
AcDbEntity
  8
4_ANYTOOL_CUTTHROUGH_OUTSI
100
AcDbVertex
100
AcDb2dVertex
 10
37.64486406793342
 20
-336.8811256238683
 30
0.0
  0
VERTEX
  5
128
330
103
100
AcDbEntity
  8
4_ANYTOOL_CUTTHROUGH_OUTSI
100
AcDbVertex
100
AcDb2dVertex
 10
54.54039729466513
 20
-288.6085834303231
 30
0.0
  0
VERTEX
  5
129
330
103
100
AcDbEntity
  8
4_ANYTOOL_CUTTHROUGH_OUTSI
100
AcDbVertex
100
AcDb2dVertex
 10
54.55443270556871
 20
-288.5259958241368
 30
0.0
 42
0.4142135623825923
  0
VERTEX
  5
12A
330
103
100
AcDbEntity
  8
4_ANYTOOL_CUTTHROUGH_OUTSI
100
AcDbVertex
100
AcDb2dVertex
 10
48.30443270554861
 20
-282.2759958241613
 30
0.0
  0
VERTEX
  5
12B
330
103
100
AcDbEntity
  8
4_ANYTOOL_CUTTHROUGH_OUTSI
100
AcDbVertex
100
AcDb2dVertex
 10
-29.69556729439319
 20
-282.2759958240786
 30
0.0
 42
0.4142135623818771
  0
VERTEX
  5
12C
330
103
100
AcDbEntity
  8
4_ANYTOOL_CUTTHROUGH_OUTSI
100
AcDbVertex
100
AcDb2dVertex
 10
-35.94556729442047
 20
-288.5259958240931
 30
0.0
  0
VERTEX
  5
12D
330
103
100
AcDbEntity
  8
4_ANYTOOL_CUTTHROUGH_OUTSI
100
AcDbVertex
100
AcDb2dVertex
 10
-35.93153188351251
 20
-288.6085834302794
 30
0.0
  0
VERTEX
  5
12E
330
103
100
AcDbEntity
  8
4_ANYTOOL_CUTTHROUGH_OUTSI
100
AcDbVertex
100
AcDb2dVertex
 10
-19.03241889364654
 20
-336.8921906042233
 30
0.0
  0
VERTEX
  5
12F
330
103
100
AcDbEntity
  8
4_ANYTOOL_CUTTHROUGH_OUTSI
100
AcDbVertex
100
AcDb2dVertex
 10
-18.80114811464975
 20
-338.2759958305966
 30
0.0
  0
VERTEX
  5
130
330
103
100
AcDbEntity
  8
4_ANYTOOL_CUTTHROUGH_OUTSI
100
AcDbVertex
100
AcDb2dVertex
 10
-57.3987654204775
 20
-338.275995830365
 30
0.0
  0
VERTEX
  5
131
330
103
100
AcDbEntity
  8
4_ANYTOOL_CUTTHROUGH_OUTSI
100
AcDbVertex
100
AcDb2dVertex
 10
-57.39876542047659
 20
-314.5259958301467
 30
0.0
 42
0.4142135624359919
  0
VERTEX
  5
132
330
103
100
AcDbEntity
  8
4_ANYTOOL_CUTTHROUGH_OUTSI
100
AcDbVertex
100
AcDb2dVertex
 10
-57.64876542047659
 20
-314.2759958301422
 30
0.0
  0
VERTEX
  5
133
330
103
100
AcDbEntity
  8
4_ANYTOOL_CUTTHROUGH_OUTSI
100
AcDbVertex
100
AcDb2dVertex
 10
-69.6487654204766
 20
-314.2759958301467
 30
0.0
 42
0.4142135624061443
  0
VERTEX
  5
134
330
103
100
AcDbEntity
  8
4_ANYTOOL_CUTTHROUGH_OUTSI
100
AcDbVertex
100
AcDb2dVertex
 10
-69.89876542047568
 20
-314.5259958301467
 30
0.0
  0
VERTEX
  5
135
330
103
100
AcDbEntity
  8
4_ANYTOOL_CUTTHROUGH_OUTSI
100
AcDbVertex
100
AcDb2dVertex
 10
-69.89876542047568
 20
-320.2759958301467
 30
0.0
  0
VERTEX
  5
136
330
103
100
AcDbEntity
  8
4_ANYTOOL_CUTTHROUGH_OUTSI
100
AcDbVertex
100
AcDb2dVertex
 10
-120.3987654204757
 20
-320.2759958301904
 30
0.0
  0
VERTEX
  5
137
330
103
100
AcDbEntity
  8
4_ANYTOOL_CUTTHROUGH_OUTSI
100
AcDbVertex
100
AcDb2dVertex
 10
-120.398765420462
 20
-314.5259958301904
 30
0.0
 42
0.4142135623699124
  0
VERTEX
  5
138
330
103
100
AcDbEntity
  8
4_ANYTOOL_CUTTHROUGH_OUTSI
100
AcDbVertex
100
AcDb2dVertex
 10
-120.6487654204611
 20
-314.2759958301885
 30
0.0
  0
VERTEX
  5
139
330
103
100
AcDbEntity
  8
4_ANYTOOL_CUTTHROUGH_OUTSI
100
AcDbVertex
100
AcDb2dVertex
 10
-132.6487654204611
 20
-314.2759958301613
 30
0.0
 42
0.4142135623262432
  0
VERTEX
  5
13A
330
103
100
AcDbEntity
  8
4_ANYTOOL_CUTTHROUGH_OUTSI
100
AcDbVertex
100
AcDb2dVertex
 10
-132.8987654204502
 20
-314.5259958301613
 30
0.0
  0
VERTEX
  5
13B
330
103
100
AcDbEntity
  8
4_ANYTOOL_CUTTHROUGH_OUTSI
100
AcDbVertex
100
AcDb2dVertex
 10
-132.8987654204766
 20
-338.2759971914202
 30
0.0
  0
VERTEX
  5
13C
330
103
100
AcDbEntity
  8
4_ANYTOOL_CUTTHROUGH_OUTSI
100
AcDbVertex
100
AcDb2dVertex
 10
-171.4961087063384
 20
-338.2762072916084
 30
0.0
  0
VERTEX
  5
13D
330
103
100
AcDbEntity
  8
4_ANYTOOL_CUTTHROUGH_OUTSI
100
AcDbVertex
100
AcDb2dVertex
 10
-171.2611359337863
 20
-336.8815513345269
 30
0.0
  0
VERTEX
  5
13E
330
103
100
AcDbEntity
  8
4_ANYTOOL_CUTTHROUGH_OUTSI
100
AcDbVertex
100
AcDb2dVertex
 10
-154.3656027070538
 20
-288.6090091409569
 30
0.0
  0
VERTEX
  5
13F
330
103
100
AcDbEntity
  8
4_ANYTOOL_CUTTHROUGH_OUTSI
100
AcDbVertex
100
AcDb2dVertex
 10
-154.3515672961485
 20
-288.5264215347706
 30
0.0
 42
0.4142135623798234
  0
VERTEX
  5
140
330
103
100
AcDbEntity
  8
4_ANYTOOL_CUTTHROUGH_OUTSI
100
AcDbVertex
100
AcDb2dVertex
 10
-160.6015672961721
 20
-282.2764215347961
 30
0.0
  0
VERTEX
  5
141
330
103
100
AcDbEntity
  8
4_ANYTOOL_CUTTHROUGH_OUTSI
100
AcDbVertex
100
AcDb2dVertex
 10
-238.6015672961139
 20
-282.2764215347124
 30
0.0
 42
0.4142135623757242
  0
VERTEX
  5
142
330
103
100
AcDbEntity
  8
4_ANYTOOL_CUTTHROUGH_OUTSI
100
AcDbVertex
100
AcDb2dVertex
 10
-244.8515672961412
 20
-288.5264215347415
 30
0.0
  0
VERTEX
  5
143
330
103
100
AcDbEntity
  8
4_ANYTOOL_CUTTHROUGH_OUTSI
100
AcDbVertex
100
AcDb2dVertex
 10
-244.8375318852325
 20
-288.6090091409279
 30
0.0
  0
VERTEX
  5
144
330
103
100
AcDbEntity
  8
4_ANYTOOL_CUTTHROUGH_OUTSI
100
AcDbVertex
100
AcDb2dVertex
 10
-227.9384188953663
 20
-336.8926163148863
 30
0.0
  0
VERTEX
  5
145
330
103
100
AcDbEntity
  8
4_ANYTOOL_CUTTHROUGH_OUTSI
100
AcDbVertex
100
AcDb2dVertex
 10
-227.7071482218211
 20
-338.2764191069624
 30
0.0
  0
VERTEX
  5
146
330
103
100
AcDbEntity
  8
4_ANYTOOL_CUTTHROUGH_OUTSI
100
AcDbVertex
100
AcDb2dVertex
 10
-272.1122173765125
 20
-338.2759958297247
 30
0.0
  0
VERTEX
  5
147
330
103
100
AcDbEntity
  8
4_ANYTOOL_CUTTHROUGH_OUTSI
100
AcDbVertex
100
AcDb2dVertex
 10
-294.8987654137545
 20
-338.2759958292154
 30
0.0
  0
VERTEX
  5
148
330
103
100
AcDbEntity
  8
4_ANYTOOL_CUTTHROUGH_OUTSI
100
AcDbVertex
100
AcDb2dVertex
 10
-294.8987654137973
 20
-314.5259958292008
 30
0.0
 42
0.4142135623688096
  0
VERTEX
  5
149
330
103
100
AcDbEntity
  8
4_ANYTOOL_CUTTHROUGH_OUTSI
100
AcDbVertex
100
AcDb2dVertex
 10
-295.1487654137973
 20
-314.2759958291972
 30
0.0
  0
VERTEX
  5
14A
330
103
100
AcDbEntity
  8
4_ANYTOOL_CUTTHROUGH_OUTSI
100
AcDbVertex
100
AcDb2dVertex
 10
-307.1487654138409
 20
-314.2759958291863
 30
0.0
 42
0.4142135623124249
  0
VERTEX
  5
14B
330
103
100
AcDbEntity
  8
4_ANYTOOL_CUTTHROUGH_OUTSI
100
AcDbVertex
100
AcDb2dVertex
 10
-307.3987654138473
 20
-314.5259958291863
 30
0.0
  0
VERTEX
  5
14C
330
103
100
AcDbEntity
  8
4_ANYTOOL_CUTTHROUGH_OUTSI
100
AcDbVertex
100
AcDb2dVertex
 10
-307.3987654138418
 20
-320.2759951358748
 30
0.0
  0
VERTEX
  5
14D
330
103
100
AcDbEntity
  8
4_ANYTOOL_CUTTHROUGH_OUTSI
100
AcDbVertex
100
AcDb2dVertex
 10
-317.8987654256116
 20
-320.2759660122829
 30
0.0
  0
VERTEX
  5
14E
330
103
100
AcDbEntity
  8
4_ANYTOOL_CUTTHROUGH_OUTSI
100
AcDbVertex
100
AcDb2dVertex
 10
-317.8987654258754
 20
-314.52593480832
 30
0.0
 42
0.4142135624305492
  0
VERTEX
  5
14F
330
103
100
AcDbEntity
  8
4_ANYTOOL_CUTTHROUGH_OUTSI
100
AcDbVertex
100
AcDb2dVertex
 10
-318.1487654258854
 20
-314.27593480833
 30
0.0
  0
VERTEX
  5
150
330
103
100
AcDbEntity
  8
4_ANYTOOL_CUTTHROUGH_OUTSI
100
AcDbVertex
100
AcDb2dVertex
 10
-330.1487654258854
 20
-314.2759348088148
 30
0.0
 42
0.4142135623560252
  0
VERTEX
  5
151
330
103
100
AcDbEntity
  8
4_ANYTOOL_CUTTHROUGH_OUTSI
100
AcDbVertex
100
AcDb2dVertex
 10
-330.3987654258854
 20
-314.5259348088293
 30
0.0
  0
VERTEX
  5
152
330
103
100
AcDbEntity
  8
4_ANYTOOL_CUTTHROUGH_OUTSI
100
AcDbVertex
100
AcDb2dVertex
 10
-330.3987654248103
 20
-338.2759348088584
 30
0.0
  0
VERTEX
  5
153
330
103
100
AcDbEntity
  8
4_ANYTOOL_CUTTHROUGH_OUTSI
100
AcDbVertex
100
AcDb2dVertex
 10
-354.8987654248112
 20
-338.2759348099207
 30
0.0
  0
VERTEX
  5
154
330
103
100
AcDbEntity
  8
4_ANYTOOL_CUTTHROUGH_OUTSI
100
AcDbVertex
100
AcDb2dVertex
 10
-354.8987654259045
 20
-314.5259348099062
 30
0.0
 42
0.4142135623666871
  0
VERTEX
  5
155
330
103
100
AcDbEntity
  8
4_ANYTOOL_CUTTHROUGH_OUTSI
100
AcDbVertex
100
AcDb2dVertex
 10
-355.1487654259172
 20
-314.2759348099171
 30
0.0
  0
VERTEX
  5
156
330
103
100
AcDbEntity
  8
4_ANYTOOL_CUTTHROUGH_OUTSI
100
AcDbVertex
100
AcDb2dVertex
 10
-367.1487654259172
 20
-314.2759348105465
 30
0.0
 42
0.4142135624349038
  0
VERTEX
  5
157
330
103
100
AcDbEntity
  8
4_ANYTOOL_CUTTHROUGH_OUTSI
100
AcDbVertex
100
AcDb2dVertex
 10
-367.3987654258972
 20
-314.525934810561
 30
0.0
  0
VERTEX
  5
158
330
103
100
AcDbEntity
  8
4_ANYTOOL_CUTTHROUGH_OUTSI
100
AcDbVertex
100
AcDb2dVertex
 10
-367.3987654256407
 20
-320.2758623040572
 30
0.0
  0
VERTEX
  5
159
330
103
100
AcDbEntity
  8
4_ANYTOOL_CUTTHROUGH_OUTSI
100
AcDbVertex
100
AcDb2dVertex
 10
-394.898765412996
 20
-320.2759946264705
 30
0.0
  0
VERTEX
  5
15A
330
103
100
AcDbEntity
  8
4_ANYTOOL_CUTTHROUGH_OUTSI
100
AcDbVertex
100
AcDb2dVertex
 10
-394.8987654121684
 20
-307.8723489834956
 30
0.0
 42
0.3178372451973596
  0
VERTEX
  5
15B
330
103
100
AcDbEntity
  8
4_ANYTOOL_CUTTHROUGH_OUTSI
100
AcDbVertex
100
AcDb2dVertex
 10
-399.0654320788392
 20
-301.9797924735474
 30
0.0
 42
-0.7071067811962738
  0
VERTEX
  5
15C
330
103
100
AcDbEntity
  8
4_ANYTOOL_CUTTHROUGH_OUTSI
100
AcDbVertex
100
AcDb2dVertex
 10
-399.0654320788527
 20
-279.8237799963653
 30
0.0
 42
0.3178372452017941
  0
VERTEX
  5
15D
330
103
100
AcDbEntity
  8
4_ANYTOOL_CUTTHROUGH_OUTSI
100
AcDbVertex
100
AcDb2dVertex
 10
-394.898765412182
 20
-273.931223486521
 30
0.0
  0
VERTEX
  5
15E
330
103
100
AcDbEntity
  8
4_ANYTOOL_CUTTHROUGH_OUTSI
100
AcDbVertex
100
AcDb2dVertex
 10
-394.8987654078201
 20
-261.5317854695022
 30
0.0
  0
VERTEX
  5
15F
330
103
100
AcDbEntity
  8
4_ANYTOOL_CUTTHROUGH_OUTSI
100
AcDbVertex
100
AcDb2dVertex
 10
-393.5038952037609
 20
-261.7666242678641
 30
0.0
  0
VERTEX
  5
160
330
103
100
AcDbEntity
  8
4_ANYTOOL_CUTTHROUGH_OUTSI
100
AcDbVertex
100
AcDb2dVertex
 10
-345.2313530102738
 20
-278.662157494502
 30
0.0
  0
VERTEX
  5
161
330
103
100
AcDbEntity
  8
4_ANYTOOL_CUTTHROUGH_OUTSI
100
AcDbVertex
100
AcDb2dVertex
 10
-345.148765404092
 20
-278.6761929054054
 30
0.0
 42
0.4142135623723192
  0
VERTEX
  5
162
330
103
100
AcDbEntity
  8
4_ANYTOOL_CUTTHROUGH_OUTSI
100
AcDbVertex
100
AcDb2dVertex
 10
-338.8987654040784
 20
-272.4261929054046
 30
0.0
  0
VERTEX
  5
163
330
103
100
AcDbEntity
  8
4_ANYTOOL_CUTTHROUGH_OUTSI
100
AcDbVertex
100
AcDb2dVertex
 10
-338.8987654040611
 20
-194.4261929054046
 30
0.0
 42
0.4142135623727258
  0
VERTEX
  5
164
330
103
100
AcDbEntity
  8
4_ANYTOOL_CUTTHROUGH_OUTSI
100
AcDbVertex
100
AcDb2dVertex
 10
-345.1487654040711
 20
-188.1761929053555
 30
0.0
  0
VERTEX
  5
165
330
103
100
AcDbEntity
  8
4_ANYTOOL_CUTTHROUGH_OUTSI
100
AcDbVertex
100
AcDb2dVertex
 10
-345.2313530102526
 20
-188.1902283162495
 30
0.0
  0
VERTEX
  5
166
330
103
100
AcDbEntity
  8
4_ANYTOOL_CUTTHROUGH_OUTSI
100
AcDbVertex
100
AcDb2dVertex
 10
-393.5149601842431
 20
-205.0893413061858
 30
0.0
  0
VERTEX
  5
167
330
103
100
AcDbEntity
  8
4_ANYTOOL_CUTTHROUGH_OUTSI
100
AcDbVertex
100
AcDb2dVertex
 10
-394.8987654105802
 20
-205.3206120852088
 30
0.0
  0
VERTEX
  5
168
330
103
100
AcDbEntity
  8
4_ANYTOOL_CUTTHROUGH_OUTSI
100
AcDbVertex
100
AcDb2dVertex
 10
-394.8987654104767
 20
-66.63164111514925
 30
0.0
  0
VERTEX
  5
169
330
103
100
AcDbEntity
  8
4_ANYTOOL_CUTTHROUGH_OUTSI
100
AcDbVertex
100
AcDb2dVertex
 10
-393.5038952068849
 20
-66.86662321959479
 30
0.0
  0
VERTEX
  5
16A
330
103
100
AcDbEntity
  8
4_ANYTOOL_CUTTHROUGH_OUTSI
100
AcDbVertex
100
AcDb2dVertex
 10
-345.2313530134134
 20
-83.76215644627518
 30
0.0
  0
VERTEX
  5
16B
330
103
100
AcDbEntity
  8
4_ANYTOOL_CUTTHROUGH_OUTSI
100
AcDbVertex
100
AcDb2dVertex
 10
-345.1487654072316
 20
-83.77619185717853
 30
0.0
 42
0.4142135623772337
  0
VERTEX
  5
16C
330
103
100
AcDbEntity
  8
4_ANYTOOL_CUTTHROUGH_OUTSI
100
AcDbVertex
100
AcDb2dVertex
 10
-338.8987654072298
 20
-77.52619185711956
 30
0.0
  0
VERTEX
  5
16D
330
103
100
AcDbEntity
  8
4_ANYTOOL_CUTTHROUGH_OUTSI
100
AcDbVertex
100
AcDb2dVertex
 10
-338.8987654072007
 20
0.4738081427931325
 30
0.0
 42
0.4142135623708912
  0
VERTEX
  5
16E
330
103
100
AcDbEntity
  8
4_ANYTOOL_CUTTHROUGH_OUTSI
100
AcDbVertex
100
AcDb2dVertex
 10
-345.1487654072107
 20
6.723808142852249
 30
0.0
  0
VERTEX
  5
16F
330
103
100
AcDbEntity
  8
4_ANYTOOL_CUTTHROUGH_OUTSI
100
AcDbVertex
100
AcDb2dVertex
 10
-345.2313530133924
 20
6.709772731948791
 30
0.0
  0
VERTEX
  5
170
330
103
100
AcDbEntity
  8
4_ANYTOOL_CUTTHROUGH_OUTSI
100
AcDbVertex
100
AcDb2dVertex
 10
-393.5149601873936
 20
-10.18934025800263
 30
0.0
  0
VERTEX
  5
171
330
103
100
AcDbEntity
  8
4_ANYTOOL_CUTTHROUGH_OUTSI
100
AcDbVertex
100
AcDb2dVertex
 10
-394.8987654137283
 20
-10.4206110370328
 30
0.0
  0
VERTEX
  5
172
330
103
100
AcDbEntity
  8
4_ANYTOOL_CUTTHROUGH_OUTSI
100
AcDbVertex
100
AcDb2dVertex
 10
-394.8987654085031
 20
128.2681057394657
 30
0.0
  0
VERTEX
  5
173
330
103
100
AcDbEntity
  8
4_ANYTOOL_CUTTHROUGH_OUTSI
100
AcDbVertex
100
AcDb2dVertex
 10
-393.5038952060465
 20
128.0329805284231
 30
0.0
  0
VERTEX
  5
174
330
103
100
AcDbEntity
  8
4_ANYTOOL_CUTTHROUGH_OUTSI
100
AcDbVertex
100
AcDb2dVertex
 10
-345.2313530125948
 20
111.1374473017495
 30
0.0
  0
VERTEX
  5
175
330
103
100
AcDbEntity
  8
4_ANYTOOL_CUTTHROUGH_OUTSI
100
AcDbVertex
100
AcDb2dVertex
 10
-345.148765406414
 20
111.1234118908464
 30
0.0
 42
0.4142135623800622
  0
VERTEX
  5
176
330
103
100
AcDbEntity
  8
4_ANYTOOL_CUTTHROUGH_OUTSI
100
AcDbVertex
100
AcDb2dVertex
 10
-338.8987654064103
 20
117.3734118909051
 30
0.0
  0
VERTEX
  5
177
330
103
100
AcDbEntity
  8
4_ANYTOOL_CUTTHROUGH_OUTSI
100
AcDbVertex
100
AcDb2dVertex
 10
-338.8987654063822
 20
195.3734118908033
 30
0.0
 42
0.4142135623716469
  0
VERTEX
  5
178
330
103
100
AcDbEntity
  8
4_ANYTOOL_CUTTHROUGH_OUTSI
100
AcDbVertex
100
AcDb2dVertex
 10
-345.1487654063922
 20
201.6234118908751
 30
0.0
  0
VERTEX
  5
179
330
103
100
AcDbEntity
  8
4_ANYTOOL_CUTTHROUGH_OUTSI
100
AcDbVertex
100
AcDb2dVertex
 10
-345.2313530125738
 20
201.6093764799731
 30
0.0
  0
VERTEX
  5
17A
330
103
100
AcDbEntity
  8
4_ANYTOOL_CUTTHROUGH_OUTSI
100
AcDbVertex
100
AcDb2dVertex
 10
-393.5149601865642
 20
184.7102634900366
 30
0.0
  0
VERTEX
  5
17B
330
103
100
AcDbEntity
  8
4_ANYTOOL_CUTTHROUGH_OUTSI
100
AcDbVertex
100
AcDb2dVertex
 10
-394.8987654128877
 20
184.4789927110434
 30
0.0
  0
VERTEX
  5
17C
330
103
100
AcDbEntity
  8
4_ANYTOOL_CUTTHROUGH_OUTSI
100
AcDbVertex
100
AcDb2dVertex
 10
-394.8987654121156
 20
196.8776510160678
 30
0.0
 42
0.3178372451898704
  0
VERTEX
  5
17D
330
103
100
AcDbEntity
  8
4_ANYTOOL_CUTTHROUGH_OUTSI
100
AcDbVertex
100
AcDb2dVertex
 10
-399.0654320787697
 20
202.7702075259878
 30
0.0
 42
-0.7071067811936824
  0
VERTEX
  5
17E
330
103
100
AcDbEntity
  8
4_ANYTOOL_CUTTHROUGH_OUTSI
100
AcDbVertex
100
AcDb2dVertex
 10
-399.065432078765
 20
224.9262200031626
 30
0.0
 42
0.3178372451975152
  0
VERTEX
  5
17F
330
103
100
AcDbEntity
  8
4_ANYTOOL_CUTTHROUGH_OUTSI
100
AcDbVertex
100
AcDb2dVertex
 10
-394.898765412107
 20
230.8187765130278
 30
0.0
  0
VERTEX
  5
180
330
103
100
AcDbEntity
  8
4_ANYTOOL_CUTTHROUGH_OUTSI
100
AcDbVertex
100
AcDb2dVertex
 10
-394.8987654106622
 20
308.223213764737
 30
0.0
  0
VERTEX
  5
181
330
103
100
AcDbEntity
  8
4_ANYTOOL_CUTTHROUGH_OUTSI
100
AcDbVertex
100
AcDb2dVertex
 10
-371.1487654123748
 20
308.2232137647225
 30
0.0
 42
0.4142135623955427
  0
VERTEX
  5
182
330
103
100
AcDbEntity
  8
4_ANYTOOL_CUTTHROUGH_OUTSI
100
AcDbVertex
100
AcDb2dVertex
 10
-370.8987654123848
 20
308.4732137647225
 30
0.0
  0
VERTEX
  5
183
330
103
100
AcDbEntity
  8
4_ANYTOOL_CUTTHROUGH_OUTSI
100
AcDbVertex
100
AcDb2dVertex
 10
-370.8987654123739
 20
320.4732137647079
 30
0.0
 42
0.4142135624828503
  0
VERTEX
  5
184
330
103
100
AcDbEntity
  8
4_ANYTOOL_CUTTHROUGH_OUTSI
100
AcDbVertex
100
AcDb2dVertex
 10
-371.1487654123739
 20
320.7232137647306
 30
0.0
  0
VERTEX
  5
185
330
103
100
AcDbEntity
  8
4_ANYTOOL_CUTTHROUGH_OUTSI
100
AcDbVertex
100
AcDb2dVertex
 10
-376.8987654101693
 20
320.7232137647079
 30
0.0
  0
VERTEX
  5
186
330
103
100
AcDbEntity
  8
4_ANYTOOL_CUTTHROUGH_OUTSI
100
AcDbVertex
100
AcDb2dVertex
 10
-376.898765412323
 20
331.2232137646788
 30
0.0
  0
VERTEX
  5
187
330
103
100
AcDbEntity
  8
4_ANYTOOL_CUTTHROUGH_OUTSI
100
AcDbVertex
100
AcDb2dVertex
 10
-371.1487654123739
 20
331.2232137646788
 30
0.0
 42
0.4142135623219316
  0
VERTEX
  5
188
330
103
100
AcDbEntity
  8
4_ANYTOOL_CUTTHROUGH_OUTSI
100
AcDbVertex
100
AcDb2dVertex
 10
-370.8987654123594
 20
331.4732137646788
 30
0.0
  0
VERTEX
  5
189
330
103
100
AcDbEntity
  8
4_ANYTOOL_CUTTHROUGH_OUTSI
100
AcDbVertex
100
AcDb2dVertex
 10
-370.8987654123594
 20
343.4732137646788
 30
0.0
 42
0.414213562367821
  0
VERTEX
  5
18A
330
103
100
AcDbEntity
  8
4_ANYTOOL_CUTTHROUGH_OUTSI
100
AcDbVertex
100
AcDb2dVertex
 10
-371.1487654123594
 20
343.7232137646834
 30
0.0
  0
VERTEX
  5
18B
330
103
100
AcDbEntity
  8
4_ANYTOOL_CUTTHROUGH_OUTSI
100
AcDbVertex
100
AcDb2dVertex
 10
-394.8987654101029
 20
343.7232137646788
 30
0.0
  0
VERTEX
  5
18C
330
103
100
AcDbEntity
  8
4_ANYTOOL_CUTTHROUGH_OUTSI
100
AcDbVertex
100
AcDb2dVertex
 10
-394.8987654100883
 20
381.1352137646318
 30
0.0
  0
VERTEX
  5
18D
330
103
100
AcDbEntity
  8
4_ANYTOOL_CUTTHROUGH_OUTSI
100
AcDbVertex
100
AcDb2dVertex
 10
-371.1487654100874
 20
381.1352137646318
 30
0.0
 42
0.4142135624668616
  0
VERTEX
  5
18E
330
103
100
AcDbEntity
  8
4_ANYTOOL_CUTTHROUGH_OUTSI
100
AcDbVertex
100
AcDb2dVertex
 10
-370.8987654100947
 20
381.3852137646318
 30
0.0
  0
VERTEX
  5
18F
330
103
100
AcDbEntity
  8
4_ANYTOOL_CUTTHROUGH_OUTSI
100
AcDbVertex
100
AcDb2dVertex
 10
-370.8987654100738
 20
393.3852137646172
 30
0.0
 42
0.4142135624689825
  0
VERTEX
  5
190
330
103
100
AcDbEntity
  8
4_ANYTOOL_CUTTHROUGH_OUTSI
100
AcDbVertex
100
AcDb2dVertex
 10
-371.1487654100738
 20
393.6352137646227
 30
0.0
  0
VERTEX
  5
191
330
103
100
AcDbEntity
  8
4_ANYTOOL_CUTTHROUGH_OUTSI
100
AcDbVertex
100
AcDb2dVertex
 10
-376.8987654100738
 20
393.6352137646172
 30
0.0
  0
VERTEX
  5
192
330
103
100
AcDbEntity
  8
4_ANYTOOL_CUTTHROUGH_OUTSI
100
AcDbVertex
100
AcDb2dVertex
 10
-376.8987654100874
 20
401.2232137645769
 30
0.0
  0
VERTEX
  5
193
330
103
100
AcDbEntity
  8
4_ANYTOOL_CUTTHROUGH_OUTSI
100
AcDbVertex
100
AcDb2dVertex
 10
-371.1487654101029
 20
401.2232137645769
 30
0.0
 42
0.4142135624348408
  0
VERTEX
  5
194
330
103
100
AcDbEntity
  8
4_ANYTOOL_CUTTHROUGH_OUTSI
100
AcDbVertex
100
AcDb2dVertex
 10
-370.8987654101084
 20
401.4732137645769
 30
0.0
  0
VERTEX
  5
195
330
103
100
AcDbEntity
  8
4_ANYTOOL_CUTTHROUGH_OUTSI
100
AcDbVertex
100
AcDb2dVertex
 10
-370.8987654101029
 20
413.4732137645624
 30
0.0
 42
0.4142135624040177
  0
VERTEX
  5
196
330
103
100
AcDbEntity
  8
4_ANYTOOL_CUTTHROUGH_OUTSI
100
AcDbVertex
100
AcDb2dVertex
 10
-371.1487654101029
 20
413.7232137645651
 30
0.0
  0
VERTEX
  5
197
330
103
100
AcDbEntity
  8
4_ANYTOOL_CUTTHROUGH_OUTSI
100
AcDbVertex
100
AcDb2dVertex
 10
-394.8987656944082
 20
413.7232137645624
 30
0.0
  0
VERTEX
  5
198
330
103
100
AcDbEntity
  8
4_ANYTOOL_CUTTHROUGH_OUTSI
100
AcDbVertex
100
AcDb2dVertex
 10
-394.8988037468725
 20
447.2236153968697
 30
0.0
  0
VERTEX
  5
199
330
103
100
AcDbEntity
  8
4_ANYTOOL_CUTTHROUGH_OUTSI
100
AcDbVertex
100
AcDb2dVertex
 10
-325.4286525369916
 20
447.2240118798218
 30
0.0
  0
VERTEX
  5
19A
330
103
100
AcDbEntity
  8
4_ANYTOOL_CUTTHROUGH_OUTSI
100
AcDbVertex
100
AcDb2dVertex
 10
-325.4286525369916
 20
423.4740133064915
 30
0.0
 42
0.4142135624007879
  0
VERTEX
  5
19B
330
103
100
AcDbEntity
  8
4_ANYTOOL_CUTTHROUGH_OUTSI
100
AcDbVertex
100
AcDb2dVertex
 10
-325.1786525369916
 20
423.2240133064861
 30
0.0
  0
VERTEX
  5
19C
330
103
100
AcDbEntity
  8
4_ANYTOOL_CUTTHROUGH_OUTSI
100
AcDbVertex
100
AcDb2dVertex
 10
-313.1786525370062
 20
423.2240133064915
 30
0.0
 42
0.4142135623497133
  0
VERTEX
  5
19D
330
103
100
AcDbEntity
  8
4_ANYTOOL_CUTTHROUGH_OUTSI
100
AcDbVertex
100
AcDb2dVertex
 10
-312.9286525369971
 20
423.4740133064915
 30
0.0
  0
VERTEX
  5
19E
330
103
100
AcDbEntity
  8
4_ANYTOOL_CUTTHROUGH_OUTSI
100
AcDbVertex
100
AcDb2dVertex
 10
-312.9286525370062
 20
429.2240133064915
 30
0.0
  0
VERTEX
  5
19F
330
103
100
AcDbEntity
  8
4_ANYTOOL_CUTTHROUGH_OUTSI
100
AcDbVertex
100
AcDb2dVertex
 10
-230.0806516916009
 20
429.2240133066807
 30
0.0
  0
VERTEX
  5
1A0
330
103
100
AcDbEntity
  8
4_ANYTOOL_CUTTHROUGH_OUTSI
100
AcDbVertex
100
AcDb2dVertex
 10
-230.0806516916
 20
423.4740133066807
 30
0.0
 42
0.4142135622856644
  0
VERTEX
  5
1A1
330
103
100
AcDbEntity
  8
4_ANYTOOL_CUTTHROUGH_OUTSI
100
AcDbVertex
100
AcDb2dVertex
 10
-229.8306516916
 20
423.2240133066935
 30
0.0
  0
VERTEX
  5
1A2
330
103
100
AcDbEntity
  8
4_ANYTOOL_CUTTHROUGH_OUTSI
100
AcDbVertex
100
AcDb2dVertex
 10
-217.8306516916
 20
423.2240133066807
 30
0.0
 42
0.4142135623101876
  0
VERTEX
  5
1A3
330
103
100
AcDbEntity
  8
4_ANYTOOL_CUTTHROUGH_OUTSI
100
AcDbVertex
100
AcDb2dVertex
 10
-217.5806516915954
 20
423.4740133066807
 30
0.0
  0
VERTEX
  5
1A4
330
103
100
AcDbEntity
  8
4_ANYTOOL_CUTTHROUGH_OUTSI
100
AcDbVertex
100
AcDb2dVertex
 10
-217.5806516915964
 20
447.2240133078885
 30
0.0
  0
VERTEX
  5
1A5
330
103
100
AcDbEntity
  8
4_ANYTOOL_CUTTHROUGH_OUTSI
100
AcDbVertex
100
AcDb2dVertex
 10
-21.42698122904403
 20
447.2240141751099
 30
0.0
  0
VERTEX
  5
1A6
330
103
100
AcDbEntity
  8
4_ANYTOOL_CUTTHROUGH_OUTSI
100
AcDbVertex
100
AcDb2dVertex
 10
98.96726764529649
 20
313.5126554601302
 30
0.0
  0
VERTEX
  5
1A7
330
103
100
AcDbEntity
  8
4_ANYTOOL_CUTTHROUGH_OUTSI
100
AcDbVertex
100
AcDb2dVertex
 10
81.31757804088829
 20
297.6208035594609
 30
0.0
 42
0.4142135623586847
  0
VERTEX
  5
1A8
330
103
100
AcDbEntity
  8
4_ANYTOOL_CUTTHROUGH_OUTSI
100
AcDbVertex
100
AcDb2dVertex
 10
81.29907448610716
 20
297.2677347014888
 30
0.0
  0
VERTEX
  5
1A9
330
103
100
AcDbEntity
  8
4_ANYTOOL_CUTTHROUGH_OUTSI
100
AcDbVertex
100
AcDb2dVertex
 10
89.32864176263683
 20
288.3499967959651
 30
0.0
 42
0.4142135624153391
  0
VERTEX
  5
1AA
330
103
100
AcDbEntity
  8
4_ANYTOOL_CUTTHROUGH_OUTSI
100
AcDbVertex
100
AcDb2dVertex
 10
89.68171062059304
 20
288.3314932412027
 30
0.0
  0
VERTEX
  5
1AB
330
103
100
AcDbEntity
  8
4_ANYTOOL_CUTTHROUGH_OUTSI
100
AcDbVertex
100
AcDb2dVertex
 10
93.95479336732933
 20
292.1789942280157
 30
0.0
  0
VERTEX
  5
1AC
330
103
100
AcDbEntity
  8
4_ANYTOOL_CUTTHROUGH_OUTSI
100
AcDbVertex
100
AcDb2dVertex
 10
171.2393786151606
 20
206.3457670777861
 30
0.0
  0
VERTEX
  5
1AD
330
103
100
AcDbEntity
  8
4_ANYTOOL_CUTTHROUGH_OUTSI
100
AcDbVertex
100
AcDb2dVertex
 10
166.9662958693352
 20
202.4982660918031
 30
0.0
 42
0.4142135623276902
  0
VERTEX
  5
1AE
330
103
100
AcDbEntity
  8
4_ANYTOOL_CUTTHROUGH_OUTSI
100
AcDbVertex
100
AcDb2dVertex
 10
166.9477923145419
 20
202.1451972338452
 30
0.0
  0
VERTEX
  5
1AF
330
103
100
AcDbEntity
  8
4_ANYTOOL_CUTTHROUGH_OUTSI
100
AcDbVertex
100
AcDb2dVertex
 10
174.9773595907236
 20
193.2274593279726
 30
0.0
 42
0.4142135624185805
  0
VERTEX
  5
1B0
330
103
100
AcDbEntity
  8
4_ANYTOOL_CUTTHROUGH_OUTSI
100
AcDbVertex
100
AcDb2dVertex
 10
175.3304284486901
 20
193.2089557731748
 30
0.0
  0
VERTEX
  5
1B1
330
103
100
AcDbEntity
  8
4_ANYTOOL_CUTTHROUGH_OUTSI
100
AcDbVertex
100
AcDb2dVertex
 10
192.9801180577024
 20
209.1008076742874
 30
0.0
  0
VERTEX
  5
1B2
330
103
100
AcDbEntity
  8
4_ANYTOOL_CUTTHROUGH_OUTSI
100
AcDbVertex
100
AcDb2dVertex
 10
330.6449204246364
 20
56.20855531404959
 30
0.0
  0
VERTEX
  5
1B3
330
103
100
AcDbEntity
  8
4_ANYTOOL_CUTTHROUGH_OUTSI
100
AcDbVertex
100
AcDb2dVertex
 10
312.9952308195016
 20
40.3167034129583
 30
0.0
 42
0.4142135623747686
  0
VERTEX
  5
1B4
330
103
100
AcDbEntity
  8
4_ANYTOOL_CUTTHROUGH_OUTSI
100
AcDbVertex
100
AcDb2dVertex
 10
312.9767272647233
 20
39.96363455501145
 30
0.0
  0
VERTEX
  5
1B5
330
103
100
AcDbEntity
  8
4_ANYTOOL_CUTTHROUGH_OUTSI
100
AcDbVertex
100
AcDb2dVertex
 10
321.0062945410227
 20
31.04589664927335
 30
0.0
 42
0.4142135622617848
  0
VERTEX
  5
1B6
330
103
100
AcDbEntity
  8
4_ANYTOOL_CUTTHROUGH_OUTSI
100
AcDbVertex
100
AcDb2dVertex
 10
321.359363398978
 20
31.02739309450146
 30
0.0
  0
VERTEX
  5
1B7
330
103
100
AcDbEntity
  8
4_ANYTOOL_CUTTHROUGH_OUTSI
100
AcDbVertex
100
AcDb2dVertex
 10
325.6324461454751
 20
34.87489408106194
 30
0.0
  0
VERTEX
  5
1B8
330
103
100
AcDbEntity
  8
4_ANYTOOL_CUTTHROUGH_OUTSI
100
AcDbVertex
100
AcDb2dVertex
 10
349.3865826712308
 20
8.493252776621375
 30
0.0
  0
VERTEX
  5
1B9
330
103
100
AcDbEntity
  8
4_ANYTOOL_CUTTHROUGH_OUTSI
100
AcDbVertex
100
AcDb2dVertex
 10
345.1134999247388
 20
4.645751790041686
 30
0.0
 42
0.4142135623599985
  0
VERTEX
  5
1BA
330
103
100
AcDbEntity
  8
4_ANYTOOL_CUTTHROUGH_OUTSI
100
AcDbVertex
100
AcDb2dVertex
 10
345.0949963699456
 20
4.292682932081485
 30
0.0
  0
VERTEX
  5
1BB
330
103
100
AcDbEntity
  8
4_ANYTOOL_CUTTHROUGH_OUTSI
100
AcDbVertex
100
AcDb2dVertex
 10
353.1245636462463
 20
-4.625054973686929
 30
0.0
 42
0.4142135623822796
  0
VERTEX
  5
1BC
330
103
100
AcDbEntity
  8
4_ANYTOOL_CUTTHROUGH_OUTSI
100
AcDbVertex
100
AcDb2dVertex
 10
353.4776325042052
 20
-4.643558528462818
 30
0.0
  0
VERTEX
  5
1BD
330
103
100
AcDbEntity
  8
4_ANYTOOL_CUTTHROUGH_OUTSI
100
AcDbVertex
100
AcDb2dVertex
 10
371.1273221093388
 20
11.24829337259871
 30
0.0
  0
VERTEX
  5
1BE
330
103
100
AcDbEntity
  8
4_ANYTOOL_CUTTHROUGH_OUTSI
100
AcDbVertex
100
AcDb2dVertex
 10
461.0624903873977
 20
-88.63483004031877
 30
0.0
  0
VERTEX
  5
1BF
330
103
100
AcDbEntity
  8
4_ANYTOOL_CUTTHROUGH_OUTSI
100
AcDbVertex
100
AcDb2dVertex
 10
443.412800782251
 20
-104.5266819413664
 30
0.0
 42
0.414213562385339
  0
VERTEX
  5
1C0
330
103
100
AcDbEntity
  8
4_ANYTOOL_CUTTHROUGH_OUTSI
100
AcDbVertex
100
AcDb2dVertex
 10
443.3942972274724
 20
-104.8797507993136
 30
0.0
  0
VERTEX
  5
1C1
330
103
100
AcDbEntity
  8
4_ANYTOOL_CUTTHROUGH_OUTSI
100
AcDbVertex
100
AcDb2dVertex
 10
451.4238645037585
 20
-113.7974887050514
 30
0.0
 42
0.4142135623215896
  0
VERTEX
  5
1C2
330
103
100
AcDbEntity
  8
4_ANYTOOL_CUTTHROUGH_OUTSI
100
AcDbVertex
100
AcDb2dVertex
 10
451.7769333617117
 20
-113.8159922598364
 30
0.0
  0
VERTEX
  5
1C3
330
103
100
AcDbEntity
  8
4_ANYTOOL_CUTTHROUGH_OUTSI
100
AcDbVertex
100
AcDb2dVertex
 10
456.0500161082382
 20
-109.9684912732773
 30
0.0
  0
VERTEX
  5
1C4
330
103
100
AcDbEntity
  8
4_ANYTOOL_CUTTHROUGH_OUTSI
100
AcDbVertex
100
AcDb2dVertex
 10
479.8041526339357
 20
-136.350132577747
 30
0.0
  0
VERTEX
  5
1C5
330
103
100
AcDbEntity
  8
4_ANYTOOL_CUTTHROUGH_OUTSI
100
AcDbVertex
100
AcDb2dVertex
 10
475.53106988743
 20
-140.1976335643121
 30
0.0
 42
0.4142135624410146
  0
VERTEX
  5
1C6
330
103
100
AcDbEntity
  8
4_ANYTOOL_CUTTHROUGH_OUTSI
100
AcDbVertex
100
AcDb2dVertex
 10
475.5125663326495
 20
-140.550702422261
 30
0.0
  0
VERTEX
  5
1C7
330
103
100
AcDbEntity
  8
4_ANYTOOL_CUTTHROUGH_OUTSI
100
AcDbVertex
100
AcDb2dVertex
 10
483.5421336089667
 20
-149.4684403280116
 30
0.0
 42
0.4142135624059922
  0
VERTEX
  5
1C8
330
103
100
AcDbEntity
  8
4_ANYTOOL_CUTTHROUGH_OUTSI
100
AcDbVertex
100
AcDb2dVertex
 10
483.8952024669288
 20
-149.4869438827912
 30
0.0
  0
VERTEX
  5
1C9
330
103
100
AcDbEntity
  8
4_ANYTOOL_CUTTHROUGH_OUTSI
100
AcDbVertex
100
AcDb2dVertex
 10
501.544892072071
 20
-133.5950919817551
 30
0.0
  0
VERTEX
  5
1CA
330
103
100
AcDbEntity
  8
4_ANYTOOL_CUTTHROUGH_OUTSI
100
AcDbVertex
100
AcDb2dVertex
 10
639.2096944408395
 20
-286.4873443438701
 30
0.0
  0
VERTEX
  5
1CB
330
103
100
AcDbEntity
  8
4_ANYTOOL_CUTTHROUGH_OUTSI
100
AcDbVertex
100
AcDb2dVertex
 10
621.5600048358465
 20
-302.3791962450196
 30
0.0
 42
0.414213562321922
  0
VERTEX
  5
1CC
330
103
100
AcDbEntity
  8
4_ANYTOOL_CUTTHROUGH_OUTSI
100
AcDbVertex
100
AcDb2dVertex
 10
621.5415012810662
 20
-302.7322651029901
 30
0.0
  0
VERTEX
  5
1CD
330
103
100
AcDbEntity
  8
4_ANYTOOL_CUTTHROUGH_OUTSI
100
AcDbVertex
100
AcDb2dVertex
 10
629.571068557595
 20
-311.6500030085153
 30
0.0
 42
0.4142135623431129
  0
VERTEX
  5
1CE
330
103
100
AcDbEntity
  8
4_ANYTOOL_CUTTHROUGH_OUTSI
100
AcDbVertex
100
AcDb2dVertex
 10
629.9241374155482
 20
-311.6685065632744
 30
0.0
  0
VERTEX
  5
1CF
330
103
100
AcDbEntity
  8
4_ANYTOOL_CUTTHROUGH_OUTSI
100
AcDbVertex
100
AcDb2dVertex
 10
634.1972201618246
 20
-307.8210055768723
 30
0.0
  0
VERTEX
  5
1D0
330
103
100
AcDbEntity
  8
4_ANYTOOL_CUTTHROUGH_OUTSI
100
AcDbVertex
100
AcDb2dVertex
 10
645.4117433781703
 20
-320.2759954087524
 30
0.0
  0
VERTEX
  5
1D1
330
103
100
AcDbEntity
  8
4_ANYTOOL_CUTTHROUGH_OUTSI
100
AcDbVertex
100
AcDb2dVertex
 10
617.444657614883
 20
-320.276479876411
 30
0.0
  0
VERTEX
  5
1D2
330
103
100
AcDbEntity
  8
4_ANYTOOL_CUTTHROUGH_OUTSI
100
AcDbVertex
100
AcDb2dVertex
 10
617.4446576148839
 20
-314.527042849717
 30
0.0
 42
0.4142135624221475
  0
VERTEX
  5
1D3
330
103
100
AcDbEntity
  8
4_ANYTOOL_CUTTHROUGH_OUTSI
100
AcDbVertex
100
AcDb2dVertex
 10
617.1946576148839
 20
-314.2770428497297
 30
0.0
  0
VERTEX
  5
1D4
330
103
100
AcDbEntity
  8
4_ANYTOOL_CUTTHROUGH_OUTSI
100
AcDbVertex
100
AcDb2dVertex
 10
605.1946576148985
 20
-314.277042849717
 30
0.0
 42
0.4142135624551019
  0
VERTEX
  5
1D5
330
103
100
AcDbEntity
  8
4_ANYTOOL_CUTTHROUGH_OUTSI
100
AcDbVertex
100
AcDb2dVertex
 10
604.9446576148866
 20
-314.527042849717
 30
0.0
  0
VERTEX
  5
1D6
330
103
100
AcDbEntity
  8
4_ANYTOOL_CUTTHROUGH_OUTSI
100
AcDbVertex
100
AcDb2dVertex
 10
604.9446576148985
 20
-338.2770429511729
 30
0.0
  0
VERTEX
  5
1D7
330
103
100
AcDbEntity
  8
4_ANYTOOL_CUTTHROUGH_OUTSI
100
AcDbVertex
100
AcDb2dVertex
 10
580.4446576148985
 20
-338.277052892503
 30
0.0
  0
VERTEX
  5
1D8
330
103
100
AcDbEntity
  8
4_ANYTOOL_CUTTHROUGH_OUTSI
100
AcDbVertex
100
AcDb2dVertex
 10
580.4446576148985
 20
-314.5270529939153
 30
0.0
 42
0.4142123387007007
  0
VERTEX
  5
1D9
330
103
100
AcDbEntity
  8
4_ANYTOOL_CUTTHROUGH_OUTSI
100
AcDbVertex
100
AcDb2dVertex
 10
580.1946586593813
 20
-314.2770529939011
 30
0.0
  0
VERTEX
  5
1DA
330
103
100
AcDbEntity
  8
4_ANYTOOL_CUTTHROUGH_OUTSI
100
AcDbVertex
100
AcDb2dVertex
 10
568.1946586594249
 20
-314.2770028587547
 30
0.0
 42
0.4142147861273958
  0
VERTEX
  5
1DB
330
103
100
AcDbEntity
  8
4_ANYTOOL_CUTTHROUGH_OUTSI
100
AcDbVertex
100
AcDb2dVertex
 10
567.9446576149418
 20
-314.5270028587547
 30
0.0
  0
VERTEX
  5
1DC
330
103
100
AcDbEntity
  8
4_ANYTOOL_CUTTHROUGH_OUTSI
100
AcDbVertex
100
AcDb2dVertex
 10
567.9446576149421
 20
-320.2769778053043
 30
0.0
  0
VERTEX
  5
1DD
330
103
100
AcDbEntity
  8
4_ANYTOOL_CUTTHROUGH_OUTSI
100
AcDbVertex
100
AcDb2dVertex
 10
556.3633490734428
 20
-320.2758172562171
 30
0.0
  0
VERTEX
  5
1DE
330
103
100
AcDbEntity
  8
4_ANYTOOL_CUTTHROUGH_OUTSI
100
AcDbVertex
100
AcDb2dVertex
 10
556.3633490734574
 20
-314.5257922052697
 30
0.0
 42
0.4142135623155624
  0
VERTEX
  5
1DF
330
103
100
AcDbEntity
  8
4_ANYTOOL_CUTTHROUGH_OUTSI
100
AcDbVertex
100
AcDb2dVertex
 10
556.1133490734574
 20
-314.2757922052788
 30
0.0
  0
VERTEX
  5
1E0
330
103
100
AcDbEntity
  8
4_ANYTOOL_CUTTHROUGH_OUTSI
100
AcDbVertex
100
AcDb2dVertex
 10
544.1133490734574
 20
-314.2757922052697
 30
0.0
 42
0.4142135623463808
  0
VERTEX
  5
1E1
330
103
100
AcDbEntity
  8
4_ANYTOOL_CUTTHROUGH_OUTSI
100
AcDbVertex
100
AcDb2dVertex
 10
543.863349073451
 20
-314.5257922052697
 30
0.0
  0
VERTEX
  5
1E2
330
103
100
AcDbEntity
  8
4_ANYTOOL_CUTTHROUGH_OUTSI
100
AcDbVertex
100
AcDb2dVertex
 10
543.863349073471
 20
-338.2757944817859
 30
0.0
  0
SEQEND
  5
1E3
330
103
100
AcDbEntity
  8
4_ANYTOOL_CUTTHROUGH_OUTSI
  0
ENDSEC
  0
SECTION
  2
OBJECTS
  0
DICTIONARY
  5
C
330
0
100
AcDbDictionary
281
     1
  3
ACAD_DETAILVIEWSTYLE
350
21F
  3
ACAD_GROUP
350
D
  3
ACAD_LAYOUT
350
1A
  3
ACAD_MATERIAL
350
43
  3
ACAD_MLEADERSTYLE
350
5B
  3
ACAD_MLINESTYLE
350
17
  3
ACAD_PLOTSETTINGS
350
19
  3
ACAD_PLOTSTYLENAME
350
E
  3
ACAD_SCALELIST
350
47
  3
ACAD_SECTIONVIEWSTYLE
350
220
  3
ACAD_TABLESTYLE
350
59
  3
ACAD_VISUALSTYLE
350
2A
  3
AcDbVariableDictionary
350
1E4
  3
ACDB_RECOMPOSE_DATA
350
21C
  0
SUN
  5
5D
330
29
100
AcDbSun
 90
        1
290
     0
 63
     7
421
 16777215
 40
1.0
291
     1
 91
  2455826
 92
 54000000
292
     0
 70
     2
 71
   256
280
     1
  0
DICTIONARY
  5
21F
102
{ACAD_REACTORS
330
C
102
}
330
C
100
AcDbDictionary
281
     1
  0
DICTIONARY
  5
D
102
{ACAD_REACTORS
330
C
102
}
330
C
100
AcDbDictionary
281
     1
  0
DICTIONARY
  5
1A
102
{ACAD_REACTORS
330
C
102
}
330
C
100
AcDbDictionary
281
     1
  3
Layout1
350
1E
  3
Layout2
350
26
  3
Model
350
22
  0
DICTIONARY
  5
43
102
{ACAD_REACTORS
330
C
102
}
330
C
100
AcDbDictionary
281
     1
  3
ByBlock
350
45
  3
ByLayer
350
44
  3
Global
350
46
  0
DICTIONARY
  5
5B
102
{ACAD_REACTORS
330
C
102
}
330
C
100
AcDbDictionary
281
     1
  3
Standard
350
5C
  0
DICTIONARY
  5
17
102
{ACAD_REACTORS
330
C
102
}
330
C
100
AcDbDictionary
281
     1
  3
Standard
350
18
  0
DICTIONARY
  5
19
102
{ACAD_REACTORS
330
C
102
}
330
C
100
AcDbDictionary
281
     1
  0
ACDBDICTIONARYWDFLT
  5
E
102
{ACAD_REACTORS
330
C
102
}
330
C
100
AcDbDictionary
281
     1
  3
Normal
350
F
100
AcDbDictionaryWithDefault
340
F
  0
DICTIONARY
  5
47
102
{ACAD_REACTORS
330
C
102
}
330
C
100
AcDbDictionary
281
     1
  3
A0
350
48
  3
A1
350
49
  3
A2
350
4A
  3
A3
350
4B
  3
A4
350
4C
  3
A5
350
4D
  3
A6
350
4E
  3
A7
350
4F
  3
A8
350
50
  3
A9
350
51
  3
B1
350
52
  3
B2
350
53
  3
B3
350
54
  3
B4
350
55
  3
B5
350
56
  3
B6
350
57
  3
B7
350
58
  0
DICTIONARY
  5
220
102
{ACAD_REACTORS
330
C
102
}
330
C
100
AcDbDictionary
281
     1
  0
DICTIONARY
  5
59
102
{ACAD_REACTORS
330
C
102
}
330
C
100
AcDbDictionary
281
     1
  3
Standard
350
5A
  0
DICTIONARY
  5
2A
102
{ACAD_REACTORS
330
C
102
}
330
C
100
AcDbDictionary
281
     1
  3
2dWireframe
350
2F
  3
Basic
350
32
  3
Brighten
350
36
  3
ColorChange
350
3A
  3
Conceptual
350
34
  3
Dim
350
35
  3
EdgeColorOff
350
3D
  3
Facepattern
350
39
  3
Flat
350
2B
  3
FlatWithEdges
350
2C
  3
Gouraud
350
2D
  3
GouraudWithEdges
350
2E
  3
Hidden
350
31
  3
JitterOff
350
3B
  3
Linepattern
350
38
  3
OverhangOff
350
3C
  3
Realistic
350
33
  3
Shaded
350
42
  3
Shaded with edges
350
41
  3
Shades of Gray
350
3E
  3
Sketchy
350
3F
  3
Thicken
350
37
  3
Wireframe
350
30
  3
X-Ray
350
40
  0
DICTIONARY
  5
1E4
102
{ACAD_REACTORS
330
C
102
}
330
C
100
AcDbDictionary
281
     1
  3
CANNOSCALE
350
1E5
  3
CMLEADERSTYLE
350
21E
  3
CTABLESTYLE
350
21D
  3
XCLIPFRAME
350
1E6
  0
XRECORD
  5
21C
102
{ACAD_REACTORS
330
C
102
}
330
C
100
AcDbXrecord
280
     1
 90
        1
330
5A
  0
LAYOUT
  5
1E
102
{ACAD_REACTORS
330
1A
102
}
330
1A
100
AcDbPlotSettings
  1

  2
none_device
  4

  6

 40
0.0
 41
0.0
 42
0.0
 43
0.0
 44
0.0
 45
0.0
 46
0.0
 47
0.0
 48
0.0
 49
0.0
140
0.0
141
0.0
142
1.0
143
1.0
 70
   688
 72
     0
 73
     0
 74
     5
  7

 75
    16
 76
     0
 77
     2
 78
   300
147
1.0
148
0.0
149
0.0
100
AcDbLayout
  1
Layout1
 70
     1
 71
     1
 10
0.0
 20
0.0
 11
12.0
 21
9.0
 12
0.0
 22
0.0
 32
0.0
 14
1.000000000000000E+20
 24
1.000000000000000E+20
 34
1.000000000000000E+20
 15
-1.000000000000000E+20
 25
-1.000000000000000E+20
 35
-1.000000000000000E+20
146
0.0
 13
0.0
 23
0.0
 33
0.0
 16
1.0
 26
0.0
 36
0.0
 17
0.0
 27
1.0
 37
0.0
 76
     0
330
1B
  0
LAYOUT
  5
26
102
{ACAD_REACTORS
330
1A
102
}
330
1A
100
AcDbPlotSettings
  1

  2
none_device
  4

  6

 40
0.0
 41
0.0
 42
0.0
 43
0.0
 44
0.0
 45
0.0
 46
0.0
 47
0.0
 48
0.0
 49
0.0
140
0.0
141
0.0
142
1.0
143
1.0
 70
   688
 72
     0
 73
     0
 74
     5
  7

 75
    16
 76
     0
 77
     2
 78
   300
147
1.0
148
0.0
149
0.0
100
AcDbLayout
  1
Layout2
 70
     1
 71
     2
 10
0.0
 20
0.0
 11
0.0
 21
0.0
 12
0.0
 22
0.0
 32
0.0
 14
0.0
 24
0.0
 34
0.0
 15
0.0
 25
0.0
 35
0.0
146
0.0
 13
0.0
 23
0.0
 33
0.0
 16
1.0
 26
0.0
 36
0.0
 17
0.0
 27
1.0
 37
0.0
 76
     0
330
23
  0
LAYOUT
  5
22
102
{ACAD_REACTORS
330
1A
102
}
330
1A
100
AcDbPlotSettings
  1

  2
none_device
  4
Letter_(8.50_x_11.00_Inches)
  6

 40
6.35
 41
6.35
 42
6.35000508
 43
6.35000508
 44
215.9
 45
279.4
 46
0.0
 47
0.0
 48
0.0
 49
0.0
140
0.0
141
0.0
142
1.0
143
1.0
 70
  1712
 72
     0
 73
     0
 74
     0
  7

 75
     0
 76
     0
 77
     2
 78
   300
147
1.0
148
0.0
149
0.0
100
AcDbLayout
  1
Model
 70
     1
 71
     0
 10
0.0
 20
0.0
 11
12.0
 21
9.0
 12
0.0
 22
0.0
 32
0.0
 14
-406.8987654122883
 24
-338.7770530953921
 34
-0.0000000000000008
 15
645.4117433781703
 25
447.2240141751099
 35
0.0000000000000107
146
0.0
 13
0.0
 23
0.0
 33
0.0
 16
1.0
 26
0.0
 36
0.0
 17
0.0
 27
1.0
 37
0.0
 76
     0
330
1F
331
29
  0
MATERIAL
  5
45
102
{ACAD_REACTORS
330
43
102
}
330
43
100
AcDbMaterial
  1
ByBlock
 72
     1
 94
      127
  0
MATERIAL
  5
44
102
{ACAD_REACTORS
330
43
102
}
330
43
100
AcDbMaterial
  1
ByLayer
 72
     1
 94
      127
  0
MATERIAL
  5
46
102
{ACAD_REACTORS
330
43
102
}
330
43
100
AcDbMaterial
  1
Global
 72
     1
 94
      127
  0
MLEADERSTYLE
  5
5C
102
{ACAD_REACTORS
330
5B
102
}
102
{ACAD_XDICTIONARY
360
21A
102
}
330
5B
100
AcDbMLeaderStyle
170
     2
171
     1
172
     0
 90
        2
 40
0.0
 41
0.0
173
     1
 91
-1056964608
340
14
 92
       -2
290
     1
 42
0.09
291
     1
 43
0.36
  3
Standard
341
0
 44
0.18
300

342
11
174
     1
178
     6
175
     1
176
     0
 93
-1056964608
 45
0.18
292
     0
297
     0
 46
0.18
343
0
 94
-1056964608
 47
1.0
 49
1.0
140
1.0
293
     1
141
0.0
294
     1
177
     0
142
1.0
295
     0
296
     0
143
0.125
1001
ACAD_MLEADERVER
1070
     2
  0
MLINESTYLE
  5
18
102
{ACAD_REACTORS
330
17
102
}
330
17
100
AcDbMlineStyle
  2
Standard
 70
     0
  3

 62
   256
 51
90.0
 52
90.0
 71
     2
 49
0.5
 62
   256
  6
BYLAYER
 49
-0.5
 62
   256
  6
BYLAYER
  0
ACDBPLACEHOLDER
  5
F
102
{ACAD_REACTORS
330
E
102
}
330
E
  0
SCALE
  5
48
102
{ACAD_REACTORS
330
47
102
}
330
47
100
AcDbScale
 70
     0
300
1:1
140
1.0
141
1.0
290
     1
  0
SCALE
  5
49
102
{ACAD_REACTORS
330
47
102
}
330
47
100
AcDbScale
 70
     0
300
1/128" = 1'-0"
140
0.0078125
141
12.0
290
     0
  0
SCALE
  5
4A
102
{ACAD_REACTORS
330
47
102
}
330
47
100
AcDbScale
 70
     0
300
1/64" = 1'-0"
140
0.015625
141
12.0
290
     0
  0
SCALE
  5
4B
102
{ACAD_REACTORS
330
47
102
}
330
47
100
AcDbScale
 70
     0
300
1/32" = 1'-0"
140
0.03125
141
12.0
290
     0
  0
SCALE
  5
4C
102
{ACAD_REACTORS
330
47
102
}
330
47
100
AcDbScale
 70
     0
300
1/16" = 1'-0"
140
0.0625
141
12.0
290
     0
  0
SCALE
  5
4D
102
{ACAD_REACTORS
330
47
102
}
330
47
100
AcDbScale
 70
     0
300
3/32" = 1'-0"
140
0.09375
141
12.0
290
     0
  0
SCALE
  5
4E
102
{ACAD_REACTORS
330
47
102
}
330
47
100
AcDbScale
 70
     0
300
1/8" = 1'-0"
140
0.125
141
12.0
290
     0
  0
SCALE
  5
4F
102
{ACAD_REACTORS
330
47
102
}
330
47
100
AcDbScale
 70
     0
300
3/16" = 1'-0"
140
0.1875
141
12.0
290
     0
  0
SCALE
  5
50
102
{ACAD_REACTORS
330
47
102
}
330
47
100
AcDbScale
 70
     0
300
1/4" = 1'-0"
140
0.25
141
12.0
290
     0
  0
SCALE
  5
51
102
{ACAD_REACTORS
330
47
102
}
330
47
100
AcDbScale
 70
     0
300
3/8" = 1'-0"
140
0.375
141
12.0
290
     0
  0
SCALE
  5
52
102
{ACAD_REACTORS
330
47
102
}
330
47
100
AcDbScale
 70
     0
300
1/2" = 1'-0"
140
0.5
141
12.0
290
     0
  0
SCALE
  5
53
102
{ACAD_REACTORS
330
47
102
}
330
47
100
AcDbScale
 70
     0
300
3/4" = 1'-0"
140
0.75
141
12.0
290
     0
  0
SCALE
  5
54
102
{ACAD_REACTORS
330
47
102
}
330
47
100
AcDbScale
 70
     0
300
1" = 1'-0"
140
1.0
141
12.0
290
     0
  0
SCALE
  5
55
102
{ACAD_REACTORS
330
47
102
}
330
47
100
AcDbScale
 70
     0
300
1-1/2" = 1'-0"
140
1.5
141
12.0
290
     0
  0
SCALE
  5
56
102
{ACAD_REACTORS
330
47
102
}
330
47
100
AcDbScale
 70
     0
300
3" = 1'-0"
140
3.0
141
12.0
290
     0
  0
SCALE
  5
57
102
{ACAD_REACTORS
330
47
102
}
330
47
100
AcDbScale
 70
     0
300
6" = 1'-0"
140
6.0
141
12.0
290
     0
  0
SCALE
  5
58
102
{ACAD_REACTORS
330
47
102
}
330
47
100
AcDbScale
 70
     0
300
1'-0" = 1'-0"
140
12.0
141
12.0
290
     0
  0
TABLESTYLE
  5
5A
102
{ACAD_REACTORS
330
59
102
}
102
{ACAD_XDICTIONARY
360
217
102
}
330
59
100
AcDbTableStyle
  3
Standard
 70
     0
 71
     0
 40
0.06
 41
0.06
280
     0
281
     0
  7
Standard
140
0.18
170
     2
 62
     0
 63
   257
283
     0
 90
        4
 91
        0
  1

274
    -2
284
     1
 64
     0
275
    -2
285
     1
 65
     0
276
    -2
286
     1
 66
     0
277
    -2
287
     1
 67
     0
278
    -2
288
     1
 68
     0
279
    -2
289
     1
 69
     0
  7
Standard
140
0.25
170
     5
 62
     0
 63
   257
283
     0
 90
        4
 91
        0
  1

274
    -2
284
     1
 64
     0
275
    -2
285
     1
 65
     0
276
    -2
286
     1
 66
     0
277
    -2
287
     1
 67
     0
278
    -2
288
     1
 68
     0
279
    -2
289
     1
 69
     0
  7
Standard
140
0.18
170
     5
 62
     0
 63
   257
283
     0
 90
        4
 91
        0
  1

274
    -2
284
     1
 64
     0
275
    -2
285
     1
 65
     0
276
    -2
286
     1
 66
     0
277
    -2
287
     1
 67
     0
278
    -2
288
     1
 68
     0
279
    -2
289
     1
 69
     0
  0
VISUALSTYLE
  5
2F
102
{ACAD_REACTORS
330
2A
102
}
102
{ACAD_XDICTIONARY
360
1EF
102
}
330
2A
100
AcDbVisualStyle
  2
2dWireframe
 70
     4
 71
     0
 72
     2
 73
     0
 90
        0
 40
0.6
 41
30.0
 62
     5
 63
     7
421
 16777215
 74
     1
 91
        4
 64
     7
 65
   257
 75
     1
175
     1
 42
1.0
 92
        0
 66
   257
 43
1.0
 76
     1
 77
     6
 78
     2
 67
     7
 79
     5
170
     0
171
     0
290
     0
174
     0
 93
        1
 44
0.0
173
     0
291
     0
 45
0.0
  0
VISUALSTYLE
  5
32
102
{ACAD_REACTORS
330
2A
102
}
102
{ACAD_XDICTIONARY
360
1F5
102
}
330
2A
100
AcDbVisualStyle
  2
Basic
 70
     7
 71
     1
 72
     0
 73
     1
 90
        0
 40
0.6
 41
30.0
 62
     5
 63
     7
421
 16777215
 74
     0
 91
        4
 64
     7
 65
   257
 75
     1
175
     1
 42
1.0
 92
        8
 66
     7
 43
1.0
 76
     1
 77
     6
 78
     2
 67
     7
 79
     5
170
     0
171
     0
290
     0
174
     0
 93
        1
 44
0.0
173
     0
291
     1
 45
0.0
  0
VISUALSTYLE
  5
36
102
{ACAD_REACTORS
330
2A
102
}
102
{ACAD_XDICTIONARY
360
1FD
102
}
330
2A
100
AcDbVisualStyle
  2
Brighten
 70
    12
 71
     2
 72
     2
 73
     0
 90
        0
 40
0.6
 41
30.0
 62
     5
 63
     7
421
 16777215
 74
     1
 91
        4
 64
     7
 65
   257
 75
     1
175
     1
 42
1.0
 92
        8
 66
     7
 43
1.0
 76
     1
 77
     6
 78
     2
 67
     7
 79
     5
170
     0
171
     0
290
     0
174
     0
 93
        1
 44
50.0
173
     0
291
     1
 45
0.0
  0
VISUALSTYLE
  5
3A
102
{ACAD_REACTORS
330
2A
102
}
102
{ACAD_XDICTIONARY
360
205
102
}
330
2A
100
AcDbVisualStyle
  2
ColorChange
 70
    16
 71
     2
 72
     2
 73
     3
 90
        0
 40
0.6
 41
30.0
 62
     5
 63
     8
421
  8421504
 74
     1
 91
        4
 64
     7
 65
   257
 75
     1
175
     1
 42
1.0
 92
        8
 66
     8
424
  8421504
 43
1.0
 76
     1
 77
     6
 78
     2
 67
     7
 79
     5
170
     0
171
     0
290
     0
174
     0
 93
        1
 44
0.0
173
     0
291
     1
 45
0.0
  0
VISUALSTYLE
  5
34
102
{ACAD_REACTORS
330
2A
102
}
102
{ACAD_XDICTIONARY
360
1F9
102
}
330
2A
100
AcDbVisualStyle
  2
Conceptual
 70
     9
 71
     3
 72
     2
 73
     0
 90
        0
 40
0.6
 41
30.0
 62
     5
 63
     7
421
 16777215
 74
     2
 91
        2
 64
     7
 65
   257
 75
     1
175
     1
 42
179.0
 92
        8
 66
     7
 43
1.0
 76
     1
 77
     6
 78
     2
 67
     7
 79
     3
170
     0
171
     0
290
     0
174
     0
 93
        1
 44
0.0
173
     0
291
     0
 45
0.0
  0
VISUALSTYLE
  5
35
102
{ACAD_REACTORS
330
2A
102
}
102
{ACAD_XDICTIONARY
360
1FB
102
}
330
2A
100
AcDbVisualStyle
  2
Dim
 70
    11
 71
     2
 72
     2
 73
     0
 90
        0
 40
0.6
 41
30.0
 62
     5
 63
     7
421
 16777215
 74
     1
 91
        4
 64
     7
 65
   257
 75
     1
175
     1
 42
1.0
 92
        8
 66
     7
 43
1.0
 76
     1
 77
     6
 78
     2
 67
     7
 79
     5
170
     0
171
     0
290
     0
174
     0
 93
        1
 44
-50.0
173
     0
291
     1
 45
0.0
  0
VISUALSTYLE
  5
3D
102
{ACAD_REACTORS
330
2A
102
}
102
{ACAD_XDICTIONARY
360
20B
102
}
330
2A
100
AcDbVisualStyle
  2
EdgeColorOff
 70
    22
 71
     2
 72
     2
 73
     0
 90
        0
 40
0.6
 41
30.0
 62
     5
 63
     7
421
 16777215
 74
     1
 91
        4
 64
     7
 65
   257
 75
     1
175
     1
 42
1.0
 92
        8
 66
     7
 43
1.0
 76
     1
 77
     6
 78
     2
 67
     7
 79
     5
170
     0
171
     0
290
     0
174
     0
 93
        1
 44
0.0
173
     0
291
     1
 45
0.0
  0
VISUALSTYLE
  5
39
102
{ACAD_REACTORS
330
2A
102
}
102
{ACAD_XDICTIONARY
360
203
102
}
330
2A
100
AcDbVisualStyle
  2
Facepattern
 70
    15
 71
     2
 72
     2
 73
     0
 90
        0
 40
0.6
 41
30.0
 62
     5
 63
     7
421
 16777215
 74
     1
 91
        4
 64
     7
 65
   257
 75
     1
175
     1
 42
1.0
 92
        8
 66
     7
 43
1.0
 76
     1
 77
     6
 78
     2
 67
     7
 79
     5
170
     0
171
     0
290
     0
174
     0
 93
        1
 44
0.0
173
     0
291
     1
 45
0.0
  0
VISUALSTYLE
  5
2B
102
{ACAD_REACTORS
330
2A
102
}
102
{ACAD_XDICTIONARY
360
1E7
102
}
330
2A
100
AcDbVisualStyle
  2
Flat
 70
     0
 71
     2
 72
     1
 73
     1
 90
        2
 40
0.6
 41
30.0
 62
     5
 63
     7
421
 16777215
 74
     0
 91
        0
 64
     7
 65
   257
 75
     1
175
     1
 42
1.0
 92
        8
 66
     7
 43
1.0
 76
     1
 77
     6
 78
     2
 67
     7
 79
     5
170
     0
171
     0
290
     0
174
     0
 93
       13
 44
0.0
173
     0
291
     1
 45
0.0
  0
VISUALSTYLE
  5
2C
102
{ACAD_REACTORS
330
2A
102
}
102
{ACAD_XDICTIONARY
360
1E9
102
}
330
2A
100
AcDbVisualStyle
  2
FlatWithEdges
 70
     1
 71
     2
 72
     1
 73
     1
 90
        2
 40
0.6
 41
30.0
 62
     5
 63
     7
421
 16777215
 74
     1
 91
        0
 64
     7
 65
   257
 75
     1
175
     1
 42
1.0
 92
        0
 66
   257
 43
1.0
 76
     1
 77
     6
 78
     2
 67
     7
 79
     5
170
     0
171
     0
290
     0
174
     0
 93
       13
 44
0.0
173
     0
291
     1
 45
0.0
  0
VISUALSTYLE
  5
2D
102
{ACAD_REACTORS
330
2A
102
}
102
{ACAD_XDICTIONARY
360
1EB
102
}
330
2A
100
AcDbVisualStyle
  2
Gouraud
 70
     2
 71
     2
 72
     2
 73
     1
 90
        2
 40
0.6
 41
30.0
 62
     5
 63
     7
421
 16777215
 74
     0
 91
        0
 64
     7
 65
   257
 75
     1
175
     1
 42
1.0
 92
        0
 66
     7
 43
1.0
 76
     1
 77
     6
 78
     2
 67
     7
 79
     5
170
     0
171
     0
290
     0
174
     0
 93
       13
 44
0.0
173
     0
291
     1
 45
0.0
  0
VISUALSTYLE
  5
2E
102
{ACAD_REACTORS
330
2A
102
}
102
{ACAD_XDICTIONARY
360
1ED
102
}
330
2A
100
AcDbVisualStyle
  2
GouraudWithEdges
 70
     3
 71
     2
 72
     2
 73
     1
 90
        2
 40
0.6
 41
30.0
 62
     5
 63
     7
421
 16777215
 74
     1
 91
        0
 64
     7
 65
   257
 75
     1
175
     1
 42
1.0
 92
        0
 66
   257
 43
1.0
 76
     1
 77
     6
 78
     2
 67
     7
 79
     5
170
     0
171
     0
290
     0
174
     0
 93
       13
 44
0.0
173
     0
291
     1
 45
0.0
  0
VISUALSTYLE
  5
31
102
{ACAD_REACTORS
330
2A
102
}
102
{ACAD_XDICTIONARY
360
1F3
102
}
330
2A
100
AcDbVisualStyle
  2
Hidden
 70
     6
 71
     1
 72
     2
 73
     2
 90
        0
 40
0.6
 41
30.0
 62
     5
 63
     7
421
 16777215
 74
     2
 91
        2
 64
     7
 65
   257
 75
     2
175
     1
 42
40.0
 92
        0
 66
   257
 43
1.0
 76
     1
 77
     6
 78
     2
 67
     7
 79
     3
170
     0
171
     0
290
     0
174
     0
 93
        1
 44
0.0
173
     0
291
     0
 45
0.0
  0
VISUALSTYLE
  5
3B
102
{ACAD_REACTORS
330
2A
102
}
102
{ACAD_XDICTIONARY
360
207
102
}
330
2A
100
AcDbVisualStyle
  2
JitterOff
 70
    20
 71
     2
 72
     2
 73
     0
 90
        0
 40
0.6
 41
30.0
 62
     5
 63
     7
421
 16777215
 74
     1
 91
        4
 64
     7
 65
   257
 75
     1
175
     1
 42
1.0
 92
       10
 66
     7
 43
1.0
 76
     1
 77
     6
 78
     2
 67
     7
 79
     5
170
     0
171
     0
290
     0
174
     0
 93
        1
 44
0.0
173
     0
291
     1
 45
0.0
  0
VISUALSTYLE
  5
38
102
{ACAD_REACTORS
330
2A
102
}
102
{ACAD_XDICTIONARY
360
201
102
}
330
2A
100
AcDbVisualStyle
  2
Linepattern
 70
    14
 71
     2
 72
     2
 73
     0
 90
        0
 40
0.6
 41
30.0
 62
     5
 63
     7
421
 16777215
 74
     1
 91
        4
 64
     7
 65
   257
 75
     7
175
     7
 42
1.0
 92
        8
 66
     7
 43
1.0
 76
     1
 77
     6
 78
     2
 67
     7
 79
     5
170
     0
171
     0
290
     0
174
     0
 93
        1
 44
0.0
173
     0
291
     1
 45
0.0
  0
VISUALSTYLE
  5
3C
102
{ACAD_REACTORS
330
2A
102
}
102
{ACAD_XDICTIONARY
360
209
102
}
330
2A
100
AcDbVisualStyle
  2
OverhangOff
 70
    21
 71
     2
 72
     2
 73
     0
 90
        0
 40
0.6
 41
30.0
 62
     5
 63
     7
421
 16777215
 74
     1
 91
        4
 64
     7
 65
   257
 75
     1
175
     1
 42
1.0
 92
        9
 66
     7
 43
1.0
 76
     1
 77
     6
 78
     2
 67
     7
 79
     5
170
     0
171
     0
290
     0
174
     0
 93
        1
 44
0.0
173
     0
291
     1
 45
0.0
  0
VISUALSTYLE
  5
33
102
{ACAD_REACTORS
330
2A
102
}
102
{ACAD_XDICTIONARY
360
1F7
102
}
330
2A
100
AcDbVisualStyle
  2
Realistic
 70
     8
 71
     2
 72
     3
 73
     0
 90
        2
 40
0.6
 41
30.0
 62
     5
 63
     7
421
 16777215
 74
     0
 91
        0
 64
     7
 65
   257
 75
     1
175
     1
 42
1.0
 92
        8
 66
   257
 43
1.0
 76
     1
 77
     6
 78
     2
 67
     7
 79
     3
170
     0
171
     0
290
     0
174
     0
 93
       13
 44
0.0
173
     0
291
     0
 45
0.0
  0
VISUALSTYLE
  5
42
102
{ACAD_REACTORS
330
2A
102
}
102
{ACAD_XDICTIONARY
360
215
102
}
330
2A
100
AcDbVisualStyle
  2
Shaded
 70
    27
 71
     2
 72
     2
 73
     1
 90
        2
 40
0.6
 41
30.0
 62
     5
 63
     7
421
 16777215
 74
     0
 91
        4
 64
     7
 65
   257
 75
     1
175
     1
 42
1.0
 92
        8
 66
   257
 43
1.0
 76
     1
 77
     6
 78
     2
 67
     8
425
  7895160
 79
     3
170
     0
171
     0
290
     0
174
     0
 93
        5
 44
0.0
173
     0
291
     0
 45
0.0
  0
VISUALSTYLE
  5
41
102
{ACAD_REACTORS
330
2A
102
}
102
{ACAD_XDICTIONARY
360
213
102
}
330
2A
100
AcDbVisualStyle
  2
Shaded with edges
 70
    26
 71
     2
 72
     2
 73
     1
 90
        2
 40
0.6
 41
30.0
 62
     5
 63
     7
421
 16777215
 74
     1
 91
       10
 64
     7
 65
   257
 75
     2
175
     1
 42
1.0
 92
        8
 66
   257
 43
1.0
 76
     1
 77
     6
 78
     2
 67
     7
 79
     3
170
     0
171
     0
290
     0
174
     0
 93
        5
 44
0.0
173
     0
291
     0
 45
0.0
  0
VISUALSTYLE
  5
3E
102
{ACAD_REACTORS
330
2A
102
}
102
{ACAD_XDICTIONARY
360
20D
102
}
330
2A
100
AcDbVisualStyle
  2
Shades of Gray
 70
    23
 71
     2
 72
     2
 73
     3
 90
        0
 40
0.6
 41
30.0
 62
     5
 63
     7
421
 16777215
 74
     2
 91
        2
 64
     7
 65
     7
 75
     1
175
     1
 42
40.0
 92
        8
 66
     7
 43
1.0
 76
     1
 77
     6
 78
     2
 67
     7
 79
     3
170
     0
171
     0
290
     0
174
     0
 93
        1
 44
0.0
173
     0
291
     0
 45
0.0
  0
VISUALSTYLE
  5
3F
102
{ACAD_REACTORS
330
2A
102
}
102
{ACAD_XDICTIONARY
360
20F
102
}
330
2A
100
AcDbVisualStyle
  2
Sketchy
 70
    24
 71
     1
 72
     2
 73
     2
 90
        0
 40
0.6
 41
30.0
 62
     5
 63
     7
421
 16777215
 74
     2
 91
        2
 64
     7
 65
     7
 75
     1
175
     1
 42
40.0
 92
       11
 66
     7
 43
1.0
 76
     1
 77
     6
 78
     2
 67
     7
 79
     6
170
     0
171
     0
290
     0
174
     0
 93
        1
 44
0.0
173
     0
291
     0
 45
0.0
  0
VISUALSTYLE
  5
37
102
{ACAD_REACTORS
330
2A
102
}
102
{ACAD_XDICTIONARY
360
1FF
102
}
330
2A
100
AcDbVisualStyle
  2
Thicken
 70
    13
 71
     2
 72
     2
 73
     0
 90
        0
 40
0.6
 41
30.0
 62
     5
 63
     7
421
 16777215
 74
     1
 91
        4
 64
     7
 65
   257
 75
     1
175
     1
 42
1.0
 92
       12
 66
     7
 43
1.0
 76
     1
 77
     6
 78
     2
 67
     7
 79
     5
170
     0
171
     0
290
     0
174
     0
 93
        1
 44
0.0
173
     0
291
     1
 45
0.0
  0
VISUALSTYLE
  5
30
102
{ACAD_REACTORS
330
2A
102
}
102
{ACAD_XDICTIONARY
360
1F1
102
}
330
2A
100
AcDbVisualStyle
  2
Wireframe
 70
     5
 71
     0
 72
     2
 73
     0
 90
        0
 40
0.6
 41
30.0
 62
     5
 63
     7
421
 16777215
 74
     1
 91
        4
 64
     7
 65
   257
 75
     1
175
     1
 42
1.0
 92
        0
 66
   257
 43
1.0
 76
     1
 77
     6
 78
     2
 67
     7
 79
     3
170
     0
171
     0
290
     0
174
     0
 93
        1
 44
0.0
173
     0
291
     0
 45
0.0
  0
VISUALSTYLE
  5
40
102
{ACAD_REACTORS
330
2A
102
}
102
{ACAD_XDICTIONARY
360
211
102
}
330
2A
100
AcDbVisualStyle
  2
X-Ray
 70
    25
 71
     2
 72
     2
 73
     1
 90
        1
 40
0.5
 41
30.0
 62
     5
 63
     7
421
 16777215
 74
     1
 91
        0
 64
     7
 65
   257
 75
     1
175
     1
 42
1.0
 92
        8
 66
     7
 43
1.0
 76
     1
 77
     6
 78
     2
 67
     7
 79
     3
170
     0
171
     0
290
     0
174
     0
 93
       13
 44
0.0
173
     0
291
     0
 45
0.0
  0
DICTIONARYVAR
  5
1E5
102
{ACAD_REACTORS
330
1E4
102
}
330
1E4
100
DictionaryVariables
280
     0
  1
1:1
  0
DICTIONARYVAR
  5
21E
102
{ACAD_REACTORS
330
1E4
102
}
330
1E4
100
DictionaryVariables
280
     0
  1
Standard
  0
DICTIONARYVAR
  5
21D
102
{ACAD_REACTORS
330
1E4
102
}
330
1E4
100
DictionaryVariables
280
     0
  1
Standard
  0
DICTIONARYVAR
  5
1E6
102
{ACAD_REACTORS
330
1E4
102
}
330
1E4
100
DictionaryVariables
280
     0
  1
2
  0
DICTIONARY
  5
21A
330
5C
100
AcDbDictionary
280
     1
281
     1
  3
ACAD_XREC_ROUNDTRIP
360
21B
  0
DICTIONARY
  5
217
330
5A
100
AcDbDictionary
280
     1
281
     1
  3
ACAD_ROUNDTRIP_2008_TABLESTYLE_CELLSTYLEMAP
360
218
  0
DICTIONARY
  5
1EF
330
2F
100
AcDbDictionary
280
     1
281
     1
  3
ACAD_XREC_ROUNDTRIP
360
1F0
  0
DICTIONARY
  5
1F5
330
32
100
AcDbDictionary
280
     1
281
     1
  3
ACAD_XREC_ROUNDTRIP
360
1F6
  0
DICTIONARY
  5
1FD
330
36
100
AcDbDictionary
280
     1
281
     1
  3
ACAD_XREC_ROUNDTRIP
360
1FE
  0
DICTIONARY
  5
205
330
3A
100
AcDbDictionary
280
     1
281
     1
  3
ACAD_XREC_ROUNDTRIP
360
206
  0
DICTIONARY
  5
1F9
330
34
100
AcDbDictionary
280
     1
281
     1
  3
ACAD_XREC_ROUNDTRIP
360
1FA
  0
DICTIONARY
  5
1FB
330
35
100
AcDbDictionary
280
     1
281
     1
  3
ACAD_XREC_ROUNDTRIP
360
1FC
  0
DICTIONARY
  5
20B
330
3D
100
AcDbDictionary
280
     1
281
     1
  3
ACAD_XREC_ROUNDTRIP
360
20C
  0
DICTIONARY
  5
203
330
39
100
AcDbDictionary
280
     1
281
     1
  3
ACAD_XREC_ROUNDTRIP
360
204
  0
DICTIONARY
  5
1E7
330
2B
100
AcDbDictionary
280
     1
281
     1
  3
ACAD_XREC_ROUNDTRIP
360
1E8
  0
DICTIONARY
  5
1E9
330
2C
100
AcDbDictionary
280
     1
281
     1
  3
ACAD_XREC_ROUNDTRIP
360
1EA
  0
DICTIONARY
  5
1EB
330
2D
100
AcDbDictionary
280
     1
281
     1
  3
ACAD_XREC_ROUNDTRIP
360
1EC
  0
DICTIONARY
  5
1ED
330
2E
100
AcDbDictionary
280
     1
281
     1
  3
ACAD_XREC_ROUNDTRIP
360
1EE
  0
DICTIONARY
  5
1F3
330
31
100
AcDbDictionary
280
     1
281
     1
  3
ACAD_XREC_ROUNDTRIP
360
1F4
  0
DICTIONARY
  5
207
330
3B
100
AcDbDictionary
280
     1
281
     1
  3
ACAD_XREC_ROUNDTRIP
360
208
  0
DICTIONARY
  5
201
330
38
100
AcDbDictionary
280
     1
281
     1
  3
ACAD_XREC_ROUNDTRIP
360
202
  0
DICTIONARY
  5
209
330
3C
100
AcDbDictionary
280
     1
281
     1
  3
ACAD_XREC_ROUNDTRIP
360
20A
  0
DICTIONARY
  5
1F7
330
33
100
AcDbDictionary
280
     1
281
     1
  3
ACAD_XREC_ROUNDTRIP
360
1F8
  0
DICTIONARY
  5
215
330
42
100
AcDbDictionary
280
     1
281
     1
  3
ACAD_XREC_ROUNDTRIP
360
216
  0
DICTIONARY
  5
213
330
41
100
AcDbDictionary
280
     1
281
     1
  3
ACAD_XREC_ROUNDTRIP
360
214
  0
DICTIONARY
  5
20D
330
3E
100
AcDbDictionary
280
     1
281
     1
  3
ACAD_XREC_ROUNDTRIP
360
20E
  0
DICTIONARY
  5
20F
330
3F
100
AcDbDictionary
280
     1
281
     1
  3
ACAD_XREC_ROUNDTRIP
360
210
  0
DICTIONARY
  5
1FF
330
37
100
AcDbDictionary
280
     1
281
     1
  3
ACAD_XREC_ROUNDTRIP
360
200
  0
DICTIONARY
  5
1F1
330
30
100
AcDbDictionary
280
     1
281
     1
  3
ACAD_XREC_ROUNDTRIP
360
1F2
  0
DICTIONARY
  5
211
330
40
100
AcDbDictionary
280
     1
281
     1
  3
ACAD_XREC_ROUNDTRIP
360
212
  0
XRECORD
  5
21B
102
{ACAD_REACTORS
330
21A
102
}
330
21A
100
AcDbXrecord
280
     1
102
ACAD_ROUNDTRIP_2010_MLEADER_STYLE
  0
CELLSTYLEMAP
  5
218
102
{ACAD_REACTORS
330
217
102
}
330
217
100
AcDbCellStyleMap
 90
        3
300
CELLSTYLE
  1
TABLEFORMAT_BEGIN
 90
        5
170
     1
 91
        0
 92
    32768
 62
   257
 93
        1
300
CONTENTFORMAT
  1
CONTENTFORMAT_BEGIN
 90
        0
 91
        0
 92
        4
 93
        0
300

 40
0.0
140
1.0
 94
        5
 62
     0
340
11
144
0.25
309
CONTENTFORMAT_END
171
     1
301
MARGIN
  1
CELLMARGIN_BEGIN
 40
0.06
 40
0.06
 40
0.06
 40
0.06
 40
0.06
 40
0.06
309
CELLMARGIN_END
 94
        6
 95
        1
302
GRIDFORMAT
  1
GRIDFORMAT_BEGIN
 90
        0
 91
        1
 62
     0
 92
       -2
340
14
 93
        0
 40
0.045
309
GRIDFORMAT_END
 95
        2
302
GRIDFORMAT
  1
GRIDFORMAT_BEGIN
 90
        0
 91
        1
 62
     0
 92
       -2
340
14
 93
        0
 40
0.045
309
GRIDFORMAT_END
 95
        4
302
GRIDFORMAT
  1
GRIDFORMAT_BEGIN
 90
        0
 91
        1
 62
     0
 92
       -2
340
14
 93
        0
 40
0.045
309
GRIDFORMAT_END
 95
        8
302
GRIDFORMAT
  1
GRIDFORMAT_BEGIN
 90
        0
 91
        1
 62
     0
 92
       -2
340
14
 93
        0
 40
0.045
309
GRIDFORMAT_END
 95
       16
302
GRIDFORMAT
  1
GRIDFORMAT_BEGIN
 90
        0
 91
        1
 62
     0
 92
       -2
340
14
 93
        0
 40
0.045
309
GRIDFORMAT_END
 95
       32
302
GRIDFORMAT
  1
GRIDFORMAT_BEGIN
 90
        0
 91
        1
 62
     0
 92
       -2
340
14
 93
        0
 40
0.045
309
GRIDFORMAT_END
309
TABLEFORMAT_END
  1
CELLSTYLE_BEGIN
 90
        1
 91
        1
300
_TITLE
309
CELLSTYLE_END
300
CELLSTYLE
  1
TABLEFORMAT_BEGIN
 90
        5
170
     1
 91
        0
 92
        0
 62
   257
 93
        1
300
CONTENTFORMAT
  1
CONTENTFORMAT_BEGIN
 90
        0
 91
        0
 92
        4
 93
        0
300

 40
0.0
140
1.0
 94
        5
 62
     0
340
11
144
0.18
309
CONTENTFORMAT_END
171
     1
301
MARGIN
  1
CELLMARGIN_BEGIN
 40
0.06
 40
0.06
 40
0.06
 40
0.06
 40
0.06
 40
0.06
309
CELLMARGIN_END
 94
        6
 95
        1
302
GRIDFORMAT
  1
GRIDFORMAT_BEGIN
 90
        0
 91
        1
 62
     0
 92
       -2
340
14
 93
        0
 40
0.045
309
GRIDFORMAT_END
 95
        2
302
GRIDFORMAT
  1
GRIDFORMAT_BEGIN
 90
        0
 91
        1
 62
     0
 92
       -2
340
14
 93
        0
 40
0.045
309
GRIDFORMAT_END
 95
        4
302
GRIDFORMAT
  1
GRIDFORMAT_BEGIN
 90
        0
 91
        1
 62
     0
 92
       -2
340
14
 93
        0
 40
0.045
309
GRIDFORMAT_END
 95
        8
302
GRIDFORMAT
  1
GRIDFORMAT_BEGIN
 90
        0
 91
        1
 62
     0
 92
       -2
340
14
 93
        0
 40
0.045
309
GRIDFORMAT_END
 95
       16
302
GRIDFORMAT
  1
GRIDFORMAT_BEGIN
 90
        0
 91
        1
 62
     0
 92
       -2
340
14
 93
        0
 40
0.045
309
GRIDFORMAT_END
 95
       32
302
GRIDFORMAT
  1
GRIDFORMAT_BEGIN
 90
        0
 91
        1
 62
     0
 92
       -2
340
14
 93
        0
 40
0.045
309
GRIDFORMAT_END
309
TABLEFORMAT_END
  1
CELLSTYLE_BEGIN
 90
        2
 91
        1
300
_HEADER
309
CELLSTYLE_END
300
CELLSTYLE
  1
TABLEFORMAT_BEGIN
 90
        5
170
     1
 91
        0
 92
        0
 62
   257
 93
        1
300
CONTENTFORMAT
  1
CONTENTFORMAT_BEGIN
 90
        0
 91
        0
 92
        4
 93
        0
300

 40
0.0
140
1.0
 94
        2
 62
     0
340
11
144
0.18
309
CONTENTFORMAT_END
171
     1
301
MARGIN
  1
CELLMARGIN_BEGIN
 40
0.06
 40
0.06
 40
0.06
 40
0.06
 40
0.06
 40
0.06
309
CELLMARGIN_END
 94
        6
 95
        1
302
GRIDFORMAT
  1
GRIDFORMAT_BEGIN
 90
        0
 91
        1
 62
     0
 92
       -2
340
14
 93
        0
 40
0.045
309
GRIDFORMAT_END
 95
        2
302
GRIDFORMAT
  1
GRIDFORMAT_BEGIN
 90
        0
 91
        1
 62
     0
 92
       -2
340
14
 93
        0
 40
0.045
309
GRIDFORMAT_END
 95
        4
302
GRIDFORMAT
  1
GRIDFORMAT_BEGIN
 90
        0
 91
        1
 62
     0
 92
       -2
340
14
 93
        0
 40
0.045
309
GRIDFORMAT_END
 95
        8
302
GRIDFORMAT
  1
GRIDFORMAT_BEGIN
 90
        0
 91
        1
 62
     0
 92
       -2
340
14
 93
        0
 40
0.045
309
GRIDFORMAT_END
 95
       16
302
GRIDFORMAT
  1
GRIDFORMAT_BEGIN
 90
        0
 91
        1
 62
     0
 92
       -2
340
14
 93
        0
 40
0.045
309
GRIDFORMAT_END
 95
       32
302
GRIDFORMAT
  1
GRIDFORMAT_BEGIN
 90
        0
 91
        1
 62
     0
 92
       -2
340
14
 93
        0
 40
0.045
309
GRIDFORMAT_END
309
TABLEFORMAT_END
  1
CELLSTYLE_BEGIN
 90
        3
 91
        2
300
_DATA
309
CELLSTYLE_END
  0
XRECORD
  5
1F0
102
{ACAD_REACTORS
330
1EF
102
}
330
1EF
100
AcDbXrecord
280
     1
102
RTVSPropertyOp0
 70
     1
102
RTVSPropertyOp1
 70
     1
102
RTVSPropertyOp2
 70
     1
102
RTVSPropertyOp3
 70
     1
102
RTVSPropertyOp4
 70
     1
102
RTVSPropertyOp5
 70
     1
102
RTVSPropertyOp6
 70
     1
102
RTVSPropertyOp7
 70
     1
102
RTVSPropertyOp8
 70
     1
102
RTVSPropertyOp9
 70
     1
102
RTVSPropertyOp10
 70
     1
102
RTVSPropertyOp11
 70
     1
102
RTVSPropertyOp12
 70
     1
102
RTVSPropertyOp13
 70
     1
102
RTVSPropertyOp14
 70
     1
102
RTVSPropertyOp15
 70
     1
102
RTVSPropertyOp16
 70
     1
102
RTVSPropertyOp17
 70
     1
102
RTVSPropertyOp18
 70
     1
102
RTVSPropertyOp19
 70
     1
102
RTVSPropertyOp20
 70
     1
102
RTVSPropertyOp21
 70
     1
102
RTVSPropertyOp22
 70
     1
102
RTVSPropertyOp23
 70
     1
102
RTVSPropertyOp24
 70
     1
102
RTVSPropertyOp25
 70
     1
102
RTVSPropertyOp26
 70
     1
102
RTVSPropertyOp27
 70
     1
102
RTVSPropertyOp28
 70
     1
102
RTVSPropertyOp29
 70
     1
102
RTVSPropertyOp30
 70
     1
102
RTVSPropertyOp31
 70
     1
102
RTVSPropertyOp32
 70
     1
102
RTVSPropertyOp33
 70
     1
102
RTVSPropertyOp34
 70
     1
102
RTVSPropertyOp35
 70
     1
102
RTVSPropertyOp36
 70
     1
102
RTVSPropertyOp37
 70
     1
102
RTVSPropertyOp38
 70
     1
102
RTVSPropertyOp39
 70
     1
102
RTVSPropertyOp40
 70
     1
102
RTVSPropertyOp41
 70
     1
102
RTVSPropertyOp42
 70
     1
102
RTVSPropertyOp43
 70
     1
102
RTVSPropertyOp44
 70
     1
102
RTVSPropertyOp45
 70
     1
102
RTVSPropertyOp46
 70
     1
102
RTVSPropertyOp47
 70
     1
102
RTVSPropertyOp48
 70
     1
102
RTVSPropertyOp49
 70
     1
102
RTVSPropertyOp50
 70
     1
102
RTVSPropertyOp51
 70
     0
102
RTVSPropertyOp52
 70
     0
102
RTVSPropertyOp53
 70
     1
102
RTVSPropertyOp54
 70
     1
102
RTVSPropertyOp55
 70
     1
102
RTVSPropertyOp56
 70
     1
102
RTVSPropertyOp57
 70
     1
102
RTVSPost2010Prop28
280
     1
102
RTVSPost2010PropOp28
 70
     1
102
RTVSPost2010Prop29
280
     1
102
RTVSPost2010PropOp29
 70
     1
102
RTVSPost2010Prop30
280
     0
102
RTVSPost2010PropOp30
 70
     1
102
RTVSPost2010Prop31
280
     0
102
RTVSPost2010PropOp31
 70
     1
102
RTVSPost2010Prop32
280
     0
102
RTVSPost2010PropOp32
 70
     1
102
RTVSPost2010Prop33
280
     0
102
RTVSPost2010PropOp33
 70
     1
102
RTVSPost2010Prop34
280
     0
102
RTVSPost2010PropOp34
 70
     1
102
RTVSPost2010Prop35
280
     0
102
RTVSPost2010PropOp35
 70
     1
102
RTVSPost2010Prop36
280
     0
102
RTVSPost2010PropOp36
 70
     1
102
RTVSPost2010Prop37
 90
       50
102
RTVSPost2010PropOp37
 70
     1
102
RTVSPost2010Prop38
140
0.0
102
RTVSPost2010PropOp38
 70
     1
102
RTVSPost2010Prop39
140
1.0
102
RTVSPost2010PropOp39
 70
     1
102
RTVSPost2010Prop40
 90
        0
102
RTVSPost2010PropOp40
 70
     1
102
RTVSPost2010Prop41ColorIndex
 90
       18
102
RTVSPost2010Prop41ColorRGB
 90
        0
102
RTVSPost2010PropOp41
 70
     1
102
RTVSPost2010Prop42
 90
       50
102
RTVSPost2010PropOp42
 70
     1
102
RTVSPost2010Prop43
 90
        3
102
RTVSPost2010PropOp43
 70
     1
102
RTVSPost2010Prop44ColorIndex
 90
        5
102
RTVSPost2010Prop44ColorRGB
 90
      255
102
RTVSPost2010PropOp44
 70
     1
102
RTVSPost2010Prop45
280
     0
102
RTVSPost2010PropOp45
 70
     1
102
RTVSPost2010Prop46
 90
       50
102
RTVSPost2010PropOp46
 70
     1
102
RTVSPost2010Prop47
 90
       50
102
RTVSPost2010PropOp47
 70
     1
102
RTVSPost2010Prop48
 90
       50
102
RTVSPost2010PropOp48
 70
     1
102
RTVSPost2010Prop49
280
     0
102
RTVSPost2010PropOp49
 70
     1
102
RTVSPost2010Prop50
 90
       50
102
RTVSPost2010PropOp50
 70
     1
102
RTVSPost2010Prop51ColorIndex
 90
      256
102
RTVSPost2010Prop51ColorRGB
 90
-16777216
102
RTVSPost2010PropOp51
 70
     0
102
RTVSPost2010Prop52
140
1.0
102
RTVSPost2010PropOp52
 70
     0
102
RTVSPost2010Prop53
 90
        2
102
RTVSPost2010PropOp53
 70
     1
102
RTVSPost2010Prop54
  1
strokes_ogs.tif
102
RTVSPost2010PropOp54
 70
     1
102
RTVSPost2010Prop55
280
     0
102
RTVSPost2010PropOp55
 70
     1
102
RTVSPost2010Prop56
140
1.0
102
RTVSPost2010PropOp56
 70
     1
102
RTVSPost2010Prop57
140
1.0
102
RTVSPost2010PropOp57
 70
     1
  0
XRECORD
  5
1F6
102
{ACAD_REACTORS
330
1F5
102
}
330
1F5
100
AcDbXrecord
280
     1
102
RTVSPropertyOp0
 70
     1
102
RTVSPropertyOp1
 70
     1
102
RTVSPropertyOp2
 70
     1
102
RTVSPropertyOp3
 70
     1
102
RTVSPropertyOp4
 70
     1
102
RTVSPropertyOp5
 70
     1
102
RTVSPropertyOp6
 70
     1
102
RTVSPropertyOp7
 70
     1
102
RTVSPropertyOp8
 70
     1
102
RTVSPropertyOp9
 70
     1
102
RTVSPropertyOp10
 70
     1
102
RTVSPropertyOp11
 70
     1
102
RTVSPropertyOp12
 70
     1
102
RTVSPropertyOp13
 70
     1
102
RTVSPropertyOp14
 70
     1
102
RTVSPropertyOp15
 70
     1
102
RTVSPropertyOp16
 70
     1
102
RTVSPropertyOp17
 70
     1
102
RTVSPropertyOp18
 70
     1
102
RTVSPropertyOp19
 70
     1
102
RTVSPropertyOp20
 70
     1
102
RTVSPropertyOp21
 70
     1
102
RTVSPropertyOp22
 70
     1
102
RTVSPropertyOp23
 70
     1
102
RTVSPropertyOp24
 70
     1
102
RTVSPropertyOp25
 70
     1
102
RTVSPropertyOp26
 70
     1
102
RTVSPropertyOp27
 70
     1
102
RTVSPropertyOp28
 70
     1
102
RTVSPropertyOp29
 70
     1
102
RTVSPropertyOp30
 70
     1
102
RTVSPropertyOp31
 70
     1
102
RTVSPropertyOp32
 70
     1
102
RTVSPropertyOp33
 70
     1
102
RTVSPropertyOp34
 70
     1
102
RTVSPropertyOp35
 70
     1
102
RTVSPropertyOp36
 70
     1
102
RTVSPropertyOp37
 70
     1
102
RTVSPropertyOp38
 70
     1
102
RTVSPropertyOp39
 70
     1
102
RTVSPropertyOp40
 70
     1
102
RTVSPropertyOp41
 70
     1
102
RTVSPropertyOp42
 70
     1
102
RTVSPropertyOp43
 70
     1
102
RTVSPropertyOp44
 70
     1
102
RTVSPropertyOp45
 70
     1
102
RTVSPropertyOp46
 70
     1
102
RTVSPropertyOp47
 70
     1
102
RTVSPropertyOp48
 70
     1
102
RTVSPropertyOp49
 70
     1
102
RTVSPropertyOp50
 70
     1
102
RTVSPropertyOp51
 70
     0
102
RTVSPropertyOp52
 70
     0
102
RTVSPropertyOp53
 70
     1
102
RTVSPropertyOp54
 70
     1
102
RTVSPropertyOp55
 70
     1
102
RTVSPropertyOp56
 70
     1
102
RTVSPropertyOp57
 70
     1
102
RTVSPost2010Prop28
280
     0
102
RTVSPost2010PropOp28
 70
     1
102
RTVSPost2010Prop29
280
     1
102
RTVSPost2010PropOp29
 70
     1
102
RTVSPost2010Prop30
280
     1
102
RTVSPost2010PropOp30
 70
     1
102
RTVSPost2010Prop31
280
     0
102
RTVSPost2010PropOp31
 70
     1
102
RTVSPost2010Prop32
280
     0
102
RTVSPost2010PropOp32
 70
     1
102
RTVSPost2010Prop33
280
     0
102
RTVSPost2010PropOp33
 70
     1
102
RTVSPost2010Prop34
280
     0
102
RTVSPost2010PropOp34
 70
     1
102
RTVSPost2010Prop35
280
     0
102
RTVSPost2010PropOp35
 70
     1
102
RTVSPost2010Prop36
280
     0
102
RTVSPost2010PropOp36
 70
     1
102
RTVSPost2010Prop37
 90
       50
102
RTVSPost2010PropOp37
 70
     1
102
RTVSPost2010Prop38
140
0.0
102
RTVSPost2010PropOp38
 70
     1
102
RTVSPost2010Prop39
140
1.0
102
RTVSPost2010PropOp39
 70
     1
102
RTVSPost2010Prop40
 90
        0
102
RTVSPost2010PropOp40
 70
     1
102
RTVSPost2010Prop41ColorIndex
 90
       18
102
RTVSPost2010Prop41ColorRGB
 90
        0
102
RTVSPost2010PropOp41
 70
     1
102
RTVSPost2010Prop42
 90
       50
102
RTVSPost2010PropOp42
 70
     1
102
RTVSPost2010Prop43
 90
        3
102
RTVSPost2010PropOp43
 70
     1
102
RTVSPost2010Prop44ColorIndex
 90
        5
102
RTVSPost2010Prop44ColorRGB
 90
      255
102
RTVSPost2010PropOp44
 70
     1
102
RTVSPost2010Prop45
280
     0
102
RTVSPost2010PropOp45
 70
     1
102
RTVSPost2010Prop46
 90
       50
102
RTVSPost2010PropOp46
 70
     1
102
RTVSPost2010Prop47
 90
       50
102
RTVSPost2010PropOp47
 70
     1
102
RTVSPost2010Prop48
 90
       50
102
RTVSPost2010PropOp48
 70
     1
102
RTVSPost2010Prop49
280
     0
102
RTVSPost2010PropOp49
 70
     1
102
RTVSPost2010Prop50
 90
       50
102
RTVSPost2010PropOp50
 70
     1
102
RTVSPost2010Prop51ColorIndex
 90
      256
102
RTVSPost2010Prop51ColorRGB
 90
-16777216
102
RTVSPost2010PropOp51
 70
     0
102
RTVSPost2010Prop52
140
1.0
102
RTVSPost2010PropOp52
 70
     0
102
RTVSPost2010Prop53
 90
        2
102
RTVSPost2010PropOp53
 70
     1
102
RTVSPost2010Prop54
  1
strokes_ogs.tif
102
RTVSPost2010PropOp54
 70
     1
102
RTVSPost2010Prop55
280
     0
102
RTVSPost2010PropOp55
 70
     1
102
RTVSPost2010Prop56
140
1.0
102
RTVSPost2010PropOp56
 70
     1
102
RTVSPost2010Prop57
140
1.0
102
RTVSPost2010PropOp57
 70
     1
  0
XRECORD
  5
1FE
102
{ACAD_REACTORS
330
1FD
102
}
330
1FD
100
AcDbXrecord
280
     1
102
RTVSPropertyOp0
 70
     1
102
RTVSPropertyOp1
 70
     1
102
RTVSPropertyOp2
 70
     1
102
RTVSPropertyOp3
 70
     1
102
RTVSPropertyOp4
 70
     1
102
RTVSPropertyOp5
 70
     1
102
RTVSPropertyOp6
 70
     1
102
RTVSPropertyOp7
 70
     1
102
RTVSPropertyOp8
 70
     1
102
RTVSPropertyOp9
 70
     1
102
RTVSPropertyOp10
 70
     1
102
RTVSPropertyOp11
 70
     1
102
RTVSPropertyOp12
 70
     1
102
RTVSPropertyOp13
 70
     1
102
RTVSPropertyOp14
 70
     1
102
RTVSPropertyOp15
 70
     1
102
RTVSPropertyOp16
 70
     1
102
RTVSPropertyOp17
 70
     1
102
RTVSPropertyOp18
 70
     1
102
RTVSPropertyOp19
 70
     1
102
RTVSPropertyOp20
 70
     1
102
RTVSPropertyOp21
 70
     1
102
RTVSPropertyOp22
 70
     1
102
RTVSPropertyOp23
 70
     1
102
RTVSPropertyOp24
 70
     1
102
RTVSPropertyOp25
 70
     1
102
RTVSPropertyOp26
 70
     1
102
RTVSPropertyOp27
 70
     1
102
RTVSPropertyOp28
 70
     1
102
RTVSPropertyOp29
 70
     1
102
RTVSPropertyOp30
 70
     1
102
RTVSPropertyOp31
 70
     1
102
RTVSPropertyOp32
 70
     1
102
RTVSPropertyOp33
 70
     1
102
RTVSPropertyOp34
 70
     1
102
RTVSPropertyOp35
 70
     1
102
RTVSPropertyOp36
 70
     1
102
RTVSPropertyOp37
 70
     1
102
RTVSPropertyOp38
 70
     1
102
RTVSPropertyOp39
 70
     1
102
RTVSPropertyOp40
 70
     1
102
RTVSPropertyOp41
 70
     1
102
RTVSPropertyOp42
 70
     1
102
RTVSPropertyOp43
 70
     1
102
RTVSPropertyOp44
 70
     1
102
RTVSPropertyOp45
 70
     1
102
RTVSPropertyOp46
 70
     1
102
RTVSPropertyOp47
 70
     1
102
RTVSPropertyOp48
 70
     1
102
RTVSPropertyOp49
 70
     1
102
RTVSPropertyOp50
 70
     1
102
RTVSPropertyOp51
 70
     0
102
RTVSPropertyOp52
 70
     0
102
RTVSPropertyOp53
 70
     1
102
RTVSPropertyOp54
 70
     1
102
RTVSPropertyOp55
 70
     1
102
RTVSPropertyOp56
 70
     1
102
RTVSPropertyOp57
 70
     1
102
RTVSPost2010Prop28
280
     0
102
RTVSPost2010PropOp28
 70
     1
102
RTVSPost2010Prop29
280
     1
102
RTVSPost2010PropOp29
 70
     1
102
RTVSPost2010Prop30
280
     1
102
RTVSPost2010PropOp30
 70
     1
102
RTVSPost2010Prop31
280
     0
102
RTVSPost2010PropOp31
 70
     1
102
RTVSPost2010Prop32
280
     0
102
RTVSPost2010PropOp32
 70
     1
102
RTVSPost2010Prop33
280
     0
102
RTVSPost2010PropOp33
 70
     1
102
RTVSPost2010Prop34
280
     0
102
RTVSPost2010PropOp34
 70
     1
102
RTVSPost2010Prop35
280
     0
102
RTVSPost2010PropOp35
 70
     1
102
RTVSPost2010Prop36
280
     0
102
RTVSPost2010PropOp36
 70
     1
102
RTVSPost2010Prop37
 90
       50
102
RTVSPost2010PropOp37
 70
     1
102
RTVSPost2010Prop38
140
0.0
102
RTVSPost2010PropOp38
 70
     1
102
RTVSPost2010Prop39
140
1.0
102
RTVSPost2010PropOp39
 70
     1
102
RTVSPost2010Prop40
 90
        0
102
RTVSPost2010PropOp40
 70
     1
102
RTVSPost2010Prop41ColorIndex
 90
       18
102
RTVSPost2010Prop41ColorRGB
 90
        0
102
RTVSPost2010PropOp41
 70
     1
102
RTVSPost2010Prop42
 90
       50
102
RTVSPost2010PropOp42
 70
     1
102
RTVSPost2010Prop43
 90
        3
102
RTVSPost2010PropOp43
 70
     1
102
RTVSPost2010Prop44ColorIndex
 90
        5
102
RTVSPost2010Prop44ColorRGB
 90
      255
102
RTVSPost2010PropOp44
 70
     1
102
RTVSPost2010Prop45
280
     0
102
RTVSPost2010PropOp45
 70
     1
102
RTVSPost2010Prop46
 90
       50
102
RTVSPost2010PropOp46
 70
     1
102
RTVSPost2010Prop47
 90
       50
102
RTVSPost2010PropOp47
 70
     1
102
RTVSPost2010Prop48
 90
       50
102
RTVSPost2010PropOp48
 70
     1
102
RTVSPost2010Prop49
280
     0
102
RTVSPost2010PropOp49
 70
     1
102
RTVSPost2010Prop50
 90
       50
102
RTVSPost2010PropOp50
 70
     1
102
RTVSPost2010Prop51ColorIndex
 90
      256
102
RTVSPost2010Prop51ColorRGB
 90
-16777216
102
RTVSPost2010PropOp51
 70
     0
102
RTVSPost2010Prop52
140
1.0
102
RTVSPost2010PropOp52
 70
     0
102
RTVSPost2010Prop53
 90
        2
102
RTVSPost2010PropOp53
 70
     1
102
RTVSPost2010Prop54
  1
strokes_ogs.tif
102
RTVSPost2010PropOp54
 70
     1
102
RTVSPost2010Prop55
280
     0
102
RTVSPost2010PropOp55
 70
     1
102
RTVSPost2010Prop56
140
1.0
102
RTVSPost2010PropOp56
 70
     1
102
RTVSPost2010Prop57
140
1.0
102
RTVSPost2010PropOp57
 70
     1
  0
XRECORD
  5
206
102
{ACAD_REACTORS
330
205
102
}
330
205
100
AcDbXrecord
280
     1
102
RTVSPropertyOp0
 70
     1
102
RTVSPropertyOp1
 70
     1
102
RTVSPropertyOp2
 70
     1
102
RTVSPropertyOp3
 70
     1
102
RTVSPropertyOp4
 70
     1
102
RTVSPropertyOp5
 70
     1
102
RTVSPropertyOp6
 70
     1
102
RTVSPropertyOp7
 70
     1
102
RTVSPropertyOp8
 70
     1
102
RTVSPropertyOp9
 70
     1
102
RTVSPropertyOp10
 70
     1
102
RTVSPropertyOp11
 70
     1
102
RTVSPropertyOp12
 70
     1
102
RTVSPropertyOp13
 70
     1
102
RTVSPropertyOp14
 70
     1
102
RTVSPropertyOp15
 70
     1
102
RTVSPropertyOp16
 70
     1
102
RTVSPropertyOp17
 70
     1
102
RTVSPropertyOp18
 70
     1
102
RTVSPropertyOp19
 70
     1
102
RTVSPropertyOp20
 70
     1
102
RTVSPropertyOp21
 70
     1
102
RTVSPropertyOp22
 70
     1
102
RTVSPropertyOp23
 70
     1
102
RTVSPropertyOp24
 70
     1
102
RTVSPropertyOp25
 70
     1
102
RTVSPropertyOp26
 70
     1
102
RTVSPropertyOp27
 70
     1
102
RTVSPropertyOp28
 70
     1
102
RTVSPropertyOp29
 70
     1
102
RTVSPropertyOp30
 70
     1
102
RTVSPropertyOp31
 70
     1
102
RTVSPropertyOp32
 70
     1
102
RTVSPropertyOp33
 70
     1
102
RTVSPropertyOp34
 70
     1
102
RTVSPropertyOp35
 70
     1
102
RTVSPropertyOp36
 70
     1
102
RTVSPropertyOp37
 70
     1
102
RTVSPropertyOp38
 70
     1
102
RTVSPropertyOp39
 70
     1
102
RTVSPropertyOp40
 70
     1
102
RTVSPropertyOp41
 70
     1
102
RTVSPropertyOp42
 70
     1
102
RTVSPropertyOp43
 70
     1
102
RTVSPropertyOp44
 70
     1
102
RTVSPropertyOp45
 70
     1
102
RTVSPropertyOp46
 70
     1
102
RTVSPropertyOp47
 70
     1
102
RTVSPropertyOp48
 70
     1
102
RTVSPropertyOp49
 70
     1
102
RTVSPropertyOp50
 70
     1
102
RTVSPropertyOp51
 70
     0
102
RTVSPropertyOp52
 70
     0
102
RTVSPropertyOp53
 70
     1
102
RTVSPropertyOp54
 70
     1
102
RTVSPropertyOp55
 70
     1
102
RTVSPropertyOp56
 70
     1
102
RTVSPropertyOp57
 70
     1
102
RTVSPost2010Prop28
280
     0
102
RTVSPost2010PropOp28
 70
     1
102
RTVSPost2010Prop29
280
     1
102
RTVSPost2010PropOp29
 70
     1
102
RTVSPost2010Prop30
280
     1
102
RTVSPost2010PropOp30
 70
     1
102
RTVSPost2010Prop31
280
     0
102
RTVSPost2010PropOp31
 70
     1
102
RTVSPost2010Prop32
280
     0
102
RTVSPost2010PropOp32
 70
     1
102
RTVSPost2010Prop33
280
     0
102
RTVSPost2010PropOp33
 70
     1
102
RTVSPost2010Prop34
280
     0
102
RTVSPost2010PropOp34
 70
     1
102
RTVSPost2010Prop35
280
     0
102
RTVSPost2010PropOp35
 70
     1
102
RTVSPost2010Prop36
280
     0
102
RTVSPost2010PropOp36
 70
     1
102
RTVSPost2010Prop37
 90
       50
102
RTVSPost2010PropOp37
 70
     1
102
RTVSPost2010Prop38
140
0.0
102
RTVSPost2010PropOp38
 70
     1
102
RTVSPost2010Prop39
140
1.0
102
RTVSPost2010PropOp39
 70
     1
102
RTVSPost2010Prop40
 90
        0
102
RTVSPost2010PropOp40
 70
     1
102
RTVSPost2010Prop41ColorIndex
 90
       18
102
RTVSPost2010Prop41ColorRGB
 90
        0
102
RTVSPost2010PropOp41
 70
     1
102
RTVSPost2010Prop42
 90
       50
102
RTVSPost2010PropOp42
 70
     1
102
RTVSPost2010Prop43
 90
        3
102
RTVSPost2010PropOp43
 70
     1
102
RTVSPost2010Prop44ColorIndex
 90
        5
102
RTVSPost2010Prop44ColorRGB
 90
      255
102
RTVSPost2010PropOp44
 70
     1
102
RTVSPost2010Prop45
280
     0
102
RTVSPost2010PropOp45
 70
     1
102
RTVSPost2010Prop46
 90
       50
102
RTVSPost2010PropOp46
 70
     1
102
RTVSPost2010Prop47
 90
       50
102
RTVSPost2010PropOp47
 70
     1
102
RTVSPost2010Prop48
 90
       50
102
RTVSPost2010PropOp48
 70
     1
102
RTVSPost2010Prop49
280
     0
102
RTVSPost2010PropOp49
 70
     1
102
RTVSPost2010Prop50
 90
       50
102
RTVSPost2010PropOp50
 70
     1
102
RTVSPost2010Prop51ColorIndex
 90
      256
102
RTVSPost2010Prop51ColorRGB
 90
-16777216
102
RTVSPost2010PropOp51
 70
     0
102
RTVSPost2010Prop52
140
1.0
102
RTVSPost2010PropOp52
 70
     0
102
RTVSPost2010Prop53
 90
        2
102
RTVSPost2010PropOp53
 70
     1
102
RTVSPost2010Prop54
  1
strokes_ogs.tif
102
RTVSPost2010PropOp54
 70
     1
102
RTVSPost2010Prop55
280
     0
102
RTVSPost2010PropOp55
 70
     1
102
RTVSPost2010Prop56
140
1.0
102
RTVSPost2010PropOp56
 70
     1
102
RTVSPost2010Prop57
140
1.0
102
RTVSPost2010PropOp57
 70
     1
  0
XRECORD
  5
1FA
102
{ACAD_REACTORS
330
1F9
102
}
330
1F9
100
AcDbXrecord
280
     1
102
RTVSPropertyOp0
 70
     1
102
RTVSPropertyOp1
 70
     1
102
RTVSPropertyOp2
 70
     1
102
RTVSPropertyOp3
 70
     1
102
RTVSPropertyOp4
 70
     1
102
RTVSPropertyOp5
 70
     1
102
RTVSPropertyOp6
 70
     1
102
RTVSPropertyOp7
 70
     1
102
RTVSPropertyOp8
 70
     1
102
RTVSPropertyOp9
 70
     1
102
RTVSPropertyOp10
 70
     1
102
RTVSPropertyOp11
 70
     1
102
RTVSPropertyOp12
 70
     1
102
RTVSPropertyOp13
 70
     1
102
RTVSPropertyOp14
 70
     1
102
RTVSPropertyOp15
 70
     1
102
RTVSPropertyOp16
 70
     1
102
RTVSPropertyOp17
 70
     1
102
RTVSPropertyOp18
 70
     1
102
RTVSPropertyOp19
 70
     1
102
RTVSPropertyOp20
 70
     1
102
RTVSPropertyOp21
 70
     1
102
RTVSPropertyOp22
 70
     1
102
RTVSPropertyOp23
 70
     1
102
RTVSPropertyOp24
 70
     1
102
RTVSPropertyOp25
 70
     1
102
RTVSPropertyOp26
 70
     1
102
RTVSPropertyOp27
 70
     1
102
RTVSPropertyOp28
 70
     1
102
RTVSPropertyOp29
 70
     1
102
RTVSPropertyOp30
 70
     1
102
RTVSPropertyOp31
 70
     1
102
RTVSPropertyOp32
 70
     1
102
RTVSPropertyOp33
 70
     1
102
RTVSPropertyOp34
 70
     1
102
RTVSPropertyOp35
 70
     1
102
RTVSPropertyOp36
 70
     1
102
RTVSPropertyOp37
 70
     1
102
RTVSPropertyOp38
 70
     1
102
RTVSPropertyOp39
 70
     1
102
RTVSPropertyOp40
 70
     1
102
RTVSPropertyOp41
 70
     1
102
RTVSPropertyOp42
 70
     1
102
RTVSPropertyOp43
 70
     1
102
RTVSPropertyOp44
 70
     1
102
RTVSPropertyOp45
 70
     1
102
RTVSPropertyOp46
 70
     1
102
RTVSPropertyOp47
 70
     1
102
RTVSPropertyOp48
 70
     1
102
RTVSPropertyOp49
 70
     1
102
RTVSPropertyOp50
 70
     1
102
RTVSPropertyOp51
 70
     0
102
RTVSPropertyOp52
 70
     0
102
RTVSPropertyOp53
 70
     1
102
RTVSPropertyOp54
 70
     1
102
RTVSPropertyOp55
 70
     1
102
RTVSPropertyOp56
 70
     1
102
RTVSPropertyOp57
 70
     1
102
RTVSPost2010Prop28
280
     0
102
RTVSPost2010PropOp28
 70
     1
102
RTVSPost2010Prop29
280
     1
102
RTVSPost2010PropOp29
 70
     1
102
RTVSPost2010Prop30
280
     1
102
RTVSPost2010PropOp30
 70
     1
102
RTVSPost2010Prop31
280
     0
102
RTVSPost2010PropOp31
 70
     1
102
RTVSPost2010Prop32
280
     0
102
RTVSPost2010PropOp32
 70
     1
102
RTVSPost2010Prop33
280
     0
102
RTVSPost2010PropOp33
 70
     1
102
RTVSPost2010Prop34
280
     0
102
RTVSPost2010PropOp34
 70
     1
102
RTVSPost2010Prop35
280
     0
102
RTVSPost2010PropOp35
 70
     1
102
RTVSPost2010Prop36
280
     0
102
RTVSPost2010PropOp36
 70
     1
102
RTVSPost2010Prop37
 90
       50
102
RTVSPost2010PropOp37
 70
     1
102
RTVSPost2010Prop38
140
0.0
102
RTVSPost2010PropOp38
 70
     1
102
RTVSPost2010Prop39
140
1.0
102
RTVSPost2010PropOp39
 70
     1
102
RTVSPost2010Prop40
 90
        0
102
RTVSPost2010PropOp40
 70
     1
102
RTVSPost2010Prop41ColorIndex
 90
       18
102
RTVSPost2010Prop41ColorRGB
 90
        0
102
RTVSPost2010PropOp41
 70
     1
102
RTVSPost2010Prop42
 90
       50
102
RTVSPost2010PropOp42
 70
     1
102
RTVSPost2010Prop43
 90
        3
102
RTVSPost2010PropOp43
 70
     1
102
RTVSPost2010Prop44ColorIndex
 90
        5
102
RTVSPost2010Prop44ColorRGB
 90
      255
102
RTVSPost2010PropOp44
 70
     1
102
RTVSPost2010Prop45
280
     0
102
RTVSPost2010PropOp45
 70
     1
102
RTVSPost2010Prop46
 90
       50
102
RTVSPost2010PropOp46
 70
     1
102
RTVSPost2010Prop47
 90
       50
102
RTVSPost2010PropOp47
 70
     1
102
RTVSPost2010Prop48
 90
       50
102
RTVSPost2010PropOp48
 70
     1
102
RTVSPost2010Prop49
280
     0
102
RTVSPost2010PropOp49
 70
     1
102
RTVSPost2010Prop50
 90
       50
102
RTVSPost2010PropOp50
 70
     1
102
RTVSPost2010Prop51ColorIndex
 90
      256
102
RTVSPost2010Prop51ColorRGB
 90
-16777216
102
RTVSPost2010PropOp51
 70
     0
102
RTVSPost2010Prop52
140
1.0
102
RTVSPost2010PropOp52
 70
     0
102
RTVSPost2010Prop53
 90
        2
102
RTVSPost2010PropOp53
 70
     1
102
RTVSPost2010Prop54
  1
strokes_ogs.tif
102
RTVSPost2010PropOp54
 70
     1
102
RTVSPost2010Prop55
280
     0
102
RTVSPost2010PropOp55
 70
     1
102
RTVSPost2010Prop56
140
1.0
102
RTVSPost2010PropOp56
 70
     1
102
RTVSPost2010Prop57
140
1.0
102
RTVSPost2010PropOp57
 70
     1
  0
XRECORD
  5
1FC
102
{ACAD_REACTORS
330
1FB
102
}
330
1FB
100
AcDbXrecord
280
     1
102
RTVSPropertyOp0
 70
     1
102
RTVSPropertyOp1
 70
     1
102
RTVSPropertyOp2
 70
     1
102
RTVSPropertyOp3
 70
     1
102
RTVSPropertyOp4
 70
     1
102
RTVSPropertyOp5
 70
     1
102
RTVSPropertyOp6
 70
     1
102
RTVSPropertyOp7
 70
     1
102
RTVSPropertyOp8
 70
     1
102
RTVSPropertyOp9
 70
     1
102
RTVSPropertyOp10
 70
     1
102
RTVSPropertyOp11
 70
     1
102
RTVSPropertyOp12
 70
     1
102
RTVSPropertyOp13
 70
     1
102
RTVSPropertyOp14
 70
     1
102
RTVSPropertyOp15
 70
     1
102
RTVSPropertyOp16
 70
     1
102
RTVSPropertyOp17
 70
     1
102
RTVSPropertyOp18
 70
     1
102
RTVSPropertyOp19
 70
     1
102
RTVSPropertyOp20
 70
     1
102
RTVSPropertyOp21
 70
     1
102
RTVSPropertyOp22
 70
     1
102
RTVSPropertyOp23
 70
     1
102
RTVSPropertyOp24
 70
     1
102
RTVSPropertyOp25
 70
     1
102
RTVSPropertyOp26
 70
     1
102
RTVSPropertyOp27
 70
     1
102
RTVSPropertyOp28
 70
     1
102
RTVSPropertyOp29
 70
     1
102
RTVSPropertyOp30
 70
     1
102
RTVSPropertyOp31
 70
     1
102
RTVSPropertyOp32
 70
     1
102
RTVSPropertyOp33
 70
     1
102
RTVSPropertyOp34
 70
     1
102
RTVSPropertyOp35
 70
     1
102
RTVSPropertyOp36
 70
     1
102
RTVSPropertyOp37
 70
     1
102
RTVSPropertyOp38
 70
     1
102
RTVSPropertyOp39
 70
     1
102
RTVSPropertyOp40
 70
     1
102
RTVSPropertyOp41
 70
     1
102
RTVSPropertyOp42
 70
     1
102
RTVSPropertyOp43
 70
     1
102
RTVSPropertyOp44
 70
     1
102
RTVSPropertyOp45
 70
     1
102
RTVSPropertyOp46
 70
     1
102
RTVSPropertyOp47
 70
     1
102
RTVSPropertyOp48
 70
     1
102
RTVSPropertyOp49
 70
     1
102
RTVSPropertyOp50
 70
     1
102
RTVSPropertyOp51
 70
     0
102
RTVSPropertyOp52
 70
     0
102
RTVSPropertyOp53
 70
     1
102
RTVSPropertyOp54
 70
     1
102
RTVSPropertyOp55
 70
     1
102
RTVSPropertyOp56
 70
     1
102
RTVSPropertyOp57
 70
     1
102
RTVSPost2010Prop28
280
     0
102
RTVSPost2010PropOp28
 70
     1
102
RTVSPost2010Prop29
280
     1
102
RTVSPost2010PropOp29
 70
     1
102
RTVSPost2010Prop30
280
     1
102
RTVSPost2010PropOp30
 70
     1
102
RTVSPost2010Prop31
280
     0
102
RTVSPost2010PropOp31
 70
     1
102
RTVSPost2010Prop32
280
     0
102
RTVSPost2010PropOp32
 70
     1
102
RTVSPost2010Prop33
280
     0
102
RTVSPost2010PropOp33
 70
     1
102
RTVSPost2010Prop34
280
     0
102
RTVSPost2010PropOp34
 70
     1
102
RTVSPost2010Prop35
280
     0
102
RTVSPost2010PropOp35
 70
     1
102
RTVSPost2010Prop36
280
     0
102
RTVSPost2010PropOp36
 70
     1
102
RTVSPost2010Prop37
 90
       50
102
RTVSPost2010PropOp37
 70
     1
102
RTVSPost2010Prop38
140
0.0
102
RTVSPost2010PropOp38
 70
     1
102
RTVSPost2010Prop39
140
1.0
102
RTVSPost2010PropOp39
 70
     1
102
RTVSPost2010Prop40
 90
        0
102
RTVSPost2010PropOp40
 70
     1
102
RTVSPost2010Prop41ColorIndex
 90
       18
102
RTVSPost2010Prop41ColorRGB
 90
        0
102
RTVSPost2010PropOp41
 70
     1
102
RTVSPost2010Prop42
 90
       50
102
RTVSPost2010PropOp42
 70
     1
102
RTVSPost2010Prop43
 90
        3
102
RTVSPost2010PropOp43
 70
     1
102
RTVSPost2010Prop44ColorIndex
 90
        5
102
RTVSPost2010Prop44ColorRGB
 90
      255
102
RTVSPost2010PropOp44
 70
     1
102
RTVSPost2010Prop45
280
     0
102
RTVSPost2010PropOp45
 70
     1
102
RTVSPost2010Prop46
 90
       50
102
RTVSPost2010PropOp46
 70
     1
102
RTVSPost2010Prop47
 90
       50
102
RTVSPost2010PropOp47
 70
     1
102
RTVSPost2010Prop48
 90
       50
102
RTVSPost2010PropOp48
 70
     1
102
RTVSPost2010Prop49
280
     0
102
RTVSPost2010PropOp49
 70
     1
102
RTVSPost2010Prop50
 90
       50
102
RTVSPost2010PropOp50
 70
     1
102
RTVSPost2010Prop51ColorIndex
 90
      256
102
RTVSPost2010Prop51ColorRGB
 90
-16777216
102
RTVSPost2010PropOp51
 70
     0
102
RTVSPost2010Prop52
140
1.0
102
RTVSPost2010PropOp52
 70
     0
102
RTVSPost2010Prop53
 90
        2
102
RTVSPost2010PropOp53
 70
     1
102
RTVSPost2010Prop54
  1
strokes_ogs.tif
102
RTVSPost2010PropOp54
 70
     1
102
RTVSPost2010Prop55
280
     0
102
RTVSPost2010PropOp55
 70
     1
102
RTVSPost2010Prop56
140
1.0
102
RTVSPost2010PropOp56
 70
     1
102
RTVSPost2010Prop57
140
1.0
102
RTVSPost2010PropOp57
 70
     1
  0
XRECORD
  5
20C
102
{ACAD_REACTORS
330
20B
102
}
330
20B
100
AcDbXrecord
280
     1
102
RTVSPropertyOp0
 70
     0
102
RTVSPropertyOp1
 70
     0
102
RTVSPropertyOp2
 70
     0
102
RTVSPropertyOp3
 70
     0
102
RTVSPropertyOp4
 70
     0
102
RTVSPropertyOp5
 70
     0
102
RTVSPropertyOp6
 70
     0
102
RTVSPropertyOp7
 70
     0
102
RTVSPropertyOp8
 70
     0
102
RTVSPropertyOp9
 70
     0
102
RTVSPropertyOp10
 70
     0
102
RTVSPropertyOp11
 70
     0
102
RTVSPropertyOp12
 70
     0
102
RTVSPropertyOp13
 70
     0
102
RTVSPropertyOp14
 70
     2
102
RTVSPropertyOp15
 70
     0
102
RTVSPropertyOp16
 70
     0
102
RTVSPropertyOp17
 70
     0
102
RTVSPropertyOp18
 70
     0
102
RTVSPropertyOp19
 70
     0
102
RTVSPropertyOp20
 70
     0
102
RTVSPropertyOp21
 70
     0
102
RTVSPropertyOp22
 70
     0
102
RTVSPropertyOp23
 70
     0
102
RTVSPropertyOp24
 70
     0
102
RTVSPropertyOp25
 70
     0
102
RTVSPropertyOp26
 70
     0
102
RTVSPropertyOp27
 70
     0
102
RTVSPropertyOp28
 70
     0
102
RTVSPropertyOp29
 70
     0
102
RTVSPropertyOp30
 70
     0
102
RTVSPropertyOp31
 70
     0
102
RTVSPropertyOp32
 70
     0
102
RTVSPropertyOp33
 70
     0
102
RTVSPropertyOp34
 70
     0
102
RTVSPropertyOp35
 70
     0
102
RTVSPropertyOp36
 70
     0
102
RTVSPropertyOp37
 70
     0
102
RTVSPropertyOp38
 70
     0
102
RTVSPropertyOp39
 70
     0
102
RTVSPropertyOp40
 70
     0
102
RTVSPropertyOp41
 70
     0
102
RTVSPropertyOp42
 70
     0
102
RTVSPropertyOp43
 70
     0
102
RTVSPropertyOp44
 70
     0
102
RTVSPropertyOp45
 70
     0
102
RTVSPropertyOp46
 70
     0
102
RTVSPropertyOp47
 70
     0
102
RTVSPropertyOp48
 70
     0
102
RTVSPropertyOp49
 70
     0
102
RTVSPropertyOp50
 70
     0
102
RTVSPropertyOp51
 70
     0
102
RTVSPropertyOp52
 70
     0
102
RTVSPropertyOp53
 70
     0
102
RTVSPropertyOp54
 70
     0
102
RTVSPropertyOp55
 70
     0
102
RTVSPropertyOp56
 70
     0
102
RTVSPropertyOp57
 70
     0
102
RTVSPost2010Prop28
280
     0
102
RTVSPost2010PropOp28
 70
     0
102
RTVSPost2010Prop29
280
     1
102
RTVSPost2010PropOp29
 70
     0
102
RTVSPost2010Prop30
280
     1
102
RTVSPost2010PropOp30
 70
     0
102
RTVSPost2010Prop31
280
     0
102
RTVSPost2010PropOp31
 70
     0
102
RTVSPost2010Prop32
280
     0
102
RTVSPost2010PropOp32
 70
     0
102
RTVSPost2010Prop33
280
     0
102
RTVSPost2010PropOp33
 70
     0
102
RTVSPost2010Prop34
280
     0
102
RTVSPost2010PropOp34
 70
     0
102
RTVSPost2010Prop35
280
     0
102
RTVSPost2010PropOp35
 70
     0
102
RTVSPost2010Prop36
280
     0
102
RTVSPost2010PropOp36
 70
     0
102
RTVSPost2010Prop37
 90
       50
102
RTVSPost2010PropOp37
 70
     0
102
RTVSPost2010Prop38
140
0.0
102
RTVSPost2010PropOp38
 70
     0
102
RTVSPost2010Prop39
140
1.0
102
RTVSPost2010PropOp39
 70
     0
102
RTVSPost2010Prop40
 90
        0
102
RTVSPost2010PropOp40
 70
     0
102
RTVSPost2010Prop41ColorIndex
 90
       18
102
RTVSPost2010Prop41ColorRGB
 90
        0
102
RTVSPost2010PropOp41
 70
     0
102
RTVSPost2010Prop42
 90
       50
102
RTVSPost2010PropOp42
 70
     0
102
RTVSPost2010Prop43
 90
        3
102
RTVSPost2010PropOp43
 70
     0
102
RTVSPost2010Prop44ColorIndex
 90
        5
102
RTVSPost2010Prop44ColorRGB
 90
      255
102
RTVSPost2010PropOp44
 70
     0
102
RTVSPost2010Prop45
280
     0
102
RTVSPost2010PropOp45
 70
     0
102
RTVSPost2010Prop46
 90
       50
102
RTVSPost2010PropOp46
 70
     0
102
RTVSPost2010Prop47
 90
       50
102
RTVSPost2010PropOp47
 70
     0
102
RTVSPost2010Prop48
 90
       50
102
RTVSPost2010PropOp48
 70
     0
102
RTVSPost2010Prop49
280
     0
102
RTVSPost2010PropOp49
 70
     0
102
RTVSPost2010Prop50
 90
       50
102
RTVSPost2010PropOp50
 70
     0
102
RTVSPost2010Prop51ColorIndex
 90
      256
102
RTVSPost2010Prop51ColorRGB
 90
-16777216
102
RTVSPost2010PropOp51
 70
     0
102
RTVSPost2010Prop52
140
1.0
102
RTVSPost2010PropOp52
 70
     0
102
RTVSPost2010Prop53
 90
        2
102
RTVSPost2010PropOp53
 70
     0
102
RTVSPost2010Prop54
  1
strokes_ogs.tif
102
RTVSPost2010PropOp54
 70
     0
102
RTVSPost2010Prop55
280
     0
102
RTVSPost2010PropOp55
 70
     0
102
RTVSPost2010Prop56
140
1.0
102
RTVSPost2010PropOp56
 70
     0
102
RTVSPost2010Prop57
140
1.0
102
RTVSPost2010PropOp57
 70
     0
  0
XRECORD
  5
204
102
{ACAD_REACTORS
330
203
102
}
330
203
100
AcDbXrecord
280
     1
102
RTVSPropertyOp0
 70
     1
102
RTVSPropertyOp1
 70
     1
102
RTVSPropertyOp2
 70
     1
102
RTVSPropertyOp3
 70
     1
102
RTVSPropertyOp4
 70
     1
102
RTVSPropertyOp5
 70
     1
102
RTVSPropertyOp6
 70
     1
102
RTVSPropertyOp7
 70
     1
102
RTVSPropertyOp8
 70
     1
102
RTVSPropertyOp9
 70
     1
102
RTVSPropertyOp10
 70
     1
102
RTVSPropertyOp11
 70
     1
102
RTVSPropertyOp12
 70
     1
102
RTVSPropertyOp13
 70
     1
102
RTVSPropertyOp14
 70
     1
102
RTVSPropertyOp15
 70
     1
102
RTVSPropertyOp16
 70
     1
102
RTVSPropertyOp17
 70
     1
102
RTVSPropertyOp18
 70
     1
102
RTVSPropertyOp19
 70
     1
102
RTVSPropertyOp20
 70
     1
102
RTVSPropertyOp21
 70
     1
102
RTVSPropertyOp22
 70
     1
102
RTVSPropertyOp23
 70
     1
102
RTVSPropertyOp24
 70
     1
102
RTVSPropertyOp25
 70
     1
102
RTVSPropertyOp26
 70
     1
102
RTVSPropertyOp27
 70
     1
102
RTVSPropertyOp28
 70
     1
102
RTVSPropertyOp29
 70
     1
102
RTVSPropertyOp30
 70
     1
102
RTVSPropertyOp31
 70
     1
102
RTVSPropertyOp32
 70
     1
102
RTVSPropertyOp33
 70
     1
102
RTVSPropertyOp34
 70
     1
102
RTVSPropertyOp35
 70
     1
102
RTVSPropertyOp36
 70
     1
102
RTVSPropertyOp37
 70
     1
102
RTVSPropertyOp38
 70
     1
102
RTVSPropertyOp39
 70
     1
102
RTVSPropertyOp40
 70
     1
102
RTVSPropertyOp41
 70
     1
102
RTVSPropertyOp42
 70
     1
102
RTVSPropertyOp43
 70
     1
102
RTVSPropertyOp44
 70
     1
102
RTVSPropertyOp45
 70
     1
102
RTVSPropertyOp46
 70
     1
102
RTVSPropertyOp47
 70
     1
102
RTVSPropertyOp48
 70
     1
102
RTVSPropertyOp49
 70
     1
102
RTVSPropertyOp50
 70
     1
102
RTVSPropertyOp51
 70
     0
102
RTVSPropertyOp52
 70
     0
102
RTVSPropertyOp53
 70
     1
102
RTVSPropertyOp54
 70
     1
102
RTVSPropertyOp55
 70
     1
102
RTVSPropertyOp56
 70
     1
102
RTVSPropertyOp57
 70
     1
102
RTVSPost2010Prop28
280
     0
102
RTVSPost2010PropOp28
 70
     1
102
RTVSPost2010Prop29
280
     1
102
RTVSPost2010PropOp29
 70
     1
102
RTVSPost2010Prop30
280
     1
102
RTVSPost2010PropOp30
 70
     1
102
RTVSPost2010Prop31
280
     0
102
RTVSPost2010PropOp31
 70
     1
102
RTVSPost2010Prop32
280
     0
102
RTVSPost2010PropOp32
 70
     1
102
RTVSPost2010Prop33
280
     0
102
RTVSPost2010PropOp33
 70
     1
102
RTVSPost2010Prop34
280
     0
102
RTVSPost2010PropOp34
 70
     1
102
RTVSPost2010Prop35
280
     0
102
RTVSPost2010PropOp35
 70
     1
102
RTVSPost2010Prop36
280
     0
102
RTVSPost2010PropOp36
 70
     1
102
RTVSPost2010Prop37
 90
       50
102
RTVSPost2010PropOp37
 70
     1
102
RTVSPost2010Prop38
140
0.0
102
RTVSPost2010PropOp38
 70
     1
102
RTVSPost2010Prop39
140
1.0
102
RTVSPost2010PropOp39
 70
     1
102
RTVSPost2010Prop40
 90
        0
102
RTVSPost2010PropOp40
 70
     1
102
RTVSPost2010Prop41ColorIndex
 90
       18
102
RTVSPost2010Prop41ColorRGB
 90
        0
102
RTVSPost2010PropOp41
 70
     1
102
RTVSPost2010Prop42
 90
       50
102
RTVSPost2010PropOp42
 70
     1
102
RTVSPost2010Prop43
 90
        3
102
RTVSPost2010PropOp43
 70
     1
102
RTVSPost2010Prop44ColorIndex
 90
        5
102
RTVSPost2010Prop44ColorRGB
 90
      255
102
RTVSPost2010PropOp44
 70
     1
102
RTVSPost2010Prop45
280
     0
102
RTVSPost2010PropOp45
 70
     1
102
RTVSPost2010Prop46
 90
       50
102
RTVSPost2010PropOp46
 70
     1
102
RTVSPost2010Prop47
 90
       50
102
RTVSPost2010PropOp47
 70
     1
102
RTVSPost2010Prop48
 90
       50
102
RTVSPost2010PropOp48
 70
     1
102
RTVSPost2010Prop49
280
     0
102
RTVSPost2010PropOp49
 70
     1
102
RTVSPost2010Prop50
 90
       50
102
RTVSPost2010PropOp50
 70
     1
102
RTVSPost2010Prop51ColorIndex
 90
      256
102
RTVSPost2010Prop51ColorRGB
 90
-16777216
102
RTVSPost2010PropOp51
 70
     0
102
RTVSPost2010Prop52
140
1.0
102
RTVSPost2010PropOp52
 70
     0
102
RTVSPost2010Prop53
 90
        2
102
RTVSPost2010PropOp53
 70
     1
102
RTVSPost2010Prop54
  1
strokes_ogs.tif
102
RTVSPost2010PropOp54
 70
     1
102
RTVSPost2010Prop55
280
     0
102
RTVSPost2010PropOp55
 70
     1
102
RTVSPost2010Prop56
140
1.0
102
RTVSPost2010PropOp56
 70
     1
102
RTVSPost2010Prop57
140
1.0
102
RTVSPost2010PropOp57
 70
     1
  0
XRECORD
  5
1E8
102
{ACAD_REACTORS
330
1E7
102
}
330
1E7
100
AcDbXrecord
280
     1
102
RTVSPropertyOp0
 70
     1
102
RTVSPropertyOp1
 70
     1
102
RTVSPropertyOp2
 70
     1
102
RTVSPropertyOp3
 70
     1
102
RTVSPropertyOp4
 70
     1
102
RTVSPropertyOp5
 70
     1
102
RTVSPropertyOp6
 70
     1
102
RTVSPropertyOp7
 70
     1
102
RTVSPropertyOp8
 70
     1
102
RTVSPropertyOp9
 70
     1
102
RTVSPropertyOp10
 70
     1
102
RTVSPropertyOp11
 70
     1
102
RTVSPropertyOp12
 70
     1
102
RTVSPropertyOp13
 70
     1
102
RTVSPropertyOp14
 70
     1
102
RTVSPropertyOp15
 70
     1
102
RTVSPropertyOp16
 70
     1
102
RTVSPropertyOp17
 70
     1
102
RTVSPropertyOp18
 70
     1
102
RTVSPropertyOp19
 70
     1
102
RTVSPropertyOp20
 70
     1
102
RTVSPropertyOp21
 70
     1
102
RTVSPropertyOp22
 70
     1
102
RTVSPropertyOp23
 70
     1
102
RTVSPropertyOp24
 70
     1
102
RTVSPropertyOp25
 70
     1
102
RTVSPropertyOp26
 70
     1
102
RTVSPropertyOp27
 70
     1
102
RTVSPropertyOp28
 70
     1
102
RTVSPropertyOp29
 70
     1
102
RTVSPropertyOp30
 70
     1
102
RTVSPropertyOp31
 70
     1
102
RTVSPropertyOp32
 70
     1
102
RTVSPropertyOp33
 70
     1
102
RTVSPropertyOp34
 70
     1
102
RTVSPropertyOp35
 70
     1
102
RTVSPropertyOp36
 70
     1
102
RTVSPropertyOp37
 70
     1
102
RTVSPropertyOp38
 70
     1
102
RTVSPropertyOp39
 70
     1
102
RTVSPropertyOp40
 70
     1
102
RTVSPropertyOp41
 70
     1
102
RTVSPropertyOp42
 70
     1
102
RTVSPropertyOp43
 70
     1
102
RTVSPropertyOp44
 70
     1
102
RTVSPropertyOp45
 70
     1
102
RTVSPropertyOp46
 70
     1
102
RTVSPropertyOp47
 70
     1
102
RTVSPropertyOp48
 70
     1
102
RTVSPropertyOp49
 70
     1
102
RTVSPropertyOp50
 70
     1
102
RTVSPropertyOp51
 70
     0
102
RTVSPropertyOp52
 70
     0
102
RTVSPropertyOp53
 70
     1
102
RTVSPropertyOp54
 70
     1
102
RTVSPropertyOp55
 70
     1
102
RTVSPropertyOp56
 70
     1
102
RTVSPropertyOp57
 70
     1
102
RTVSPost2010Prop28
280
     0
102
RTVSPost2010PropOp28
 70
     1
102
RTVSPost2010Prop29
280
     1
102
RTVSPost2010PropOp29
 70
     1
102
RTVSPost2010Prop30
280
     1
102
RTVSPost2010PropOp30
 70
     1
102
RTVSPost2010Prop31
280
     0
102
RTVSPost2010PropOp31
 70
     1
102
RTVSPost2010Prop32
280
     0
102
RTVSPost2010PropOp32
 70
     1
102
RTVSPost2010Prop33
280
     0
102
RTVSPost2010PropOp33
 70
     1
102
RTVSPost2010Prop34
280
     0
102
RTVSPost2010PropOp34
 70
     1
102
RTVSPost2010Prop35
280
     0
102
RTVSPost2010PropOp35
 70
     1
102
RTVSPost2010Prop36
280
     0
102
RTVSPost2010PropOp36
 70
     1
102
RTVSPost2010Prop37
 90
       50
102
RTVSPost2010PropOp37
 70
     1
102
RTVSPost2010Prop38
140
0.0
102
RTVSPost2010PropOp38
 70
     1
102
RTVSPost2010Prop39
140
1.0
102
RTVSPost2010PropOp39
 70
     1
102
RTVSPost2010Prop40
 90
        0
102
RTVSPost2010PropOp40
 70
     1
102
RTVSPost2010Prop41ColorIndex
 90
       18
102
RTVSPost2010Prop41ColorRGB
 90
        0
102
RTVSPost2010PropOp41
 70
     1
102
RTVSPost2010Prop42
 90
       50
102
RTVSPost2010PropOp42
 70
     1
102
RTVSPost2010Prop43
 90
        3
102
RTVSPost2010PropOp43
 70
     1
102
RTVSPost2010Prop44ColorIndex
 90
        5
102
RTVSPost2010Prop44ColorRGB
 90
      255
102
RTVSPost2010PropOp44
 70
     1
102
RTVSPost2010Prop45
280
     0
102
RTVSPost2010PropOp45
 70
     1
102
RTVSPost2010Prop46
 90
       50
102
RTVSPost2010PropOp46
 70
     1
102
RTVSPost2010Prop47
 90
       50
102
RTVSPost2010PropOp47
 70
     1
102
RTVSPost2010Prop48
 90
       50
102
RTVSPost2010PropOp48
 70
     1
102
RTVSPost2010Prop49
280
     0
102
RTVSPost2010PropOp49
 70
     1
102
RTVSPost2010Prop50
 90
       50
102
RTVSPost2010PropOp50
 70
     1
102
RTVSPost2010Prop51ColorIndex
 90
      256
102
RTVSPost2010Prop51ColorRGB
 90
-16777216
102
RTVSPost2010PropOp51
 70
     0
102
RTVSPost2010Prop52
140
1.0
102
RTVSPost2010PropOp52
 70
     0
102
RTVSPost2010Prop53
 90
        2
102
RTVSPost2010PropOp53
 70
     1
102
RTVSPost2010Prop54
  1
strokes_ogs.tif
102
RTVSPost2010PropOp54
 70
     1
102
RTVSPost2010Prop55
280
     0
102
RTVSPost2010PropOp55
 70
     1
102
RTVSPost2010Prop56
140
1.0
102
RTVSPost2010PropOp56
 70
     1
102
RTVSPost2010Prop57
140
1.0
102
RTVSPost2010PropOp57
 70
     1
  0
XRECORD
  5
1EA
102
{ACAD_REACTORS
330
1E9
102
}
330
1E9
100
AcDbXrecord
280
     1
102
RTVSPropertyOp0
 70
     1
102
RTVSPropertyOp1
 70
     1
102
RTVSPropertyOp2
 70
     1
102
RTVSPropertyOp3
 70
     1
102
RTVSPropertyOp4
 70
     1
102
RTVSPropertyOp5
 70
     1
102
RTVSPropertyOp6
 70
     1
102
RTVSPropertyOp7
 70
     1
102
RTVSPropertyOp8
 70
     1
102
RTVSPropertyOp9
 70
     1
102
RTVSPropertyOp10
 70
     1
102
RTVSPropertyOp11
 70
     1
102
RTVSPropertyOp12
 70
     1
102
RTVSPropertyOp13
 70
     1
102
RTVSPropertyOp14
 70
     1
102
RTVSPropertyOp15
 70
     1
102
RTVSPropertyOp16
 70
     1
102
RTVSPropertyOp17
 70
     1
102
RTVSPropertyOp18
 70
     1
102
RTVSPropertyOp19
 70
     1
102
RTVSPropertyOp20
 70
     1
102
RTVSPropertyOp21
 70
     1
102
RTVSPropertyOp22
 70
     1
102
RTVSPropertyOp23
 70
     1
102
RTVSPropertyOp24
 70
     1
102
RTVSPropertyOp25
 70
     1
102
RTVSPropertyOp26
 70
     1
102
RTVSPropertyOp27
 70
     1
102
RTVSPropertyOp28
 70
     1
102
RTVSPropertyOp29
 70
     1
102
RTVSPropertyOp30
 70
     1
102
RTVSPropertyOp31
 70
     1
102
RTVSPropertyOp32
 70
     1
102
RTVSPropertyOp33
 70
     1
102
RTVSPropertyOp34
 70
     1
102
RTVSPropertyOp35
 70
     1
102
RTVSPropertyOp36
 70
     1
102
RTVSPropertyOp37
 70
     1
102
RTVSPropertyOp38
 70
     1
102
RTVSPropertyOp39
 70
     1
102
RTVSPropertyOp40
 70
     1
102
RTVSPropertyOp41
 70
     1
102
RTVSPropertyOp42
 70
     1
102
RTVSPropertyOp43
 70
     1
102
RTVSPropertyOp44
 70
     1
102
RTVSPropertyOp45
 70
     1
102
RTVSPropertyOp46
 70
     1
102
RTVSPropertyOp47
 70
     1
102
RTVSPropertyOp48
 70
     1
102
RTVSPropertyOp49
 70
     1
102
RTVSPropertyOp50
 70
     1
102
RTVSPropertyOp51
 70
     0
102
RTVSPropertyOp52
 70
     0
102
RTVSPropertyOp53
 70
     1
102
RTVSPropertyOp54
 70
     1
102
RTVSPropertyOp55
 70
     1
102
RTVSPropertyOp56
 70
     1
102
RTVSPropertyOp57
 70
     1
102
RTVSPost2010Prop28
280
     0
102
RTVSPost2010PropOp28
 70
     1
102
RTVSPost2010Prop29
280
     1
102
RTVSPost2010PropOp29
 70
     1
102
RTVSPost2010Prop30
280
     1
102
RTVSPost2010PropOp30
 70
     1
102
RTVSPost2010Prop31
280
     0
102
RTVSPost2010PropOp31
 70
     1
102
RTVSPost2010Prop32
280
     0
102
RTVSPost2010PropOp32
 70
     1
102
RTVSPost2010Prop33
280
     0
102
RTVSPost2010PropOp33
 70
     1
102
RTVSPost2010Prop34
280
     0
102
RTVSPost2010PropOp34
 70
     1
102
RTVSPost2010Prop35
280
     0
102
RTVSPost2010PropOp35
 70
     1
102
RTVSPost2010Prop36
280
     0
102
RTVSPost2010PropOp36
 70
     1
102
RTVSPost2010Prop37
 90
       50
102
RTVSPost2010PropOp37
 70
     1
102
RTVSPost2010Prop38
140
0.0
102
RTVSPost2010PropOp38
 70
     1
102
RTVSPost2010Prop39
140
1.0
102
RTVSPost2010PropOp39
 70
     1
102
RTVSPost2010Prop40
 90
        0
102
RTVSPost2010PropOp40
 70
     1
102
RTVSPost2010Prop41ColorIndex
 90
       18
102
RTVSPost2010Prop41ColorRGB
 90
        0
102
RTVSPost2010PropOp41
 70
     1
102
RTVSPost2010Prop42
 90
       50
102
RTVSPost2010PropOp42
 70
     1
102
RTVSPost2010Prop43
 90
        3
102
RTVSPost2010PropOp43
 70
     1
102
RTVSPost2010Prop44ColorIndex
 90
        5
102
RTVSPost2010Prop44ColorRGB
 90
      255
102
RTVSPost2010PropOp44
 70
     1
102
RTVSPost2010Prop45
280
     0
102
RTVSPost2010PropOp45
 70
     1
102
RTVSPost2010Prop46
 90
       50
102
RTVSPost2010PropOp46
 70
     1
102
RTVSPost2010Prop47
 90
       50
102
RTVSPost2010PropOp47
 70
     1
102
RTVSPost2010Prop48
 90
       50
102
RTVSPost2010PropOp48
 70
     1
102
RTVSPost2010Prop49
280
     0
102
RTVSPost2010PropOp49
 70
     1
102
RTVSPost2010Prop50
 90
       50
102
RTVSPost2010PropOp50
 70
     1
102
RTVSPost2010Prop51ColorIndex
 90
      256
102
RTVSPost2010Prop51ColorRGB
 90
-16777216
102
RTVSPost2010PropOp51
 70
     0
102
RTVSPost2010Prop52
140
1.0
102
RTVSPost2010PropOp52
 70
     0
102
RTVSPost2010Prop53
 90
        2
102
RTVSPost2010PropOp53
 70
     1
102
RTVSPost2010Prop54
  1
strokes_ogs.tif
102
RTVSPost2010PropOp54
 70
     1
102
RTVSPost2010Prop55
280
     0
102
RTVSPost2010PropOp55
 70
     1
102
RTVSPost2010Prop56
140
1.0
102
RTVSPost2010PropOp56
 70
     1
102
RTVSPost2010Prop57
140
1.0
102
RTVSPost2010PropOp57
 70
     1
  0
XRECORD
  5
1EC
102
{ACAD_REACTORS
330
1EB
102
}
330
1EB
100
AcDbXrecord
280
     1
102
RTVSPropertyOp0
 70
     1
102
RTVSPropertyOp1
 70
     1
102
RTVSPropertyOp2
 70
     1
102
RTVSPropertyOp3
 70
     1
102
RTVSPropertyOp4
 70
     1
102
RTVSPropertyOp5
 70
     1
102
RTVSPropertyOp6
 70
     1
102
RTVSPropertyOp7
 70
     1
102
RTVSPropertyOp8
 70
     1
102
RTVSPropertyOp9
 70
     1
102
RTVSPropertyOp10
 70
     1
102
RTVSPropertyOp11
 70
     1
102
RTVSPropertyOp12
 70
     1
102
RTVSPropertyOp13
 70
     1
102
RTVSPropertyOp14
 70
     1
102
RTVSPropertyOp15
 70
     1
102
RTVSPropertyOp16
 70
     1
102
RTVSPropertyOp17
 70
     1
102
RTVSPropertyOp18
 70
     1
102
RTVSPropertyOp19
 70
     1
102
RTVSPropertyOp20
 70
     1
102
RTVSPropertyOp21
 70
     1
102
RTVSPropertyOp22
 70
     1
102
RTVSPropertyOp23
 70
     1
102
RTVSPropertyOp24
 70
     1
102
RTVSPropertyOp25
 70
     1
102
RTVSPropertyOp26
 70
     1
102
RTVSPropertyOp27
 70
     1
102
RTVSPropertyOp28
 70
     1
102
RTVSPropertyOp29
 70
     1
102
RTVSPropertyOp30
 70
     1
102
RTVSPropertyOp31
 70
     1
102
RTVSPropertyOp32
 70
     1
102
RTVSPropertyOp33
 70
     1
102
RTVSPropertyOp34
 70
     1
102
RTVSPropertyOp35
 70
     1
102
RTVSPropertyOp36
 70
     1
102
RTVSPropertyOp37
 70
     1
102
RTVSPropertyOp38
 70
     1
102
RTVSPropertyOp39
 70
     1
102
RTVSPropertyOp40
 70
     1
102
RTVSPropertyOp41
 70
     1
102
RTVSPropertyOp42
 70
     1
102
RTVSPropertyOp43
 70
     1
102
RTVSPropertyOp44
 70
     1
102
RTVSPropertyOp45
 70
     1
102
RTVSPropertyOp46
 70
     1
102
RTVSPropertyOp47
 70
     1
102
RTVSPropertyOp48
 70
     1
102
RTVSPropertyOp49
 70
     1
102
RTVSPropertyOp50
 70
     1
102
RTVSPropertyOp51
 70
     0
102
RTVSPropertyOp52
 70
     0
102
RTVSPropertyOp53
 70
     1
102
RTVSPropertyOp54
 70
     1
102
RTVSPropertyOp55
 70
     1
102
RTVSPropertyOp56
 70
     1
102
RTVSPropertyOp57
 70
     1
102
RTVSPost2010Prop28
280
     0
102
RTVSPost2010PropOp28
 70
     1
102
RTVSPost2010Prop29
280
     1
102
RTVSPost2010PropOp29
 70
     1
102
RTVSPost2010Prop30
280
     1
102
RTVSPost2010PropOp30
 70
     1
102
RTVSPost2010Prop31
280
     0
102
RTVSPost2010PropOp31
 70
     1
102
RTVSPost2010Prop32
280
     0
102
RTVSPost2010PropOp32
 70
     1
102
RTVSPost2010Prop33
280
     0
102
RTVSPost2010PropOp33
 70
     1
102
RTVSPost2010Prop34
280
     0
102
RTVSPost2010PropOp34
 70
     1
102
RTVSPost2010Prop35
280
     0
102
RTVSPost2010PropOp35
 70
     1
102
RTVSPost2010Prop36
280
     0
102
RTVSPost2010PropOp36
 70
     1
102
RTVSPost2010Prop37
 90
       50
102
RTVSPost2010PropOp37
 70
     1
102
RTVSPost2010Prop38
140
0.0
102
RTVSPost2010PropOp38
 70
     1
102
RTVSPost2010Prop39
140
1.0
102
RTVSPost2010PropOp39
 70
     1
102
RTVSPost2010Prop40
 90
        0
102
RTVSPost2010PropOp40
 70
     1
102
RTVSPost2010Prop41ColorIndex
 90
       18
102
RTVSPost2010Prop41ColorRGB
 90
        0
102
RTVSPost2010PropOp41
 70
     1
102
RTVSPost2010Prop42
 90
       50
102
RTVSPost2010PropOp42
 70
     1
102
RTVSPost2010Prop43
 90
        3
102
RTVSPost2010PropOp43
 70
     1
102
RTVSPost2010Prop44ColorIndex
 90
        5
102
RTVSPost2010Prop44ColorRGB
 90
      255
102
RTVSPost2010PropOp44
 70
     1
102
RTVSPost2010Prop45
280
     0
102
RTVSPost2010PropOp45
 70
     1
102
RTVSPost2010Prop46
 90
       50
102
RTVSPost2010PropOp46
 70
     1
102
RTVSPost2010Prop47
 90
       50
102
RTVSPost2010PropOp47
 70
     1
102
RTVSPost2010Prop48
 90
       50
102
RTVSPost2010PropOp48
 70
     1
102
RTVSPost2010Prop49
280
     0
102
RTVSPost2010PropOp49
 70
     1
102
RTVSPost2010Prop50
 90
       50
102
RTVSPost2010PropOp50
 70
     1
102
RTVSPost2010Prop51ColorIndex
 90
      256
102
RTVSPost2010Prop51ColorRGB
 90
-16777216
102
RTVSPost2010PropOp51
 70
     0
102
RTVSPost2010Prop52
140
1.0
102
RTVSPost2010PropOp52
 70
     0
102
RTVSPost2010Prop53
 90
        2
102
RTVSPost2010PropOp53
 70
     1
102
RTVSPost2010Prop54
  1
strokes_ogs.tif
102
RTVSPost2010PropOp54
 70
     1
102
RTVSPost2010Prop55
280
     0
102
RTVSPost2010PropOp55
 70
     1
102
RTVSPost2010Prop56
140
1.0
102
RTVSPost2010PropOp56
 70
     1
102
RTVSPost2010Prop57
140
1.0
102
RTVSPost2010PropOp57
 70
     1
  0
XRECORD
  5
1EE
102
{ACAD_REACTORS
330
1ED
102
}
330
1ED
100
AcDbXrecord
280
     1
102
RTVSPropertyOp0
 70
     1
102
RTVSPropertyOp1
 70
     1
102
RTVSPropertyOp2
 70
     1
102
RTVSPropertyOp3
 70
     1
102
RTVSPropertyOp4
 70
     1
102
RTVSPropertyOp5
 70
     1
102
RTVSPropertyOp6
 70
     1
102
RTVSPropertyOp7
 70
     1
102
RTVSPropertyOp8
 70
     1
102
RTVSPropertyOp9
 70
     1
102
RTVSPropertyOp10
 70
     1
102
RTVSPropertyOp11
 70
     1
102
RTVSPropertyOp12
 70
     1
102
RTVSPropertyOp13
 70
     1
102
RTVSPropertyOp14
 70
     1
102
RTVSPropertyOp15
 70
     1
102
RTVSPropertyOp16
 70
     1
102
RTVSPropertyOp17
 70
     1
102
RTVSPropertyOp18
 70
     1
102
RTVSPropertyOp19
 70
     1
102
RTVSPropertyOp20
 70
     1
102
RTVSPropertyOp21
 70
     1
102
RTVSPropertyOp22
 70
     1
102
RTVSPropertyOp23
 70
     1
102
RTVSPropertyOp24
 70
     1
102
RTVSPropertyOp25
 70
     1
102
RTVSPropertyOp26
 70
     1
102
RTVSPropertyOp27
 70
     1
102
RTVSPropertyOp28
 70
     1
102
RTVSPropertyOp29
 70
     1
102
RTVSPropertyOp30
 70
     1
102
RTVSPropertyOp31
 70
     1
102
RTVSPropertyOp32
 70
     1
102
RTVSPropertyOp33
 70
     1
102
RTVSPropertyOp34
 70
     1
102
RTVSPropertyOp35
 70
     1
102
RTVSPropertyOp36
 70
     1
102
RTVSPropertyOp37
 70
     1
102
RTVSPropertyOp38
 70
     1
102
RTVSPropertyOp39
 70
     1
102
RTVSPropertyOp40
 70
     1
102
RTVSPropertyOp41
 70
     1
102
RTVSPropertyOp42
 70
     1
102
RTVSPropertyOp43
 70
     1
102
RTVSPropertyOp44
 70
     1
102
RTVSPropertyOp45
 70
     1
102
RTVSPropertyOp46
 70
     1
102
RTVSPropertyOp47
 70
     1
102
RTVSPropertyOp48
 70
     1
102
RTVSPropertyOp49
 70
     1
102
RTVSPropertyOp50
 70
     1
102
RTVSPropertyOp51
 70
     0
102
RTVSPropertyOp52
 70
     0
102
RTVSPropertyOp53
 70
     1
102
RTVSPropertyOp54
 70
     1
102
RTVSPropertyOp55
 70
     1
102
RTVSPropertyOp56
 70
     1
102
RTVSPropertyOp57
 70
     1
102
RTVSPost2010Prop28
280
     0
102
RTVSPost2010PropOp28
 70
     1
102
RTVSPost2010Prop29
280
     1
102
RTVSPost2010PropOp29
 70
     1
102
RTVSPost2010Prop30
280
     1
102
RTVSPost2010PropOp30
 70
     1
102
RTVSPost2010Prop31
280
     0
102
RTVSPost2010PropOp31
 70
     1
102
RTVSPost2010Prop32
280
     0
102
RTVSPost2010PropOp32
 70
     1
102
RTVSPost2010Prop33
280
     0
102
RTVSPost2010PropOp33
 70
     1
102
RTVSPost2010Prop34
280
     0
102
RTVSPost2010PropOp34
 70
     1
102
RTVSPost2010Prop35
280
     0
102
RTVSPost2010PropOp35
 70
     1
102
RTVSPost2010Prop36
280
     0
102
RTVSPost2010PropOp36
 70
     1
102
RTVSPost2010Prop37
 90
       50
102
RTVSPost2010PropOp37
 70
     1
102
RTVSPost2010Prop38
140
0.0
102
RTVSPost2010PropOp38
 70
     1
102
RTVSPost2010Prop39
140
1.0
102
RTVSPost2010PropOp39
 70
     1
102
RTVSPost2010Prop40
 90
        0
102
RTVSPost2010PropOp40
 70
     1
102
RTVSPost2010Prop41ColorIndex
 90
       18
102
RTVSPost2010Prop41ColorRGB
 90
        0
102
RTVSPost2010PropOp41
 70
     1
102
RTVSPost2010Prop42
 90
       50
102
RTVSPost2010PropOp42
 70
     1
102
RTVSPost2010Prop43
 90
        3
102
RTVSPost2010PropOp43
 70
     1
102
RTVSPost2010Prop44ColorIndex
 90
        5
102
RTVSPost2010Prop44ColorRGB
 90
      255
102
RTVSPost2010PropOp44
 70
     1
102
RTVSPost2010Prop45
280
     0
102
RTVSPost2010PropOp45
 70
     1
102
RTVSPost2010Prop46
 90
       50
102
RTVSPost2010PropOp46
 70
     1
102
RTVSPost2010Prop47
 90
       50
102
RTVSPost2010PropOp47
 70
     1
102
RTVSPost2010Prop48
 90
       50
102
RTVSPost2010PropOp48
 70
     1
102
RTVSPost2010Prop49
280
     0
102
RTVSPost2010PropOp49
 70
     1
102
RTVSPost2010Prop50
 90
       50
102
RTVSPost2010PropOp50
 70
     1
102
RTVSPost2010Prop51ColorIndex
 90
      256
102
RTVSPost2010Prop51ColorRGB
 90
-16777216
102
RTVSPost2010PropOp51
 70
     0
102
RTVSPost2010Prop52
140
1.0
102
RTVSPost2010PropOp52
 70
     0
102
RTVSPost2010Prop53
 90
        2
102
RTVSPost2010PropOp53
 70
     1
102
RTVSPost2010Prop54
  1
strokes_ogs.tif
102
RTVSPost2010PropOp54
 70
     1
102
RTVSPost2010Prop55
280
     0
102
RTVSPost2010PropOp55
 70
     1
102
RTVSPost2010Prop56
140
1.0
102
RTVSPost2010PropOp56
 70
     1
102
RTVSPost2010Prop57
140
1.0
102
RTVSPost2010PropOp57
 70
     1
  0
XRECORD
  5
1F4
102
{ACAD_REACTORS
330
1F3
102
}
330
1F3
100
AcDbXrecord
280
     1
102
RTVSPropertyOp0
 70
     1
102
RTVSPropertyOp1
 70
     1
102
RTVSPropertyOp2
 70
     1
102
RTVSPropertyOp3
 70
     1
102
RTVSPropertyOp4
 70
     1
102
RTVSPropertyOp5
 70
     1
102
RTVSPropertyOp6
 70
     1
102
RTVSPropertyOp7
 70
     1
102
RTVSPropertyOp8
 70
     1
102
RTVSPropertyOp9
 70
     1
102
RTVSPropertyOp10
 70
     1
102
RTVSPropertyOp11
 70
     1
102
RTVSPropertyOp12
 70
     1
102
RTVSPropertyOp13
 70
     1
102
RTVSPropertyOp14
 70
     1
102
RTVSPropertyOp15
 70
     1
102
RTVSPropertyOp16
 70
     1
102
RTVSPropertyOp17
 70
     1
102
RTVSPropertyOp18
 70
     1
102
RTVSPropertyOp19
 70
     1
102
RTVSPropertyOp20
 70
     1
102
RTVSPropertyOp21
 70
     1
102
RTVSPropertyOp22
 70
     1
102
RTVSPropertyOp23
 70
     1
102
RTVSPropertyOp24
 70
     1
102
RTVSPropertyOp25
 70
     1
102
RTVSPropertyOp26
 70
     1
102
RTVSPropertyOp27
 70
     1
102
RTVSPropertyOp28
 70
     1
102
RTVSPropertyOp29
 70
     1
102
RTVSPropertyOp30
 70
     1
102
RTVSPropertyOp31
 70
     1
102
RTVSPropertyOp32
 70
     1
102
RTVSPropertyOp33
 70
     1
102
RTVSPropertyOp34
 70
     1
102
RTVSPropertyOp35
 70
     1
102
RTVSPropertyOp36
 70
     1
102
RTVSPropertyOp37
 70
     1
102
RTVSPropertyOp38
 70
     1
102
RTVSPropertyOp39
 70
     1
102
RTVSPropertyOp40
 70
     1
102
RTVSPropertyOp41
 70
     1
102
RTVSPropertyOp42
 70
     1
102
RTVSPropertyOp43
 70
     1
102
RTVSPropertyOp44
 70
     1
102
RTVSPropertyOp45
 70
     1
102
RTVSPropertyOp46
 70
     1
102
RTVSPropertyOp47
 70
     1
102
RTVSPropertyOp48
 70
     1
102
RTVSPropertyOp49
 70
     1
102
RTVSPropertyOp50
 70
     1
102
RTVSPropertyOp51
 70
     0
102
RTVSPropertyOp52
 70
     0
102
RTVSPropertyOp53
 70
     1
102
RTVSPropertyOp54
 70
     1
102
RTVSPropertyOp55
 70
     1
102
RTVSPropertyOp56
 70
     1
102
RTVSPropertyOp57
 70
     1
102
RTVSPost2010Prop28
280
     0
102
RTVSPost2010PropOp28
 70
     1
102
RTVSPost2010Prop29
280
     1
102
RTVSPost2010PropOp29
 70
     1
102
RTVSPost2010Prop30
280
     1
102
RTVSPost2010PropOp30
 70
     1
102
RTVSPost2010Prop31
280
     0
102
RTVSPost2010PropOp31
 70
     1
102
RTVSPost2010Prop32
280
     0
102
RTVSPost2010PropOp32
 70
     1
102
RTVSPost2010Prop33
280
     0
102
RTVSPost2010PropOp33
 70
     1
102
RTVSPost2010Prop34
280
     0
102
RTVSPost2010PropOp34
 70
     1
102
RTVSPost2010Prop35
280
     0
102
RTVSPost2010PropOp35
 70
     1
102
RTVSPost2010Prop36
280
     0
102
RTVSPost2010PropOp36
 70
     1
102
RTVSPost2010Prop37
 90
       50
102
RTVSPost2010PropOp37
 70
     1
102
RTVSPost2010Prop38
140
0.0
102
RTVSPost2010PropOp38
 70
     1
102
RTVSPost2010Prop39
140
1.0
102
RTVSPost2010PropOp39
 70
     1
102
RTVSPost2010Prop40
 90
        0
102
RTVSPost2010PropOp40
 70
     1
102
RTVSPost2010Prop41ColorIndex
 90
       18
102
RTVSPost2010Prop41ColorRGB
 90
        0
102
RTVSPost2010PropOp41
 70
     1
102
RTVSPost2010Prop42
 90
       50
102
RTVSPost2010PropOp42
 70
     1
102
RTVSPost2010Prop43
 90
        3
102
RTVSPost2010PropOp43
 70
     1
102
RTVSPost2010Prop44ColorIndex
 90
        5
102
RTVSPost2010Prop44ColorRGB
 90
      255
102
RTVSPost2010PropOp44
 70
     1
102
RTVSPost2010Prop45
280
     0
102
RTVSPost2010PropOp45
 70
     1
102
RTVSPost2010Prop46
 90
       50
102
RTVSPost2010PropOp46
 70
     1
102
RTVSPost2010Prop47
 90
       50
102
RTVSPost2010PropOp47
 70
     1
102
RTVSPost2010Prop48
 90
       50
102
RTVSPost2010PropOp48
 70
     1
102
RTVSPost2010Prop49
280
     0
102
RTVSPost2010PropOp49
 70
     1
102
RTVSPost2010Prop50
 90
       50
102
RTVSPost2010PropOp50
 70
     1
102
RTVSPost2010Prop51ColorIndex
 90
      256
102
RTVSPost2010Prop51ColorRGB
 90
-16777216
102
RTVSPost2010PropOp51
 70
     0
102
RTVSPost2010Prop52
140
1.0
102
RTVSPost2010PropOp52
 70
     0
102
RTVSPost2010Prop53
 90
        2
102
RTVSPost2010PropOp53
 70
     1
102
RTVSPost2010Prop54
  1
strokes_ogs.tif
102
RTVSPost2010PropOp54
 70
     1
102
RTVSPost2010Prop55
280
     0
102
RTVSPost2010PropOp55
 70
     1
102
RTVSPost2010Prop56
140
1.0
102
RTVSPost2010PropOp56
 70
     1
102
RTVSPost2010Prop57
140
1.0
102
RTVSPost2010PropOp57
 70
     1
  0
XRECORD
  5
208
102
{ACAD_REACTORS
330
207
102
}
330
207
100
AcDbXrecord
280
     1
102
RTVSPropertyOp0
 70
     0
102
RTVSPropertyOp1
 70
     0
102
RTVSPropertyOp2
 70
     0
102
RTVSPropertyOp3
 70
     0
102
RTVSPropertyOp4
 70
     0
102
RTVSPropertyOp5
 70
     0
102
RTVSPropertyOp6
 70
     0
102
RTVSPropertyOp7
 70
     0
102
RTVSPropertyOp8
 70
     0
102
RTVSPropertyOp9
 70
     0
102
RTVSPropertyOp10
 70
     0
102
RTVSPropertyOp11
 70
     0
102
RTVSPropertyOp12
 70
     0
102
RTVSPropertyOp13
 70
     0
102
RTVSPropertyOp14
 70
     2
102
RTVSPropertyOp15
 70
     0
102
RTVSPropertyOp16
 70
     0
102
RTVSPropertyOp17
 70
     0
102
RTVSPropertyOp18
 70
     0
102
RTVSPropertyOp19
 70
     0
102
RTVSPropertyOp20
 70
     0
102
RTVSPropertyOp21
 70
     0
102
RTVSPropertyOp22
 70
     0
102
RTVSPropertyOp23
 70
     0
102
RTVSPropertyOp24
 70
     0
102
RTVSPropertyOp25
 70
     0
102
RTVSPropertyOp26
 70
     0
102
RTVSPropertyOp27
 70
     0
102
RTVSPropertyOp28
 70
     0
102
RTVSPropertyOp29
 70
     0
102
RTVSPropertyOp30
 70
     0
102
RTVSPropertyOp31
 70
     0
102
RTVSPropertyOp32
 70
     0
102
RTVSPropertyOp33
 70
     0
102
RTVSPropertyOp34
 70
     0
102
RTVSPropertyOp35
 70
     0
102
RTVSPropertyOp36
 70
     0
102
RTVSPropertyOp37
 70
     0
102
RTVSPropertyOp38
 70
     0
102
RTVSPropertyOp39
 70
     0
102
RTVSPropertyOp40
 70
     0
102
RTVSPropertyOp41
 70
     0
102
RTVSPropertyOp42
 70
     0
102
RTVSPropertyOp43
 70
     0
102
RTVSPropertyOp44
 70
     0
102
RTVSPropertyOp45
 70
     0
102
RTVSPropertyOp46
 70
     0
102
RTVSPropertyOp47
 70
     0
102
RTVSPropertyOp48
 70
     0
102
RTVSPropertyOp49
 70
     0
102
RTVSPropertyOp50
 70
     0
102
RTVSPropertyOp51
 70
     0
102
RTVSPropertyOp52
 70
     0
102
RTVSPropertyOp53
 70
     0
102
RTVSPropertyOp54
 70
     0
102
RTVSPropertyOp55
 70
     0
102
RTVSPropertyOp56
 70
     0
102
RTVSPropertyOp57
 70
     0
102
RTVSPost2010Prop28
280
     0
102
RTVSPost2010PropOp28
 70
     0
102
RTVSPost2010Prop29
280
     1
102
RTVSPost2010PropOp29
 70
     0
102
RTVSPost2010Prop30
280
     1
102
RTVSPost2010PropOp30
 70
     0
102
RTVSPost2010Prop31
280
     0
102
RTVSPost2010PropOp31
 70
     0
102
RTVSPost2010Prop32
280
     0
102
RTVSPost2010PropOp32
 70
     0
102
RTVSPost2010Prop33
280
     0
102
RTVSPost2010PropOp33
 70
     0
102
RTVSPost2010Prop34
280
     0
102
RTVSPost2010PropOp34
 70
     0
102
RTVSPost2010Prop35
280
     0
102
RTVSPost2010PropOp35
 70
     0
102
RTVSPost2010Prop36
280
     0
102
RTVSPost2010PropOp36
 70
     0
102
RTVSPost2010Prop37
 90
       50
102
RTVSPost2010PropOp37
 70
     0
102
RTVSPost2010Prop38
140
0.0
102
RTVSPost2010PropOp38
 70
     0
102
RTVSPost2010Prop39
140
1.0
102
RTVSPost2010PropOp39
 70
     0
102
RTVSPost2010Prop40
 90
        0
102
RTVSPost2010PropOp40
 70
     0
102
RTVSPost2010Prop41ColorIndex
 90
       18
102
RTVSPost2010Prop41ColorRGB
 90
        0
102
RTVSPost2010PropOp41
 70
     0
102
RTVSPost2010Prop42
 90
       50
102
RTVSPost2010PropOp42
 70
     0
102
RTVSPost2010Prop43
 90
        3
102
RTVSPost2010PropOp43
 70
     0
102
RTVSPost2010Prop44ColorIndex
 90
        5
102
RTVSPost2010Prop44ColorRGB
 90
      255
102
RTVSPost2010PropOp44
 70
     0
102
RTVSPost2010Prop45
280
     0
102
RTVSPost2010PropOp45
 70
     0
102
RTVSPost2010Prop46
 90
       50
102
RTVSPost2010PropOp46
 70
     0
102
RTVSPost2010Prop47
 90
       50
102
RTVSPost2010PropOp47
 70
     0
102
RTVSPost2010Prop48
 90
       50
102
RTVSPost2010PropOp48
 70
     0
102
RTVSPost2010Prop49
280
     0
102
RTVSPost2010PropOp49
 70
     0
102
RTVSPost2010Prop50
 90
       50
102
RTVSPost2010PropOp50
 70
     0
102
RTVSPost2010Prop51ColorIndex
 90
      256
102
RTVSPost2010Prop51ColorRGB
 90
-16777216
102
RTVSPost2010PropOp51
 70
     0
102
RTVSPost2010Prop52
140
1.0
102
RTVSPost2010PropOp52
 70
     0
102
RTVSPost2010Prop53
 90
        2
102
RTVSPost2010PropOp53
 70
     0
102
RTVSPost2010Prop54
  1
strokes_ogs.tif
102
RTVSPost2010PropOp54
 70
     0
102
RTVSPost2010Prop55
280
     0
102
RTVSPost2010PropOp55
 70
     0
102
RTVSPost2010Prop56
140
1.0
102
RTVSPost2010PropOp56
 70
     0
102
RTVSPost2010Prop57
140
1.0
102
RTVSPost2010PropOp57
 70
     0
  0
XRECORD
  5
202
102
{ACAD_REACTORS
330
201
102
}
330
201
100
AcDbXrecord
280
     1
102
RTVSPropertyOp0
 70
     1
102
RTVSPropertyOp1
 70
     1
102
RTVSPropertyOp2
 70
     1
102
RTVSPropertyOp3
 70
     1
102
RTVSPropertyOp4
 70
     1
102
RTVSPropertyOp5
 70
     1
102
RTVSPropertyOp6
 70
     1
102
RTVSPropertyOp7
 70
     1
102
RTVSPropertyOp8
 70
     1
102
RTVSPropertyOp9
 70
     1
102
RTVSPropertyOp10
 70
     1
102
RTVSPropertyOp11
 70
     1
102
RTVSPropertyOp12
 70
     1
102
RTVSPropertyOp13
 70
     1
102
RTVSPropertyOp14
 70
     1
102
RTVSPropertyOp15
 70
     1
102
RTVSPropertyOp16
 70
     1
102
RTVSPropertyOp17
 70
     1
102
RTVSPropertyOp18
 70
     1
102
RTVSPropertyOp19
 70
     1
102
RTVSPropertyOp20
 70
     1
102
RTVSPropertyOp21
 70
     1
102
RTVSPropertyOp22
 70
     1
102
RTVSPropertyOp23
 70
     1
102
RTVSPropertyOp24
 70
     1
102
RTVSPropertyOp25
 70
     1
102
RTVSPropertyOp26
 70
     1
102
RTVSPropertyOp27
 70
     1
102
RTVSPropertyOp28
 70
     1
102
RTVSPropertyOp29
 70
     1
102
RTVSPropertyOp30
 70
     1
102
RTVSPropertyOp31
 70
     1
102
RTVSPropertyOp32
 70
     1
102
RTVSPropertyOp33
 70
     1
102
RTVSPropertyOp34
 70
     1
102
RTVSPropertyOp35
 70
     1
102
RTVSPropertyOp36
 70
     1
102
RTVSPropertyOp37
 70
     1
102
RTVSPropertyOp38
 70
     1
102
RTVSPropertyOp39
 70
     1
102
RTVSPropertyOp40
 70
     1
102
RTVSPropertyOp41
 70
     1
102
RTVSPropertyOp42
 70
     1
102
RTVSPropertyOp43
 70
     1
102
RTVSPropertyOp44
 70
     1
102
RTVSPropertyOp45
 70
     1
102
RTVSPropertyOp46
 70
     1
102
RTVSPropertyOp47
 70
     1
102
RTVSPropertyOp48
 70
     1
102
RTVSPropertyOp49
 70
     1
102
RTVSPropertyOp50
 70
     1
102
RTVSPropertyOp51
 70
     0
102
RTVSPropertyOp52
 70
     0
102
RTVSPropertyOp53
 70
     1
102
RTVSPropertyOp54
 70
     1
102
RTVSPropertyOp55
 70
     1
102
RTVSPropertyOp56
 70
     1
102
RTVSPropertyOp57
 70
     1
102
RTVSPost2010Prop28
280
     0
102
RTVSPost2010PropOp28
 70
     1
102
RTVSPost2010Prop29
280
     1
102
RTVSPost2010PropOp29
 70
     1
102
RTVSPost2010Prop30
280
     1
102
RTVSPost2010PropOp30
 70
     1
102
RTVSPost2010Prop31
280
     0
102
RTVSPost2010PropOp31
 70
     1
102
RTVSPost2010Prop32
280
     0
102
RTVSPost2010PropOp32
 70
     1
102
RTVSPost2010Prop33
280
     0
102
RTVSPost2010PropOp33
 70
     1
102
RTVSPost2010Prop34
280
     0
102
RTVSPost2010PropOp34
 70
     1
102
RTVSPost2010Prop35
280
     0
102
RTVSPost2010PropOp35
 70
     1
102
RTVSPost2010Prop36
280
     0
102
RTVSPost2010PropOp36
 70
     1
102
RTVSPost2010Prop37
 90
       50
102
RTVSPost2010PropOp37
 70
     1
102
RTVSPost2010Prop38
140
0.0
102
RTVSPost2010PropOp38
 70
     1
102
RTVSPost2010Prop39
140
1.0
102
RTVSPost2010PropOp39
 70
     1
102
RTVSPost2010Prop40
 90
        0
102
RTVSPost2010PropOp40
 70
     1
102
RTVSPost2010Prop41ColorIndex
 90
       18
102
RTVSPost2010Prop41ColorRGB
 90
        0
102
RTVSPost2010PropOp41
 70
     1
102
RTVSPost2010Prop42
 90
       50
102
RTVSPost2010PropOp42
 70
     1
102
RTVSPost2010Prop43
 90
        3
102
RTVSPost2010PropOp43
 70
     1
102
RTVSPost2010Prop44ColorIndex
 90
        5
102
RTVSPost2010Prop44ColorRGB
 90
      255
102
RTVSPost2010PropOp44
 70
     1
102
RTVSPost2010Prop45
280
     0
102
RTVSPost2010PropOp45
 70
     1
102
RTVSPost2010Prop46
 90
       50
102
RTVSPost2010PropOp46
 70
     1
102
RTVSPost2010Prop47
 90
       50
102
RTVSPost2010PropOp47
 70
     1
102
RTVSPost2010Prop48
 90
       50
102
RTVSPost2010PropOp48
 70
     1
102
RTVSPost2010Prop49
280
     0
102
RTVSPost2010PropOp49
 70
     1
102
RTVSPost2010Prop50
 90
       50
102
RTVSPost2010PropOp50
 70
     1
102
RTVSPost2010Prop51ColorIndex
 90
      256
102
RTVSPost2010Prop51ColorRGB
 90
-16777216
102
RTVSPost2010PropOp51
 70
     0
102
RTVSPost2010Prop52
140
1.0
102
RTVSPost2010PropOp52
 70
     0
102
RTVSPost2010Prop53
 90
        2
102
RTVSPost2010PropOp53
 70
     1
102
RTVSPost2010Prop54
  1
strokes_ogs.tif
102
RTVSPost2010PropOp54
 70
     1
102
RTVSPost2010Prop55
280
     0
102
RTVSPost2010PropOp55
 70
     1
102
RTVSPost2010Prop56
140
1.0
102
RTVSPost2010PropOp56
 70
     1
102
RTVSPost2010Prop57
140
1.0
102
RTVSPost2010PropOp57
 70
     1
  0
XRECORD
  5
20A
102
{ACAD_REACTORS
330
209
102
}
330
209
100
AcDbXrecord
280
     1
102
RTVSPropertyOp0
 70
     0
102
RTVSPropertyOp1
 70
     0
102
RTVSPropertyOp2
 70
     0
102
RTVSPropertyOp3
 70
     0
102
RTVSPropertyOp4
 70
     0
102
RTVSPropertyOp5
 70
     0
102
RTVSPropertyOp6
 70
     0
102
RTVSPropertyOp7
 70
     0
102
RTVSPropertyOp8
 70
     0
102
RTVSPropertyOp9
 70
     0
102
RTVSPropertyOp10
 70
     0
102
RTVSPropertyOp11
 70
     0
102
RTVSPropertyOp12
 70
     0
102
RTVSPropertyOp13
 70
     0
102
RTVSPropertyOp14
 70
     2
102
RTVSPropertyOp15
 70
     0
102
RTVSPropertyOp16
 70
     0
102
RTVSPropertyOp17
 70
     0
102
RTVSPropertyOp18
 70
     0
102
RTVSPropertyOp19
 70
     0
102
RTVSPropertyOp20
 70
     0
102
RTVSPropertyOp21
 70
     0
102
RTVSPropertyOp22
 70
     0
102
RTVSPropertyOp23
 70
     0
102
RTVSPropertyOp24
 70
     0
102
RTVSPropertyOp25
 70
     0
102
RTVSPropertyOp26
 70
     0
102
RTVSPropertyOp27
 70
     0
102
RTVSPropertyOp28
 70
     0
102
RTVSPropertyOp29
 70
     0
102
RTVSPropertyOp30
 70
     0
102
RTVSPropertyOp31
 70
     0
102
RTVSPropertyOp32
 70
     0
102
RTVSPropertyOp33
 70
     0
102
RTVSPropertyOp34
 70
     0
102
RTVSPropertyOp35
 70
     0
102
RTVSPropertyOp36
 70
     0
102
RTVSPropertyOp37
 70
     0
102
RTVSPropertyOp38
 70
     0
102
RTVSPropertyOp39
 70
     0
102
RTVSPropertyOp40
 70
     0
102
RTVSPropertyOp41
 70
     0
102
RTVSPropertyOp42
 70
     0
102
RTVSPropertyOp43
 70
     0
102
RTVSPropertyOp44
 70
     0
102
RTVSPropertyOp45
 70
     0
102
RTVSPropertyOp46
 70
     0
102
RTVSPropertyOp47
 70
     0
102
RTVSPropertyOp48
 70
     0
102
RTVSPropertyOp49
 70
     0
102
RTVSPropertyOp50
 70
     0
102
RTVSPropertyOp51
 70
     0
102
RTVSPropertyOp52
 70
     0
102
RTVSPropertyOp53
 70
     0
102
RTVSPropertyOp54
 70
     0
102
RTVSPropertyOp55
 70
     0
102
RTVSPropertyOp56
 70
     0
102
RTVSPropertyOp57
 70
     0
102
RTVSPost2010Prop28
280
     0
102
RTVSPost2010PropOp28
 70
     0
102
RTVSPost2010Prop29
280
     1
102
RTVSPost2010PropOp29
 70
     0
102
RTVSPost2010Prop30
280
     1
102
RTVSPost2010PropOp30
 70
     0
102
RTVSPost2010Prop31
280
     0
102
RTVSPost2010PropOp31
 70
     0
102
RTVSPost2010Prop32
280
     0
102
RTVSPost2010PropOp32
 70
     0
102
RTVSPost2010Prop33
280
     0
102
RTVSPost2010PropOp33
 70
     0
102
RTVSPost2010Prop34
280
     0
102
RTVSPost2010PropOp34
 70
     0
102
RTVSPost2010Prop35
280
     0
102
RTVSPost2010PropOp35
 70
     0
102
RTVSPost2010Prop36
280
     0
102
RTVSPost2010PropOp36
 70
     0
102
RTVSPost2010Prop37
 90
       50
102
RTVSPost2010PropOp37
 70
     0
102
RTVSPost2010Prop38
140
0.0
102
RTVSPost2010PropOp38
 70
     0
102
RTVSPost2010Prop39
140
1.0
102
RTVSPost2010PropOp39
 70
     0
102
RTVSPost2010Prop40
 90
        0
102
RTVSPost2010PropOp40
 70
     0
102
RTVSPost2010Prop41ColorIndex
 90
       18
102
RTVSPost2010Prop41ColorRGB
 90
        0
102
RTVSPost2010PropOp41
 70
     0
102
RTVSPost2010Prop42
 90
       50
102
RTVSPost2010PropOp42
 70
     0
102
RTVSPost2010Prop43
 90
        3
102
RTVSPost2010PropOp43
 70
     0
102
RTVSPost2010Prop44ColorIndex
 90
        5
102
RTVSPost2010Prop44ColorRGB
 90
      255
102
RTVSPost2010PropOp44
 70
     0
102
RTVSPost2010Prop45
280
     0
102
RTVSPost2010PropOp45
 70
     0
102
RTVSPost2010Prop46
 90
       50
102
RTVSPost2010PropOp46
 70
     0
102
RTVSPost2010Prop47
 90
       50
102
RTVSPost2010PropOp47
 70
     0
102
RTVSPost2010Prop48
 90
       50
102
RTVSPost2010PropOp48
 70
     0
102
RTVSPost2010Prop49
280
     0
102
RTVSPost2010PropOp49
 70
     0
102
RTVSPost2010Prop50
 90
       50
102
RTVSPost2010PropOp50
 70
     0
102
RTVSPost2010Prop51ColorIndex
 90
      256
102
RTVSPost2010Prop51ColorRGB
 90
-16777216
102
RTVSPost2010PropOp51
 70
     0
102
RTVSPost2010Prop52
140
1.0
102
RTVSPost2010PropOp52
 70
     0
102
RTVSPost2010Prop53
 90
        2
102
RTVSPost2010PropOp53
 70
     0
102
RTVSPost2010Prop54
  1
strokes_ogs.tif
102
RTVSPost2010PropOp54
 70
     0
102
RTVSPost2010Prop55
280
     0
102
RTVSPost2010PropOp55
 70
     0
102
RTVSPost2010Prop56
140
1.0
102
RTVSPost2010PropOp56
 70
     0
102
RTVSPost2010Prop57
140
1.0
102
RTVSPost2010PropOp57
 70
     0
  0
XRECORD
  5
1F8
102
{ACAD_REACTORS
330
1F7
102
}
330
1F7
100
AcDbXrecord
280
     1
102
RTVSPropertyOp0
 70
     1
102
RTVSPropertyOp1
 70
     1
102
RTVSPropertyOp2
 70
     1
102
RTVSPropertyOp3
 70
     1
102
RTVSPropertyOp4
 70
     1
102
RTVSPropertyOp5
 70
     1
102
RTVSPropertyOp6
 70
     1
102
RTVSPropertyOp7
 70
     1
102
RTVSPropertyOp8
 70
     1
102
RTVSPropertyOp9
 70
     1
102
RTVSPropertyOp10
 70
     1
102
RTVSPropertyOp11
 70
     1
102
RTVSPropertyOp12
 70
     1
102
RTVSPropertyOp13
 70
     1
102
RTVSPropertyOp14
 70
     1
102
RTVSPropertyOp15
 70
     1
102
RTVSPropertyOp16
 70
     1
102
RTVSPropertyOp17
 70
     1
102
RTVSPropertyOp18
 70
     1
102
RTVSPropertyOp19
 70
     1
102
RTVSPropertyOp20
 70
     1
102
RTVSPropertyOp21
 70
     1
102
RTVSPropertyOp22
 70
     1
102
RTVSPropertyOp23
 70
     1
102
RTVSPropertyOp24
 70
     1
102
RTVSPropertyOp25
 70
     1
102
RTVSPropertyOp26
 70
     1
102
RTVSPropertyOp27
 70
     1
102
RTVSPropertyOp28
 70
     1
102
RTVSPropertyOp29
 70
     1
102
RTVSPropertyOp30
 70
     1
102
RTVSPropertyOp31
 70
     1
102
RTVSPropertyOp32
 70
     1
102
RTVSPropertyOp33
 70
     1
102
RTVSPropertyOp34
 70
     1
102
RTVSPropertyOp35
 70
     1
102
RTVSPropertyOp36
 70
     1
102
RTVSPropertyOp37
 70
     1
102
RTVSPropertyOp38
 70
     1
102
RTVSPropertyOp39
 70
     1
102
RTVSPropertyOp40
 70
     1
102
RTVSPropertyOp41
 70
     1
102
RTVSPropertyOp42
 70
     1
102
RTVSPropertyOp43
 70
     1
102
RTVSPropertyOp44
 70
     1
102
RTVSPropertyOp45
 70
     1
102
RTVSPropertyOp46
 70
     1
102
RTVSPropertyOp47
 70
     1
102
RTVSPropertyOp48
 70
     1
102
RTVSPropertyOp49
 70
     1
102
RTVSPropertyOp50
 70
     1
102
RTVSPropertyOp51
 70
     0
102
RTVSPropertyOp52
 70
     0
102
RTVSPropertyOp53
 70
     1
102
RTVSPropertyOp54
 70
     1
102
RTVSPropertyOp55
 70
     1
102
RTVSPropertyOp56
 70
     1
102
RTVSPropertyOp57
 70
     1
102
RTVSPost2010Prop28
280
     0
102
RTVSPost2010PropOp28
 70
     1
102
RTVSPost2010Prop29
280
     1
102
RTVSPost2010PropOp29
 70
     1
102
RTVSPost2010Prop30
280
     1
102
RTVSPost2010PropOp30
 70
     1
102
RTVSPost2010Prop31
280
     0
102
RTVSPost2010PropOp31
 70
     1
102
RTVSPost2010Prop32
280
     0
102
RTVSPost2010PropOp32
 70
     1
102
RTVSPost2010Prop33
280
     0
102
RTVSPost2010PropOp33
 70
     1
102
RTVSPost2010Prop34
280
     0
102
RTVSPost2010PropOp34
 70
     1
102
RTVSPost2010Prop35
280
     0
102
RTVSPost2010PropOp35
 70
     1
102
RTVSPost2010Prop36
280
     0
102
RTVSPost2010PropOp36
 70
     1
102
RTVSPost2010Prop37
 90
       50
102
RTVSPost2010PropOp37
 70
     1
102
RTVSPost2010Prop38
140
0.0
102
RTVSPost2010PropOp38
 70
     1
102
RTVSPost2010Prop39
140
1.0
102
RTVSPost2010PropOp39
 70
     1
102
RTVSPost2010Prop40
 90
        0
102
RTVSPost2010PropOp40
 70
     1
102
RTVSPost2010Prop41ColorIndex
 90
       18
102
RTVSPost2010Prop41ColorRGB
 90
        0
102
RTVSPost2010PropOp41
 70
     1
102
RTVSPost2010Prop42
 90
       50
102
RTVSPost2010PropOp42
 70
     1
102
RTVSPost2010Prop43
 90
        3
102
RTVSPost2010PropOp43
 70
     1
102
RTVSPost2010Prop44ColorIndex
 90
        5
102
RTVSPost2010Prop44ColorRGB
 90
      255
102
RTVSPost2010PropOp44
 70
     1
102
RTVSPost2010Prop45
280
     0
102
RTVSPost2010PropOp45
 70
     1
102
RTVSPost2010Prop46
 90
       50
102
RTVSPost2010PropOp46
 70
     1
102
RTVSPost2010Prop47
 90
       50
102
RTVSPost2010PropOp47
 70
     1
102
RTVSPost2010Prop48
 90
       50
102
RTVSPost2010PropOp48
 70
     1
102
RTVSPost2010Prop49
280
     0
102
RTVSPost2010PropOp49
 70
     1
102
RTVSPost2010Prop50
 90
       50
102
RTVSPost2010PropOp50
 70
     1
102
RTVSPost2010Prop51ColorIndex
 90
      256
102
RTVSPost2010Prop51ColorRGB
 90
-16777216
102
RTVSPost2010PropOp51
 70
     0
102
RTVSPost2010Prop52
140
1.0
102
RTVSPost2010PropOp52
 70
     0
102
RTVSPost2010Prop53
 90
        2
102
RTVSPost2010PropOp53
 70
     1
102
RTVSPost2010Prop54
  1
strokes_ogs.tif
102
RTVSPost2010PropOp54
 70
     1
102
RTVSPost2010Prop55
280
     0
102
RTVSPost2010PropOp55
 70
     1
102
RTVSPost2010Prop56
140
1.0
102
RTVSPost2010PropOp56
 70
     1
102
RTVSPost2010Prop57
140
1.0
102
RTVSPost2010PropOp57
 70
     1
  0
XRECORD
  5
216
102
{ACAD_REACTORS
330
215
102
}
330
215
100
AcDbXrecord
280
     1
102
RTVSPropertyOp0
 70
     1
102
RTVSPropertyOp1
 70
     1
102
RTVSPropertyOp2
 70
     1
102
RTVSPropertyOp3
 70
     1
102
RTVSPropertyOp4
 70
     1
102
RTVSPropertyOp5
 70
     1
102
RTVSPropertyOp6
 70
     1
102
RTVSPropertyOp7
 70
     1
102
RTVSPropertyOp8
 70
     1
102
RTVSPropertyOp9
 70
     1
102
RTVSPropertyOp10
 70
     1
102
RTVSPropertyOp11
 70
     1
102
RTVSPropertyOp12
 70
     1
102
RTVSPropertyOp13
 70
     1
102
RTVSPropertyOp14
 70
     1
102
RTVSPropertyOp15
 70
     1
102
RTVSPropertyOp16
 70
     1
102
RTVSPropertyOp17
 70
     1
102
RTVSPropertyOp18
 70
     1
102
RTVSPropertyOp19
 70
     1
102
RTVSPropertyOp20
 70
     1
102
RTVSPropertyOp21
 70
     1
102
RTVSPropertyOp22
 70
     1
102
RTVSPropertyOp23
 70
     1
102
RTVSPropertyOp24
 70
     1
102
RTVSPropertyOp25
 70
     1
102
RTVSPropertyOp26
 70
     1
102
RTVSPropertyOp27
 70
     1
102
RTVSPropertyOp28
 70
     1
102
RTVSPropertyOp29
 70
     1
102
RTVSPropertyOp30
 70
     1
102
RTVSPropertyOp31
 70
     1
102
RTVSPropertyOp32
 70
     1
102
RTVSPropertyOp33
 70
     1
102
RTVSPropertyOp34
 70
     1
102
RTVSPropertyOp35
 70
     1
102
RTVSPropertyOp36
 70
     1
102
RTVSPropertyOp37
 70
     1
102
RTVSPropertyOp38
 70
     1
102
RTVSPropertyOp39
 70
     1
102
RTVSPropertyOp40
 70
     1
102
RTVSPropertyOp41
 70
     1
102
RTVSPropertyOp42
 70
     1
102
RTVSPropertyOp43
 70
     1
102
RTVSPropertyOp44
 70
     1
102
RTVSPropertyOp45
 70
     1
102
RTVSPropertyOp46
 70
     1
102
RTVSPropertyOp47
 70
     1
102
RTVSPropertyOp48
 70
     1
102
RTVSPropertyOp49
 70
     1
102
RTVSPropertyOp50
 70
     1
102
RTVSPropertyOp51
 70
     0
102
RTVSPropertyOp52
 70
     0
102
RTVSPropertyOp53
 70
     1
102
RTVSPropertyOp54
 70
     1
102
RTVSPropertyOp55
 70
     1
102
RTVSPropertyOp56
 70
     1
102
RTVSPropertyOp57
 70
     1
102
RTVSPost2010Prop28
280
     0
102
RTVSPost2010PropOp28
 70
     1
102
RTVSPost2010Prop29
280
     1
102
RTVSPost2010PropOp29
 70
     1
102
RTVSPost2010Prop30
280
     1
102
RTVSPost2010PropOp30
 70
     1
102
RTVSPost2010Prop31
280
     0
102
RTVSPost2010PropOp31
 70
     1
102
RTVSPost2010Prop32
280
     0
102
RTVSPost2010PropOp32
 70
     1
102
RTVSPost2010Prop33
280
     0
102
RTVSPost2010PropOp33
 70
     1
102
RTVSPost2010Prop34
280
     0
102
RTVSPost2010PropOp34
 70
     1
102
RTVSPost2010Prop35
280
     0
102
RTVSPost2010PropOp35
 70
     1
102
RTVSPost2010Prop36
280
     0
102
RTVSPost2010PropOp36
 70
     1
102
RTVSPost2010Prop37
 90
       50
102
RTVSPost2010PropOp37
 70
     1
102
RTVSPost2010Prop38
140
0.0
102
RTVSPost2010PropOp38
 70
     1
102
RTVSPost2010Prop39
140
1.0
102
RTVSPost2010PropOp39
 70
     1
102
RTVSPost2010Prop40
 90
        0
102
RTVSPost2010PropOp40
 70
     1
102
RTVSPost2010Prop41ColorIndex
 90
       18
102
RTVSPost2010Prop41ColorRGB
 90
        0
102
RTVSPost2010PropOp41
 70
     1
102
RTVSPost2010Prop42
 90
       50
102
RTVSPost2010PropOp42
 70
     1
102
RTVSPost2010Prop43
 90
        3
102
RTVSPost2010PropOp43
 70
     1
102
RTVSPost2010Prop44ColorIndex
 90
        5
102
RTVSPost2010Prop44ColorRGB
 90
      255
102
RTVSPost2010PropOp44
 70
     1
102
RTVSPost2010Prop45
280
     0
102
RTVSPost2010PropOp45
 70
     1
102
RTVSPost2010Prop46
 90
       50
102
RTVSPost2010PropOp46
 70
     1
102
RTVSPost2010Prop47
 90
       50
102
RTVSPost2010PropOp47
 70
     1
102
RTVSPost2010Prop48
 90
       50
102
RTVSPost2010PropOp48
 70
     1
102
RTVSPost2010Prop49
280
     0
102
RTVSPost2010PropOp49
 70
     1
102
RTVSPost2010Prop50
 90
       50
102
RTVSPost2010PropOp50
 70
     1
102
RTVSPost2010Prop51ColorIndex
 90
      256
102
RTVSPost2010Prop51ColorRGB
 90
-16777216
102
RTVSPost2010PropOp51
 70
     0
102
RTVSPost2010Prop52
140
1.0
102
RTVSPost2010PropOp52
 70
     0
102
RTVSPost2010Prop53
 90
        2
102
RTVSPost2010PropOp53
 70
     1
102
RTVSPost2010Prop54
  1
strokes_ogs.tif
102
RTVSPost2010PropOp54
 70
     1
102
RTVSPost2010Prop55
280
     0
102
RTVSPost2010PropOp55
 70
     1
102
RTVSPost2010Prop56
140
1.0
102
RTVSPost2010PropOp56
 70
     1
102
RTVSPost2010Prop57
140
1.0
102
RTVSPost2010PropOp57
 70
     1
  0
XRECORD
  5
214
102
{ACAD_REACTORS
330
213
102
}
330
213
100
AcDbXrecord
280
     1
102
RTVSPropertyOp0
 70
     1
102
RTVSPropertyOp1
 70
     1
102
RTVSPropertyOp2
 70
     1
102
RTVSPropertyOp3
 70
     1
102
RTVSPropertyOp4
 70
     1
102
RTVSPropertyOp5
 70
     1
102
RTVSPropertyOp6
 70
     1
102
RTVSPropertyOp7
 70
     1
102
RTVSPropertyOp8
 70
     1
102
RTVSPropertyOp9
 70
     1
102
RTVSPropertyOp10
 70
     1
102
RTVSPropertyOp11
 70
     1
102
RTVSPropertyOp12
 70
     1
102
RTVSPropertyOp13
 70
     1
102
RTVSPropertyOp14
 70
     1
102
RTVSPropertyOp15
 70
     1
102
RTVSPropertyOp16
 70
     1
102
RTVSPropertyOp17
 70
     1
102
RTVSPropertyOp18
 70
     1
102
RTVSPropertyOp19
 70
     1
102
RTVSPropertyOp20
 70
     1
102
RTVSPropertyOp21
 70
     1
102
RTVSPropertyOp22
 70
     1
102
RTVSPropertyOp23
 70
     1
102
RTVSPropertyOp24
 70
     1
102
RTVSPropertyOp25
 70
     1
102
RTVSPropertyOp26
 70
     1
102
RTVSPropertyOp27
 70
     1
102
RTVSPropertyOp28
 70
     1
102
RTVSPropertyOp29
 70
     1
102
RTVSPropertyOp30
 70
     1
102
RTVSPropertyOp31
 70
     1
102
RTVSPropertyOp32
 70
     1
102
RTVSPropertyOp33
 70
     1
102
RTVSPropertyOp34
 70
     1
102
RTVSPropertyOp35
 70
     1
102
RTVSPropertyOp36
 70
     1
102
RTVSPropertyOp37
 70
     1
102
RTVSPropertyOp38
 70
     1
102
RTVSPropertyOp39
 70
     1
102
RTVSPropertyOp40
 70
     1
102
RTVSPropertyOp41
 70
     1
102
RTVSPropertyOp42
 70
     1
102
RTVSPropertyOp43
 70
     1
102
RTVSPropertyOp44
 70
     1
102
RTVSPropertyOp45
 70
     1
102
RTVSPropertyOp46
 70
     1
102
RTVSPropertyOp47
 70
     1
102
RTVSPropertyOp48
 70
     1
102
RTVSPropertyOp49
 70
     1
102
RTVSPropertyOp50
 70
     1
102
RTVSPropertyOp51
 70
     0
102
RTVSPropertyOp52
 70
     0
102
RTVSPropertyOp53
 70
     1
102
RTVSPropertyOp54
 70
     1
102
RTVSPropertyOp55
 70
     1
102
RTVSPropertyOp56
 70
     1
102
RTVSPropertyOp57
 70
     1
102
RTVSPost2010Prop28
280
     0
102
RTVSPost2010PropOp28
 70
     1
102
RTVSPost2010Prop29
280
     1
102
RTVSPost2010PropOp29
 70
     1
102
RTVSPost2010Prop30
280
     1
102
RTVSPost2010PropOp30
 70
     1
102
RTVSPost2010Prop31
280
     0
102
RTVSPost2010PropOp31
 70
     1
102
RTVSPost2010Prop32
280
     0
102
RTVSPost2010PropOp32
 70
     1
102
RTVSPost2010Prop33
280
     0
102
RTVSPost2010PropOp33
 70
     1
102
RTVSPost2010Prop34
280
     0
102
RTVSPost2010PropOp34
 70
     1
102
RTVSPost2010Prop35
280
     0
102
RTVSPost2010PropOp35
 70
     1
102
RTVSPost2010Prop36
280
     0
102
RTVSPost2010PropOp36
 70
     1
102
RTVSPost2010Prop37
 90
       50
102
RTVSPost2010PropOp37
 70
     1
102
RTVSPost2010Prop38
140
0.0
102
RTVSPost2010PropOp38
 70
     1
102
RTVSPost2010Prop39
140
1.0
102
RTVSPost2010PropOp39
 70
     1
102
RTVSPost2010Prop40
 90
        0
102
RTVSPost2010PropOp40
 70
     1
102
RTVSPost2010Prop41ColorIndex
 90
       18
102
RTVSPost2010Prop41ColorRGB
 90
        0
102
RTVSPost2010PropOp41
 70
     1
102
RTVSPost2010Prop42
 90
       50
102
RTVSPost2010PropOp42
 70
     1
102
RTVSPost2010Prop43
 90
        3
102
RTVSPost2010PropOp43
 70
     1
102
RTVSPost2010Prop44ColorIndex
 90
        5
102
RTVSPost2010Prop44ColorRGB
 90
      255
102
RTVSPost2010PropOp44
 70
     1
102
RTVSPost2010Prop45
280
     0
102
RTVSPost2010PropOp45
 70
     1
102
RTVSPost2010Prop46
 90
       50
102
RTVSPost2010PropOp46
 70
     1
102
RTVSPost2010Prop47
 90
       50
102
RTVSPost2010PropOp47
 70
     1
102
RTVSPost2010Prop48
 90
       50
102
RTVSPost2010PropOp48
 70
     1
102
RTVSPost2010Prop49
280
     0
102
RTVSPost2010PropOp49
 70
     1
102
RTVSPost2010Prop50
 90
       50
102
RTVSPost2010PropOp50
 70
     1
102
RTVSPost2010Prop51ColorIndex
 90
      256
102
RTVSPost2010Prop51ColorRGB
 90
-16777216
102
RTVSPost2010PropOp51
 70
     0
102
RTVSPost2010Prop52
140
1.0
102
RTVSPost2010PropOp52
 70
     0
102
RTVSPost2010Prop53
 90
        2
102
RTVSPost2010PropOp53
 70
     1
102
RTVSPost2010Prop54
  1
strokes_ogs.tif
102
RTVSPost2010PropOp54
 70
     1
102
RTVSPost2010Prop55
280
     0
102
RTVSPost2010PropOp55
 70
     1
102
RTVSPost2010Prop56
140
1.0
102
RTVSPost2010PropOp56
 70
     1
102
RTVSPost2010Prop57
140
1.0
102
RTVSPost2010PropOp57
 70
     1
  0
XRECORD
  5
20E
102
{ACAD_REACTORS
330
20D
102
}
330
20D
100
AcDbXrecord
280
     1
102
RTVSPropertyOp0
 70
     1
102
RTVSPropertyOp1
 70
     1
102
RTVSPropertyOp2
 70
     1
102
RTVSPropertyOp3
 70
     1
102
RTVSPropertyOp4
 70
     1
102
RTVSPropertyOp5
 70
     1
102
RTVSPropertyOp6
 70
     1
102
RTVSPropertyOp7
 70
     1
102
RTVSPropertyOp8
 70
     1
102
RTVSPropertyOp9
 70
     1
102
RTVSPropertyOp10
 70
     1
102
RTVSPropertyOp11
 70
     1
102
RTVSPropertyOp12
 70
     1
102
RTVSPropertyOp13
 70
     1
102
RTVSPropertyOp14
 70
     1
102
RTVSPropertyOp15
 70
     1
102
RTVSPropertyOp16
 70
     1
102
RTVSPropertyOp17
 70
     1
102
RTVSPropertyOp18
 70
     1
102
RTVSPropertyOp19
 70
     1
102
RTVSPropertyOp20
 70
     1
102
RTVSPropertyOp21
 70
     1
102
RTVSPropertyOp22
 70
     1
102
RTVSPropertyOp23
 70
     1
102
RTVSPropertyOp24
 70
     1
102
RTVSPropertyOp25
 70
     1
102
RTVSPropertyOp26
 70
     1
102
RTVSPropertyOp27
 70
     1
102
RTVSPropertyOp28
 70
     1
102
RTVSPropertyOp29
 70
     1
102
RTVSPropertyOp30
 70
     1
102
RTVSPropertyOp31
 70
     1
102
RTVSPropertyOp32
 70
     1
102
RTVSPropertyOp33
 70
     1
102
RTVSPropertyOp34
 70
     1
102
RTVSPropertyOp35
 70
     1
102
RTVSPropertyOp36
 70
     1
102
RTVSPropertyOp37
 70
     1
102
RTVSPropertyOp38
 70
     1
102
RTVSPropertyOp39
 70
     1
102
RTVSPropertyOp40
 70
     1
102
RTVSPropertyOp41
 70
     1
102
RTVSPropertyOp42
 70
     1
102
RTVSPropertyOp43
 70
     1
102
RTVSPropertyOp44
 70
     1
102
RTVSPropertyOp45
 70
     1
102
RTVSPropertyOp46
 70
     1
102
RTVSPropertyOp47
 70
     1
102
RTVSPropertyOp48
 70
     1
102
RTVSPropertyOp49
 70
     1
102
RTVSPropertyOp50
 70
     1
102
RTVSPropertyOp51
 70
     0
102
RTVSPropertyOp52
 70
     0
102
RTVSPropertyOp53
 70
     1
102
RTVSPropertyOp54
 70
     1
102
RTVSPropertyOp55
 70
     1
102
RTVSPropertyOp56
 70
     1
102
RTVSPropertyOp57
 70
     1
102
RTVSPost2010Prop28
280
     0
102
RTVSPost2010PropOp28
 70
     1
102
RTVSPost2010Prop29
280
     1
102
RTVSPost2010PropOp29
 70
     1
102
RTVSPost2010Prop30
280
     1
102
RTVSPost2010PropOp30
 70
     1
102
RTVSPost2010Prop31
280
     0
102
RTVSPost2010PropOp31
 70
     1
102
RTVSPost2010Prop32
280
     0
102
RTVSPost2010PropOp32
 70
     1
102
RTVSPost2010Prop33
280
     0
102
RTVSPost2010PropOp33
 70
     1
102
RTVSPost2010Prop34
280
     0
102
RTVSPost2010PropOp34
 70
     1
102
RTVSPost2010Prop35
280
     0
102
RTVSPost2010PropOp35
 70
     1
102
RTVSPost2010Prop36
280
     0
102
RTVSPost2010PropOp36
 70
     1
102
RTVSPost2010Prop37
 90
       50
102
RTVSPost2010PropOp37
 70
     1
102
RTVSPost2010Prop38
140
0.0
102
RTVSPost2010PropOp38
 70
     1
102
RTVSPost2010Prop39
140
1.0
102
RTVSPost2010PropOp39
 70
     1
102
RTVSPost2010Prop40
 90
        0
102
RTVSPost2010PropOp40
 70
     1
102
RTVSPost2010Prop41ColorIndex
 90
       18
102
RTVSPost2010Prop41ColorRGB
 90
        0
102
RTVSPost2010PropOp41
 70
     1
102
RTVSPost2010Prop42
 90
       50
102
RTVSPost2010PropOp42
 70
     1
102
RTVSPost2010Prop43
 90
        3
102
RTVSPost2010PropOp43
 70
     1
102
RTVSPost2010Prop44ColorIndex
 90
        5
102
RTVSPost2010Prop44ColorRGB
 90
      255
102
RTVSPost2010PropOp44
 70
     1
102
RTVSPost2010Prop45
280
     0
102
RTVSPost2010PropOp45
 70
     1
102
RTVSPost2010Prop46
 90
       50
102
RTVSPost2010PropOp46
 70
     1
102
RTVSPost2010Prop47
 90
       50
102
RTVSPost2010PropOp47
 70
     1
102
RTVSPost2010Prop48
 90
       50
102
RTVSPost2010PropOp48
 70
     1
102
RTVSPost2010Prop49
280
     0
102
RTVSPost2010PropOp49
 70
     1
102
RTVSPost2010Prop50
 90
       50
102
RTVSPost2010PropOp50
 70
     1
102
RTVSPost2010Prop51ColorIndex
 90
      256
102
RTVSPost2010Prop51ColorRGB
 90
-16777216
102
RTVSPost2010PropOp51
 70
     0
102
RTVSPost2010Prop52
140
1.0
102
RTVSPost2010PropOp52
 70
     0
102
RTVSPost2010Prop53
 90
        2
102
RTVSPost2010PropOp53
 70
     1
102
RTVSPost2010Prop54
  1
strokes_ogs.tif
102
RTVSPost2010PropOp54
 70
     1
102
RTVSPost2010Prop55
280
     0
102
RTVSPost2010PropOp55
 70
     1
102
RTVSPost2010Prop56
140
1.0
102
RTVSPost2010PropOp56
 70
     1
102
RTVSPost2010Prop57
140
1.0
102
RTVSPost2010PropOp57
 70
     1
  0
XRECORD
  5
210
102
{ACAD_REACTORS
330
20F
102
}
330
20F
100
AcDbXrecord
280
     1
102
RTVSPropertyOp0
 70
     1
102
RTVSPropertyOp1
 70
     1
102
RTVSPropertyOp2
 70
     1
102
RTVSPropertyOp3
 70
     1
102
RTVSPropertyOp4
 70
     1
102
RTVSPropertyOp5
 70
     1
102
RTVSPropertyOp6
 70
     1
102
RTVSPropertyOp7
 70
     1
102
RTVSPropertyOp8
 70
     1
102
RTVSPropertyOp9
 70
     1
102
RTVSPropertyOp10
 70
     1
102
RTVSPropertyOp11
 70
     1
102
RTVSPropertyOp12
 70
     1
102
RTVSPropertyOp13
 70
     1
102
RTVSPropertyOp14
 70
     1
102
RTVSPropertyOp15
 70
     1
102
RTVSPropertyOp16
 70
     1
102
RTVSPropertyOp17
 70
     1
102
RTVSPropertyOp18
 70
     1
102
RTVSPropertyOp19
 70
     1
102
RTVSPropertyOp20
 70
     1
102
RTVSPropertyOp21
 70
     1
102
RTVSPropertyOp22
 70
     1
102
RTVSPropertyOp23
 70
     1
102
RTVSPropertyOp24
 70
     1
102
RTVSPropertyOp25
 70
     1
102
RTVSPropertyOp26
 70
     1
102
RTVSPropertyOp27
 70
     1
102
RTVSPropertyOp28
 70
     1
102
RTVSPropertyOp29
 70
     1
102
RTVSPropertyOp30
 70
     1
102
RTVSPropertyOp31
 70
     1
102
RTVSPropertyOp32
 70
     1
102
RTVSPropertyOp33
 70
     1
102
RTVSPropertyOp34
 70
     1
102
RTVSPropertyOp35
 70
     1
102
RTVSPropertyOp36
 70
     1
102
RTVSPropertyOp37
 70
     1
102
RTVSPropertyOp38
 70
     1
102
RTVSPropertyOp39
 70
     1
102
RTVSPropertyOp40
 70
     1
102
RTVSPropertyOp41
 70
     1
102
RTVSPropertyOp42
 70
     1
102
RTVSPropertyOp43
 70
     1
102
RTVSPropertyOp44
 70
     1
102
RTVSPropertyOp45
 70
     1
102
RTVSPropertyOp46
 70
     1
102
RTVSPropertyOp47
 70
     1
102
RTVSPropertyOp48
 70
     1
102
RTVSPropertyOp49
 70
     1
102
RTVSPropertyOp50
 70
     1
102
RTVSPropertyOp51
 70
     0
102
RTVSPropertyOp52
 70
     0
102
RTVSPropertyOp53
 70
     1
102
RTVSPropertyOp54
 70
     1
102
RTVSPropertyOp55
 70
     1
102
RTVSPropertyOp56
 70
     1
102
RTVSPropertyOp57
 70
     1
102
RTVSPost2010Prop28
280
     0
102
RTVSPost2010PropOp28
 70
     1
102
RTVSPost2010Prop29
280
     1
102
RTVSPost2010PropOp29
 70
     1
102
RTVSPost2010Prop30
280
     1
102
RTVSPost2010PropOp30
 70
     1
102
RTVSPost2010Prop31
280
     0
102
RTVSPost2010PropOp31
 70
     1
102
RTVSPost2010Prop32
280
     0
102
RTVSPost2010PropOp32
 70
     1
102
RTVSPost2010Prop33
280
     0
102
RTVSPost2010PropOp33
 70
     1
102
RTVSPost2010Prop34
280
     0
102
RTVSPost2010PropOp34
 70
     1
102
RTVSPost2010Prop35
280
     0
102
RTVSPost2010PropOp35
 70
     1
102
RTVSPost2010Prop36
280
     0
102
RTVSPost2010PropOp36
 70
     1
102
RTVSPost2010Prop37
 90
       50
102
RTVSPost2010PropOp37
 70
     1
102
RTVSPost2010Prop38
140
0.0
102
RTVSPost2010PropOp38
 70
     1
102
RTVSPost2010Prop39
140
1.0
102
RTVSPost2010PropOp39
 70
     1
102
RTVSPost2010Prop40
 90
        0
102
RTVSPost2010PropOp40
 70
     1
102
RTVSPost2010Prop41ColorIndex
 90
       18
102
RTVSPost2010Prop41ColorRGB
 90
        0
102
RTVSPost2010PropOp41
 70
     1
102
RTVSPost2010Prop42
 90
       50
102
RTVSPost2010PropOp42
 70
     1
102
RTVSPost2010Prop43
 90
        3
102
RTVSPost2010PropOp43
 70
     1
102
RTVSPost2010Prop44ColorIndex
 90
        5
102
RTVSPost2010Prop44ColorRGB
 90
      255
102
RTVSPost2010PropOp44
 70
     1
102
RTVSPost2010Prop45
280
     0
102
RTVSPost2010PropOp45
 70
     1
102
RTVSPost2010Prop46
 90
       50
102
RTVSPost2010PropOp46
 70
     1
102
RTVSPost2010Prop47
 90
       50
102
RTVSPost2010PropOp47
 70
     1
102
RTVSPost2010Prop48
 90
       50
102
RTVSPost2010PropOp48
 70
     1
102
RTVSPost2010Prop49
280
     0
102
RTVSPost2010PropOp49
 70
     1
102
RTVSPost2010Prop50
 90
       50
102
RTVSPost2010PropOp50
 70
     1
102
RTVSPost2010Prop51ColorIndex
 90
      256
102
RTVSPost2010Prop51ColorRGB
 90
-16777216
102
RTVSPost2010PropOp51
 70
     0
102
RTVSPost2010Prop52
140
1.0
102
RTVSPost2010PropOp52
 70
     0
102
RTVSPost2010Prop53
 90
        2
102
RTVSPost2010PropOp53
 70
     1
102
RTVSPost2010Prop54
  1
strokes_ogs.tif
102
RTVSPost2010PropOp54
 70
     1
102
RTVSPost2010Prop55
280
     0
102
RTVSPost2010PropOp55
 70
     1
102
RTVSPost2010Prop56
140
1.0
102
RTVSPost2010PropOp56
 70
     1
102
RTVSPost2010Prop57
140
1.0
102
RTVSPost2010PropOp57
 70
     1
  0
XRECORD
  5
200
102
{ACAD_REACTORS
330
1FF
102
}
330
1FF
100
AcDbXrecord
280
     1
102
RTVSPropertyOp0
 70
     1
102
RTVSPropertyOp1
 70
     1
102
RTVSPropertyOp2
 70
     1
102
RTVSPropertyOp3
 70
     1
102
RTVSPropertyOp4
 70
     1
102
RTVSPropertyOp5
 70
     1
102
RTVSPropertyOp6
 70
     1
102
RTVSPropertyOp7
 70
     1
102
RTVSPropertyOp8
 70
     1
102
RTVSPropertyOp9
 70
     1
102
RTVSPropertyOp10
 70
     1
102
RTVSPropertyOp11
 70
     1
102
RTVSPropertyOp12
 70
     1
102
RTVSPropertyOp13
 70
     1
102
RTVSPropertyOp14
 70
     1
102
RTVSPropertyOp15
 70
     1
102
RTVSPropertyOp16
 70
     1
102
RTVSPropertyOp17
 70
     1
102
RTVSPropertyOp18
 70
     1
102
RTVSPropertyOp19
 70
     1
102
RTVSPropertyOp20
 70
     1
102
RTVSPropertyOp21
 70
     1
102
RTVSPropertyOp22
 70
     1
102
RTVSPropertyOp23
 70
     1
102
RTVSPropertyOp24
 70
     1
102
RTVSPropertyOp25
 70
     1
102
RTVSPropertyOp26
 70
     1
102
RTVSPropertyOp27
 70
     1
102
RTVSPropertyOp28
 70
     1
102
RTVSPropertyOp29
 70
     1
102
RTVSPropertyOp30
 70
     1
102
RTVSPropertyOp31
 70
     1
102
RTVSPropertyOp32
 70
     1
102
RTVSPropertyOp33
 70
     1
102
RTVSPropertyOp34
 70
     1
102
RTVSPropertyOp35
 70
     1
102
RTVSPropertyOp36
 70
     1
102
RTVSPropertyOp37
 70
     1
102
RTVSPropertyOp38
 70
     1
102
RTVSPropertyOp39
 70
     1
102
RTVSPropertyOp40
 70
     1
102
RTVSPropertyOp41
 70
     1
102
RTVSPropertyOp42
 70
     1
102
RTVSPropertyOp43
 70
     1
102
RTVSPropertyOp44
 70
     1
102
RTVSPropertyOp45
 70
     1
102
RTVSPropertyOp46
 70
     1
102
RTVSPropertyOp47
 70
     1
102
RTVSPropertyOp48
 70
     1
102
RTVSPropertyOp49
 70
     1
102
RTVSPropertyOp50
 70
     1
102
RTVSPropertyOp51
 70
     0
102
RTVSPropertyOp52
 70
     0
102
RTVSPropertyOp53
 70
     1
102
RTVSPropertyOp54
 70
     1
102
RTVSPropertyOp55
 70
     1
102
RTVSPropertyOp56
 70
     1
102
RTVSPropertyOp57
 70
     1
102
RTVSPost2010Prop28
280
     0
102
RTVSPost2010PropOp28
 70
     1
102
RTVSPost2010Prop29
280
     1
102
RTVSPost2010PropOp29
 70
     1
102
RTVSPost2010Prop30
280
     1
102
RTVSPost2010PropOp30
 70
     1
102
RTVSPost2010Prop31
280
     0
102
RTVSPost2010PropOp31
 70
     1
102
RTVSPost2010Prop32
280
     0
102
RTVSPost2010PropOp32
 70
     1
102
RTVSPost2010Prop33
280
     0
102
RTVSPost2010PropOp33
 70
     1
102
RTVSPost2010Prop34
280
     0
102
RTVSPost2010PropOp34
 70
     1
102
RTVSPost2010Prop35
280
     0
102
RTVSPost2010PropOp35
 70
     1
102
RTVSPost2010Prop36
280
     0
102
RTVSPost2010PropOp36
 70
     1
102
RTVSPost2010Prop37
 90
       50
102
RTVSPost2010PropOp37
 70
     1
102
RTVSPost2010Prop38
140
0.0
102
RTVSPost2010PropOp38
 70
     1
102
RTVSPost2010Prop39
140
1.0
102
RTVSPost2010PropOp39
 70
     1
102
RTVSPost2010Prop40
 90
        0
102
RTVSPost2010PropOp40
 70
     1
102
RTVSPost2010Prop41ColorIndex
 90
       18
102
RTVSPost2010Prop41ColorRGB
 90
        0
102
RTVSPost2010PropOp41
 70
     1
102
RTVSPost2010Prop42
 90
       50
102
RTVSPost2010PropOp42
 70
     1
102
RTVSPost2010Prop43
 90
        3
102
RTVSPost2010PropOp43
 70
     1
102
RTVSPost2010Prop44ColorIndex
 90
        5
102
RTVSPost2010Prop44ColorRGB
 90
      255
102
RTVSPost2010PropOp44
 70
     1
102
RTVSPost2010Prop45
280
     0
102
RTVSPost2010PropOp45
 70
     1
102
RTVSPost2010Prop46
 90
       50
102
RTVSPost2010PropOp46
 70
     1
102
RTVSPost2010Prop47
 90
       50
102
RTVSPost2010PropOp47
 70
     1
102
RTVSPost2010Prop48
 90
       50
102
RTVSPost2010PropOp48
 70
     1
102
RTVSPost2010Prop49
280
     0
102
RTVSPost2010PropOp49
 70
     1
102
RTVSPost2010Prop50
 90
       50
102
RTVSPost2010PropOp50
 70
     1
102
RTVSPost2010Prop51ColorIndex
 90
      256
102
RTVSPost2010Prop51ColorRGB
 90
-16777216
102
RTVSPost2010PropOp51
 70
     0
102
RTVSPost2010Prop52
140
1.0
102
RTVSPost2010PropOp52
 70
     0
102
RTVSPost2010Prop53
 90
        2
102
RTVSPost2010PropOp53
 70
     1
102
RTVSPost2010Prop54
  1
strokes_ogs.tif
102
RTVSPost2010PropOp54
 70
     1
102
RTVSPost2010Prop55
280
     0
102
RTVSPost2010PropOp55
 70
     1
102
RTVSPost2010Prop56
140
1.0
102
RTVSPost2010PropOp56
 70
     1
102
RTVSPost2010Prop57
140
1.0
102
RTVSPost2010PropOp57
 70
     1
  0
XRECORD
  5
1F2
102
{ACAD_REACTORS
330
1F1
102
}
330
1F1
100
AcDbXrecord
280
     1
102
RTVSPropertyOp0
 70
     1
102
RTVSPropertyOp1
 70
     1
102
RTVSPropertyOp2
 70
     1
102
RTVSPropertyOp3
 70
     1
102
RTVSPropertyOp4
 70
     1
102
RTVSPropertyOp5
 70
     1
102
RTVSPropertyOp6
 70
     1
102
RTVSPropertyOp7
 70
     1
102
RTVSPropertyOp8
 70
     1
102
RTVSPropertyOp9
 70
     1
102
RTVSPropertyOp10
 70
     1
102
RTVSPropertyOp11
 70
     1
102
RTVSPropertyOp12
 70
     1
102
RTVSPropertyOp13
 70
     1
102
RTVSPropertyOp14
 70
     1
102
RTVSPropertyOp15
 70
     1
102
RTVSPropertyOp16
 70
     1
102
RTVSPropertyOp17
 70
     1
102
RTVSPropertyOp18
 70
     1
102
RTVSPropertyOp19
 70
     1
102
RTVSPropertyOp20
 70
     1
102
RTVSPropertyOp21
 70
     1
102
RTVSPropertyOp22
 70
     1
102
RTVSPropertyOp23
 70
     1
102
RTVSPropertyOp24
 70
     1
102
RTVSPropertyOp25
 70
     1
102
RTVSPropertyOp26
 70
     1
102
RTVSPropertyOp27
 70
     1
102
RTVSPropertyOp28
 70
     1
102
RTVSPropertyOp29
 70
     1
102
RTVSPropertyOp30
 70
     1
102
RTVSPropertyOp31
 70
     1
102
RTVSPropertyOp32
 70
     1
102
RTVSPropertyOp33
 70
     1
102
RTVSPropertyOp34
 70
     1
102
RTVSPropertyOp35
 70
     1
102
RTVSPropertyOp36
 70
     1
102
RTVSPropertyOp37
 70
     1
102
RTVSPropertyOp38
 70
     1
102
RTVSPropertyOp39
 70
     1
102
RTVSPropertyOp40
 70
     1
102
RTVSPropertyOp41
 70
     1
102
RTVSPropertyOp42
 70
     1
102
RTVSPropertyOp43
 70
     1
102
RTVSPropertyOp44
 70
     1
102
RTVSPropertyOp45
 70
     1
102
RTVSPropertyOp46
 70
     1
102
RTVSPropertyOp47
 70
     1
102
RTVSPropertyOp48
 70
     1
102
RTVSPropertyOp49
 70
     1
102
RTVSPropertyOp50
 70
     1
102
RTVSPropertyOp51
 70
     0
102
RTVSPropertyOp52
 70
     0
102
RTVSPropertyOp53
 70
     1
102
RTVSPropertyOp54
 70
     1
102
RTVSPropertyOp55
 70
     1
102
RTVSPropertyOp56
 70
     1
102
RTVSPropertyOp57
 70
     1
102
RTVSPost2010Prop28
280
     0
102
RTVSPost2010PropOp28
 70
     1
102
RTVSPost2010Prop29
280
     1
102
RTVSPost2010PropOp29
 70
     1
102
RTVSPost2010Prop30
280
     1
102
RTVSPost2010PropOp30
 70
     1
102
RTVSPost2010Prop31
280
     0
102
RTVSPost2010PropOp31
 70
     1
102
RTVSPost2010Prop32
280
     0
102
RTVSPost2010PropOp32
 70
     1
102
RTVSPost2010Prop33
280
     0
102
RTVSPost2010PropOp33
 70
     1
102
RTVSPost2010Prop34
280
     0
102
RTVSPost2010PropOp34
 70
     1
102
RTVSPost2010Prop35
280
     0
102
RTVSPost2010PropOp35
 70
     1
102
RTVSPost2010Prop36
280
     0
102
RTVSPost2010PropOp36
 70
     1
102
RTVSPost2010Prop37
 90
       50
102
RTVSPost2010PropOp37
 70
     1
102
RTVSPost2010Prop38
140
0.0
102
RTVSPost2010PropOp38
 70
     1
102
RTVSPost2010Prop39
140
1.0
102
RTVSPost2010PropOp39
 70
     1
102
RTVSPost2010Prop40
 90
        0
102
RTVSPost2010PropOp40
 70
     1
102
RTVSPost2010Prop41ColorIndex
 90
       18
102
RTVSPost2010Prop41ColorRGB
 90
        0
102
RTVSPost2010PropOp41
 70
     1
102
RTVSPost2010Prop42
 90
       50
102
RTVSPost2010PropOp42
 70
     1
102
RTVSPost2010Prop43
 90
        3
102
RTVSPost2010PropOp43
 70
     1
102
RTVSPost2010Prop44ColorIndex
 90
        5
102
RTVSPost2010Prop44ColorRGB
 90
      255
102
RTVSPost2010PropOp44
 70
     1
102
RTVSPost2010Prop45
280
     0
102
RTVSPost2010PropOp45
 70
     1
102
RTVSPost2010Prop46
 90
       50
102
RTVSPost2010PropOp46
 70
     1
102
RTVSPost2010Prop47
 90
       50
102
RTVSPost2010PropOp47
 70
     1
102
RTVSPost2010Prop48
 90
       50
102
RTVSPost2010PropOp48
 70
     1
102
RTVSPost2010Prop49
280
     0
102
RTVSPost2010PropOp49
 70
     1
102
RTVSPost2010Prop50
 90
       50
102
RTVSPost2010PropOp50
 70
     1
102
RTVSPost2010Prop51ColorIndex
 90
      256
102
RTVSPost2010Prop51ColorRGB
 90
-16777216
102
RTVSPost2010PropOp51
 70
     0
102
RTVSPost2010Prop52
140
1.0
102
RTVSPost2010PropOp52
 70
     0
102
RTVSPost2010Prop53
 90
        2
102
RTVSPost2010PropOp53
 70
     1
102
RTVSPost2010Prop54
  1
strokes_ogs.tif
102
RTVSPost2010PropOp54
 70
     1
102
RTVSPost2010Prop55
280
     0
102
RTVSPost2010PropOp55
 70
     1
102
RTVSPost2010Prop56
140
1.0
102
RTVSPost2010PropOp56
 70
     1
102
RTVSPost2010Prop57
140
1.0
102
RTVSPost2010PropOp57
 70
     1
  0
XRECORD
  5
212
102
{ACAD_REACTORS
330
211
102
}
330
211
100
AcDbXrecord
280
     1
102
RTVSPropertyOp0
 70
     1
102
RTVSPropertyOp1
 70
     1
102
RTVSPropertyOp2
 70
     1
102
RTVSPropertyOp3
 70
     1
102
RTVSPropertyOp4
 70
     1
102
RTVSPropertyOp5
 70
     1
102
RTVSPropertyOp6
 70
     1
102
RTVSPropertyOp7
 70
     1
102
RTVSPropertyOp8
 70
     1
102
RTVSPropertyOp9
 70
     1
102
RTVSPropertyOp10
 70
     1
102
RTVSPropertyOp11
 70
     1
102
RTVSPropertyOp12
 70
     1
102
RTVSPropertyOp13
 70
     1
102
RTVSPropertyOp14
 70
     1
102
RTVSPropertyOp15
 70
     1
102
RTVSPropertyOp16
 70
     1
102
RTVSPropertyOp17
 70
     1
102
RTVSPropertyOp18
 70
     1
102
RTVSPropertyOp19
 70
     1
102
RTVSPropertyOp20
 70
     1
102
RTVSPropertyOp21
 70
     1
102
RTVSPropertyOp22
 70
     1
102
RTVSPropertyOp23
 70
     1
102
RTVSPropertyOp24
 70
     1
102
RTVSPropertyOp25
 70
     1
102
RTVSPropertyOp26
 70
     1
102
RTVSPropertyOp27
 70
     1
102
RTVSPropertyOp28
 70
     1
102
RTVSPropertyOp29
 70
     1
102
RTVSPropertyOp30
 70
     1
102
RTVSPropertyOp31
 70
     1
102
RTVSPropertyOp32
 70
     1
102
RTVSPropertyOp33
 70
     1
102
RTVSPropertyOp34
 70
     1
102
RTVSPropertyOp35
 70
     1
102
RTVSPropertyOp36
 70
     1
102
RTVSPropertyOp37
 70
     1
102
RTVSPropertyOp38
 70
     1
102
RTVSPropertyOp39
 70
     1
102
RTVSPropertyOp40
 70
     1
102
RTVSPropertyOp41
 70
     1
102
RTVSPropertyOp42
 70
     1
102
RTVSPropertyOp43
 70
     1
102
RTVSPropertyOp44
 70
     1
102
RTVSPropertyOp45
 70
     1
102
RTVSPropertyOp46
 70
     1
102
RTVSPropertyOp47
 70
     1
102
RTVSPropertyOp48
 70
     1
102
RTVSPropertyOp49
 70
     1
102
RTVSPropertyOp50
 70
     1
102
RTVSPropertyOp51
 70
     0
102
RTVSPropertyOp52
 70
     0
102
RTVSPropertyOp53
 70
     1
102
RTVSPropertyOp54
 70
     1
102
RTVSPropertyOp55
 70
     1
102
RTVSPropertyOp56
 70
     1
102
RTVSPropertyOp57
 70
     1
102
RTVSPost2010Prop28
280
     0
102
RTVSPost2010PropOp28
 70
     1
102
RTVSPost2010Prop29
280
     1
102
RTVSPost2010PropOp29
 70
     1
102
RTVSPost2010Prop30
280
     1
102
RTVSPost2010PropOp30
 70
     1
102
RTVSPost2010Prop31
280
     0
102
RTVSPost2010PropOp31
 70
     1
102
RTVSPost2010Prop32
280
     0
102
RTVSPost2010PropOp32
 70
     1
102
RTVSPost2010Prop33
280
     0
102
RTVSPost2010PropOp33
 70
     1
102
RTVSPost2010Prop34
280
     0
102
RTVSPost2010PropOp34
 70
     1
102
RTVSPost2010Prop35
280
     0
102
RTVSPost2010PropOp35
 70
     1
102
RTVSPost2010Prop36
280
     0
102
RTVSPost2010PropOp36
 70
     1
102
RTVSPost2010Prop37
 90
       50
102
RTVSPost2010PropOp37
 70
     1
102
RTVSPost2010Prop38
140
0.0
102
RTVSPost2010PropOp38
 70
     1
102
RTVSPost2010Prop39
140
1.0
102
RTVSPost2010PropOp39
 70
     1
102
RTVSPost2010Prop40
 90
        0
102
RTVSPost2010PropOp40
 70
     1
102
RTVSPost2010Prop41ColorIndex
 90
       18
102
RTVSPost2010Prop41ColorRGB
 90
        0
102
RTVSPost2010PropOp41
 70
     1
102
RTVSPost2010Prop42
 90
       50
102
RTVSPost2010PropOp42
 70
     1
102
RTVSPost2010Prop43
 90
        3
102
RTVSPost2010PropOp43
 70
     1
102
RTVSPost2010Prop44ColorIndex
 90
        5
102
RTVSPost2010Prop44ColorRGB
 90
      255
102
RTVSPost2010PropOp44
 70
     1
102
RTVSPost2010Prop45
280
     0
102
RTVSPost2010PropOp45
 70
     1
102
RTVSPost2010Prop46
 90
       50
102
RTVSPost2010PropOp46
 70
     1
102
RTVSPost2010Prop47
 90
       50
102
RTVSPost2010PropOp47
 70
     1
102
RTVSPost2010Prop48
 90
       50
102
RTVSPost2010PropOp48
 70
     1
102
RTVSPost2010Prop49
280
     0
102
RTVSPost2010PropOp49
 70
     1
102
RTVSPost2010Prop50
 90
       50
102
RTVSPost2010PropOp50
 70
     1
102
RTVSPost2010Prop51ColorIndex
 90
      256
102
RTVSPost2010Prop51ColorRGB
 90
-16777216
102
RTVSPost2010PropOp51
 70
     0
102
RTVSPost2010Prop52
140
1.0
102
RTVSPost2010PropOp52
 70
     0
102
RTVSPost2010Prop53
 90
        2
102
RTVSPost2010PropOp53
 70
     1
102
RTVSPost2010Prop54
  1
strokes_ogs.tif
102
RTVSPost2010PropOp54
 70
     1
102
RTVSPost2010Prop55
280
     0
102
RTVSPost2010PropOp55
 70
     1
102
RTVSPost2010Prop56
140
1.0
102
RTVSPost2010PropOp56
 70
     1
102
RTVSPost2010Prop57
140
1.0
102
RTVSPost2010PropOp57
 70
     1
  0
ENDSEC
  0
EOF
