  0
SECTION
  2
HEADER
  9
$ACADVER
  1
AC1021
  9
$ACADMAINTVER
 70
    25
  9
$DWGCODEPAGE
  3
ANSI_1252
  9
$LASTSAVEDBY
  1
gabrielegranello
  9
$INSBASE
 10
0.0
 20
0.0
 30
0.0
  9
$EXTMIN
 10
-1221.811011287788
 20
-193.9968225800112
 30
-0.0000000000000107
  9
$EXTMAX
 10
1177.695870823166
 20
224.4474798519223
 30
0.000000001283297
  9
$LIMMIN
 10
0.0
 20
0.0
  9
$LIMMAX
 10
12.0
 20
9.0
  9
$ORTHOMODE
 70
     0
  9
$REGENMODE
 70
     1
  9
$FILLMODE
 70
     1
  9
$QTEXTMODE
 70
     0
  9
$MIRRTEXT
 70
     0
  9
$LTSCALE
 40
1.0
  9
$ATTMODE
 70
     1
  9
$TEXTSIZE
 40
0.2
  9
$TRACEWID
 40
0.05
  9
$TEXTSTYLE
  7
Standard
  9
$CLAYER
  8
0
  9
$CELTYPE
  6
ByLayer
  9
$CECOLOR
 62
   256
  9
$CELTSCALE
 40
1.0
  9
$DISPSILH
 70
     0
  9
$DIMSCALE
 40
1.0
  9
$DIMASZ
 40
0.18
  9
$DIMEXO
 40
0.0625
  9
$DIMDLI
 40
0.38
  9
$DIMRND
 40
0.0
  9
$DIMDLE
 40
0.0
  9
$DIMEXE
 40
0.18
  9
$DIMTP
 40
0.0
  9
$DIMTM
 40
0.0
  9
$DIMTXT
 40
0.18
  9
$DIMCEN
 40
0.09
  9
$DIMTSZ
 40
0.0
  9
$DIMTOL
 70
     0
  9
$DIMLIM
 70
     0
  9
$DIMTIH
 70
     1
  9
$DIMTOH
 70
     1
  9
$DIMSE1
 70
     0
  9
$DIMSE2
 70
     0
  9
$DIMTAD
 70
     0
  9
$DIMZIN
 70
     0
  9
$DIMBLK
  1

  9
$DIMASO
 70
     1
  9
$DIMSHO
 70
     1
  9
$DIMPOST
  1

  9
$DIMAPOST
  1

  9
$DIMALT
 70
     0
  9
$DIMALTD
 70
     2
  9
$DIMALTF
 40
25.4
  9
$DIMLFAC
 40
1.0
  9
$DIMTOFL
 70
     0
  9
$DIMTVP
 40
0.0
  9
$DIMTIX
 70
     0
  9
$DIMSOXD
 70
     0
  9
$DIMSAH
 70
     0
  9
$DIMBLK1
  1

  9
$DIMBLK2
  1

  9
$DIMSTYLE
  2
STANDARD_ACAD
  9
$DIMCLRD
 70
     0
  9
$DIMCLRE
 70
     0
  9
$DIMCLRT
 70
     0
  9
$DIMTFAC
 40
1.0
  9
$DIMGAP
 40
0.09
  9
$DIMJUST
 70
     0
  9
$DIMSD1
 70
     0
  9
$DIMSD2
 70
     0
  9
$DIMTOLJ
 70
     1
  9
$DIMTZIN
 70
     0
  9
$DIMALTZ
 70
     0
  9
$DIMALTTZ
 70
     0
  9
$DIMUPT
 70
     0
  9
$DIMDEC
 70
     4
  9
$DIMTDEC
 70
     4
  9
$DIMALTU
 70
     2
  9
$DIMALTTD
 70
     2
  9
$DIMTXSTY
  7
Standard
  9
$DIMAUNIT
 70
     0
  9
$DIMADEC
 70
     0
  9
$DIMALTRND
 40
0.0
  9
$DIMAZIN
 70
     0
  9
$DIMDSEP
 70
    46
  9
$DIMATFIT
 70
     3
  9
$DIMFRAC
 70
     0
  9
$DIMLDRBLK
  1

  9
$DIMLUNIT
 70
     2
  9
$DIMLWD
 70
    -2
  9
$DIMLWE
 70
    -2
  9
$DIMTMOVE
 70
     2
  9
$DIMFXL
 40
1.0
  9
$DIMFXLON
 70
     0
  9
$DIMJOGANG
 40
0.7853981633974483
  9
$DIMTFILL
 70
     0
  9
$DIMTFILLCLR
 70
     0
  9
$DIMARCSYM
 70
     0
  9
$DIMLTYPE
  6

  9
$DIMLTEX1
  6

  9
$DIMLTEX2
  6

  9
$LUNITS
 70
     2
  9
$LUPREC
 70
     3
  9
$SKETCHINC
 40
0.1
  9
$FILLETRAD
 40
0.0
  9
$AUNITS
 70
     0
  9
$AUPREC
 70
     0
  9
$MENU
  1
.
  9
$ELEVATION
 40
0.0
  9
$PELEVATION
 40
0.0
  9
$THICKNESS
 40
0.0
  9
$LIMCHECK
 70
     0
  9
$CHAMFERA
 40
0.0
  9
$CHAMFERB
 40
0.0
  9
$CHAMFERC
 40
0.0
  9
$CHAMFERD
 40
0.0
  9
$SKPOLY
 70
     0
  9
$TDCREATE
 40
2461145.706224306
  9
$TDUCREATE
 40
2461145.664557639
  9
$TDUPDATE
 40
2461145.706224699
  9
$TDUUPDATE
 40
2461145.664558033
  9
$TDINDWG
 40
0.0000000116
  9
$TDUSRTIMER
 40
0.0000000116
  9
$USRTIMER
 70
     1
  9
$ANGBASE
 50
0.0
  9
$ANGDIR
 70
     0
  9
$PDMODE
 70
     0
  9
$PDSIZE
 40
0.0
  9
$PLINEWID
 40
0.0
  9
$SPLFRAME
 70
     0
  9
$SPLINETYPE
 70
     6
  9
$SPLINESEGS
 70
     8
  9
$HANDSEED
  5
254
  9
$SURFTAB1
 70
     6
  9
$SURFTAB2
 70
     6
  9
$SURFTYPE
 70
     6
  9
$SURFU
 70
     6
  9
$SURFV
 70
     6
  9
$UCSBASE
  2

  9
$UCSNAME
  2

  9
$UCSORG
 10
0.0
 20
0.0
 30
0.0
  9
$UCSXDIR
 10
1.0
 20
0.0
 30
0.0
  9
$UCSYDIR
 10
0.0
 20
1.0
 30
0.0
  9
$UCSORTHOREF
  2

  9
$UCSORTHOVIEW
 70
     0
  9
$UCSORGTOP
 10
0.0
 20
0.0
 30
0.0
  9
$UCSORGBOTTOM
 10
0.0
 20
0.0
 30
0.0
  9
$UCSORGLEFT
 10
0.0
 20
0.0
 30
0.0
  9
$UCSORGRIGHT
 10
0.0
 20
0.0
 30
0.0
  9
$UCSORGFRONT
 10
0.0
 20
0.0
 30
0.0
  9
$UCSORGBACK
 10
0.0
 20
0.0
 30
0.0
  9
$PUCSBASE
  2

  9
$PUCSNAME
  2

  9
$PUCSORG
 10
0.0
 20
0.0
 30
0.0
  9
$PUCSXDIR
 10
1.0
 20
0.0
 30
0.0
  9
$PUCSYDIR
 10
0.0
 20
1.0
 30
0.0
  9
$PUCSORTHOREF
  2

  9
$PUCSORTHOVIEW
 70
     0
  9
$PUCSORGTOP
 10
0.0
 20
0.0
 30
0.0
  9
$PUCSORGBOTTOM
 10
0.0
 20
0.0
 30
0.0
  9
$PUCSORGLEFT
 10
0.0
 20
0.0
 30
0.0
  9
$PUCSORGRIGHT
 10
0.0
 20
0.0
 30
0.0
  9
$PUCSORGFRONT
 10
0.0
 20
0.0
 30
0.0
  9
$PUCSORGBACK
 10
0.0
 20
0.0
 30
0.0
  9
$USERI1
 70
     0
  9
$USERI2
 70
     0
  9
$USERI3
 70
     0
  9
$USERI4
 70
     0
  9
$USERI5
 70
     0
  9
$USERR1
 40
0.0
  9
$USERR2
 40
0.0
  9
$USERR3
 40
0.0
  9
$USERR4
 40
0.0
  9
$USERR5
 40
0.0
  9
$WORLDVIEW
 70
     1
  9
$SHADEDGE
 70
     3
  9
$SHADEDIF
 70
    70
  9
$TILEMODE
 70
     1
  9
$MAXACTVP
 70
    64
  9
$PINSBASE
 10
0.0
 20
0.0
 30
0.0
  9
$PLIMCHECK
 70
     0
  9
$PEXTMIN
 10
1.000000000000000E+20
 20
1.000000000000000E+20
 30
1.000000000000000E+20
  9
$PEXTMAX
 10
-1.000000000000000E+20
 20
-1.000000000000000E+20
 30
-1.000000000000000E+20
  9
$PLIMMIN
 10
0.0
 20
0.0
  9
$PLIMMAX
 10
12.0
 20
9.0
  9
$UNITMODE
 70
     0
  9
$VISRETAIN
 70
     1
  9
$PLINEGEN
 70
     0
  9
$PSLTSCALE
 70
     1
  9
$TREEDEPTH
 70
  3020
  9
$CMLSTYLE
  2
Standard
  9
$CMLJUST
 70
     0
  9
$CMLSCALE
 40
1.0
  9
$PROXYGRAPHICS
 70
     1
  9
$MEASUREMENT
 70
     1
  9
$CELWEIGHT
370
    -1
  9
$ENDCAPS
280
     0
  9
$JOINSTYLE
280
     0
  9
$LWDISPLAY
290
     0
  9
$INSUNITS
 70
     4
  9
$HYPERLINKBASE
  1

  9
$STYLESHEET
  1

  9
$XEDIT
290
     1
  9
$CEPSNTYPE
380
     0
  9
$PSTYLEMODE
290
     1
  9
$FINGERPRINTGUID
  2
{fbd73a79-878f-8e47-b80c-7c7f08e5e0cb}
  9
$VERSIONGUID
  2
{FAEB1C32-E019-11D5-929B-00C0DF256EC4}
  9
$EXTNAMES
290
     1
  9
$PSVPSCALE
 40
0.0
  9
$OLESTARTUP
290
     0
  9
$SORTENTS
280
   127
  9
$INDEXCTL
280
     0
  9
$HIDETEXT
280
     1
  9
$XCLIPFRAME
290
     0
  9
$HALOGAP
280
     0
  9
$OBSCOLOR
 70
   257
  9
$OBSLTYPE
280
     0
  9
$INTERSECTIONDISPLAY
280
     0
  9
$INTERSECTIONCOLOR
 70
   257
  9
$DIMASSOC
280
     2
  9
$PROJECTNAME
  1

  9
$CAMERADISPLAY
290
     0
  9
$LENSLENGTH
 40
50.0
  9
$CAMERAHEIGHT
 40
0.0
  9
$STEPSPERSEC
 40
2.0
  9
$STEPSIZE
 40
6.0
  9
$3DDWFPREC
 40
2.0
  9
$PSOLWIDTH
 40
0.25
  9
$PSOLHEIGHT
 40
4.0
  9
$LOFTANG1
 40
1.570796326794897
  9
$LOFTANG2
 40
1.570796326794897
  9
$LOFTMAG1
 40
0.0
  9
$LOFTMAG2
 40
0.0
  9
$LOFTPARAM
 70
     7
  9
$LOFTNORMALS
280
     1
  9
$LATITUDE
 40
37.795
  9
$LONGITUDE
 40
-122.394
  9
$NORTHDIRECTION
 40
0.0
  9
$TIMEZONE
 70
 -8000
  9
$LIGHTGLYPHDISPLAY
280
     1
  9
$TILEMODELIGHTSYNCH
280
     1
  9
$CMATERIAL
347
44
  9
$SOLIDHIST
280
     0
  9
$SHOWHIST
280
     1
  9
$DWFFRAME
280
     2
  9
$DGNFRAME
280
     2
  9
$REALWORLDSCALE
290
     1
  9
$INTERFERECOLOR
 62
   256
  9
$CSHADOW
280
     0
  9
$SHADOWPLANELOCATION
 40
0.0
  0
ENDSEC
  0
SECTION
  2
CLASSES
  0
CLASS
  1
ACDBDICTIONARYWDFLT
  2
AcDbDictionaryWithDefault
  3
ObjectDBX Classes
 90
        0
 91
        3
280
     0
281
     0
  0
CLASS
  1
VISUALSTYLE
  2
AcDbVisualStyle
  3
ObjectDBX Classes
 90
     4095
 91
        3
280
     0
281
     0
  0
CLASS
  1
MATERIAL
  2
AcDbMaterial
  3
ObjectDBX Classes
 90
     1153
 91
        3
280
     0
281
     0
  0
CLASS
  1
SCALE
  2
AcDbScale
  3
ObjectDBX Classes
 90
     1153
 91
        3
280
     0
281
     0
  0
CLASS
  1
TABLESTYLE
  2
AcDbTableStyle
  3
ObjectDBX Classes
 90
     4095
 91
        3
280
     0
281
     0
  0
CLASS
  1
MLEADERSTYLE
  2
AcDbMLeaderStyle
  3
ACDB_MLEADERSTYLE_CLASS
 90
     4095
 91
        3
280
     0
281
     0
  0
CLASS
  1
SUN
  2
AcDbSun
  3
SCENEOE
 90
     1153
 91
        3
280
     0
281
     0
  0
CLASS
  1
DICTIONARYVAR
  2
AcDbDictionaryVar
  3
ObjectDBX Classes
 90
        0
 91
        3
280
     0
281
     0
  0
CLASS
  1
CELLSTYLEMAP
  2
AcDbCellStyleMap
  3
ObjectDBX Classes
 90
     1152
 91
        3
280
     0
281
     0
  0
ENDSEC
  0
SECTION
  2
TABLES
  0
TABLE
  2
VPORT
  5
8
330
0
100
AcDbSymbolTable
 70
     1
  0
VPORT
  5
29
330
8
100
AcDbSymbolTableRecord
100
AcDbViewportTableRecord
  2
*Active
 70
     0
 10
0.0
 20
0.0
 11
1.0
 21
1.0
 12
10.42990654205607
 22
4.5
 13
0.0
 23
0.0
 14
0.5
 24
0.5
 15
0.5
 25
0.5
 16
0.0
 26
0.0
 36
1.0
 17
0.0
 27
0.0
 37
0.0
 40
9.0
 41
1.972972972850329
 42
50.0
 43
0.0
 44
0.0
 50
0.0
 51
0.0
 71
     0
 72
   100
 73
     1
 74
     3
 75
     0
 76
     0
 77
     0
 78
     0
281
     0
 65
     1
110
0.0
120
0.0
130
0.0
111
1.0
121
0.0
131
0.0
112
0.0
122
1.0
132
0.0
 79
     0
146
0.0
348
2F
 60
     3
 61
     5
292
     1
282
     1
141
0.0
142
0.0
 63
   250
361
5D
  0
ENDTAB
  0
TABLE
  2
LTYPE
  5
5
330
0
100
AcDbSymbolTable
 70
     1
  0
LTYPE
  5
14
330
5
100
AcDbSymbolTableRecord
100
AcDbLinetypeTableRecord
  2
ByBlock
 70
     0
  3

 72
    65
 73
     0
 40
0.0
  0
LTYPE
  5
15
330
5
100
AcDbSymbolTableRecord
100
AcDbLinetypeTableRecord
  2
ByLayer
 70
     0
  3

 72
    65
 73
     0
 40
0.0
  0
LTYPE
  5
16
330
5
100
AcDbSymbolTableRecord
100
AcDbLinetypeTableRecord
  2
Continuous
 70
     0
  3
Solid line
 72
    65
 73
     0
 40
0.0
  0
ENDTAB
  0
TABLE
  2
LAYER
  5
2
330
0
100
AcDbSymbolTable
 70
     4
  0
LAYER
  5
10
330
2
100
AcDbSymbolTableRecord
100
AcDbLayerTableRecord
  2
0
 70
     0
 62
     7
  6
Continuous
370
    -3
390
F
347
46
  0
LAYER
  5
5F
330
2
100
AcDbSymbolTableRecord
100
AcDbLayerTableRecord
  2
1_ANYTOOL_1MMDEEP_LABELS_S
 70
     0
 62
     2
420
 16776960
  6
Continuous
370
    -3
390
F
347
46
  0
LAYER
  5
9D
330
2
100
AcDbSymbolTableRecord
100
AcDbLayerTableRecord
  2
3_ANYTOOL_CUTTHROUGH_INSID
 70
     0
 62
     4
420
    65535
  6
Continuous
370
    -3
390
F
347
46
  0
LAYER
  5
188
330
2
100
AcDbSymbolTableRecord
100
AcDbLayerTableRecord
  2
4_ANYTOOL_CUTTHROUGH_OUTSI
 70
     0
 62
     5
420
      255
  6
Continuous
370
    -3
390
F
347
46
  0
ENDTAB
  0
TABLE
  2
STYLE
  5
3
330
0
100
AcDbSymbolTable
 70
     1
  0
STYLE
  5
11
330
3
100
AcDbSymbolTableRecord
100
AcDbTextStyleTableRecord
  2
Standard
 70
     0
 40
0.0
 41
1.0
 50
0.0
 71
     0
 42
0.2
  3
txt
  4

  0
ENDTAB
  0
TABLE
  2
VIEW
  5
6
330
0
100
AcDbSymbolTable
 70
     0
  0
ENDTAB
  0
TABLE
  2
UCS
  5
7
330
0
100
AcDbSymbolTable
 70
     0
  0
ENDTAB
  0
TABLE
  2
APPID
  5
9
330
0
100
AcDbSymbolTable
 70
     3
  0
APPID
  5
12
330
9
100
AcDbSymbolTableRecord
100
AcDbRegAppTableRecord
  2
ACAD
 70
     0
  0
APPID
  5
5E
330
9
100
AcDbSymbolTableRecord
100
AcDbRegAppTableRecord
  2
Rhino
 70
     0
  0
APPID
  5
24C
330
9
100
AcDbSymbolTableRecord
100
AcDbRegAppTableRecord
  2
ACAD_MLEADERVER
 70
     0
  0
ENDTAB
  0
TABLE
  2
DIMSTYLE
  5
A
330
0
100
AcDbSymbolTable
 70
     1
100
AcDbDimStyleTable
  0
DIMSTYLE
105
27
330
A
100
AcDbSymbolTableRecord
100
AcDbDimStyleTableRecord
  2
STANDARD_ACAD
 70
     0
178
     0
340
11
  0
ENDTAB
  0
TABLE
  2
BLOCK_RECORD
  5
1
330
0
100
AcDbSymbolTable
 70
     1
  0
BLOCK_RECORD
  5
1F
330
1
100
AcDbSymbolTableRecord
100
AcDbBlockTableRecord
  2
*Model_Space
340
22
 70
     0
280
     1
281
     0
  0
BLOCK_RECORD
  5
1B
330
1
100
AcDbSymbolTableRecord
100
AcDbBlockTableRecord
  2
*Paper_Space
340
1E
 70
     0
280
     1
281
     0
  0
BLOCK_RECORD
  5
23
330
1
100
AcDbSymbolTableRecord
100
AcDbBlockTableRecord
  2
*Paper_Space0
340
26
 70
     0
280
     1
281
     0
  0
ENDTAB
  0
ENDSEC
  0
SECTION
  2
BLOCKS
  0
BLOCK
  5
20
330
1F
100
AcDbEntity
  8
0
100
AcDbBlockBegin
  2
*Model_Space
 70
     0
 10
0.0
 20
0.0
 30
0.0
  3
*Model_Space
  1

  0
ENDBLK
  5
21
330
1F
100
AcDbEntity
  8
0
100
AcDbBlockEnd
  0
BLOCK
  5
1C
330
1B
100
AcDbEntity
 67
     1
  8
0
100
AcDbBlockBegin
  2
*Paper_Space
 70
     0
 10
0.0
 20
0.0
 30
0.0
  3
*Paper_Space
  1

  0
ENDBLK
  5
1D
330
1B
100
AcDbEntity
 67
     1
  8
0
100
AcDbBlockEnd
  0
BLOCK
  5
24
330
23
100
AcDbEntity
  8
0
100
AcDbBlockBegin
  2
*Paper_Space0
 70
     0
 10
0.0
 20
0.0
 30
0.0
  3
*Paper_Space0
  1

  0
ENDBLK
  5
25
330
23
100
AcDbEntity
  8
0
100
AcDbBlockEnd
  0
ENDSEC
  0
SECTION
  2
ENTITIES
  0
POLYLINE
  5
60
330
1F
100
AcDbEntity
  8
1_ANYTOOL_1MMDEEP_LABELS_S
100
AcDb2dPolyline
 66
     1
 10
0.0
 20
0.0
 30
0.0
  0
VERTEX
  5
61
330
60
100
AcDbEntity
  8
1_ANYTOOL_1MMDEEP_LABELS_S
100
AcDbVertex
100
AcDb2dVertex
 10
80.27142857142871
 20
-13.67142857142608
 30
0.0
  0
VERTEX
  5
62
330
60
100
AcDbEntity
  8
1_ANYTOOL_1MMDEEP_LABELS_S
100
AcDbVertex
100
AcDb2dVertex
 10
90.81428571428569
 20
-13.5428571428638
 30
0.0
  0
VERTEX
  5
63
330
60
100
AcDbEntity
  8
1_ANYTOOL_1MMDEEP_LABELS_S
100
AcDbVertex
100
AcDb2dVertex
 10
96.5142857142855
 20
-12.0
 30
0.0
  0
VERTEX
  5
64
330
60
100
AcDbEntity
  8
1_ANYTOOL_1MMDEEP_LABELS_S
100
AcDbVertex
100
AcDb2dVertex
 10
97.62053571428552
 20
-11.14017857143062
 30
0.0
  0
VERTEX
  5
65
330
60
100
AcDbEntity
  8
1_ANYTOOL_1MMDEEP_LABELS_S
100
AcDbVertex
100
AcDb2dVertex
 10
98.4107142857141
 20
-9.932142857145664
 30
0.0
  0
VERTEX
  5
66
330
60
100
AcDbEntity
  8
1_ANYTOOL_1MMDEEP_LABELS_S
100
AcDbVertex
100
AcDb2dVertex
 10
99.04285714285697
 20
-6.471428571428987
 30
0.0
  0
VERTEX
  5
67
330
60
100
AcDbEntity
  8
1_ANYTOOL_1MMDEEP_LABELS_S
100
AcDbVertex
100
AcDb2dVertex
 10
98.62499999999983
 20
-3.640178571428805
 30
0.0
  0
VERTEX
  5
68
330
60
100
AcDbEntity
  8
1_ANYTOOL_1MMDEEP_LABELS_S
100
AcDbVertex
100
AcDb2dVertex
 10
98.1026785714284
 20
-2.527901785714448
 30
0.0
  0
VERTEX
  5
69
330
60
100
AcDbEntity
  8
1_ANYTOOL_1MMDEEP_LABELS_S
100
AcDbVertex
100
AcDb2dVertex
 10
97.3714285714284
 20
-1.617857142857247
 30
0.0
  0
VERTEX
  5
6A
330
60
100
AcDbEntity
  8
1_ANYTOOL_1MMDEEP_LABELS_S
100
AcDbVertex
100
AcDb2dVertex
 10
96.43124999999982
 20
-0.9100446428572013
 30
0.0
  0
VERTEX
  5
6B
330
60
100
AcDbEntity
  8
1_ANYTOOL_1MMDEEP_LABELS_S
100
AcDbVertex
100
AcDb2dVertex
 10
95.28214285714267
 20
-0.4044642857143117
 30
0.0
  0
VERTEX
  5
6C
330
60
100
AcDbEntity
  8
1_ANYTOOL_1MMDEEP_LABELS_S
100
AcDbVertex
100
AcDb2dVertex
 10
92.35714285714266
 20
0.0
 30
0.0
  0
VERTEX
  5
6D
330
60
100
AcDbEntity
  8
1_ANYTOOL_1MMDEEP_LABELS_S
100
AcDbVertex
100
AcDb2dVertex
 10
80.27142857142871
 20
0.0
 30
0.0
  0
SEQEND
  5
6E
330
60
100
AcDbEntity
  8
1_ANYTOOL_1MMDEEP_LABELS_S
  0
POLYLINE
  5
6F
330
1F
100
AcDbEntity
  8
1_ANYTOOL_1MMDEEP_LABELS_S
100
AcDb2dPolyline
 66
     1
 10
0.0
 20
0.0
 30
0.0
  0
VERTEX
  5
70
330
6F
100
AcDbEntity
  8
1_ANYTOOL_1MMDEEP_LABELS_S
100
AcDbVertex
100
AcDb2dVertex
 10
80.27142857142871
 20
0.0
 30
0.0
  0
VERTEX
  5
71
330
6F
100
AcDbEntity
  8
1_ANYTOOL_1MMDEEP_LABELS_S
100
AcDbVertex
100
AcDb2dVertex
 10
80.27142857142871
 20
-30.0
 30
0.0
  0
VERTEX
  5
72
330
6F
100
AcDbEntity
  8
1_ANYTOOL_1MMDEEP_LABELS_S
100
AcDbVertex
100
AcDb2dVertex
 10
89.95714285714303
 20
-30.0
 30
0.0
  0
VERTEX
  5
73
330
6F
100
AcDbEntity
  8
1_ANYTOOL_1MMDEEP_LABELS_S
100
AcDbVertex
100
AcDb2dVertex
 10
92.4857142857145
 20
-30.08571428571304
 30
0.0
  0
VERTEX
  5
74
330
6F
100
AcDbEntity
  8
1_ANYTOOL_1MMDEEP_LABELS_S
100
AcDbVertex
100
AcDb2dVertex
 10
94.22678571428591
 20
-29.97321428571558
 30
0.0
  0
VERTEX
  5
75
330
6F
100
AcDbEntity
  8
1_ANYTOOL_1MMDEEP_LABELS_S
100
AcDbVertex
100
AcDb2dVertex
 10
95.76428571428585
 20
-29.50714285714639
 30
0.0
  0
VERTEX
  5
76
330
6F
100
AcDbEntity
  8
1_ANYTOOL_1MMDEEP_LABELS_S
100
AcDbVertex
100
AcDb2dVertex
 10
97.0982142857143
 20
-28.68750000000546
 30
0.0
  0
VERTEX
  5
77
330
6F
100
AcDbEntity
  8
1_ANYTOOL_1MMDEEP_LABELS_S
100
AcDbVertex
100
AcDb2dVertex
 10
98.22857142857129
 20
-27.51428571429278
 30
0.0
  0
VERTEX
  5
78
330
6F
100
AcDbEntity
  8
1_ANYTOOL_1MMDEEP_LABELS_S
100
AcDbVertex
100
AcDb2dVertex
 10
99.80357142857122
 20
-24.63214285714639
 30
0.0
  0
VERTEX
  5
79
330
6F
100
AcDbEntity
  8
1_ANYTOOL_1MMDEEP_LABELS_S
100
AcDbVertex
100
AcDb2dVertex
 10
100.3285714285712
 20
-21.47142857142899
 30
0.0
  0
VERTEX
  5
7A
330
6F
100
AcDbEntity
  8
1_ANYTOOL_1MMDEEP_LABELS_S
100
AcDbVertex
100
AcDb2dVertex
 10
100.1464285714283
 20
-19.58035714285506
 30
0.0
  0
VERTEX
  5
7B
330
6F
100
AcDbEntity
  8
1_ANYTOOL_1MMDEEP_LABELS_S
100
AcDbVertex
100
AcDb2dVertex
 10
99.5999999999998
 20
-17.9785714285681
 30
0.0
  0
VERTEX
  5
7C
330
6F
100
AcDbEntity
  8
1_ANYTOOL_1MMDEEP_LABELS_S
100
AcDbVertex
100
AcDb2dVertex
 10
98.68928571428555
 20
-16.6660714285681
 30
0.0
  0
VERTEX
  5
7D
330
6F
100
AcDbEntity
  8
1_ANYTOOL_1MMDEEP_LABELS_S
100
AcDbVertex
100
AcDb2dVertex
 10
97.4142857142856
 20
-15.64285714285506
 30
0.0
  0
VERTEX
  5
7E
330
6F
100
AcDbEntity
  8
1_ANYTOOL_1MMDEEP_LABELS_S
100
AcDbVertex
100
AcDb2dVertex
 10
94.30714285714282
 20
-14.21785714285579
 30
0.0
  0
VERTEX
  5
7F
330
6F
100
AcDbEntity
  8
1_ANYTOOL_1MMDEEP_LABELS_S
100
AcDbVertex
100
AcDb2dVertex
 10
90.81428571428569
 20
-13.5428571428638
 30
0.0
  0
SEQEND
  5
80
330
6F
100
AcDbEntity
  8
1_ANYTOOL_1MMDEEP_LABELS_S
  0
LINE
  5
81
330
1F
100
AcDbEntity
  8
1_ANYTOOL_1MMDEEP_LABELS_S
100
AcDbLine
 10
76.84285714285716
 20
-0.4714285714289872
 30
0.0
 11
59.65714285714284
 21
-31.24285714286088
 31
0.0
  0
POLYLINE
  5
82
330
1F
100
AcDbEntity
  8
1_ANYTOOL_1MMDEEP_LABELS_S
100
AcDb2dPolyline
 66
     1
 10
0.0
 20
0.0
 30
0.0
  0
VERTEX
  5
83
330
82
100
AcDbEntity
  8
1_ANYTOOL_1MMDEEP_LABELS_S
100
AcDbVertex
100
AcDb2dVertex
 10
39.59999999999991
 20
0.0
 30
0.0
  0
VERTEX
  5
84
330
82
100
AcDbEntity
  8
1_ANYTOOL_1MMDEEP_LABELS_S
100
AcDbVertex
100
AcDb2dVertex
 10
39.59999999999991
 20
-30.0
 30
0.0
  0
VERTEX
  5
85
330
82
100
AcDbEntity
  8
1_ANYTOOL_1MMDEEP_LABELS_S
100
AcDbVertex
100
AcDb2dVertex
 10
56.69999999999982
 20
-30.0
 30
0.0
  0
SEQEND
  5
86
330
82
100
AcDbEntity
  8
1_ANYTOOL_1MMDEEP_LABELS_S
  0
LINE
  5
87
330
1F
100
AcDbEntity
  8
1_ANYTOOL_1MMDEEP_LABELS_S
100
AcDbLine
 10
34.45714285714303
 20
-16.11428571428405
 30
0.0
 11
25.67142857142835
 21
-16.19999999999709
 31
0.0
  0
POLYLINE
  5
88
330
1F
100
AcDbEntity
  8
1_ANYTOOL_1MMDEEP_LABELS_S
100
AcDb2dPolyline
 66
     1
 10
0.0
 20
0.0
 30
0.0
  0
VERTEX
  5
89
330
88
100
AcDbEntity
  8
1_ANYTOOL_1MMDEEP_LABELS_S
100
AcDbVertex
100
AcDb2dVertex
 10
3.0
 20
-30.0
 30
0.0
  0
VERTEX
  5
8A
330
88
100
AcDbEntity
  8
1_ANYTOOL_1MMDEEP_LABELS_S
100
AcDbVertex
100
AcDb2dVertex
 10
3.0
 20
0.0
 30
0.0
  0
VERTEX
  5
8B
330
88
100
AcDbEntity
  8
1_ANYTOOL_1MMDEEP_LABELS_S
100
AcDbVertex
100
AcDb2dVertex
 10
14.35714285714266
 20
0.0
 30
0.0
  0
VERTEX
  5
8C
330
88
100
AcDbEntity
  8
1_ANYTOOL_1MMDEEP_LABELS_S
100
AcDbVertex
100
AcDb2dVertex
 10
17.84464285714284
 20
-0.4901785714282596
 30
0.0
  0
VERTEX
  5
8D
330
88
100
AcDbEntity
  8
1_ANYTOOL_1MMDEEP_LABELS_S
100
AcDbVertex
100
AcDb2dVertex
 10
19.2147321428572
 20
-1.102901785713584
 30
0.0
  0
VERTEX
  5
8E
330
88
100
AcDbEntity
  8
1_ANYTOOL_1MMDEEP_LABELS_S
100
AcDbVertex
100
AcDb2dVertex
 10
20.3357142857144
 20
-1.960714285713038
 30
0.0
  0
VERTEX
  5
8F
330
88
100
AcDbEntity
  8
1_ANYTOOL_1MMDEEP_LABELS_S
100
AcDbVertex
100
AcDb2dVertex
 10
21.20758928571445
 20
-3.063616071426623
 30
0.0
  0
VERTEX
  5
90
330
88
100
AcDbEntity
  8
1_ANYTOOL_1MMDEEP_LABELS_S
100
AcDbVertex
100
AcDb2dVertex
 10
21.83035714285734
 20
-4.411607142854336
 30
0.0
  0
VERTEX
  5
91
330
88
100
AcDbEntity
  8
1_ANYTOOL_1MMDEEP_LABELS_S
100
AcDbVertex
100
AcDb2dVertex
 10
22.32857142857165
 20
-7.842857142852154
 30
0.0
  0
VERTEX
  5
92
330
88
100
AcDbEntity
  8
1_ANYTOOL_1MMDEEP_LABELS_S
100
AcDbVertex
100
AcDb2dVertex
 10
21.8785714285716
 20
-10.55357142856883
 30
0.0
  0
VERTEX
  5
93
330
88
100
AcDbEntity
  8
1_ANYTOOL_1MMDEEP_LABELS_S
100
AcDbVertex
100
AcDb2dVertex
 10
20.52857142857147
 20
-13.02857142857101
 30
0.0
  0
VERTEX
  5
94
330
88
100
AcDbEntity
  8
1_ANYTOOL_1MMDEEP_LABELS_S
100
AcDbVertex
100
AcDb2dVertex
 10
19.57232142857151
 20
-14.06517857142899
 30
0.0
  0
VERTEX
  5
95
330
88
100
AcDbEntity
  8
1_ANYTOOL_1MMDEEP_LABELS_S
100
AcDbVertex
100
AcDb2dVertex
 10
18.4607142857144
 20
-14.81785714285797
 30
0.0
  0
VERTEX
  5
96
330
88
100
AcDbEntity
  8
1_ANYTOOL_1MMDEEP_LABELS_S
100
AcDbVertex
100
AcDb2dVertex
 10
17.19375000000014
 20
-15.28660714285797
 30
0.0
  0
VERTEX
  5
97
330
88
100
AcDbEntity
  8
1_ANYTOOL_1MMDEEP_LABELS_S
100
AcDbVertex
100
AcDb2dVertex
 10
15.77142857142871
 20
-15.47142857142899
 30
0.0
  0
VERTEX
  5
98
330
88
100
AcDbEntity
  8
1_ANYTOOL_1MMDEEP_LABELS_S
100
AcDbVertex
100
AcDb2dVertex
 10
14.01428571428551
 20
-15.55714285714203
 30
0.0
  0
VERTEX
  5
99
330
88
100
AcDbEntity
  8
1_ANYTOOL_1MMDEEP_LABELS_S
100
AcDbVertex
100
AcDb2dVertex
 10
12.0
 20
-15.55714285714203
 30
0.0
  0
VERTEX
  5
9A
330
88
100
AcDbEntity
  8
1_ANYTOOL_1MMDEEP_LABELS_S
100
AcDbVertex
100
AcDb2dVertex
 10
3.042857142856974
 20
-15.55714285714203
 30
0.0
  0
SEQEND
  5
9B
330
88
100
AcDbEntity
  8
1_ANYTOOL_1MMDEEP_LABELS_S
  0
LINE
  5
9C
330
1F
100
AcDbEntity
  8
1_ANYTOOL_1MMDEEP_LABELS_S
100
AcDbLine
 10
12.0
 20
-15.55714285714203
 30
0.0
 11
22.45714285714303
 21
-30.0428571428638
 31
0.0
  0
POLYLINE
  5
9E
330
1F
100
AcDbEntity
  8
3_ANYTOOL_CUTTHROUGH_INSID
100
AcDb2dPolyline
 66
     1
 10
0.0
 20
0.0
 30
0.0000000000000462
 70
     1
  0
VERTEX
  5
9F
330
9E
100
AcDbEntity
  8
3_ANYTOOL_CUTTHROUGH_INSID
100
AcDbVertex
100
AcDb2dVertex
 10
-946.7335180766058
 20
169.3688795922062
 30
0.0000000000000462
  0
VERTEX
  5
A0
330
9E
100
AcDbEntity
  8
3_ANYTOOL_CUTTHROUGH_INSID
100
AcDbVertex
100
AcDb2dVertex
 10
-896.7407891358271
 20
170.2215536542208
 30
0.0000000000000462
 42
1.000000000004488
  0
VERTEX
  5
A1
330
9E
100
AcDbEntity
  8
3_ANYTOOL_CUTTHROUGH_INSID
100
AcDbVertex
100
AcDb2dVertex
 10
-896.902797207598
 20
179.7201721529266
 30
0.0000000000000462
  0
VERTEX
  5
A2
330
9E
100
AcDbEntity
  8
3_ANYTOOL_CUTTHROUGH_INSID
100
AcDbVertex
100
AcDb2dVertex
 10
-946.8955261483698
 20
178.8674980909418
 30
0.0000000000000462
 42
1.000000000001807
  0
SEQEND
  5
A3
330
9E
100
AcDbEntity
  8
3_ANYTOOL_CUTTHROUGH_INSID
  0
POLYLINE
  5
A4
330
1F
100
AcDbEntity
  8
3_ANYTOOL_CUTTHROUGH_INSID
100
AcDb2dPolyline
 66
     1
 10
0.0
 20
0.0
 30
0.0000000000000462
 70
     1
  0
VERTEX
  5
A5
330
A4
100
AcDbEntity
  8
3_ANYTOOL_CUTTHROUGH_INSID
100
AcDbVertex
100
AcDb2dVertex
 10
-947.3041294488512
 20
-105.9968225774064
 30
0.0000000000000462
  0
VERTEX
  5
A6
330
A4
100
AcDbEntity
  8
3_ANYTOOL_CUTTHROUGH_INSID
100
AcDbVertex
100
AcDb2dVertex
 10
-947.3041294488512
 20
-99.99682257740642
 30
0.0000000000000462
  0
VERTEX
  5
A7
330
A4
100
AcDbEntity
  8
3_ANYTOOL_CUTTHROUGH_INSID
100
AcDbVertex
100
AcDb2dVertex
 10
-959.8041294488507
 20
-99.99682257743552
 30
0.0000000000000462
  0
VERTEX
  5
A8
330
A4
100
AcDbEntity
  8
3_ANYTOOL_CUTTHROUGH_INSID
100
AcDbVertex
100
AcDb2dVertex
 10
-959.8041294488803
 20
-130.4968225773773
 30
0.0000000000000462
  0
VERTEX
  5
A9
330
A4
100
AcDbEntity
  8
3_ANYTOOL_CUTTHROUGH_INSID
100
AcDbVertex
100
AcDb2dVertex
 10
-947.3041294488803
 20
-130.4968225773773
 30
0.0000000000000462
  0
VERTEX
  5
AA
330
A4
100
AcDbEntity
  8
3_ANYTOOL_CUTTHROUGH_INSID
100
AcDbVertex
100
AcDb2dVertex
 10
-947.3041294488803
 20
-124.4968225773773
 30
0.0000000000000462
  0
VERTEX
  5
AB
330
A4
100
AcDbEntity
  8
3_ANYTOOL_CUTTHROUGH_INSID
100
AcDbVertex
100
AcDb2dVertex
 10
-896.8041294488512
 20
-124.496822577421
 30
0.0000000000000462
  0
VERTEX
  5
AC
330
A4
100
AcDbEntity
  8
3_ANYTOOL_CUTTHROUGH_INSID
100
AcDbVertex
100
AcDb2dVertex
 10
-896.8041294488512
 20
-130.496822577421
 30
0.0000000000000462
  0
VERTEX
  5
AD
330
A4
100
AcDbEntity
  8
3_ANYTOOL_CUTTHROUGH_INSID
100
AcDbVertex
100
AcDb2dVertex
 10
-884.3041294488512
 20
-130.4968225774064
 30
0.0000000000000462
  0
VERTEX
  5
AE
330
A4
100
AcDbEntity
  8
3_ANYTOOL_CUTTHROUGH_INSID
100
AcDbVertex
100
AcDb2dVertex
 10
-884.3041294488517
 20
-99.99682257745008
 30
0.0000000000000462
  0
VERTEX
  5
AF
330
A4
100
AcDbEntity
  8
3_ANYTOOL_CUTTHROUGH_INSID
100
AcDbVertex
100
AcDb2dVertex
 10
-896.8041294488526
 20
-99.99682257746463
 30
0.0000000000000462
  0
VERTEX
  5
B0
330
A4
100
AcDbEntity
  8
3_ANYTOOL_CUTTHROUGH_INSID
100
AcDbVertex
100
AcDb2dVertex
 10
-896.8041294488235
 20
-105.9968225774646
 30
0.0000000000000462
  0
SEQEND
  5
B1
330
A4
100
AcDbEntity
  8
3_ANYTOOL_CUTTHROUGH_INSID
  0
POLYLINE
  5
B2
330
1F
100
AcDbEntity
  8
3_ANYTOOL_CUTTHROUGH_INSID
100
AcDb2dPolyline
 66
     1
 10
0.0
 20
0.0
 30
0.0000000000000462
 70
     1
  0
VERTEX
  5
B3
330
B2
100
AcDbEntity
  8
3_ANYTOOL_CUTTHROUGH_INSID
100
AcDbVertex
100
AcDb2dVertex
 10
-1046.804129448851
 20
-124.4968225772755
 30
0.0000000000000462
  0
VERTEX
  5
B4
330
B2
100
AcDbEntity
  8
3_ANYTOOL_CUTTHROUGH_INSID
100
AcDbVertex
100
AcDb2dVertex
 10
-1046.804129448851
 20
-130.4968225772755
 30
0.0000000000000462
  0
VERTEX
  5
B5
330
B2
100
AcDbEntity
  8
3_ANYTOOL_CUTTHROUGH_INSID
100
AcDbVertex
100
AcDb2dVertex
 10
-1034.304129448851
 20
-130.4968225772609
 30
0.0000000000000462
  0
VERTEX
  5
B6
330
B2
100
AcDbEntity
  8
3_ANYTOOL_CUTTHROUGH_INSID
100
AcDbVertex
100
AcDb2dVertex
 10
-1034.304129448852
 20
-99.99682257730456
 30
0.0000000000000462
  0
VERTEX
  5
B7
330
B2
100
AcDbEntity
  8
3_ANYTOOL_CUTTHROUGH_INSID
100
AcDbVertex
100
AcDb2dVertex
 10
-1046.804129448853
 20
-99.99682257731911
 30
0.0000000000000462
  0
VERTEX
  5
B8
330
B2
100
AcDbEntity
  8
3_ANYTOOL_CUTTHROUGH_INSID
100
AcDbVertex
100
AcDb2dVertex
 10
-1046.804129448824
 20
-105.9968225773191
 30
0.0000000000000462
  0
VERTEX
  5
B9
330
B2
100
AcDbEntity
  8
3_ANYTOOL_CUTTHROUGH_INSID
100
AcDbVertex
100
AcDb2dVertex
 10
-1097.30412949295
 20
-105.9968225776684
 30
0.0000000000000462
  0
VERTEX
  5
BA
330
B2
100
AcDbEntity
  8
3_ANYTOOL_CUTTHROUGH_INSID
100
AcDbVertex
100
AcDb2dVertex
 10
-1097.304129492936
 20
-99.99682257766835
 30
0.0000000000000462
  0
VERTEX
  5
BB
330
B2
100
AcDbEntity
  8
3_ANYTOOL_CUTTHROUGH_INSID
100
AcDbVertex
100
AcDb2dVertex
 10
-1109.804129492936
 20
-99.99682257766835
 30
0.0000000000000462
  0
VERTEX
  5
BC
330
B2
100
AcDbEntity
  8
3_ANYTOOL_CUTTHROUGH_INSID
100
AcDbVertex
100
AcDb2dVertex
 10
-1109.804129492937
 20
-130.4968225776247
 30
0.0000000000000462
  0
VERTEX
  5
BD
330
B2
100
AcDbEntity
  8
3_ANYTOOL_CUTTHROUGH_INSID
100
AcDbVertex
100
AcDb2dVertex
 10
-1097.304129492937
 20
-130.4968225776393
 30
0.0000000000000462
  0
VERTEX
  5
BE
330
B2
100
AcDbEntity
  8
3_ANYTOOL_CUTTHROUGH_INSID
100
AcDbVertex
100
AcDb2dVertex
 10
-1097.304129492929
 20
-124.4968225776393
 30
0.0000000000000462
  0
SEQEND
  5
BF
330
B2
100
AcDbEntity
  8
3_ANYTOOL_CUTTHROUGH_INSID
  0
POLYLINE
  5
C0
330
1F
100
AcDbEntity
  8
3_ANYTOOL_CUTTHROUGH_INSID
100
AcDb2dPolyline
 66
     1
 10
0.0
 20
0.0
 30
0.0000000000000036
 70
     1
  0
VERTEX
  5
C1
330
C0
100
AcDbEntity
  8
3_ANYTOOL_CUTTHROUGH_INSID
100
AcDbVertex
100
AcDb2dVertex
 10
-647.3041294488403
 20
-105.9968225790362
 30
0.0000000000000036
  0
VERTEX
  5
C2
330
C0
100
AcDbEntity
  8
3_ANYTOOL_CUTTHROUGH_INSID
100
AcDbVertex
100
AcDb2dVertex
 10
-647.3041294488403
 20
-99.99682257903623
 30
0.0000000000000036
  0
VERTEX
  5
C3
330
C0
100
AcDbEntity
  8
3_ANYTOOL_CUTTHROUGH_INSID
100
AcDbVertex
100
AcDb2dVertex
 10
-659.8041294488398
 20
-99.99682257906534
 30
0.0000000000000036
  0
VERTEX
  5
C4
330
C0
100
AcDbEntity
  8
3_ANYTOOL_CUTTHROUGH_INSID
100
AcDbVertex
100
AcDb2dVertex
 10
-659.8041294488694
 20
-130.4968225790217
 30
0.0000000000000036
  0
VERTEX
  5
C5
330
C0
100
AcDbEntity
  8
3_ANYTOOL_CUTTHROUGH_INSID
100
AcDbVertex
100
AcDb2dVertex
 10
-647.3041294488694
 20
-130.4968225790071
 30
0.0000000000000036
  0
VERTEX
  5
C6
330
C0
100
AcDbEntity
  8
3_ANYTOOL_CUTTHROUGH_INSID
100
AcDbVertex
100
AcDb2dVertex
 10
-647.3041294488694
 20
-124.4968225790071
 30
0.0000000000000036
  0
VERTEX
  5
C7
330
C0
100
AcDbEntity
  8
3_ANYTOOL_CUTTHROUGH_INSID
100
AcDbVertex
100
AcDb2dVertex
 10
-596.8041294488403
 20
-124.4968225790508
 30
0.0000000000000036
  0
VERTEX
  5
C8
330
C0
100
AcDbEntity
  8
3_ANYTOOL_CUTTHROUGH_INSID
100
AcDbVertex
100
AcDb2dVertex
 10
-596.8041294488403
 20
-130.4968225790508
 30
0.0000000000000036
  0
VERTEX
  5
C9
330
C0
100
AcDbEntity
  8
3_ANYTOOL_CUTTHROUGH_INSID
100
AcDbVertex
100
AcDb2dVertex
 10
-584.3041294488403
 20
-130.4968225790362
 30
0.0000000000000036
  0
VERTEX
  5
CA
330
C0
100
AcDbEntity
  8
3_ANYTOOL_CUTTHROUGH_INSID
100
AcDbVertex
100
AcDb2dVertex
 10
-584.3041294488407
 20
-99.99682257907989
 30
0.0000000000000036
  0
VERTEX
  5
CB
330
C0
100
AcDbEntity
  8
3_ANYTOOL_CUTTHROUGH_INSID
100
AcDbVertex
100
AcDb2dVertex
 10
-596.8041294488416
 20
-99.99682257909444
 30
0.0000000000000036
  0
VERTEX
  5
CC
330
C0
100
AcDbEntity
  8
3_ANYTOOL_CUTTHROUGH_INSID
100
AcDbVertex
100
AcDb2dVertex
 10
-596.8041294488125
 20
-105.9968225790944
 30
0.0000000000000036
  0
SEQEND
  5
CD
330
C0
100
AcDbEntity
  8
3_ANYTOOL_CUTTHROUGH_INSID
  0
POLYLINE
  5
CE
330
1F
100
AcDbEntity
  8
3_ANYTOOL_CUTTHROUGH_INSID
100
AcDb2dPolyline
 66
     1
 10
0.0
 20
0.0
 30
0.0000000000000036
 70
     1
  0
VERTEX
  5
CF
330
CE
100
AcDbEntity
  8
3_ANYTOOL_CUTTHROUGH_INSID
100
AcDbVertex
100
AcDb2dVertex
 10
-746.8041294488389
 20
-124.4968225789053
 30
0.0000000000000036
  0
VERTEX
  5
D0
330
CE
100
AcDbEntity
  8
3_ANYTOOL_CUTTHROUGH_INSID
100
AcDbVertex
100
AcDb2dVertex
 10
-746.8041294488098
 20
-130.4968225789053
 30
0.0000000000000036
  0
VERTEX
  5
D1
330
CE
100
AcDbEntity
  8
3_ANYTOOL_CUTTHROUGH_INSID
100
AcDbVertex
100
AcDb2dVertex
 10
-734.3041294488098
 20
-130.4968225788907
 30
0.0000000000000036
  0
VERTEX
  5
D2
330
CE
100
AcDbEntity
  8
3_ANYTOOL_CUTTHROUGH_INSID
100
AcDbVertex
100
AcDb2dVertex
 10
-734.3041294488112
 20
-99.99682257893437
 30
0.0000000000000036
  0
VERTEX
  5
D3
330
CE
100
AcDbEntity
  8
3_ANYTOOL_CUTTHROUGH_INSID
100
AcDbVertex
100
AcDb2dVertex
 10
-746.8041294488112
 20
-99.99682257893437
 30
0.0000000000000036
  0
VERTEX
  5
D4
330
CE
100
AcDbEntity
  8
3_ANYTOOL_CUTTHROUGH_INSID
100
AcDbVertex
100
AcDb2dVertex
 10
-746.8041294488112
 20
-105.9968225789344
 30
0.0000000000000036
  0
VERTEX
  5
D5
330
CE
100
AcDbEntity
  8
3_ANYTOOL_CUTTHROUGH_INSID
100
AcDbVertex
100
AcDb2dVertex
 10
-797.3041294488512
 20
-105.996822577581
 30
0.0000000000000036
  0
VERTEX
  5
D6
330
CE
100
AcDbEntity
  8
3_ANYTOOL_CUTTHROUGH_INSID
100
AcDbVertex
100
AcDb2dVertex
 10
-797.3041294488512
 20
-99.99682257758104
 30
0.0000000000000036
  0
VERTEX
  5
D7
330
CE
100
AcDbEntity
  8
3_ANYTOOL_CUTTHROUGH_INSID
100
AcDbVertex
100
AcDb2dVertex
 10
-809.8041294488507
 20
-99.9968225775956
 30
0.0000000000000036
  0
VERTEX
  5
D8
330
CE
100
AcDbEntity
  8
3_ANYTOOL_CUTTHROUGH_INSID
100
AcDbVertex
100
AcDb2dVertex
 10
-809.8041294488803
 20
-130.4968225775519
 30
0.0000000000000036
  0
VERTEX
  5
D9
330
CE
100
AcDbEntity
  8
3_ANYTOOL_CUTTHROUGH_INSID
100
AcDbVertex
100
AcDb2dVertex
 10
-797.3041294488803
 20
-130.4968225775374
 30
0.0000000000000036
  0
VERTEX
  5
DA
330
CE
100
AcDbEntity
  8
3_ANYTOOL_CUTTHROUGH_INSID
100
AcDbVertex
100
AcDb2dVertex
 10
-797.3041294488803
 20
-124.4968225775374
 30
0.0000000000000036
  0
SEQEND
  5
DB
330
CE
100
AcDbEntity
  8
3_ANYTOOL_CUTTHROUGH_INSID
  0
POLYLINE
  5
DC
330
1F
100
AcDbEntity
  8
3_ANYTOOL_CUTTHROUGH_INSID
100
AcDb2dPolyline
 66
     1
 10
0.0
 20
0.0
 30
0.0000000000000213
 70
     1
  0
VERTEX
  5
DD
330
DC
100
AcDbEntity
  8
3_ANYTOOL_CUTTHROUGH_INSID
100
AcDbVertex
100
AcDb2dVertex
 10
-346.7335194938028
 20
179.8419185298408
 30
0.0000000000000213
  0
VERTEX
  5
DE
330
DC
100
AcDbEntity
  8
3_ANYTOOL_CUTTHROUGH_INSID
100
AcDbVertex
100
AcDb2dVertex
 10
-296.7407905530231
 20
180.6945925918553
 30
0.0000000000000213
 42
0.9999999999985877
  0
VERTEX
  5
DF
330
DC
100
AcDbEntity
  8
3_ANYTOOL_CUTTHROUGH_INSID
100
AcDbVertex
100
AcDb2dVertex
 10
-296.9027986247954
 20
190.1932110906203
 30
0.0000000000000213
  0
VERTEX
  5
E0
330
DC
100
AcDbEntity
  8
3_ANYTOOL_CUTTHROUGH_INSID
100
AcDbVertex
100
AcDb2dVertex
 10
-346.8955275655662
 20
189.3405370285909
 30
0.0000000000000213
 42
1.000000000007714
  0
SEQEND
  5
E1
330
DC
100
AcDbEntity
  8
3_ANYTOOL_CUTTHROUGH_INSID
  0
POLYLINE
  5
E2
330
1F
100
AcDbEntity
  8
3_ANYTOOL_CUTTHROUGH_INSID
100
AcDb2dPolyline
 66
     1
 10
0.0
 20
0.0
 30
0.0000000000000213
 70
     1
  0
VERTEX
  5
E3
330
E2
100
AcDbEntity
  8
3_ANYTOOL_CUTTHROUGH_INSID
100
AcDbVertex
100
AcDb2dVertex
 10
-347.3041293348047
 20
-105.9968225795892
 30
0.0000000000000213
  0
VERTEX
  5
E4
330
E2
100
AcDbEntity
  8
3_ANYTOOL_CUTTHROUGH_INSID
100
AcDbVertex
100
AcDb2dVertex
 10
-347.3041293348192
 20
-99.9968225795892
 30
0.0000000000000213
  0
VERTEX
  5
E5
330
E2
100
AcDbEntity
  8
3_ANYTOOL_CUTTHROUGH_INSID
100
AcDbVertex
100
AcDb2dVertex
 10
-359.8041293348183
 20
-99.99682257961831
 30
0.0000000000000213
  0
VERTEX
  5
E6
330
E2
100
AcDbEntity
  8
3_ANYTOOL_CUTTHROUGH_INSID
100
AcDbVertex
100
AcDb2dVertex
 10
-359.8041293348329
 20
-130.4968225795747
 30
0.0000000000000213
  0
VERTEX
  5
E7
330
E2
100
AcDbEntity
  8
3_ANYTOOL_CUTTHROUGH_INSID
100
AcDbVertex
100
AcDb2dVertex
 10
-347.3041293348329
 20
-130.4968225795601
 30
0.0000000000000213
  0
VERTEX
  5
E8
330
E2
100
AcDbEntity
  8
3_ANYTOOL_CUTTHROUGH_INSID
100
AcDbVertex
100
AcDb2dVertex
 10
-347.3041293348474
 20
-124.4968225795601
 30
0.0000000000000213
  0
VERTEX
  5
E9
330
E2
100
AcDbEntity
  8
3_ANYTOOL_CUTTHROUGH_INSID
100
AcDbVertex
100
AcDb2dVertex
 10
-296.8041293348183
 20
-124.4968225796038
 30
0.0000000000000213
  0
VERTEX
  5
EA
330
E2
100
AcDbEntity
  8
3_ANYTOOL_CUTTHROUGH_INSID
100
AcDbVertex
100
AcDb2dVertex
 10
-296.8041293348037
 20
-130.4968225796038
 30
0.0000000000000213
  0
VERTEX
  5
EB
330
E2
100
AcDbEntity
  8
3_ANYTOOL_CUTTHROUGH_INSID
100
AcDbVertex
100
AcDb2dVertex
 10
-284.3041293348037
 20
-130.4968225795892
 30
0.0000000000000213
  0
VERTEX
  5
EC
330
E2
100
AcDbEntity
  8
3_ANYTOOL_CUTTHROUGH_INSID
100
AcDbVertex
100
AcDb2dVertex
 10
-284.3041293348047
 20
-99.99682257963286
 30
0.0000000000000213
  0
VERTEX
  5
ED
330
E2
100
AcDbEntity
  8
3_ANYTOOL_CUTTHROUGH_INSID
100
AcDbVertex
100
AcDb2dVertex
 10
-296.8041293348047
 20
-99.99682257964741
 30
0.0000000000000213
  0
VERTEX
  5
EE
330
E2
100
AcDbEntity
  8
3_ANYTOOL_CUTTHROUGH_INSID
100
AcDbVertex
100
AcDb2dVertex
 10
-296.8041293347901
 20
-105.9968225796474
 30
0.0000000000000213
  0
SEQEND
  5
EF
330
E2
100
AcDbEntity
  8
3_ANYTOOL_CUTTHROUGH_INSID
  0
POLYLINE
  5
F0
330
1F
100
AcDbEntity
  8
3_ANYTOOL_CUTTHROUGH_INSID
100
AcDb2dPolyline
 66
     1
 10
0.0
 20
0.0
 30
0.0000000000000213
 70
     1
  0
VERTEX
  5
F1
330
F0
100
AcDbEntity
  8
3_ANYTOOL_CUTTHROUGH_INSID
100
AcDbVertex
100
AcDb2dVertex
 10
-446.8041293348183
 20
-124.4968225794582
 30
0.0000000000000213
  0
VERTEX
  5
F2
330
F0
100
AcDbEntity
  8
3_ANYTOOL_CUTTHROUGH_INSID
100
AcDbVertex
100
AcDb2dVertex
 10
-446.8041293348037
 20
-130.4968225794582
 30
0.0000000000000213
  0
VERTEX
  5
F3
330
F0
100
AcDbEntity
  8
3_ANYTOOL_CUTTHROUGH_INSID
100
AcDbVertex
100
AcDb2dVertex
 10
-434.3041293348037
 20
-130.4968225794437
 30
0.0000000000000213
  0
VERTEX
  5
F4
330
F0
100
AcDbEntity
  8
3_ANYTOOL_CUTTHROUGH_INSID
100
AcDbVertex
100
AcDb2dVertex
 10
-434.3041293348047
 20
-99.99682257948734
 30
0.0000000000000213
  0
VERTEX
  5
F5
330
F0
100
AcDbEntity
  8
3_ANYTOOL_CUTTHROUGH_INSID
100
AcDbVertex
100
AcDb2dVertex
 10
-446.8041293348047
 20
-99.9968225795019
 30
0.0000000000000213
  0
VERTEX
  5
F6
330
F0
100
AcDbEntity
  8
3_ANYTOOL_CUTTHROUGH_INSID
100
AcDbVertex
100
AcDb2dVertex
 10
-446.8041293347901
 20
-105.9968225795019
 30
0.0000000000000213
  0
VERTEX
  5
F7
330
F0
100
AcDbEntity
  8
3_ANYTOOL_CUTTHROUGH_INSID
100
AcDbVertex
100
AcDb2dVertex
 10
-497.3041294488125
 20
-105.9968225791963
 30
0.0000000000000213
  0
VERTEX
  5
F8
330
F0
100
AcDbEntity
  8
3_ANYTOOL_CUTTHROUGH_INSID
100
AcDbVertex
100
AcDb2dVertex
 10
-497.3041294488416
 20
-99.9968225791963
 30
0.0000000000000213
  0
VERTEX
  5
F9
330
F0
100
AcDbEntity
  8
3_ANYTOOL_CUTTHROUGH_INSID
100
AcDbVertex
100
AcDb2dVertex
 10
-509.8041294488403
 20
-99.99682257922541
 30
0.0000000000000213
  0
VERTEX
  5
FA
330
F0
100
AcDbEntity
  8
3_ANYTOOL_CUTTHROUGH_INSID
100
AcDbVertex
100
AcDb2dVertex
 10
-509.8041294488389
 20
-130.4968225791818
 30
0.0000000000000213
  0
VERTEX
  5
FB
330
F0
100
AcDbEntity
  8
3_ANYTOOL_CUTTHROUGH_INSID
100
AcDbVertex
100
AcDb2dVertex
 10
-497.3041294488389
 20
-130.4968225791672
 30
0.0000000000000213
  0
VERTEX
  5
FC
330
F0
100
AcDbEntity
  8
3_ANYTOOL_CUTTHROUGH_INSID
100
AcDbVertex
100
AcDb2dVertex
 10
-497.304129448868
 20
-124.4968225791672
 30
0.0000000000000213
  0
SEQEND
  5
FD
330
F0
100
AcDbEntity
  8
3_ANYTOOL_CUTTHROUGH_INSID
  0
POLYLINE
  5
FE
330
1F
100
AcDbEntity
  8
3_ANYTOOL_CUTTHROUGH_INSID
100
AcDb2dPolyline
 66
     1
 10
0.0
 20
0.0
 30
-0.0000000000000036
 70
     1
  0
VERTEX
  5
FF
330
FE
100
AcDbEntity
  8
3_ANYTOOL_CUTTHROUGH_INSID
100
AcDbVertex
100
AcDb2dVertex
 10
-47.30412933481875
 20
-105.9968225794728
 30
-0.0000000000000036
  0
VERTEX
  5
100
330
FE
100
AcDbEntity
  8
3_ANYTOOL_CUTTHROUGH_INSID
100
AcDbVertex
100
AcDb2dVertex
 10
-47.30412933481875
 20
-99.99682257947279
 30
-0.0000000000000036
  0
VERTEX
  5
101
330
FE
100
AcDbEntity
  8
3_ANYTOOL_CUTTHROUGH_INSID
100
AcDbVertex
100
AcDb2dVertex
 10
-59.8041293348183
 20
-99.9968225795019
 30
-0.0000000000000036
  0
VERTEX
  5
102
330
FE
100
AcDbEntity
  8
3_ANYTOOL_CUTTHROUGH_INSID
100
AcDbVertex
100
AcDb2dVertex
 10
-59.80412933484786
 20
-130.4968225794582
 30
-0.0000000000000036
  0
VERTEX
  5
103
330
FE
100
AcDbEntity
  8
3_ANYTOOL_CUTTHROUGH_INSID
100
AcDbVertex
100
AcDb2dVertex
 10
-47.30412933484786
 20
-130.4968225794437
 30
-0.0000000000000036
  0
VERTEX
  5
104
330
FE
100
AcDbEntity
  8
3_ANYTOOL_CUTTHROUGH_INSID
100
AcDbVertex
100
AcDb2dVertex
 10
-47.30412933484786
 20
-124.4968225794437
 30
-0.0000000000000036
  0
VERTEX
  5
105
330
FE
100
AcDbEntity
  8
3_ANYTOOL_CUTTHROUGH_INSID
100
AcDbVertex
100
AcDb2dVertex
 10
3.195870665181246
 20
-124.4968225794873
 30
-0.0000000000000036
  0
VERTEX
  5
106
330
FE
100
AcDbEntity
  8
3_ANYTOOL_CUTTHROUGH_INSID
100
AcDbVertex
100
AcDb2dVertex
 10
3.195870665181246
 20
-130.4968225794873
 30
-0.0000000000000036
  0
VERTEX
  5
107
330
FE
100
AcDbEntity
  8
3_ANYTOOL_CUTTHROUGH_INSID
100
AcDbVertex
100
AcDb2dVertex
 10
15.69587066518125
 20
-130.4968225794728
 30
-0.0000000000000036
  0
VERTEX
  5
108
330
FE
100
AcDbEntity
  8
3_ANYTOOL_CUTTHROUGH_INSID
100
AcDbVertex
100
AcDb2dVertex
 10
15.69587066518079
 20
-99.99682257951645
 30
-0.0000000000000036
  0
VERTEX
  5
109
330
FE
100
AcDbEntity
  8
3_ANYTOOL_CUTTHROUGH_INSID
100
AcDbVertex
100
AcDb2dVertex
 10
3.195870665179882
 20
-99.996822579531
 30
-0.0000000000000036
  0
VERTEX
  5
10A
330
FE
100
AcDbEntity
  8
3_ANYTOOL_CUTTHROUGH_INSID
100
AcDbVertex
100
AcDb2dVertex
 10
3.195870665208986
 20
-105.996822579531
 30
-0.0000000000000036
  0
SEQEND
  5
10B
330
FE
100
AcDbEntity
  8
3_ANYTOOL_CUTTHROUGH_INSID
  0
POLYLINE
  5
10C
330
1F
100
AcDbEntity
  8
3_ANYTOOL_CUTTHROUGH_INSID
100
AcDb2dPolyline
 66
     1
 10
0.0
 20
0.0
 30
-0.0000000000000036
 70
     1
  0
VERTEX
  5
10D
330
10C
100
AcDbEntity
  8
3_ANYTOOL_CUTTHROUGH_INSID
100
AcDbVertex
100
AcDb2dVertex
 10
-146.8041293348174
 20
-124.4968225793418
 30
-0.0000000000000036
  0
VERTEX
  5
10E
330
10C
100
AcDbEntity
  8
3_ANYTOOL_CUTTHROUGH_INSID
100
AcDbVertex
100
AcDb2dVertex
 10
-146.8041293347883
 20
-130.4968225793418
 30
-0.0000000000000036
  0
VERTEX
  5
10F
330
10C
100
AcDbEntity
  8
3_ANYTOOL_CUTTHROUGH_INSID
100
AcDbVertex
100
AcDb2dVertex
 10
-134.3041293347883
 20
-130.4968225793273
 30
-0.0000000000000036
  0
VERTEX
  5
110
330
10C
100
AcDbEntity
  8
3_ANYTOOL_CUTTHROUGH_INSID
100
AcDbVertex
100
AcDb2dVertex
 10
-134.3041293347896
 20
-99.99682257937093
 30
-0.0000000000000036
  0
VERTEX
  5
111
330
10C
100
AcDbEntity
  8
3_ANYTOOL_CUTTHROUGH_INSID
100
AcDbVertex
100
AcDb2dVertex
 10
-146.8041293347896
 20
-99.99682257937093
 30
-0.0000000000000036
  0
VERTEX
  5
112
330
10C
100
AcDbEntity
  8
3_ANYTOOL_CUTTHROUGH_INSID
100
AcDbVertex
100
AcDb2dVertex
 10
-146.8041293347896
 20
-105.9968225793709
 30
-0.0000000000000036
  0
VERTEX
  5
113
330
10C
100
AcDbEntity
  8
3_ANYTOOL_CUTTHROUGH_INSID
100
AcDbVertex
100
AcDb2dVertex
 10
-197.3041293348047
 20
-105.9968225797638
 30
-0.0000000000000036
  0
VERTEX
  5
114
330
10C
100
AcDbEntity
  8
3_ANYTOOL_CUTTHROUGH_INSID
100
AcDbVertex
100
AcDb2dVertex
 10
-197.3041293348192
 20
-99.99682257976383
 30
-0.0000000000000036
  0
VERTEX
  5
115
330
10C
100
AcDbEntity
  8
3_ANYTOOL_CUTTHROUGH_INSID
100
AcDbVertex
100
AcDb2dVertex
 10
-209.8041293348183
 20
-99.99682257979293
 30
-0.0000000000000036
  0
VERTEX
  5
116
330
10C
100
AcDbEntity
  8
3_ANYTOOL_CUTTHROUGH_INSID
100
AcDbVertex
100
AcDb2dVertex
 10
-209.8041293348329
 20
-130.4968225797347
 30
-0.0000000000000036
  0
VERTEX
  5
117
330
10C
100
AcDbEntity
  8
3_ANYTOOL_CUTTHROUGH_INSID
100
AcDbVertex
100
AcDb2dVertex
 10
-197.3041293348329
 20
-130.4968225797347
 30
-0.0000000000000036
  0
VERTEX
  5
118
330
10C
100
AcDbEntity
  8
3_ANYTOOL_CUTTHROUGH_INSID
100
AcDbVertex
100
AcDb2dVertex
 10
-197.3041293348474
 20
-124.4968225797347
 30
-0.0000000000000036
  0
SEQEND
  5
119
330
10C
100
AcDbEntity
  8
3_ANYTOOL_CUTTHROUGH_INSID
  0
POLYLINE
  5
11A
330
1F
100
AcDbEntity
  8
3_ANYTOOL_CUTTHROUGH_INSID
100
AcDb2dPolyline
 66
     1
 10
0.0
 20
0.0
 30
-0.0000000000000071
 70
     1
  0
VERTEX
  5
11B
330
11A
100
AcDbEntity
  8
3_ANYTOOL_CUTTHROUGH_INSID
100
AcDbVertex
100
AcDb2dVertex
 10
253.2664790889903
 20
190.3149574674608
 30
-0.0000000000000071
  0
VERTEX
  5
11C
330
11A
100
AcDbEntity
  8
3_ANYTOOL_CUTTHROUGH_INSID
100
AcDbVertex
100
AcDb2dVertex
 10
303.2592080297695
 20
191.1676315294608
 30
-0.0000000000000071
 42
0.9999999999995273
  0
VERTEX
  5
11D
330
11A
100
AcDbEntity
  8
3_ANYTOOL_CUTTHROUGH_INSID
100
AcDbVertex
100
AcDb2dVertex
 10
303.0971999579974
 20
200.6662500281965
 30
-0.0000000000000071
  0
VERTEX
  5
11E
330
11A
100
AcDbEntity
  8
3_ANYTOOL_CUTTHROUGH_INSID
100
AcDbVertex
100
AcDb2dVertex
 10
253.1044710172259
 20
199.8135759662109
 30
-0.0000000000000071
 42
1.000000000001888
  0
SEQEND
  5
11F
330
11A
100
AcDbEntity
  8
3_ANYTOOL_CUTTHROUGH_INSID
  0
POLYLINE
  5
120
330
1F
100
AcDbEntity
  8
3_ANYTOOL_CUTTHROUGH_INSID
100
AcDb2dPolyline
 66
     1
 10
0.0
 20
0.0
 30
-0.0000000000000071
 70
     1
  0
VERTEX
  5
121
330
120
100
AcDbEntity
  8
3_ANYTOOL_CUTTHROUGH_INSID
100
AcDbVertex
100
AcDb2dVertex
 10
252.6958707792169
 20
-105.9968225800694
 30
-0.0000000000000071
  0
VERTEX
  5
122
330
120
100
AcDbEntity
  8
3_ANYTOOL_CUTTHROUGH_INSID
100
AcDbVertex
100
AcDb2dVertex
 10
252.6958707792023
 20
-99.99682258006942
 30
-0.0000000000000071
  0
VERTEX
  5
123
330
120
100
AcDbEntity
  8
3_ANYTOOL_CUTTHROUGH_INSID
100
AcDbVertex
100
AcDb2dVertex
 10
240.1958707792032
 20
-99.99682258008397
 30
-0.0000000000000071
  0
VERTEX
  5
124
330
120
100
AcDbEntity
  8
3_ANYTOOL_CUTTHROUGH_INSID
100
AcDbVertex
100
AcDb2dVertex
 10
240.1958707791887
 20
-130.4968225800403
 30
-0.0000000000000071
  0
VERTEX
  5
125
330
120
100
AcDbEntity
  8
3_ANYTOOL_CUTTHROUGH_INSID
100
AcDbVertex
100
AcDb2dVertex
 10
252.6958707791887
 20
-130.4968225800258
 30
-0.0000000000000071
  0
VERTEX
  5
126
330
120
100
AcDbEntity
  8
3_ANYTOOL_CUTTHROUGH_INSID
100
AcDbVertex
100
AcDb2dVertex
 10
252.6958707791741
 20
-124.4968225800258
 30
-0.0000000000000071
  0
VERTEX
  5
127
330
120
100
AcDbEntity
  8
3_ANYTOOL_CUTTHROUGH_INSID
100
AcDbVertex
100
AcDb2dVertex
 10
303.1958707792032
 20
-124.496822580084
 30
-0.0000000000000071
  0
VERTEX
  5
128
330
120
100
AcDbEntity
  8
3_ANYTOOL_CUTTHROUGH_INSID
100
AcDbVertex
100
AcDb2dVertex
 10
303.1958707792178
 20
-130.496822580084
 30
-0.0000000000000071
  0
VERTEX
  5
129
330
120
100
AcDbEntity
  8
3_ANYTOOL_CUTTHROUGH_INSID
100
AcDbVertex
100
AcDb2dVertex
 10
315.6958707792178
 20
-130.4968225800694
 30
-0.0000000000000071
  0
VERTEX
  5
12A
330
120
100
AcDbEntity
  8
3_ANYTOOL_CUTTHROUGH_INSID
100
AcDbVertex
100
AcDb2dVertex
 10
315.6958707792169
 20
-99.99682258011308
 30
-0.0000000000000071
  0
VERTEX
  5
12B
330
120
100
AcDbEntity
  8
3_ANYTOOL_CUTTHROUGH_INSID
100
AcDbVertex
100
AcDb2dVertex
 10
303.1958707792169
 20
-99.99682258011308
 30
-0.0000000000000071
  0
VERTEX
  5
12C
330
120
100
AcDbEntity
  8
3_ANYTOOL_CUTTHROUGH_INSID
100
AcDbVertex
100
AcDb2dVertex
 10
303.1958707792314
 20
-105.9968225801131
 30
-0.0000000000000071
  0
SEQEND
  5
12D
330
120
100
AcDbEntity
  8
3_ANYTOOL_CUTTHROUGH_INSID
  0
POLYLINE
  5
12E
330
1F
100
AcDbEntity
  8
3_ANYTOOL_CUTTHROUGH_INSID
100
AcDb2dPolyline
 66
     1
 10
0.0
 20
0.0
 30
-0.0000000000000071
 70
     1
  0
VERTEX
  5
12F
330
12E
100
AcDbEntity
  8
3_ANYTOOL_CUTTHROUGH_INSID
100
AcDbVertex
100
AcDb2dVertex
 10
153.1958707792032
 20
-124.4968225799385
 30
-0.0000000000000071
  0
VERTEX
  5
130
330
12E
100
AcDbEntity
  8
3_ANYTOOL_CUTTHROUGH_INSID
100
AcDbVertex
100
AcDb2dVertex
 10
153.1958707792178
 20
-130.4968225799385
 30
-0.0000000000000071
  0
VERTEX
  5
131
330
12E
100
AcDbEntity
  8
3_ANYTOOL_CUTTHROUGH_INSID
100
AcDbVertex
100
AcDb2dVertex
 10
165.6958707792178
 20
-130.4968225799239
 30
-0.0000000000000071
  0
VERTEX
  5
132
330
12E
100
AcDbEntity
  8
3_ANYTOOL_CUTTHROUGH_INSID
100
AcDbVertex
100
AcDb2dVertex
 10
165.6958707792169
 20
-99.99682257996756
 30
-0.0000000000000071
  0
VERTEX
  5
133
330
12E
100
AcDbEntity
  8
3_ANYTOOL_CUTTHROUGH_INSID
100
AcDbVertex
100
AcDb2dVertex
 10
153.1958707792169
 20
-99.99682257996756
 30
-0.0000000000000071
  0
VERTEX
  5
134
330
12E
100
AcDbEntity
  8
3_ANYTOOL_CUTTHROUGH_INSID
100
AcDbVertex
100
AcDb2dVertex
 10
153.1958707792314
 20
-105.9968225799676
 30
-0.0000000000000071
  0
VERTEX
  5
135
330
12E
100
AcDbEntity
  8
3_ANYTOOL_CUTTHROUGH_INSID
100
AcDbVertex
100
AcDb2dVertex
 10
102.695870665209
 20
-105.9968225796329
 30
-0.0000000000000071
  0
VERTEX
  5
136
330
12E
100
AcDbEntity
  8
3_ANYTOOL_CUTTHROUGH_INSID
100
AcDbVertex
100
AcDb2dVertex
 10
102.6958706651799
 20
-99.99682257963286
 30
-0.0000000000000071
  0
VERTEX
  5
137
330
12E
100
AcDbEntity
  8
3_ANYTOOL_CUTTHROUGH_INSID
100
AcDbVertex
100
AcDb2dVertex
 10
90.19587066518125
 20
-99.99682257966197
 30
-0.0000000000000071
  0
VERTEX
  5
138
330
12E
100
AcDbEntity
  8
3_ANYTOOL_CUTTHROUGH_INSID
100
AcDbVertex
100
AcDb2dVertex
 10
90.19587066518261
 20
-130.4968225796183
 30
-0.0000000000000071
  0
VERTEX
  5
139
330
12E
100
AcDbEntity
  8
3_ANYTOOL_CUTTHROUGH_INSID
100
AcDbVertex
100
AcDb2dVertex
 10
102.6958706651826
 20
-130.4968225796038
 30
-0.0000000000000071
  0
VERTEX
  5
13A
330
12E
100
AcDbEntity
  8
3_ANYTOOL_CUTTHROUGH_INSID
100
AcDbVertex
100
AcDb2dVertex
 10
102.6958706651535
 20
-124.4968225796038
 30
-0.0000000000000071
  0
SEQEND
  5
13B
330
12E
100
AcDbEntity
  8
3_ANYTOOL_CUTTHROUGH_INSID
  0
POLYLINE
  5
13C
330
1F
100
AcDbEntity
  8
3_ANYTOOL_CUTTHROUGH_INSID
100
AcDb2dPolyline
 66
     1
 10
0.0
 20
0.0
 30
-0.0000000000000107
 70
     1
  0
VERTEX
  5
13D
330
13C
100
AcDbEntity
  8
3_ANYTOOL_CUTTHROUGH_INSID
100
AcDbVertex
100
AcDb2dVertex
 10
552.6958707792028
 20
-105.9968225799385
 30
-0.0000000000000107
  0
VERTEX
  5
13E
330
13C
100
AcDbEntity
  8
3_ANYTOOL_CUTTHROUGH_INSID
100
AcDbVertex
100
AcDb2dVertex
 10
552.6958707792028
 20
-99.99682257993845
 30
-0.0000000000000107
  0
VERTEX
  5
13F
330
13C
100
AcDbEntity
  8
3_ANYTOOL_CUTTHROUGH_INSID
100
AcDbVertex
100
AcDb2dVertex
 10
540.1958707792035
 20
-99.99682257996756
 30
-0.0000000000000107
  0
VERTEX
  5
140
330
13C
100
AcDbEntity
  8
3_ANYTOOL_CUTTHROUGH_INSID
100
AcDbVertex
100
AcDb2dVertex
 10
540.1958707791737
 20
-130.4968225799239
 30
-0.0000000000000107
  0
VERTEX
  5
141
330
13C
100
AcDbEntity
  8
3_ANYTOOL_CUTTHROUGH_INSID
100
AcDbVertex
100
AcDb2dVertex
 10
552.6958707791737
 20
-130.4968225799093
 30
-0.0000000000000107
  0
VERTEX
  5
142
330
13C
100
AcDbEntity
  8
3_ANYTOOL_CUTTHROUGH_INSID
100
AcDbVertex
100
AcDb2dVertex
 10
552.6958707791737
 20
-124.4968225799093
 30
-0.0000000000000107
  0
VERTEX
  5
143
330
13C
100
AcDbEntity
  8
3_ANYTOOL_CUTTHROUGH_INSID
100
AcDbVertex
100
AcDb2dVertex
 10
603.1958707792028
 20
-124.496822579953
 30
-0.0000000000000107
  0
VERTEX
  5
144
330
13C
100
AcDbEntity
  8
3_ANYTOOL_CUTTHROUGH_INSID
100
AcDbVertex
100
AcDb2dVertex
 10
603.1958707792028
 20
-130.496822579953
 30
-0.0000000000000107
  0
VERTEX
  5
145
330
13C
100
AcDbEntity
  8
3_ANYTOOL_CUTTHROUGH_INSID
100
AcDbVertex
100
AcDb2dVertex
 10
615.6958707792028
 20
-130.4968225799385
 30
-0.0000000000000107
  0
VERTEX
  5
146
330
13C
100
AcDbEntity
  8
3_ANYTOOL_CUTTHROUGH_INSID
100
AcDbVertex
100
AcDb2dVertex
 10
615.6958707792021
 20
-99.99682257998211
 30
-0.0000000000000107
  0
VERTEX
  5
147
330
13C
100
AcDbEntity
  8
3_ANYTOOL_CUTTHROUGH_INSID
100
AcDbVertex
100
AcDb2dVertex
 10
603.1958707792016
 20
-99.99682257999666
 30
-0.0000000000000107
  0
VERTEX
  5
148
330
13C
100
AcDbEntity
  8
3_ANYTOOL_CUTTHROUGH_INSID
100
AcDbVertex
100
AcDb2dVertex
 10
603.1958707792305
 20
-105.9968225799967
 30
-0.0000000000000107
  0
SEQEND
  5
149
330
13C
100
AcDbEntity
  8
3_ANYTOOL_CUTTHROUGH_INSID
  0
POLYLINE
  5
14A
330
1F
100
AcDbEntity
  8
3_ANYTOOL_CUTTHROUGH_INSID
100
AcDb2dPolyline
 66
     1
 10
0.0
 20
0.0
 30
-0.0000000000000107
 70
     1
  0
VERTEX
  5
14B
330
14A
100
AcDbEntity
  8
3_ANYTOOL_CUTTHROUGH_INSID
100
AcDbVertex
100
AcDb2dVertex
 10
453.1958707792041
 20
-124.4968225798075
 30
-0.0000000000000107
  0
VERTEX
  5
14C
330
14A
100
AcDbEntity
  8
3_ANYTOOL_CUTTHROUGH_INSID
100
AcDbVertex
100
AcDb2dVertex
 10
453.1958707792332
 20
-130.4968225798075
 30
-0.0000000000000107
  0
VERTEX
  5
14D
330
14A
100
AcDbEntity
  8
3_ANYTOOL_CUTTHROUGH_INSID
100
AcDbVertex
100
AcDb2dVertex
 10
465.6958707792332
 20
-130.4968225797929
 30
-0.0000000000000107
  0
VERTEX
  5
14E
330
14A
100
AcDbEntity
  8
3_ANYTOOL_CUTTHROUGH_INSID
100
AcDbVertex
100
AcDb2dVertex
 10
465.6958707792319
 20
-99.99682257983659
 30
-0.0000000000000107
  0
VERTEX
  5
14F
330
14A
100
AcDbEntity
  8
3_ANYTOOL_CUTTHROUGH_INSID
100
AcDbVertex
100
AcDb2dVertex
 10
453.1958707792319
 20
-99.99682257983659
 30
-0.0000000000000107
  0
VERTEX
  5
150
330
14A
100
AcDbEntity
  8
3_ANYTOOL_CUTTHROUGH_INSID
100
AcDbVertex
100
AcDb2dVertex
 10
453.1958707792319
 20
-105.9968225798366
 30
-0.0000000000000107
  0
VERTEX
  5
151
330
14A
100
AcDbEntity
  8
3_ANYTOOL_CUTTHROUGH_INSID
100
AcDbVertex
100
AcDb2dVertex
 10
402.6958707792169
 20
-105.9968225802295
 30
-0.0000000000000107
  0
VERTEX
  5
152
330
14A
100
AcDbEntity
  8
3_ANYTOOL_CUTTHROUGH_INSID
100
AcDbVertex
100
AcDb2dVertex
 10
402.6958707792023
 20
-99.99682258022949
 30
-0.0000000000000107
  0
VERTEX
  5
153
330
14A
100
AcDbEntity
  8
3_ANYTOOL_CUTTHROUGH_INSID
100
AcDbVertex
100
AcDb2dVertex
 10
390.1958707792032
 20
-99.9968225802586
 30
-0.0000000000000107
  0
VERTEX
  5
154
330
14A
100
AcDbEntity
  8
3_ANYTOOL_CUTTHROUGH_INSID
100
AcDbVertex
100
AcDb2dVertex
 10
390.1958707791887
 20
-130.4968225802149
 30
-0.0000000000000107
  0
VERTEX
  5
155
330
14A
100
AcDbEntity
  8
3_ANYTOOL_CUTTHROUGH_INSID
100
AcDbVertex
100
AcDb2dVertex
 10
402.6958707791887
 20
-130.4968225802004
 30
-0.0000000000000107
  0
VERTEX
  5
156
330
14A
100
AcDbEntity
  8
3_ANYTOOL_CUTTHROUGH_INSID
100
AcDbVertex
100
AcDb2dVertex
 10
402.6958707791741
 20
-124.4968225802004
 30
-0.0000000000000107
  0
SEQEND
  5
157
330
14A
100
AcDbEntity
  8
3_ANYTOOL_CUTTHROUGH_INSID
  0
POLYLINE
  5
158
330
1F
100
AcDbEntity
  8
3_ANYTOOL_CUTTHROUGH_INSID
100
AcDb2dPolyline
 66
     1
 10
0.0
 20
0.0
 30
-0.0000000000000071
 70
     1
  0
VERTEX
  5
159
330
158
100
AcDbEntity
  8
3_ANYTOOL_CUTTHROUGH_INSID
100
AcDbVertex
100
AcDb2dVertex
 10
853.2664776717827
 20
200.7879964051099
 30
-0.0000000000000071
  0
VERTEX
  5
15A
330
158
100
AcDbEntity
  8
3_ANYTOOL_CUTTHROUGH_INSID
100
AcDbVertex
100
AcDb2dVertex
 10
903.2592066125619
 20
201.6406704671244
 30
-0.0000000000000071
 42
1.000000000002872
  0
VERTEX
  5
15B
330
158
100
AcDbEntity
  8
3_ANYTOOL_CUTTHROUGH_INSID
100
AcDbVertex
100
AcDb2dVertex
 10
903.0971985407898
 20
211.1392889658887
 30
-0.0000000000000071
  0
VERTEX
  5
15C
330
158
100
AcDbEntity
  8
3_ANYTOOL_CUTTHROUGH_INSID
100
AcDbVertex
100
AcDb2dVertex
 10
853.1044696000192
 20
210.2866149038455
 30
-0.0000000000000071
 42
0.9999999999999521
  0
SEQEND
  5
15D
330
158
100
AcDbEntity
  8
3_ANYTOOL_CUTTHROUGH_INSID
  0
POLYLINE
  5
15E
330
1F
100
AcDbEntity
  8
3_ANYTOOL_CUTTHROUGH_INSID
100
AcDb2dPolyline
 66
     1
 10
0.0
 20
0.0
 30
-0.0000000000000071
 70
     1
  0
VERTEX
  5
15F
330
15E
100
AcDbEntity
  8
3_ANYTOOL_CUTTHROUGH_INSID
100
AcDbVertex
100
AcDb2dVertex
 10
852.6958707791518
 20
-105.9968225786724
 30
-0.0000000000000071
  0
VERTEX
  5
160
330
15E
100
AcDbEntity
  8
3_ANYTOOL_CUTTHROUGH_INSID
100
AcDbVertex
100
AcDb2dVertex
 10
852.6958707791518
 20
-99.99682257867244
 30
-0.0000000000000071
  0
VERTEX
  5
161
330
15E
100
AcDbEntity
  8
3_ANYTOOL_CUTTHROUGH_INSID
100
AcDbVertex
100
AcDb2dVertex
 10
840.1958707791525
 20
-99.99682257868699
 30
-0.0000000000000071
  0
VERTEX
  5
162
330
15E
100
AcDbEntity
  8
3_ANYTOOL_CUTTHROUGH_INSID
100
AcDbVertex
100
AcDb2dVertex
 10
840.1958707791227
 20
-130.4968225786579
 30
-0.0000000000000071
  0
VERTEX
  5
163
330
15E
100
AcDbEntity
  8
3_ANYTOOL_CUTTHROUGH_INSID
100
AcDbVertex
100
AcDb2dVertex
 10
852.6958707791227
 20
-130.4968225786288
 30
-0.0000000000000071
  0
VERTEX
  5
164
330
15E
100
AcDbEntity
  8
3_ANYTOOL_CUTTHROUGH_INSID
100
AcDbVertex
100
AcDb2dVertex
 10
852.6958707791227
 20
-124.4968225786288
 30
-0.0000000000000071
  0
VERTEX
  5
165
330
15E
100
AcDbEntity
  8
3_ANYTOOL_CUTTHROUGH_INSID
100
AcDbVertex
100
AcDb2dVertex
 10
903.1958707791518
 20
-124.496822578687
 30
-0.0000000000000071
  0
VERTEX
  5
166
330
15E
100
AcDbEntity
  8
3_ANYTOOL_CUTTHROUGH_INSID
100
AcDbVertex
100
AcDb2dVertex
 10
903.1958707791518
 20
-130.496822578687
 30
-0.0000000000000071
  0
VERTEX
  5
167
330
15E
100
AcDbEntity
  8
3_ANYTOOL_CUTTHROUGH_INSID
100
AcDbVertex
100
AcDb2dVertex
 10
915.6958707791518
 20
-130.4968225786724
 30
-0.0000000000000071
  0
VERTEX
  5
168
330
15E
100
AcDbEntity
  8
3_ANYTOOL_CUTTHROUGH_INSID
100
AcDbVertex
100
AcDb2dVertex
 10
915.6958707791512
 20
-99.99682257871609
 30
-0.0000000000000071
  0
VERTEX
  5
169
330
15E
100
AcDbEntity
  8
3_ANYTOOL_CUTTHROUGH_INSID
100
AcDbVertex
100
AcDb2dVertex
 10
903.1958707791507
 20
-99.99682257871609
 30
-0.0000000000000071
  0
VERTEX
  5
16A
330
15E
100
AcDbEntity
  8
3_ANYTOOL_CUTTHROUGH_INSID
100
AcDbVertex
100
AcDb2dVertex
 10
903.1958707791798
 20
-105.9968225787161
 30
-0.0000000000000071
  0
SEQEND
  5
16B
330
15E
100
AcDbEntity
  8
3_ANYTOOL_CUTTHROUGH_INSID
  0
POLYLINE
  5
16C
330
1F
100
AcDbEntity
  8
3_ANYTOOL_CUTTHROUGH_INSID
100
AcDb2dPolyline
 66
     1
 10
0.0
 20
0.0
 30
-0.0000000000000071
 70
     1
  0
VERTEX
  5
16D
330
16C
100
AcDbEntity
  8
3_ANYTOOL_CUTTHROUGH_INSID
100
AcDbVertex
100
AcDb2dVertex
 10
753.1958707791518
 20
-124.496822578556
 30
-0.0000000000000071
  0
VERTEX
  5
16E
330
16C
100
AcDbEntity
  8
3_ANYTOOL_CUTTHROUGH_INSID
100
AcDbVertex
100
AcDb2dVertex
 10
753.1958707791518
 20
-130.4968225785415
 30
-0.0000000000000071
  0
VERTEX
  5
16F
330
16C
100
AcDbEntity
  8
3_ANYTOOL_CUTTHROUGH_INSID
100
AcDbVertex
100
AcDb2dVertex
 10
765.6958707791518
 20
-130.4968225785269
 30
-0.0000000000000071
  0
VERTEX
  5
170
330
16C
100
AcDbEntity
  8
3_ANYTOOL_CUTTHROUGH_INSID
100
AcDbVertex
100
AcDb2dVertex
 10
765.6958707791512
 20
-99.99682257857057
 30
-0.0000000000000071
  0
VERTEX
  5
171
330
16C
100
AcDbEntity
  8
3_ANYTOOL_CUTTHROUGH_INSID
100
AcDbVertex
100
AcDb2dVertex
 10
753.1958707791507
 20
-99.99682257857057
 30
-0.0000000000000071
  0
VERTEX
  5
172
330
16C
100
AcDbEntity
  8
3_ANYTOOL_CUTTHROUGH_INSID
100
AcDbVertex
100
AcDb2dVertex
 10
753.1958707791798
 20
-105.9968225785851
 30
-0.0000000000000071
  0
VERTEX
  5
173
330
16C
100
AcDbEntity
  8
3_ANYTOOL_CUTTHROUGH_INSID
100
AcDbVertex
100
AcDb2dVertex
 10
702.6958707792307
 20
-105.996822580084
 30
-0.0000000000000071
  0
VERTEX
  5
174
330
16C
100
AcDbEntity
  8
3_ANYTOOL_CUTTHROUGH_INSID
100
AcDbVertex
100
AcDb2dVertex
 10
702.6958707792016
 20
-99.99682258009852
 30
-0.0000000000000071
  0
VERTEX
  5
175
330
16C
100
AcDbEntity
  8
3_ANYTOOL_CUTTHROUGH_INSID
100
AcDbVertex
100
AcDb2dVertex
 10
690.1958707792028
 20
-99.99682258012763
 30
-0.0000000000000071
  0
VERTEX
  5
176
330
16C
100
AcDbEntity
  8
3_ANYTOOL_CUTTHROUGH_INSID
100
AcDbVertex
100
AcDb2dVertex
 10
690.1958707792039
 20
-130.496822580084
 30
-0.0000000000000071
  0
VERTEX
  5
177
330
16C
100
AcDbEntity
  8
3_ANYTOOL_CUTTHROUGH_INSID
100
AcDbVertex
100
AcDb2dVertex
 10
702.6958707792039
 20
-130.4968225800694
 30
-0.0000000000000071
  0
VERTEX
  5
178
330
16C
100
AcDbEntity
  8
3_ANYTOOL_CUTTHROUGH_INSID
100
AcDbVertex
100
AcDb2dVertex
 10
702.6958707791748
 20
-124.4968225800549
 30
-0.0000000000000071
  0
SEQEND
  5
179
330
16C
100
AcDbEntity
  8
3_ANYTOOL_CUTTHROUGH_INSID
  0
POLYLINE
  5
17A
330
1F
100
AcDbEntity
  8
3_ANYTOOL_CUTTHROUGH_INSID
100
AcDb2dPolyline
 66
     1
 10
0.0
 20
0.0
 30
0.000000001283297
 70
     1
  0
VERTEX
  5
17B
330
17A
100
AcDbEntity
  8
3_ANYTOOL_CUTTHROUGH_INSID
100
AcDbVertex
100
AcDb2dVertex
 10
1053.195870823008
 20
-124.496822577712
 30
0.000000001283297
  0
VERTEX
  5
17C
330
17A
100
AcDbEntity
  8
3_ANYTOOL_CUTTHROUGH_INSID
100
AcDbVertex
100
AcDb2dVertex
 10
1053.195870823015
 20
-130.496822577712
 30
0.000000001283297
  0
VERTEX
  5
17D
330
17A
100
AcDbEntity
  8
3_ANYTOOL_CUTTHROUGH_INSID
100
AcDbVertex
100
AcDb2dVertex
 10
1065.695870823016
 20
-130.4968225776975
 30
0.000000001283297
  0
VERTEX
  5
17E
330
17A
100
AcDbEntity
  8
3_ANYTOOL_CUTTHROUGH_INSID
100
AcDbVertex
100
AcDb2dVertex
 10
1065.695870823015
 20
-99.99682257774111
 30
0.000000001283297
  0
VERTEX
  5
17F
330
17A
100
AcDbEntity
  8
3_ANYTOOL_CUTTHROUGH_INSID
100
AcDbVertex
100
AcDb2dVertex
 10
1053.195870823014
 20
-99.99682257774111
 30
0.000000001283297
  0
VERTEX
  5
180
330
17A
100
AcDbEntity
  8
3_ANYTOOL_CUTTHROUGH_INSID
100
AcDbVertex
100
AcDb2dVertex
 10
1053.195870823029
 20
-105.9968225777411
 30
0.000000001283297
  0
VERTEX
  5
181
330
17A
100
AcDbEntity
  8
3_ANYTOOL_CUTTHROUGH_INSID
100
AcDbVertex
100
AcDb2dVertex
 10
1002.695870779152
 20
-105.9968225788325
 30
0.000000001283297
  0
VERTEX
  5
182
330
17A
100
AcDbEntity
  8
3_ANYTOOL_CUTTHROUGH_INSID
100
AcDbVertex
100
AcDb2dVertex
 10
1002.695870779152
 20
-99.99682257883251
 30
0.000000001283297
  0
VERTEX
  5
183
330
17A
100
AcDbEntity
  8
3_ANYTOOL_CUTTHROUGH_INSID
100
AcDbVertex
100
AcDb2dVertex
 10
990.1958707791525
 20
-99.99682257886161
 30
0.000000001283297
  0
VERTEX
  5
184
330
17A
100
AcDbEntity
  8
3_ANYTOOL_CUTTHROUGH_INSID
100
AcDbVertex
100
AcDb2dVertex
 10
990.1958707791227
 20
-130.4968225788325
 30
0.000000001283297
  0
VERTEX
  5
185
330
17A
100
AcDbEntity
  8
3_ANYTOOL_CUTTHROUGH_INSID
100
AcDbVertex
100
AcDb2dVertex
 10
1002.695870779123
 20
-130.4968225788034
 30
0.000000001283297
  0
VERTEX
  5
186
330
17A
100
AcDbEntity
  8
3_ANYTOOL_CUTTHROUGH_INSID
100
AcDbVertex
100
AcDb2dVertex
 10
1002.695870779123
 20
-124.4968225788034
 30
0.000000001283297
  0
SEQEND
  5
187
330
17A
100
AcDbEntity
  8
3_ANYTOOL_CUTTHROUGH_INSID
  0
POLYLINE
  5
189
330
1F
100
AcDbEntity
  8
4_ANYTOOL_CUTTHROUGH_OUTSI
100
AcDb2dPolyline
 66
     1
 10
0.0
 20
0.0
 30
0.0
 70
     1
  0
VERTEX
  5
18A
330
189
100
AcDbEntity
  8
4_ANYTOOL_CUTTHROUGH_OUTSI
100
AcDbVertex
100
AcDb2dVertex
 10
1177.695870822979
 20
-110.1648991739494
 30
0.0
  0
VERTEX
  5
18B
330
189
100
AcDbEntity
  8
4_ANYTOOL_CUTTHROUGH_OUTSI
100
AcDbVertex
100
AcDb2dVertex
 10
1177.695870822957
 20
-193.9968225800112
 30
0.0
  0
VERTEX
  5
18C
330
189
100
AcDbEntity
  8
4_ANYTOOL_CUTTHROUGH_OUTSI
100
AcDbVertex
100
AcDb2dVertex
 10
-1221.804129492878
 20
-193.9968225799385
 30
0.0
  0
VERTEX
  5
18D
330
189
100
AcDbEntity
  8
4_ANYTOOL_CUTTHROUGH_OUTSI
100
AcDbVertex
100
AcDb2dVertex
 10
-1221.8041294929
 20
-110.1648991738766
 30
0.0
 42
-0.4120733481090271
  0
VERTEX
  5
18E
330
189
100
AcDbEntity
  8
4_ANYTOOL_CUTTHROUGH_OUTSI
100
AcDbVertex
100
AcDb2dVertex
 10
-1216.096176992416
 20
-104.4150529143881
 30
0.0
  0
VERTEX
  5
18F
330
189
100
AcDbEntity
  8
4_ANYTOOL_CUTTHROUGH_OUTSI
100
AcDbVertex
100
AcDb2dVertex
 10
-1166.13671769066
 20
-121.9010042666196
 30
0.0
  0
VERTEX
  5
190
330
189
100
AcDbEntity
  8
4_ANYTOOL_CUTTHROUGH_OUTSI
100
AcDbVertex
100
AcDb2dVertex
 10
-1166.054129492893
 20
-121.915039884582
 30
0.0
 42
0.4142135623737415
  0
VERTEX
  5
191
330
189
100
AcDbEntity
  8
4_ANYTOOL_CUTTHROUGH_OUTSI
100
AcDbVertex
100
AcDb2dVertex
 10
-1159.804129492879
 20
-115.6650398845813
 30
0.0
  0
VERTEX
  5
192
330
189
100
AcDbEntity
  8
4_ANYTOOL_CUTTHROUGH_OUTSI
100
AcDbVertex
100
AcDb2dVertex
 10
-1159.804129492878
 20
-37.6650398845668
 30
0.0
 42
0.4142135623732426
  0
VERTEX
  5
193
330
189
100
AcDbEntity
  8
4_ANYTOOL_CUTTHROUGH_OUTSI
100
AcDbVertex
100
AcDb2dVertex
 10
-1166.054129492878
 20
-31.41503988456998
 30
0.0
  0
VERTEX
  5
194
330
189
100
AcDbEntity
  8
4_ANYTOOL_CUTTHROUGH_OUTSI
100
AcDbVertex
100
AcDb2dVertex
 10
-1166.136717690645
 20
-31.42907550254329
 30
0.0
  0
VERTEX
  5
195
330
189
100
AcDbEntity
  8
4_ANYTOOL_CUTTHROUGH_OUTSI
100
AcDbVertex
100
AcDb2dVertex
 10
-1216.096176992403
 20
-48.91502685478207
 30
0.0
 42
-0.4120733481056669
  0
VERTEX
  5
196
330
189
100
AcDbEntity
  8
4_ANYTOOL_CUTTHROUGH_OUTSI
100
AcDbVertex
100
AcDb2dVertex
 10
-1221.804129492887
 20
-43.16518059528607
 30
0.0
  0
VERTEX
  5
197
330
189
100
AcDbEntity
  8
4_ANYTOOL_CUTTHROUGH_OUTSI
100
AcDbVertex
100
AcDb2dVertex
 10
-1221.804129492885
 20
34.83481940471393
 30
0.0
 42
-0.4120733481112758
  0
VERTEX
  5
198
330
189
100
AcDbEntity
  8
4_ANYTOOL_CUTTHROUGH_OUTSI
100
AcDbVertex
100
AcDb2dVertex
 10
-1216.096176992402
 20
40.58466566421578
 30
0.0
  0
VERTEX
  5
199
330
189
100
AcDbEntity
  8
4_ANYTOOL_CUTTHROUGH_OUTSI
100
AcDbVertex
100
AcDb2dVertex
 10
-1166.136717690653
 20
23.09871431197098
 30
0.0
  0
VERTEX
  5
19A
330
189
100
AcDbEntity
  8
4_ANYTOOL_CUTTHROUGH_OUTSI
100
AcDbVertex
100
AcDb2dVertex
 10
-1166.054129492886
 20
23.08467869400874
 30
0.0
 42
0.4142135623744441
  0
VERTEX
  5
19B
330
189
100
AcDbEntity
  8
4_ANYTOOL_CUTTHROUGH_OUTSI
100
AcDbVertex
100
AcDb2dVertex
 10
-1159.804129492886
 20
29.3346786940092
 30
0.0
  0
VERTEX
  5
19C
330
189
100
AcDbEntity
  8
4_ANYTOOL_CUTTHROUGH_OUTSI
100
AcDbVertex
100
AcDb2dVertex
 10
-1159.804129492878
 20
107.3346786940238
 30
0.0
 42
0.414213562373728
  0
VERTEX
  5
19D
330
189
100
AcDbEntity
  8
4_ANYTOOL_CUTTHROUGH_OUTSI
100
AcDbVertex
100
AcDb2dVertex
 10
-1166.054129492878
 20
113.5846786940101
 30
0.0
  0
VERTEX
  5
19E
330
189
100
AcDbEntity
  8
4_ANYTOOL_CUTTHROUGH_OUTSI
100
AcDbVertex
100
AcDb2dVertex
 10
-1166.136717690645
 20
113.5706430760471
 30
0.0
  0
VERTEX
  5
19F
330
189
100
AcDbEntity
  8
4_ANYTOOL_CUTTHROUGH_OUTSI
100
AcDbVertex
100
AcDb2dVertex
 10
-1216.096176992402
 20
96.0846917238085
 30
0.0
 42
-0.4120733481054034
  0
VERTEX
  5
1A0
330
189
100
AcDbEntity
  8
4_ANYTOOL_CUTTHROUGH_OUTSI
100
AcDbVertex
100
AcDb2dVertex
 10
-1221.80412949288
 20
101.8345379833045
 30
0.0
  0
VERTEX
  5
1A1
330
189
100
AcDbEntity
  8
4_ANYTOOL_CUTTHROUGH_OUTSI
100
AcDbVertex
100
AcDb2dVertex
 10
-1221.811011287788
 20
182.5640530438541
 30
0.0
  0
VERTEX
  5
1A2
330
189
100
AcDbEntity
  8
4_ANYTOOL_CUTTHROUGH_OUTSI
100
AcDbVertex
100
AcDb2dVertex
 10
-1184.812417268681
 20
183.2098531189986
 30
0.0
  0
VERTEX
  5
1A3
330
189
100
AcDbEntity
  8
4_ANYTOOL_CUTTHROUGH_OUTSI
100
AcDbVertex
100
AcDb2dVertex
 10
-1184.397991606954
 20
159.4635042625596
 30
0.0
 42
0.4142135630126529
  0
VERTEX
  5
1A4
330
189
100
AcDbEntity
  8
4_ANYTOOL_CUTTHROUGH_OUTSI
100
AcDbVertex
100
AcDb2dVertex
 10
-1184.14366728876
 20
159.217904707717
 30
0.0
  0
VERTEX
  5
1A5
330
189
100
AcDbEntity
  8
4_ANYTOOL_CUTTHROUGH_OUTSI
100
AcDbVertex
100
AcDb2dVertex
 10
-1172.145494343883
 20
159.4272990358877
 30
0.0
 42
0.4142135624023847
  0
VERTEX
  5
1A6
330
189
100
AcDbEntity
  8
4_ANYTOOL_CUTTHROUGH_OUTSI
100
AcDbVertex
100
AcDb2dVertex
 10
-1171.89989478937
 20
159.6816233540739
 30
0.0
  0
VERTEX
  5
1A7
330
189
100
AcDbEntity
  8
4_ANYTOOL_CUTTHROUGH_OUTSI
100
AcDbVertex
100
AcDb2dVertex
 10
-1172.000229584182
 20
165.4307486099278
 30
0.0
  0
VERTEX
  5
1A8
330
189
100
AcDbEntity
  8
4_ANYTOOL_CUTTHROUGH_OUTSI
100
AcDbVertex
100
AcDb2dVertex
 10
-1033.972329095816
 20
167.8400345765112
 30
0.0
  0
VERTEX
  5
1A9
330
189
100
AcDbEntity
  8
4_ANYTOOL_CUTTHROUGH_OUTSI
100
AcDbVertex
100
AcDb2dVertex
 10
-1033.874783816654
 20
162.084188571127
 30
0.0
 42
0.4142135624280813
  0
VERTEX
  5
1AA
330
189
100
AcDbEntity
  8
4_ANYTOOL_CUTTHROUGH_OUTSI
100
AcDbVertex
100
AcDb2dVertex
 10
-1033.620583661965
 20
161.8384605072769
 30
0.0
  0
VERTEX
  5
1AB
330
189
100
AcDbEntity
  8
4_ANYTOOL_CUTTHROUGH_OUTSI
100
AcDbVertex
100
AcDb2dVertex
 10
-1021.622306417392
 20
162.0417906877846
 30
0.0
 42
0.4142135624320786
  0
VERTEX
  5
1AC
330
189
100
AcDbEntity
  8
4_ANYTOOL_CUTTHROUGH_OUTSI
100
AcDbVertex
100
AcDb2dVertex
 10
-1021.376578353567
 20
162.2959908424671
 30
0.0
  0
VERTEX
  5
1AD
330
189
100
AcDbEntity
  8
4_ANYTOOL_CUTTHROUGH_OUTSI
100
AcDbVertex
100
AcDb2dVertex
 10
-1021.78058947664
 20
186.055584087997
 30
0.0
  0
VERTEX
  5
1AE
330
189
100
AcDbEntity
  8
4_ANYTOOL_CUTTHROUGH_OUTSI
100
AcDbVertex
100
AcDb2dVertex
 10
-822.309652475742
 20
189.5373622446205
 30
0.0
  0
VERTEX
  5
1AF
330
189
100
AcDbEntity
  8
4_ANYTOOL_CUTTHROUGH_OUTSI
100
AcDbVertex
100
AcDb2dVertex
 10
-821.9096805959184
 20
165.7956670522108
 30
0.0
 42
0.4142748045139114
  0
VERTEX
  5
1B0
330
189
100
AcDbEntity
  8
4_ANYTOOL_CUTTHROUGH_OUTSI
100
AcDbVertex
100
AcDb2dVertex
 10
-821.6554526949442
 20
165.5499145130099
 30
0.0
  0
VERTEX
  5
1B1
330
189
100
AcDbEntity
  8
4_ANYTOOL_CUTTHROUGH_OUTSI
100
AcDbVertex
100
AcDb2dVertex
 10
-809.6571977491512
 20
165.7545562878659
 30
0.0
 42
0.4142135624314078
  0
VERTEX
  5
1B2
330
189
100
AcDbEntity
  8
4_ANYTOOL_CUTTHROUGH_OUTSI
100
AcDbVertex
100
AcDb2dVertex
 10
-809.4114974747412
 20
166.0087833028813
 30
0.0
  0
VERTEX
  5
1B3
330
189
100
AcDbEntity
  8
4_ANYTOOL_CUTTHROUGH_OUTSI
100
AcDbVertex
100
AcDb2dVertex
 10
-809.5095566909581
 20
171.758046749339
 30
0.0
  0
VERTEX
  5
1B4
330
189
100
AcDbEntity
  8
4_ANYTOOL_CUTTHROUGH_OUTSI
100
AcDbVertex
100
AcDb2dVertex
 10
-671.485075766157
 20
174.167221378666
 30
0.0
  0
VERTEX
  5
1B5
330
189
100
AcDbEntity
  8
4_ANYTOOL_CUTTHROUGH_OUTSI
100
AcDbVertex
100
AcDb2dVertex
 10
-671.3847409948476
 20
168.4180974688352
 30
0.0
 42
0.4142135623399801
  0
VERTEX
  5
1B6
330
189
100
AcDbEntity
  8
4_ANYTOOL_CUTTHROUGH_OUTSI
100
AcDbVertex
100
AcDb2dVertex
 10
-671.1304166766586
 20
168.1724979143159
 30
0.0
  0
VERTEX
  5
1B7
330
189
100
AcDbEntity
  8
4_ANYTOOL_CUTTHROUGH_OUTSI
100
AcDbVertex
100
AcDb2dVertex
 10
-659.1322437317813
 20
168.3818922425271
 30
0.0
 42
0.4142135620043119
  0
VERTEX
  5
1B8
330
189
100
AcDbEntity
  8
4_ANYTOOL_CUTTHROUGH_OUTSI
100
AcDbVertex
100
AcDb2dVertex
 10
-658.886644177268
 20
168.6362165603786
 30
0.0
  0
VERTEX
  5
1B9
330
189
100
AcDbEntity
  8
4_ANYTOOL_CUTTHROUGH_OUTSI
100
AcDbVertex
100
AcDb2dVertex
 10
-659.3010719748195
 20
192.3826877787651
 30
0.0
  0
VERTEX
  5
1BA
330
189
100
AcDbEntity
  8
4_ANYTOOL_CUTTHROUGH_OUTSI
100
AcDbVertex
100
AcDb2dVertex
 10
-584.8124186857599
 20
193.6828920565313
 30
0.0
  0
VERTEX
  5
1BB
330
189
100
AcDbEntity
  8
4_ANYTOOL_CUTTHROUGH_OUTSI
100
AcDbVertex
100
AcDb2dVertex
 10
-584.3979930240348
 20
169.9365432001068
 30
0.0
 42
0.4142135629021842
  0
VERTEX
  5
1BC
330
189
100
AcDbEntity
  8
4_ANYTOOL_CUTTHROUGH_OUTSI
100
AcDbVertex
100
AcDb2dVertex
 10
-584.1436687058394
 20
169.6909436452544
 30
0.0
  0
VERTEX
  5
1BD
330
189
100
AcDbEntity
  8
4_ANYTOOL_CUTTHROUGH_OUTSI
100
AcDbVertex
100
AcDb2dVertex
 10
-572.1454957609631
 20
169.9003379734204
 30
0.0
 42
0.4142135623168666
  0
VERTEX
  5
1BE
330
189
100
AcDbEntity
  8
4_ANYTOOL_CUTTHROUGH_OUTSI
100
AcDbVertex
100
AcDb2dVertex
 10
-571.8998962064353
 20
170.1546622916069
 30
0.0
  0
VERTEX
  5
1BF
330
189
100
AcDbEntity
  8
4_ANYTOOL_CUTTHROUGH_OUTSI
100
AcDbVertex
100
AcDb2dVertex
 10
-572.0002310012624
 20
175.9037875474605
 30
0.0
  0
VERTEX
  5
1C0
330
189
100
AcDbEntity
  8
4_ANYTOOL_CUTTHROUGH_OUTSI
100
AcDbVertex
100
AcDb2dVertex
 10
-433.9723305130119
 20
178.3130735141458
 30
0.0
  0
VERTEX
  5
1C1
330
189
100
AcDbEntity
  8
4_ANYTOOL_CUTTHROUGH_OUTSI
100
AcDbVertex
100
AcDb2dVertex
 10
-433.8747852338502
 20
172.5572275087616
 30
0.0
 42
0.414213562375903
  0
VERTEX
  5
1C2
330
189
100
AcDbEntity
  8
4_ANYTOOL_CUTTHROUGH_OUTSI
100
AcDbVertex
100
AcDb2dVertex
 10
-433.6205850791611
 20
172.3114994449238
 30
0.0
  0
VERTEX
  5
1C3
330
189
100
AcDbEntity
  8
4_ANYTOOL_CUTTHROUGH_OUTSI
100
AcDbVertex
100
AcDb2dVertex
 10
-421.6223078345884
 20
172.5148296254192
 30
0.0
 42
0.4142135624336776
  0
VERTEX
  5
1C4
330
189
100
AcDbEntity
  8
4_ANYTOOL_CUTTHROUGH_OUTSI
100
AcDbVertex
100
AcDb2dVertex
 10
-421.3765797707619
 20
172.7690297801017
 30
0.0
  0
VERTEX
  5
1C5
330
189
100
AcDbEntity
  8
4_ANYTOOL_CUTTHROUGH_OUTSI
100
AcDbVertex
100
AcDb2dVertex
 10
-421.7805908938358
 20
196.5286230256461
 30
0.0
  0
VERTEX
  5
1C6
330
189
100
AcDbEntity
  8
4_ANYTOOL_CUTTHROUGH_OUTSI
100
AcDbVertex
100
AcDb2dVertex
 10
-222.3096538929371
 20
200.0104011822696
 30
0.0
  0
VERTEX
  5
1C7
330
189
100
AcDbEntity
  8
4_ANYTOOL_CUTTHROUGH_OUTSI
100
AcDbVertex
100
AcDb2dVertex
 10
-221.9096820131149
 20
176.2687059898453
 30
0.0
 42
0.4142748045432511
  0
VERTEX
  5
1C8
330
189
100
AcDbEntity
  8
4_ANYTOOL_CUTTHROUGH_OUTSI
100
AcDbVertex
100
AcDb2dVertex
 10
-221.6554541121405
 20
176.0229534506408
 30
0.0
  0
VERTEX
  5
1C9
330
189
100
AcDbEntity
  8
4_ANYTOOL_CUTTHROUGH_OUTSI
100
AcDbVertex
100
AcDb2dVertex
 10
-209.6571991663477
 20
176.227595225515
 30
0.0
 42
0.4142135624941886
  0
VERTEX
  5
1CA
330
189
100
AcDbEntity
  8
4_ANYTOOL_CUTTHROUGH_OUTSI
100
AcDbVertex
100
AcDb2dVertex
 10
-209.4114988919718
 20
176.4818222405299
 30
0.0
  0
VERTEX
  5
1CB
330
189
100
AcDbEntity
  8
4_ANYTOOL_CUTTHROUGH_OUTSI
100
AcDbVertex
100
AcDb2dVertex
 10
-209.5095581081546
 20
182.2310856869881
 30
0.0
  0
VERTEX
  5
1CC
330
189
100
AcDbEntity
  8
4_ANYTOOL_CUTTHROUGH_OUTSI
100
AcDbVertex
100
AcDb2dVertex
 10
-71.48507718336441
 20
184.6402603163151
 30
0.0
  0
VERTEX
  5
1CD
330
189
100
AcDbEntity
  8
4_ANYTOOL_CUTTHROUGH_OUTSI
100
AcDbVertex
100
AcDb2dVertex
 10
-71.38474241205495
 20
178.8911364064988
 30
0.0
 42
0.4142135623741778
  0
VERTEX
  5
1CE
330
189
100
AcDbEntity
  8
4_ANYTOOL_CUTTHROUGH_OUTSI
100
AcDbVertex
100
AcDb2dVertex
 10
-71.13041809386593
 20
178.6455368519801
 30
0.0
  0
VERTEX
  5
1CF
330
189
100
AcDbEntity
  8
4_ANYTOOL_CUTTHROUGH_OUTSI
100
AcDbVertex
100
AcDb2dVertex
 10
-59.13224514898866
 20
178.8549311801762
 30
0.0
 42
0.4142135617937192
  0
VERTEX
  5
1D0
330
189
100
AcDbEntity
  8
4_ANYTOOL_CUTTHROUGH_OUTSI
100
AcDbVertex
100
AcDb2dVertex
 10
-58.88664559447717
 20
179.1092554980276
 30
0.0
  0
VERTEX
  5
1D1
330
189
100
AcDbEntity
  8
4_ANYTOOL_CUTTHROUGH_OUTSI
100
AcDbVertex
100
AcDb2dVertex
 10
-59.30107339202323
 20
202.8557267164142
 30
0.0
  0
VERTEX
  5
1D2
330
189
100
AcDbEntity
  8
4_ANYTOOL_CUTTHROUGH_OUTSI
100
AcDbVertex
100
AcDb2dVertex
 10
15.1875798970309
 20
204.1559309941949
 30
0.0
  0
VERTEX
  5
1D3
330
189
100
AcDbEntity
  8
4_ANYTOOL_CUTTHROUGH_OUTSI
100
AcDbVertex
100
AcDb2dVertex
 10
15.60200555875781
 20
180.4095821377559
 30
0.0
 42
0.4142135627931398
  0
VERTEX
  5
1D4
330
189
100
AcDbEntity
  8
4_ANYTOOL_CUTTHROUGH_OUTSI
100
AcDbVertex
100
AcDb2dVertex
 10
15.85632987695331
 20
180.163982582896
 30
0.0
  0
VERTEX
  5
1D5
330
189
100
AcDbEntity
  8
4_ANYTOOL_CUTTHROUGH_OUTSI
100
AcDbVertex
100
AcDb2dVertex
 10
27.85450282182956
 20
180.3733769110695
 30
0.0
 42
0.4142135623531597
  0
VERTEX
  5
1D6
330
189
100
AcDbEntity
  8
4_ANYTOOL_CUTTHROUGH_OUTSI
100
AcDbVertex
100
AcDb2dVertex
 10
28.10010237635863
 20
180.627701229256
 30
0.0
  0
VERTEX
  5
1D7
330
189
100
AcDbEntity
  8
4_ANYTOOL_CUTTHROUGH_OUTSI
100
AcDbVertex
100
AcDb2dVertex
 10
27.99976758153025
 20
186.3768264851242
 30
0.0
  0
VERTEX
  5
1D8
330
189
100
AcDbEntity
  8
4_ANYTOOL_CUTTHROUGH_OUTSI
100
AcDbVertex
100
AcDb2dVertex
 10
166.0276680697807
 20
188.7861124517804
 30
0.0
  0
VERTEX
  5
1D9
330
189
100
AcDbEntity
  8
4_ANYTOOL_CUTTHROUGH_OUTSI
100
AcDbVertex
100
AcDb2dVertex
 10
166.1252133489425
 20
183.0302664463816
 30
0.0
 42
0.4142135623249261
  0
VERTEX
  5
1DA
330
189
100
AcDbEntity
  8
4_ANYTOOL_CUTTHROUGH_OUTSI
100
AcDbVertex
100
AcDb2dVertex
 10
166.3794135036303
 20
182.784538382559
 30
0.0
  0
VERTEX
  5
1DB
330
189
100
AcDbEntity
  8
4_ANYTOOL_CUTTHROUGH_OUTSI
100
AcDbVertex
100
AcDb2dVertex
 10
178.3776907482038
 20
182.9878685630247
 30
0.0
 42
0.414213562341692
  0
VERTEX
  5
1DC
330
189
100
AcDbEntity
  8
4_ANYTOOL_CUTTHROUGH_OUTSI
100
AcDbVertex
100
AcDb2dVertex
 10
178.6234188120402
 20
183.2420687177073
 30
0.0
  0
VERTEX
  5
1DD
330
189
100
AcDbEntity
  8
4_ANYTOOL_CUTTHROUGH_OUTSI
100
AcDbVertex
100
AcDb2dVertex
 10
178.2194076889568
 20
207.0016619632515
 30
0.0
  0
VERTEX
  5
1DE
330
189
100
AcDbEntity
  8
4_ANYTOOL_CUTTHROUGH_OUTSI
100
AcDbVertex
100
AcDb2dVertex
 10
377.6903446898541
 20
210.483440119875
 30
0.0
  0
VERTEX
  5
1DF
330
189
100
AcDbEntity
  8
4_ANYTOOL_CUTTHROUGH_OUTSI
100
AcDbVertex
100
AcDb2dVertex
 10
378.0903165696777
 20
186.7417449274508
 30
0.0
 42
0.4142748045679732
  0
VERTEX
  5
1E0
330
189
100
AcDbEntity
  8
4_ANYTOOL_CUTTHROUGH_OUTSI
100
AcDbVertex
100
AcDb2dVertex
 10
378.3445444706527
 20
186.495992388238
 30
0.0
  0
VERTEX
  5
1E1
330
189
100
AcDbEntity
  8
4_ANYTOOL_CUTTHROUGH_OUTSI
100
AcDbVertex
100
AcDb2dVertex
 10
390.3427994164454
 20
186.7006341631204
 30
0.0
 42
0.4142135623156854
  0
VERTEX
  5
1E2
330
189
100
AcDbEntity
  8
4_ANYTOOL_CUTTHROUGH_OUTSI
100
AcDbVertex
100
AcDb2dVertex
 10
390.5884996908457
 20
186.9548611781357
 30
0.0
  0
VERTEX
  5
1E3
330
189
100
AcDbEntity
  8
4_ANYTOOL_CUTTHROUGH_OUTSI
100
AcDbVertex
100
AcDb2dVertex
 10
390.490440474638
 20
192.7041246246081
 30
0.0
  0
VERTEX
  5
1E4
330
189
100
AcDbEntity
  8
4_ANYTOOL_CUTTHROUGH_OUTSI
100
AcDbVertex
100
AcDb2dVertex
 10
528.514921399428
 20
195.1132992539497
 30
0.0
  0
VERTEX
  5
1E5
330
189
100
AcDbEntity
  8
4_ANYTOOL_CUTTHROUGH_OUTSI
100
AcDbVertex
100
AcDb2dVertex
 10
528.6152561707377
 20
189.3641753441334
 30
0.0
 42
0.4142135623513594
  0
VERTEX
  5
1E6
330
189
100
AcDbEntity
  8
4_ANYTOOL_CUTTHROUGH_OUTSI
100
AcDbVertex
100
AcDb2dVertex
 10
528.8695804889261
 20
189.1185757896245
 30
0.0
  0
VERTEX
  5
1E7
330
189
100
AcDbEntity
  8
4_ANYTOOL_CUTTHROUGH_OUTSI
100
AcDbVertex
100
AcDb2dVertex
 10
540.8677534338035
 20
189.3279701177962
 30
0.0
 42
0.4142135617974262
  0
VERTEX
  5
1E8
330
189
100
AcDbEntity
  8
4_ANYTOOL_CUTTHROUGH_OUTSI
100
AcDbVertex
100
AcDb2dVertex
 10
541.1133529883181
 20
189.5822944356477
 30
0.0
  0
VERTEX
  5
1E9
330
189
100
AcDbEntity
  8
4_ANYTOOL_CUTTHROUGH_OUTSI
100
AcDbVertex
100
AcDb2dVertex
 10
540.6989251907657
 20
213.3287656540488
 30
0.0
  0
VERTEX
  5
1EA
330
189
100
AcDbEntity
  8
4_ANYTOOL_CUTTHROUGH_OUTSI
100
AcDbVertex
100
AcDb2dVertex
 10
615.1875784798253
 20
214.6289699318295
 30
0.0
  0
VERTEX
  5
1EB
330
189
100
AcDbEntity
  8
4_ANYTOOL_CUTTHROUGH_OUTSI
100
AcDbVertex
100
AcDb2dVertex
 10
615.6020041415507
 20
190.8826210753759
 30
0.0
 42
0.414213562839465
  0
VERTEX
  5
1EC
330
189
100
AcDbEntity
  8
4_ANYTOOL_CUTTHROUGH_OUTSI
100
AcDbVertex
100
AcDb2dVertex
 10
615.8563284597452
 20
190.637021520528
 30
0.0
  0
VERTEX
  5
1ED
330
189
100
AcDbEntity
  8
4_ANYTOOL_CUTTHROUGH_OUTSI
100
AcDbVertex
100
AcDb2dVertex
 10
627.8545014046226
 20
190.8464158487041
 30
0.0
 42
0.4142135623771557
  0
VERTEX
  5
1EE
330
189
100
AcDbEntity
  8
4_ANYTOOL_CUTTHROUGH_OUTSI
100
AcDbVertex
100
AcDb2dVertex
 10
628.1001009591429
 20
191.1007401668904
 30
0.0
  0
VERTEX
  5
1EF
330
189
100
AcDbEntity
  8
4_ANYTOOL_CUTTHROUGH_OUTSI
100
AcDbVertex
100
AcDb2dVertex
 10
627.9997661643229
 20
196.8498654227587
 30
0.0
  0
VERTEX
  5
1F0
330
189
100
AcDbEntity
  8
4_ANYTOOL_CUTTHROUGH_OUTSI
100
AcDbVertex
100
AcDb2dVertex
 10
766.0276666525733
 20
199.2591513894149
 30
0.0
  0
VERTEX
  5
1F1
330
189
100
AcDbEntity
  8
4_ANYTOOL_CUTTHROUGH_OUTSI
100
AcDbVertex
100
AcDb2dVertex
 10
766.1252119317348
 20
193.5033053840307
 30
0.0
 42
0.4142135624448512
  0
VERTEX
  5
1F2
330
189
100
AcDbEntity
  8
4_ANYTOOL_CUTTHROUGH_OUTSI
100
AcDbVertex
100
AcDb2dVertex
 10
766.3794120864238
 20
193.2575773201946
 30
0.0
  0
VERTEX
  5
1F3
330
189
100
AcDbEntity
  8
4_ANYTOOL_CUTTHROUGH_OUTSI
100
AcDbVertex
100
AcDb2dVertex
 10
778.3776893309966
 20
193.4609075006883
 30
0.0
 42
0.4142135624030383
  0
VERTEX
  5
1F4
330
189
100
AcDbEntity
  8
4_ANYTOOL_CUTTHROUGH_OUTSI
100
AcDbVertex
100
AcDb2dVertex
 10
778.6234173948264
 20
193.7151076553709
 30
0.0
  0
VERTEX
  5
1F5
330
189
100
AcDbEntity
  8
4_ANYTOOL_CUTTHROUGH_OUTSI
100
AcDbVertex
100
AcDb2dVertex
 10
778.2194062717494
 20
217.4747009009006
 30
0.0
  0
VERTEX
  5
1F6
330
189
100
AcDbEntity
  8
4_ANYTOOL_CUTTHROUGH_OUTSI
100
AcDbVertex
100
AcDb2dVertex
 10
977.6903432726467
 20
220.9564790575241
 30
0.0
  0
VERTEX
  5
1F7
330
189
100
AcDbEntity
  8
4_ANYTOOL_CUTTHROUGH_OUTSI
100
AcDbVertex
100
AcDb2dVertex
 10
978.0903151524703
 20
197.2147838651144
 30
0.0
 42
0.4142748045465866
  0
VERTEX
  5
1F8
330
189
100
AcDbEntity
  8
4_ANYTOOL_CUTTHROUGH_OUTSI
100
AcDbVertex
100
AcDb2dVertex
 10
978.3445430534447
 20
196.9690313259127
 30
0.0
  0
VERTEX
  5
1F9
330
189
100
AcDbEntity
  8
4_ANYTOOL_CUTTHROUGH_OUTSI
100
AcDbVertex
100
AcDb2dVertex
 10
990.3427979992375
 20
197.1736731007695
 30
0.0
 42
0.4142135623399557
  0
VERTEX
  5
1FA
330
189
100
AcDbEntity
  8
4_ANYTOOL_CUTTHROUGH_OUTSI
100
AcDbVertex
100
AcDb2dVertex
 10
990.5884982736293
 20
197.4279001157847
 30
0.0
  0
VERTEX
  5
1FB
330
189
100
AcDbEntity
  8
4_ANYTOOL_CUTTHROUGH_OUTSI
100
AcDbVertex
100
AcDb2dVertex
 10
990.4904390574302
 20
203.1771635622426
 30
0.0
  0
VERTEX
  5
1FC
330
189
100
AcDbEntity
  8
4_ANYTOOL_CUTTHROUGH_OUTSI
100
AcDbVertex
100
AcDb2dVertex
 10
1128.514919982036
 20
205.5863381915551
 30
0.0
  0
VERTEX
  5
1FD
330
189
100
AcDbEntity
  8
4_ANYTOOL_CUTTHROUGH_OUTSI
100
AcDbVertex
100
AcDb2dVertex
 10
1128.615254753345
 20
199.8372142817389
 30
0.0
 42
0.4142135623451952
  0
VERTEX
  5
1FE
330
189
100
AcDbEntity
  8
4_ANYTOOL_CUTTHROUGH_OUTSI
100
AcDbVertex
100
AcDb2dVertex
 10
1128.869579071534
 20
199.5916147272242
 30
0.0
  0
VERTEX
  5
1FF
330
189
100
AcDbEntity
  8
4_ANYTOOL_CUTTHROUGH_OUTSI
100
AcDbVertex
100
AcDb2dVertex
 10
1140.867752016411
 20
199.8010090554162
 30
0.0
 42
0.4142135620057801
  0
VERTEX
  5
200
330
189
100
AcDbEntity
  8
4_ANYTOOL_CUTTHROUGH_OUTSI
100
AcDbVertex
100
AcDb2dVertex
 10
1141.113351570926
 20
200.0553333732677
 30
0.0
  0
VERTEX
  5
201
330
189
100
AcDbEntity
  8
4_ANYTOOL_CUTTHROUGH_OUTSI
100
AcDbVertex
100
AcDb2dVertex
 10
1140.698923773375
 20
223.8018045916542
 30
0.0
  0
VERTEX
  5
202
330
189
100
AcDbEntity
  8
4_ANYTOOL_CUTTHROUGH_OUTSI
100
AcDbVertex
100
AcDb2dVertex
 10
1177.688902270986
 20
224.4474798519223
 30
0.0
  0
VERTEX
  5
203
330
189
100
AcDbEntity
  8
4_ANYTOOL_CUTTHROUGH_OUTSI
100
AcDbVertex
100
AcDb2dVertex
 10
1177.695870823166
 20
101.8345308790158
 30
0.0
 42
-0.4120733521038447
  0
VERTEX
  5
204
330
189
100
AcDbEntity
  8
4_ANYTOOL_CUTTHROUGH_OUTSI
100
AcDbVertex
100
AcDb2dVertex
 10
1171.987918323012
 20
96.0846917235471
 30
0.0
  0
VERTEX
  5
205
330
189
100
AcDbEntity
  8
4_ANYTOOL_CUTTHROUGH_OUTSI
100
AcDbVertex
100
AcDb2dVertex
 10
1122.028459020724
 20
113.5706430759747
 30
0.0
  0
VERTEX
  5
206
330
189
100
AcDbEntity
  8
4_ANYTOOL_CUTTHROUGH_OUTSI
100
AcDbVertex
100
AcDb2dVertex
 10
1121.945870822957
 20
113.584678693936
 30
0.0
 42
0.4142135623697774
  0
VERTEX
  5
207
330
189
100
AcDbEntity
  8
4_ANYTOOL_CUTTHROUGH_OUTSI
100
AcDbVertex
100
AcDb2dVertex
 10
1115.695870822941
 20
107.3346786939364
 30
0.0
  0
VERTEX
  5
208
330
189
100
AcDbEntity
  8
4_ANYTOOL_CUTTHROUGH_OUTSI
100
AcDbVertex
100
AcDb2dVertex
 10
1115.695870822957
 20
29.33467869393644
 30
0.0
 42
0.4142135623736322
  0
VERTEX
  5
209
330
189
100
AcDbEntity
  8
4_ANYTOOL_CUTTHROUGH_OUTSI
100
AcDbVertex
100
AcDb2dVertex
 10
1121.945870822965
 20
23.08467869393962
 30
0.0
  0
VERTEX
  5
20A
330
189
100
AcDbEntity
  8
4_ANYTOOL_CUTTHROUGH_OUTSI
100
AcDbVertex
100
AcDb2dVertex
 10
1122.028459020731
 20
23.09871431189824
 30
0.0
  0
VERTEX
  5
20B
330
189
100
AcDbEntity
  8
4_ANYTOOL_CUTTHROUGH_OUTSI
100
AcDbVertex
100
AcDb2dVertex
 10
1171.98791832248
 20
40.58466566413684
 30
0.0
 42
-0.4120733481034922
  0
VERTEX
  5
20C
330
189
100
AcDbEntity
  8
4_ANYTOOL_CUTTHROUGH_OUTSI
100
AcDbVertex
100
AcDb2dVertex
 10
1177.695870822979
 20
34.83481940464117
 30
0.0
  0
VERTEX
  5
20D
330
189
100
AcDbEntity
  8
4_ANYTOOL_CUTTHROUGH_OUTSI
100
AcDbVertex
100
AcDb2dVertex
 10
1177.695870822964
 20
-43.16518059535883
 30
0.0
 42
-0.4120733481048329
  0
VERTEX
  5
20E
330
189
100
AcDbEntity
  8
4_ANYTOOL_CUTTHROUGH_OUTSI
100
AcDbVertex
100
AcDb2dVertex
 10
1171.987918322481
 20
-48.91502685484165
 30
0.0
  0
VERTEX
  5
20F
330
189
100
AcDbEntity
  8
4_ANYTOOL_CUTTHROUGH_OUTSI
100
AcDbVertex
100
AcDb2dVertex
 10
1122.028459020724
 20
-31.42907550261589
 30
0.0
  0
VERTEX
  5
210
330
189
100
AcDbEntity
  8
4_ANYTOOL_CUTTHROUGH_OUTSI
100
AcDbVertex
100
AcDb2dVertex
 10
1121.945870822957
 20
-31.41503988465458
 30
0.0
 42
0.4142135623707006
  0
VERTEX
  5
211
330
189
100
AcDbEntity
  8
4_ANYTOOL_CUTTHROUGH_OUTSI
100
AcDbVertex
100
AcDb2dVertex
 10
1115.69587082295
 20
-37.66503988465411
 30
0.0
  0
VERTEX
  5
212
330
189
100
AcDbEntity
  8
4_ANYTOOL_CUTTHROUGH_OUTSI
100
AcDbVertex
100
AcDb2dVertex
 10
1115.695870822957
 20
-115.6650398846541
 30
0.0
 42
0.4142135623737335
  0
VERTEX
  5
213
330
189
100
AcDbEntity
  8
4_ANYTOOL_CUTTHROUGH_OUTSI
100
AcDbVertex
100
AcDb2dVertex
 10
1121.945870822972
 20
-121.9150398846557
 30
0.0
  0
VERTEX
  5
214
330
189
100
AcDbEntity
  8
4_ANYTOOL_CUTTHROUGH_OUTSI
100
AcDbVertex
100
AcDb2dVertex
 10
1122.028459020738
 20
-121.9010042666921
 30
0.0
  0
VERTEX
  5
215
330
189
100
AcDbEntity
  8
4_ANYTOOL_CUTTHROUGH_OUTSI
100
AcDbVertex
100
AcDb2dVertex
 10
1171.987918322494
 20
-104.4150529144536
 30
0.0
 42
-0.4120733481052887
  0
SEQEND
  5
216
330
189
100
AcDbEntity
  8
4_ANYTOOL_CUTTHROUGH_OUTSI
  0
ENDSEC
  0
SECTION
  2
OBJECTS
  0
DICTIONARY
  5
C
330
0
100
AcDbDictionary
281
     1
  3
ACAD_DETAILVIEWSTYLE
350
252
  3
ACAD_GROUP
350
D
  3
ACAD_LAYOUT
350
1A
  3
ACAD_MATERIAL
350
43
  3
ACAD_MLEADERSTYLE
350
5B
  3
ACAD_MLINESTYLE
350
17
  3
ACAD_PLOTSETTINGS
350
19
  3
ACAD_PLOTSTYLENAME
350
E
  3
ACAD_SCALELIST
350
47
  3
ACAD_SECTIONVIEWSTYLE
350
253
  3
ACAD_TABLESTYLE
350
59
  3
ACAD_VISUALSTYLE
350
2A
  3
AcDbVariableDictionary
350
217
  3
ACDB_RECOMPOSE_DATA
350
24F
  0
SUN
  5
5D
330
29
100
AcDbSun
 90
        1
290
     0
 63
     7
421
 16777215
 40
1.0
291
     1
 91
  2455826
 92
 54000000
292
     0
 70
     2
 71
   256
280
     1
  0
DICTIONARY
  5
252
102
{ACAD_REACTORS
330
C
102
}
330
C
100
AcDbDictionary
281
     1
  0
DICTIONARY
  5
D
102
{ACAD_REACTORS
330
C
102
}
330
C
100
AcDbDictionary
281
     1
  0
DICTIONARY
  5
1A
102
{ACAD_REACTORS
330
C
102
}
330
C
100
AcDbDictionary
281
     1
  3
Layout1
350
1E
  3
Layout2
350
26
  3
Model
350
22
  0
DICTIONARY
  5
43
102
{ACAD_REACTORS
330
C
102
}
330
C
100
AcDbDictionary
281
     1
  3
ByBlock
350
45
  3
ByLayer
350
44
  3
Global
350
46
  0
DICTIONARY
  5
5B
102
{ACAD_REACTORS
330
C
102
}
330
C
100
AcDbDictionary
281
     1
  3
Standard
350
5C
  0
DICTIONARY
  5
17
102
{ACAD_REACTORS
330
C
102
}
330
C
100
AcDbDictionary
281
     1
  3
Standard
350
18
  0
DICTIONARY
  5
19
102
{ACAD_REACTORS
330
C
102
}
330
C
100
AcDbDictionary
281
     1
  0
ACDBDICTIONARYWDFLT
  5
E
102
{ACAD_REACTORS
330
C
102
}
330
C
100
AcDbDictionary
281
     1
  3
Normal
350
F
100
AcDbDictionaryWithDefault
340
F
  0
DICTIONARY
  5
47
102
{ACAD_REACTORS
330
C
102
}
330
C
100
AcDbDictionary
281
     1
  3
A0
350
48
  3
A1
350
49
  3
A2
350
4A
  3
A3
350
4B
  3
A4
350
4C
  3
A5
350
4D
  3
A6
350
4E
  3
A7
350
4F
  3
A8
350
50
  3
A9
350
51
  3
B1
350
52
  3
B2
350
53
  3
B3
350
54
  3
B4
350
55
  3
B5
350
56
  3
B6
350
57
  3
B7
350
58
  0
DICTIONARY
  5
253
102
{ACAD_REACTORS
330
C
102
}
330
C
100
AcDbDictionary
281
     1
  0
DICTIONARY
  5
59
102
{ACAD_REACTORS
330
C
102
}
330
C
100
AcDbDictionary
281
     1
  3
Standard
350
5A
  0
DICTIONARY
  5
2A
102
{ACAD_REACTORS
330
C
102
}
330
C
100
AcDbDictionary
281
     1
  3
2dWireframe
350
2F
  3
Basic
350
32
  3
Brighten
350
36
  3
ColorChange
350
3A
  3
Conceptual
350
34
  3
Dim
350
35
  3
EdgeColorOff
350
3D
  3
Facepattern
350
39
  3
Flat
350
2B
  3
FlatWithEdges
350
2C
  3
Gouraud
350
2D
  3
GouraudWithEdges
350
2E
  3
Hidden
350
31
  3
JitterOff
350
3B
  3
Linepattern
350
38
  3
OverhangOff
350
3C
  3
Realistic
350
33
  3
Shaded
350
42
  3
Shaded with edges
350
41
  3
Shades of Gray
350
3E
  3
Sketchy
350
3F
  3
Thicken
350
37
  3
Wireframe
350
30
  3
X-Ray
350
40
  0
DICTIONARY
  5
217
102
{ACAD_REACTORS
330
C
102
}
330
C
100
AcDbDictionary
281
     1
  3
CANNOSCALE
350
218
  3
CMLEADERSTYLE
350
251
  3
CTABLESTYLE
350
250
  3
XCLIPFRAME
350
219
  0
XRECORD
  5
24F
102
{ACAD_REACTORS
330
C
102
}
330
C
100
AcDbXrecord
280
     1
 90
        1
330
5A
  0
LAYOUT
  5
1E
102
{ACAD_REACTORS
330
1A
102
}
330
1A
100
AcDbPlotSettings
  1

  2
none_device
  4

  6

 40
0.0
 41
0.0
 42
0.0
 43
0.0
 44
0.0
 45
0.0
 46
0.0
 47
0.0
 48
0.0
 49
0.0
140
0.0
141
0.0
142
1.0
143
1.0
 70
   688
 72
     0
 73
     0
 74
     5
  7

 75
    16
 76
     0
 77
     2
 78
   300
147
1.0
148
0.0
149
0.0
100
AcDbLayout
  1
Layout1
 70
     1
 71
     1
 10
0.0
 20
0.0
 11
12.0
 21
9.0
 12
0.0
 22
0.0
 32
0.0
 14
1.000000000000000E+20
 24
1.000000000000000E+20
 34
1.000000000000000E+20
 15
-1.000000000000000E+20
 25
-1.000000000000000E+20
 35
-1.000000000000000E+20
146
0.0
 13
0.0
 23
0.0
 33
0.0
 16
1.0
 26
0.0
 36
0.0
 17
0.0
 27
1.0
 37
0.0
 76
     0
330
1B
  0
LAYOUT
  5
26
102
{ACAD_REACTORS
330
1A
102
}
330
1A
100
AcDbPlotSettings
  1

  2
none_device
  4

  6

 40
0.0
 41
0.0
 42
0.0
 43
0.0
 44
0.0
 45
0.0
 46
0.0
 47
0.0
 48
0.0
 49
0.0
140
0.0
141
0.0
142
1.0
143
1.0
 70
   688
 72
     0
 73
     0
 74
     5
  7

 75
    16
 76
     0
 77
     2
 78
   300
147
1.0
148
0.0
149
0.0
100
AcDbLayout
  1
Layout2
 70
     1
 71
     2
 10
0.0
 20
0.0
 11
0.0
 21
0.0
 12
0.0
 22
0.0
 32
0.0
 14
0.0
 24
0.0
 34
0.0
 15
0.0
 25
0.0
 35
0.0
146
0.0
 13
0.0
 23
0.0
 33
0.0
 16
1.0
 26
0.0
 36
0.0
 17
0.0
 27
1.0
 37
0.0
 76
     0
330
23
  0
LAYOUT
  5
22
102
{ACAD_REACTORS
330
1A
102
}
330
1A
100
AcDbPlotSettings
  1

  2
none_device
  4
Letter_(8.50_x_11.00_Inches)
  6

 40
6.35
 41
6.35
 42
6.35000508
 43
6.35000508
 44
215.9
 45
279.4
 46
0.0
 47
0.0
 48
0.0
 49
0.0
140
0.0
141
0.0
142
1.0
143
1.0
 70
  1712
 72
     0
 73
     0
 74
     0
  7

 75
     0
 76
     0
 77
     2
 78
   300
147
1.0
148
0.0
149
0.0
100
AcDbLayout
  1
Model
 70
     1
 71
     0
 10
0.0
 20
0.0
 11
12.0
 21
9.0
 12
0.0
 22
0.0
 32
0.0
 14
-1221.811011287788
 24
-193.9968225800112
 34
-0.0000000000000107
 15
1177.695870823166
 25
224.4474798519223
 35
0.000000001283297
146
0.0
 13
0.0
 23
0.0
 33
0.0
 16
1.0
 26
0.0
 36
0.0
 17
0.0
 27
1.0
 37
0.0
 76
     0
330
1F
331
29
  0
MATERIAL
  5
45
102
{ACAD_REACTORS
330
43
102
}
330
43
100
AcDbMaterial
  1
ByBlock
 72
     1
 94
      127
  0
MATERIAL
  5
44
102
{ACAD_REACTORS
330
43
102
}
330
43
100
AcDbMaterial
  1
ByLayer
 72
     1
 94
      127
  0
MATERIAL
  5
46
102
{ACAD_REACTORS
330
43
102
}
330
43
100
AcDbMaterial
  1
Global
 72
     1
 94
      127
  0
MLEADERSTYLE
  5
5C
102
{ACAD_REACTORS
330
5B
102
}
102
{ACAD_XDICTIONARY
360
24D
102
}
330
5B
100
AcDbMLeaderStyle
170
     2
171
     1
172
     0
 90
        2
 40
0.0
 41
0.0
173
     1
 91
-1056964608
340
14
 92
       -2
290
     1
 42
0.09
291
     1
 43
0.36
  3
Standard
341
0
 44
0.18
300

342
11
174
     1
178
     6
175
     1
176
     0
 93
-1056964608
 45
0.18
292
     0
297
     0
 46
0.18
343
0
 94
-1056964608
 47
1.0
 49
1.0
140
1.0
293
     1
141
0.0
294
     1
177
     0
142
1.0
295
     0
296
     0
143
0.125
1001
ACAD_MLEADERVER
1070
     2
  0
MLINESTYLE
  5
18
102
{ACAD_REACTORS
330
17
102
}
330
17
100
AcDbMlineStyle
  2
Standard
 70
     0
  3

 62
   256
 51
90.0
 52
90.0
 71
     2
 49
0.5
 62
   256
  6
BYLAYER
 49
-0.5
 62
   256
  6
BYLAYER
  0
ACDBPLACEHOLDER
  5
F
102
{ACAD_REACTORS
330
E
102
}
330
E
  0
SCALE
  5
48
102
{ACAD_REACTORS
330
47
102
}
330
47
100
AcDbScale
 70
     0
300
1:1
140
1.0
141
1.0
290
     1
  0
SCALE
  5
49
102
{ACAD_REACTORS
330
47
102
}
330
47
100
AcDbScale
 70
     0
300
1/128" = 1'-0"
140
0.0078125
141
12.0
290
     0
  0
SCALE
  5
4A
102
{ACAD_REACTORS
330
47
102
}
330
47
100
AcDbScale
 70
     0
300
1/64" = 1'-0"
140
0.015625
141
12.0
290
     0
  0
SCALE
  5
4B
102
{ACAD_REACTORS
330
47
102
}
330
47
100
AcDbScale
 70
     0
300
1/32" = 1'-0"
140
0.03125
141
12.0
290
     0
  0
SCALE
  5
4C
102
{ACAD_REACTORS
330
47
102
}
330
47
100
AcDbScale
 70
     0
300
1/16" = 1'-0"
140
0.0625
141
12.0
290
     0
  0
SCALE
  5
4D
102
{ACAD_REACTORS
330
47
102
}
330
47
100
AcDbScale
 70
     0
300
3/32" = 1'-0"
140
0.09375
141
12.0
290
     0
  0
SCALE
  5
4E
102
{ACAD_REACTORS
330
47
102
}
330
47
100
AcDbScale
 70
     0
300
1/8" = 1'-0"
140
0.125
141
12.0
290
     0
  0
SCALE
  5
4F
102
{ACAD_REACTORS
330
47
102
}
330
47
100
AcDbScale
 70
     0
300
3/16" = 1'-0"
140
0.1875
141
12.0
290
     0
  0
SCALE
  5
50
102
{ACAD_REACTORS
330
47
102
}
330
47
100
AcDbScale
 70
     0
300
1/4" = 1'-0"
140
0.25
141
12.0
290
     0
  0
SCALE
  5
51
102
{ACAD_REACTORS
330
47
102
}
330
47
100
AcDbScale
 70
     0
300
3/8" = 1'-0"
140
0.375
141
12.0
290
     0
  0
SCALE
  5
52
102
{ACAD_REACTORS
330
47
102
}
330
47
100
AcDbScale
 70
     0
300
1/2" = 1'-0"
140
0.5
141
12.0
290
     0
  0
SCALE
  5
53
102
{ACAD_REACTORS
330
47
102
}
330
47
100
AcDbScale
 70
     0
300
3/4" = 1'-0"
140
0.75
141
12.0
290
     0
  0
SCALE
  5
54
102
{ACAD_REACTORS
330
47
102
}
330
47
100
AcDbScale
 70
     0
300
1" = 1'-0"
140
1.0
141
12.0
290
     0
  0
SCALE
  5
55
102
{ACAD_REACTORS
330
47
102
}
330
47
100
AcDbScale
 70
     0
300
1-1/2" = 1'-0"
140
1.5
141
12.0
290
     0
  0
SCALE
  5
56
102
{ACAD_REACTORS
330
47
102
}
330
47
100
AcDbScale
 70
     0
300
3" = 1'-0"
140
3.0
141
12.0
290
     0
  0
SCALE
  5
57
102
{ACAD_REACTORS
330
47
102
}
330
47
100
AcDbScale
 70
     0
300
6" = 1'-0"
140
6.0
141
12.0
290
     0
  0
SCALE
  5
58
102
{ACAD_REACTORS
330
47
102
}
330
47
100
AcDbScale
 70
     0
300
1'-0" = 1'-0"
140
12.0
141
12.0
290
     0
  0
TABLESTYLE
  5
5A
102
{ACAD_REACTORS
330
59
102
}
102
{ACAD_XDICTIONARY
360
24A
102
}
330
59
100
AcDbTableStyle
  3
Standard
 70
     0
 71
     0
 40
0.06
 41
0.06
280
     0
281
     0
  7
Standard
140
0.18
170
     2
 62
     0
 63
   257
283
     0
 90
        4
 91
        0
  1

274
    -2
284
     1
 64
     0
275
    -2
285
     1
 65
     0
276
    -2
286
     1
 66
     0
277
    -2
287
     1
 67
     0
278
    -2
288
     1
 68
     0
279
    -2
289
     1
 69
     0
  7
Standard
140
0.25
170
     5
 62
     0
 63
   257
283
     0
 90
        4
 91
        0
  1

274
    -2
284
     1
 64
     0
275
    -2
285
     1
 65
     0
276
    -2
286
     1
 66
     0
277
    -2
287
     1
 67
     0
278
    -2
288
     1
 68
     0
279
    -2
289
     1
 69
     0
  7
Standard
140
0.18
170
     5
 62
     0
 63
   257
283
     0
 90
        4
 91
        0
  1

274
    -2
284
     1
 64
     0
275
    -2
285
     1
 65
     0
276
    -2
286
     1
 66
     0
277
    -2
287
     1
 67
     0
278
    -2
288
     1
 68
     0
279
    -2
289
     1
 69
     0
  0
VISUALSTYLE
  5
2F
102
{ACAD_REACTORS
330
2A
102
}
102
{ACAD_XDICTIONARY
360
222
102
}
330
2A
100
AcDbVisualStyle
  2
2dWireframe
 70
     4
 71
     0
 72
     2
 73
     0
 90
        0
 40
0.6
 41
30.0
 62
     5
 63
     7
421
 16777215
 74
     1
 91
        4
 64
     7
 65
   257
 75
     1
175
     1
 42
1.0
 92
        0
 66
   257
 43
1.0
 76
     1
 77
     6
 78
     2
 67
     7
 79
     5
170
     0
171
     0
290
     0
174
     0
 93
        1
 44
0.0
173
     0
291
     0
 45
0.0
  0
VISUALSTYLE
  5
32
102
{ACAD_REACTORS
330
2A
102
}
102
{ACAD_XDICTIONARY
360
228
102
}
330
2A
100
AcDbVisualStyle
  2
Basic
 70
     7
 71
     1
 72
     0
 73
     1
 90
        0
 40
0.6
 41
30.0
 62
     5
 63
     7
421
 16777215
 74
     0
 91
        4
 64
     7
 65
   257
 75
     1
175
     1
 42
1.0
 92
        8
 66
     7
 43
1.0
 76
     1
 77
     6
 78
     2
 67
     7
 79
     5
170
     0
171
     0
290
     0
174
     0
 93
        1
 44
0.0
173
     0
291
     1
 45
0.0
  0
VISUALSTYLE
  5
36
102
{ACAD_REACTORS
330
2A
102
}
102
{ACAD_XDICTIONARY
360
230
102
}
330
2A
100
AcDbVisualStyle
  2
Brighten
 70
    12
 71
     2
 72
     2
 73
     0
 90
        0
 40
0.6
 41
30.0
 62
     5
 63
     7
421
 16777215
 74
     1
 91
        4
 64
     7
 65
   257
 75
     1
175
     1
 42
1.0
 92
        8
 66
     7
 43
1.0
 76
     1
 77
     6
 78
     2
 67
     7
 79
     5
170
     0
171
     0
290
     0
174
     0
 93
        1
 44
50.0
173
     0
291
     1
 45
0.0
  0
VISUALSTYLE
  5
3A
102
{ACAD_REACTORS
330
2A
102
}
102
{ACAD_XDICTIONARY
360
238
102
}
330
2A
100
AcDbVisualStyle
  2
ColorChange
 70
    16
 71
     2
 72
     2
 73
     3
 90
        0
 40
0.6
 41
30.0
 62
     5
 63
     8
421
  8421504
 74
     1
 91
        4
 64
     7
 65
   257
 75
     1
175
     1
 42
1.0
 92
        8
 66
     8
424
  8421504
 43
1.0
 76
     1
 77
     6
 78
     2
 67
     7
 79
     5
170
     0
171
     0
290
     0
174
     0
 93
        1
 44
0.0
173
     0
291
     1
 45
0.0
  0
VISUALSTYLE
  5
34
102
{ACAD_REACTORS
330
2A
102
}
102
{ACAD_XDICTIONARY
360
22C
102
}
330
2A
100
AcDbVisualStyle
  2
Conceptual
 70
     9
 71
     3
 72
     2
 73
     0
 90
        0
 40
0.6
 41
30.0
 62
     5
 63
     7
421
 16777215
 74
     2
 91
        2
 64
     7
 65
   257
 75
     1
175
     1
 42
179.0
 92
        8
 66
     7
 43
1.0
 76
     1
 77
     6
 78
     2
 67
     7
 79
     3
170
     0
171
     0
290
     0
174
     0
 93
        1
 44
0.0
173
     0
291
     0
 45
0.0
  0
VISUALSTYLE
  5
35
102
{ACAD_REACTORS
330
2A
102
}
102
{ACAD_XDICTIONARY
360
22E
102
}
330
2A
100
AcDbVisualStyle
  2
Dim
 70
    11
 71
     2
 72
     2
 73
     0
 90
        0
 40
0.6
 41
30.0
 62
     5
 63
     7
421
 16777215
 74
     1
 91
        4
 64
     7
 65
   257
 75
     1
175
     1
 42
1.0
 92
        8
 66
     7
 43
1.0
 76
     1
 77
     6
 78
     2
 67
     7
 79
     5
170
     0
171
     0
290
     0
174
     0
 93
        1
 44
-50.0
173
     0
291
     1
 45
0.0
  0
VISUALSTYLE
  5
3D
102
{ACAD_REACTORS
330
2A
102
}
102
{ACAD_XDICTIONARY
360
23E
102
}
330
2A
100
AcDbVisualStyle
  2
EdgeColorOff
 70
    22
 71
     2
 72
     2
 73
     0
 90
        0
 40
0.6
 41
30.0
 62
     5
 63
     7
421
 16777215
 74
     1
 91
        4
 64
     7
 65
   257
 75
     1
175
     1
 42
1.0
 92
        8
 66
     7
 43
1.0
 76
     1
 77
     6
 78
     2
 67
     7
 79
     5
170
     0
171
     0
290
     0
174
     0
 93
        1
 44
0.0
173
     0
291
     1
 45
0.0
  0
VISUALSTYLE
  5
39
102
{ACAD_REACTORS
330
2A
102
}
102
{ACAD_XDICTIONARY
360
236
102
}
330
2A
100
AcDbVisualStyle
  2
Facepattern
 70
    15
 71
     2
 72
     2
 73
     0
 90
        0
 40
0.6
 41
30.0
 62
     5
 63
     7
421
 16777215
 74
     1
 91
        4
 64
     7
 65
   257
 75
     1
175
     1
 42
1.0
 92
        8
 66
     7
 43
1.0
 76
     1
 77
     6
 78
     2
 67
     7
 79
     5
170
     0
171
     0
290
     0
174
     0
 93
        1
 44
0.0
173
     0
291
     1
 45
0.0
  0
VISUALSTYLE
  5
2B
102
{ACAD_REACTORS
330
2A
102
}
102
{ACAD_XDICTIONARY
360
21A
102
}
330
2A
100
AcDbVisualStyle
  2
Flat
 70
     0
 71
     2
 72
     1
 73
     1
 90
        2
 40
0.6
 41
30.0
 62
     5
 63
     7
421
 16777215
 74
     0
 91
        0
 64
     7
 65
   257
 75
     1
175
     1
 42
1.0
 92
        8
 66
     7
 43
1.0
 76
     1
 77
     6
 78
     2
 67
     7
 79
     5
170
     0
171
     0
290
     0
174
     0
 93
       13
 44
0.0
173
     0
291
     1
 45
0.0
  0
VISUALSTYLE
  5
2C
102
{ACAD_REACTORS
330
2A
102
}
102
{ACAD_XDICTIONARY
360
21C
102
}
330
2A
100
AcDbVisualStyle
  2
FlatWithEdges
 70
     1
 71
     2
 72
     1
 73
     1
 90
        2
 40
0.6
 41
30.0
 62
     5
 63
     7
421
 16777215
 74
     1
 91
        0
 64
     7
 65
   257
 75
     1
175
     1
 42
1.0
 92
        0
 66
   257
 43
1.0
 76
     1
 77
     6
 78
     2
 67
     7
 79
     5
170
     0
171
     0
290
     0
174
     0
 93
       13
 44
0.0
173
     0
291
     1
 45
0.0
  0
VISUALSTYLE
  5
2D
102
{ACAD_REACTORS
330
2A
102
}
102
{ACAD_XDICTIONARY
360
21E
102
}
330
2A
100
AcDbVisualStyle
  2
Gouraud
 70
     2
 71
     2
 72
     2
 73
     1
 90
        2
 40
0.6
 41
30.0
 62
     5
 63
     7
421
 16777215
 74
     0
 91
        0
 64
     7
 65
   257
 75
     1
175
     1
 42
1.0
 92
        0
 66
     7
 43
1.0
 76
     1
 77
     6
 78
     2
 67
     7
 79
     5
170
     0
171
     0
290
     0
174
     0
 93
       13
 44
0.0
173
     0
291
     1
 45
0.0
  0
VISUALSTYLE
  5
2E
102
{ACAD_REACTORS
330
2A
102
}
102
{ACAD_XDICTIONARY
360
220
102
}
330
2A
100
AcDbVisualStyle
  2
GouraudWithEdges
 70
     3
 71
     2
 72
     2
 73
     1
 90
        2
 40
0.6
 41
30.0
 62
     5
 63
     7
421
 16777215
 74
     1
 91
        0
 64
     7
 65
   257
 75
     1
175
     1
 42
1.0
 92
        0
 66
   257
 43
1.0
 76
     1
 77
     6
 78
     2
 67
     7
 79
     5
170
     0
171
     0
290
     0
174
     0
 93
       13
 44
0.0
173
     0
291
     1
 45
0.0
  0
VISUALSTYLE
  5
31
102
{ACAD_REACTORS
330
2A
102
}
102
{ACAD_XDICTIONARY
360
226
102
}
330
2A
100
AcDbVisualStyle
  2
Hidden
 70
     6
 71
     1
 72
     2
 73
     2
 90
        0
 40
0.6
 41
30.0
 62
     5
 63
     7
421
 16777215
 74
     2
 91
        2
 64
     7
 65
   257
 75
     2
175
     1
 42
40.0
 92
        0
 66
   257
 43
1.0
 76
     1
 77
     6
 78
     2
 67
     7
 79
     3
170
     0
171
     0
290
     0
174
     0
 93
        1
 44
0.0
173
     0
291
     0
 45
0.0
  0
VISUALSTYLE
  5
3B
102
{ACAD_REACTORS
330
2A
102
}
102
{ACAD_XDICTIONARY
360
23A
102
}
330
2A
100
AcDbVisualStyle
  2
JitterOff
 70
    20
 71
     2
 72
     2
 73
     0
 90
        0
 40
0.6
 41
30.0
 62
     5
 63
     7
421
 16777215
 74
     1
 91
        4
 64
     7
 65
   257
 75
     1
175
     1
 42
1.0
 92
       10
 66
     7
 43
1.0
 76
     1
 77
     6
 78
     2
 67
     7
 79
     5
170
     0
171
     0
290
     0
174
     0
 93
        1
 44
0.0
173
     0
291
     1
 45
0.0
  0
VISUALSTYLE
  5
38
102
{ACAD_REACTORS
330
2A
102
}
102
{ACAD_XDICTIONARY
360
234
102
}
330
2A
100
AcDbVisualStyle
  2
Linepattern
 70
    14
 71
     2
 72
     2
 73
     0
 90
        0
 40
0.6
 41
30.0
 62
     5
 63
     7
421
 16777215
 74
     1
 91
        4
 64
     7
 65
   257
 75
     7
175
     7
 42
1.0
 92
        8
 66
     7
 43
1.0
 76
     1
 77
     6
 78
     2
 67
     7
 79
     5
170
     0
171
     0
290
     0
174
     0
 93
        1
 44
0.0
173
     0
291
     1
 45
0.0
  0
VISUALSTYLE
  5
3C
102
{ACAD_REACTORS
330
2A
102
}
102
{ACAD_XDICTIONARY
360
23C
102
}
330
2A
100
AcDbVisualStyle
  2
OverhangOff
 70
    21
 71
     2
 72
     2
 73
     0
 90
        0
 40
0.6
 41
30.0
 62
     5
 63
     7
421
 16777215
 74
     1
 91
        4
 64
     7
 65
   257
 75
     1
175
     1
 42
1.0
 92
        9
 66
     7
 43
1.0
 76
     1
 77
     6
 78
     2
 67
     7
 79
     5
170
     0
171
     0
290
     0
174
     0
 93
        1
 44
0.0
173
     0
291
     1
 45
0.0
  0
VISUALSTYLE
  5
33
102
{ACAD_REACTORS
330
2A
102
}
102
{ACAD_XDICTIONARY
360
22A
102
}
330
2A
100
AcDbVisualStyle
  2
Realistic
 70
     8
 71
     2
 72
     3
 73
     0
 90
        2
 40
0.6
 41
30.0
 62
     5
 63
     7
421
 16777215
 74
     0
 91
        0
 64
     7
 65
   257
 75
     1
175
     1
 42
1.0
 92
        8
 66
   257
 43
1.0
 76
     1
 77
     6
 78
     2
 67
     7
 79
     3
170
     0
171
     0
290
     0
174
     0
 93
       13
 44
0.0
173
     0
291
     0
 45
0.0
  0
VISUALSTYLE
  5
42
102
{ACAD_REACTORS
330
2A
102
}
102
{ACAD_XDICTIONARY
360
248
102
}
330
2A
100
AcDbVisualStyle
  2
Shaded
 70
    27
 71
     2
 72
     2
 73
     1
 90
        2
 40
0.6
 41
30.0
 62
     5
 63
     7
421
 16777215
 74
     0
 91
        4
 64
     7
 65
   257
 75
     1
175
     1
 42
1.0
 92
        8
 66
   257
 43
1.0
 76
     1
 77
     6
 78
     2
 67
     8
425
  7895160
 79
     3
170
     0
171
     0
290
     0
174
     0
 93
        5
 44
0.0
173
     0
291
     0
 45
0.0
  0
VISUALSTYLE
  5
41
102
{ACAD_REACTORS
330
2A
102
}
102
{ACAD_XDICTIONARY
360
246
102
}
330
2A
100
AcDbVisualStyle
  2
Shaded with edges
 70
    26
 71
     2
 72
     2
 73
     1
 90
        2
 40
0.6
 41
30.0
 62
     5
 63
     7
421
 16777215
 74
     1
 91
       10
 64
     7
 65
   257
 75
     2
175
     1
 42
1.0
 92
        8
 66
   257
 43
1.0
 76
     1
 77
     6
 78
     2
 67
     7
 79
     3
170
     0
171
     0
290
     0
174
     0
 93
        5
 44
0.0
173
     0
291
     0
 45
0.0
  0
VISUALSTYLE
  5
3E
102
{ACAD_REACTORS
330
2A
102
}
102
{ACAD_XDICTIONARY
360
240
102
}
330
2A
100
AcDbVisualStyle
  2
Shades of Gray
 70
    23
 71
     2
 72
     2
 73
     3
 90
        0
 40
0.6
 41
30.0
 62
     5
 63
     7
421
 16777215
 74
     2
 91
        2
 64
     7
 65
     7
 75
     1
175
     1
 42
40.0
 92
        8
 66
     7
 43
1.0
 76
     1
 77
     6
 78
     2
 67
     7
 79
     3
170
     0
171
     0
290
     0
174
     0
 93
        1
 44
0.0
173
     0
291
     0
 45
0.0
  0
VISUALSTYLE
  5
3F
102
{ACAD_REACTORS
330
2A
102
}
102
{ACAD_XDICTIONARY
360
242
102
}
330
2A
100
AcDbVisualStyle
  2
Sketchy
 70
    24
 71
     1
 72
     2
 73
     2
 90
        0
 40
0.6
 41
30.0
 62
     5
 63
     7
421
 16777215
 74
     2
 91
        2
 64
     7
 65
     7
 75
     1
175
     1
 42
40.0
 92
       11
 66
     7
 43
1.0
 76
     1
 77
     6
 78
     2
 67
     7
 79
     6
170
     0
171
     0
290
     0
174
     0
 93
        1
 44
0.0
173
     0
291
     0
 45
0.0
  0
VISUALSTYLE
  5
37
102
{ACAD_REACTORS
330
2A
102
}
102
{ACAD_XDICTIONARY
360
232
102
}
330
2A
100
AcDbVisualStyle
  2
Thicken
 70
    13
 71
     2
 72
     2
 73
     0
 90
        0
 40
0.6
 41
30.0
 62
     5
 63
     7
421
 16777215
 74
     1
 91
        4
 64
     7
 65
   257
 75
     1
175
     1
 42
1.0
 92
       12
 66
     7
 43
1.0
 76
     1
 77
     6
 78
     2
 67
     7
 79
     5
170
     0
171
     0
290
     0
174
     0
 93
        1
 44
0.0
173
     0
291
     1
 45
0.0
  0
VISUALSTYLE
  5
30
102
{ACAD_REACTORS
330
2A
102
}
102
{ACAD_XDICTIONARY
360
224
102
}
330
2A
100
AcDbVisualStyle
  2
Wireframe
 70
     5
 71
     0
 72
     2
 73
     0
 90
        0
 40
0.6
 41
30.0
 62
     5
 63
     7
421
 16777215
 74
     1
 91
        4
 64
     7
 65
   257
 75
     1
175
     1
 42
1.0
 92
        0
 66
   257
 43
1.0
 76
     1
 77
     6
 78
     2
 67
     7
 79
     3
170
     0
171
     0
290
     0
174
     0
 93
        1
 44
0.0
173
     0
291
     0
 45
0.0
  0
VISUALSTYLE
  5
40
102
{ACAD_REACTORS
330
2A
102
}
102
{ACAD_XDICTIONARY
360
244
102
}
330
2A
100
AcDbVisualStyle
  2
X-Ray
 70
    25
 71
     2
 72
     2
 73
     1
 90
        1
 40
0.5
 41
30.0
 62
     5
 63
     7
421
 16777215
 74
     1
 91
        0
 64
     7
 65
   257
 75
     1
175
     1
 42
1.0
 92
        8
 66
     7
 43
1.0
 76
     1
 77
     6
 78
     2
 67
     7
 79
     3
170
     0
171
     0
290
     0
174
     0
 93
       13
 44
0.0
173
     0
291
     0
 45
0.0
  0
DICTIONARYVAR
  5
218
102
{ACAD_REACTORS
330
217
102
}
330
217
100
DictionaryVariables
280
     0
  1
1:1
  0
DICTIONARYVAR
  5
251
102
{ACAD_REACTORS
330
217
102
}
330
217
100
DictionaryVariables
280
     0
  1
Standard
  0
DICTIONARYVAR
  5
250
102
{ACAD_REACTORS
330
217
102
}
330
217
100
DictionaryVariables
280
     0
  1
Standard
  0
DICTIONARYVAR
  5
219
102
{ACAD_REACTORS
330
217
102
}
330
217
100
DictionaryVariables
280
     0
  1
2
  0
DICTIONARY
  5
24D
330
5C
100
AcDbDictionary
280
     1
281
     1
  3
ACAD_XREC_ROUNDTRIP
360
24E
  0
DICTIONARY
  5
24A
330
5A
100
AcDbDictionary
280
     1
281
     1
  3
ACAD_ROUNDTRIP_2008_TABLESTYLE_CELLSTYLEMAP
360
24B
  0
DICTIONARY
  5
222
330
2F
100
AcDbDictionary
280
     1
281
     1
  3
ACAD_XREC_ROUNDTRIP
360
223
  0
DICTIONARY
  5
228
330
32
100
AcDbDictionary
280
     1
281
     1
  3
ACAD_XREC_ROUNDTRIP
360
229
  0
DICTIONARY
  5
230
330
36
100
AcDbDictionary
280
     1
281
     1
  3
ACAD_XREC_ROUNDTRIP
360
231
  0
DICTIONARY
  5
238
330
3A
100
AcDbDictionary
280
     1
281
     1
  3
ACAD_XREC_ROUNDTRIP
360
239
  0
DICTIONARY
  5
22C
330
34
100
AcDbDictionary
280
     1
281
     1
  3
ACAD_XREC_ROUNDTRIP
360
22D
  0
DICTIONARY
  5
22E
330
35
100
AcDbDictionary
280
     1
281
     1
  3
ACAD_XREC_ROUNDTRIP
360
22F
  0
DICTIONARY
  5
23E
330
3D
100
AcDbDictionary
280
     1
281
     1
  3
ACAD_XREC_ROUNDTRIP
360
23F
  0
DICTIONARY
  5
236
330
39
100
AcDbDictionary
280
     1
281
     1
  3
ACAD_XREC_ROUNDTRIP
360
237
  0
DICTIONARY
  5
21A
330
2B
100
AcDbDictionary
280
     1
281
     1
  3
ACAD_XREC_ROUNDTRIP
360
21B
  0
DICTIONARY
  5
21C
330
2C
100
AcDbDictionary
280
     1
281
     1
  3
ACAD_XREC_ROUNDTRIP
360
21D
  0
DICTIONARY
  5
21E
330
2D
100
AcDbDictionary
280
     1
281
     1
  3
ACAD_XREC_ROUNDTRIP
360
21F
  0
DICTIONARY
  5
220
330
2E
100
AcDbDictionary
280
     1
281
     1
  3
ACAD_XREC_ROUNDTRIP
360
221
  0
DICTIONARY
  5
226
330
31
100
AcDbDictionary
280
     1
281
     1
  3
ACAD_XREC_ROUNDTRIP
360
227
  0
DICTIONARY
  5
23A
330
3B
100
AcDbDictionary
280
     1
281
     1
  3
ACAD_XREC_ROUNDTRIP
360
23B
  0
DICTIONARY
  5
234
330
38
100
AcDbDictionary
280
     1
281
     1
  3
ACAD_XREC_ROUNDTRIP
360
235
  0
DICTIONARY
  5
23C
330
3C
100
AcDbDictionary
280
     1
281
     1
  3
ACAD_XREC_ROUNDTRIP
360
23D
  0
DICTIONARY
  5
22A
330
33
100
AcDbDictionary
280
     1
281
     1
  3
ACAD_XREC_ROUNDTRIP
360
22B
  0
DICTIONARY
  5
248
330
42
100
AcDbDictionary
280
     1
281
     1
  3
ACAD_XREC_ROUNDTRIP
360
249
  0
DICTIONARY
  5
246
330
41
100
AcDbDictionary
280
     1
281
     1
  3
ACAD_XREC_ROUNDTRIP
360
247
  0
DICTIONARY
  5
240
330
3E
100
AcDbDictionary
280
     1
281
     1
  3
ACAD_XREC_ROUNDTRIP
360
241
  0
DICTIONARY
  5
242
330
3F
100
AcDbDictionary
280
     1
281
     1
  3
ACAD_XREC_ROUNDTRIP
360
243
  0
DICTIONARY
  5
232
330
37
100
AcDbDictionary
280
     1
281
     1
  3
ACAD_XREC_ROUNDTRIP
360
233
  0
DICTIONARY
  5
224
330
30
100
AcDbDictionary
280
     1
281
     1
  3
ACAD_XREC_ROUNDTRIP
360
225
  0
DICTIONARY
  5
244
330
40
100
AcDbDictionary
280
     1
281
     1
  3
ACAD_XREC_ROUNDTRIP
360
245
  0
XRECORD
  5
24E
102
{ACAD_REACTORS
330
24D
102
}
330
24D
100
AcDbXrecord
280
     1
102
ACAD_ROUNDTRIP_2010_MLEADER_STYLE
  0
CELLSTYLEMAP
  5
24B
102
{ACAD_REACTORS
330
24A
102
}
330
24A
100
AcDbCellStyleMap
 90
        3
300
CELLSTYLE
  1
TABLEFORMAT_BEGIN
 90
        5
170
     1
 91
        0
 92
    32768
 62
   257
 93
        1
300
CONTENTFORMAT
  1
CONTENTFORMAT_BEGIN
 90
        0
 91
        0
 92
        4
 93
        0
300

 40
0.0
140
1.0
 94
        5
 62
     0
340
11
144
0.25
309
CONTENTFORMAT_END
171
     1
301
MARGIN
  1
CELLMARGIN_BEGIN
 40
0.06
 40
0.06
 40
0.06
 40
0.06
 40
0.06
 40
0.06
309
CELLMARGIN_END
 94
        6
 95
        1
302
GRIDFORMAT
  1
GRIDFORMAT_BEGIN
 90
        0
 91
        1
 62
     0
 92
       -2
340
14
 93
        0
 40
0.045
309
GRIDFORMAT_END
 95
        2
302
GRIDFORMAT
  1
GRIDFORMAT_BEGIN
 90
        0
 91
        1
 62
     0
 92
       -2
340
14
 93
        0
 40
0.045
309
GRIDFORMAT_END
 95
        4
302
GRIDFORMAT
  1
GRIDFORMAT_BEGIN
 90
        0
 91
        1
 62
     0
 92
       -2
340
14
 93
        0
 40
0.045
309
GRIDFORMAT_END
 95
        8
302
GRIDFORMAT
  1
GRIDFORMAT_BEGIN
 90
        0
 91
        1
 62
     0
 92
       -2
340
14
 93
        0
 40
0.045
309
GRIDFORMAT_END
 95
       16
302
GRIDFORMAT
  1
GRIDFORMAT_BEGIN
 90
        0
 91
        1
 62
     0
 92
       -2
340
14
 93
        0
 40
0.045
309
GRIDFORMAT_END
 95
       32
302
GRIDFORMAT
  1
GRIDFORMAT_BEGIN
 90
        0
 91
        1
 62
     0
 92
       -2
340
14
 93
        0
 40
0.045
309
GRIDFORMAT_END
309
TABLEFORMAT_END
  1
CELLSTYLE_BEGIN
 90
        1
 91
        1
300
_TITLE
309
CELLSTYLE_END
300
CELLSTYLE
  1
TABLEFORMAT_BEGIN
 90
        5
170
     1
 91
        0
 92
        0
 62
   257
 93
        1
300
CONTENTFORMAT
  1
CONTENTFORMAT_BEGIN
 90
        0
 91
        0
 92
        4
 93
        0
300

 40
0.0
140
1.0
 94
        5
 62
     0
340
11
144
0.18
309
CONTENTFORMAT_END
171
     1
301
MARGIN
  1
CELLMARGIN_BEGIN
 40
0.06
 40
0.06
 40
0.06
 40
0.06
 40
0.06
 40
0.06
309
CELLMARGIN_END
 94
        6
 95
        1
302
GRIDFORMAT
  1
GRIDFORMAT_BEGIN
 90
        0
 91
        1
 62
     0
 92
       -2
340
14
 93
        0
 40
0.045
309
GRIDFORMAT_END
 95
        2
302
GRIDFORMAT
  1
GRIDFORMAT_BEGIN
 90
        0
 91
        1
 62
     0
 92
       -2
340
14
 93
        0
 40
0.045
309
GRIDFORMAT_END
 95
        4
302
GRIDFORMAT
  1
GRIDFORMAT_BEGIN
 90
        0
 91
        1
 62
     0
 92
       -2
340
14
 93
        0
 40
0.045
309
GRIDFORMAT_END
 95
        8
302
GRIDFORMAT
  1
GRIDFORMAT_BEGIN
 90
        0
 91
        1
 62
     0
 92
       -2
340
14
 93
        0
 40
0.045
309
GRIDFORMAT_END
 95
       16
302
GRIDFORMAT
  1
GRIDFORMAT_BEGIN
 90
        0
 91
        1
 62
     0
 92
       -2
340
14
 93
        0
 40
0.045
309
GRIDFORMAT_END
 95
       32
302
GRIDFORMAT
  1
GRIDFORMAT_BEGIN
 90
        0
 91
        1
 62
     0
 92
       -2
340
14
 93
        0
 40
0.045
309
GRIDFORMAT_END
309
TABLEFORMAT_END
  1
CELLSTYLE_BEGIN
 90
        2
 91
        1
300
_HEADER
309
CELLSTYLE_END
300
CELLSTYLE
  1
TABLEFORMAT_BEGIN
 90
        5
170
     1
 91
        0
 92
        0
 62
   257
 93
        1
300
CONTENTFORMAT
  1
CONTENTFORMAT_BEGIN
 90
        0
 91
        0
 92
        4
 93
        0
300

 40
0.0
140
1.0
 94
        2
 62
     0
340
11
144
0.18
309
CONTENTFORMAT_END
171
     1
301
MARGIN
  1
CELLMARGIN_BEGIN
 40
0.06
 40
0.06
 40
0.06
 40
0.06
 40
0.06
 40
0.06
309
CELLMARGIN_END
 94
        6
 95
        1
302
GRIDFORMAT
  1
GRIDFORMAT_BEGIN
 90
        0
 91
        1
 62
     0
 92
       -2
340
14
 93
        0
 40
0.045
309
GRIDFORMAT_END
 95
        2
302
GRIDFORMAT
  1
GRIDFORMAT_BEGIN
 90
        0
 91
        1
 62
     0
 92
       -2
340
14
 93
        0
 40
0.045
309
GRIDFORMAT_END
 95
        4
302
GRIDFORMAT
  1
GRIDFORMAT_BEGIN
 90
        0
 91
        1
 62
     0
 92
       -2
340
14
 93
        0
 40
0.045
309
GRIDFORMAT_END
 95
        8
302
GRIDFORMAT
  1
GRIDFORMAT_BEGIN
 90
        0
 91
        1
 62
     0
 92
       -2
340
14
 93
        0
 40
0.045
309
GRIDFORMAT_END
 95
       16
302
GRIDFORMAT
  1
GRIDFORMAT_BEGIN
 90
        0
 91
        1
 62
     0
 92
       -2
340
14
 93
        0
 40
0.045
309
GRIDFORMAT_END
 95
       32
302
GRIDFORMAT
  1
GRIDFORMAT_BEGIN
 90
        0
 91
        1
 62
     0
 92
       -2
340
14
 93
        0
 40
0.045
309
GRIDFORMAT_END
309
TABLEFORMAT_END
  1
CELLSTYLE_BEGIN
 90
        3
 91
        2
300
_DATA
309
CELLSTYLE_END
  0
XRECORD
  5
223
102
{ACAD_REACTORS
330
222
102
}
330
222
100
AcDbXrecord
280
     1
102
RTVSPropertyOp0
 70
     1
102
RTVSPropertyOp1
 70
     1
102
RTVSPropertyOp2
 70
     1
102
RTVSPropertyOp3
 70
     1
102
RTVSPropertyOp4
 70
     1
102
RTVSPropertyOp5
 70
     1
102
RTVSPropertyOp6
 70
     1
102
RTVSPropertyOp7
 70
     1
102
RTVSPropertyOp8
 70
     1
102
RTVSPropertyOp9
 70
     1
102
RTVSPropertyOp10
 70
     1
102
RTVSPropertyOp11
 70
     1
102
RTVSPropertyOp12
 70
     1
102
RTVSPropertyOp13
 70
     1
102
RTVSPropertyOp14
 70
     1
102
RTVSPropertyOp15
 70
     1
102
RTVSPropertyOp16
 70
     1
102
RTVSPropertyOp17
 70
     1
102
RTVSPropertyOp18
 70
     1
102
RTVSPropertyOp19
 70
     1
102
RTVSPropertyOp20
 70
     1
102
RTVSPropertyOp21
 70
     1
102
RTVSPropertyOp22
 70
     1
102
RTVSPropertyOp23
 70
     1
102
RTVSPropertyOp24
 70
     1
102
RTVSPropertyOp25
 70
     1
102
RTVSPropertyOp26
 70
     1
102
RTVSPropertyOp27
 70
     1
102
RTVSPropertyOp28
 70
     1
102
RTVSPropertyOp29
 70
     1
102
RTVSPropertyOp30
 70
     1
102
RTVSPropertyOp31
 70
     1
102
RTVSPropertyOp32
 70
     1
102
RTVSPropertyOp33
 70
     1
102
RTVSPropertyOp34
 70
     1
102
RTVSPropertyOp35
 70
     1
102
RTVSPropertyOp36
 70
     1
102
RTVSPropertyOp37
 70
     1
102
RTVSPropertyOp38
 70
     1
102
RTVSPropertyOp39
 70
     1
102
RTVSPropertyOp40
 70
     1
102
RTVSPropertyOp41
 70
     1
102
RTVSPropertyOp42
 70
     1
102
RTVSPropertyOp43
 70
     1
102
RTVSPropertyOp44
 70
     1
102
RTVSPropertyOp45
 70
     1
102
RTVSPropertyOp46
 70
     1
102
RTVSPropertyOp47
 70
     1
102
RTVSPropertyOp48
 70
     1
102
RTVSPropertyOp49
 70
     1
102
RTVSPropertyOp50
 70
     1
102
RTVSPropertyOp51
 70
     0
102
RTVSPropertyOp52
 70
     0
102
RTVSPropertyOp53
 70
     1
102
RTVSPropertyOp54
 70
     1
102
RTVSPropertyOp55
 70
     1
102
RTVSPropertyOp56
 70
     1
102
RTVSPropertyOp57
 70
     1
102
RTVSPost2010Prop28
280
     1
102
RTVSPost2010PropOp28
 70
     1
102
RTVSPost2010Prop29
280
     1
102
RTVSPost2010PropOp29
 70
     1
102
RTVSPost2010Prop30
280
     0
102
RTVSPost2010PropOp30
 70
     1
102
RTVSPost2010Prop31
280
     0
102
RTVSPost2010PropOp31
 70
     1
102
RTVSPost2010Prop32
280
     0
102
RTVSPost2010PropOp32
 70
     1
102
RTVSPost2010Prop33
280
     0
102
RTVSPost2010PropOp33
 70
     1
102
RTVSPost2010Prop34
280
     0
102
RTVSPost2010PropOp34
 70
     1
102
RTVSPost2010Prop35
280
     0
102
RTVSPost2010PropOp35
 70
     1
102
RTVSPost2010Prop36
280
     0
102
RTVSPost2010PropOp36
 70
     1
102
RTVSPost2010Prop37
 90
       50
102
RTVSPost2010PropOp37
 70
     1
102
RTVSPost2010Prop38
140
0.0
102
RTVSPost2010PropOp38
 70
     1
102
RTVSPost2010Prop39
140
1.0
102
RTVSPost2010PropOp39
 70
     1
102
RTVSPost2010Prop40
 90
        0
102
RTVSPost2010PropOp40
 70
     1
102
RTVSPost2010Prop41ColorIndex
 90
       18
102
RTVSPost2010Prop41ColorRGB
 90
        0
102
RTVSPost2010PropOp41
 70
     1
102
RTVSPost2010Prop42
 90
       50
102
RTVSPost2010PropOp42
 70
     1
102
RTVSPost2010Prop43
 90
        3
102
RTVSPost2010PropOp43
 70
     1
102
RTVSPost2010Prop44ColorIndex
 90
        5
102
RTVSPost2010Prop44ColorRGB
 90
      255
102
RTVSPost2010PropOp44
 70
     1
102
RTVSPost2010Prop45
280
     0
102
RTVSPost2010PropOp45
 70
     1
102
RTVSPost2010Prop46
 90
       50
102
RTVSPost2010PropOp46
 70
     1
102
RTVSPost2010Prop47
 90
       50
102
RTVSPost2010PropOp47
 70
     1
102
RTVSPost2010Prop48
 90
       50
102
RTVSPost2010PropOp48
 70
     1
102
RTVSPost2010Prop49
280
     0
102
RTVSPost2010PropOp49
 70
     1
102
RTVSPost2010Prop50
 90
       50
102
RTVSPost2010PropOp50
 70
     1
102
RTVSPost2010Prop51ColorIndex
 90
      256
102
RTVSPost2010Prop51ColorRGB
 90
-16777216
102
RTVSPost2010PropOp51
 70
     0
102
RTVSPost2010Prop52
140
1.0
102
RTVSPost2010PropOp52
 70
     0
102
RTVSPost2010Prop53
 90
        2
102
RTVSPost2010PropOp53
 70
     1
102
RTVSPost2010Prop54
  1
strokes_ogs.tif
102
RTVSPost2010PropOp54
 70
     1
102
RTVSPost2010Prop55
280
     0
102
RTVSPost2010PropOp55
 70
     1
102
RTVSPost2010Prop56
140
1.0
102
RTVSPost2010PropOp56
 70
     1
102
RTVSPost2010Prop57
140
1.0
102
RTVSPost2010PropOp57
 70
     1
  0
XRECORD
  5
229
102
{ACAD_REACTORS
330
228
102
}
330
228
100
AcDbXrecord
280
     1
102
RTVSPropertyOp0
 70
     1
102
RTVSPropertyOp1
 70
     1
102
RTVSPropertyOp2
 70
     1
102
RTVSPropertyOp3
 70
     1
102
RTVSPropertyOp4
 70
     1
102
RTVSPropertyOp5
 70
     1
102
RTVSPropertyOp6
 70
     1
102
RTVSPropertyOp7
 70
     1
102
RTVSPropertyOp8
 70
     1
102
RTVSPropertyOp9
 70
     1
102
RTVSPropertyOp10
 70
     1
102
RTVSPropertyOp11
 70
     1
102
RTVSPropertyOp12
 70
     1
102
RTVSPropertyOp13
 70
     1
102
RTVSPropertyOp14
 70
     1
102
RTVSPropertyOp15
 70
     1
102
RTVSPropertyOp16
 70
     1
102
RTVSPropertyOp17
 70
     1
102
RTVSPropertyOp18
 70
     1
102
RTVSPropertyOp19
 70
     1
102
RTVSPropertyOp20
 70
     1
102
RTVSPropertyOp21
 70
     1
102
RTVSPropertyOp22
 70
     1
102
RTVSPropertyOp23
 70
     1
102
RTVSPropertyOp24
 70
     1
102
RTVSPropertyOp25
 70
     1
102
RTVSPropertyOp26
 70
     1
102
RTVSPropertyOp27
 70
     1
102
RTVSPropertyOp28
 70
     1
102
RTVSPropertyOp29
 70
     1
102
RTVSPropertyOp30
 70
     1
102
RTVSPropertyOp31
 70
     1
102
RTVSPropertyOp32
 70
     1
102
RTVSPropertyOp33
 70
     1
102
RTVSPropertyOp34
 70
     1
102
RTVSPropertyOp35
 70
     1
102
RTVSPropertyOp36
 70
     1
102
RTVSPropertyOp37
 70
     1
102
RTVSPropertyOp38
 70
     1
102
RTVSPropertyOp39
 70
     1
102
RTVSPropertyOp40
 70
     1
102
RTVSPropertyOp41
 70
     1
102
RTVSPropertyOp42
 70
     1
102
RTVSPropertyOp43
 70
     1
102
RTVSPropertyOp44
 70
     1
102
RTVSPropertyOp45
 70
     1
102
RTVSPropertyOp46
 70
     1
102
RTVSPropertyOp47
 70
     1
102
RTVSPropertyOp48
 70
     1
102
RTVSPropertyOp49
 70
     1
102
RTVSPropertyOp50
 70
     1
102
RTVSPropertyOp51
 70
     0
102
RTVSPropertyOp52
 70
     0
102
RTVSPropertyOp53
 70
     1
102
RTVSPropertyOp54
 70
     1
102
RTVSPropertyOp55
 70
     1
102
RTVSPropertyOp56
 70
     1
102
RTVSPropertyOp57
 70
     1
102
RTVSPost2010Prop28
280
     0
102
RTVSPost2010PropOp28
 70
     1
102
RTVSPost2010Prop29
280
     1
102
RTVSPost2010PropOp29
 70
     1
102
RTVSPost2010Prop30
280
     1
102
RTVSPost2010PropOp30
 70
     1
102
RTVSPost2010Prop31
280
     0
102
RTVSPost2010PropOp31
 70
     1
102
RTVSPost2010Prop32
280
     0
102
RTVSPost2010PropOp32
 70
     1
102
RTVSPost2010Prop33
280
     0
102
RTVSPost2010PropOp33
 70
     1
102
RTVSPost2010Prop34
280
     0
102
RTVSPost2010PropOp34
 70
     1
102
RTVSPost2010Prop35
280
     0
102
RTVSPost2010PropOp35
 70
     1
102
RTVSPost2010Prop36
280
     0
102
RTVSPost2010PropOp36
 70
     1
102
RTVSPost2010Prop37
 90
       50
102
RTVSPost2010PropOp37
 70
     1
102
RTVSPost2010Prop38
140
0.0
102
RTVSPost2010PropOp38
 70
     1
102
RTVSPost2010Prop39
140
1.0
102
RTVSPost2010PropOp39
 70
     1
102
RTVSPost2010Prop40
 90
        0
102
RTVSPost2010PropOp40
 70
     1
102
RTVSPost2010Prop41ColorIndex
 90
       18
102
RTVSPost2010Prop41ColorRGB
 90
        0
102
RTVSPost2010PropOp41
 70
     1
102
RTVSPost2010Prop42
 90
       50
102
RTVSPost2010PropOp42
 70
     1
102
RTVSPost2010Prop43
 90
        3
102
RTVSPost2010PropOp43
 70
     1
102
RTVSPost2010Prop44ColorIndex
 90
        5
102
RTVSPost2010Prop44ColorRGB
 90
      255
102
RTVSPost2010PropOp44
 70
     1
102
RTVSPost2010Prop45
280
     0
102
RTVSPost2010PropOp45
 70
     1
102
RTVSPost2010Prop46
 90
       50
102
RTVSPost2010PropOp46
 70
     1
102
RTVSPost2010Prop47
 90
       50
102
RTVSPost2010PropOp47
 70
     1
102
RTVSPost2010Prop48
 90
       50
102
RTVSPost2010PropOp48
 70
     1
102
RTVSPost2010Prop49
280
     0
102
RTVSPost2010PropOp49
 70
     1
102
RTVSPost2010Prop50
 90
       50
102
RTVSPost2010PropOp50
 70
     1
102
RTVSPost2010Prop51ColorIndex
 90
      256
102
RTVSPost2010Prop51ColorRGB
 90
-16777216
102
RTVSPost2010PropOp51
 70
     0
102
RTVSPost2010Prop52
140
1.0
102
RTVSPost2010PropOp52
 70
     0
102
RTVSPost2010Prop53
 90
        2
102
RTVSPost2010PropOp53
 70
     1
102
RTVSPost2010Prop54
  1
strokes_ogs.tif
102
RTVSPost2010PropOp54
 70
     1
102
RTVSPost2010Prop55
280
     0
102
RTVSPost2010PropOp55
 70
     1
102
RTVSPost2010Prop56
140
1.0
102
RTVSPost2010PropOp56
 70
     1
102
RTVSPost2010Prop57
140
1.0
102
RTVSPost2010PropOp57
 70
     1
  0
XRECORD
  5
231
102
{ACAD_REACTORS
330
230
102
}
330
230
100
AcDbXrecord
280
     1
102
RTVSPropertyOp0
 70
     1
102
RTVSPropertyOp1
 70
     1
102
RTVSPropertyOp2
 70
     1
102
RTVSPropertyOp3
 70
     1
102
RTVSPropertyOp4
 70
     1
102
RTVSPropertyOp5
 70
     1
102
RTVSPropertyOp6
 70
     1
102
RTVSPropertyOp7
 70
     1
102
RTVSPropertyOp8
 70
     1
102
RTVSPropertyOp9
 70
     1
102
RTVSPropertyOp10
 70
     1
102
RTVSPropertyOp11
 70
     1
102
RTVSPropertyOp12
 70
     1
102
RTVSPropertyOp13
 70
     1
102
RTVSPropertyOp14
 70
     1
102
RTVSPropertyOp15
 70
     1
102
RTVSPropertyOp16
 70
     1
102
RTVSPropertyOp17
 70
     1
102
RTVSPropertyOp18
 70
     1
102
RTVSPropertyOp19
 70
     1
102
RTVSPropertyOp20
 70
     1
102
RTVSPropertyOp21
 70
     1
102
RTVSPropertyOp22
 70
     1
102
RTVSPropertyOp23
 70
     1
102
RTVSPropertyOp24
 70
     1
102
RTVSPropertyOp25
 70
     1
102
RTVSPropertyOp26
 70
     1
102
RTVSPropertyOp27
 70
     1
102
RTVSPropertyOp28
 70
     1
102
RTVSPropertyOp29
 70
     1
102
RTVSPropertyOp30
 70
     1
102
RTVSPropertyOp31
 70
     1
102
RTVSPropertyOp32
 70
     1
102
RTVSPropertyOp33
 70
     1
102
RTVSPropertyOp34
 70
     1
102
RTVSPropertyOp35
 70
     1
102
RTVSPropertyOp36
 70
     1
102
RTVSPropertyOp37
 70
     1
102
RTVSPropertyOp38
 70
     1
102
RTVSPropertyOp39
 70
     1
102
RTVSPropertyOp40
 70
     1
102
RTVSPropertyOp41
 70
     1
102
RTVSPropertyOp42
 70
     1
102
RTVSPropertyOp43
 70
     1
102
RTVSPropertyOp44
 70
     1
102
RTVSPropertyOp45
 70
     1
102
RTVSPropertyOp46
 70
     1
102
RTVSPropertyOp47
 70
     1
102
RTVSPropertyOp48
 70
     1
102
RTVSPropertyOp49
 70
     1
102
RTVSPropertyOp50
 70
     1
102
RTVSPropertyOp51
 70
     0
102
RTVSPropertyOp52
 70
     0
102
RTVSPropertyOp53
 70
     1
102
RTVSPropertyOp54
 70
     1
102
RTVSPropertyOp55
 70
     1
102
RTVSPropertyOp56
 70
     1
102
RTVSPropertyOp57
 70
     1
102
RTVSPost2010Prop28
280
     0
102
RTVSPost2010PropOp28
 70
     1
102
RTVSPost2010Prop29
280
     1
102
RTVSPost2010PropOp29
 70
     1
102
RTVSPost2010Prop30
280
     1
102
RTVSPost2010PropOp30
 70
     1
102
RTVSPost2010Prop31
280
     0
102
RTVSPost2010PropOp31
 70
     1
102
RTVSPost2010Prop32
280
     0
102
RTVSPost2010PropOp32
 70
     1
102
RTVSPost2010Prop33
280
     0
102
RTVSPost2010PropOp33
 70
     1
102
RTVSPost2010Prop34
280
     0
102
RTVSPost2010PropOp34
 70
     1
102
RTVSPost2010Prop35
280
     0
102
RTVSPost2010PropOp35
 70
     1
102
RTVSPost2010Prop36
280
     0
102
RTVSPost2010PropOp36
 70
     1
102
RTVSPost2010Prop37
 90
       50
102
RTVSPost2010PropOp37
 70
     1
102
RTVSPost2010Prop38
140
0.0
102
RTVSPost2010PropOp38
 70
     1
102
RTVSPost2010Prop39
140
1.0
102
RTVSPost2010PropOp39
 70
     1
102
RTVSPost2010Prop40
 90
        0
102
RTVSPost2010PropOp40
 70
     1
102
RTVSPost2010Prop41ColorIndex
 90
       18
102
RTVSPost2010Prop41ColorRGB
 90
        0
102
RTVSPost2010PropOp41
 70
     1
102
RTVSPost2010Prop42
 90
       50
102
RTVSPost2010PropOp42
 70
     1
102
RTVSPost2010Prop43
 90
        3
102
RTVSPost2010PropOp43
 70
     1
102
RTVSPost2010Prop44ColorIndex
 90
        5
102
RTVSPost2010Prop44ColorRGB
 90
      255
102
RTVSPost2010PropOp44
 70
     1
102
RTVSPost2010Prop45
280
     0
102
RTVSPost2010PropOp45
 70
     1
102
RTVSPost2010Prop46
 90
       50
102
RTVSPost2010PropOp46
 70
     1
102
RTVSPost2010Prop47
 90
       50
102
RTVSPost2010PropOp47
 70
     1
102
RTVSPost2010Prop48
 90
       50
102
RTVSPost2010PropOp48
 70
     1
102
RTVSPost2010Prop49
280
     0
102
RTVSPost2010PropOp49
 70
     1
102
RTVSPost2010Prop50
 90
       50
102
RTVSPost2010PropOp50
 70
     1
102
RTVSPost2010Prop51ColorIndex
 90
      256
102
RTVSPost2010Prop51ColorRGB
 90
-16777216
102
RTVSPost2010PropOp51
 70
     0
102
RTVSPost2010Prop52
140
1.0
102
RTVSPost2010PropOp52
 70
     0
102
RTVSPost2010Prop53
 90
        2
102
RTVSPost2010PropOp53
 70
     1
102
RTVSPost2010Prop54
  1
strokes_ogs.tif
102
RTVSPost2010PropOp54
 70
     1
102
RTVSPost2010Prop55
280
     0
102
RTVSPost2010PropOp55
 70
     1
102
RTVSPost2010Prop56
140
1.0
102
RTVSPost2010PropOp56
 70
     1
102
RTVSPost2010Prop57
140
1.0
102
RTVSPost2010PropOp57
 70
     1
  0
XRECORD
  5
239
102
{ACAD_REACTORS
330
238
102
}
330
238
100
AcDbXrecord
280
     1
102
RTVSPropertyOp0
 70
     1
102
RTVSPropertyOp1
 70
     1
102
RTVSPropertyOp2
 70
     1
102
RTVSPropertyOp3
 70
     1
102
RTVSPropertyOp4
 70
     1
102
RTVSPropertyOp5
 70
     1
102
RTVSPropertyOp6
 70
     1
102
RTVSPropertyOp7
 70
     1
102
RTVSPropertyOp8
 70
     1
102
RTVSPropertyOp9
 70
     1
102
RTVSPropertyOp10
 70
     1
102
RTVSPropertyOp11
 70
     1
102
RTVSPropertyOp12
 70
     1
102
RTVSPropertyOp13
 70
     1
102
RTVSPropertyOp14
 70
     1
102
RTVSPropertyOp15
 70
     1
102
RTVSPropertyOp16
 70
     1
102
RTVSPropertyOp17
 70
     1
102
RTVSPropertyOp18
 70
     1
102
RTVSPropertyOp19
 70
     1
102
RTVSPropertyOp20
 70
     1
102
RTVSPropertyOp21
 70
     1
102
RTVSPropertyOp22
 70
     1
102
RTVSPropertyOp23
 70
     1
102
RTVSPropertyOp24
 70
     1
102
RTVSPropertyOp25
 70
     1
102
RTVSPropertyOp26
 70
     1
102
RTVSPropertyOp27
 70
     1
102
RTVSPropertyOp28
 70
     1
102
RTVSPropertyOp29
 70
     1
102
RTVSPropertyOp30
 70
     1
102
RTVSPropertyOp31
 70
     1
102
RTVSPropertyOp32
 70
     1
102
RTVSPropertyOp33
 70
     1
102
RTVSPropertyOp34
 70
     1
102
RTVSPropertyOp35
 70
     1
102
RTVSPropertyOp36
 70
     1
102
RTVSPropertyOp37
 70
     1
102
RTVSPropertyOp38
 70
     1
102
RTVSPropertyOp39
 70
     1
102
RTVSPropertyOp40
 70
     1
102
RTVSPropertyOp41
 70
     1
102
RTVSPropertyOp42
 70
     1
102
RTVSPropertyOp43
 70
     1
102
RTVSPropertyOp44
 70
     1
102
RTVSPropertyOp45
 70
     1
102
RTVSPropertyOp46
 70
     1
102
RTVSPropertyOp47
 70
     1
102
RTVSPropertyOp48
 70
     1
102
RTVSPropertyOp49
 70
     1
102
RTVSPropertyOp50
 70
     1
102
RTVSPropertyOp51
 70
     0
102
RTVSPropertyOp52
 70
     0
102
RTVSPropertyOp53
 70
     1
102
RTVSPropertyOp54
 70
     1
102
RTVSPropertyOp55
 70
     1
102
RTVSPropertyOp56
 70
     1
102
RTVSPropertyOp57
 70
     1
102
RTVSPost2010Prop28
280
     0
102
RTVSPost2010PropOp28
 70
     1
102
RTVSPost2010Prop29
280
     1
102
RTVSPost2010PropOp29
 70
     1
102
RTVSPost2010Prop30
280
     1
102
RTVSPost2010PropOp30
 70
     1
102
RTVSPost2010Prop31
280
     0
102
RTVSPost2010PropOp31
 70
     1
102
RTVSPost2010Prop32
280
     0
102
RTVSPost2010PropOp32
 70
     1
102
RTVSPost2010Prop33
280
     0
102
RTVSPost2010PropOp33
 70
     1
102
RTVSPost2010Prop34
280
     0
102
RTVSPost2010PropOp34
 70
     1
102
RTVSPost2010Prop35
280
     0
102
RTVSPost2010PropOp35
 70
     1
102
RTVSPost2010Prop36
280
     0
102
RTVSPost2010PropOp36
 70
     1
102
RTVSPost2010Prop37
 90
       50
102
RTVSPost2010PropOp37
 70
     1
102
RTVSPost2010Prop38
140
0.0
102
RTVSPost2010PropOp38
 70
     1
102
RTVSPost2010Prop39
140
1.0
102
RTVSPost2010PropOp39
 70
     1
102
RTVSPost2010Prop40
 90
        0
102
RTVSPost2010PropOp40
 70
     1
102
RTVSPost2010Prop41ColorIndex
 90
       18
102
RTVSPost2010Prop41ColorRGB
 90
        0
102
RTVSPost2010PropOp41
 70
     1
102
RTVSPost2010Prop42
 90
       50
102
RTVSPost2010PropOp42
 70
     1
102
RTVSPost2010Prop43
 90
        3
102
RTVSPost2010PropOp43
 70
     1
102
RTVSPost2010Prop44ColorIndex
 90
        5
102
RTVSPost2010Prop44ColorRGB
 90
      255
102
RTVSPost2010PropOp44
 70
     1
102
RTVSPost2010Prop45
280
     0
102
RTVSPost2010PropOp45
 70
     1
102
RTVSPost2010Prop46
 90
       50
102
RTVSPost2010PropOp46
 70
     1
102
RTVSPost2010Prop47
 90
       50
102
RTVSPost2010PropOp47
 70
     1
102
RTVSPost2010Prop48
 90
       50
102
RTVSPost2010PropOp48
 70
     1
102
RTVSPost2010Prop49
280
     0
102
RTVSPost2010PropOp49
 70
     1
102
RTVSPost2010Prop50
 90
       50
102
RTVSPost2010PropOp50
 70
     1
102
RTVSPost2010Prop51ColorIndex
 90
      256
102
RTVSPost2010Prop51ColorRGB
 90
-16777216
102
RTVSPost2010PropOp51
 70
     0
102
RTVSPost2010Prop52
140
1.0
102
RTVSPost2010PropOp52
 70
     0
102
RTVSPost2010Prop53
 90
        2
102
RTVSPost2010PropOp53
 70
     1
102
RTVSPost2010Prop54
  1
strokes_ogs.tif
102
RTVSPost2010PropOp54
 70
     1
102
RTVSPost2010Prop55
280
     0
102
RTVSPost2010PropOp55
 70
     1
102
RTVSPost2010Prop56
140
1.0
102
RTVSPost2010PropOp56
 70
     1
102
RTVSPost2010Prop57
140
1.0
102
RTVSPost2010PropOp57
 70
     1
  0
XRECORD
  5
22D
102
{ACAD_REACTORS
330
22C
102
}
330
22C
100
AcDbXrecord
280
     1
102
RTVSPropertyOp0
 70
     1
102
RTVSPropertyOp1
 70
     1
102
RTVSPropertyOp2
 70
     1
102
RTVSPropertyOp3
 70
     1
102
RTVSPropertyOp4
 70
     1
102
RTVSPropertyOp5
 70
     1
102
RTVSPropertyOp6
 70
     1
102
RTVSPropertyOp7
 70
     1
102
RTVSPropertyOp8
 70
     1
102
RTVSPropertyOp9
 70
     1
102
RTVSPropertyOp10
 70
     1
102
RTVSPropertyOp11
 70
     1
102
RTVSPropertyOp12
 70
     1
102
RTVSPropertyOp13
 70
     1
102
RTVSPropertyOp14
 70
     1
102
RTVSPropertyOp15
 70
     1
102
RTVSPropertyOp16
 70
     1
102
RTVSPropertyOp17
 70
     1
102
RTVSPropertyOp18
 70
     1
102
RTVSPropertyOp19
 70
     1
102
RTVSPropertyOp20
 70
     1
102
RTVSPropertyOp21
 70
     1
102
RTVSPropertyOp22
 70
     1
102
RTVSPropertyOp23
 70
     1
102
RTVSPropertyOp24
 70
     1
102
RTVSPropertyOp25
 70
     1
102
RTVSPropertyOp26
 70
     1
102
RTVSPropertyOp27
 70
     1
102
RTVSPropertyOp28
 70
     1
102
RTVSPropertyOp29
 70
     1
102
RTVSPropertyOp30
 70
     1
102
RTVSPropertyOp31
 70
     1
102
RTVSPropertyOp32
 70
     1
102
RTVSPropertyOp33
 70
     1
102
RTVSPropertyOp34
 70
     1
102
RTVSPropertyOp35
 70
     1
102
RTVSPropertyOp36
 70
     1
102
RTVSPropertyOp37
 70
     1
102
RTVSPropertyOp38
 70
     1
102
RTVSPropertyOp39
 70
     1
102
RTVSPropertyOp40
 70
     1
102
RTVSPropertyOp41
 70
     1
102
RTVSPropertyOp42
 70
     1
102
RTVSPropertyOp43
 70
     1
102
RTVSPropertyOp44
 70
     1
102
RTVSPropertyOp45
 70
     1
102
RTVSPropertyOp46
 70
     1
102
RTVSPropertyOp47
 70
     1
102
RTVSPropertyOp48
 70
     1
102
RTVSPropertyOp49
 70
     1
102
RTVSPropertyOp50
 70
     1
102
RTVSPropertyOp51
 70
     0
102
RTVSPropertyOp52
 70
     0
102
RTVSPropertyOp53
 70
     1
102
RTVSPropertyOp54
 70
     1
102
RTVSPropertyOp55
 70
     1
102
RTVSPropertyOp56
 70
     1
102
RTVSPropertyOp57
 70
     1
102
RTVSPost2010Prop28
280
     0
102
RTVSPost2010PropOp28
 70
     1
102
RTVSPost2010Prop29
280
     1
102
RTVSPost2010PropOp29
 70
     1
102
RTVSPost2010Prop30
280
     1
102
RTVSPost2010PropOp30
 70
     1
102
RTVSPost2010Prop31
280
     0
102
RTVSPost2010PropOp31
 70
     1
102
RTVSPost2010Prop32
280
     0
102
RTVSPost2010PropOp32
 70
     1
102
RTVSPost2010Prop33
280
     0
102
RTVSPost2010PropOp33
 70
     1
102
RTVSPost2010Prop34
280
     0
102
RTVSPost2010PropOp34
 70
     1
102
RTVSPost2010Prop35
280
     0
102
RTVSPost2010PropOp35
 70
     1
102
RTVSPost2010Prop36
280
     0
102
RTVSPost2010PropOp36
 70
     1
102
RTVSPost2010Prop37
 90
       50
102
RTVSPost2010PropOp37
 70
     1
102
RTVSPost2010Prop38
140
0.0
102
RTVSPost2010PropOp38
 70
     1
102
RTVSPost2010Prop39
140
1.0
102
RTVSPost2010PropOp39
 70
     1
102
RTVSPost2010Prop40
 90
        0
102
RTVSPost2010PropOp40
 70
     1
102
RTVSPost2010Prop41ColorIndex
 90
       18
102
RTVSPost2010Prop41ColorRGB
 90
        0
102
RTVSPost2010PropOp41
 70
     1
102
RTVSPost2010Prop42
 90
       50
102
RTVSPost2010PropOp42
 70
     1
102
RTVSPost2010Prop43
 90
        3
102
RTVSPost2010PropOp43
 70
     1
102
RTVSPost2010Prop44ColorIndex
 90
        5
102
RTVSPost2010Prop44ColorRGB
 90
      255
102
RTVSPost2010PropOp44
 70
     1
102
RTVSPost2010Prop45
280
     0
102
RTVSPost2010PropOp45
 70
     1
102
RTVSPost2010Prop46
 90
       50
102
RTVSPost2010PropOp46
 70
     1
102
RTVSPost2010Prop47
 90
       50
102
RTVSPost2010PropOp47
 70
     1
102
RTVSPost2010Prop48
 90
       50
102
RTVSPost2010PropOp48
 70
     1
102
RTVSPost2010Prop49
280
     0
102
RTVSPost2010PropOp49
 70
     1
102
RTVSPost2010Prop50
 90
       50
102
RTVSPost2010PropOp50
 70
     1
102
RTVSPost2010Prop51ColorIndex
 90
      256
102
RTVSPost2010Prop51ColorRGB
 90
-16777216
102
RTVSPost2010PropOp51
 70
     0
102
RTVSPost2010Prop52
140
1.0
102
RTVSPost2010PropOp52
 70
     0
102
RTVSPost2010Prop53
 90
        2
102
RTVSPost2010PropOp53
 70
     1
102
RTVSPost2010Prop54
  1
strokes_ogs.tif
102
RTVSPost2010PropOp54
 70
     1
102
RTVSPost2010Prop55
280
     0
102
RTVSPost2010PropOp55
 70
     1
102
RTVSPost2010Prop56
140
1.0
102
RTVSPost2010PropOp56
 70
     1
102
RTVSPost2010Prop57
140
1.0
102
RTVSPost2010PropOp57
 70
     1
  0
XRECORD
  5
22F
102
{ACAD_REACTORS
330
22E
102
}
330
22E
100
AcDbXrecord
280
     1
102
RTVSPropertyOp0
 70
     1
102
RTVSPropertyOp1
 70
     1
102
RTVSPropertyOp2
 70
     1
102
RTVSPropertyOp3
 70
     1
102
RTVSPropertyOp4
 70
     1
102
RTVSPropertyOp5
 70
     1
102
RTVSPropertyOp6
 70
     1
102
RTVSPropertyOp7
 70
     1
102
RTVSPropertyOp8
 70
     1
102
RTVSPropertyOp9
 70
     1
102
RTVSPropertyOp10
 70
     1
102
RTVSPropertyOp11
 70
     1
102
RTVSPropertyOp12
 70
     1
102
RTVSPropertyOp13
 70
     1
102
RTVSPropertyOp14
 70
     1
102
RTVSPropertyOp15
 70
     1
102
RTVSPropertyOp16
 70
     1
102
RTVSPropertyOp17
 70
     1
102
RTVSPropertyOp18
 70
     1
102
RTVSPropertyOp19
 70
     1
102
RTVSPropertyOp20
 70
     1
102
RTVSPropertyOp21
 70
     1
102
RTVSPropertyOp22
 70
     1
102
RTVSPropertyOp23
 70
     1
102
RTVSPropertyOp24
 70
     1
102
RTVSPropertyOp25
 70
     1
102
RTVSPropertyOp26
 70
     1
102
RTVSPropertyOp27
 70
     1
102
RTVSPropertyOp28
 70
     1
102
RTVSPropertyOp29
 70
     1
102
RTVSPropertyOp30
 70
     1
102
RTVSPropertyOp31
 70
     1
102
RTVSPropertyOp32
 70
     1
102
RTVSPropertyOp33
 70
     1
102
RTVSPropertyOp34
 70
     1
102
RTVSPropertyOp35
 70
     1
102
RTVSPropertyOp36
 70
     1
102
RTVSPropertyOp37
 70
     1
102
RTVSPropertyOp38
 70
     1
102
RTVSPropertyOp39
 70
     1
102
RTVSPropertyOp40
 70
     1
102
RTVSPropertyOp41
 70
     1
102
RTVSPropertyOp42
 70
     1
102
RTVSPropertyOp43
 70
     1
102
RTVSPropertyOp44
 70
     1
102
RTVSPropertyOp45
 70
     1
102
RTVSPropertyOp46
 70
     1
102
RTVSPropertyOp47
 70
     1
102
RTVSPropertyOp48
 70
     1
102
RTVSPropertyOp49
 70
     1
102
RTVSPropertyOp50
 70
     1
102
RTVSPropertyOp51
 70
     0
102
RTVSPropertyOp52
 70
     0
102
RTVSPropertyOp53
 70
     1
102
RTVSPropertyOp54
 70
     1
102
RTVSPropertyOp55
 70
     1
102
RTVSPropertyOp56
 70
     1
102
RTVSPropertyOp57
 70
     1
102
RTVSPost2010Prop28
280
     0
102
RTVSPost2010PropOp28
 70
     1
102
RTVSPost2010Prop29
280
     1
102
RTVSPost2010PropOp29
 70
     1
102
RTVSPost2010Prop30
280
     1
102
RTVSPost2010PropOp30
 70
     1
102
RTVSPost2010Prop31
280
     0
102
RTVSPost2010PropOp31
 70
     1
102
RTVSPost2010Prop32
280
     0
102
RTVSPost2010PropOp32
 70
     1
102
RTVSPost2010Prop33
280
     0
102
RTVSPost2010PropOp33
 70
     1
102
RTVSPost2010Prop34
280
     0
102
RTVSPost2010PropOp34
 70
     1
102
RTVSPost2010Prop35
280
     0
102
RTVSPost2010PropOp35
 70
     1
102
RTVSPost2010Prop36
280
     0
102
RTVSPost2010PropOp36
 70
     1
102
RTVSPost2010Prop37
 90
       50
102
RTVSPost2010PropOp37
 70
     1
102
RTVSPost2010Prop38
140
0.0
102
RTVSPost2010PropOp38
 70
     1
102
RTVSPost2010Prop39
140
1.0
102
RTVSPost2010PropOp39
 70
     1
102
RTVSPost2010Prop40
 90
        0
102
RTVSPost2010PropOp40
 70
     1
102
RTVSPost2010Prop41ColorIndex
 90
       18
102
RTVSPost2010Prop41ColorRGB
 90
        0
102
RTVSPost2010PropOp41
 70
     1
102
RTVSPost2010Prop42
 90
       50
102
RTVSPost2010PropOp42
 70
     1
102
RTVSPost2010Prop43
 90
        3
102
RTVSPost2010PropOp43
 70
     1
102
RTVSPost2010Prop44ColorIndex
 90
        5
102
RTVSPost2010Prop44ColorRGB
 90
      255
102
RTVSPost2010PropOp44
 70
     1
102
RTVSPost2010Prop45
280
     0
102
RTVSPost2010PropOp45
 70
     1
102
RTVSPost2010Prop46
 90
       50
102
RTVSPost2010PropOp46
 70
     1
102
RTVSPost2010Prop47
 90
       50
102
RTVSPost2010PropOp47
 70
     1
102
RTVSPost2010Prop48
 90
       50
102
RTVSPost2010PropOp48
 70
     1
102
RTVSPost2010Prop49
280
     0
102
RTVSPost2010PropOp49
 70
     1
102
RTVSPost2010Prop50
 90
       50
102
RTVSPost2010PropOp50
 70
     1
102
RTVSPost2010Prop51ColorIndex
 90
      256
102
RTVSPost2010Prop51ColorRGB
 90
-16777216
102
RTVSPost2010PropOp51
 70
     0
102
RTVSPost2010Prop52
140
1.0
102
RTVSPost2010PropOp52
 70
     0
102
RTVSPost2010Prop53
 90
        2
102
RTVSPost2010PropOp53
 70
     1
102
RTVSPost2010Prop54
  1
strokes_ogs.tif
102
RTVSPost2010PropOp54
 70
     1
102
RTVSPost2010Prop55
280
     0
102
RTVSPost2010PropOp55
 70
     1
102
RTVSPost2010Prop56
140
1.0
102
RTVSPost2010PropOp56
 70
     1
102
RTVSPost2010Prop57
140
1.0
102
RTVSPost2010PropOp57
 70
     1
  0
XRECORD
  5
23F
102
{ACAD_REACTORS
330
23E
102
}
330
23E
100
AcDbXrecord
280
     1
102
RTVSPropertyOp0
 70
     0
102
RTVSPropertyOp1
 70
     0
102
RTVSPropertyOp2
 70
     0
102
RTVSPropertyOp3
 70
     0
102
RTVSPropertyOp4
 70
     0
102
RTVSPropertyOp5
 70
     0
102
RTVSPropertyOp6
 70
     0
102
RTVSPropertyOp7
 70
     0
102
RTVSPropertyOp8
 70
     0
102
RTVSPropertyOp9
 70
     0
102
RTVSPropertyOp10
 70
     0
102
RTVSPropertyOp11
 70
     0
102
RTVSPropertyOp12
 70
     0
102
RTVSPropertyOp13
 70
     0
102
RTVSPropertyOp14
 70
     2
102
RTVSPropertyOp15
 70
     0
102
RTVSPropertyOp16
 70
     0
102
RTVSPropertyOp17
 70
     0
102
RTVSPropertyOp18
 70
     0
102
RTVSPropertyOp19
 70
     0
102
RTVSPropertyOp20
 70
     0
102
RTVSPropertyOp21
 70
     0
102
RTVSPropertyOp22
 70
     0
102
RTVSPropertyOp23
 70
     0
102
RTVSPropertyOp24
 70
     0
102
RTVSPropertyOp25
 70
     0
102
RTVSPropertyOp26
 70
     0
102
RTVSPropertyOp27
 70
     0
102
RTVSPropertyOp28
 70
     0
102
RTVSPropertyOp29
 70
     0
102
RTVSPropertyOp30
 70
     0
102
RTVSPropertyOp31
 70
     0
102
RTVSPropertyOp32
 70
     0
102
RTVSPropertyOp33
 70
     0
102
RTVSPropertyOp34
 70
     0
102
RTVSPropertyOp35
 70
     0
102
RTVSPropertyOp36
 70
     0
102
RTVSPropertyOp37
 70
     0
102
RTVSPropertyOp38
 70
     0
102
RTVSPropertyOp39
 70
     0
102
RTVSPropertyOp40
 70
     0
102
RTVSPropertyOp41
 70
     0
102
RTVSPropertyOp42
 70
     0
102
RTVSPropertyOp43
 70
     0
102
RTVSPropertyOp44
 70
     0
102
RTVSPropertyOp45
 70
     0
102
RTVSPropertyOp46
 70
     0
102
RTVSPropertyOp47
 70
     0
102
RTVSPropertyOp48
 70
     0
102
RTVSPropertyOp49
 70
     0
102
RTVSPropertyOp50
 70
     0
102
RTVSPropertyOp51
 70
     0
102
RTVSPropertyOp52
 70
     0
102
RTVSPropertyOp53
 70
     0
102
RTVSPropertyOp54
 70
     0
102
RTVSPropertyOp55
 70
     0
102
RTVSPropertyOp56
 70
     0
102
RTVSPropertyOp57
 70
     0
102
RTVSPost2010Prop28
280
     0
102
RTVSPost2010PropOp28
 70
     0
102
RTVSPost2010Prop29
280
     1
102
RTVSPost2010PropOp29
 70
     0
102
RTVSPost2010Prop30
280
     1
102
RTVSPost2010PropOp30
 70
     0
102
RTVSPost2010Prop31
280
     0
102
RTVSPost2010PropOp31
 70
     0
102
RTVSPost2010Prop32
280
     0
102
RTVSPost2010PropOp32
 70
     0
102
RTVSPost2010Prop33
280
     0
102
RTVSPost2010PropOp33
 70
     0
102
RTVSPost2010Prop34
280
     0
102
RTVSPost2010PropOp34
 70
     0
102
RTVSPost2010Prop35
280
     0
102
RTVSPost2010PropOp35
 70
     0
102
RTVSPost2010Prop36
280
     0
102
RTVSPost2010PropOp36
 70
     0
102
RTVSPost2010Prop37
 90
       50
102
RTVSPost2010PropOp37
 70
     0
102
RTVSPost2010Prop38
140
0.0
102
RTVSPost2010PropOp38
 70
     0
102
RTVSPost2010Prop39
140
1.0
102
RTVSPost2010PropOp39
 70
     0
102
RTVSPost2010Prop40
 90
        0
102
RTVSPost2010PropOp40
 70
     0
102
RTVSPost2010Prop41ColorIndex
 90
       18
102
RTVSPost2010Prop41ColorRGB
 90
        0
102
RTVSPost2010PropOp41
 70
     0
102
RTVSPost2010Prop42
 90
       50
102
RTVSPost2010PropOp42
 70
     0
102
RTVSPost2010Prop43
 90
        3
102
RTVSPost2010PropOp43
 70
     0
102
RTVSPost2010Prop44ColorIndex
 90
        5
102
RTVSPost2010Prop44ColorRGB
 90
      255
102
RTVSPost2010PropOp44
 70
     0
102
RTVSPost2010Prop45
280
     0
102
RTVSPost2010PropOp45
 70
     0
102
RTVSPost2010Prop46
 90
       50
102
RTVSPost2010PropOp46
 70
     0
102
RTVSPost2010Prop47
 90
       50
102
RTVSPost2010PropOp47
 70
     0
102
RTVSPost2010Prop48
 90
       50
102
RTVSPost2010PropOp48
 70
     0
102
RTVSPost2010Prop49
280
     0
102
RTVSPost2010PropOp49
 70
     0
102
RTVSPost2010Prop50
 90
       50
102
RTVSPost2010PropOp50
 70
     0
102
RTVSPost2010Prop51ColorIndex
 90
      256
102
RTVSPost2010Prop51ColorRGB
 90
-16777216
102
RTVSPost2010PropOp51
 70
     0
102
RTVSPost2010Prop52
140
1.0
102
RTVSPost2010PropOp52
 70
     0
102
RTVSPost2010Prop53
 90
        2
102
RTVSPost2010PropOp53
 70
     0
102
RTVSPost2010Prop54
  1
strokes_ogs.tif
102
RTVSPost2010PropOp54
 70
     0
102
RTVSPost2010Prop55
280
     0
102
RTVSPost2010PropOp55
 70
     0
102
RTVSPost2010Prop56
140
1.0
102
RTVSPost2010PropOp56
 70
     0
102
RTVSPost2010Prop57
140
1.0
102
RTVSPost2010PropOp57
 70
     0
  0
XRECORD
  5
237
102
{ACAD_REACTORS
330
236
102
}
330
236
100
AcDbXrecord
280
     1
102
RTVSPropertyOp0
 70
     1
102
RTVSPropertyOp1
 70
     1
102
RTVSPropertyOp2
 70
     1
102
RTVSPropertyOp3
 70
     1
102
RTVSPropertyOp4
 70
     1
102
RTVSPropertyOp5
 70
     1
102
RTVSPropertyOp6
 70
     1
102
RTVSPropertyOp7
 70
     1
102
RTVSPropertyOp8
 70
     1
102
RTVSPropertyOp9
 70
     1
102
RTVSPropertyOp10
 70
     1
102
RTVSPropertyOp11
 70
     1
102
RTVSPropertyOp12
 70
     1
102
RTVSPropertyOp13
 70
     1
102
RTVSPropertyOp14
 70
     1
102
RTVSPropertyOp15
 70
     1
102
RTVSPropertyOp16
 70
     1
102
RTVSPropertyOp17
 70
     1
102
RTVSPropertyOp18
 70
     1
102
RTVSPropertyOp19
 70
     1
102
RTVSPropertyOp20
 70
     1
102
RTVSPropertyOp21
 70
     1
102
RTVSPropertyOp22
 70
     1
102
RTVSPropertyOp23
 70
     1
102
RTVSPropertyOp24
 70
     1
102
RTVSPropertyOp25
 70
     1
102
RTVSPropertyOp26
 70
     1
102
RTVSPropertyOp27
 70
     1
102
RTVSPropertyOp28
 70
     1
102
RTVSPropertyOp29
 70
     1
102
RTVSPropertyOp30
 70
     1
102
RTVSPropertyOp31
 70
     1
102
RTVSPropertyOp32
 70
     1
102
RTVSPropertyOp33
 70
     1
102
RTVSPropertyOp34
 70
     1
102
RTVSPropertyOp35
 70
     1
102
RTVSPropertyOp36
 70
     1
102
RTVSPropertyOp37
 70
     1
102
RTVSPropertyOp38
 70
     1
102
RTVSPropertyOp39
 70
     1
102
RTVSPropertyOp40
 70
     1
102
RTVSPropertyOp41
 70
     1
102
RTVSPropertyOp42
 70
     1
102
RTVSPropertyOp43
 70
     1
102
RTVSPropertyOp44
 70
     1
102
RTVSPropertyOp45
 70
     1
102
RTVSPropertyOp46
 70
     1
102
RTVSPropertyOp47
 70
     1
102
RTVSPropertyOp48
 70
     1
102
RTVSPropertyOp49
 70
     1
102
RTVSPropertyOp50
 70
     1
102
RTVSPropertyOp51
 70
     0
102
RTVSPropertyOp52
 70
     0
102
RTVSPropertyOp53
 70
     1
102
RTVSPropertyOp54
 70
     1
102
RTVSPropertyOp55
 70
     1
102
RTVSPropertyOp56
 70
     1
102
RTVSPropertyOp57
 70
     1
102
RTVSPost2010Prop28
280
     0
102
RTVSPost2010PropOp28
 70
     1
102
RTVSPost2010Prop29
280
     1
102
RTVSPost2010PropOp29
 70
     1
102
RTVSPost2010Prop30
280
     1
102
RTVSPost2010PropOp30
 70
     1
102
RTVSPost2010Prop31
280
     0
102
RTVSPost2010PropOp31
 70
     1
102
RTVSPost2010Prop32
280
     0
102
RTVSPost2010PropOp32
 70
     1
102
RTVSPost2010Prop33
280
     0
102
RTVSPost2010PropOp33
 70
     1
102
RTVSPost2010Prop34
280
     0
102
RTVSPost2010PropOp34
 70
     1
102
RTVSPost2010Prop35
280
     0
102
RTVSPost2010PropOp35
 70
     1
102
RTVSPost2010Prop36
280
     0
102
RTVSPost2010PropOp36
 70
     1
102
RTVSPost2010Prop37
 90
       50
102
RTVSPost2010PropOp37
 70
     1
102
RTVSPost2010Prop38
140
0.0
102
RTVSPost2010PropOp38
 70
     1
102
RTVSPost2010Prop39
140
1.0
102
RTVSPost2010PropOp39
 70
     1
102
RTVSPost2010Prop40
 90
        0
102
RTVSPost2010PropOp40
 70
     1
102
RTVSPost2010Prop41ColorIndex
 90
       18
102
RTVSPost2010Prop41ColorRGB
 90
        0
102
RTVSPost2010PropOp41
 70
     1
102
RTVSPost2010Prop42
 90
       50
102
RTVSPost2010PropOp42
 70
     1
102
RTVSPost2010Prop43
 90
        3
102
RTVSPost2010PropOp43
 70
     1
102
RTVSPost2010Prop44ColorIndex
 90
        5
102
RTVSPost2010Prop44ColorRGB
 90
      255
102
RTVSPost2010PropOp44
 70
     1
102
RTVSPost2010Prop45
280
     0
102
RTVSPost2010PropOp45
 70
     1
102
RTVSPost2010Prop46
 90
       50
102
RTVSPost2010PropOp46
 70
     1
102
RTVSPost2010Prop47
 90
       50
102
RTVSPost2010PropOp47
 70
     1
102
RTVSPost2010Prop48
 90
       50
102
RTVSPost2010PropOp48
 70
     1
102
RTVSPost2010Prop49
280
     0
102
RTVSPost2010PropOp49
 70
     1
102
RTVSPost2010Prop50
 90
       50
102
RTVSPost2010PropOp50
 70
     1
102
RTVSPost2010Prop51ColorIndex
 90
      256
102
RTVSPost2010Prop51ColorRGB
 90
-16777216
102
RTVSPost2010PropOp51
 70
     0
102
RTVSPost2010Prop52
140
1.0
102
RTVSPost2010PropOp52
 70
     0
102
RTVSPost2010Prop53
 90
        2
102
RTVSPost2010PropOp53
 70
     1
102
RTVSPost2010Prop54
  1
strokes_ogs.tif
102
RTVSPost2010PropOp54
 70
     1
102
RTVSPost2010Prop55
280
     0
102
RTVSPost2010PropOp55
 70
     1
102
RTVSPost2010Prop56
140
1.0
102
RTVSPost2010PropOp56
 70
     1
102
RTVSPost2010Prop57
140
1.0
102
RTVSPost2010PropOp57
 70
     1
  0
XRECORD
  5
21B
102
{ACAD_REACTORS
330
21A
102
}
330
21A
100
AcDbXrecord
280
     1
102
RTVSPropertyOp0
 70
     1
102
RTVSPropertyOp1
 70
     1
102
RTVSPropertyOp2
 70
     1
102
RTVSPropertyOp3
 70
     1
102
RTVSPropertyOp4
 70
     1
102
RTVSPropertyOp5
 70
     1
102
RTVSPropertyOp6
 70
     1
102
RTVSPropertyOp7
 70
     1
102
RTVSPropertyOp8
 70
     1
102
RTVSPropertyOp9
 70
     1
102
RTVSPropertyOp10
 70
     1
102
RTVSPropertyOp11
 70
     1
102
RTVSPropertyOp12
 70
     1
102
RTVSPropertyOp13
 70
     1
102
RTVSPropertyOp14
 70
     1
102
RTVSPropertyOp15
 70
     1
102
RTVSPropertyOp16
 70
     1
102
RTVSPropertyOp17
 70
     1
102
RTVSPropertyOp18
 70
     1
102
RTVSPropertyOp19
 70
     1
102
RTVSPropertyOp20
 70
     1
102
RTVSPropertyOp21
 70
     1
102
RTVSPropertyOp22
 70
     1
102
RTVSPropertyOp23
 70
     1
102
RTVSPropertyOp24
 70
     1
102
RTVSPropertyOp25
 70
     1
102
RTVSPropertyOp26
 70
     1
102
RTVSPropertyOp27
 70
     1
102
RTVSPropertyOp28
 70
     1
102
RTVSPropertyOp29
 70
     1
102
RTVSPropertyOp30
 70
     1
102
RTVSPropertyOp31
 70
     1
102
RTVSPropertyOp32
 70
     1
102
RTVSPropertyOp33
 70
     1
102
RTVSPropertyOp34
 70
     1
102
RTVSPropertyOp35
 70
     1
102
RTVSPropertyOp36
 70
     1
102
RTVSPropertyOp37
 70
     1
102
RTVSPropertyOp38
 70
     1
102
RTVSPropertyOp39
 70
     1
102
RTVSPropertyOp40
 70
     1
102
RTVSPropertyOp41
 70
     1
102
RTVSPropertyOp42
 70
     1
102
RTVSPropertyOp43
 70
     1
102
RTVSPropertyOp44
 70
     1
102
RTVSPropertyOp45
 70
     1
102
RTVSPropertyOp46
 70
     1
102
RTVSPropertyOp47
 70
     1
102
RTVSPropertyOp48
 70
     1
102
RTVSPropertyOp49
 70
     1
102
RTVSPropertyOp50
 70
     1
102
RTVSPropertyOp51
 70
     0
102
RTVSPropertyOp52
 70
     0
102
RTVSPropertyOp53
 70
     1
102
RTVSPropertyOp54
 70
     1
102
RTVSPropertyOp55
 70
     1
102
RTVSPropertyOp56
 70
     1
102
RTVSPropertyOp57
 70
     1
102
RTVSPost2010Prop28
280
     0
102
RTVSPost2010PropOp28
 70
     1
102
RTVSPost2010Prop29
280
     1
102
RTVSPost2010PropOp29
 70
     1
102
RTVSPost2010Prop30
280
     1
102
RTVSPost2010PropOp30
 70
     1
102
RTVSPost2010Prop31
280
     0
102
RTVSPost2010PropOp31
 70
     1
102
RTVSPost2010Prop32
280
     0
102
RTVSPost2010PropOp32
 70
     1
102
RTVSPost2010Prop33
280
     0
102
RTVSPost2010PropOp33
 70
     1
102
RTVSPost2010Prop34
280
     0
102
RTVSPost2010PropOp34
 70
     1
102
RTVSPost2010Prop35
280
     0
102
RTVSPost2010PropOp35
 70
     1
102
RTVSPost2010Prop36
280
     0
102
RTVSPost2010PropOp36
 70
     1
102
RTVSPost2010Prop37
 90
       50
102
RTVSPost2010PropOp37
 70
     1
102
RTVSPost2010Prop38
140
0.0
102
RTVSPost2010PropOp38
 70
     1
102
RTVSPost2010Prop39
140
1.0
102
RTVSPost2010PropOp39
 70
     1
102
RTVSPost2010Prop40
 90
        0
102
RTVSPost2010PropOp40
 70
     1
102
RTVSPost2010Prop41ColorIndex
 90
       18
102
RTVSPost2010Prop41ColorRGB
 90
        0
102
RTVSPost2010PropOp41
 70
     1
102
RTVSPost2010Prop42
 90
       50
102
RTVSPost2010PropOp42
 70
     1
102
RTVSPost2010Prop43
 90
        3
102
RTVSPost2010PropOp43
 70
     1
102
RTVSPost2010Prop44ColorIndex
 90
        5
102
RTVSPost2010Prop44ColorRGB
 90
      255
102
RTVSPost2010PropOp44
 70
     1
102
RTVSPost2010Prop45
280
     0
102
RTVSPost2010PropOp45
 70
     1
102
RTVSPost2010Prop46
 90
       50
102
RTVSPost2010PropOp46
 70
     1
102
RTVSPost2010Prop47
 90
       50
102
RTVSPost2010PropOp47
 70
     1
102
RTVSPost2010Prop48
 90
       50
102
RTVSPost2010PropOp48
 70
     1
102
RTVSPost2010Prop49
280
     0
102
RTVSPost2010PropOp49
 70
     1
102
RTVSPost2010Prop50
 90
       50
102
RTVSPost2010PropOp50
 70
     1
102
RTVSPost2010Prop51ColorIndex
 90
      256
102
RTVSPost2010Prop51ColorRGB
 90
-16777216
102
RTVSPost2010PropOp51
 70
     0
102
RTVSPost2010Prop52
140
1.0
102
RTVSPost2010PropOp52
 70
     0
102
RTVSPost2010Prop53
 90
        2
102
RTVSPost2010PropOp53
 70
     1
102
RTVSPost2010Prop54
  1
strokes_ogs.tif
102
RTVSPost2010PropOp54
 70
     1
102
RTVSPost2010Prop55
280
     0
102
RTVSPost2010PropOp55
 70
     1
102
RTVSPost2010Prop56
140
1.0
102
RTVSPost2010PropOp56
 70
     1
102
RTVSPost2010Prop57
140
1.0
102
RTVSPost2010PropOp57
 70
     1
  0
XRECORD
  5
21D
102
{ACAD_REACTORS
330
21C
102
}
330
21C
100
AcDbXrecord
280
     1
102
RTVSPropertyOp0
 70
     1
102
RTVSPropertyOp1
 70
     1
102
RTVSPropertyOp2
 70
     1
102
RTVSPropertyOp3
 70
     1
102
RTVSPropertyOp4
 70
     1
102
RTVSPropertyOp5
 70
     1
102
RTVSPropertyOp6
 70
     1
102
RTVSPropertyOp7
 70
     1
102
RTVSPropertyOp8
 70
     1
102
RTVSPropertyOp9
 70
     1
102
RTVSPropertyOp10
 70
     1
102
RTVSPropertyOp11
 70
     1
102
RTVSPropertyOp12
 70
     1
102
RTVSPropertyOp13
 70
     1
102
RTVSPropertyOp14
 70
     1
102
RTVSPropertyOp15
 70
     1
102
RTVSPropertyOp16
 70
     1
102
RTVSPropertyOp17
 70
     1
102
RTVSPropertyOp18
 70
     1
102
RTVSPropertyOp19
 70
     1
102
RTVSPropertyOp20
 70
     1
102
RTVSPropertyOp21
 70
     1
102
RTVSPropertyOp22
 70
     1
102
RTVSPropertyOp23
 70
     1
102
RTVSPropertyOp24
 70
     1
102
RTVSPropertyOp25
 70
     1
102
RTVSPropertyOp26
 70
     1
102
RTVSPropertyOp27
 70
     1
102
RTVSPropertyOp28
 70
     1
102
RTVSPropertyOp29
 70
     1
102
RTVSPropertyOp30
 70
     1
102
RTVSPropertyOp31
 70
     1
102
RTVSPropertyOp32
 70
     1
102
RTVSPropertyOp33
 70
     1
102
RTVSPropertyOp34
 70
     1
102
RTVSPropertyOp35
 70
     1
102
RTVSPropertyOp36
 70
     1
102
RTVSPropertyOp37
 70
     1
102
RTVSPropertyOp38
 70
     1
102
RTVSPropertyOp39
 70
     1
102
RTVSPropertyOp40
 70
     1
102
RTVSPropertyOp41
 70
     1
102
RTVSPropertyOp42
 70
     1
102
RTVSPropertyOp43
 70
     1
102
RTVSPropertyOp44
 70
     1
102
RTVSPropertyOp45
 70
     1
102
RTVSPropertyOp46
 70
     1
102
RTVSPropertyOp47
 70
     1
102
RTVSPropertyOp48
 70
     1
102
RTVSPropertyOp49
 70
     1
102
RTVSPropertyOp50
 70
     1
102
RTVSPropertyOp51
 70
     0
102
RTVSPropertyOp52
 70
     0
102
RTVSPropertyOp53
 70
     1
102
RTVSPropertyOp54
 70
     1
102
RTVSPropertyOp55
 70
     1
102
RTVSPropertyOp56
 70
     1
102
RTVSPropertyOp57
 70
     1
102
RTVSPost2010Prop28
280
     0
102
RTVSPost2010PropOp28
 70
     1
102
RTVSPost2010Prop29
280
     1
102
RTVSPost2010PropOp29
 70
     1
102
RTVSPost2010Prop30
280
     1
102
RTVSPost2010PropOp30
 70
     1
102
RTVSPost2010Prop31
280
     0
102
RTVSPost2010PropOp31
 70
     1
102
RTVSPost2010Prop32
280
     0
102
RTVSPost2010PropOp32
 70
     1
102
RTVSPost2010Prop33
280
     0
102
RTVSPost2010PropOp33
 70
     1
102
RTVSPost2010Prop34
280
     0
102
RTVSPost2010PropOp34
 70
     1
102
RTVSPost2010Prop35
280
     0
102
RTVSPost2010PropOp35
 70
     1
102
RTVSPost2010Prop36
280
     0
102
RTVSPost2010PropOp36
 70
     1
102
RTVSPost2010Prop37
 90
       50
102
RTVSPost2010PropOp37
 70
     1
102
RTVSPost2010Prop38
140
0.0
102
RTVSPost2010PropOp38
 70
     1
102
RTVSPost2010Prop39
140
1.0
102
RTVSPost2010PropOp39
 70
     1
102
RTVSPost2010Prop40
 90
        0
102
RTVSPost2010PropOp40
 70
     1
102
RTVSPost2010Prop41ColorIndex
 90
       18
102
RTVSPost2010Prop41ColorRGB
 90
        0
102
RTVSPost2010PropOp41
 70
     1
102
RTVSPost2010Prop42
 90
       50
102
RTVSPost2010PropOp42
 70
     1
102
RTVSPost2010Prop43
 90
        3
102
RTVSPost2010PropOp43
 70
     1
102
RTVSPost2010Prop44ColorIndex
 90
        5
102
RTVSPost2010Prop44ColorRGB
 90
      255
102
RTVSPost2010PropOp44
 70
     1
102
RTVSPost2010Prop45
280
     0
102
RTVSPost2010PropOp45
 70
     1
102
RTVSPost2010Prop46
 90
       50
102
RTVSPost2010PropOp46
 70
     1
102
RTVSPost2010Prop47
 90
       50
102
RTVSPost2010PropOp47
 70
     1
102
RTVSPost2010Prop48
 90
       50
102
RTVSPost2010PropOp48
 70
     1
102
RTVSPost2010Prop49
280
     0
102
RTVSPost2010PropOp49
 70
     1
102
RTVSPost2010Prop50
 90
       50
102
RTVSPost2010PropOp50
 70
     1
102
RTVSPost2010Prop51ColorIndex
 90
      256
102
RTVSPost2010Prop51ColorRGB
 90
-16777216
102
RTVSPost2010PropOp51
 70
     0
102
RTVSPost2010Prop52
140
1.0
102
RTVSPost2010PropOp52
 70
     0
102
RTVSPost2010Prop53
 90
        2
102
RTVSPost2010PropOp53
 70
     1
102
RTVSPost2010Prop54
  1
strokes_ogs.tif
102
RTVSPost2010PropOp54
 70
     1
102
RTVSPost2010Prop55
280
     0
102
RTVSPost2010PropOp55
 70
     1
102
RTVSPost2010Prop56
140
1.0
102
RTVSPost2010PropOp56
 70
     1
102
RTVSPost2010Prop57
140
1.0
102
RTVSPost2010PropOp57
 70
     1
  0
XRECORD
  5
21F
102
{ACAD_REACTORS
330
21E
102
}
330
21E
100
AcDbXrecord
280
     1
102
RTVSPropertyOp0
 70
     1
102
RTVSPropertyOp1
 70
     1
102
RTVSPropertyOp2
 70
     1
102
RTVSPropertyOp3
 70
     1
102
RTVSPropertyOp4
 70
     1
102
RTVSPropertyOp5
 70
     1
102
RTVSPropertyOp6
 70
     1
102
RTVSPropertyOp7
 70
     1
102
RTVSPropertyOp8
 70
     1
102
RTVSPropertyOp9
 70
     1
102
RTVSPropertyOp10
 70
     1
102
RTVSPropertyOp11
 70
     1
102
RTVSPropertyOp12
 70
     1
102
RTVSPropertyOp13
 70
     1
102
RTVSPropertyOp14
 70
     1
102
RTVSPropertyOp15
 70
     1
102
RTVSPropertyOp16
 70
     1
102
RTVSPropertyOp17
 70
     1
102
RTVSPropertyOp18
 70
     1
102
RTVSPropertyOp19
 70
     1
102
RTVSPropertyOp20
 70
     1
102
RTVSPropertyOp21
 70
     1
102
RTVSPropertyOp22
 70
     1
102
RTVSPropertyOp23
 70
     1
102
RTVSPropertyOp24
 70
     1
102
RTVSPropertyOp25
 70
     1
102
RTVSPropertyOp26
 70
     1
102
RTVSPropertyOp27
 70
     1
102
RTVSPropertyOp28
 70
     1
102
RTVSPropertyOp29
 70
     1
102
RTVSPropertyOp30
 70
     1
102
RTVSPropertyOp31
 70
     1
102
RTVSPropertyOp32
 70
     1
102
RTVSPropertyOp33
 70
     1
102
RTVSPropertyOp34
 70
     1
102
RTVSPropertyOp35
 70
     1
102
RTVSPropertyOp36
 70
     1
102
RTVSPropertyOp37
 70
     1
102
RTVSPropertyOp38
 70
     1
102
RTVSPropertyOp39
 70
     1
102
RTVSPropertyOp40
 70
     1
102
RTVSPropertyOp41
 70
     1
102
RTVSPropertyOp42
 70
     1
102
RTVSPropertyOp43
 70
     1
102
RTVSPropertyOp44
 70
     1
102
RTVSPropertyOp45
 70
     1
102
RTVSPropertyOp46
 70
     1
102
RTVSPropertyOp47
 70
     1
102
RTVSPropertyOp48
 70
     1
102
RTVSPropertyOp49
 70
     1
102
RTVSPropertyOp50
 70
     1
102
RTVSPropertyOp51
 70
     0
102
RTVSPropertyOp52
 70
     0
102
RTVSPropertyOp53
 70
     1
102
RTVSPropertyOp54
 70
     1
102
RTVSPropertyOp55
 70
     1
102
RTVSPropertyOp56
 70
     1
102
RTVSPropertyOp57
 70
     1
102
RTVSPost2010Prop28
280
     0
102
RTVSPost2010PropOp28
 70
     1
102
RTVSPost2010Prop29
280
     1
102
RTVSPost2010PropOp29
 70
     1
102
RTVSPost2010Prop30
280
     1
102
RTVSPost2010PropOp30
 70
     1
102
RTVSPost2010Prop31
280
     0
102
RTVSPost2010PropOp31
 70
     1
102
RTVSPost2010Prop32
280
     0
102
RTVSPost2010PropOp32
 70
     1
102
RTVSPost2010Prop33
280
     0
102
RTVSPost2010PropOp33
 70
     1
102
RTVSPost2010Prop34
280
     0
102
RTVSPost2010PropOp34
 70
     1
102
RTVSPost2010Prop35
280
     0
102
RTVSPost2010PropOp35
 70
     1
102
RTVSPost2010Prop36
280
     0
102
RTVSPost2010PropOp36
 70
     1
102
RTVSPost2010Prop37
 90
       50
102
RTVSPost2010PropOp37
 70
     1
102
RTVSPost2010Prop38
140
0.0
102
RTVSPost2010PropOp38
 70
     1
102
RTVSPost2010Prop39
140
1.0
102
RTVSPost2010PropOp39
 70
     1
102
RTVSPost2010Prop40
 90
        0
102
RTVSPost2010PropOp40
 70
     1
102
RTVSPost2010Prop41ColorIndex
 90
       18
102
RTVSPost2010Prop41ColorRGB
 90
        0
102
RTVSPost2010PropOp41
 70
     1
102
RTVSPost2010Prop42
 90
       50
102
RTVSPost2010PropOp42
 70
     1
102
RTVSPost2010Prop43
 90
        3
102
RTVSPost2010PropOp43
 70
     1
102
RTVSPost2010Prop44ColorIndex
 90
        5
102
RTVSPost2010Prop44ColorRGB
 90
      255
102
RTVSPost2010PropOp44
 70
     1
102
RTVSPost2010Prop45
280
     0
102
RTVSPost2010PropOp45
 70
     1
102
RTVSPost2010Prop46
 90
       50
102
RTVSPost2010PropOp46
 70
     1
102
RTVSPost2010Prop47
 90
       50
102
RTVSPost2010PropOp47
 70
     1
102
RTVSPost2010Prop48
 90
       50
102
RTVSPost2010PropOp48
 70
     1
102
RTVSPost2010Prop49
280
     0
102
RTVSPost2010PropOp49
 70
     1
102
RTVSPost2010Prop50
 90
       50
102
RTVSPost2010PropOp50
 70
     1
102
RTVSPost2010Prop51ColorIndex
 90
      256
102
RTVSPost2010Prop51ColorRGB
 90
-16777216
102
RTVSPost2010PropOp51
 70
     0
102
RTVSPost2010Prop52
140
1.0
102
RTVSPost2010PropOp52
 70
     0
102
RTVSPost2010Prop53
 90
        2
102
RTVSPost2010PropOp53
 70
     1
102
RTVSPost2010Prop54
  1
strokes_ogs.tif
102
RTVSPost2010PropOp54
 70
     1
102
RTVSPost2010Prop55
280
     0
102
RTVSPost2010PropOp55
 70
     1
102
RTVSPost2010Prop56
140
1.0
102
RTVSPost2010PropOp56
 70
     1
102
RTVSPost2010Prop57
140
1.0
102
RTVSPost2010PropOp57
 70
     1
  0
XRECORD
  5
221
102
{ACAD_REACTORS
330
220
102
}
330
220
100
AcDbXrecord
280
     1
102
RTVSPropertyOp0
 70
     1
102
RTVSPropertyOp1
 70
     1
102
RTVSPropertyOp2
 70
     1
102
RTVSPropertyOp3
 70
     1
102
RTVSPropertyOp4
 70
     1
102
RTVSPropertyOp5
 70
     1
102
RTVSPropertyOp6
 70
     1
102
RTVSPropertyOp7
 70
     1
102
RTVSPropertyOp8
 70
     1
102
RTVSPropertyOp9
 70
     1
102
RTVSPropertyOp10
 70
     1
102
RTVSPropertyOp11
 70
     1
102
RTVSPropertyOp12
 70
     1
102
RTVSPropertyOp13
 70
     1
102
RTVSPropertyOp14
 70
     1
102
RTVSPropertyOp15
 70
     1
102
RTVSPropertyOp16
 70
     1
102
RTVSPropertyOp17
 70
     1
102
RTVSPropertyOp18
 70
     1
102
RTVSPropertyOp19
 70
     1
102
RTVSPropertyOp20
 70
     1
102
RTVSPropertyOp21
 70
     1
102
RTVSPropertyOp22
 70
     1
102
RTVSPropertyOp23
 70
     1
102
RTVSPropertyOp24
 70
     1
102
RTVSPropertyOp25
 70
     1
102
RTVSPropertyOp26
 70
     1
102
RTVSPropertyOp27
 70
     1
102
RTVSPropertyOp28
 70
     1
102
RTVSPropertyOp29
 70
     1
102
RTVSPropertyOp30
 70
     1
102
RTVSPropertyOp31
 70
     1
102
RTVSPropertyOp32
 70
     1
102
RTVSPropertyOp33
 70
     1
102
RTVSPropertyOp34
 70
     1
102
RTVSPropertyOp35
 70
     1
102
RTVSPropertyOp36
 70
     1
102
RTVSPropertyOp37
 70
     1
102
RTVSPropertyOp38
 70
     1
102
RTVSPropertyOp39
 70
     1
102
RTVSPropertyOp40
 70
     1
102
RTVSPropertyOp41
 70
     1
102
RTVSPropertyOp42
 70
     1
102
RTVSPropertyOp43
 70
     1
102
RTVSPropertyOp44
 70
     1
102
RTVSPropertyOp45
 70
     1
102
RTVSPropertyOp46
 70
     1
102
RTVSPropertyOp47
 70
     1
102
RTVSPropertyOp48
 70
     1
102
RTVSPropertyOp49
 70
     1
102
RTVSPropertyOp50
 70
     1
102
RTVSPropertyOp51
 70
     0
102
RTVSPropertyOp52
 70
     0
102
RTVSPropertyOp53
 70
     1
102
RTVSPropertyOp54
 70
     1
102
RTVSPropertyOp55
 70
     1
102
RTVSPropertyOp56
 70
     1
102
RTVSPropertyOp57
 70
     1
102
RTVSPost2010Prop28
280
     0
102
RTVSPost2010PropOp28
 70
     1
102
RTVSPost2010Prop29
280
     1
102
RTVSPost2010PropOp29
 70
     1
102
RTVSPost2010Prop30
280
     1
102
RTVSPost2010PropOp30
 70
     1
102
RTVSPost2010Prop31
280
     0
102
RTVSPost2010PropOp31
 70
     1
102
RTVSPost2010Prop32
280
     0
102
RTVSPost2010PropOp32
 70
     1
102
RTVSPost2010Prop33
280
     0
102
RTVSPost2010PropOp33
 70
     1
102
RTVSPost2010Prop34
280
     0
102
RTVSPost2010PropOp34
 70
     1
102
RTVSPost2010Prop35
280
     0
102
RTVSPost2010PropOp35
 70
     1
102
RTVSPost2010Prop36
280
     0
102
RTVSPost2010PropOp36
 70
     1
102
RTVSPost2010Prop37
 90
       50
102
RTVSPost2010PropOp37
 70
     1
102
RTVSPost2010Prop38
140
0.0
102
RTVSPost2010PropOp38
 70
     1
102
RTVSPost2010Prop39
140
1.0
102
RTVSPost2010PropOp39
 70
     1
102
RTVSPost2010Prop40
 90
        0
102
RTVSPost2010PropOp40
 70
     1
102
RTVSPost2010Prop41ColorIndex
 90
       18
102
RTVSPost2010Prop41ColorRGB
 90
        0
102
RTVSPost2010PropOp41
 70
     1
102
RTVSPost2010Prop42
 90
       50
102
RTVSPost2010PropOp42
 70
     1
102
RTVSPost2010Prop43
 90
        3
102
RTVSPost2010PropOp43
 70
     1
102
RTVSPost2010Prop44ColorIndex
 90
        5
102
RTVSPost2010Prop44ColorRGB
 90
      255
102
RTVSPost2010PropOp44
 70
     1
102
RTVSPost2010Prop45
280
     0
102
RTVSPost2010PropOp45
 70
     1
102
RTVSPost2010Prop46
 90
       50
102
RTVSPost2010PropOp46
 70
     1
102
RTVSPost2010Prop47
 90
       50
102
RTVSPost2010PropOp47
 70
     1
102
RTVSPost2010Prop48
 90
       50
102
RTVSPost2010PropOp48
 70
     1
102
RTVSPost2010Prop49
280
     0
102
RTVSPost2010PropOp49
 70
     1
102
RTVSPost2010Prop50
 90
       50
102
RTVSPost2010PropOp50
 70
     1
102
RTVSPost2010Prop51ColorIndex
 90
      256
102
RTVSPost2010Prop51ColorRGB
 90
-16777216
102
RTVSPost2010PropOp51
 70
     0
102
RTVSPost2010Prop52
140
1.0
102
RTVSPost2010PropOp52
 70
     0
102
RTVSPost2010Prop53
 90
        2
102
RTVSPost2010PropOp53
 70
     1
102
RTVSPost2010Prop54
  1
strokes_ogs.tif
102
RTVSPost2010PropOp54
 70
     1
102
RTVSPost2010Prop55
280
     0
102
RTVSPost2010PropOp55
 70
     1
102
RTVSPost2010Prop56
140
1.0
102
RTVSPost2010PropOp56
 70
     1
102
RTVSPost2010Prop57
140
1.0
102
RTVSPost2010PropOp57
 70
     1
  0
XRECORD
  5
227
102
{ACAD_REACTORS
330
226
102
}
330
226
100
AcDbXrecord
280
     1
102
RTVSPropertyOp0
 70
     1
102
RTVSPropertyOp1
 70
     1
102
RTVSPropertyOp2
 70
     1
102
RTVSPropertyOp3
 70
     1
102
RTVSPropertyOp4
 70
     1
102
RTVSPropertyOp5
 70
     1
102
RTVSPropertyOp6
 70
     1
102
RTVSPropertyOp7
 70
     1
102
RTVSPropertyOp8
 70
     1
102
RTVSPropertyOp9
 70
     1
102
RTVSPropertyOp10
 70
     1
102
RTVSPropertyOp11
 70
     1
102
RTVSPropertyOp12
 70
     1
102
RTVSPropertyOp13
 70
     1
102
RTVSPropertyOp14
 70
     1
102
RTVSPropertyOp15
 70
     1
102
RTVSPropertyOp16
 70
     1
102
RTVSPropertyOp17
 70
     1
102
RTVSPropertyOp18
 70
     1
102
RTVSPropertyOp19
 70
     1
102
RTVSPropertyOp20
 70
     1
102
RTVSPropertyOp21
 70
     1
102
RTVSPropertyOp22
 70
     1
102
RTVSPropertyOp23
 70
     1
102
RTVSPropertyOp24
 70
     1
102
RTVSPropertyOp25
 70
     1
102
RTVSPropertyOp26
 70
     1
102
RTVSPropertyOp27
 70
     1
102
RTVSPropertyOp28
 70
     1
102
RTVSPropertyOp29
 70
     1
102
RTVSPropertyOp30
 70
     1
102
RTVSPropertyOp31
 70
     1
102
RTVSPropertyOp32
 70
     1
102
RTVSPropertyOp33
 70
     1
102
RTVSPropertyOp34
 70
     1
102
RTVSPropertyOp35
 70
     1
102
RTVSPropertyOp36
 70
     1
102
RTVSPropertyOp37
 70
     1
102
RTVSPropertyOp38
 70
     1
102
RTVSPropertyOp39
 70
     1
102
RTVSPropertyOp40
 70
     1
102
RTVSPropertyOp41
 70
     1
102
RTVSPropertyOp42
 70
     1
102
RTVSPropertyOp43
 70
     1
102
RTVSPropertyOp44
 70
     1
102
RTVSPropertyOp45
 70
     1
102
RTVSPropertyOp46
 70
     1
102
RTVSPropertyOp47
 70
     1
102
RTVSPropertyOp48
 70
     1
102
RTVSPropertyOp49
 70
     1
102
RTVSPropertyOp50
 70
     1
102
RTVSPropertyOp51
 70
     0
102
RTVSPropertyOp52
 70
     0
102
RTVSPropertyOp53
 70
     1
102
RTVSPropertyOp54
 70
     1
102
RTVSPropertyOp55
 70
     1
102
RTVSPropertyOp56
 70
     1
102
RTVSPropertyOp57
 70
     1
102
RTVSPost2010Prop28
280
     0
102
RTVSPost2010PropOp28
 70
     1
102
RTVSPost2010Prop29
280
     1
102
RTVSPost2010PropOp29
 70
     1
102
RTVSPost2010Prop30
280
     1
102
RTVSPost2010PropOp30
 70
     1
102
RTVSPost2010Prop31
280
     0
102
RTVSPost2010PropOp31
 70
     1
102
RTVSPost2010Prop32
280
     0
102
RTVSPost2010PropOp32
 70
     1
102
RTVSPost2010Prop33
280
     0
102
RTVSPost2010PropOp33
 70
     1
102
RTVSPost2010Prop34
280
     0
102
RTVSPost2010PropOp34
 70
     1
102
RTVSPost2010Prop35
280
     0
102
RTVSPost2010PropOp35
 70
     1
102
RTVSPost2010Prop36
280
     0
102
RTVSPost2010PropOp36
 70
     1
102
RTVSPost2010Prop37
 90
       50
102
RTVSPost2010PropOp37
 70
     1
102
RTVSPost2010Prop38
140
0.0
102
RTVSPost2010PropOp38
 70
     1
102
RTVSPost2010Prop39
140
1.0
102
RTVSPost2010PropOp39
 70
     1
102
RTVSPost2010Prop40
 90
        0
102
RTVSPost2010PropOp40
 70
     1
102
RTVSPost2010Prop41ColorIndex
 90
       18
102
RTVSPost2010Prop41ColorRGB
 90
        0
102
RTVSPost2010PropOp41
 70
     1
102
RTVSPost2010Prop42
 90
       50
102
RTVSPost2010PropOp42
 70
     1
102
RTVSPost2010Prop43
 90
        3
102
RTVSPost2010PropOp43
 70
     1
102
RTVSPost2010Prop44ColorIndex
 90
        5
102
RTVSPost2010Prop44ColorRGB
 90
      255
102
RTVSPost2010PropOp44
 70
     1
102
RTVSPost2010Prop45
280
     0
102
RTVSPost2010PropOp45
 70
     1
102
RTVSPost2010Prop46
 90
       50
102
RTVSPost2010PropOp46
 70
     1
102
RTVSPost2010Prop47
 90
       50
102
RTVSPost2010PropOp47
 70
     1
102
RTVSPost2010Prop48
 90
       50
102
RTVSPost2010PropOp48
 70
     1
102
RTVSPost2010Prop49
280
     0
102
RTVSPost2010PropOp49
 70
     1
102
RTVSPost2010Prop50
 90
       50
102
RTVSPost2010PropOp50
 70
     1
102
RTVSPost2010Prop51ColorIndex
 90
      256
102
RTVSPost2010Prop51ColorRGB
 90
-16777216
102
RTVSPost2010PropOp51
 70
     0
102
RTVSPost2010Prop52
140
1.0
102
RTVSPost2010PropOp52
 70
     0
102
RTVSPost2010Prop53
 90
        2
102
RTVSPost2010PropOp53
 70
     1
102
RTVSPost2010Prop54
  1
strokes_ogs.tif
102
RTVSPost2010PropOp54
 70
     1
102
RTVSPost2010Prop55
280
     0
102
RTVSPost2010PropOp55
 70
     1
102
RTVSPost2010Prop56
140
1.0
102
RTVSPost2010PropOp56
 70
     1
102
RTVSPost2010Prop57
140
1.0
102
RTVSPost2010PropOp57
 70
     1
  0
XRECORD
  5
23B
102
{ACAD_REACTORS
330
23A
102
}
330
23A
100
AcDbXrecord
280
     1
102
RTVSPropertyOp0
 70
     0
102
RTVSPropertyOp1
 70
     0
102
RTVSPropertyOp2
 70
     0
102
RTVSPropertyOp3
 70
     0
102
RTVSPropertyOp4
 70
     0
102
RTVSPropertyOp5
 70
     0
102
RTVSPropertyOp6
 70
     0
102
RTVSPropertyOp7
 70
     0
102
RTVSPropertyOp8
 70
     0
102
RTVSPropertyOp9
 70
     0
102
RTVSPropertyOp10
 70
     0
102
RTVSPropertyOp11
 70
     0
102
RTVSPropertyOp12
 70
     0
102
RTVSPropertyOp13
 70
     0
102
RTVSPropertyOp14
 70
     2
102
RTVSPropertyOp15
 70
     0
102
RTVSPropertyOp16
 70
     0
102
RTVSPropertyOp17
 70
     0
102
RTVSPropertyOp18
 70
     0
102
RTVSPropertyOp19
 70
     0
102
RTVSPropertyOp20
 70
     0
102
RTVSPropertyOp21
 70
     0
102
RTVSPropertyOp22
 70
     0
102
RTVSPropertyOp23
 70
     0
102
RTVSPropertyOp24
 70
     0
102
RTVSPropertyOp25
 70
     0
102
RTVSPropertyOp26
 70
     0
102
RTVSPropertyOp27
 70
     0
102
RTVSPropertyOp28
 70
     0
102
RTVSPropertyOp29
 70
     0
102
RTVSPropertyOp30
 70
     0
102
RTVSPropertyOp31
 70
     0
102
RTVSPropertyOp32
 70
     0
102
RTVSPropertyOp33
 70
     0
102
RTVSPropertyOp34
 70
     0
102
RTVSPropertyOp35
 70
     0
102
RTVSPropertyOp36
 70
     0
102
RTVSPropertyOp37
 70
     0
102
RTVSPropertyOp38
 70
     0
102
RTVSPropertyOp39
 70
     0
102
RTVSPropertyOp40
 70
     0
102
RTVSPropertyOp41
 70
     0
102
RTVSPropertyOp42
 70
     0
102
RTVSPropertyOp43
 70
     0
102
RTVSPropertyOp44
 70
     0
102
RTVSPropertyOp45
 70
     0
102
RTVSPropertyOp46
 70
     0
102
RTVSPropertyOp47
 70
     0
102
RTVSPropertyOp48
 70
     0
102
RTVSPropertyOp49
 70
     0
102
RTVSPropertyOp50
 70
     0
102
RTVSPropertyOp51
 70
     0
102
RTVSPropertyOp52
 70
     0
102
RTVSPropertyOp53
 70
     0
102
RTVSPropertyOp54
 70
     0
102
RTVSPropertyOp55
 70
     0
102
RTVSPropertyOp56
 70
     0
102
RTVSPropertyOp57
 70
     0
102
RTVSPost2010Prop28
280
     0
102
RTVSPost2010PropOp28
 70
     0
102
RTVSPost2010Prop29
280
     1
102
RTVSPost2010PropOp29
 70
     0
102
RTVSPost2010Prop30
280
     1
102
RTVSPost2010PropOp30
 70
     0
102
RTVSPost2010Prop31
280
     0
102
RTVSPost2010PropOp31
 70
     0
102
RTVSPost2010Prop32
280
     0
102
RTVSPost2010PropOp32
 70
     0
102
RTVSPost2010Prop33
280
     0
102
RTVSPost2010PropOp33
 70
     0
102
RTVSPost2010Prop34
280
     0
102
RTVSPost2010PropOp34
 70
     0
102
RTVSPost2010Prop35
280
     0
102
RTVSPost2010PropOp35
 70
     0
102
RTVSPost2010Prop36
280
     0
102
RTVSPost2010PropOp36
 70
     0
102
RTVSPost2010Prop37
 90
       50
102
RTVSPost2010PropOp37
 70
     0
102
RTVSPost2010Prop38
140
0.0
102
RTVSPost2010PropOp38
 70
     0
102
RTVSPost2010Prop39
140
1.0
102
RTVSPost2010PropOp39
 70
     0
102
RTVSPost2010Prop40
 90
        0
102
RTVSPost2010PropOp40
 70
     0
102
RTVSPost2010Prop41ColorIndex
 90
       18
102
RTVSPost2010Prop41ColorRGB
 90
        0
102
RTVSPost2010PropOp41
 70
     0
102
RTVSPost2010Prop42
 90
       50
102
RTVSPost2010PropOp42
 70
     0
102
RTVSPost2010Prop43
 90
        3
102
RTVSPost2010PropOp43
 70
     0
102
RTVSPost2010Prop44ColorIndex
 90
        5
102
RTVSPost2010Prop44ColorRGB
 90
      255
102
RTVSPost2010PropOp44
 70
     0
102
RTVSPost2010Prop45
280
     0
102
RTVSPost2010PropOp45
 70
     0
102
RTVSPost2010Prop46
 90
       50
102
RTVSPost2010PropOp46
 70
     0
102
RTVSPost2010Prop47
 90
       50
102
RTVSPost2010PropOp47
 70
     0
102
RTVSPost2010Prop48
 90
       50
102
RTVSPost2010PropOp48
 70
     0
102
RTVSPost2010Prop49
280
     0
102
RTVSPost2010PropOp49
 70
     0
102
RTVSPost2010Prop50
 90
       50
102
RTVSPost2010PropOp50
 70
     0
102
RTVSPost2010Prop51ColorIndex
 90
      256
102
RTVSPost2010Prop51ColorRGB
 90
-16777216
102
RTVSPost2010PropOp51
 70
     0
102
RTVSPost2010Prop52
140
1.0
102
RTVSPost2010PropOp52
 70
     0
102
RTVSPost2010Prop53
 90
        2
102
RTVSPost2010PropOp53
 70
     0
102
RTVSPost2010Prop54
  1
strokes_ogs.tif
102
RTVSPost2010PropOp54
 70
     0
102
RTVSPost2010Prop55
280
     0
102
RTVSPost2010PropOp55
 70
     0
102
RTVSPost2010Prop56
140
1.0
102
RTVSPost2010PropOp56
 70
     0
102
RTVSPost2010Prop57
140
1.0
102
RTVSPost2010PropOp57
 70
     0
  0
XRECORD
  5
235
102
{ACAD_REACTORS
330
234
102
}
330
234
100
AcDbXrecord
280
     1
102
RTVSPropertyOp0
 70
     1
102
RTVSPropertyOp1
 70
     1
102
RTVSPropertyOp2
 70
     1
102
RTVSPropertyOp3
 70
     1
102
RTVSPropertyOp4
 70
     1
102
RTVSPropertyOp5
 70
     1
102
RTVSPropertyOp6
 70
     1
102
RTVSPropertyOp7
 70
     1
102
RTVSPropertyOp8
 70
     1
102
RTVSPropertyOp9
 70
     1
102
RTVSPropertyOp10
 70
     1
102
RTVSPropertyOp11
 70
     1
102
RTVSPropertyOp12
 70
     1
102
RTVSPropertyOp13
 70
     1
102
RTVSPropertyOp14
 70
     1
102
RTVSPropertyOp15
 70
     1
102
RTVSPropertyOp16
 70
     1
102
RTVSPropertyOp17
 70
     1
102
RTVSPropertyOp18
 70
     1
102
RTVSPropertyOp19
 70
     1
102
RTVSPropertyOp20
 70
     1
102
RTVSPropertyOp21
 70
     1
102
RTVSPropertyOp22
 70
     1
102
RTVSPropertyOp23
 70
     1
102
RTVSPropertyOp24
 70
     1
102
RTVSPropertyOp25
 70
     1
102
RTVSPropertyOp26
 70
     1
102
RTVSPropertyOp27
 70
     1
102
RTVSPropertyOp28
 70
     1
102
RTVSPropertyOp29
 70
     1
102
RTVSPropertyOp30
 70
     1
102
RTVSPropertyOp31
 70
     1
102
RTVSPropertyOp32
 70
     1
102
RTVSPropertyOp33
 70
     1
102
RTVSPropertyOp34
 70
     1
102
RTVSPropertyOp35
 70
     1
102
RTVSPropertyOp36
 70
     1
102
RTVSPropertyOp37
 70
     1
102
RTVSPropertyOp38
 70
     1
102
RTVSPropertyOp39
 70
     1
102
RTVSPropertyOp40
 70
     1
102
RTVSPropertyOp41
 70
     1
102
RTVSPropertyOp42
 70
     1
102
RTVSPropertyOp43
 70
     1
102
RTVSPropertyOp44
 70
     1
102
RTVSPropertyOp45
 70
     1
102
RTVSPropertyOp46
 70
     1
102
RTVSPropertyOp47
 70
     1
102
RTVSPropertyOp48
 70
     1
102
RTVSPropertyOp49
 70
     1
102
RTVSPropertyOp50
 70
     1
102
RTVSPropertyOp51
 70
     0
102
RTVSPropertyOp52
 70
     0
102
RTVSPropertyOp53
 70
     1
102
RTVSPropertyOp54
 70
     1
102
RTVSPropertyOp55
 70
     1
102
RTVSPropertyOp56
 70
     1
102
RTVSPropertyOp57
 70
     1
102
RTVSPost2010Prop28
280
     0
102
RTVSPost2010PropOp28
 70
     1
102
RTVSPost2010Prop29
280
     1
102
RTVSPost2010PropOp29
 70
     1
102
RTVSPost2010Prop30
280
     1
102
RTVSPost2010PropOp30
 70
     1
102
RTVSPost2010Prop31
280
     0
102
RTVSPost2010PropOp31
 70
     1
102
RTVSPost2010Prop32
280
     0
102
RTVSPost2010PropOp32
 70
     1
102
RTVSPost2010Prop33
280
     0
102
RTVSPost2010PropOp33
 70
     1
102
RTVSPost2010Prop34
280
     0
102
RTVSPost2010PropOp34
 70
     1
102
RTVSPost2010Prop35
280
     0
102
RTVSPost2010PropOp35
 70
     1
102
RTVSPost2010Prop36
280
     0
102
RTVSPost2010PropOp36
 70
     1
102
RTVSPost2010Prop37
 90
       50
102
RTVSPost2010PropOp37
 70
     1
102
RTVSPost2010Prop38
140
0.0
102
RTVSPost2010PropOp38
 70
     1
102
RTVSPost2010Prop39
140
1.0
102
RTVSPost2010PropOp39
 70
     1
102
RTVSPost2010Prop40
 90
        0
102
RTVSPost2010PropOp40
 70
     1
102
RTVSPost2010Prop41ColorIndex
 90
       18
102
RTVSPost2010Prop41ColorRGB
 90
        0
102
RTVSPost2010PropOp41
 70
     1
102
RTVSPost2010Prop42
 90
       50
102
RTVSPost2010PropOp42
 70
     1
102
RTVSPost2010Prop43
 90
        3
102
RTVSPost2010PropOp43
 70
     1
102
RTVSPost2010Prop44ColorIndex
 90
        5
102
RTVSPost2010Prop44ColorRGB
 90
      255
102
RTVSPost2010PropOp44
 70
     1
102
RTVSPost2010Prop45
280
     0
102
RTVSPost2010PropOp45
 70
     1
102
RTVSPost2010Prop46
 90
       50
102
RTVSPost2010PropOp46
 70
     1
102
RTVSPost2010Prop47
 90
       50
102
RTVSPost2010PropOp47
 70
     1
102
RTVSPost2010Prop48
 90
       50
102
RTVSPost2010PropOp48
 70
     1
102
RTVSPost2010Prop49
280
     0
102
RTVSPost2010PropOp49
 70
     1
102
RTVSPost2010Prop50
 90
       50
102
RTVSPost2010PropOp50
 70
     1
102
RTVSPost2010Prop51ColorIndex
 90
      256
102
RTVSPost2010Prop51ColorRGB
 90
-16777216
102
RTVSPost2010PropOp51
 70
     0
102
RTVSPost2010Prop52
140
1.0
102
RTVSPost2010PropOp52
 70
     0
102
RTVSPost2010Prop53
 90
        2
102
RTVSPost2010PropOp53
 70
     1
102
RTVSPost2010Prop54
  1
strokes_ogs.tif
102
RTVSPost2010PropOp54
 70
     1
102
RTVSPost2010Prop55
280
     0
102
RTVSPost2010PropOp55
 70
     1
102
RTVSPost2010Prop56
140
1.0
102
RTVSPost2010PropOp56
 70
     1
102
RTVSPost2010Prop57
140
1.0
102
RTVSPost2010PropOp57
 70
     1
  0
XRECORD
  5
23D
102
{ACAD_REACTORS
330
23C
102
}
330
23C
100
AcDbXrecord
280
     1
102
RTVSPropertyOp0
 70
     0
102
RTVSPropertyOp1
 70
     0
102
RTVSPropertyOp2
 70
     0
102
RTVSPropertyOp3
 70
     0
102
RTVSPropertyOp4
 70
     0
102
RTVSPropertyOp5
 70
     0
102
RTVSPropertyOp6
 70
     0
102
RTVSPropertyOp7
 70
     0
102
RTVSPropertyOp8
 70
     0
102
RTVSPropertyOp9
 70
     0
102
RTVSPropertyOp10
 70
     0
102
RTVSPropertyOp11
 70
     0
102
RTVSPropertyOp12
 70
     0
102
RTVSPropertyOp13
 70
     0
102
RTVSPropertyOp14
 70
     2
102
RTVSPropertyOp15
 70
     0
102
RTVSPropertyOp16
 70
     0
102
RTVSPropertyOp17
 70
     0
102
RTVSPropertyOp18
 70
     0
102
RTVSPropertyOp19
 70
     0
102
RTVSPropertyOp20
 70
     0
102
RTVSPropertyOp21
 70
     0
102
RTVSPropertyOp22
 70
     0
102
RTVSPropertyOp23
 70
     0
102
RTVSPropertyOp24
 70
     0
102
RTVSPropertyOp25
 70
     0
102
RTVSPropertyOp26
 70
     0
102
RTVSPropertyOp27
 70
     0
102
RTVSPropertyOp28
 70
     0
102
RTVSPropertyOp29
 70
     0
102
RTVSPropertyOp30
 70
     0
102
RTVSPropertyOp31
 70
     0
102
RTVSPropertyOp32
 70
     0
102
RTVSPropertyOp33
 70
     0
102
RTVSPropertyOp34
 70
     0
102
RTVSPropertyOp35
 70
     0
102
RTVSPropertyOp36
 70
     0
102
RTVSPropertyOp37
 70
     0
102
RTVSPropertyOp38
 70
     0
102
RTVSPropertyOp39
 70
     0
102
RTVSPropertyOp40
 70
     0
102
RTVSPropertyOp41
 70
     0
102
RTVSPropertyOp42
 70
     0
102
RTVSPropertyOp43
 70
     0
102
RTVSPropertyOp44
 70
     0
102
RTVSPropertyOp45
 70
     0
102
RTVSPropertyOp46
 70
     0
102
RTVSPropertyOp47
 70
     0
102
RTVSPropertyOp48
 70
     0
102
RTVSPropertyOp49
 70
     0
102
RTVSPropertyOp50
 70
     0
102
RTVSPropertyOp51
 70
     0
102
RTVSPropertyOp52
 70
     0
102
RTVSPropertyOp53
 70
     0
102
RTVSPropertyOp54
 70
     0
102
RTVSPropertyOp55
 70
     0
102
RTVSPropertyOp56
 70
     0
102
RTVSPropertyOp57
 70
     0
102
RTVSPost2010Prop28
280
     0
102
RTVSPost2010PropOp28
 70
     0
102
RTVSPost2010Prop29
280
     1
102
RTVSPost2010PropOp29
 70
     0
102
RTVSPost2010Prop30
280
     1
102
RTVSPost2010PropOp30
 70
     0
102
RTVSPost2010Prop31
280
     0
102
RTVSPost2010PropOp31
 70
     0
102
RTVSPost2010Prop32
280
     0
102
RTVSPost2010PropOp32
 70
     0
102
RTVSPost2010Prop33
280
     0
102
RTVSPost2010PropOp33
 70
     0
102
RTVSPost2010Prop34
280
     0
102
RTVSPost2010PropOp34
 70
     0
102
RTVSPost2010Prop35
280
     0
102
RTVSPost2010PropOp35
 70
     0
102
RTVSPost2010Prop36
280
     0
102
RTVSPost2010PropOp36
 70
     0
102
RTVSPost2010Prop37
 90
       50
102
RTVSPost2010PropOp37
 70
     0
102
RTVSPost2010Prop38
140
0.0
102
RTVSPost2010PropOp38
 70
     0
102
RTVSPost2010Prop39
140
1.0
102
RTVSPost2010PropOp39
 70
     0
102
RTVSPost2010Prop40
 90
        0
102
RTVSPost2010PropOp40
 70
     0
102
RTVSPost2010Prop41ColorIndex
 90
       18
102
RTVSPost2010Prop41ColorRGB
 90
        0
102
RTVSPost2010PropOp41
 70
     0
102
RTVSPost2010Prop42
 90
       50
102
RTVSPost2010PropOp42
 70
     0
102
RTVSPost2010Prop43
 90
        3
102
RTVSPost2010PropOp43
 70
     0
102
RTVSPost2010Prop44ColorIndex
 90
        5
102
RTVSPost2010Prop44ColorRGB
 90
      255
102
RTVSPost2010PropOp44
 70
     0
102
RTVSPost2010Prop45
280
     0
102
RTVSPost2010PropOp45
 70
     0
102
RTVSPost2010Prop46
 90
       50
102
RTVSPost2010PropOp46
 70
     0
102
RTVSPost2010Prop47
 90
       50
102
RTVSPost2010PropOp47
 70
     0
102
RTVSPost2010Prop48
 90
       50
102
RTVSPost2010PropOp48
 70
     0
102
RTVSPost2010Prop49
280
     0
102
RTVSPost2010PropOp49
 70
     0
102
RTVSPost2010Prop50
 90
       50
102
RTVSPost2010PropOp50
 70
     0
102
RTVSPost2010Prop51ColorIndex
 90
      256
102
RTVSPost2010Prop51ColorRGB
 90
-16777216
102
RTVSPost2010PropOp51
 70
     0
102
RTVSPost2010Prop52
140
1.0
102
RTVSPost2010PropOp52
 70
     0
102
RTVSPost2010Prop53
 90
        2
102
RTVSPost2010PropOp53
 70
     0
102
RTVSPost2010Prop54
  1
strokes_ogs.tif
102
RTVSPost2010PropOp54
 70
     0
102
RTVSPost2010Prop55
280
     0
102
RTVSPost2010PropOp55
 70
     0
102
RTVSPost2010Prop56
140
1.0
102
RTVSPost2010PropOp56
 70
     0
102
RTVSPost2010Prop57
140
1.0
102
RTVSPost2010PropOp57
 70
     0
  0
XRECORD
  5
22B
102
{ACAD_REACTORS
330
22A
102
}
330
22A
100
AcDbXrecord
280
     1
102
RTVSPropertyOp0
 70
     1
102
RTVSPropertyOp1
 70
     1
102
RTVSPropertyOp2
 70
     1
102
RTVSPropertyOp3
 70
     1
102
RTVSPropertyOp4
 70
     1
102
RTVSPropertyOp5
 70
     1
102
RTVSPropertyOp6
 70
     1
102
RTVSPropertyOp7
 70
     1
102
RTVSPropertyOp8
 70
     1
102
RTVSPropertyOp9
 70
     1
102
RTVSPropertyOp10
 70
     1
102
RTVSPropertyOp11
 70
     1
102
RTVSPropertyOp12
 70
     1
102
RTVSPropertyOp13
 70
     1
102
RTVSPropertyOp14
 70
     1
102
RTVSPropertyOp15
 70
     1
102
RTVSPropertyOp16
 70
     1
102
RTVSPropertyOp17
 70
     1
102
RTVSPropertyOp18
 70
     1
102
RTVSPropertyOp19
 70
     1
102
RTVSPropertyOp20
 70
     1
102
RTVSPropertyOp21
 70
     1
102
RTVSPropertyOp22
 70
     1
102
RTVSPropertyOp23
 70
     1
102
RTVSPropertyOp24
 70
     1
102
RTVSPropertyOp25
 70
     1
102
RTVSPropertyOp26
 70
     1
102
RTVSPropertyOp27
 70
     1
102
RTVSPropertyOp28
 70
     1
102
RTVSPropertyOp29
 70
     1
102
RTVSPropertyOp30
 70
     1
102
RTVSPropertyOp31
 70
     1
102
RTVSPropertyOp32
 70
     1
102
RTVSPropertyOp33
 70
     1
102
RTVSPropertyOp34
 70
     1
102
RTVSPropertyOp35
 70
     1
102
RTVSPropertyOp36
 70
     1
102
RTVSPropertyOp37
 70
     1
102
RTVSPropertyOp38
 70
     1
102
RTVSPropertyOp39
 70
     1
102
RTVSPropertyOp40
 70
     1
102
RTVSPropertyOp41
 70
     1
102
RTVSPropertyOp42
 70
     1
102
RTVSPropertyOp43
 70
     1
102
RTVSPropertyOp44
 70
     1
102
RTVSPropertyOp45
 70
     1
102
RTVSPropertyOp46
 70
     1
102
RTVSPropertyOp47
 70
     1
102
RTVSPropertyOp48
 70
     1
102
RTVSPropertyOp49
 70
     1
102
RTVSPropertyOp50
 70
     1
102
RTVSPropertyOp51
 70
     0
102
RTVSPropertyOp52
 70
     0
102
RTVSPropertyOp53
 70
     1
102
RTVSPropertyOp54
 70
     1
102
RTVSPropertyOp55
 70
     1
102
RTVSPropertyOp56
 70
     1
102
RTVSPropertyOp57
 70
     1
102
RTVSPost2010Prop28
280
     0
102
RTVSPost2010PropOp28
 70
     1
102
RTVSPost2010Prop29
280
     1
102
RTVSPost2010PropOp29
 70
     1
102
RTVSPost2010Prop30
280
     1
102
RTVSPost2010PropOp30
 70
     1
102
RTVSPost2010Prop31
280
     0
102
RTVSPost2010PropOp31
 70
     1
102
RTVSPost2010Prop32
280
     0
102
RTVSPost2010PropOp32
 70
     1
102
RTVSPost2010Prop33
280
     0
102
RTVSPost2010PropOp33
 70
     1
102
RTVSPost2010Prop34
280
     0
102
RTVSPost2010PropOp34
 70
     1
102
RTVSPost2010Prop35
280
     0
102
RTVSPost2010PropOp35
 70
     1
102
RTVSPost2010Prop36
280
     0
102
RTVSPost2010PropOp36
 70
     1
102
RTVSPost2010Prop37
 90
       50
102
RTVSPost2010PropOp37
 70
     1
102
RTVSPost2010Prop38
140
0.0
102
RTVSPost2010PropOp38
 70
     1
102
RTVSPost2010Prop39
140
1.0
102
RTVSPost2010PropOp39
 70
     1
102
RTVSPost2010Prop40
 90
        0
102
RTVSPost2010PropOp40
 70
     1
102
RTVSPost2010Prop41ColorIndex
 90
       18
102
RTVSPost2010Prop41ColorRGB
 90
        0
102
RTVSPost2010PropOp41
 70
     1
102
RTVSPost2010Prop42
 90
       50
102
RTVSPost2010PropOp42
 70
     1
102
RTVSPost2010Prop43
 90
        3
102
RTVSPost2010PropOp43
 70
     1
102
RTVSPost2010Prop44ColorIndex
 90
        5
102
RTVSPost2010Prop44ColorRGB
 90
      255
102
RTVSPost2010PropOp44
 70
     1
102
RTVSPost2010Prop45
280
     0
102
RTVSPost2010PropOp45
 70
     1
102
RTVSPost2010Prop46
 90
       50
102
RTVSPost2010PropOp46
 70
     1
102
RTVSPost2010Prop47
 90
       50
102
RTVSPost2010PropOp47
 70
     1
102
RTVSPost2010Prop48
 90
       50
102
RTVSPost2010PropOp48
 70
     1
102
RTVSPost2010Prop49
280
     0
102
RTVSPost2010PropOp49
 70
     1
102
RTVSPost2010Prop50
 90
       50
102
RTVSPost2010PropOp50
 70
     1
102
RTVSPost2010Prop51ColorIndex
 90
      256
102
RTVSPost2010Prop51ColorRGB
 90
-16777216
102
RTVSPost2010PropOp51
 70
     0
102
RTVSPost2010Prop52
140
1.0
102
RTVSPost2010PropOp52
 70
     0
102
RTVSPost2010Prop53
 90
        2
102
RTVSPost2010PropOp53
 70
     1
102
RTVSPost2010Prop54
  1
strokes_ogs.tif
102
RTVSPost2010PropOp54
 70
     1
102
RTVSPost2010Prop55
280
     0
102
RTVSPost2010PropOp55
 70
     1
102
RTVSPost2010Prop56
140
1.0
102
RTVSPost2010PropOp56
 70
     1
102
RTVSPost2010Prop57
140
1.0
102
RTVSPost2010PropOp57
 70
     1
  0
XRECORD
  5
249
102
{ACAD_REACTORS
330
248
102
}
330
248
100
AcDbXrecord
280
     1
102
RTVSPropertyOp0
 70
     1
102
RTVSPropertyOp1
 70
     1
102
RTVSPropertyOp2
 70
     1
102
RTVSPropertyOp3
 70
     1
102
RTVSPropertyOp4
 70
     1
102
RTVSPropertyOp5
 70
     1
102
RTVSPropertyOp6
 70
     1
102
RTVSPropertyOp7
 70
     1
102
RTVSPropertyOp8
 70
     1
102
RTVSPropertyOp9
 70
     1
102
RTVSPropertyOp10
 70
     1
102
RTVSPropertyOp11
 70
     1
102
RTVSPropertyOp12
 70
     1
102
RTVSPropertyOp13
 70
     1
102
RTVSPropertyOp14
 70
     1
102
RTVSPropertyOp15
 70
     1
102
RTVSPropertyOp16
 70
     1
102
RTVSPropertyOp17
 70
     1
102
RTVSPropertyOp18
 70
     1
102
RTVSPropertyOp19
 70
     1
102
RTVSPropertyOp20
 70
     1
102
RTVSPropertyOp21
 70
     1
102
RTVSPropertyOp22
 70
     1
102
RTVSPropertyOp23
 70
     1
102
RTVSPropertyOp24
 70
     1
102
RTVSPropertyOp25
 70
     1
102
RTVSPropertyOp26
 70
     1
102
RTVSPropertyOp27
 70
     1
102
RTVSPropertyOp28
 70
     1
102
RTVSPropertyOp29
 70
     1
102
RTVSPropertyOp30
 70
     1
102
RTVSPropertyOp31
 70
     1
102
RTVSPropertyOp32
 70
     1
102
RTVSPropertyOp33
 70
     1
102
RTVSPropertyOp34
 70
     1
102
RTVSPropertyOp35
 70
     1
102
RTVSPropertyOp36
 70
     1
102
RTVSPropertyOp37
 70
     1
102
RTVSPropertyOp38
 70
     1
102
RTVSPropertyOp39
 70
     1
102
RTVSPropertyOp40
 70
     1
102
RTVSPropertyOp41
 70
     1
102
RTVSPropertyOp42
 70
     1
102
RTVSPropertyOp43
 70
     1
102
RTVSPropertyOp44
 70
     1
102
RTVSPropertyOp45
 70
     1
102
RTVSPropertyOp46
 70
     1
102
RTVSPropertyOp47
 70
     1
102
RTVSPropertyOp48
 70
     1
102
RTVSPropertyOp49
 70
     1
102
RTVSPropertyOp50
 70
     1
102
RTVSPropertyOp51
 70
     0
102
RTVSPropertyOp52
 70
     0
102
RTVSPropertyOp53
 70
     1
102
RTVSPropertyOp54
 70
     1
102
RTVSPropertyOp55
 70
     1
102
RTVSPropertyOp56
 70
     1
102
RTVSPropertyOp57
 70
     1
102
RTVSPost2010Prop28
280
     0
102
RTVSPost2010PropOp28
 70
     1
102
RTVSPost2010Prop29
280
     1
102
RTVSPost2010PropOp29
 70
     1
102
RTVSPost2010Prop30
280
     1
102
RTVSPost2010PropOp30
 70
     1
102
RTVSPost2010Prop31
280
     0
102
RTVSPost2010PropOp31
 70
     1
102
RTVSPost2010Prop32
280
     0
102
RTVSPost2010PropOp32
 70
     1
102
RTVSPost2010Prop33
280
     0
102
RTVSPost2010PropOp33
 70
     1
102
RTVSPost2010Prop34
280
     0
102
RTVSPost2010PropOp34
 70
     1
102
RTVSPost2010Prop35
280
     0
102
RTVSPost2010PropOp35
 70
     1
102
RTVSPost2010Prop36
280
     0
102
RTVSPost2010PropOp36
 70
     1
102
RTVSPost2010Prop37
 90
       50
102
RTVSPost2010PropOp37
 70
     1
102
RTVSPost2010Prop38
140
0.0
102
RTVSPost2010PropOp38
 70
     1
102
RTVSPost2010Prop39
140
1.0
102
RTVSPost2010PropOp39
 70
     1
102
RTVSPost2010Prop40
 90
        0
102
RTVSPost2010PropOp40
 70
     1
102
RTVSPost2010Prop41ColorIndex
 90
       18
102
RTVSPost2010Prop41ColorRGB
 90
        0
102
RTVSPost2010PropOp41
 70
     1
102
RTVSPost2010Prop42
 90
       50
102
RTVSPost2010PropOp42
 70
     1
102
RTVSPost2010Prop43
 90
        3
102
RTVSPost2010PropOp43
 70
     1
102
RTVSPost2010Prop44ColorIndex
 90
        5
102
RTVSPost2010Prop44ColorRGB
 90
      255
102
RTVSPost2010PropOp44
 70
     1
102
RTVSPost2010Prop45
280
     0
102
RTVSPost2010PropOp45
 70
     1
102
RTVSPost2010Prop46
 90
       50
102
RTVSPost2010PropOp46
 70
     1
102
RTVSPost2010Prop47
 90
       50
102
RTVSPost2010PropOp47
 70
     1
102
RTVSPost2010Prop48
 90
       50
102
RTVSPost2010PropOp48
 70
     1
102
RTVSPost2010Prop49
280
     0
102
RTVSPost2010PropOp49
 70
     1
102
RTVSPost2010Prop50
 90
       50
102
RTVSPost2010PropOp50
 70
     1
102
RTVSPost2010Prop51ColorIndex
 90
      256
102
RTVSPost2010Prop51ColorRGB
 90
-16777216
102
RTVSPost2010PropOp51
 70
     0
102
RTVSPost2010Prop52
140
1.0
102
RTVSPost2010PropOp52
 70
     0
102
RTVSPost2010Prop53
 90
        2
102
RTVSPost2010PropOp53
 70
     1
102
RTVSPost2010Prop54
  1
strokes_ogs.tif
102
RTVSPost2010PropOp54
 70
     1
102
RTVSPost2010Prop55
280
     0
102
RTVSPost2010PropOp55
 70
     1
102
RTVSPost2010Prop56
140
1.0
102
RTVSPost2010PropOp56
 70
     1
102
RTVSPost2010Prop57
140
1.0
102
RTVSPost2010PropOp57
 70
     1
  0
XRECORD
  5
247
102
{ACAD_REACTORS
330
246
102
}
330
246
100
AcDbXrecord
280
     1
102
RTVSPropertyOp0
 70
     1
102
RTVSPropertyOp1
 70
     1
102
RTVSPropertyOp2
 70
     1
102
RTVSPropertyOp3
 70
     1
102
RTVSPropertyOp4
 70
     1
102
RTVSPropertyOp5
 70
     1
102
RTVSPropertyOp6
 70
     1
102
RTVSPropertyOp7
 70
     1
102
RTVSPropertyOp8
 70
     1
102
RTVSPropertyOp9
 70
     1
102
RTVSPropertyOp10
 70
     1
102
RTVSPropertyOp11
 70
     1
102
RTVSPropertyOp12
 70
     1
102
RTVSPropertyOp13
 70
     1
102
RTVSPropertyOp14
 70
     1
102
RTVSPropertyOp15
 70
     1
102
RTVSPropertyOp16
 70
     1
102
RTVSPropertyOp17
 70
     1
102
RTVSPropertyOp18
 70
     1
102
RTVSPropertyOp19
 70
     1
102
RTVSPropertyOp20
 70
     1
102
RTVSPropertyOp21
 70
     1
102
RTVSPropertyOp22
 70
     1
102
RTVSPropertyOp23
 70
     1
102
RTVSPropertyOp24
 70
     1
102
RTVSPropertyOp25
 70
     1
102
RTVSPropertyOp26
 70
     1
102
RTVSPropertyOp27
 70
     1
102
RTVSPropertyOp28
 70
     1
102
RTVSPropertyOp29
 70
     1
102
RTVSPropertyOp30
 70
     1
102
RTVSPropertyOp31
 70
     1
102
RTVSPropertyOp32
 70
     1
102
RTVSPropertyOp33
 70
     1
102
RTVSPropertyOp34
 70
     1
102
RTVSPropertyOp35
 70
     1
102
RTVSPropertyOp36
 70
     1
102
RTVSPropertyOp37
 70
     1
102
RTVSPropertyOp38
 70
     1
102
RTVSPropertyOp39
 70
     1
102
RTVSPropertyOp40
 70
     1
102
RTVSPropertyOp41
 70
     1
102
RTVSPropertyOp42
 70
     1
102
RTVSPropertyOp43
 70
     1
102
RTVSPropertyOp44
 70
     1
102
RTVSPropertyOp45
 70
     1
102
RTVSPropertyOp46
 70
     1
102
RTVSPropertyOp47
 70
     1
102
RTVSPropertyOp48
 70
     1
102
RTVSPropertyOp49
 70
     1
102
RTVSPropertyOp50
 70
     1
102
RTVSPropertyOp51
 70
     0
102
RTVSPropertyOp52
 70
     0
102
RTVSPropertyOp53
 70
     1
102
RTVSPropertyOp54
 70
     1
102
RTVSPropertyOp55
 70
     1
102
RTVSPropertyOp56
 70
     1
102
RTVSPropertyOp57
 70
     1
102
RTVSPost2010Prop28
280
     0
102
RTVSPost2010PropOp28
 70
     1
102
RTVSPost2010Prop29
280
     1
102
RTVSPost2010PropOp29
 70
     1
102
RTVSPost2010Prop30
280
     1
102
RTVSPost2010PropOp30
 70
     1
102
RTVSPost2010Prop31
280
     0
102
RTVSPost2010PropOp31
 70
     1
102
RTVSPost2010Prop32
280
     0
102
RTVSPost2010PropOp32
 70
     1
102
RTVSPost2010Prop33
280
     0
102
RTVSPost2010PropOp33
 70
     1
102
RTVSPost2010Prop34
280
     0
102
RTVSPost2010PropOp34
 70
     1
102
RTVSPost2010Prop35
280
     0
102
RTVSPost2010PropOp35
 70
     1
102
RTVSPost2010Prop36
280
     0
102
RTVSPost2010PropOp36
 70
     1
102
RTVSPost2010Prop37
 90
       50
102
RTVSPost2010PropOp37
 70
     1
102
RTVSPost2010Prop38
140
0.0
102
RTVSPost2010PropOp38
 70
     1
102
RTVSPost2010Prop39
140
1.0
102
RTVSPost2010PropOp39
 70
     1
102
RTVSPost2010Prop40
 90
        0
102
RTVSPost2010PropOp40
 70
     1
102
RTVSPost2010Prop41ColorIndex
 90
       18
102
RTVSPost2010Prop41ColorRGB
 90
        0
102
RTVSPost2010PropOp41
 70
     1
102
RTVSPost2010Prop42
 90
       50
102
RTVSPost2010PropOp42
 70
     1
102
RTVSPost2010Prop43
 90
        3
102
RTVSPost2010PropOp43
 70
     1
102
RTVSPost2010Prop44ColorIndex
 90
        5
102
RTVSPost2010Prop44ColorRGB
 90
      255
102
RTVSPost2010PropOp44
 70
     1
102
RTVSPost2010Prop45
280
     0
102
RTVSPost2010PropOp45
 70
     1
102
RTVSPost2010Prop46
 90
       50
102
RTVSPost2010PropOp46
 70
     1
102
RTVSPost2010Prop47
 90
       50
102
RTVSPost2010PropOp47
 70
     1
102
RTVSPost2010Prop48
 90
       50
102
RTVSPost2010PropOp48
 70
     1
102
RTVSPost2010Prop49
280
     0
102
RTVSPost2010PropOp49
 70
     1
102
RTVSPost2010Prop50
 90
       50
102
RTVSPost2010PropOp50
 70
     1
102
RTVSPost2010Prop51ColorIndex
 90
      256
102
RTVSPost2010Prop51ColorRGB
 90
-16777216
102
RTVSPost2010PropOp51
 70
     0
102
RTVSPost2010Prop52
140
1.0
102
RTVSPost2010PropOp52
 70
     0
102
RTVSPost2010Prop53
 90
        2
102
RTVSPost2010PropOp53
 70
     1
102
RTVSPost2010Prop54
  1
strokes_ogs.tif
102
RTVSPost2010PropOp54
 70
     1
102
RTVSPost2010Prop55
280
     0
102
RTVSPost2010PropOp55
 70
     1
102
RTVSPost2010Prop56
140
1.0
102
RTVSPost2010PropOp56
 70
     1
102
RTVSPost2010Prop57
140
1.0
102
RTVSPost2010PropOp57
 70
     1
  0
XRECORD
  5
241
102
{ACAD_REACTORS
330
240
102
}
330
240
100
AcDbXrecord
280
     1
102
RTVSPropertyOp0
 70
     1
102
RTVSPropertyOp1
 70
     1
102
RTVSPropertyOp2
 70
     1
102
RTVSPropertyOp3
 70
     1
102
RTVSPropertyOp4
 70
     1
102
RTVSPropertyOp5
 70
     1
102
RTVSPropertyOp6
 70
     1
102
RTVSPropertyOp7
 70
     1
102
RTVSPropertyOp8
 70
     1
102
RTVSPropertyOp9
 70
     1
102
RTVSPropertyOp10
 70
     1
102
RTVSPropertyOp11
 70
     1
102
RTVSPropertyOp12
 70
     1
102
RTVSPropertyOp13
 70
     1
102
RTVSPropertyOp14
 70
     1
102
RTVSPropertyOp15
 70
     1
102
RTVSPropertyOp16
 70
     1
102
RTVSPropertyOp17
 70
     1
102
RTVSPropertyOp18
 70
     1
102
RTVSPropertyOp19
 70
     1
102
RTVSPropertyOp20
 70
     1
102
RTVSPropertyOp21
 70
     1
102
RTVSPropertyOp22
 70
     1
102
RTVSPropertyOp23
 70
     1
102
RTVSPropertyOp24
 70
     1
102
RTVSPropertyOp25
 70
     1
102
RTVSPropertyOp26
 70
     1
102
RTVSPropertyOp27
 70
     1
102
RTVSPropertyOp28
 70
     1
102
RTVSPropertyOp29
 70
     1
102
RTVSPropertyOp30
 70
     1
102
RTVSPropertyOp31
 70
     1
102
RTVSPropertyOp32
 70
     1
102
RTVSPropertyOp33
 70
     1
102
RTVSPropertyOp34
 70
     1
102
RTVSPropertyOp35
 70
     1
102
RTVSPropertyOp36
 70
     1
102
RTVSPropertyOp37
 70
     1
102
RTVSPropertyOp38
 70
     1
102
RTVSPropertyOp39
 70
     1
102
RTVSPropertyOp40
 70
     1
102
RTVSPropertyOp41
 70
     1
102
RTVSPropertyOp42
 70
     1
102
RTVSPropertyOp43
 70
     1
102
RTVSPropertyOp44
 70
     1
102
RTVSPropertyOp45
 70
     1
102
RTVSPropertyOp46
 70
     1
102
RTVSPropertyOp47
 70
     1
102
RTVSPropertyOp48
 70
     1
102
RTVSPropertyOp49
 70
     1
102
RTVSPropertyOp50
 70
     1
102
RTVSPropertyOp51
 70
     0
102
RTVSPropertyOp52
 70
     0
102
RTVSPropertyOp53
 70
     1
102
RTVSPropertyOp54
 70
     1
102
RTVSPropertyOp55
 70
     1
102
RTVSPropertyOp56
 70
     1
102
RTVSPropertyOp57
 70
     1
102
RTVSPost2010Prop28
280
     0
102
RTVSPost2010PropOp28
 70
     1
102
RTVSPost2010Prop29
280
     1
102
RTVSPost2010PropOp29
 70
     1
102
RTVSPost2010Prop30
280
     1
102
RTVSPost2010PropOp30
 70
     1
102
RTVSPost2010Prop31
280
     0
102
RTVSPost2010PropOp31
 70
     1
102
RTVSPost2010Prop32
280
     0
102
RTVSPost2010PropOp32
 70
     1
102
RTVSPost2010Prop33
280
     0
102
RTVSPost2010PropOp33
 70
     1
102
RTVSPost2010Prop34
280
     0
102
RTVSPost2010PropOp34
 70
     1
102
RTVSPost2010Prop35
280
     0
102
RTVSPost2010PropOp35
 70
     1
102
RTVSPost2010Prop36
280
     0
102
RTVSPost2010PropOp36
 70
     1
102
RTVSPost2010Prop37
 90
       50
102
RTVSPost2010PropOp37
 70
     1
102
RTVSPost2010Prop38
140
0.0
102
RTVSPost2010PropOp38
 70
     1
102
RTVSPost2010Prop39
140
1.0
102
RTVSPost2010PropOp39
 70
     1
102
RTVSPost2010Prop40
 90
        0
102
RTVSPost2010PropOp40
 70
     1
102
RTVSPost2010Prop41ColorIndex
 90
       18
102
RTVSPost2010Prop41ColorRGB
 90
        0
102
RTVSPost2010PropOp41
 70
     1
102
RTVSPost2010Prop42
 90
       50
102
RTVSPost2010PropOp42
 70
     1
102
RTVSPost2010Prop43
 90
        3
102
RTVSPost2010PropOp43
 70
     1
102
RTVSPost2010Prop44ColorIndex
 90
        5
102
RTVSPost2010Prop44ColorRGB
 90
      255
102
RTVSPost2010PropOp44
 70
     1
102
RTVSPost2010Prop45
280
     0
102
RTVSPost2010PropOp45
 70
     1
102
RTVSPost2010Prop46
 90
       50
102
RTVSPost2010PropOp46
 70
     1
102
RTVSPost2010Prop47
 90
       50
102
RTVSPost2010PropOp47
 70
     1
102
RTVSPost2010Prop48
 90
       50
102
RTVSPost2010PropOp48
 70
     1
102
RTVSPost2010Prop49
280
     0
102
RTVSPost2010PropOp49
 70
     1
102
RTVSPost2010Prop50
 90
       50
102
RTVSPost2010PropOp50
 70
     1
102
RTVSPost2010Prop51ColorIndex
 90
      256
102
RTVSPost2010Prop51ColorRGB
 90
-16777216
102
RTVSPost2010PropOp51
 70
     0
102
RTVSPost2010Prop52
140
1.0
102
RTVSPost2010PropOp52
 70
     0
102
RTVSPost2010Prop53
 90
        2
102
RTVSPost2010PropOp53
 70
     1
102
RTVSPost2010Prop54
  1
strokes_ogs.tif
102
RTVSPost2010PropOp54
 70
     1
102
RTVSPost2010Prop55
280
     0
102
RTVSPost2010PropOp55
 70
     1
102
RTVSPost2010Prop56
140
1.0
102
RTVSPost2010PropOp56
 70
     1
102
RTVSPost2010Prop57
140
1.0
102
RTVSPost2010PropOp57
 70
     1
  0
XRECORD
  5
243
102
{ACAD_REACTORS
330
242
102
}
330
242
100
AcDbXrecord
280
     1
102
RTVSPropertyOp0
 70
     1
102
RTVSPropertyOp1
 70
     1
102
RTVSPropertyOp2
 70
     1
102
RTVSPropertyOp3
 70
     1
102
RTVSPropertyOp4
 70
     1
102
RTVSPropertyOp5
 70
     1
102
RTVSPropertyOp6
 70
     1
102
RTVSPropertyOp7
 70
     1
102
RTVSPropertyOp8
 70
     1
102
RTVSPropertyOp9
 70
     1
102
RTVSPropertyOp10
 70
     1
102
RTVSPropertyOp11
 70
     1
102
RTVSPropertyOp12
 70
     1
102
RTVSPropertyOp13
 70
     1
102
RTVSPropertyOp14
 70
     1
102
RTVSPropertyOp15
 70
     1
102
RTVSPropertyOp16
 70
     1
102
RTVSPropertyOp17
 70
     1
102
RTVSPropertyOp18
 70
     1
102
RTVSPropertyOp19
 70
     1
102
RTVSPropertyOp20
 70
     1
102
RTVSPropertyOp21
 70
     1
102
RTVSPropertyOp22
 70
     1
102
RTVSPropertyOp23
 70
     1
102
RTVSPropertyOp24
 70
     1
102
RTVSPropertyOp25
 70
     1
102
RTVSPropertyOp26
 70
     1
102
RTVSPropertyOp27
 70
     1
102
RTVSPropertyOp28
 70
     1
102
RTVSPropertyOp29
 70
     1
102
RTVSPropertyOp30
 70
     1
102
RTVSPropertyOp31
 70
     1
102
RTVSPropertyOp32
 70
     1
102
RTVSPropertyOp33
 70
     1
102
RTVSPropertyOp34
 70
     1
102
RTVSPropertyOp35
 70
     1
102
RTVSPropertyOp36
 70
     1
102
RTVSPropertyOp37
 70
     1
102
RTVSPropertyOp38
 70
     1
102
RTVSPropertyOp39
 70
     1
102
RTVSPropertyOp40
 70
     1
102
RTVSPropertyOp41
 70
     1
102
RTVSPropertyOp42
 70
     1
102
RTVSPropertyOp43
 70
     1
102
RTVSPropertyOp44
 70
     1
102
RTVSPropertyOp45
 70
     1
102
RTVSPropertyOp46
 70
     1
102
RTVSPropertyOp47
 70
     1
102
RTVSPropertyOp48
 70
     1
102
RTVSPropertyOp49
 70
     1
102
RTVSPropertyOp50
 70
     1
102
RTVSPropertyOp51
 70
     0
102
RTVSPropertyOp52
 70
     0
102
RTVSPropertyOp53
 70
     1
102
RTVSPropertyOp54
 70
     1
102
RTVSPropertyOp55
 70
     1
102
RTVSPropertyOp56
 70
     1
102
RTVSPropertyOp57
 70
     1
102
RTVSPost2010Prop28
280
     0
102
RTVSPost2010PropOp28
 70
     1
102
RTVSPost2010Prop29
280
     1
102
RTVSPost2010PropOp29
 70
     1
102
RTVSPost2010Prop30
280
     1
102
RTVSPost2010PropOp30
 70
     1
102
RTVSPost2010Prop31
280
     0
102
RTVSPost2010PropOp31
 70
     1
102
RTVSPost2010Prop32
280
     0
102
RTVSPost2010PropOp32
 70
     1
102
RTVSPost2010Prop33
280
     0
102
RTVSPost2010PropOp33
 70
     1
102
RTVSPost2010Prop34
280
     0
102
RTVSPost2010PropOp34
 70
     1
102
RTVSPost2010Prop35
280
     0
102
RTVSPost2010PropOp35
 70
     1
102
RTVSPost2010Prop36
280
     0
102
RTVSPost2010PropOp36
 70
     1
102
RTVSPost2010Prop37
 90
       50
102
RTVSPost2010PropOp37
 70
     1
102
RTVSPost2010Prop38
140
0.0
102
RTVSPost2010PropOp38
 70
     1
102
RTVSPost2010Prop39
140
1.0
102
RTVSPost2010PropOp39
 70
     1
102
RTVSPost2010Prop40
 90
        0
102
RTVSPost2010PropOp40
 70
     1
102
RTVSPost2010Prop41ColorIndex
 90
       18
102
RTVSPost2010Prop41ColorRGB
 90
        0
102
RTVSPost2010PropOp41
 70
     1
102
RTVSPost2010Prop42
 90
       50
102
RTVSPost2010PropOp42
 70
     1
102
RTVSPost2010Prop43
 90
        3
102
RTVSPost2010PropOp43
 70
     1
102
RTVSPost2010Prop44ColorIndex
 90
        5
102
RTVSPost2010Prop44ColorRGB
 90
      255
102
RTVSPost2010PropOp44
 70
     1
102
RTVSPost2010Prop45
280
     0
102
RTVSPost2010PropOp45
 70
     1
102
RTVSPost2010Prop46
 90
       50
102
RTVSPost2010PropOp46
 70
     1
102
RTVSPost2010Prop47
 90
       50
102
RTVSPost2010PropOp47
 70
     1
102
RTVSPost2010Prop48
 90
       50
102
RTVSPost2010PropOp48
 70
     1
102
RTVSPost2010Prop49
280
     0
102
RTVSPost2010PropOp49
 70
     1
102
RTVSPost2010Prop50
 90
       50
102
RTVSPost2010PropOp50
 70
     1
102
RTVSPost2010Prop51ColorIndex
 90
      256
102
RTVSPost2010Prop51ColorRGB
 90
-16777216
102
RTVSPost2010PropOp51
 70
     0
102
RTVSPost2010Prop52
140
1.0
102
RTVSPost2010PropOp52
 70
     0
102
RTVSPost2010Prop53
 90
        2
102
RTVSPost2010PropOp53
 70
     1
102
RTVSPost2010Prop54
  1
strokes_ogs.tif
102
RTVSPost2010PropOp54
 70
     1
102
RTVSPost2010Prop55
280
     0
102
RTVSPost2010PropOp55
 70
     1
102
RTVSPost2010Prop56
140
1.0
102
RTVSPost2010PropOp56
 70
     1
102
RTVSPost2010Prop57
140
1.0
102
RTVSPost2010PropOp57
 70
     1
  0
XRECORD
  5
233
102
{ACAD_REACTORS
330
232
102
}
330
232
100
AcDbXrecord
280
     1
102
RTVSPropertyOp0
 70
     1
102
RTVSPropertyOp1
 70
     1
102
RTVSPropertyOp2
 70
     1
102
RTVSPropertyOp3
 70
     1
102
RTVSPropertyOp4
 70
     1
102
RTVSPropertyOp5
 70
     1
102
RTVSPropertyOp6
 70
     1
102
RTVSPropertyOp7
 70
     1
102
RTVSPropertyOp8
 70
     1
102
RTVSPropertyOp9
 70
     1
102
RTVSPropertyOp10
 70
     1
102
RTVSPropertyOp11
 70
     1
102
RTVSPropertyOp12
 70
     1
102
RTVSPropertyOp13
 70
     1
102
RTVSPropertyOp14
 70
     1
102
RTVSPropertyOp15
 70
     1
102
RTVSPropertyOp16
 70
     1
102
RTVSPropertyOp17
 70
     1
102
RTVSPropertyOp18
 70
     1
102
RTVSPropertyOp19
 70
     1
102
RTVSPropertyOp20
 70
     1
102
RTVSPropertyOp21
 70
     1
102
RTVSPropertyOp22
 70
     1
102
RTVSPropertyOp23
 70
     1
102
RTVSPropertyOp24
 70
     1
102
RTVSPropertyOp25
 70
     1
102
RTVSPropertyOp26
 70
     1
102
RTVSPropertyOp27
 70
     1
102
RTVSPropertyOp28
 70
     1
102
RTVSPropertyOp29
 70
     1
102
RTVSPropertyOp30
 70
     1
102
RTVSPropertyOp31
 70
     1
102
RTVSPropertyOp32
 70
     1
102
RTVSPropertyOp33
 70
     1
102
RTVSPropertyOp34
 70
     1
102
RTVSPropertyOp35
 70
     1
102
RTVSPropertyOp36
 70
     1
102
RTVSPropertyOp37
 70
     1
102
RTVSPropertyOp38
 70
     1
102
RTVSPropertyOp39
 70
     1
102
RTVSPropertyOp40
 70
     1
102
RTVSPropertyOp41
 70
     1
102
RTVSPropertyOp42
 70
     1
102
RTVSPropertyOp43
 70
     1
102
RTVSPropertyOp44
 70
     1
102
RTVSPropertyOp45
 70
     1
102
RTVSPropertyOp46
 70
     1
102
RTVSPropertyOp47
 70
     1
102
RTVSPropertyOp48
 70
     1
102
RTVSPropertyOp49
 70
     1
102
RTVSPropertyOp50
 70
     1
102
RTVSPropertyOp51
 70
     0
102
RTVSPropertyOp52
 70
     0
102
RTVSPropertyOp53
 70
     1
102
RTVSPropertyOp54
 70
     1
102
RTVSPropertyOp55
 70
     1
102
RTVSPropertyOp56
 70
     1
102
RTVSPropertyOp57
 70
     1
102
RTVSPost2010Prop28
280
     0
102
RTVSPost2010PropOp28
 70
     1
102
RTVSPost2010Prop29
280
     1
102
RTVSPost2010PropOp29
 70
     1
102
RTVSPost2010Prop30
280
     1
102
RTVSPost2010PropOp30
 70
     1
102
RTVSPost2010Prop31
280
     0
102
RTVSPost2010PropOp31
 70
     1
102
RTVSPost2010Prop32
280
     0
102
RTVSPost2010PropOp32
 70
     1
102
RTVSPost2010Prop33
280
     0
102
RTVSPost2010PropOp33
 70
     1
102
RTVSPost2010Prop34
280
     0
102
RTVSPost2010PropOp34
 70
     1
102
RTVSPost2010Prop35
280
     0
102
RTVSPost2010PropOp35
 70
     1
102
RTVSPost2010Prop36
280
     0
102
RTVSPost2010PropOp36
 70
     1
102
RTVSPost2010Prop37
 90
       50
102
RTVSPost2010PropOp37
 70
     1
102
RTVSPost2010Prop38
140
0.0
102
RTVSPost2010PropOp38
 70
     1
102
RTVSPost2010Prop39
140
1.0
102
RTVSPost2010PropOp39
 70
     1
102
RTVSPost2010Prop40
 90
        0
102
RTVSPost2010PropOp40
 70
     1
102
RTVSPost2010Prop41ColorIndex
 90
       18
102
RTVSPost2010Prop41ColorRGB
 90
        0
102
RTVSPost2010PropOp41
 70
     1
102
RTVSPost2010Prop42
 90
       50
102
RTVSPost2010PropOp42
 70
     1
102
RTVSPost2010Prop43
 90
        3
102
RTVSPost2010PropOp43
 70
     1
102
RTVSPost2010Prop44ColorIndex
 90
        5
102
RTVSPost2010Prop44ColorRGB
 90
      255
102
RTVSPost2010PropOp44
 70
     1
102
RTVSPost2010Prop45
280
     0
102
RTVSPost2010PropOp45
 70
     1
102
RTVSPost2010Prop46
 90
       50
102
RTVSPost2010PropOp46
 70
     1
102
RTVSPost2010Prop47
 90
       50
102
RTVSPost2010PropOp47
 70
     1
102
RTVSPost2010Prop48
 90
       50
102
RTVSPost2010PropOp48
 70
     1
102
RTVSPost2010Prop49
280
     0
102
RTVSPost2010PropOp49
 70
     1
102
RTVSPost2010Prop50
 90
       50
102
RTVSPost2010PropOp50
 70
     1
102
RTVSPost2010Prop51ColorIndex
 90
      256
102
RTVSPost2010Prop51ColorRGB
 90
-16777216
102
RTVSPost2010PropOp51
 70
     0
102
RTVSPost2010Prop52
140
1.0
102
RTVSPost2010PropOp52
 70
     0
102
RTVSPost2010Prop53
 90
        2
102
RTVSPost2010PropOp53
 70
     1
102
RTVSPost2010Prop54
  1
strokes_ogs.tif
102
RTVSPost2010PropOp54
 70
     1
102
RTVSPost2010Prop55
280
     0
102
RTVSPost2010PropOp55
 70
     1
102
RTVSPost2010Prop56
140
1.0
102
RTVSPost2010PropOp56
 70
     1
102
RTVSPost2010Prop57
140
1.0
102
RTVSPost2010PropOp57
 70
     1
  0
XRECORD
  5
225
102
{ACAD_REACTORS
330
224
102
}
330
224
100
AcDbXrecord
280
     1
102
RTVSPropertyOp0
 70
     1
102
RTVSPropertyOp1
 70
     1
102
RTVSPropertyOp2
 70
     1
102
RTVSPropertyOp3
 70
     1
102
RTVSPropertyOp4
 70
     1
102
RTVSPropertyOp5
 70
     1
102
RTVSPropertyOp6
 70
     1
102
RTVSPropertyOp7
 70
     1
102
RTVSPropertyOp8
 70
     1
102
RTVSPropertyOp9
 70
     1
102
RTVSPropertyOp10
 70
     1
102
RTVSPropertyOp11
 70
     1
102
RTVSPropertyOp12
 70
     1
102
RTVSPropertyOp13
 70
     1
102
RTVSPropertyOp14
 70
     1
102
RTVSPropertyOp15
 70
     1
102
RTVSPropertyOp16
 70
     1
102
RTVSPropertyOp17
 70
     1
102
RTVSPropertyOp18
 70
     1
102
RTVSPropertyOp19
 70
     1
102
RTVSPropertyOp20
 70
     1
102
RTVSPropertyOp21
 70
     1
102
RTVSPropertyOp22
 70
     1
102
RTVSPropertyOp23
 70
     1
102
RTVSPropertyOp24
 70
     1
102
RTVSPropertyOp25
 70
     1
102
RTVSPropertyOp26
 70
     1
102
RTVSPropertyOp27
 70
     1
102
RTVSPropertyOp28
 70
     1
102
RTVSPropertyOp29
 70
     1
102
RTVSPropertyOp30
 70
     1
102
RTVSPropertyOp31
 70
     1
102
RTVSPropertyOp32
 70
     1
102
RTVSPropertyOp33
 70
     1
102
RTVSPropertyOp34
 70
     1
102
RTVSPropertyOp35
 70
     1
102
RTVSPropertyOp36
 70
     1
102
RTVSPropertyOp37
 70
     1
102
RTVSPropertyOp38
 70
     1
102
RTVSPropertyOp39
 70
     1
102
RTVSPropertyOp40
 70
     1
102
RTVSPropertyOp41
 70
     1
102
RTVSPropertyOp42
 70
     1
102
RTVSPropertyOp43
 70
     1
102
RTVSPropertyOp44
 70
     1
102
RTVSPropertyOp45
 70
     1
102
RTVSPropertyOp46
 70
     1
102
RTVSPropertyOp47
 70
     1
102
RTVSPropertyOp48
 70
     1
102
RTVSPropertyOp49
 70
     1
102
RTVSPropertyOp50
 70
     1
102
RTVSPropertyOp51
 70
     0
102
RTVSPropertyOp52
 70
     0
102
RTVSPropertyOp53
 70
     1
102
RTVSPropertyOp54
 70
     1
102
RTVSPropertyOp55
 70
     1
102
RTVSPropertyOp56
 70
     1
102
RTVSPropertyOp57
 70
     1
102
RTVSPost2010Prop28
280
     0
102
RTVSPost2010PropOp28
 70
     1
102
RTVSPost2010Prop29
280
     1
102
RTVSPost2010PropOp29
 70
     1
102
RTVSPost2010Prop30
280
     1
102
RTVSPost2010PropOp30
 70
     1
102
RTVSPost2010Prop31
280
     0
102
RTVSPost2010PropOp31
 70
     1
102
RTVSPost2010Prop32
280
     0
102
RTVSPost2010PropOp32
 70
     1
102
RTVSPost2010Prop33
280
     0
102
RTVSPost2010PropOp33
 70
     1
102
RTVSPost2010Prop34
280
     0
102
RTVSPost2010PropOp34
 70
     1
102
RTVSPost2010Prop35
280
     0
102
RTVSPost2010PropOp35
 70
     1
102
RTVSPost2010Prop36
280
     0
102
RTVSPost2010PropOp36
 70
     1
102
RTVSPost2010Prop37
 90
       50
102
RTVSPost2010PropOp37
 70
     1
102
RTVSPost2010Prop38
140
0.0
102
RTVSPost2010PropOp38
 70
     1
102
RTVSPost2010Prop39
140
1.0
102
RTVSPost2010PropOp39
 70
     1
102
RTVSPost2010Prop40
 90
        0
102
RTVSPost2010PropOp40
 70
     1
102
RTVSPost2010Prop41ColorIndex
 90
       18
102
RTVSPost2010Prop41ColorRGB
 90
        0
102
RTVSPost2010PropOp41
 70
     1
102
RTVSPost2010Prop42
 90
       50
102
RTVSPost2010PropOp42
 70
     1
102
RTVSPost2010Prop43
 90
        3
102
RTVSPost2010PropOp43
 70
     1
102
RTVSPost2010Prop44ColorIndex
 90
        5
102
RTVSPost2010Prop44ColorRGB
 90
      255
102
RTVSPost2010PropOp44
 70
     1
102
RTVSPost2010Prop45
280
     0
102
RTVSPost2010PropOp45
 70
     1
102
RTVSPost2010Prop46
 90
       50
102
RTVSPost2010PropOp46
 70
     1
102
RTVSPost2010Prop47
 90
       50
102
RTVSPost2010PropOp47
 70
     1
102
RTVSPost2010Prop48
 90
       50
102
RTVSPost2010PropOp48
 70
     1
102
RTVSPost2010Prop49
280
     0
102
RTVSPost2010PropOp49
 70
     1
102
RTVSPost2010Prop50
 90
       50
102
RTVSPost2010PropOp50
 70
     1
102
RTVSPost2010Prop51ColorIndex
 90
      256
102
RTVSPost2010Prop51ColorRGB
 90
-16777216
102
RTVSPost2010PropOp51
 70
     0
102
RTVSPost2010Prop52
140
1.0
102
RTVSPost2010PropOp52
 70
     0
102
RTVSPost2010Prop53
 90
        2
102
RTVSPost2010PropOp53
 70
     1
102
RTVSPost2010Prop54
  1
strokes_ogs.tif
102
RTVSPost2010PropOp54
 70
     1
102
RTVSPost2010Prop55
280
     0
102
RTVSPost2010PropOp55
 70
     1
102
RTVSPost2010Prop56
140
1.0
102
RTVSPost2010PropOp56
 70
     1
102
RTVSPost2010Prop57
140
1.0
102
RTVSPost2010PropOp57
 70
     1
  0
XRECORD
  5
245
102
{ACAD_REACTORS
330
244
102
}
330
244
100
AcDbXrecord
280
     1
102
RTVSPropertyOp0
 70
     1
102
RTVSPropertyOp1
 70
     1
102
RTVSPropertyOp2
 70
     1
102
RTVSPropertyOp3
 70
     1
102
RTVSPropertyOp4
 70
     1
102
RTVSPropertyOp5
 70
     1
102
RTVSPropertyOp6
 70
     1
102
RTVSPropertyOp7
 70
     1
102
RTVSPropertyOp8
 70
     1
102
RTVSPropertyOp9
 70
     1
102
RTVSPropertyOp10
 70
     1
102
RTVSPropertyOp11
 70
     1
102
RTVSPropertyOp12
 70
     1
102
RTVSPropertyOp13
 70
     1
102
RTVSPropertyOp14
 70
     1
102
RTVSPropertyOp15
 70
     1
102
RTVSPropertyOp16
 70
     1
102
RTVSPropertyOp17
 70
     1
102
RTVSPropertyOp18
 70
     1
102
RTVSPropertyOp19
 70
     1
102
RTVSPropertyOp20
 70
     1
102
RTVSPropertyOp21
 70
     1
102
RTVSPropertyOp22
 70
     1
102
RTVSPropertyOp23
 70
     1
102
RTVSPropertyOp24
 70
     1
102
RTVSPropertyOp25
 70
     1
102
RTVSPropertyOp26
 70
     1
102
RTVSPropertyOp27
 70
     1
102
RTVSPropertyOp28
 70
     1
102
RTVSPropertyOp29
 70
     1
102
RTVSPropertyOp30
 70
     1
102
RTVSPropertyOp31
 70
     1
102
RTVSPropertyOp32
 70
     1
102
RTVSPropertyOp33
 70
     1
102
RTVSPropertyOp34
 70
     1
102
RTVSPropertyOp35
 70
     1
102
RTVSPropertyOp36
 70
     1
102
RTVSPropertyOp37
 70
     1
102
RTVSPropertyOp38
 70
     1
102
RTVSPropertyOp39
 70
     1
102
RTVSPropertyOp40
 70
     1
102
RTVSPropertyOp41
 70
     1
102
RTVSPropertyOp42
 70
     1
102
RTVSPropertyOp43
 70
     1
102
RTVSPropertyOp44
 70
     1
102
RTVSPropertyOp45
 70
     1
102
RTVSPropertyOp46
 70
     1
102
RTVSPropertyOp47
 70
     1
102
RTVSPropertyOp48
 70
     1
102
RTVSPropertyOp49
 70
     1
102
RTVSPropertyOp50
 70
     1
102
RTVSPropertyOp51
 70
     0
102
RTVSPropertyOp52
 70
     0
102
RTVSPropertyOp53
 70
     1
102
RTVSPropertyOp54
 70
     1
102
RTVSPropertyOp55
 70
     1
102
RTVSPropertyOp56
 70
     1
102
RTVSPropertyOp57
 70
     1
102
RTVSPost2010Prop28
280
     0
102
RTVSPost2010PropOp28
 70
     1
102
RTVSPost2010Prop29
280
     1
102
RTVSPost2010PropOp29
 70
     1
102
RTVSPost2010Prop30
280
     1
102
RTVSPost2010PropOp30
 70
     1
102
RTVSPost2010Prop31
280
     0
102
RTVSPost2010PropOp31
 70
     1
102
RTVSPost2010Prop32
280
     0
102
RTVSPost2010PropOp32
 70
     1
102
RTVSPost2010Prop33
280
     0
102
RTVSPost2010PropOp33
 70
     1
102
RTVSPost2010Prop34
280
     0
102
RTVSPost2010PropOp34
 70
     1
102
RTVSPost2010Prop35
280
     0
102
RTVSPost2010PropOp35
 70
     1
102
RTVSPost2010Prop36
280
     0
102
RTVSPost2010PropOp36
 70
     1
102
RTVSPost2010Prop37
 90
       50
102
RTVSPost2010PropOp37
 70
     1
102
RTVSPost2010Prop38
140
0.0
102
RTVSPost2010PropOp38
 70
     1
102
RTVSPost2010Prop39
140
1.0
102
RTVSPost2010PropOp39
 70
     1
102
RTVSPost2010Prop40
 90
        0
102
RTVSPost2010PropOp40
 70
     1
102
RTVSPost2010Prop41ColorIndex
 90
       18
102
RTVSPost2010Prop41ColorRGB
 90
        0
102
RTVSPost2010PropOp41
 70
     1
102
RTVSPost2010Prop42
 90
       50
102
RTVSPost2010PropOp42
 70
     1
102
RTVSPost2010Prop43
 90
        3
102
RTVSPost2010PropOp43
 70
     1
102
RTVSPost2010Prop44ColorIndex
 90
        5
102
RTVSPost2010Prop44ColorRGB
 90
      255
102
RTVSPost2010PropOp44
 70
     1
102
RTVSPost2010Prop45
280
     0
102
RTVSPost2010PropOp45
 70
     1
102
RTVSPost2010Prop46
 90
       50
102
RTVSPost2010PropOp46
 70
     1
102
RTVSPost2010Prop47
 90
       50
102
RTVSPost2010PropOp47
 70
     1
102
RTVSPost2010Prop48
 90
       50
102
RTVSPost2010PropOp48
 70
     1
102
RTVSPost2010Prop49
280
     0
102
RTVSPost2010PropOp49
 70
     1
102
RTVSPost2010Prop50
 90
       50
102
RTVSPost2010PropOp50
 70
     1
102
RTVSPost2010Prop51ColorIndex
 90
      256
102
RTVSPost2010Prop51ColorRGB
 90
-16777216
102
RTVSPost2010PropOp51
 70
     0
102
RTVSPost2010Prop52
140
1.0
102
RTVSPost2010PropOp52
 70
     0
102
RTVSPost2010Prop53
 90
        2
102
RTVSPost2010PropOp53
 70
     1
102
RTVSPost2010Prop54
  1
strokes_ogs.tif
102
RTVSPost2010PropOp54
 70
     1
102
RTVSPost2010Prop55
280
     0
102
RTVSPost2010PropOp55
 70
     1
102
RTVSPost2010Prop56
140
1.0
102
RTVSPost2010PropOp56
 70
     1
102
RTVSPost2010Prop57
140
1.0
102
RTVSPost2010PropOp57
 70
     1
  0
ENDSEC
  0
EOF
