  0
SECTION
  2
HEADER
  9
$ACADVER
  1
AC1021
  9
$ACADMAINTVER
 70
    25
  9
$DWGCODEPAGE
  3
ANSI_1252
  9
$LASTSAVEDBY
  1
gabrielegranello
  9
$INSBASE
 10
0.0
 20
0.0
 30
0.0
  9
$EXTMIN
 10
-1052.619659203041
 20
-93.49089912288764
 30
-0.0000000006209255
  9
$EXTMAX
 10
1046.880340798322
 20
92.00910087744705
 30
0.0
  9
$LIMMIN
 10
0.0
 20
0.0
  9
$LIMMAX
 10
12.0
 20
9.0
  9
$ORTHOMODE
 70
     0
  9
$REGENMODE
 70
     1
  9
$FILLMODE
 70
     1
  9
$QTEXTMODE
 70
     0
  9
$MIRRTEXT
 70
     0
  9
$LTSCALE
 40
1.0
  9
$ATTMODE
 70
     1
  9
$TEXTSIZE
 40
0.2
  9
$TRACEWID
 40
0.05
  9
$TEXTSTYLE
  7
Standard
  9
$CLAYER
  8
0
  9
$CELTYPE
  6
ByLayer
  9
$CECOLOR
 62
   256
  9
$CELTSCALE
 40
1.0
  9
$DISPSILH
 70
     0
  9
$DIMSCALE
 40
1.0
  9
$DIMASZ
 40
0.18
  9
$DIMEXO
 40
0.0625
  9
$DIMDLI
 40
0.38
  9
$DIMRND
 40
0.0
  9
$DIMDLE
 40
0.0
  9
$DIMEXE
 40
0.18
  9
$DIMTP
 40
0.0
  9
$DIMTM
 40
0.0
  9
$DIMTXT
 40
0.18
  9
$DIMCEN
 40
0.09
  9
$DIMTSZ
 40
0.0
  9
$DIMTOL
 70
     0
  9
$DIMLIM
 70
     0
  9
$DIMTIH
 70
     1
  9
$DIMTOH
 70
     1
  9
$DIMSE1
 70
     0
  9
$DIMSE2
 70
     0
  9
$DIMTAD
 70
     0
  9
$DIMZIN
 70
     0
  9
$DIMBLK
  1

  9
$DIMASO
 70
     1
  9
$DIMSHO
 70
     1
  9
$DIMPOST
  1

  9
$DIMAPOST
  1

  9
$DIMALT
 70
     0
  9
$DIMALTD
 70
     2
  9
$DIMALTF
 40
25.4
  9
$DIMLFAC
 40
1.0
  9
$DIMTOFL
 70
     0
  9
$DIMTVP
 40
0.0
  9
$DIMTIX
 70
     0
  9
$DIMSOXD
 70
     0
  9
$DIMSAH
 70
     0
  9
$DIMBLK1
  1

  9
$DIMBLK2
  1

  9
$DIMSTYLE
  2
STANDARD_ACAD
  9
$DIMCLRD
 70
     0
  9
$DIMCLRE
 70
     0
  9
$DIMCLRT
 70
     0
  9
$DIMTFAC
 40
1.0
  9
$DIMGAP
 40
0.09
  9
$DIMJUST
 70
     0
  9
$DIMSD1
 70
     0
  9
$DIMSD2
 70
     0
  9
$DIMTOLJ
 70
     1
  9
$DIMTZIN
 70
     0
  9
$DIMALTZ
 70
     0
  9
$DIMALTTZ
 70
     0
  9
$DIMUPT
 70
     0
  9
$DIMDEC
 70
     4
  9
$DIMTDEC
 70
     4
  9
$DIMALTU
 70
     2
  9
$DIMALTTD
 70
     2
  9
$DIMTXSTY
  7
Standard
  9
$DIMAUNIT
 70
     0
  9
$DIMADEC
 70
     0
  9
$DIMALTRND
 40
0.0
  9
$DIMAZIN
 70
     0
  9
$DIMDSEP
 70
    46
  9
$DIMATFIT
 70
     3
  9
$DIMFRAC
 70
     0
  9
$DIMLDRBLK
  1

  9
$DIMLUNIT
 70
     2
  9
$DIMLWD
 70
    -2
  9
$DIMLWE
 70
    -2
  9
$DIMTMOVE
 70
     2
  9
$DIMFXL
 40
1.0
  9
$DIMFXLON
 70
     0
  9
$DIMJOGANG
 40
0.7853981633974483
  9
$DIMTFILL
 70
     0
  9
$DIMTFILLCLR
 70
     0
  9
$DIMARCSYM
 70
     0
  9
$DIMLTYPE
  6

  9
$DIMLTEX1
  6

  9
$DIMLTEX2
  6

  9
$LUNITS
 70
     2
  9
$LUPREC
 70
     3
  9
$SKETCHINC
 40
0.1
  9
$FILLETRAD
 40
0.0
  9
$AUNITS
 70
     0
  9
$AUPREC
 70
     0
  9
$MENU
  1
.
  9
$ELEVATION
 40
0.0
  9
$PELEVATION
 40
0.0
  9
$THICKNESS
 40
0.0
  9
$LIMCHECK
 70
     0
  9
$CHAMFERA
 40
0.0
  9
$CHAMFERB
 40
0.0
  9
$CHAMFERC
 40
0.0
  9
$CHAMFERD
 40
0.0
  9
$SKPOLY
 70
     0
  9
$TDCREATE
 40
2461145.529280012
  9
$TDUCREATE
 40
2461145.487613345
  9
$TDUPDATE
 40
2461145.529280382
  9
$TDUUPDATE
 40
2461145.487613715
  9
$TDINDWG
 40
0.0000000116
  9
$TDUSRTIMER
 40
0.0000000116
  9
$USRTIMER
 70
     1
  9
$ANGBASE
 50
0.0
  9
$ANGDIR
 70
     0
  9
$PDMODE
 70
     0
  9
$PDSIZE
 40
0.0
  9
$PLINEWID
 40
0.0
  9
$SPLFRAME
 70
     0
  9
$SPLINETYPE
 70
     6
  9
$SPLINESEGS
 70
     8
  9
$HANDSEED
  5
214
  9
$SURFTAB1
 70
     6
  9
$SURFTAB2
 70
     6
  9
$SURFTYPE
 70
     6
  9
$SURFU
 70
     6
  9
$SURFV
 70
     6
  9
$UCSBASE
  2

  9
$UCSNAME
  2

  9
$UCSORG
 10
0.0
 20
0.0
 30
0.0
  9
$UCSXDIR
 10
1.0
 20
0.0
 30
0.0
  9
$UCSYDIR
 10
0.0
 20
1.0
 30
0.0
  9
$UCSORTHOREF
  2

  9
$UCSORTHOVIEW
 70
     0
  9
$UCSORGTOP
 10
0.0
 20
0.0
 30
0.0
  9
$UCSORGBOTTOM
 10
0.0
 20
0.0
 30
0.0
  9
$UCSORGLEFT
 10
0.0
 20
0.0
 30
0.0
  9
$UCSORGRIGHT
 10
0.0
 20
0.0
 30
0.0
  9
$UCSORGFRONT
 10
0.0
 20
0.0
 30
0.0
  9
$UCSORGBACK
 10
0.0
 20
0.0
 30
0.0
  9
$PUCSBASE
  2

  9
$PUCSNAME
  2

  9
$PUCSORG
 10
0.0
 20
0.0
 30
0.0
  9
$PUCSXDIR
 10
1.0
 20
0.0
 30
0.0
  9
$PUCSYDIR
 10
0.0
 20
1.0
 30
0.0
  9
$PUCSORTHOREF
  2

  9
$PUCSORTHOVIEW
 70
     0
  9
$PUCSORGTOP
 10
0.0
 20
0.0
 30
0.0
  9
$PUCSORGBOTTOM
 10
0.0
 20
0.0
 30
0.0
  9
$PUCSORGLEFT
 10
0.0
 20
0.0
 30
0.0
  9
$PUCSORGRIGHT
 10
0.0
 20
0.0
 30
0.0
  9
$PUCSORGFRONT
 10
0.0
 20
0.0
 30
0.0
  9
$PUCSORGBACK
 10
0.0
 20
0.0
 30
0.0
  9
$USERI1
 70
     0
  9
$USERI2
 70
     0
  9
$USERI3
 70
     0
  9
$USERI4
 70
     0
  9
$USERI5
 70
     0
  9
$USERR1
 40
0.0
  9
$USERR2
 40
0.0
  9
$USERR3
 40
0.0
  9
$USERR4
 40
0.0
  9
$USERR5
 40
0.0
  9
$WORLDVIEW
 70
     1
  9
$SHADEDGE
 70
     3
  9
$SHADEDIF
 70
    70
  9
$TILEMODE
 70
     1
  9
$MAXACTVP
 70
    64
  9
$PINSBASE
 10
0.0
 20
0.0
 30
0.0
  9
$PLIMCHECK
 70
     0
  9
$PEXTMIN
 10
1.000000000000000E+20
 20
1.000000000000000E+20
 30
1.000000000000000E+20
  9
$PEXTMAX
 10
-1.000000000000000E+20
 20
-1.000000000000000E+20
 30
-1.000000000000000E+20
  9
$PLIMMIN
 10
0.0
 20
0.0
  9
$PLIMMAX
 10
12.0
 20
9.0
  9
$UNITMODE
 70
     0
  9
$VISRETAIN
 70
     1
  9
$PLINEGEN
 70
     0
  9
$PSLTSCALE
 70
     1
  9
$TREEDEPTH
 70
  3020
  9
$CMLSTYLE
  2
Standard
  9
$CMLJUST
 70
     0
  9
$CMLSCALE
 40
1.0
  9
$PROXYGRAPHICS
 70
     1
  9
$MEASUREMENT
 70
     1
  9
$CELWEIGHT
370
    -1
  9
$ENDCAPS
280
     0
  9
$JOINSTYLE
280
     0
  9
$LWDISPLAY
290
     0
  9
$INSUNITS
 70
     4
  9
$HYPERLINKBASE
  1

  9
$STYLESHEET
  1

  9
$XEDIT
290
     1
  9
$CEPSNTYPE
380
     0
  9
$PSTYLEMODE
290
     1
  9
$FINGERPRINTGUID
  2
{2260ab85-ed31-1a40-bc0b-6775506f04d0}
  9
$VERSIONGUID
  2
{FAEB1C32-E019-11D5-929B-00C0DF256EC4}
  9
$EXTNAMES
290
     1
  9
$PSVPSCALE
 40
0.0
  9
$OLESTARTUP
290
     0
  9
$SORTENTS
280
   127
  9
$INDEXCTL
280
     0
  9
$HIDETEXT
280
     1
  9
$XCLIPFRAME
290
     0
  9
$HALOGAP
280
     0
  9
$OBSCOLOR
 70
   257
  9
$OBSLTYPE
280
     0
  9
$INTERSECTIONDISPLAY
280
     0
  9
$INTERSECTIONCOLOR
 70
   257
  9
$DIMASSOC
280
     2
  9
$PROJECTNAME
  1

  9
$CAMERADISPLAY
290
     0
  9
$LENSLENGTH
 40
50.0
  9
$CAMERAHEIGHT
 40
0.0
  9
$STEPSPERSEC
 40
2.0
  9
$STEPSIZE
 40
6.0
  9
$3DDWFPREC
 40
2.0
  9
$PSOLWIDTH
 40
0.25
  9
$PSOLHEIGHT
 40
4.0
  9
$LOFTANG1
 40
1.570796326794897
  9
$LOFTANG2
 40
1.570796326794897
  9
$LOFTMAG1
 40
0.0
  9
$LOFTMAG2
 40
0.0
  9
$LOFTPARAM
 70
     7
  9
$LOFTNORMALS
280
     1
  9
$LATITUDE
 40
37.795
  9
$LONGITUDE
 40
-122.394
  9
$NORTHDIRECTION
 40
0.0
  9
$TIMEZONE
 70
 -8000
  9
$LIGHTGLYPHDISPLAY
280
     1
  9
$TILEMODELIGHTSYNCH
280
     1
  9
$CMATERIAL
347
44
  9
$SOLIDHIST
280
     0
  9
$SHOWHIST
280
     1
  9
$DWFFRAME
280
     2
  9
$DGNFRAME
280
     2
  9
$REALWORLDSCALE
290
     1
  9
$INTERFERECOLOR
 62
   256
  9
$CSHADOW
280
     0
  9
$SHADOWPLANELOCATION
 40
0.0
  0
ENDSEC
  0
SECTION
  2
CLASSES
  0
CLASS
  1
ACDBDICTIONARYWDFLT
  2
AcDbDictionaryWithDefault
  3
ObjectDBX Classes
 90
        0
 91
        3
280
     0
281
     0
  0
CLASS
  1
VISUALSTYLE
  2
AcDbVisualStyle
  3
ObjectDBX Classes
 90
     4095
 91
        3
280
     0
281
     0
  0
CLASS
  1
MATERIAL
  2
AcDbMaterial
  3
ObjectDBX Classes
 90
     1153
 91
        3
280
     0
281
     0
  0
CLASS
  1
SCALE
  2
AcDbScale
  3
ObjectDBX Classes
 90
     1153
 91
        3
280
     0
281
     0
  0
CLASS
  1
TABLESTYLE
  2
AcDbTableStyle
  3
ObjectDBX Classes
 90
     4095
 91
        3
280
     0
281
     0
  0
CLASS
  1
MLEADERSTYLE
  2
AcDbMLeaderStyle
  3
ACDB_MLEADERSTYLE_CLASS
 90
     4095
 91
        3
280
     0
281
     0
  0
CLASS
  1
SUN
  2
AcDbSun
  3
SCENEOE
 90
     1153
 91
        3
280
     0
281
     0
  0
CLASS
  1
DICTIONARYVAR
  2
AcDbDictionaryVar
  3
ObjectDBX Classes
 90
        0
 91
        3
280
     0
281
     0
  0
CLASS
  1
CELLSTYLEMAP
  2
AcDbCellStyleMap
  3
ObjectDBX Classes
 90
     1152
 91
        3
280
     0
281
     0
  0
ENDSEC
  0
SECTION
  2
TABLES
  0
TABLE
  2
VPORT
  5
8
330
0
100
AcDbSymbolTable
 70
     1
  0
VPORT
  5
29
330
8
100
AcDbSymbolTableRecord
100
AcDbViewportTableRecord
  2
*Active
 70
     0
 10
0.0
 20
0.0
 11
1.0
 21
1.0
 12
10.42990654205607
 22
4.5
 13
0.0
 23
0.0
 14
0.5
 24
0.5
 15
0.5
 25
0.5
 16
0.0
 26
0.0
 36
1.0
 17
0.0
 27
0.0
 37
0.0
 40
9.0
 41
1.972972972850329
 42
50.0
 43
0.0
 44
0.0
 50
0.0
 51
0.0
 71
     0
 72
   100
 73
     1
 74
     3
 75
     0
 76
     0
 77
     0
 78
     0
281
     0
 65
     1
110
0.0
120
0.0
130
0.0
111
1.0
121
0.0
131
0.0
112
0.0
122
1.0
132
0.0
 79
     0
146
0.0
348
2F
 60
     3
 61
     5
292
     1
282
     1
141
0.0
142
0.0
 63
   250
361
5D
  0
ENDTAB
  0
TABLE
  2
LTYPE
  5
5
330
0
100
AcDbSymbolTable
 70
     1
  0
LTYPE
  5
14
330
5
100
AcDbSymbolTableRecord
100
AcDbLinetypeTableRecord
  2
ByBlock
 70
     0
  3

 72
    65
 73
     0
 40
0.0
  0
LTYPE
  5
15
330
5
100
AcDbSymbolTableRecord
100
AcDbLinetypeTableRecord
  2
ByLayer
 70
     0
  3

 72
    65
 73
     0
 40
0.0
  0
LTYPE
  5
16
330
5
100
AcDbSymbolTableRecord
100
AcDbLinetypeTableRecord
  2
Continuous
 70
     0
  3
Solid line
 72
    65
 73
     0
 40
0.0
  0
ENDTAB
  0
TABLE
  2
LAYER
  5
2
330
0
100
AcDbSymbolTable
 70
     4
  0
LAYER
  5
10
330
2
100
AcDbSymbolTableRecord
100
AcDbLayerTableRecord
  2
0
 70
     0
 62
     7
  6
Continuous
370
    -3
390
F
347
46
  0
LAYER
  5
5F
330
2
100
AcDbSymbolTableRecord
100
AcDbLayerTableRecord
  2
1_ANYTOOL_1MMDEEP_LABELS_S
 70
     0
 62
     2
420
 16776960
  6
Continuous
370
    -3
390
F
347
46
  0
LAYER
  5
89
330
2
100
AcDbSymbolTableRecord
100
AcDbLayerTableRecord
  2
3_ANYTOOL_CUTTHROUGH_INSID
 70
     0
 62
     4
420
    65535
  6
Continuous
370
    -3
390
F
347
46
  0
LAYER
  5
D6
330
2
100
AcDbSymbolTableRecord
100
AcDbLayerTableRecord
  2
4_ANYTOOL_CUTTHROUGH_OUTSI
 70
     0
 62
     5
420
      255
  6
Continuous
370
    -3
390
F
347
46
  0
ENDTAB
  0
TABLE
  2
STYLE
  5
3
330
0
100
AcDbSymbolTable
 70
     1
  0
STYLE
  5
11
330
3
100
AcDbSymbolTableRecord
100
AcDbTextStyleTableRecord
  2
Standard
 70
     0
 40
0.0
 41
1.0
 50
0.0
 71
     0
 42
0.2
  3
txt
  4

  0
ENDTAB
  0
TABLE
  2
VIEW
  5
6
330
0
100
AcDbSymbolTable
 70
     0
  0
ENDTAB
  0
TABLE
  2
UCS
  5
7
330
0
100
AcDbSymbolTable
 70
     0
  0
ENDTAB
  0
TABLE
  2
APPID
  5
9
330
0
100
AcDbSymbolTable
 70
     3
  0
APPID
  5
12
330
9
100
AcDbSymbolTableRecord
100
AcDbRegAppTableRecord
  2
ACAD
 70
     0
  0
APPID
  5
5E
330
9
100
AcDbSymbolTableRecord
100
AcDbRegAppTableRecord
  2
Rhino
 70
     0
  0
APPID
  5
20C
330
9
100
AcDbSymbolTableRecord
100
AcDbRegAppTableRecord
  2
ACAD_MLEADERVER
 70
     0
  0
ENDTAB
  0
TABLE
  2
DIMSTYLE
  5
A
330
0
100
AcDbSymbolTable
 70
     1
100
AcDbDimStyleTable
  0
DIMSTYLE
105
27
330
A
100
AcDbSymbolTableRecord
100
AcDbDimStyleTableRecord
  2
STANDARD_ACAD
 70
     0
178
     0
340
11
  0
ENDTAB
  0
TABLE
  2
BLOCK_RECORD
  5
1
330
0
100
AcDbSymbolTable
 70
     1
  0
BLOCK_RECORD
  5
1F
330
1
100
AcDbSymbolTableRecord
100
AcDbBlockTableRecord
  2
*Model_Space
340
22
 70
     0
280
     1
281
     0
  0
BLOCK_RECORD
  5
1B
330
1
100
AcDbSymbolTableRecord
100
AcDbBlockTableRecord
  2
*Paper_Space
340
1E
 70
     0
280
     1
281
     0
  0
BLOCK_RECORD
  5
23
330
1
100
AcDbSymbolTableRecord
100
AcDbBlockTableRecord
  2
*Paper_Space0
340
26
 70
     0
280
     1
281
     0
  0
ENDTAB
  0
ENDSEC
  0
SECTION
  2
BLOCKS
  0
BLOCK
  5
20
330
1F
100
AcDbEntity
  8
0
100
AcDbBlockBegin
  2
*Model_Space
 70
     0
 10
0.0
 20
0.0
 30
0.0
  3
*Model_Space
  1

  0
ENDBLK
  5
21
330
1F
100
AcDbEntity
  8
0
100
AcDbBlockEnd
  0
BLOCK
  5
1C
330
1B
100
AcDbEntity
 67
     1
  8
0
100
AcDbBlockBegin
  2
*Paper_Space
 70
     0
 10
0.0
 20
0.0
 30
0.0
  3
*Paper_Space
  1

  0
ENDBLK
  5
1D
330
1B
100
AcDbEntity
 67
     1
  8
0
100
AcDbBlockEnd
  0
BLOCK
  5
24
330
23
100
AcDbEntity
  8
0
100
AcDbBlockBegin
  2
*Paper_Space0
 70
     0
 10
0.0
 20
0.0
 30
0.0
  3
*Paper_Space0
  1

  0
ENDBLK
  5
25
330
23
100
AcDbEntity
  8
0
100
AcDbBlockEnd
  0
ENDSEC
  0
SECTION
  2
ENTITIES
  0
LINE
  5
60
330
1F
100
AcDbEntity
  8
1_ANYTOOL_1MMDEEP_LABELS_S
100
AcDbLine
 10
127.3285714285716
 20
-14.69999999999709
 30
0.0
 11
109.0285714285715
 21
-14.69999999999709
 31
0.0
  0
LINE
  5
61
330
1F
100
AcDbEntity
  8
1_ANYTOOL_1MMDEEP_LABELS_S
100
AcDbLine
 10
127.3285714285716
 20
-30.0
 30
0.0
 11
127.3285714285716
 21
0.0
 31
0.0
  0
LINE
  5
62
330
1F
100
AcDbEntity
  8
1_ANYTOOL_1MMDEEP_LABELS_S
100
AcDbLine
 10
109.0285714285715
 20
0.0
 30
0.0
 11
109.0285714285715
 21
-30.0
 31
0.0
  0
LINE
  5
63
330
1F
100
AcDbEntity
  8
1_ANYTOOL_1MMDEEP_LABELS_S
100
AcDbLine
 10
105.5571428571429
 20
-0.4714285714289872
 30
0.0
 11
88.37142857142862
 21
-31.24285714286088
 31
0.0
  0
POLYLINE
  5
64
330
1F
100
AcDbEntity
  8
1_ANYTOOL_1MMDEEP_LABELS_S
100
AcDb2dPolyline
 66
     1
 10
0.0
 20
0.0
 30
0.0
  0
VERTEX
  5
65
330
64
100
AcDbEntity
  8
1_ANYTOOL_1MMDEEP_LABELS_S
100
AcDbVertex
100
AcDb2dVertex
 10
82.84285714285716
 20
-30.0
 30
0.0
  0
VERTEX
  5
66
330
64
100
AcDbEntity
  8
1_ANYTOOL_1MMDEEP_LABELS_S
100
AcDbVertex
100
AcDb2dVertex
 10
82.84285714285716
 20
0.0428571428637952
 30
0.0
  0
VERTEX
  5
67
330
64
100
AcDbEntity
  8
1_ANYTOOL_1MMDEEP_LABELS_S
100
AcDbVertex
100
AcDb2dVertex
 10
82.56696428571422
 20
-1.087499999994179
 30
0.0
  0
VERTEX
  5
68
330
64
100
AcDbEntity
  8
1_ANYTOOL_1MMDEEP_LABELS_S
100
AcDbVertex
100
AcDb2dVertex
 10
82.0392857142856
 20
-2.035714285710128
 30
0.0
  0
VERTEX
  5
69
330
64
100
AcDbEntity
  8
1_ANYTOOL_1MMDEEP_LABELS_S
100
AcDbVertex
100
AcDb2dVertex
 10
81.25982142857129
 20
-2.801785714284051
 30
0.0
  0
VERTEX
  5
6A
330
64
100
AcDbEntity
  8
1_ANYTOOL_1MMDEEP_LABELS_S
100
AcDbVertex
100
AcDb2dVertex
 10
80.22857142857129
 20
-3.385714285715949
 30
0.0
  0
VERTEX
  5
6B
330
64
100
AcDbEntity
  8
1_ANYTOOL_1MMDEEP_LABELS_S
100
AcDbVertex
100
AcDb2dVertex
 10
75.85714285714266
 20
-4.328571428573923
 30
0.0
  0
SEQEND
  5
6C
330
64
100
AcDbEntity
  8
1_ANYTOOL_1MMDEEP_LABELS_S
  0
LINE
  5
6D
330
1F
100
AcDbEntity
  8
1_ANYTOOL_1MMDEEP_LABELS_S
100
AcDbLine
 10
70.71428571428578
 20
-16.11428571428405
 30
0.0
 11
61.92857142857156
 21
-16.19999999999709
 31
0.0
  0
POLYLINE
  5
6E
330
1F
100
AcDbEntity
  8
1_ANYTOOL_1MMDEEP_LABELS_S
100
AcDb2dPolyline
 66
     1
 10
0.0
 20
0.0
 30
0.0
  0
VERTEX
  5
6F
330
6E
100
AcDbEntity
  8
1_ANYTOOL_1MMDEEP_LABELS_S
100
AcDbVertex
100
AcDb2dVertex
 10
40.97142857142853
 20
0.0
 30
0.0
  0
VERTEX
  5
70
330
6E
100
AcDbEntity
  8
1_ANYTOOL_1MMDEEP_LABELS_S
100
AcDbVertex
100
AcDb2dVertex
 10
40.97142857142853
 20
-30.0
 30
0.0
  0
VERTEX
  5
71
330
6E
100
AcDbEntity
  8
1_ANYTOOL_1MMDEEP_LABELS_S
100
AcDbVertex
100
AcDb2dVertex
 10
58.07142857142844
 20
-30.0
 30
0.0
  0
SEQEND
  5
72
330
6E
100
AcDbEntity
  8
1_ANYTOOL_1MMDEEP_LABELS_S
  0
LINE
  5
73
330
1F
100
AcDbEntity
  8
1_ANYTOOL_1MMDEEP_LABELS_S
100
AcDbLine
 10
35.82857142857165
 20
-16.11428571428405
 30
0.0
 11
27.04285714285697
 21
-16.19999999999709
 31
0.0
  0
POLYLINE
  5
74
330
1F
100
AcDbEntity
  8
1_ANYTOOL_1MMDEEP_LABELS_S
100
AcDb2dPolyline
 66
     1
 10
0.0
 20
0.0
 30
0.0
  0
VERTEX
  5
75
330
74
100
AcDbEntity
  8
1_ANYTOOL_1MMDEEP_LABELS_S
100
AcDbVertex
100
AcDb2dVertex
 10
23.18571428571431
 20
-7.5
 30
0.0
 42
0.1311029518670373
  0
VERTEX
  5
76
330
74
100
AcDbEntity
  8
1_ANYTOOL_1MMDEEP_LABELS_S
100
AcDbVertex
100
AcDb2dVertex
 10
19.4142857142856
 20
-2.142857142855062
 30
0.0
  0
VERTEX
  5
77
330
74
100
AcDbEntity
  8
1_ANYTOOL_1MMDEEP_LABELS_S
100
AcDbVertex
100
AcDb2dVertex
 10
16.65000000000009
 20
-0.5357142857137656
 30
0.0
  0
VERTEX
  5
78
330
74
100
AcDbEntity
  8
1_ANYTOOL_1MMDEEP_LABELS_S
100
AcDbVertex
100
AcDb2dVertex
 10
13.32857142857165
 20
0.0
 30
0.0
  0
VERTEX
  5
79
330
74
100
AcDbEntity
  8
1_ANYTOOL_1MMDEEP_LABELS_S
100
AcDbVertex
100
AcDb2dVertex
 10
10.7330357142859
 20
-0.294642857143117
 30
0.0
  0
VERTEX
  5
7A
330
74
100
AcDbEntity
  8
1_ANYTOOL_1MMDEEP_LABELS_S
100
AcDbVertex
100
AcDb2dVertex
 10
8.475000000000136
 20
-1.178571428572468
 30
0.0
  0
VERTEX
  5
7B
330
74
100
AcDbEntity
  8
1_ANYTOOL_1MMDEEP_LABELS_S
100
AcDbVertex
100
AcDb2dVertex
 10
6.554464285714346
 20
-2.651785714288053
 30
0.0
  0
VERTEX
  5
7C
330
74
100
AcDbEntity
  8
1_ANYTOOL_1MMDEEP_LABELS_S
100
AcDbVertex
100
AcDb2dVertex
 10
4.971428571428532
 20
-4.714285714289872
 30
0.0
  0
VERTEX
  5
7D
330
74
100
AcDbEntity
  8
1_ANYTOOL_1MMDEEP_LABELS_S
100
AcDbVertex
100
AcDb2dVertex
 10
2.882142857142867
 20
-9.621428571430442
 30
0.0
  0
VERTEX
  5
7E
330
74
100
AcDbEntity
  8
1_ANYTOOL_1MMDEEP_LABELS_S
100
AcDbVertex
100
AcDb2dVertex
 10
2.185714285714312
 20
-15.0
 30
0.0
  0
VERTEX
  5
7F
330
74
100
AcDbEntity
  8
1_ANYTOOL_1MMDEEP_LABELS_S
100
AcDbVertex
100
AcDb2dVertex
 10
2.89285714285711
 20
-20.38928571428551
 30
0.0
  0
VERTEX
  5
80
330
74
100
AcDbEntity
  8
1_ANYTOOL_1MMDEEP_LABELS_S
100
AcDbVertex
100
AcDb2dVertex
 10
5.014285714285506
 20
-25.32857142857392
 30
0.0
  0
VERTEX
  5
81
330
74
100
AcDbEntity
  8
1_ANYTOOL_1MMDEEP_LABELS_S
100
AcDbVertex
100
AcDb2dVertex
 10
6.632142857142668
 20
-27.37232142857283
 30
0.0
  0
VERTEX
  5
82
330
74
100
AcDbEntity
  8
1_ANYTOOL_1MMDEEP_LABELS_S
100
AcDbVertex
100
AcDb2dVertex
 10
8.61428571428553
 20
-28.83214285714348
 30
0.0
  0
VERTEX
  5
83
330
74
100
AcDbEntity
  8
1_ANYTOOL_1MMDEEP_LABELS_S
100
AcDbVertex
100
AcDb2dVertex
 10
10.96071428571409
 20
-29.70803571428587
 30
0.0
  0
VERTEX
  5
84
330
74
100
AcDbEntity
  8
1_ANYTOOL_1MMDEEP_LABELS_S
100
AcDbVertex
100
AcDb2dVertex
 10
13.67142857142835
 20
-30.0
 30
0.0
  0
VERTEX
  5
85
330
74
100
AcDbEntity
  8
1_ANYTOOL_1MMDEEP_LABELS_S
100
AcDbVertex
100
AcDb2dVertex
 10
16.52142857142849
 20
-29.59285714285579
 30
0.0
  0
VERTEX
  5
86
330
74
100
AcDbEntity
  8
1_ANYTOOL_1MMDEEP_LABELS_S
100
AcDbVertex
100
AcDb2dVertex
 10
18.90000000000009
 20
-28.37142857142317
 30
0.0
  0
VERTEX
  5
87
330
74
100
AcDbEntity
  8
1_ANYTOOL_1MMDEEP_LABELS_S
100
AcDbVertex
100
AcDb2dVertex
 10
22.5
 20
-24.17142857142608
 30
0.0
  0
SEQEND
  5
88
330
74
100
AcDbEntity
  8
1_ANYTOOL_1MMDEEP_LABELS_S
  0
POLYLINE
  5
8A
330
1F
100
AcDbEntity
  8
3_ANYTOOL_CUTTHROUGH_INSID
100
AcDb2dPolyline
 66
     1
 10
0.0
 20
0.0
 30
-0.0000000006209255
 70
     1
  0
VERTEX
  5
8B
330
8A
100
AcDbEntity
  8
3_ANYTOOL_CUTTHROUGH_INSID
100
AcDbVertex
100
AcDb2dVertex
 10
982.1303407963524
 20
83.50910087693774
 30
-0.0000000006209255
  0
VERTEX
  5
8C
330
8A
100
AcDbEntity
  8
3_ANYTOOL_CUTTHROUGH_INSID
100
AcDbVertex
100
AcDb2dVertex
 10
1007.870689706902
 20
83.50910087690862
 30
-0.0000000006209255
  0
VERTEX
  5
8D
330
8A
100
AcDbEntity
  8
3_ANYTOOL_CUTTHROUGH_INSID
100
AcDbVertex
100
AcDb2dVertex
 10
1008.646862313512
 20
83.42385364789423
 30
-0.0000000006209255
  0
VERTEX
  5
8E
330
8A
100
AcDbEntity
  8
3_ANYTOOL_CUTTHROUGH_INSID
100
AcDbVertex
100
AcDb2dVertex
 10
1009.420928389835
 20
83.15524785345832
 30
-0.0000000006209255
  0
VERTEX
  5
8F
330
8A
100
AcDbEntity
  8
3_ANYTOOL_CUTTHROUGH_INSID
100
AcDbVertex
100
AcDb2dVertex
 10
1010.145195737783
 20
82.69910678046607
 30
-0.0000000006209255
  0
VERTEX
  5
90
330
8A
100
AcDbEntity
  8
3_ANYTOOL_CUTTHROUGH_INSID
100
AcDbVertex
100
AcDb2dVertex
 10
1011.271742863462
 20
81.31662891457066
 30
-0.0000000006209255
  0
VERTEX
  5
91
330
8A
100
AcDbEntity
  8
3_ANYTOOL_CUTTHROUGH_INSID
100
AcDbVertex
100
AcDb2dVertex
 10
1011.818870871186
 20
79.61019778621007
 30
-0.0000000006209255
  0
VERTEX
  5
92
330
8A
100
AcDbEntity
  8
3_ANYTOOL_CUTTHROUGH_INSID
100
AcDbVertex
100
AcDb2dVertex
 10
1011.818872554321
 20
77.90800782021839
 30
-0.0000000006209255
  0
VERTEX
  5
93
330
8A
100
AcDbEntity
  8
3_ANYTOOL_CUTTHROUGH_INSID
100
AcDbVertex
100
AcDb2dVertex
 10
1011.271743702209
 20
76.20157178349203
 30
-0.0000000006209255
  0
VERTEX
  5
94
330
8A
100
AcDbEntity
  8
3_ANYTOOL_CUTTHROUGH_INSID
100
AcDbVertex
100
AcDb2dVertex
 10
1010.145195969522
 20
74.81909471372427
 30
-0.0000000006209255
  0
VERTEX
  5
95
330
8A
100
AcDbEntity
  8
3_ANYTOOL_CUTTHROUGH_INSID
100
AcDbVertex
100
AcDb2dVertex
 10
1009.42092826313
 20
74.36295404160614
 30
-0.0000000006209255
  0
VERTEX
  5
96
330
8A
100
AcDbEntity
  8
3_ANYTOOL_CUTTHROUGH_INSID
100
AcDbVertex
100
AcDb2dVertex
 10
1008.646862387054
 20
74.09434802394519
 30
-0.0000000006209255
  0
VERTEX
  5
97
330
8A
100
AcDbEntity
  8
3_ANYTOOL_CUTTHROUGH_INSID
100
AcDbVertex
100
AcDb2dVertex
 10
1007.870689706886
 20
74.00910087693774
 30
-0.0000000006209255
  0
VERTEX
  5
98
330
8A
100
AcDbEntity
  8
3_ANYTOOL_CUTTHROUGH_INSID
100
AcDbVertex
100
AcDb2dVertex
 10
982.1303407963537
 20
74.00910087693774
 30
-0.0000000006209255
 42
-1.000000000004164
  0
SEQEND
  5
99
330
8A
100
AcDbEntity
  8
3_ANYTOOL_CUTTHROUGH_INSID
  0
POLYLINE
  5
9A
330
1F
100
AcDbEntity
  8
3_ANYTOOL_CUTTHROUGH_INSID
100
AcDb2dPolyline
 66
     1
 10
0.0
 20
0.0
 30
-0.0000000001861586
 70
     1
  0
VERTEX
  5
9B
330
9A
100
AcDbEntity
  8
3_ANYTOOL_CUTTHROUGH_INSID
100
AcDbVertex
100
AcDb2dVertex
 10
437.8803407963196
 20
-13.53515230333142
 30
-0.0000000001861586
  0
VERTEX
  5
9C
330
9A
100
AcDbEntity
  8
3_ANYTOOL_CUTTHROUGH_INSID
100
AcDbVertex
100
AcDb2dVertex
 10
437.8803407963201
 20
11.96484769665403
 30
-0.0000000001861586
  0
VERTEX
  5
9D
330
9A
100
AcDbEntity
  8
3_ANYTOOL_CUTTHROUGH_INSID
100
AcDbVertex
100
AcDb2dVertex
 10
431.8803407963201
 20
11.96484769666858
 30
-0.0000000001861586
  0
VERTEX
  5
9E
330
9A
100
AcDbEntity
  8
3_ANYTOOL_CUTTHROUGH_INSID
100
AcDbVertex
100
AcDb2dVertex
 10
431.880340796321
 20
24.46484769666858
 30
-0.0000000001861586
  0
VERTEX
  5
9F
330
9A
100
AcDbEntity
  8
3_ANYTOOL_CUTTHROUGH_INSID
100
AcDbVertex
100
AcDb2dVertex
 10
462.380340796321
 20
24.46484769666858
 30
-0.0000000001861586
  0
VERTEX
  5
A0
330
9A
100
AcDbEntity
  8
3_ANYTOOL_CUTTHROUGH_INSID
100
AcDbVertex
100
AcDb2dVertex
 10
462.3803407963205
 20
11.96484769666858
 30
-0.0000000001861586
  0
VERTEX
  5
A1
330
9A
100
AcDbEntity
  8
3_ANYTOOL_CUTTHROUGH_INSID
100
AcDbVertex
100
AcDb2dVertex
 10
456.3803407963205
 20
11.96484769666858
 30
-0.0000000001861586
  0
VERTEX
  5
A2
330
9A
100
AcDbEntity
  8
3_ANYTOOL_CUTTHROUGH_INSID
100
AcDbVertex
100
AcDb2dVertex
 10
456.3803407963269
 20
-13.53515230336052
 30
-0.0000000001861586
  0
VERTEX
  5
A3
330
9A
100
AcDbEntity
  8
3_ANYTOOL_CUTTHROUGH_INSID
100
AcDbVertex
100
AcDb2dVertex
 10
462.3803407963269
 20
-13.53515230333142
 30
-0.0000000001861586
  0
VERTEX
  5
A4
330
9A
100
AcDbEntity
  8
3_ANYTOOL_CUTTHROUGH_INSID
100
AcDbVertex
100
AcDb2dVertex
 10
462.3803407963337
 20
-26.03515230333142
 30
-0.0000000001861586
  0
VERTEX
  5
A5
330
9A
100
AcDbEntity
  8
3_ANYTOOL_CUTTHROUGH_INSID
100
AcDbVertex
100
AcDb2dVertex
 10
431.8803407963333
 20
-26.03515230333142
 30
-0.0000000001861586
  0
VERTEX
  5
A6
330
9A
100
AcDbEntity
  8
3_ANYTOOL_CUTTHROUGH_INSID
100
AcDbVertex
100
AcDb2dVertex
 10
431.8803407963269
 20
-13.53515230333142
 30
-0.0000000001861586
  0
SEQEND
  5
A7
330
9A
100
AcDbEntity
  8
3_ANYTOOL_CUTTHROUGH_INSID
  0
POLYLINE
  5
A8
330
1F
100
AcDbEntity
  8
3_ANYTOOL_CUTTHROUGH_INSID
100
AcDb2dPolyline
 66
     1
 10
0.0
 20
0.0
 30
-0.0000000001786908
 70
     1
  0
VERTEX
  5
A9
330
A8
100
AcDbEntity
  8
3_ANYTOOL_CUTTHROUGH_INSID
100
AcDbVertex
100
AcDb2dVertex
 10
422.1303407967921
 20
83.5091008774616
 30
-0.0000000001786908
  0
VERTEX
  5
AA
330
A8
100
AcDbEntity
  8
3_ANYTOOL_CUTTHROUGH_INSID
100
AcDbVertex
100
AcDb2dVertex
 10
472.130340796793
 20
83.50910087744705
 30
-0.0000000001786908
 42
-0.9999999999955961
  0
VERTEX
  5
AB
330
A8
100
AcDbEntity
  8
3_ANYTOOL_CUTTHROUGH_INSID
100
AcDbVertex
100
AcDb2dVertex
 10
472.1303407967912
 20
74.00910087744705
 30
-0.0000000001786908
  0
VERTEX
  5
AC
330
A8
100
AcDbEntity
  8
3_ANYTOOL_CUTTHROUGH_INSID
100
AcDbVertex
100
AcDb2dVertex
 10
422.1303407967926
 20
74.00910087744705
 30
-0.0000000001786908
 42
-1.000000000005888
  0
SEQEND
  5
AD
330
A8
100
AcDbEntity
  8
3_ANYTOOL_CUTTHROUGH_INSID
  0
POLYLINE
  5
AE
330
1F
100
AcDbEntity
  8
3_ANYTOOL_CUTTHROUGH_INSID
100
AcDb2dPolyline
 66
     1
 10
0.0
 20
0.0
 30
-0.0000000001576979
 70
     1
  0
VERTEX
  5
AF
330
AE
100
AcDbEntity
  8
3_ANYTOOL_CUTTHROUGH_INSID
100
AcDbVertex
100
AcDb2dVertex
 10
-162.1196592036804
 20
-13.53515230330231
 30
-0.0000000001576979
  0
VERTEX
  5
B0
330
AE
100
AcDbEntity
  8
3_ANYTOOL_CUTTHROUGH_INSID
100
AcDbVertex
100
AcDb2dVertex
 10
-162.1196592036799
 20
11.96484769668314
 30
-0.0000000001576979
  0
VERTEX
  5
B1
330
AE
100
AcDbEntity
  8
3_ANYTOOL_CUTTHROUGH_INSID
100
AcDbVertex
100
AcDb2dVertex
 10
-168.1196592036799
 20
11.96484769669769
 30
-0.0000000001576979
  0
VERTEX
  5
B2
330
AE
100
AcDbEntity
  8
3_ANYTOOL_CUTTHROUGH_INSID
100
AcDbVertex
100
AcDb2dVertex
 10
-168.119659203679
 20
24.46484769669769
 30
-0.0000000001576979
  0
VERTEX
  5
B3
330
AE
100
AcDbEntity
  8
3_ANYTOOL_CUTTHROUGH_INSID
100
AcDbVertex
100
AcDb2dVertex
 10
-137.619659203679
 20
24.46484769669769
 30
-0.0000000001576979
  0
VERTEX
  5
B4
330
AE
100
AcDbEntity
  8
3_ANYTOOL_CUTTHROUGH_INSID
100
AcDbVertex
100
AcDb2dVertex
 10
-137.6196592036795
 20
11.96484769669769
 30
-0.0000000001576979
  0
VERTEX
  5
B5
330
AE
100
AcDbEntity
  8
3_ANYTOOL_CUTTHROUGH_INSID
100
AcDbVertex
100
AcDb2dVertex
 10
-143.6196592036795
 20
11.96484769669769
 30
-0.0000000001576979
  0
VERTEX
  5
B6
330
AE
100
AcDbEntity
  8
3_ANYTOOL_CUTTHROUGH_INSID
100
AcDbVertex
100
AcDb2dVertex
 10
-143.6196592036731
 20
-13.53515230333142
 30
-0.0000000001576979
  0
VERTEX
  5
B7
330
AE
100
AcDbEntity
  8
3_ANYTOOL_CUTTHROUGH_INSID
100
AcDbVertex
100
AcDb2dVertex
 10
-137.6196592036731
 20
-13.53515230330231
 30
-0.0000000001576979
  0
VERTEX
  5
B8
330
AE
100
AcDbEntity
  8
3_ANYTOOL_CUTTHROUGH_INSID
100
AcDbVertex
100
AcDb2dVertex
 10
-137.6196592036663
 20
-26.03515230330231
 30
-0.0000000001576979
  0
VERTEX
  5
B9
330
AE
100
AcDbEntity
  8
3_ANYTOOL_CUTTHROUGH_INSID
100
AcDbVertex
100
AcDb2dVertex
 10
-168.1196592036667
 20
-26.03515230330231
 30
-0.0000000001576979
  0
VERTEX
  5
BA
330
AE
100
AcDbEntity
  8
3_ANYTOOL_CUTTHROUGH_INSID
100
AcDbVertex
100
AcDb2dVertex
 10
-168.1196592036731
 20
-13.53515230330231
 30
-0.0000000001576979
  0
SEQEND
  5
BB
330
AE
100
AcDbEntity
  8
3_ANYTOOL_CUTTHROUGH_INSID
  0
POLYLINE
  5
BC
330
1F
100
AcDbEntity
  8
3_ANYTOOL_CUTTHROUGH_INSID
100
AcDb2dPolyline
 66
     1
 10
0.0
 20
0.0
 30
-0.0000000001502301
 70
     1
  0
VERTEX
  5
BD
330
BC
100
AcDbEntity
  8
3_ANYTOOL_CUTTHROUGH_INSID
100
AcDbVertex
100
AcDb2dVertex
 10
-177.8696592032084
 20
83.50910087749071
 30
-0.0000000001502301
  0
VERTEX
  5
BE
330
BC
100
AcDbEntity
  8
3_ANYTOOL_CUTTHROUGH_INSID
100
AcDbVertex
100
AcDb2dVertex
 10
-127.8696592032074
 20
83.50910087747616
 30
-0.0000000001502301
 42
-0.9999999999964577
  0
VERTEX
  5
BF
330
BC
100
AcDbEntity
  8
3_ANYTOOL_CUTTHROUGH_INSID
100
AcDbVertex
100
AcDb2dVertex
 10
-127.8696592032084
 20
74.00910087750526
 30
-0.0000000001502301
  0
VERTEX
  5
C0
330
BC
100
AcDbEntity
  8
3_ANYTOOL_CUTTHROUGH_INSID
100
AcDbVertex
100
AcDb2dVertex
 10
-177.8696592032074
 20
74.00910087747616
 30
-0.0000000001502301
 42
-1.000000000006318
  0
SEQEND
  5
C1
330
BC
100
AcDbEntity
  8
3_ANYTOOL_CUTTHROUGH_INSID
  0
POLYLINE
  5
C2
330
1F
100
AcDbEntity
  8
3_ANYTOOL_CUTTHROUGH_INSID
100
AcDb2dPolyline
 66
     1
 10
0.0
 20
0.0
 30
-0.0000000001237801
 70
     1
  0
VERTEX
  5
C3
330
C2
100
AcDbEntity
  8
3_ANYTOOL_CUTTHROUGH_INSID
100
AcDbVertex
100
AcDb2dVertex
 10
-762.1196592036881
 20
-13.53515230327321
 30
-0.0000000001237801
  0
VERTEX
  5
C4
330
C2
100
AcDbEntity
  8
3_ANYTOOL_CUTTHROUGH_INSID
100
AcDbVertex
100
AcDb2dVertex
 10
-762.1196592036877
 20
11.96484769671224
 30
-0.0000000001237801
  0
VERTEX
  5
C5
330
C2
100
AcDbEntity
  8
3_ANYTOOL_CUTTHROUGH_INSID
100
AcDbVertex
100
AcDb2dVertex
 10
-768.1196592036877
 20
11.96484769672679
 30
-0.0000000001237801
  0
VERTEX
  5
C6
330
C2
100
AcDbEntity
  8
3_ANYTOOL_CUTTHROUGH_INSID
100
AcDbVertex
100
AcDb2dVertex
 10
-768.1196592036868
 20
24.46484769672679
 30
-0.0000000001237801
  0
VERTEX
  5
C7
330
C2
100
AcDbEntity
  8
3_ANYTOOL_CUTTHROUGH_INSID
100
AcDbVertex
100
AcDb2dVertex
 10
-737.6196592036868
 20
24.46484769672679
 30
-0.0000000001237801
  0
VERTEX
  5
C8
330
C2
100
AcDbEntity
  8
3_ANYTOOL_CUTTHROUGH_INSID
100
AcDbVertex
100
AcDb2dVertex
 10
-737.6196592036872
 20
11.96484769672679
 30
-0.0000000001237801
  0
VERTEX
  5
C9
330
C2
100
AcDbEntity
  8
3_ANYTOOL_CUTTHROUGH_INSID
100
AcDbVertex
100
AcDb2dVertex
 10
-743.6196592036872
 20
11.96484769672679
 30
-0.0000000001237801
  0
VERTEX
  5
CA
330
C2
100
AcDbEntity
  8
3_ANYTOOL_CUTTHROUGH_INSID
100
AcDbVertex
100
AcDb2dVertex
 10
-743.6196592036808
 20
-13.53515230330231
 30
-0.0000000001237801
  0
VERTEX
  5
CB
330
C2
100
AcDbEntity
  8
3_ANYTOOL_CUTTHROUGH_INSID
100
AcDbVertex
100
AcDb2dVertex
 10
-737.6196592036808
 20
-13.53515230327321
 30
-0.0000000001237801
  0
VERTEX
  5
CC
330
C2
100
AcDbEntity
  8
3_ANYTOOL_CUTTHROUGH_INSID
100
AcDbVertex
100
AcDb2dVertex
 10
-737.619659203674
 20
-26.03515230327321
 30
-0.0000000001237801
  0
VERTEX
  5
CD
330
C2
100
AcDbEntity
  8
3_ANYTOOL_CUTTHROUGH_INSID
100
AcDbVertex
100
AcDb2dVertex
 10
-768.1196592036745
 20
-26.03515230327321
 30
-0.0000000001237801
  0
VERTEX
  5
CE
330
C2
100
AcDbEntity
  8
3_ANYTOOL_CUTTHROUGH_INSID
100
AcDbVertex
100
AcDb2dVertex
 10
-768.1196592036808
 20
-13.53515230327321
 30
-0.0000000001237801
  0
SEQEND
  5
CF
330
C2
100
AcDbEntity
  8
3_ANYTOOL_CUTTHROUGH_INSID
  0
POLYLINE
  5
D0
330
1F
100
AcDbEntity
  8
3_ANYTOOL_CUTTHROUGH_INSID
100
AcDb2dPolyline
 66
     1
 10
0.0
 20
0.0
 30
-0.0000000001163123
 70
     1
  0
VERTEX
  5
D1
330
D0
100
AcDbEntity
  8
3_ANYTOOL_CUTTHROUGH_INSID
100
AcDbVertex
100
AcDb2dVertex
 10
-777.8696592032161
 20
83.50910087751981
 30
-0.0000000001163123
  0
VERTEX
  5
D2
330
D0
100
AcDbEntity
  8
3_ANYTOOL_CUTTHROUGH_INSID
100
AcDbVertex
100
AcDb2dVertex
 10
-727.8696592032152
 20
83.50910087750526
 30
-0.0000000001163123
 42
-0.9999999999951175
  0
VERTEX
  5
D3
330
D0
100
AcDbEntity
  8
3_ANYTOOL_CUTTHROUGH_INSID
100
AcDbVertex
100
AcDb2dVertex
 10
-727.8696592032161
 20
74.00910087753437
 30
-0.0000000001163123
  0
VERTEX
  5
D4
330
D0
100
AcDbEntity
  8
3_ANYTOOL_CUTTHROUGH_INSID
100
AcDbVertex
100
AcDb2dVertex
 10
-777.8696592032152
 20
74.00910087750526
 30
-0.0000000001163123
 42
-1.000000000004882
  0
SEQEND
  5
D5
330
D0
100
AcDbEntity
  8
3_ANYTOOL_CUTTHROUGH_INSID
  0
POLYLINE
  5
D7
330
1F
100
AcDbEntity
  8
4_ANYTOOL_CUTTHROUGH_OUTSI
100
AcDb2dPolyline
 66
     1
 10
0.0
 20
0.0
 30
0.0
 70
     1
  0
VERTEX
  5
D8
330
D7
100
AcDbEntity
  8
4_ANYTOOL_CUTTHROUGH_OUTSI
100
AcDbVertex
100
AcDb2dVertex
 10
-1052.619659203033
 20
26.87214718369069
 30
0.0
 42
0.522099328453192
  0
VERTEX
  5
D9
330
D7
100
AcDbEntity
  8
4_ANYTOOL_CUTTHROUGH_OUTSI
100
AcDbVertex
100
AcDb2dVertex
 10
-1044.877026594626
 20
21.47845500783678
 30
0.0
  0
VERTEX
  5
DA
330
D7
100
AcDbEntity
  8
4_ANYTOOL_CUTTHROUGH_OUTSI
100
AcDbVertex
100
AcDb2dVertex
 10
-1023.180515640766
 20
29.49396160439937
 30
0.0
 42
-0.0156106728679189
  0
VERTEX
  5
DB
330
D7
100
AcDbEntity
  8
4_ANYTOOL_CUTTHROUGH_OUTSI
100
AcDbVertex
100
AcDb2dVertex
 10
-1023.165714188884
 20
29.49891048709115
 30
0.0
 42
-0.5023966197263088
  0
VERTEX
  5
DC
330
D7
100
AcDbEntity
  8
4_ANYTOOL_CUTTHROUGH_OUTSI
100
AcDbVertex
100
AcDb2dVertex
 10
-1015.119936461327
 20
23.51249671107507
 30
0.0
  0
VERTEX
  5
DD
330
D7
100
AcDbEntity
  8
4_ANYTOOL_CUTTHROUGH_OUTSI
100
AcDbVertex
100
AcDb2dVertex
 10
-1015.119480668701
 20
-24.99358786281664
 30
0.0
 42
-0.5023968879063556
  0
VERTEX
  5
DE
330
D7
100
AcDbEntity
  8
4_ANYTOOL_CUTTHROUGH_OUTSI
100
AcDbVertex
100
AcDb2dVertex
 10
-1023.165404953471
 20
-30.98000332002941
 30
0.0
 42
-0.015604159814777
  0
VERTEX
  5
DF
330
D7
100
AcDbEntity
  8
4_ANYTOOL_CUTTHROUGH_OUTSI
100
AcDbVertex
100
AcDb2dVertex
 10
-1023.180200250012
 20
-30.97505655695549
 30
0.0
  0
VERTEX
  5
E0
330
D7
100
AcDbEntity
  8
4_ANYTOOL_CUTTHROUGH_OUTSI
100
AcDbVertex
100
AcDb2dVertex
 10
-1044.877117040625
 20
-22.95981351484079
 30
0.0
 42
0.5220939935263127
  0
VERTEX
  5
E1
330
D7
100
AcDbEntity
  8
4_ANYTOOL_CUTTHROUGH_OUTSI
100
AcDbVertex
100
AcDb2dVertex
 10
-1052.619659203035
 20
-28.3535391039768
 30
0.0
  0
VERTEX
  5
E2
330
D7
100
AcDbEntity
  8
4_ANYTOOL_CUTTHROUGH_OUTSI
100
AcDbVertex
100
AcDb2dVertex
 10
-1052.619659203041
 20
-93.49089912288764
 30
0.0
  0
VERTEX
  5
E3
330
D7
100
AcDbEntity
  8
4_ANYTOOL_CUTTHROUGH_OUTSI
100
AcDbVertex
100
AcDb2dVertex
 10
-1015.619659203033
 20
-93.49089912288764
 30
0.0
  0
VERTEX
  5
E4
330
D7
100
AcDbEntity
  8
4_ANYTOOL_CUTTHROUGH_OUTSI
100
AcDbVertex
100
AcDb2dVertex
 10
-1015.619659203032
 20
-69.74089912287309
 30
0.0
 42
-0.4142135623741026
  0
VERTEX
  5
E5
330
D7
100
AcDbEntity
  8
4_ANYTOOL_CUTTHROUGH_OUTSI
100
AcDbVertex
100
AcDb2dVertex
 10
-1015.369659203032
 20
-69.490899122874
 30
0.0
  0
VERTEX
  5
E6
330
D7
100
AcDbEntity
  8
4_ANYTOOL_CUTTHROUGH_OUTSI
100
AcDbVertex
100
AcDb2dVertex
 10
-1003.369659203032
 20
-69.49089912287309
 30
0.0
 42
-0.4142135623735838
  0
VERTEX
  5
E7
330
D7
100
AcDbEntity
  8
4_ANYTOOL_CUTTHROUGH_OUTSI
100
AcDbVertex
100
AcDb2dVertex
 10
-1003.119659203032
 20
-69.74089912287309
 30
0.0
  0
VERTEX
  5
E8
330
D7
100
AcDbEntity
  8
4_ANYTOOL_CUTTHROUGH_OUTSI
100
AcDbVertex
100
AcDb2dVertex
 10
-1003.119659203032
 20
-75.49089912290219
 30
0.0
  0
VERTEX
  5
E9
330
D7
100
AcDbEntity
  8
4_ANYTOOL_CUTTHROUGH_OUTSI
100
AcDbVertex
100
AcDb2dVertex
 10
-865.1196592032229
 20
-75.4908991225966
 30
0.0
  0
VERTEX
  5
EA
330
D7
100
AcDbEntity
  8
4_ANYTOOL_CUTTHROUGH_OUTSI
100
AcDbVertex
100
AcDb2dVertex
 10
-865.119659203222
 20
-69.74089912258205
 30
0.0
 42
-0.414213562371447
  0
VERTEX
  5
EB
330
D7
100
AcDbEntity
  8
4_ANYTOOL_CUTTHROUGH_OUTSI
100
AcDbVertex
100
AcDb2dVertex
 10
-864.8696592032215
 20
-69.49089912258023
 30
0.0
  0
VERTEX
  5
EC
330
D7
100
AcDbEntity
  8
4_ANYTOOL_CUTTHROUGH_OUTSI
100
AcDbVertex
100
AcDb2dVertex
 10
-852.8696592032143
 20
-69.4908991225966
 30
0.0
 42
-0.4142135623298779
  0
VERTEX
  5
ED
330
D7
100
AcDbEntity
  8
4_ANYTOOL_CUTTHROUGH_OUTSI
100
AcDbVertex
100
AcDb2dVertex
 10
-852.619659203222
 20
-69.7408991225966
 30
0.0
  0
VERTEX
  5
EE
330
D7
100
AcDbEntity
  8
4_ANYTOOL_CUTTHROUGH_OUTSI
100
AcDbVertex
100
AcDb2dVertex
 10
-852.6196592032511
 20
-93.49089912236377
 30
0.0
  0
VERTEX
  5
EF
330
D7
100
AcDbEntity
  8
4_ANYTOOL_CUTTHROUGH_OUTSI
100
AcDbVertex
100
AcDb2dVertex
 10
-778.1196592032297
 20
-93.49089912248019
 30
0.0
  0
VERTEX
  5
F0
330
D7
100
AcDbEntity
  8
4_ANYTOOL_CUTTHROUGH_OUTSI
100
AcDbVertex
100
AcDb2dVertex
 10
-778.1196592032293
 20
-69.74089912248019
 30
0.0
 42
-0.4142135623778041
  0
VERTEX
  5
F1
330
D7
100
AcDbEntity
  8
4_ANYTOOL_CUTTHROUGH_OUTSI
100
AcDbVertex
100
AcDb2dVertex
 10
-777.8696592032293
 20
-69.49089912248428
 30
0.0
  0
VERTEX
  5
F2
330
D7
100
AcDbEntity
  8
4_ANYTOOL_CUTTHROUGH_OUTSI
100
AcDbVertex
100
AcDb2dVertex
 10
-765.8696592032288
 20
-69.49089912248019
 30
0.0
 42
-0.4142135623987024
  0
VERTEX
  5
F3
330
D7
100
AcDbEntity
  8
4_ANYTOOL_CUTTHROUGH_OUTSI
100
AcDbVertex
100
AcDb2dVertex
 10
-765.6196592032361
 20
-69.74089912248019
 30
0.0
  0
VERTEX
  5
F4
330
D7
100
AcDbEntity
  8
4_ANYTOOL_CUTTHROUGH_OUTSI
100
AcDbVertex
100
AcDb2dVertex
 10
-765.6196592032288
 20
-75.49089912248019
 30
0.0
  0
VERTEX
  5
F5
330
D7
100
AcDbEntity
  8
4_ANYTOOL_CUTTHROUGH_OUTSI
100
AcDbVertex
100
AcDb2dVertex
 10
-740.1196592032288
 20
-75.49089912248019
 30
0.0
  0
VERTEX
  5
F6
330
D7
100
AcDbEntity
  8
4_ANYTOOL_CUTTHROUGH_OUTSI
100
AcDbVertex
100
AcDb2dVertex
 10
-740.1196592032288
 20
-69.74089912248019
 30
0.0
 42
-0.414213562378586
  0
VERTEX
  5
F7
330
D7
100
AcDbEntity
  8
4_ANYTOOL_CUTTHROUGH_OUTSI
100
AcDbVertex
100
AcDb2dVertex
 10
-739.8696592032288
 20
-69.49089912248473
 30
0.0
  0
VERTEX
  5
F8
330
D7
100
AcDbEntity
  8
4_ANYTOOL_CUTTHROUGH_OUTSI
100
AcDbVertex
100
AcDb2dVertex
 10
-727.8696592032288
 20
-69.49089912248019
 30
0.0
 42
-0.4142135623745574
  0
VERTEX
  5
F9
330
D7
100
AcDbEntity
  8
4_ANYTOOL_CUTTHROUGH_OUTSI
100
AcDbVertex
100
AcDb2dVertex
 10
-727.6196592032275
 20
-69.74089912248019
 30
0.0
  0
VERTEX
  5
FA
330
D7
100
AcDbEntity
  8
4_ANYTOOL_CUTTHROUGH_OUTSI
100
AcDbVertex
100
AcDb2dVertex
 10
-727.6196592032297
 20
-93.49089912248019
 30
0.0
  0
VERTEX
  5
FB
330
D7
100
AcDbEntity
  8
4_ANYTOOL_CUTTHROUGH_OUTSI
100
AcDbVertex
100
AcDb2dVertex
 10
-653.1196592032293
 20
-93.49089912248019
 30
0.0
  0
VERTEX
  5
FC
330
D7
100
AcDbEntity
  8
4_ANYTOOL_CUTTHROUGH_OUTSI
100
AcDbVertex
100
AcDb2dVertex
 10
-653.1196592032288
 20
-69.74089912265481
 30
0.0
 42
-0.4142135624028599
  0
VERTEX
  5
FD
330
D7
100
AcDbEntity
  8
4_ANYTOOL_CUTTHROUGH_OUTSI
100
AcDbVertex
100
AcDb2dVertex
 10
-652.8696592032288
 20
-69.49089912265117
 30
0.0
  0
VERTEX
  5
FE
330
D7
100
AcDbEntity
  8
4_ANYTOOL_CUTTHROUGH_OUTSI
100
AcDbVertex
100
AcDb2dVertex
 10
-640.8696592032288
 20
-69.49089912265481
 30
0.0
 42
-0.4142135623778425
  0
VERTEX
  5
FF
330
D7
100
AcDbEntity
  8
4_ANYTOOL_CUTTHROUGH_OUTSI
100
AcDbVertex
100
AcDb2dVertex
 10
-640.6196592032247
 20
-69.74089912265481
 30
0.0
  0
VERTEX
  5
100
330
D7
100
AcDbEntity
  8
4_ANYTOOL_CUTTHROUGH_OUTSI
100
AcDbVertex
100
AcDb2dVertex
 10
-640.6196592032288
 20
-75.49089912265481
 30
0.0
  0
VERTEX
  5
101
330
D7
100
AcDbEntity
  8
4_ANYTOOL_CUTTHROUGH_OUTSI
100
AcDbVertex
100
AcDb2dVertex
 10
-502.6196592030583
 20
-75.49089912271302
 30
0.0
  0
VERTEX
  5
102
330
D7
100
AcDbEntity
  8
4_ANYTOOL_CUTTHROUGH_OUTSI
100
AcDbVertex
100
AcDb2dVertex
 10
-502.6196592030574
 20
-69.74089912271302
 30
0.0
 42
-0.4142135624008351
  0
VERTEX
  5
103
330
D7
100
AcDbEntity
  8
4_ANYTOOL_CUTTHROUGH_OUTSI
100
AcDbVertex
100
AcDb2dVertex
 10
-502.3696592030574
 20
-69.49089912270756
 30
0.0
  0
VERTEX
  5
104
330
D7
100
AcDbEntity
  8
4_ANYTOOL_CUTTHROUGH_OUTSI
100
AcDbVertex
100
AcDb2dVertex
 10
-490.3696592030569
 20
-69.49089912271302
 30
0.0
 42
-0.4142135623783743
  0
VERTEX
  5
105
330
D7
100
AcDbEntity
  8
4_ANYTOOL_CUTTHROUGH_OUTSI
100
AcDbVertex
100
AcDb2dVertex
 10
-490.1196592030524
 20
-69.74089912271302
 30
0.0
  0
VERTEX
  5
106
330
D7
100
AcDbEntity
  8
4_ANYTOOL_CUTTHROUGH_OUTSI
100
AcDbVertex
100
AcDb2dVertex
 10
-490.1196592030592
 20
-93.49089912271302
 30
0.0
  0
VERTEX
  5
107
330
D7
100
AcDbEntity
  8
4_ANYTOOL_CUTTHROUGH_OUTSI
100
AcDbVertex
100
AcDb2dVertex
 10
-415.6196592030592
 20
-93.49089912271302
 30
0.0
  0
VERTEX
  5
108
330
D7
100
AcDbEntity
  8
4_ANYTOOL_CUTTHROUGH_OUTSI
100
AcDbVertex
100
AcDb2dVertex
 10
-415.6196592030565
 20
-69.74089912271302
 30
0.0
 42
-0.4142135623730951
  0
VERTEX
  5
109
330
D7
100
AcDbEntity
  8
4_ANYTOOL_CUTTHROUGH_OUTSI
100
AcDbVertex
100
AcDb2dVertex
 10
-415.3696592030565
 20
-69.49089912271302
 30
0.0
  0
VERTEX
  5
10A
330
D7
100
AcDbEntity
  8
4_ANYTOOL_CUTTHROUGH_OUTSI
100
AcDbVertex
100
AcDb2dVertex
 10
-403.3696592030565
 20
-69.49089912271302
 30
0.0
 42
-0.4142135623752028
  0
VERTEX
  5
10B
330
D7
100
AcDbEntity
  8
4_ANYTOOL_CUTTHROUGH_OUTSI
100
AcDbVertex
100
AcDb2dVertex
 10
-403.1196592030547
 20
-69.74089912271302
 30
0.0
  0
VERTEX
  5
10C
330
D7
100
AcDbEntity
  8
4_ANYTOOL_CUTTHROUGH_OUTSI
100
AcDbVertex
100
AcDb2dVertex
 10
-403.1196592030574
 20
-75.49089912272757
 30
0.0
  0
VERTEX
  5
10D
330
D7
100
AcDbEntity
  8
4_ANYTOOL_CUTTHROUGH_OUTSI
100
AcDbVertex
100
AcDb2dVertex
 10
-265.1196592032152
 20
-75.4908991226257
 30
0.0
  0
VERTEX
  5
10E
330
D7
100
AcDbEntity
  8
4_ANYTOOL_CUTTHROUGH_OUTSI
100
AcDbVertex
100
AcDb2dVertex
 10
-265.1196592032143
 20
-69.74089912261115
 30
0.0
 42
-0.4142135623703922
  0
VERTEX
  5
10F
330
D7
100
AcDbEntity
  8
4_ANYTOOL_CUTTHROUGH_OUTSI
100
AcDbVertex
100
AcDb2dVertex
 10
-264.8696592032138
 20
-69.49089912260843
 30
0.0
  0
VERTEX
  5
110
330
D7
100
AcDbEntity
  8
4_ANYTOOL_CUTTHROUGH_OUTSI
100
AcDbVertex
100
AcDb2dVertex
 10
-252.8696592032065
 20
-69.4908991226257
 30
0.0
 42
-0.4142135624173112
  0
VERTEX
  5
111
330
D7
100
AcDbEntity
  8
4_ANYTOOL_CUTTHROUGH_OUTSI
100
AcDbVertex
100
AcDb2dVertex
 10
-252.6196592031979
 20
-69.7408991226257
 30
0.0
  0
VERTEX
  5
112
330
D7
100
AcDbEntity
  8
4_ANYTOOL_CUTTHROUGH_OUTSI
100
AcDbVertex
100
AcDb2dVertex
 10
-252.6196592032434
 20
-93.49089912239288
 30
0.0
  0
VERTEX
  5
113
330
D7
100
AcDbEntity
  8
4_ANYTOOL_CUTTHROUGH_OUTSI
100
AcDbVertex
100
AcDb2dVertex
 10
-178.119659203222
 20
-93.49089912250929
 30
0.0
  0
VERTEX
  5
114
330
D7
100
AcDbEntity
  8
4_ANYTOOL_CUTTHROUGH_OUTSI
100
AcDbVertex
100
AcDb2dVertex
 10
-178.1196592032215
 20
-69.74089912250929
 30
0.0
 42
-0.4142135623768338
  0
VERTEX
  5
115
330
D7
100
AcDbEntity
  8
4_ANYTOOL_CUTTHROUGH_OUTSI
100
AcDbVertex
100
AcDb2dVertex
 10
-177.8696592032215
 20
-69.49089912251247
 30
0.0
  0
VERTEX
  5
116
330
D7
100
AcDbEntity
  8
4_ANYTOOL_CUTTHROUGH_OUTSI
100
AcDbVertex
100
AcDb2dVertex
 10
-165.8696592032211
 20
-69.49089912250929
 30
0.0
 42
-0.4142135623725691
  0
VERTEX
  5
117
330
D7
100
AcDbEntity
  8
4_ANYTOOL_CUTTHROUGH_OUTSI
100
AcDbVertex
100
AcDb2dVertex
 10
-165.6196592032215
 20
-69.74089912250929
 30
0.0
  0
VERTEX
  5
118
330
D7
100
AcDbEntity
  8
4_ANYTOOL_CUTTHROUGH_OUTSI
100
AcDbVertex
100
AcDb2dVertex
 10
-165.6196592032211
 20
-75.49089912250929
 30
0.0
  0
VERTEX
  5
119
330
D7
100
AcDbEntity
  8
4_ANYTOOL_CUTTHROUGH_OUTSI
100
AcDbVertex
100
AcDb2dVertex
 10
-140.1196592032211
 20
-75.49089912250929
 30
0.0
  0
VERTEX
  5
11A
330
D7
100
AcDbEntity
  8
4_ANYTOOL_CUTTHROUGH_OUTSI
100
AcDbVertex
100
AcDb2dVertex
 10
-140.1196592032211
 20
-69.74089912250929
 30
0.0
 42
-0.4142135623773284
  0
VERTEX
  5
11B
330
D7
100
AcDbEntity
  8
4_ANYTOOL_CUTTHROUGH_OUTSI
100
AcDbVertex
100
AcDb2dVertex
 10
-139.8696592032211
 20
-69.49089912251293
 30
0.0
  0
VERTEX
  5
11C
330
D7
100
AcDbEntity
  8
4_ANYTOOL_CUTTHROUGH_OUTSI
100
AcDbVertex
100
AcDb2dVertex
 10
-127.8696592032211
 20
-69.49089912250929
 30
0.0
 42
-0.4142135623965239
  0
VERTEX
  5
11D
330
D7
100
AcDbEntity
  8
4_ANYTOOL_CUTTHROUGH_OUTSI
100
AcDbVertex
100
AcDb2dVertex
 10
-127.6196592032302
 20
-69.74089912250929
 30
0.0
  0
VERTEX
  5
11E
330
D7
100
AcDbEntity
  8
4_ANYTOOL_CUTTHROUGH_OUTSI
100
AcDbVertex
100
AcDb2dVertex
 10
-127.619659203222
 20
-93.49089912250929
 30
0.0
  0
VERTEX
  5
11F
330
D7
100
AcDbEntity
  8
4_ANYTOOL_CUTTHROUGH_OUTSI
100
AcDbVertex
100
AcDb2dVertex
 10
-53.11965920322154
 20
-93.49089912250929
 30
0.0
  0
VERTEX
  5
120
330
D7
100
AcDbEntity
  8
4_ANYTOOL_CUTTHROUGH_OUTSI
100
AcDbVertex
100
AcDb2dVertex
 10
-53.11965920322109
 20
-69.74089912268391
 30
0.0
 42
-0.4142135623720404
  0
VERTEX
  5
121
330
D7
100
AcDbEntity
  8
4_ANYTOOL_CUTTHROUGH_OUTSI
100
AcDbVertex
100
AcDb2dVertex
 10
-52.86965920322109
 20
-69.490899122683
 30
0.0
  0
VERTEX
  5
122
330
D7
100
AcDbEntity
  8
4_ANYTOOL_CUTTHROUGH_OUTSI
100
AcDbVertex
100
AcDb2dVertex
 10
-40.86965920322109
 20
-69.49089912268391
 30
0.0
 42
-0.4142135623762861
  0
VERTEX
  5
123
330
D7
100
AcDbEntity
  8
4_ANYTOOL_CUTTHROUGH_OUTSI
100
AcDbVertex
100
AcDb2dVertex
 10
-40.61965920321836
 20
-69.74089912268391
 30
0.0
  0
VERTEX
  5
124
330
D7
100
AcDbEntity
  8
4_ANYTOOL_CUTTHROUGH_OUTSI
100
AcDbVertex
100
AcDb2dVertex
 10
-40.61965920322109
 20
-75.49089912268391
 30
0.0
  0
VERTEX
  5
125
330
D7
100
AcDbEntity
  8
4_ANYTOOL_CUTTHROUGH_OUTSI
100
AcDbVertex
100
AcDb2dVertex
 10
97.38034079694216
 20
-75.49089912275667
 30
0.0
  0
VERTEX
  5
126
330
D7
100
AcDbEntity
  8
4_ANYTOOL_CUTTHROUGH_OUTSI
100
AcDbVertex
100
AcDb2dVertex
 10
97.38034079694307
 20
-69.74089912275667
 30
0.0
 42
-0.4142135623773519
  0
VERTEX
  5
127
330
D7
100
AcDbEntity
  8
4_ANYTOOL_CUTTHROUGH_OUTSI
100
AcDbVertex
100
AcDb2dVertex
 10
97.63034079694307
 20
-69.49089912276031
 30
0.0
  0
VERTEX
  5
128
330
D7
100
AcDbEntity
  8
4_ANYTOOL_CUTTHROUGH_OUTSI
100
AcDbVertex
100
AcDb2dVertex
 10
109.6303407969431
 20
-69.49089912275667
 30
0.0
 42
-0.4142135623757671
  0
VERTEX
  5
129
330
D7
100
AcDbEntity
  8
4_ANYTOOL_CUTTHROUGH_OUTSI
100
AcDbVertex
100
AcDb2dVertex
 10
109.8803407969453
 20
-69.74089912275667
 30
0.0
  0
VERTEX
  5
12A
330
D7
100
AcDbEntity
  8
4_ANYTOOL_CUTTHROUGH_OUTSI
100
AcDbVertex
100
AcDb2dVertex
 10
109.8803407969408
 20
-93.49089912275667
 30
0.0
  0
VERTEX
  5
12B
330
D7
100
AcDbEntity
  8
4_ANYTOOL_CUTTHROUGH_OUTSI
100
AcDbVertex
100
AcDb2dVertex
 10
184.3803407969408
 20
-93.49089912275667
 30
0.0
  0
VERTEX
  5
12C
330
D7
100
AcDbEntity
  8
4_ANYTOOL_CUTTHROUGH_OUTSI
100
AcDbVertex
100
AcDb2dVertex
 10
184.3803407969435
 20
-69.74089912275667
 30
0.0
 42
-0.4142135624002514
  0
VERTEX
  5
12D
330
D7
100
AcDbEntity
  8
4_ANYTOOL_CUTTHROUGH_OUTSI
100
AcDbVertex
100
AcDb2dVertex
 10
184.6303407969435
 20
-69.49089912275076
 30
0.0
  0
VERTEX
  5
12E
330
D7
100
AcDbEntity
  8
4_ANYTOOL_CUTTHROUGH_OUTSI
100
AcDbVertex
100
AcDb2dVertex
 10
196.6303407969435
 20
-69.49089912275667
 30
0.0
 42
-0.4142135623736405
  0
VERTEX
  5
12F
330
D7
100
AcDbEntity
  8
4_ANYTOOL_CUTTHROUGH_OUTSI
100
AcDbVertex
100
AcDb2dVertex
 10
196.880340796944
 20
-69.74089912275667
 30
0.0
  0
VERTEX
  5
130
330
D7
100
AcDbEntity
  8
4_ANYTOOL_CUTTHROUGH_OUTSI
100
AcDbVertex
100
AcDb2dVertex
 10
196.8803407969426
 20
-75.49089912277122
 30
0.0
  0
VERTEX
  5
131
330
D7
100
AcDbEntity
  8
4_ANYTOOL_CUTTHROUGH_OUTSI
100
AcDbVertex
100
AcDb2dVertex
 10
334.8803407967848
 20
-75.49089912265481
 30
0.0
  0
VERTEX
  5
132
330
D7
100
AcDbEntity
  8
4_ANYTOOL_CUTTHROUGH_OUTSI
100
AcDbVertex
100
AcDb2dVertex
 10
334.8803407967857
 20
-69.74089912264026
 30
0.0
 42
-0.4142135623134052
  0
VERTEX
  5
133
330
D7
100
AcDbEntity
  8
4_ANYTOOL_CUTTHROUGH_OUTSI
100
AcDbVertex
100
AcDb2dVertex
 10
335.1303407967857
 20
-69.49089912264753
 30
0.0
  0
VERTEX
  5
134
330
D7
100
AcDbEntity
  8
4_ANYTOOL_CUTTHROUGH_OUTSI
100
AcDbVertex
100
AcDb2dVertex
 10
347.130340796793
 20
-69.49089912265481
 30
0.0
 42
-0.4142135623709678
  0
VERTEX
  5
135
330
D7
100
AcDbEntity
  8
4_ANYTOOL_CUTTHROUGH_OUTSI
100
AcDbVertex
100
AcDb2dVertex
 10
347.3803407967912
 20
-69.74089912265481
 30
0.0
  0
VERTEX
  5
136
330
D7
100
AcDbEntity
  8
4_ANYTOOL_CUTTHROUGH_OUTSI
100
AcDbVertex
100
AcDb2dVertex
 10
347.3803407967566
 20
-93.49089912242198
 30
0.0
  0
VERTEX
  5
137
330
D7
100
AcDbEntity
  8
4_ANYTOOL_CUTTHROUGH_OUTSI
100
AcDbVertex
100
AcDb2dVertex
 10
421.880340796778
 20
-93.4908991225384
 30
0.0
  0
VERTEX
  5
138
330
D7
100
AcDbEntity
  8
4_ANYTOOL_CUTTHROUGH_OUTSI
100
AcDbVertex
100
AcDb2dVertex
 10
421.8803407967785
 20
-69.7408991225384
 30
0.0
 42
-0.4142135623980567
  0
VERTEX
  5
139
330
D7
100
AcDbEntity
  8
4_ANYTOOL_CUTTHROUGH_OUTSI
100
AcDbVertex
100
AcDb2dVertex
 10
422.1303407967785
 20
-69.49089912253066
 30
0.0
  0
VERTEX
  5
13A
330
D7
100
AcDbEntity
  8
4_ANYTOOL_CUTTHROUGH_OUTSI
100
AcDbVertex
100
AcDb2dVertex
 10
434.1303407967789
 20
-69.4908991225384
 30
0.0
 42
-0.4142135623997268
  0
VERTEX
  5
13B
330
D7
100
AcDbEntity
  8
4_ANYTOOL_CUTTHROUGH_OUTSI
100
AcDbVertex
100
AcDb2dVertex
 10
434.3803407967725
 20
-69.7408991225384
 30
0.0
  0
VERTEX
  5
13C
330
D7
100
AcDbEntity
  8
4_ANYTOOL_CUTTHROUGH_OUTSI
100
AcDbVertex
100
AcDb2dVertex
 10
434.3803407967789
 20
-75.4908991225384
 30
0.0
  0
VERTEX
  5
13D
330
D7
100
AcDbEntity
  8
4_ANYTOOL_CUTTHROUGH_OUTSI
100
AcDbVertex
100
AcDb2dVertex
 10
459.8803407967789
 20
-75.4908991225384
 30
0.0
  0
VERTEX
  5
13E
330
D7
100
AcDbEntity
  8
4_ANYTOOL_CUTTHROUGH_OUTSI
100
AcDbVertex
100
AcDb2dVertex
 10
459.8803407967789
 20
-69.7408991225384
 30
0.0
 42
-0.4142135623704108
  0
VERTEX
  5
13F
330
D7
100
AcDbEntity
  8
4_ANYTOOL_CUTTHROUGH_OUTSI
100
AcDbVertex
100
AcDb2dVertex
 10
460.1303407967789
 20
-69.49089912253612
 30
0.0
  0
VERTEX
  5
140
330
D7
100
AcDbEntity
  8
4_ANYTOOL_CUTTHROUGH_OUTSI
100
AcDbVertex
100
AcDb2dVertex
 10
472.1303407967789
 20
-69.4908991225384
 30
0.0
 42
-0.4142135623997268
  0
VERTEX
  5
141
330
D7
100
AcDbEntity
  8
4_ANYTOOL_CUTTHROUGH_OUTSI
100
AcDbVertex
100
AcDb2dVertex
 10
472.3803407967725
 20
-69.7408991225384
 30
0.0
  0
VERTEX
  5
142
330
D7
100
AcDbEntity
  8
4_ANYTOOL_CUTTHROUGH_OUTSI
100
AcDbVertex
100
AcDb2dVertex
 10
472.380340796778
 20
-93.4908991225384
 30
0.0
  0
VERTEX
  5
143
330
D7
100
AcDbEntity
  8
4_ANYTOOL_CUTTHROUGH_OUTSI
100
AcDbVertex
100
AcDb2dVertex
 10
546.8803407967782
 20
-93.4908991225384
 30
0.0
  0
VERTEX
  5
144
330
D7
100
AcDbEntity
  8
4_ANYTOOL_CUTTHROUGH_OUTSI
100
AcDbVertex
100
AcDb2dVertex
 10
546.8803407967787
 20
-69.74089912271302
 30
0.0
 42
-0.4142135623746019
  0
VERTEX
  5
145
330
D7
100
AcDbEntity
  8
4_ANYTOOL_CUTTHROUGH_OUTSI
100
AcDbVertex
100
AcDb2dVertex
 10
547.1303407967787
 20
-69.49089912271438
 30
0.0
  0
VERTEX
  5
146
330
D7
100
AcDbEntity
  8
4_ANYTOOL_CUTTHROUGH_OUTSI
100
AcDbVertex
100
AcDb2dVertex
 10
559.1303407967787
 20
-69.49089912271302
 30
0.0
 42
-0.4142135623735838
  0
VERTEX
  5
147
330
D7
100
AcDbEntity
  8
4_ANYTOOL_CUTTHROUGH_OUTSI
100
AcDbVertex
100
AcDb2dVertex
 10
559.3803407967791
 20
-69.74089912271302
 30
0.0
  0
VERTEX
  5
148
330
D7
100
AcDbEntity
  8
4_ANYTOOL_CUTTHROUGH_OUTSI
100
AcDbVertex
100
AcDb2dVertex
 10
559.3803407967789
 20
-75.49089912271302
 30
0.0
  0
VERTEX
  5
149
330
D7
100
AcDbEntity
  8
4_ANYTOOL_CUTTHROUGH_OUTSI
100
AcDbVertex
100
AcDb2dVertex
 10
697.3803407969422
 20
-75.49089912278578
 30
0.0
  0
VERTEX
  5
14A
330
D7
100
AcDbEntity
  8
4_ANYTOOL_CUTTHROUGH_OUTSI
100
AcDbVertex
100
AcDb2dVertex
 10
697.3803407969431
 20
-69.74089912278578
 30
0.0
 42
-0.4142135623475968
  0
VERTEX
  5
14B
330
D7
100
AcDbEntity
  8
4_ANYTOOL_CUTTHROUGH_OUTSI
100
AcDbVertex
100
AcDb2dVertex
 10
697.6303407969431
 20
-69.49089912279305
 30
0.0
  0
VERTEX
  5
14C
330
D7
100
AcDbEntity
  8
4_ANYTOOL_CUTTHROUGH_OUTSI
100
AcDbVertex
100
AcDb2dVertex
 10
709.6303407969431
 20
-69.49089912278578
 30
0.0
 42
-0.4142135623702484
  0
VERTEX
  5
14D
330
D7
100
AcDbEntity
  8
4_ANYTOOL_CUTTHROUGH_OUTSI
100
AcDbVertex
100
AcDb2dVertex
 10
709.8803407969406
 20
-69.74089912278578
 30
0.0
  0
VERTEX
  5
14E
330
D7
100
AcDbEntity
  8
4_ANYTOOL_CUTTHROUGH_OUTSI
100
AcDbVertex
100
AcDb2dVertex
 10
709.8803407969406
 20
-93.49089912278578
 30
0.0
  0
VERTEX
  5
14F
330
D7
100
AcDbEntity
  8
4_ANYTOOL_CUTTHROUGH_OUTSI
100
AcDbVertex
100
AcDb2dVertex
 10
784.3803407969408
 20
-93.49089912278578
 30
0.0
  0
VERTEX
  5
150
330
D7
100
AcDbEntity
  8
4_ANYTOOL_CUTTHROUGH_OUTSI
100
AcDbVertex
100
AcDb2dVertex
 10
784.3803407969433
 20
-69.74089912278578
 30
0.0
 42
-0.4142135623718236
  0
VERTEX
  5
151
330
D7
100
AcDbEntity
  8
4_ANYTOOL_CUTTHROUGH_OUTSI
100
AcDbVertex
100
AcDb2dVertex
 10
784.6303407969433
 20
-69.49089912278464
 30
0.0
  0
VERTEX
  5
152
330
D7
100
AcDbEntity
  8
4_ANYTOOL_CUTTHROUGH_OUTSI
100
AcDbVertex
100
AcDb2dVertex
 10
796.6303407969433
 20
-69.49089912278578
 30
0.0
 42
-0.4142135623742173
  0
VERTEX
  5
153
330
D7
100
AcDbEntity
  8
4_ANYTOOL_CUTTHROUGH_OUTSI
100
AcDbVertex
100
AcDb2dVertex
 10
796.8803407969442
 20
-69.74089912278578
 30
0.0
  0
VERTEX
  5
154
330
D7
100
AcDbEntity
  8
4_ANYTOOL_CUTTHROUGH_OUTSI
100
AcDbVertex
100
AcDb2dVertex
 10
796.8803407969424
 20
-75.49089912280033
 30
0.0
  0
VERTEX
  5
155
330
D7
100
AcDbEntity
  8
4_ANYTOOL_CUTTHROUGH_OUTSI
100
AcDbVertex
100
AcDb2dVertex
 10
896.8803407969417
 20
-75.49089912281488
 30
0.0
  0
VERTEX
  5
156
330
D7
100
AcDbEntity
  8
4_ANYTOOL_CUTTHROUGH_OUTSI
100
AcDbVertex
100
AcDb2dVertex
 10
896.8803407969199
 20
-69.74089912294585
 30
0.0
 42
-0.4142135624015698
  0
VERTEX
  5
157
330
D7
100
AcDbEntity
  8
4_ANYTOOL_CUTTHROUGH_OUTSI
100
AcDbVertex
100
AcDb2dVertex
 10
897.1303407969199
 20
-69.49089912294107
 30
0.0
  0
VERTEX
  5
158
330
D7
100
AcDbEntity
  8
4_ANYTOOL_CUTTHROUGH_OUTSI
100
AcDbVertex
100
AcDb2dVertex
 10
909.1303407969074
 20
-69.49089912294585
 30
0.0
 42
-0.4142135623966183
  0
VERTEX
  5
159
330
D7
100
AcDbEntity
  8
4_ANYTOOL_CUTTHROUGH_OUTSI
100
AcDbVertex
100
AcDb2dVertex
 10
909.3803407968983
 20
-69.74089912294585
 30
0.0
  0
VERTEX
  5
15A
330
D7
100
AcDbEntity
  8
4_ANYTOOL_CUTTHROUGH_OUTSI
100
AcDbVertex
100
AcDb2dVertex
 10
909.3803407969076
 20
-75.49089912294585
 30
0.0
  0
VERTEX
  5
15B
330
D7
100
AcDbEntity
  8
4_ANYTOOL_CUTTHROUGH_OUTSI
100
AcDbVertex
100
AcDb2dVertex
 10
934.880340796733
 20
-75.4908991229313
 30
0.0
  0
VERTEX
  5
15C
330
D7
100
AcDbEntity
  8
4_ANYTOOL_CUTTHROUGH_OUTSI
100
AcDbVertex
100
AcDb2dVertex
 10
934.880340796733
 20
-69.7408991229313
 30
0.0
 42
-0.4142135623728124
  0
VERTEX
  5
15D
330
D7
100
AcDbEntity
  8
4_ANYTOOL_CUTTHROUGH_OUTSI
100
AcDbVertex
100
AcDb2dVertex
 10
935.130340796733
 20
-69.49089912293107
 30
0.0
  0
VERTEX
  5
15E
330
D7
100
AcDbEntity
  8
4_ANYTOOL_CUTTHROUGH_OUTSI
100
AcDbVertex
100
AcDb2dVertex
 10
947.130340796733
 20
-69.4908991229313
 30
0.0
 42
-0.4142135623113297
  0
VERTEX
  5
15F
330
D7
100
AcDbEntity
  8
4_ANYTOOL_CUTTHROUGH_OUTSI
100
AcDbVertex
100
AcDb2dVertex
 10
947.3803407967384
 20
-69.7408991229313
 30
0.0
  0
VERTEX
  5
160
330
D7
100
AcDbEntity
  8
4_ANYTOOL_CUTTHROUGH_OUTSI
100
AcDbVertex
100
AcDb2dVertex
 10
947.3803407967189
 20
-93.49089912274212
 30
0.0
  0
VERTEX
  5
161
330
D7
100
AcDbEntity
  8
4_ANYTOOL_CUTTHROUGH_OUTSI
100
AcDbVertex
100
AcDb2dVertex
 10
1046.880340796297
 20
-93.49089912278578
 30
0.0
  0
VERTEX
  5
162
330
D7
100
AcDbEntity
  8
4_ANYTOOL_CUTTHROUGH_OUTSI
100
AcDbVertex
100
AcDb2dVertex
 10
1046.880340796838
 20
-46.99089912284398
 30
0.0
  0
VERTEX
  5
163
330
D7
100
AcDbEntity
  8
4_ANYTOOL_CUTTHROUGH_OUTSI
100
AcDbVertex
100
AcDb2dVertex
 10
1023.130340798581
 20
-46.99089912285854
 30
0.0
 42
-0.414213562309445
  0
VERTEX
  5
164
330
D7
100
AcDbEntity
  8
4_ANYTOOL_CUTTHROUGH_OUTSI
100
AcDbVertex
100
AcDb2dVertex
 10
1022.880340798577
 20
-46.74089912285854
 30
0.0
  0
VERTEX
  5
165
330
D7
100
AcDbEntity
  8
4_ANYTOOL_CUTTHROUGH_OUTSI
100
AcDbVertex
100
AcDb2dVertex
 10
1022.880340798581
 20
-34.74089912285854
 30
0.0
 42
-0.4142135623990221
  0
VERTEX
  5
166
330
D7
100
AcDbEntity
  8
4_ANYTOOL_CUTTHROUGH_OUTSI
100
AcDbVertex
100
AcDb2dVertex
 10
1023.130340798581
 20
-34.49089912285149
 30
0.0
  0
VERTEX
  5
167
330
D7
100
AcDbEntity
  8
4_ANYTOOL_CUTTHROUGH_OUTSI
100
AcDbVertex
100
AcDb2dVertex
 10
1028.880340796377
 20
-34.49089912285854
 30
0.0
  0
VERTEX
  5
168
330
D7
100
AcDbEntity
  8
4_ANYTOOL_CUTTHROUGH_OUTSI
100
AcDbVertex
100
AcDb2dVertex
 10
1028.880340798529
 20
-23.99089912288764
 30
0.0
  0
VERTEX
  5
169
330
D7
100
AcDbEntity
  8
4_ANYTOOL_CUTTHROUGH_OUTSI
100
AcDbVertex
100
AcDb2dVertex
 10
1023.130340798581
 20
-23.99089912288764
 30
0.0
 42
-0.414213562397051
  0
VERTEX
  5
16A
330
D7
100
AcDbEntity
  8
4_ANYTOOL_CUTTHROUGH_OUTSI
100
AcDbVertex
100
AcDb2dVertex
 10
1022.880340798589
 20
-23.74089912288764
 30
0.0
  0
VERTEX
  5
16B
330
D7
100
AcDbEntity
  8
4_ANYTOOL_CUTTHROUGH_OUTSI
100
AcDbVertex
100
AcDb2dVertex
 10
1022.880340798552
 20
-11.74089912288764
 30
0.0
 42
-0.4142135623783303
  0
VERTEX
  5
16C
330
D7
100
AcDbEntity
  8
4_ANYTOOL_CUTTHROUGH_OUTSI
100
AcDbVertex
100
AcDb2dVertex
 10
1023.130340798552
 20
-11.49089912289196
 30
0.0
  0
VERTEX
  5
16D
330
D7
100
AcDbEntity
  8
4_ANYTOOL_CUTTHROUGH_OUTSI
100
AcDbVertex
100
AcDb2dVertex
 10
1046.880340796296
 20
-11.49089912288764
 30
0.0
  0
VERTEX
  5
16E
330
D7
100
AcDbEntity
  8
4_ANYTOOL_CUTTHROUGH_OUTSI
100
AcDbVertex
100
AcDb2dVertex
 10
1046.88034079631
 20
25.92010087707604
 30
0.0
  0
VERTEX
  5
16F
330
D7
100
AcDbEntity
  8
4_ANYTOOL_CUTTHROUGH_OUTSI
100
AcDbVertex
100
AcDb2dVertex
 10
1023.13034079631
 20
25.92010087707604
 30
0.0
 42
-0.4142135623739663
  0
VERTEX
  5
170
330
D7
100
AcDbEntity
  8
4_ANYTOOL_CUTTHROUGH_OUTSI
100
AcDbVertex
100
AcDb2dVertex
 10
1022.880340796309
 20
26.17010087707604
 30
0.0
  0
VERTEX
  5
171
330
D7
100
AcDbEntity
  8
4_ANYTOOL_CUTTHROUGH_OUTSI
100
AcDbVertex
100
AcDb2dVertex
 10
1022.88034079631
 20
38.17010087706149
 30
0.0
 42
-0.4142135623736273
  0
VERTEX
  5
172
330
D7
100
AcDbEntity
  8
4_ANYTOOL_CUTTHROUGH_OUTSI
100
AcDbVertex
100
AcDb2dVertex
 10
1023.13034079631
 20
38.42010087706103
 30
0.0
  0
VERTEX
  5
173
330
D7
100
AcDbEntity
  8
4_ANYTOOL_CUTTHROUGH_OUTSI
100
AcDbVertex
100
AcDb2dVertex
 10
1028.88034079631
 20
38.42010087706149
 30
0.0
  0
VERTEX
  5
174
330
D7
100
AcDbEntity
  8
4_ANYTOOL_CUTTHROUGH_OUTSI
100
AcDbVertex
100
AcDb2dVertex
 10
1028.88034079631
 20
46.00910087702505
 30
0.0
  0
VERTEX
  5
175
330
D7
100
AcDbEntity
  8
4_ANYTOOL_CUTTHROUGH_OUTSI
100
AcDbVertex
100
AcDb2dVertex
 10
1023.13034079631
 20
46.00910087702505
 30
0.0
 42
-0.4142135623766754
  0
VERTEX
  5
176
330
D7
100
AcDbEntity
  8
4_ANYTOOL_CUTTHROUGH_OUTSI
100
AcDbVertex
100
AcDb2dVertex
 10
1022.880340796307
 20
46.25910087702505
 30
0.0
  0
VERTEX
  5
177
330
D7
100
AcDbEntity
  8
4_ANYTOOL_CUTTHROUGH_OUTSI
100
AcDbVertex
100
AcDb2dVertex
 10
1022.880340796324
 20
58.2591008770105
 30
0.0
 42
-0.414213562372318
  0
VERTEX
  5
178
330
D7
100
AcDbEntity
  8
4_ANYTOOL_CUTTHROUGH_OUTSI
100
AcDbVertex
100
AcDb2dVertex
 10
1023.130340796324
 20
58.50910087701118
 30
0.0
  0
VERTEX
  5
179
330
D7
100
AcDbEntity
  8
4_ANYTOOL_CUTTHROUGH_OUTSI
100
AcDbVertex
100
AcDb2dVertex
 10
1046.880340796689
 20
58.50910087699594
 30
0.0
  0
VERTEX
  5
17A
330
D7
100
AcDbEntity
  8
4_ANYTOOL_CUTTHROUGH_OUTSI
100
AcDbVertex
100
AcDb2dVertex
 10
1046.880340798322
 20
92.00910087696684
 30
0.0
  0
VERTEX
  5
17B
330
D7
100
AcDbEntity
  8
4_ANYTOOL_CUTTHROUGH_OUTSI
100
AcDbVertex
100
AcDb2dVertex
 10
947.3803407963383
 20
92.00910087687953
 30
0.0
  0
VERTEX
  5
17C
330
D7
100
AcDbEntity
  8
4_ANYTOOL_CUTTHROUGH_OUTSI
100
AcDbVertex
100
AcDb2dVertex
 10
947.3803407963387
 20
68.25910087690863
 30
0.0
 42
-0.4142135623751012
  0
VERTEX
  5
17D
330
D7
100
AcDbEntity
  8
4_ANYTOOL_CUTTHROUGH_OUTSI
100
AcDbVertex
100
AcDb2dVertex
 10
947.1303407963387
 20
68.00910087691045
 30
0.0
  0
VERTEX
  5
17E
330
D7
100
AcDbEntity
  8
4_ANYTOOL_CUTTHROUGH_OUTSI
100
AcDbVertex
100
AcDb2dVertex
 10
935.1303407963385
 20
68.00910087690863
 30
0.0
 42
-0.4142135623714995
  0
VERTEX
  5
17F
330
D7
100
AcDbEntity
  8
4_ANYTOOL_CUTTHROUGH_OUTSI
100
AcDbVertex
100
AcDb2dVertex
 10
934.8803407963399
 20
68.25910087690863
 30
0.0
  0
VERTEX
  5
180
330
D7
100
AcDbEntity
  8
4_ANYTOOL_CUTTHROUGH_OUTSI
100
AcDbVertex
100
AcDb2dVertex
 10
934.8803407963383
 20
74.00910087690863
 30
0.0
  0
VERTEX
  5
181
330
D7
100
AcDbEntity
  8
4_ANYTOOL_CUTTHROUGH_OUTSI
100
AcDbVertex
100
AcDb2dVertex
 10
909.3803407969058
 20
74.00910087689408
 30
0.0
  0
VERTEX
  5
182
330
D7
100
AcDbEntity
  8
4_ANYTOOL_CUTTHROUGH_OUTSI
100
AcDbVertex
100
AcDb2dVertex
 10
909.3803407969058
 20
68.25910087687953
 30
0.0
 42
-0.4142135623770791
  0
VERTEX
  5
183
330
D7
100
AcDbEntity
  8
4_ANYTOOL_CUTTHROUGH_OUTSI
100
AcDbVertex
100
AcDb2dVertex
 10
909.1303407969058
 20
68.00910087688294
 30
0.0
  0
VERTEX
  5
184
330
D7
100
AcDbEntity
  8
4_ANYTOOL_CUTTHROUGH_OUTSI
100
AcDbVertex
100
AcDb2dVertex
 10
897.1303407966436
 20
68.00910087687953
 30
0.0
 42
-0.4142135624165152
  0
VERTEX
  5
185
330
D7
100
AcDbEntity
  8
4_ANYTOOL_CUTTHROUGH_OUTSI
100
AcDbVertex
100
AcDb2dVertex
 10
896.8803407966502
 20
68.25910087686498
 30
0.0
  0
VERTEX
  5
186
330
D7
100
AcDbEntity
  8
4_ANYTOOL_CUTTHROUGH_OUTSI
100
AcDbVertex
100
AcDb2dVertex
 10
896.8803407963983
 20
74.00910087722878
 30
0.0
  0
VERTEX
  5
187
330
D7
100
AcDbEntity
  8
4_ANYTOOL_CUTTHROUGH_OUTSI
100
AcDbVertex
100
AcDb2dVertex
 10
796.8803407969531
 20
74.00910087731609
 30
0.0
  0
VERTEX
  5
188
330
D7
100
AcDbEntity
  8
4_ANYTOOL_CUTTHROUGH_OUTSI
100
AcDbVertex
100
AcDb2dVertex
 10
796.8803407969524
 20
68.25910087730153
 30
0.0
 42
-0.4142135623751012
  0
VERTEX
  5
189
330
D7
100
AcDbEntity
  8
4_ANYTOOL_CUTTHROUGH_OUTSI
100
AcDbVertex
100
AcDb2dVertex
 10
796.6303407969524
 20
68.00910087730335
 30
0.0
  0
VERTEX
  5
18A
330
D7
100
AcDbEntity
  8
4_ANYTOOL_CUTTHROUGH_OUTSI
100
AcDbVertex
100
AcDb2dVertex
 10
784.6303407969524
 20
68.00910087730153
 30
0.0
 42
-0.4142135623696148
  0
VERTEX
  5
18B
330
D7
100
AcDbEntity
  8
4_ANYTOOL_CUTTHROUGH_OUTSI
100
AcDbVertex
100
AcDb2dVertex
 10
784.3803407969554
 20
68.25910087730153
 30
0.0
  0
VERTEX
  5
18C
330
D7
100
AcDbEntity
  8
4_ANYTOOL_CUTTHROUGH_OUTSI
100
AcDbVertex
100
AcDb2dVertex
 10
784.3803407969549
 20
92.00910087730153
 30
0.0
  0
VERTEX
  5
18D
330
D7
100
AcDbEntity
  8
4_ANYTOOL_CUTTHROUGH_OUTSI
100
AcDbVertex
100
AcDb2dVertex
 10
709.8803407969547
 20
92.00910087730153
 30
0.0
  0
VERTEX
  5
18E
330
D7
100
AcDbEntity
  8
4_ANYTOOL_CUTTHROUGH_OUTSI
100
AcDbVertex
100
AcDb2dVertex
 10
709.8803407969524
 20
68.25910087730153
 30
0.0
 42
-0.4142135623732833
  0
VERTEX
  5
18F
330
D7
100
AcDbEntity
  8
4_ANYTOOL_CUTTHROUGH_OUTSI
100
AcDbVertex
100
AcDb2dVertex
 10
709.6303407969524
 20
68.00910087730176
 30
0.0
  0
VERTEX
  5
190
330
D7
100
AcDbEntity
  8
4_ANYTOOL_CUTTHROUGH_OUTSI
100
AcDbVertex
100
AcDb2dVertex
 10
697.6303407969524
 20
68.00910087730153
 30
0.0
 42
-0.4142135623760359
  0
VERTEX
  5
191
330
D7
100
AcDbEntity
  8
4_ANYTOOL_CUTTHROUGH_OUTSI
100
AcDbVertex
100
AcDb2dVertex
 10
697.3803407969499
 20
68.25910087730153
 30
0.0
  0
VERTEX
  5
192
330
D7
100
AcDbEntity
  8
4_ANYTOOL_CUTTHROUGH_OUTSI
100
AcDbVertex
100
AcDb2dVertex
 10
697.3803407969531
 20
74.00910087728698
 30
0.0
  0
VERTEX
  5
193
330
D7
100
AcDbEntity
  8
4_ANYTOOL_CUTTHROUGH_OUTSI
100
AcDbVertex
100
AcDb2dVertex
 10
559.3803407963787
 20
74.00910087731609
 30
0.0
  0
VERTEX
  5
194
330
D7
100
AcDbEntity
  8
4_ANYTOOL_CUTTHROUGH_OUTSI
100
AcDbVertex
100
AcDb2dVertex
 10
559.380340796378
 20
68.25910087731609
 30
0.0
 42
-0.414213562374131
  0
VERTEX
  5
195
330
D7
100
AcDbEntity
  8
4_ANYTOOL_CUTTHROUGH_OUTSI
100
AcDbVertex
100
AcDb2dVertex
 10
559.1303407963783
 20
68.00910087731722
 30
0.0
  0
VERTEX
  5
196
330
D7
100
AcDbEntity
  8
4_ANYTOOL_CUTTHROUGH_OUTSI
100
AcDbVertex
100
AcDb2dVertex
 10
547.130340796378
 20
68.00910087731609
 30
0.0
 42
-0.4142135623999535
  0
VERTEX
  5
197
330
D7
100
AcDbEntity
  8
4_ANYTOOL_CUTTHROUGH_OUTSI
100
AcDbVertex
100
AcDb2dVertex
 10
546.8803407963842
 20
68.25910087731609
 30
0.0
  0
VERTEX
  5
198
330
D7
100
AcDbEntity
  8
4_ANYTOOL_CUTTHROUGH_OUTSI
100
AcDbVertex
100
AcDb2dVertex
 10
546.880340796379
 20
92.00910087731609
 30
0.0
  0
VERTEX
  5
199
330
D7
100
AcDbEntity
  8
4_ANYTOOL_CUTTHROUGH_OUTSI
100
AcDbVertex
100
AcDb2dVertex
 10
347.3803407963856
 20
92.00910087738885
 30
0.0
  0
VERTEX
  5
19A
330
D7
100
AcDbEntity
  8
4_ANYTOOL_CUTTHROUGH_OUTSI
100
AcDbVertex
100
AcDb2dVertex
 10
347.3803407963774
 20
68.25910087738885
 30
0.0
 42
-0.414213562402342
  0
VERTEX
  5
19B
330
D7
100
AcDbEntity
  8
4_ANYTOOL_CUTTHROUGH_OUTSI
100
AcDbVertex
100
AcDb2dVertex
 10
347.1303407963774
 20
68.00910087738475
 30
0.0
  0
VERTEX
  5
19C
330
D7
100
AcDbEntity
  8
4_ANYTOOL_CUTTHROUGH_OUTSI
100
AcDbVertex
100
AcDb2dVertex
 10
335.1303407963765
 20
68.0091008774034
 30
0.0
 42
-0.4142135624024057
  0
VERTEX
  5
19D
330
D7
100
AcDbEntity
  8
4_ANYTOOL_CUTTHROUGH_OUTSI
100
AcDbVertex
100
AcDb2dVertex
 10
334.8803407963806
 20
68.2591008774034
 30
0.0
  0
VERTEX
  5
19E
330
D7
100
AcDbEntity
  8
4_ANYTOOL_CUTTHROUGH_OUTSI
100
AcDbVertex
100
AcDb2dVertex
 10
334.880340796376
 20
74.0091008774034
 30
0.0
  0
VERTEX
  5
19F
330
D7
100
AcDbEntity
  8
4_ANYTOOL_CUTTHROUGH_OUTSI
100
AcDbVertex
100
AcDb2dVertex
 10
196.8803407969531
 20
74.00910087734519
 30
0.0
  0
VERTEX
  5
1A0
330
D7
100
AcDbEntity
  8
4_ANYTOOL_CUTTHROUGH_OUTSI
100
AcDbVertex
100
AcDb2dVertex
 10
196.8803407969526
 20
68.25910087733064
 30
0.0
 42
-0.4142135622921354
  0
VERTEX
  5
1A1
330
D7
100
AcDbEntity
  8
4_ANYTOOL_CUTTHROUGH_OUTSI
100
AcDbVertex
100
AcDb2dVertex
 10
196.6303407969526
 20
68.00910087734883
 30
0.0
  0
VERTEX
  5
1A2
330
D7
100
AcDbEntity
  8
4_ANYTOOL_CUTTHROUGH_OUTSI
100
AcDbVertex
100
AcDb2dVertex
 10
184.6303407969526
 20
68.00910087733064
 30
0.0
 42
-0.4142135622920949
  0
VERTEX
  5
1A3
330
D7
100
AcDbEntity
  8
4_ANYTOOL_CUTTHROUGH_OUTSI
100
AcDbVertex
100
AcDb2dVertex
 10
184.3803407969344
 20
68.25910087733064
 30
0.0
  0
VERTEX
  5
1A4
330
D7
100
AcDbEntity
  8
4_ANYTOOL_CUTTHROUGH_OUTSI
100
AcDbVertex
100
AcDb2dVertex
 10
184.3803407969554
 20
92.00910087733064
 30
0.0
  0
VERTEX
  5
1A5
330
D7
100
AcDbEntity
  8
4_ANYTOOL_CUTTHROUGH_OUTSI
100
AcDbVertex
100
AcDb2dVertex
 10
109.8803407969549
 20
92.00910087733064
 30
0.0
  0
VERTEX
  5
1A6
330
D7
100
AcDbEntity
  8
4_ANYTOOL_CUTTHROUGH_OUTSI
100
AcDbVertex
100
AcDb2dVertex
 10
109.8803407969526
 20
68.25910087733064
 30
0.0
 42
-0.4142135623107752
  0
VERTEX
  5
1A7
330
D7
100
AcDbEntity
  8
4_ANYTOOL_CUTTHROUGH_OUTSI
100
AcDbVertex
100
AcDb2dVertex
 10
109.6303407969526
 20
68.00910087733564
 30
0.0
  0
VERTEX
  5
1A8
330
D7
100
AcDbEntity
  8
4_ANYTOOL_CUTTHROUGH_OUTSI
100
AcDbVertex
100
AcDb2dVertex
 10
97.63034079695262
 20
68.00910087733064
 30
0.0
 42
-0.4142135623091751
  0
VERTEX
  5
1A9
330
D7
100
AcDbEntity
  8
4_ANYTOOL_CUTTHROUGH_OUTSI
100
AcDbVertex
100
AcDb2dVertex
 10
97.38034079694899
 20
68.25910087733064
 30
0.0
  0
VERTEX
  5
1AA
330
D7
100
AcDbEntity
  8
4_ANYTOOL_CUTTHROUGH_OUTSI
100
AcDbVertex
100
AcDb2dVertex
 10
97.38034079695353
 20
74.00910087731609
 30
0.0
  0
VERTEX
  5
1AB
330
D7
100
AcDbEntity
  8
4_ANYTOOL_CUTTHROUGH_OUTSI
100
AcDbVertex
100
AcDb2dVertex
 10
-40.61965920362172
 20
74.00910087734519
 30
0.0
  0
VERTEX
  5
1AC
330
D7
100
AcDbEntity
  8
4_ANYTOOL_CUTTHROUGH_OUTSI
100
AcDbVertex
100
AcDb2dVertex
 10
-40.61965920362172
 20
68.25910087734519
 30
0.0
 42
-0.4142135623720404
  0
VERTEX
  5
1AD
330
D7
100
AcDbEntity
  8
4_ANYTOOL_CUTTHROUGH_OUTSI
100
AcDbVertex
100
AcDb2dVertex
 10
-40.86965920362172
 20
68.00910087734428
 30
0.0
  0
VERTEX
  5
1AE
330
D7
100
AcDbEntity
  8
4_ANYTOOL_CUTTHROUGH_OUTSI
100
AcDbVertex
100
AcDb2dVertex
 10
-52.86965920362172
 20
68.00910087734519
 30
0.0
 42
-0.4142135623746906
  0
VERTEX
  5
1AF
330
D7
100
AcDbEntity
  8
4_ANYTOOL_CUTTHROUGH_OUTSI
100
AcDbVertex
100
AcDb2dVertex
 10
-53.11965920362309
 20
68.25910087734519
 30
0.0
  0
VERTEX
  5
1B0
330
D7
100
AcDbEntity
  8
4_ANYTOOL_CUTTHROUGH_OUTSI
100
AcDbVertex
100
AcDb2dVertex
 10
-53.11965920362127
 20
92.00910087734519
 30
0.0
  0
VERTEX
  5
1B1
330
D7
100
AcDbEntity
  8
4_ANYTOOL_CUTTHROUGH_OUTSI
100
AcDbVertex
100
AcDb2dVertex
 10
-252.6196592036144
 20
92.00910087741795
 30
0.0
  0
VERTEX
  5
1B2
330
D7
100
AcDbEntity
  8
4_ANYTOOL_CUTTHROUGH_OUTSI
100
AcDbVertex
100
AcDb2dVertex
 10
-252.6196592036226
 20
68.25910087741795
 30
0.0
 42
-0.4142135623960269
  0
VERTEX
  5
1B3
330
D7
100
AcDbEntity
  8
4_ANYTOOL_CUTTHROUGH_OUTSI
100
AcDbVertex
100
AcDb2dVertex
 10
-252.8696592036226
 20
68.0091008774084
 30
0.0
  0
VERTEX
  5
1B4
330
D7
100
AcDbEntity
  8
4_ANYTOOL_CUTTHROUGH_OUTSI
100
AcDbVertex
100
AcDb2dVertex
 10
-264.8696592036231
 20
68.0091008774325
 30
0.0
 42
-0.4142135624205395
  0
VERTEX
  5
1B5
330
D7
100
AcDbEntity
  8
4_ANYTOOL_CUTTHROUGH_OUTSI
100
AcDbVertex
100
AcDb2dVertex
 10
-265.1196592036345
 20
68.2591008774325
 30
0.0
  0
VERTEX
  5
1B6
330
D7
100
AcDbEntity
  8
4_ANYTOOL_CUTTHROUGH_OUTSI
100
AcDbVertex
100
AcDb2dVertex
 10
-265.1196592036235
 20
74.0091008774325
 30
0.0
  0
VERTEX
  5
1B7
330
D7
100
AcDbEntity
  8
4_ANYTOOL_CUTTHROUGH_OUTSI
100
AcDbVertex
100
AcDb2dVertex
 10
-403.1196592030465
 20
74.00910087738885
 30
0.0
  0
VERTEX
  5
1B8
330
D7
100
AcDbEntity
  8
4_ANYTOOL_CUTTHROUGH_OUTSI
100
AcDbVertex
100
AcDb2dVertex
 10
-403.1196592030474
 20
68.2591008773743
 30
0.0
 42
-0.4142135623720873
  0
VERTEX
  5
1B9
330
D7
100
AcDbEntity
  8
4_ANYTOOL_CUTTHROUGH_OUTSI
100
AcDbVertex
100
AcDb2dVertex
 10
-403.3696592030474
 20
68.00910087737338
 30
0.0
  0
VERTEX
  5
1BA
330
D7
100
AcDbEntity
  8
4_ANYTOOL_CUTTHROUGH_OUTSI
100
AcDbVertex
100
AcDb2dVertex
 10
-415.3696592030474
 20
68.0091008773743
 30
0.0
 42
-0.4142135623730285
  0
VERTEX
  5
1BB
330
D7
100
AcDbEntity
  8
4_ANYTOOL_CUTTHROUGH_OUTSI
100
AcDbVertex
100
AcDb2dVertex
 10
-415.6196592030474
 20
68.2591008773743
 30
0.0
  0
VERTEX
  5
1BC
330
D7
100
AcDbEntity
  8
4_ANYTOOL_CUTTHROUGH_OUTSI
100
AcDbVertex
100
AcDb2dVertex
 10
-415.6196592030446
 20
92.0091008773743
 30
0.0
  0
VERTEX
  5
1BD
330
D7
100
AcDbEntity
  8
4_ANYTOOL_CUTTHROUGH_OUTSI
100
AcDbVertex
100
AcDb2dVertex
 10
-490.1196592030451
 20
92.0091008773743
 30
0.0
  0
VERTEX
  5
1BE
330
D7
100
AcDbEntity
  8
4_ANYTOOL_CUTTHROUGH_OUTSI
100
AcDbVertex
100
AcDb2dVertex
 10
-490.1196592030474
 20
68.2591008773743
 30
0.0
 42
-0.4142135623758078
  0
VERTEX
  5
1BF
330
D7
100
AcDbEntity
  8
4_ANYTOOL_CUTTHROUGH_OUTSI
100
AcDbVertex
100
AcDb2dVertex
 10
-490.3696592030474
 20
68.00910087737657
 30
0.0
  0
VERTEX
  5
1C0
330
D7
100
AcDbEntity
  8
4_ANYTOOL_CUTTHROUGH_OUTSI
100
AcDbVertex
100
AcDb2dVertex
 10
-502.3696592030478
 20
68.0091008773743
 30
0.0
 42
-0.4142135623486181
  0
VERTEX
  5
1C1
330
D7
100
AcDbEntity
  8
4_ANYTOOL_CUTTHROUGH_OUTSI
100
AcDbVertex
100
AcDb2dVertex
 10
-502.619659203056
 20
68.2591008773743
 30
0.0
  0
VERTEX
  5
1C2
330
D7
100
AcDbEntity
  8
4_ANYTOOL_CUTTHROUGH_OUTSI
100
AcDbVertex
100
AcDb2dVertex
 10
-502.6196592030469
 20
74.00910087735974
 30
0.0
  0
VERTEX
  5
1C3
330
D7
100
AcDbEntity
  8
4_ANYTOOL_CUTTHROUGH_OUTSI
100
AcDbVertex
100
AcDb2dVertex
 10
-640.619659203629
 20
74.0091008773743
 30
0.0
  0
VERTEX
  5
1C4
330
D7
100
AcDbEntity
  8
4_ANYTOOL_CUTTHROUGH_OUTSI
100
AcDbVertex
100
AcDb2dVertex
 10
-640.6196592036295
 20
68.2591008773743
 30
0.0
 42
-0.4142135623997048
  0
VERTEX
  5
1C5
330
D7
100
AcDbEntity
  8
4_ANYTOOL_CUTTHROUGH_OUTSI
100
AcDbVertex
100
AcDb2dVertex
 10
-640.869659203629
 20
68.00910087736838
 30
0.0
  0
VERTEX
  5
1C6
330
D7
100
AcDbEntity
  8
4_ANYTOOL_CUTTHROUGH_OUTSI
100
AcDbVertex
100
AcDb2dVertex
 10
-652.8696592036295
 20
68.0091008773743
 30
0.0
 42
-0.4142135624007631
  0
VERTEX
  5
1C7
330
D7
100
AcDbEntity
  8
4_ANYTOOL_CUTTHROUGH_OUTSI
100
AcDbVertex
100
AcDb2dVertex
 10
-653.119659203624
 20
68.2591008773743
 30
0.0
  0
VERTEX
  5
1C8
330
D7
100
AcDbEntity
  8
4_ANYTOOL_CUTTHROUGH_OUTSI
100
AcDbVertex
100
AcDb2dVertex
 10
-653.119659203629
 20
92.0091008773743
 30
0.0
  0
VERTEX
  5
1C9
330
D7
100
AcDbEntity
  8
4_ANYTOOL_CUTTHROUGH_OUTSI
100
AcDbVertex
100
AcDb2dVertex
 10
-852.6196592036222
 20
92.00910087744705
 30
0.0
  0
VERTEX
  5
1CA
330
D7
100
AcDbEntity
  8
4_ANYTOOL_CUTTHROUGH_OUTSI
100
AcDbVertex
100
AcDb2dVertex
 10
-852.6196592036304
 20
68.25910087744705
 30
0.0
 42
-0.4142135623757037
  0
VERTEX
  5
1CB
330
D7
100
AcDbEntity
  8
4_ANYTOOL_CUTTHROUGH_OUTSI
100
AcDbVertex
100
AcDb2dVertex
 10
-852.8696592036299
 20
68.00910087744978
 30
0.0
  0
VERTEX
  5
1CC
330
D7
100
AcDbEntity
  8
4_ANYTOOL_CUTTHROUGH_OUTSI
100
AcDbVertex
100
AcDb2dVertex
 10
-864.8696592036308
 20
68.0091008774616
 30
0.0
 42
-0.4142135623752028
  0
VERTEX
  5
1CD
330
D7
100
AcDbEntity
  8
4_ANYTOOL_CUTTHROUGH_OUTSI
100
AcDbVertex
100
AcDb2dVertex
 10
-865.1196592036326
 20
68.2591008774616
 30
0.0
  0
VERTEX
  5
1CE
330
D7
100
AcDbEntity
  8
4_ANYTOOL_CUTTHROUGH_OUTSI
100
AcDbVertex
100
AcDb2dVertex
 10
-865.1196592036313
 20
74.0091008774616
 30
0.0
  0
VERTEX
  5
1CF
330
D7
100
AcDbEntity
  8
4_ANYTOOL_CUTTHROUGH_OUTSI
100
AcDbVertex
100
AcDb2dVertex
 10
-1003.119659203045
 20
74.00910087738885
 30
0.0
  0
VERTEX
  5
1D0
330
D7
100
AcDbEntity
  8
4_ANYTOOL_CUTTHROUGH_OUTSI
100
AcDbVertex
100
AcDb2dVertex
 10
-1003.119659203045
 20
68.25910087735974
 30
0.0
 42
-0.4142135623763443
  0
VERTEX
  5
1D1
330
D7
100
AcDbEntity
  8
4_ANYTOOL_CUTTHROUGH_OUTSI
100
AcDbVertex
100
AcDb2dVertex
 10
-1003.369659203045
 20
68.00910087736247
 30
0.0
  0
VERTEX
  5
1D2
330
D7
100
AcDbEntity
  8
4_ANYTOOL_CUTTHROUGH_OUTSI
100
AcDbVertex
100
AcDb2dVertex
 10
-1015.369659203045
 20
68.00910087735974
 30
0.0
 42
-0.4142135623742173
  0
VERTEX
  5
1D3
330
D7
100
AcDbEntity
  8
4_ANYTOOL_CUTTHROUGH_OUTSI
100
AcDbVertex
100
AcDb2dVertex
 10
-1015.619659203046
 20
68.25910087735974
 30
0.0
  0
VERTEX
  5
1D4
330
D7
100
AcDbEntity
  8
4_ANYTOOL_CUTTHROUGH_OUTSI
100
AcDbVertex
100
AcDb2dVertex
 10
-1015.619659203044
 20
92.00910087738885
 30
0.0
  0
VERTEX
  5
1D5
330
D7
100
AcDbEntity
  8
4_ANYTOOL_CUTTHROUGH_OUTSI
100
AcDbVertex
100
AcDb2dVertex
 10
-1052.619659203037
 20
92.00910087738885
 30
0.0
  0
SEQEND
  5
1D6
330
D7
100
AcDbEntity
  8
4_ANYTOOL_CUTTHROUGH_OUTSI
  0
ENDSEC
  0
SECTION
  2
OBJECTS
  0
DICTIONARY
  5
C
330
0
100
AcDbDictionary
281
     1
  3
ACAD_DETAILVIEWSTYLE
350
212
  3
ACAD_GROUP
350
D
  3
ACAD_LAYOUT
350
1A
  3
ACAD_MATERIAL
350
43
  3
ACAD_MLEADERSTYLE
350
5B
  3
ACAD_MLINESTYLE
350
17
  3
ACAD_PLOTSETTINGS
350
19
  3
ACAD_PLOTSTYLENAME
350
E
  3
ACAD_SCALELIST
350
47
  3
ACAD_SECTIONVIEWSTYLE
350
213
  3
ACAD_TABLESTYLE
350
59
  3
ACAD_VISUALSTYLE
350
2A
  3
AcDbVariableDictionary
350
1D7
  3
ACDB_RECOMPOSE_DATA
350
20F
  0
SUN
  5
5D
330
29
100
AcDbSun
 90
        1
290
     0
 63
     7
421
 16777215
 40
1.0
291
     1
 91
  2455826
 92
 54000000
292
     0
 70
     2
 71
   256
280
     1
  0
DICTIONARY
  5
212
102
{ACAD_REACTORS
330
C
102
}
330
C
100
AcDbDictionary
281
     1
  0
DICTIONARY
  5
D
102
{ACAD_REACTORS
330
C
102
}
330
C
100
AcDbDictionary
281
     1
  0
DICTIONARY
  5
1A
102
{ACAD_REACTORS
330
C
102
}
330
C
100
AcDbDictionary
281
     1
  3
Layout1
350
1E
  3
Layout2
350
26
  3
Model
350
22
  0
DICTIONARY
  5
43
102
{ACAD_REACTORS
330
C
102
}
330
C
100
AcDbDictionary
281
     1
  3
ByBlock
350
45
  3
ByLayer
350
44
  3
Global
350
46
  0
DICTIONARY
  5
5B
102
{ACAD_REACTORS
330
C
102
}
330
C
100
AcDbDictionary
281
     1
  3
Standard
350
5C
  0
DICTIONARY
  5
17
102
{ACAD_REACTORS
330
C
102
}
330
C
100
AcDbDictionary
281
     1
  3
Standard
350
18
  0
DICTIONARY
  5
19
102
{ACAD_REACTORS
330
C
102
}
330
C
100
AcDbDictionary
281
     1
  0
ACDBDICTIONARYWDFLT
  5
E
102
{ACAD_REACTORS
330
C
102
}
330
C
100
AcDbDictionary
281
     1
  3
Normal
350
F
100
AcDbDictionaryWithDefault
340
F
  0
DICTIONARY
  5
47
102
{ACAD_REACTORS
330
C
102
}
330
C
100
AcDbDictionary
281
     1
  3
A0
350
48
  3
A1
350
49
  3
A2
350
4A
  3
A3
350
4B
  3
A4
350
4C
  3
A5
350
4D
  3
A6
350
4E
  3
A7
350
4F
  3
A8
350
50
  3
A9
350
51
  3
B1
350
52
  3
B2
350
53
  3
B3
350
54
  3
B4
350
55
  3
B5
350
56
  3
B6
350
57
  3
B7
350
58
  0
DICTIONARY
  5
213
102
{ACAD_REACTORS
330
C
102
}
330
C
100
AcDbDictionary
281
     1
  0
DICTIONARY
  5
59
102
{ACAD_REACTORS
330
C
102
}
330
C
100
AcDbDictionary
281
     1
  3
Standard
350
5A
  0
DICTIONARY
  5
2A
102
{ACAD_REACTORS
330
C
102
}
330
C
100
AcDbDictionary
281
     1
  3
2dWireframe
350
2F
  3
Basic
350
32
  3
Brighten
350
36
  3
ColorChange
350
3A
  3
Conceptual
350
34
  3
Dim
350
35
  3
EdgeColorOff
350
3D
  3
Facepattern
350
39
  3
Flat
350
2B
  3
FlatWithEdges
350
2C
  3
Gouraud
350
2D
  3
GouraudWithEdges
350
2E
  3
Hidden
350
31
  3
JitterOff
350
3B
  3
Linepattern
350
38
  3
OverhangOff
350
3C
  3
Realistic
350
33
  3
Shaded
350
42
  3
Shaded with edges
350
41
  3
Shades of Gray
350
3E
  3
Sketchy
350
3F
  3
Thicken
350
37
  3
Wireframe
350
30
  3
X-Ray
350
40
  0
DICTIONARY
  5
1D7
102
{ACAD_REACTORS
330
C
102
}
330
C
100
AcDbDictionary
281
     1
  3
CANNOSCALE
350
1D8
  3
CMLEADERSTYLE
350
211
  3
CTABLESTYLE
350
210
  3
XCLIPFRAME
350
1D9
  0
XRECORD
  5
20F
102
{ACAD_REACTORS
330
C
102
}
330
C
100
AcDbXrecord
280
     1
 90
        1
330
5A
  0
LAYOUT
  5
1E
102
{ACAD_REACTORS
330
1A
102
}
330
1A
100
AcDbPlotSettings
  1

  2
none_device
  4

  6

 40
0.0
 41
0.0
 42
0.0
 43
0.0
 44
0.0
 45
0.0
 46
0.0
 47
0.0
 48
0.0
 49
0.0
140
0.0
141
0.0
142
1.0
143
1.0
 70
   688
 72
     0
 73
     0
 74
     5
  7

 75
    16
 76
     0
 77
     2
 78
   300
147
1.0
148
0.0
149
0.0
100
AcDbLayout
  1
Layout1
 70
     1
 71
     1
 10
0.0
 20
0.0
 11
12.0
 21
9.0
 12
0.0
 22
0.0
 32
0.0
 14
1.000000000000000E+20
 24
1.000000000000000E+20
 34
1.000000000000000E+20
 15
-1.000000000000000E+20
 25
-1.000000000000000E+20
 35
-1.000000000000000E+20
146
0.0
 13
0.0
 23
0.0
 33
0.0
 16
1.0
 26
0.0
 36
0.0
 17
0.0
 27
1.0
 37
0.0
 76
     0
330
1B
  0
LAYOUT
  5
26
102
{ACAD_REACTORS
330
1A
102
}
330
1A
100
AcDbPlotSettings
  1

  2
none_device
  4

  6

 40
0.0
 41
0.0
 42
0.0
 43
0.0
 44
0.0
 45
0.0
 46
0.0
 47
0.0
 48
0.0
 49
0.0
140
0.0
141
0.0
142
1.0
143
1.0
 70
   688
 72
     0
 73
     0
 74
     5
  7

 75
    16
 76
     0
 77
     2
 78
   300
147
1.0
148
0.0
149
0.0
100
AcDbLayout
  1
Layout2
 70
     1
 71
     2
 10
0.0
 20
0.0
 11
0.0
 21
0.0
 12
0.0
 22
0.0
 32
0.0
 14
0.0
 24
0.0
 34
0.0
 15
0.0
 25
0.0
 35
0.0
146
0.0
 13
0.0
 23
0.0
 33
0.0
 16
1.0
 26
0.0
 36
0.0
 17
0.0
 27
1.0
 37
0.0
 76
     0
330
23
  0
LAYOUT
  5
22
102
{ACAD_REACTORS
330
1A
102
}
330
1A
100
AcDbPlotSettings
  1

  2
none_device
  4
Letter_(8.50_x_11.00_Inches)
  6

 40
6.35
 41
6.35
 42
6.35000508
 43
6.35000508
 44
215.9
 45
279.4
 46
0.0
 47
0.0
 48
0.0
 49
0.0
140
0.0
141
0.0
142
1.0
143
1.0
 70
  1712
 72
     0
 73
     0
 74
     0
  7

 75
     0
 76
     0
 77
     2
 78
   300
147
1.0
148
0.0
149
0.0
100
AcDbLayout
  1
Model
 70
     1
 71
     0
 10
0.0
 20
0.0
 11
12.0
 21
9.0
 12
0.0
 22
0.0
 32
0.0
 14
-1052.619659203041
 24
-93.49089912288764
 34
-0.0000000006209255
 15
1046.880340798322
 25
92.00910087744705
 35
0.0
146
0.0
 13
0.0
 23
0.0
 33
0.0
 16
1.0
 26
0.0
 36
0.0
 17
0.0
 27
1.0
 37
0.0
 76
     0
330
1F
331
29
  0
MATERIAL
  5
45
102
{ACAD_REACTORS
330
43
102
}
330
43
100
AcDbMaterial
  1
ByBlock
 72
     1
 94
      127
  0
MATERIAL
  5
44
102
{ACAD_REACTORS
330
43
102
}
330
43
100
AcDbMaterial
  1
ByLayer
 72
     1
 94
      127
  0
MATERIAL
  5
46
102
{ACAD_REACTORS
330
43
102
}
330
43
100
AcDbMaterial
  1
Global
 72
     1
 94
      127
  0
MLEADERSTYLE
  5
5C
102
{ACAD_REACTORS
330
5B
102
}
102
{ACAD_XDICTIONARY
360
20D
102
}
330
5B
100
AcDbMLeaderStyle
170
     2
171
     1
172
     0
 90
        2
 40
0.0
 41
0.0
173
     1
 91
-1056964608
340
14
 92
       -2
290
     1
 42
0.09
291
     1
 43
0.36
  3
Standard
341
0
 44
0.18
300

342
11
174
     1
178
     6
175
     1
176
     0
 93
-1056964608
 45
0.18
292
     0
297
     0
 46
0.18
343
0
 94
-1056964608
 47
1.0
 49
1.0
140
1.0
293
     1
141
0.0
294
     1
177
     0
142
1.0
295
     0
296
     0
143
0.125
1001
ACAD_MLEADERVER
1070
     2
  0
MLINESTYLE
  5
18
102
{ACAD_REACTORS
330
17
102
}
330
17
100
AcDbMlineStyle
  2
Standard
 70
     0
  3

 62
   256
 51
90.0
 52
90.0
 71
     2
 49
0.5
 62
   256
  6
BYLAYER
 49
-0.5
 62
   256
  6
BYLAYER
  0
ACDBPLACEHOLDER
  5
F
102
{ACAD_REACTORS
330
E
102
}
330
E
  0
SCALE
  5
48
102
{ACAD_REACTORS
330
47
102
}
330
47
100
AcDbScale
 70
     0
300
1:1
140
1.0
141
1.0
290
     1
  0
SCALE
  5
49
102
{ACAD_REACTORS
330
47
102
}
330
47
100
AcDbScale
 70
     0
300
1/128" = 1'-0"
140
0.0078125
141
12.0
290
     0
  0
SCALE
  5
4A
102
{ACAD_REACTORS
330
47
102
}
330
47
100
AcDbScale
 70
     0
300
1/64" = 1'-0"
140
0.015625
141
12.0
290
     0
  0
SCALE
  5
4B
102
{ACAD_REACTORS
330
47
102
}
330
47
100
AcDbScale
 70
     0
300
1/32" = 1'-0"
140
0.03125
141
12.0
290
     0
  0
SCALE
  5
4C
102
{ACAD_REACTORS
330
47
102
}
330
47
100
AcDbScale
 70
     0
300
1/16" = 1'-0"
140
0.0625
141
12.0
290
     0
  0
SCALE
  5
4D
102
{ACAD_REACTORS
330
47
102
}
330
47
100
AcDbScale
 70
     0
300
3/32" = 1'-0"
140
0.09375
141
12.0
290
     0
  0
SCALE
  5
4E
102
{ACAD_REACTORS
330
47
102
}
330
47
100
AcDbScale
 70
     0
300
1/8" = 1'-0"
140
0.125
141
12.0
290
     0
  0
SCALE
  5
4F
102
{ACAD_REACTORS
330
47
102
}
330
47
100
AcDbScale
 70
     0
300
3/16" = 1'-0"
140
0.1875
141
12.0
290
     0
  0
SCALE
  5
50
102
{ACAD_REACTORS
330
47
102
}
330
47
100
AcDbScale
 70
     0
300
1/4" = 1'-0"
140
0.25
141
12.0
290
     0
  0
SCALE
  5
51
102
{ACAD_REACTORS
330
47
102
}
330
47
100
AcDbScale
 70
     0
300
3/8" = 1'-0"
140
0.375
141
12.0
290
     0
  0
SCALE
  5
52
102
{ACAD_REACTORS
330
47
102
}
330
47
100
AcDbScale
 70
     0
300
1/2" = 1'-0"
140
0.5
141
12.0
290
     0
  0
SCALE
  5
53
102
{ACAD_REACTORS
330
47
102
}
330
47
100
AcDbScale
 70
     0
300
3/4" = 1'-0"
140
0.75
141
12.0
290
     0
  0
SCALE
  5
54
102
{ACAD_REACTORS
330
47
102
}
330
47
100
AcDbScale
 70
     0
300
1" = 1'-0"
140
1.0
141
12.0
290
     0
  0
SCALE
  5
55
102
{ACAD_REACTORS
330
47
102
}
330
47
100
AcDbScale
 70
     0
300
1-1/2" = 1'-0"
140
1.5
141
12.0
290
     0
  0
SCALE
  5
56
102
{ACAD_REACTORS
330
47
102
}
330
47
100
AcDbScale
 70
     0
300
3" = 1'-0"
140
3.0
141
12.0
290
     0
  0
SCALE
  5
57
102
{ACAD_REACTORS
330
47
102
}
330
47
100
AcDbScale
 70
     0
300
6" = 1'-0"
140
6.0
141
12.0
290
     0
  0
SCALE
  5
58
102
{ACAD_REACTORS
330
47
102
}
330
47
100
AcDbScale
 70
     0
300
1'-0" = 1'-0"
140
12.0
141
12.0
290
     0
  0
TABLESTYLE
  5
5A
102
{ACAD_REACTORS
330
59
102
}
102
{ACAD_XDICTIONARY
360
20A
102
}
330
59
100
AcDbTableStyle
  3
Standard
 70
     0
 71
     0
 40
0.06
 41
0.06
280
     0
281
     0
  7
Standard
140
0.18
170
     2
 62
     0
 63
   257
283
     0
 90
        4
 91
        0
  1

274
    -2
284
     1
 64
     0
275
    -2
285
     1
 65
     0
276
    -2
286
     1
 66
     0
277
    -2
287
     1
 67
     0
278
    -2
288
     1
 68
     0
279
    -2
289
     1
 69
     0
  7
Standard
140
0.25
170
     5
 62
     0
 63
   257
283
     0
 90
        4
 91
        0
  1

274
    -2
284
     1
 64
     0
275
    -2
285
     1
 65
     0
276
    -2
286
     1
 66
     0
277
    -2
287
     1
 67
     0
278
    -2
288
     1
 68
     0
279
    -2
289
     1
 69
     0
  7
Standard
140
0.18
170
     5
 62
     0
 63
   257
283
     0
 90
        4
 91
        0
  1

274
    -2
284
     1
 64
     0
275
    -2
285
     1
 65
     0
276
    -2
286
     1
 66
     0
277
    -2
287
     1
 67
     0
278
    -2
288
     1
 68
     0
279
    -2
289
     1
 69
     0
  0
VISUALSTYLE
  5
2F
102
{ACAD_REACTORS
330
2A
102
}
102
{ACAD_XDICTIONARY
360
1E2
102
}
330
2A
100
AcDbVisualStyle
  2
2dWireframe
 70
     4
 71
     0
 72
     2
 73
     0
 90
        0
 40
0.6
 41
30.0
 62
     5
 63
     7
421
 16777215
 74
     1
 91
        4
 64
     7
 65
   257
 75
     1
175
     1
 42
1.0
 92
        0
 66
   257
 43
1.0
 76
     1
 77
     6
 78
     2
 67
     7
 79
     5
170
     0
171
     0
290
     0
174
     0
 93
        1
 44
0.0
173
     0
291
     0
 45
0.0
  0
VISUALSTYLE
  5
32
102
{ACAD_REACTORS
330
2A
102
}
102
{ACAD_XDICTIONARY
360
1E8
102
}
330
2A
100
AcDbVisualStyle
  2
Basic
 70
     7
 71
     1
 72
     0
 73
     1
 90
        0
 40
0.6
 41
30.0
 62
     5
 63
     7
421
 16777215
 74
     0
 91
        4
 64
     7
 65
   257
 75
     1
175
     1
 42
1.0
 92
        8
 66
     7
 43
1.0
 76
     1
 77
     6
 78
     2
 67
     7
 79
     5
170
     0
171
     0
290
     0
174
     0
 93
        1
 44
0.0
173
     0
291
     1
 45
0.0
  0
VISUALSTYLE
  5
36
102
{ACAD_REACTORS
330
2A
102
}
102
{ACAD_XDICTIONARY
360
1F0
102
}
330
2A
100
AcDbVisualStyle
  2
Brighten
 70
    12
 71
     2
 72
     2
 73
     0
 90
        0
 40
0.6
 41
30.0
 62
     5
 63
     7
421
 16777215
 74
     1
 91
        4
 64
     7
 65
   257
 75
     1
175
     1
 42
1.0
 92
        8
 66
     7
 43
1.0
 76
     1
 77
     6
 78
     2
 67
     7
 79
     5
170
     0
171
     0
290
     0
174
     0
 93
        1
 44
50.0
173
     0
291
     1
 45
0.0
  0
VISUALSTYLE
  5
3A
102
{ACAD_REACTORS
330
2A
102
}
102
{ACAD_XDICTIONARY
360
1F8
102
}
330
2A
100
AcDbVisualStyle
  2
ColorChange
 70
    16
 71
     2
 72
     2
 73
     3
 90
        0
 40
0.6
 41
30.0
 62
     5
 63
     8
421
  8421504
 74
     1
 91
        4
 64
     7
 65
   257
 75
     1
175
     1
 42
1.0
 92
        8
 66
     8
424
  8421504
 43
1.0
 76
     1
 77
     6
 78
     2
 67
     7
 79
     5
170
     0
171
     0
290
     0
174
     0
 93
        1
 44
0.0
173
     0
291
     1
 45
0.0
  0
VISUALSTYLE
  5
34
102
{ACAD_REACTORS
330
2A
102
}
102
{ACAD_XDICTIONARY
360
1EC
102
}
330
2A
100
AcDbVisualStyle
  2
Conceptual
 70
     9
 71
     3
 72
     2
 73
     0
 90
        0
 40
0.6
 41
30.0
 62
     5
 63
     7
421
 16777215
 74
     2
 91
        2
 64
     7
 65
   257
 75
     1
175
     1
 42
179.0
 92
        8
 66
     7
 43
1.0
 76
     1
 77
     6
 78
     2
 67
     7
 79
     3
170
     0
171
     0
290
     0
174
     0
 93
        1
 44
0.0
173
     0
291
     0
 45
0.0
  0
VISUALSTYLE
  5
35
102
{ACAD_REACTORS
330
2A
102
}
102
{ACAD_XDICTIONARY
360
1EE
102
}
330
2A
100
AcDbVisualStyle
  2
Dim
 70
    11
 71
     2
 72
     2
 73
     0
 90
        0
 40
0.6
 41
30.0
 62
     5
 63
     7
421
 16777215
 74
     1
 91
        4
 64
     7
 65
   257
 75
     1
175
     1
 42
1.0
 92
        8
 66
     7
 43
1.0
 76
     1
 77
     6
 78
     2
 67
     7
 79
     5
170
     0
171
     0
290
     0
174
     0
 93
        1
 44
-50.0
173
     0
291
     1
 45
0.0
  0
VISUALSTYLE
  5
3D
102
{ACAD_REACTORS
330
2A
102
}
102
{ACAD_XDICTIONARY
360
1FE
102
}
330
2A
100
AcDbVisualStyle
  2
EdgeColorOff
 70
    22
 71
     2
 72
     2
 73
     0
 90
        0
 40
0.6
 41
30.0
 62
     5
 63
     7
421
 16777215
 74
     1
 91
        4
 64
     7
 65
   257
 75
     1
175
     1
 42
1.0
 92
        8
 66
     7
 43
1.0
 76
     1
 77
     6
 78
     2
 67
     7
 79
     5
170
     0
171
     0
290
     0
174
     0
 93
        1
 44
0.0
173
     0
291
     1
 45
0.0
  0
VISUALSTYLE
  5
39
102
{ACAD_REACTORS
330
2A
102
}
102
{ACAD_XDICTIONARY
360
1F6
102
}
330
2A
100
AcDbVisualStyle
  2
Facepattern
 70
    15
 71
     2
 72
     2
 73
     0
 90
        0
 40
0.6
 41
30.0
 62
     5
 63
     7
421
 16777215
 74
     1
 91
        4
 64
     7
 65
   257
 75
     1
175
     1
 42
1.0
 92
        8
 66
     7
 43
1.0
 76
     1
 77
     6
 78
     2
 67
     7
 79
     5
170
     0
171
     0
290
     0
174
     0
 93
        1
 44
0.0
173
     0
291
     1
 45
0.0
  0
VISUALSTYLE
  5
2B
102
{ACAD_REACTORS
330
2A
102
}
102
{ACAD_XDICTIONARY
360
1DA
102
}
330
2A
100
AcDbVisualStyle
  2
Flat
 70
     0
 71
     2
 72
     1
 73
     1
 90
        2
 40
0.6
 41
30.0
 62
     5
 63
     7
421
 16777215
 74
     0
 91
        0
 64
     7
 65
   257
 75
     1
175
     1
 42
1.0
 92
        8
 66
     7
 43
1.0
 76
     1
 77
     6
 78
     2
 67
     7
 79
     5
170
     0
171
     0
290
     0
174
     0
 93
       13
 44
0.0
173
     0
291
     1
 45
0.0
  0
VISUALSTYLE
  5
2C
102
{ACAD_REACTORS
330
2A
102
}
102
{ACAD_XDICTIONARY
360
1DC
102
}
330
2A
100
AcDbVisualStyle
  2
FlatWithEdges
 70
     1
 71
     2
 72
     1
 73
     1
 90
        2
 40
0.6
 41
30.0
 62
     5
 63
     7
421
 16777215
 74
     1
 91
        0
 64
     7
 65
   257
 75
     1
175
     1
 42
1.0
 92
        0
 66
   257
 43
1.0
 76
     1
 77
     6
 78
     2
 67
     7
 79
     5
170
     0
171
     0
290
     0
174
     0
 93
       13
 44
0.0
173
     0
291
     1
 45
0.0
  0
VISUALSTYLE
  5
2D
102
{ACAD_REACTORS
330
2A
102
}
102
{ACAD_XDICTIONARY
360
1DE
102
}
330
2A
100
AcDbVisualStyle
  2
Gouraud
 70
     2
 71
     2
 72
     2
 73
     1
 90
        2
 40
0.6
 41
30.0
 62
     5
 63
     7
421
 16777215
 74
     0
 91
        0
 64
     7
 65
   257
 75
     1
175
     1
 42
1.0
 92
        0
 66
     7
 43
1.0
 76
     1
 77
     6
 78
     2
 67
     7
 79
     5
170
     0
171
     0
290
     0
174
     0
 93
       13
 44
0.0
173
     0
291
     1
 45
0.0
  0
VISUALSTYLE
  5
2E
102
{ACAD_REACTORS
330
2A
102
}
102
{ACAD_XDICTIONARY
360
1E0
102
}
330
2A
100
AcDbVisualStyle
  2
GouraudWithEdges
 70
     3
 71
     2
 72
     2
 73
     1
 90
        2
 40
0.6
 41
30.0
 62
     5
 63
     7
421
 16777215
 74
     1
 91
        0
 64
     7
 65
   257
 75
     1
175
     1
 42
1.0
 92
        0
 66
   257
 43
1.0
 76
     1
 77
     6
 78
     2
 67
     7
 79
     5
170
     0
171
     0
290
     0
174
     0
 93
       13
 44
0.0
173
     0
291
     1
 45
0.0
  0
VISUALSTYLE
  5
31
102
{ACAD_REACTORS
330
2A
102
}
102
{ACAD_XDICTIONARY
360
1E6
102
}
330
2A
100
AcDbVisualStyle
  2
Hidden
 70
     6
 71
     1
 72
     2
 73
     2
 90
        0
 40
0.6
 41
30.0
 62
     5
 63
     7
421
 16777215
 74
     2
 91
        2
 64
     7
 65
   257
 75
     2
175
     1
 42
40.0
 92
        0
 66
   257
 43
1.0
 76
     1
 77
     6
 78
     2
 67
     7
 79
     3
170
     0
171
     0
290
     0
174
     0
 93
        1
 44
0.0
173
     0
291
     0
 45
0.0
  0
VISUALSTYLE
  5
3B
102
{ACAD_REACTORS
330
2A
102
}
102
{ACAD_XDICTIONARY
360
1FA
102
}
330
2A
100
AcDbVisualStyle
  2
JitterOff
 70
    20
 71
     2
 72
     2
 73
     0
 90
        0
 40
0.6
 41
30.0
 62
     5
 63
     7
421
 16777215
 74
     1
 91
        4
 64
     7
 65
   257
 75
     1
175
     1
 42
1.0
 92
       10
 66
     7
 43
1.0
 76
     1
 77
     6
 78
     2
 67
     7
 79
     5
170
     0
171
     0
290
     0
174
     0
 93
        1
 44
0.0
173
     0
291
     1
 45
0.0
  0
VISUALSTYLE
  5
38
102
{ACAD_REACTORS
330
2A
102
}
102
{ACAD_XDICTIONARY
360
1F4
102
}
330
2A
100
AcDbVisualStyle
  2
Linepattern
 70
    14
 71
     2
 72
     2
 73
     0
 90
        0
 40
0.6
 41
30.0
 62
     5
 63
     7
421
 16777215
 74
     1
 91
        4
 64
     7
 65
   257
 75
     7
175
     7
 42
1.0
 92
        8
 66
     7
 43
1.0
 76
     1
 77
     6
 78
     2
 67
     7
 79
     5
170
     0
171
     0
290
     0
174
     0
 93
        1
 44
0.0
173
     0
291
     1
 45
0.0
  0
VISUALSTYLE
  5
3C
102
{ACAD_REACTORS
330
2A
102
}
102
{ACAD_XDICTIONARY
360
1FC
102
}
330
2A
100
AcDbVisualStyle
  2
OverhangOff
 70
    21
 71
     2
 72
     2
 73
     0
 90
        0
 40
0.6
 41
30.0
 62
     5
 63
     7
421
 16777215
 74
     1
 91
        4
 64
     7
 65
   257
 75
     1
175
     1
 42
1.0
 92
        9
 66
     7
 43
1.0
 76
     1
 77
     6
 78
     2
 67
     7
 79
     5
170
     0
171
     0
290
     0
174
     0
 93
        1
 44
0.0
173
     0
291
     1
 45
0.0
  0
VISUALSTYLE
  5
33
102
{ACAD_REACTORS
330
2A
102
}
102
{ACAD_XDICTIONARY
360
1EA
102
}
330
2A
100
AcDbVisualStyle
  2
Realistic
 70
     8
 71
     2
 72
     3
 73
     0
 90
        2
 40
0.6
 41
30.0
 62
     5
 63
     7
421
 16777215
 74
     0
 91
        0
 64
     7
 65
   257
 75
     1
175
     1
 42
1.0
 92
        8
 66
   257
 43
1.0
 76
     1
 77
     6
 78
     2
 67
     7
 79
     3
170
     0
171
     0
290
     0
174
     0
 93
       13
 44
0.0
173
     0
291
     0
 45
0.0
  0
VISUALSTYLE
  5
42
102
{ACAD_REACTORS
330
2A
102
}
102
{ACAD_XDICTIONARY
360
208
102
}
330
2A
100
AcDbVisualStyle
  2
Shaded
 70
    27
 71
     2
 72
     2
 73
     1
 90
        2
 40
0.6
 41
30.0
 62
     5
 63
     7
421
 16777215
 74
     0
 91
        4
 64
     7
 65
   257
 75
     1
175
     1
 42
1.0
 92
        8
 66
   257
 43
1.0
 76
     1
 77
     6
 78
     2
 67
     8
425
  7895160
 79
     3
170
     0
171
     0
290
     0
174
     0
 93
        5
 44
0.0
173
     0
291
     0
 45
0.0
  0
VISUALSTYLE
  5
41
102
{ACAD_REACTORS
330
2A
102
}
102
{ACAD_XDICTIONARY
360
206
102
}
330
2A
100
AcDbVisualStyle
  2
Shaded with edges
 70
    26
 71
     2
 72
     2
 73
     1
 90
        2
 40
0.6
 41
30.0
 62
     5
 63
     7
421
 16777215
 74
     1
 91
       10
 64
     7
 65
   257
 75
     2
175
     1
 42
1.0
 92
        8
 66
   257
 43
1.0
 76
     1
 77
     6
 78
     2
 67
     7
 79
     3
170
     0
171
     0
290
     0
174
     0
 93
        5
 44
0.0
173
     0
291
     0
 45
0.0
  0
VISUALSTYLE
  5
3E
102
{ACAD_REACTORS
330
2A
102
}
102
{ACAD_XDICTIONARY
360
200
102
}
330
2A
100
AcDbVisualStyle
  2
Shades of Gray
 70
    23
 71
     2
 72
     2
 73
     3
 90
        0
 40
0.6
 41
30.0
 62
     5
 63
     7
421
 16777215
 74
     2
 91
        2
 64
     7
 65
     7
 75
     1
175
     1
 42
40.0
 92
        8
 66
     7
 43
1.0
 76
     1
 77
     6
 78
     2
 67
     7
 79
     3
170
     0
171
     0
290
     0
174
     0
 93
        1
 44
0.0
173
     0
291
     0
 45
0.0
  0
VISUALSTYLE
  5
3F
102
{ACAD_REACTORS
330
2A
102
}
102
{ACAD_XDICTIONARY
360
202
102
}
330
2A
100
AcDbVisualStyle
  2
Sketchy
 70
    24
 71
     1
 72
     2
 73
     2
 90
        0
 40
0.6
 41
30.0
 62
     5
 63
     7
421
 16777215
 74
     2
 91
        2
 64
     7
 65
     7
 75
     1
175
     1
 42
40.0
 92
       11
 66
     7
 43
1.0
 76
     1
 77
     6
 78
     2
 67
     7
 79
     6
170
     0
171
     0
290
     0
174
     0
 93
        1
 44
0.0
173
     0
291
     0
 45
0.0
  0
VISUALSTYLE
  5
37
102
{ACAD_REACTORS
330
2A
102
}
102
{ACAD_XDICTIONARY
360
1F2
102
}
330
2A
100
AcDbVisualStyle
  2
Thicken
 70
    13
 71
     2
 72
     2
 73
     0
 90
        0
 40
0.6
 41
30.0
 62
     5
 63
     7
421
 16777215
 74
     1
 91
        4
 64
     7
 65
   257
 75
     1
175
     1
 42
1.0
 92
       12
 66
     7
 43
1.0
 76
     1
 77
     6
 78
     2
 67
     7
 79
     5
170
     0
171
     0
290
     0
174
     0
 93
        1
 44
0.0
173
     0
291
     1
 45
0.0
  0
VISUALSTYLE
  5
30
102
{ACAD_REACTORS
330
2A
102
}
102
{ACAD_XDICTIONARY
360
1E4
102
}
330
2A
100
AcDbVisualStyle
  2
Wireframe
 70
     5
 71
     0
 72
     2
 73
     0
 90
        0
 40
0.6
 41
30.0
 62
     5
 63
     7
421
 16777215
 74
     1
 91
        4
 64
     7
 65
   257
 75
     1
175
     1
 42
1.0
 92
        0
 66
   257
 43
1.0
 76
     1
 77
     6
 78
     2
 67
     7
 79
     3
170
     0
171
     0
290
     0
174
     0
 93
        1
 44
0.0
173
     0
291
     0
 45
0.0
  0
VISUALSTYLE
  5
40
102
{ACAD_REACTORS
330
2A
102
}
102
{ACAD_XDICTIONARY
360
204
102
}
330
2A
100
AcDbVisualStyle
  2
X-Ray
 70
    25
 71
     2
 72
     2
 73
     1
 90
        1
 40
0.5
 41
30.0
 62
     5
 63
     7
421
 16777215
 74
     1
 91
        0
 64
     7
 65
   257
 75
     1
175
     1
 42
1.0
 92
        8
 66
     7
 43
1.0
 76
     1
 77
     6
 78
     2
 67
     7
 79
     3
170
     0
171
     0
290
     0
174
     0
 93
       13
 44
0.0
173
     0
291
     0
 45
0.0
  0
DICTIONARYVAR
  5
1D8
102
{ACAD_REACTORS
330
1D7
102
}
330
1D7
100
DictionaryVariables
280
     0
  1
1:1
  0
DICTIONARYVAR
  5
211
102
{ACAD_REACTORS
330
1D7
102
}
330
1D7
100
DictionaryVariables
280
     0
  1
Standard
  0
DICTIONARYVAR
  5
210
102
{ACAD_REACTORS
330
1D7
102
}
330
1D7
100
DictionaryVariables
280
     0
  1
Standard
  0
DICTIONARYVAR
  5
1D9
102
{ACAD_REACTORS
330
1D7
102
}
330
1D7
100
DictionaryVariables
280
     0
  1
2
  0
DICTIONARY
  5
20D
330
5C
100
AcDbDictionary
280
     1
281
     1
  3
ACAD_XREC_ROUNDTRIP
360
20E
  0
DICTIONARY
  5
20A
330
5A
100
AcDbDictionary
280
     1
281
     1
  3
ACAD_ROUNDTRIP_2008_TABLESTYLE_CELLSTYLEMAP
360
20B
  0
DICTIONARY
  5
1E2
330
2F
100
AcDbDictionary
280
     1
281
     1
  3
ACAD_XREC_ROUNDTRIP
360
1E3
  0
DICTIONARY
  5
1E8
330
32
100
AcDbDictionary
280
     1
281
     1
  3
ACAD_XREC_ROUNDTRIP
360
1E9
  0
DICTIONARY
  5
1F0
330
36
100
AcDbDictionary
280
     1
281
     1
  3
ACAD_XREC_ROUNDTRIP
360
1F1
  0
DICTIONARY
  5
1F8
330
3A
100
AcDbDictionary
280
     1
281
     1
  3
ACAD_XREC_ROUNDTRIP
360
1F9
  0
DICTIONARY
  5
1EC
330
34
100
AcDbDictionary
280
     1
281
     1
  3
ACAD_XREC_ROUNDTRIP
360
1ED
  0
DICTIONARY
  5
1EE
330
35
100
AcDbDictionary
280
     1
281
     1
  3
ACAD_XREC_ROUNDTRIP
360
1EF
  0
DICTIONARY
  5
1FE
330
3D
100
AcDbDictionary
280
     1
281
     1
  3
ACAD_XREC_ROUNDTRIP
360
1FF
  0
DICTIONARY
  5
1F6
330
39
100
AcDbDictionary
280
     1
281
     1
  3
ACAD_XREC_ROUNDTRIP
360
1F7
  0
DICTIONARY
  5
1DA
330
2B
100
AcDbDictionary
280
     1
281
     1
  3
ACAD_XREC_ROUNDTRIP
360
1DB
  0
DICTIONARY
  5
1DC
330
2C
100
AcDbDictionary
280
     1
281
     1
  3
ACAD_XREC_ROUNDTRIP
360
1DD
  0
DICTIONARY
  5
1DE
330
2D
100
AcDbDictionary
280
     1
281
     1
  3
ACAD_XREC_ROUNDTRIP
360
1DF
  0
DICTIONARY
  5
1E0
330
2E
100
AcDbDictionary
280
     1
281
     1
  3
ACAD_XREC_ROUNDTRIP
360
1E1
  0
DICTIONARY
  5
1E6
330
31
100
AcDbDictionary
280
     1
281
     1
  3
ACAD_XREC_ROUNDTRIP
360
1E7
  0
DICTIONARY
  5
1FA
330
3B
100
AcDbDictionary
280
     1
281
     1
  3
ACAD_XREC_ROUNDTRIP
360
1FB
  0
DICTIONARY
  5
1F4
330
38
100
AcDbDictionary
280
     1
281
     1
  3
ACAD_XREC_ROUNDTRIP
360
1F5
  0
DICTIONARY
  5
1FC
330
3C
100
AcDbDictionary
280
     1
281
     1
  3
ACAD_XREC_ROUNDTRIP
360
1FD
  0
DICTIONARY
  5
1EA
330
33
100
AcDbDictionary
280
     1
281
     1
  3
ACAD_XREC_ROUNDTRIP
360
1EB
  0
DICTIONARY
  5
208
330
42
100
AcDbDictionary
280
     1
281
     1
  3
ACAD_XREC_ROUNDTRIP
360
209
  0
DICTIONARY
  5
206
330
41
100
AcDbDictionary
280
     1
281
     1
  3
ACAD_XREC_ROUNDTRIP
360
207
  0
DICTIONARY
  5
200
330
3E
100
AcDbDictionary
280
     1
281
     1
  3
ACAD_XREC_ROUNDTRIP
360
201
  0
DICTIONARY
  5
202
330
3F
100
AcDbDictionary
280
     1
281
     1
  3
ACAD_XREC_ROUNDTRIP
360
203
  0
DICTIONARY
  5
1F2
330
37
100
AcDbDictionary
280
     1
281
     1
  3
ACAD_XREC_ROUNDTRIP
360
1F3
  0
DICTIONARY
  5
1E4
330
30
100
AcDbDictionary
280
     1
281
     1
  3
ACAD_XREC_ROUNDTRIP
360
1E5
  0
DICTIONARY
  5
204
330
40
100
AcDbDictionary
280
     1
281
     1
  3
ACAD_XREC_ROUNDTRIP
360
205
  0
XRECORD
  5
20E
102
{ACAD_REACTORS
330
20D
102
}
330
20D
100
AcDbXrecord
280
     1
102
ACAD_ROUNDTRIP_2010_MLEADER_STYLE
  0
CELLSTYLEMAP
  5
20B
102
{ACAD_REACTORS
330
20A
102
}
330
20A
100
AcDbCellStyleMap
 90
        3
300
CELLSTYLE
  1
TABLEFORMAT_BEGIN
 90
        5
170
     1
 91
        0
 92
    32768
 62
   257
 93
        1
300
CONTENTFORMAT
  1
CONTENTFORMAT_BEGIN
 90
        0
 91
        0
 92
        4
 93
        0
300

 40
0.0
140
1.0
 94
        5
 62
     0
340
11
144
0.25
309
CONTENTFORMAT_END
171
     1
301
MARGIN
  1
CELLMARGIN_BEGIN
 40
0.06
 40
0.06
 40
0.06
 40
0.06
 40
0.06
 40
0.06
309
CELLMARGIN_END
 94
        6
 95
        1
302
GRIDFORMAT
  1
GRIDFORMAT_BEGIN
 90
        0
 91
        1
 62
     0
 92
       -2
340
14
 93
        0
 40
0.045
309
GRIDFORMAT_END
 95
        2
302
GRIDFORMAT
  1
GRIDFORMAT_BEGIN
 90
        0
 91
        1
 62
     0
 92
       -2
340
14
 93
        0
 40
0.045
309
GRIDFORMAT_END
 95
        4
302
GRIDFORMAT
  1
GRIDFORMAT_BEGIN
 90
        0
 91
        1
 62
     0
 92
       -2
340
14
 93
        0
 40
0.045
309
GRIDFORMAT_END
 95
        8
302
GRIDFORMAT
  1
GRIDFORMAT_BEGIN
 90
        0
 91
        1
 62
     0
 92
       -2
340
14
 93
        0
 40
0.045
309
GRIDFORMAT_END
 95
       16
302
GRIDFORMAT
  1
GRIDFORMAT_BEGIN
 90
        0
 91
        1
 62
     0
 92
       -2
340
14
 93
        0
 40
0.045
309
GRIDFORMAT_END
 95
       32
302
GRIDFORMAT
  1
GRIDFORMAT_BEGIN
 90
        0
 91
        1
 62
     0
 92
       -2
340
14
 93
        0
 40
0.045
309
GRIDFORMAT_END
309
TABLEFORMAT_END
  1
CELLSTYLE_BEGIN
 90
        1
 91
        1
300
_TITLE
309
CELLSTYLE_END
300
CELLSTYLE
  1
TABLEFORMAT_BEGIN
 90
        5
170
     1
 91
        0
 92
        0
 62
   257
 93
        1
300
CONTENTFORMAT
  1
CONTENTFORMAT_BEGIN
 90
        0
 91
        0
 92
        4
 93
        0
300

 40
0.0
140
1.0
 94
        5
 62
     0
340
11
144
0.18
309
CONTENTFORMAT_END
171
     1
301
MARGIN
  1
CELLMARGIN_BEGIN
 40
0.06
 40
0.06
 40
0.06
 40
0.06
 40
0.06
 40
0.06
309
CELLMARGIN_END
 94
        6
 95
        1
302
GRIDFORMAT
  1
GRIDFORMAT_BEGIN
 90
        0
 91
        1
 62
     0
 92
       -2
340
14
 93
        0
 40
0.045
309
GRIDFORMAT_END
 95
        2
302
GRIDFORMAT
  1
GRIDFORMAT_BEGIN
 90
        0
 91
        1
 62
     0
 92
       -2
340
14
 93
        0
 40
0.045
309
GRIDFORMAT_END
 95
        4
302
GRIDFORMAT
  1
GRIDFORMAT_BEGIN
 90
        0
 91
        1
 62
     0
 92
       -2
340
14
 93
        0
 40
0.045
309
GRIDFORMAT_END
 95
        8
302
GRIDFORMAT
  1
GRIDFORMAT_BEGIN
 90
        0
 91
        1
 62
     0
 92
       -2
340
14
 93
        0
 40
0.045
309
GRIDFORMAT_END
 95
       16
302
GRIDFORMAT
  1
GRIDFORMAT_BEGIN
 90
        0
 91
        1
 62
     0
 92
       -2
340
14
 93
        0
 40
0.045
309
GRIDFORMAT_END
 95
       32
302
GRIDFORMAT
  1
GRIDFORMAT_BEGIN
 90
        0
 91
        1
 62
     0
 92
       -2
340
14
 93
        0
 40
0.045
309
GRIDFORMAT_END
309
TABLEFORMAT_END
  1
CELLSTYLE_BEGIN
 90
        2
 91
        1
300
_HEADER
309
CELLSTYLE_END
300
CELLSTYLE
  1
TABLEFORMAT_BEGIN
 90
        5
170
     1
 91
        0
 92
        0
 62
   257
 93
        1
300
CONTENTFORMAT
  1
CONTENTFORMAT_BEGIN
 90
        0
 91
        0
 92
        4
 93
        0
300

 40
0.0
140
1.0
 94
        2
 62
     0
340
11
144
0.18
309
CONTENTFORMAT_END
171
     1
301
MARGIN
  1
CELLMARGIN_BEGIN
 40
0.06
 40
0.06
 40
0.06
 40
0.06
 40
0.06
 40
0.06
309
CELLMARGIN_END
 94
        6
 95
        1
302
GRIDFORMAT
  1
GRIDFORMAT_BEGIN
 90
        0
 91
        1
 62
     0
 92
       -2
340
14
 93
        0
 40
0.045
309
GRIDFORMAT_END
 95
        2
302
GRIDFORMAT
  1
GRIDFORMAT_BEGIN
 90
        0
 91
        1
 62
     0
 92
       -2
340
14
 93
        0
 40
0.045
309
GRIDFORMAT_END
 95
        4
302
GRIDFORMAT
  1
GRIDFORMAT_BEGIN
 90
        0
 91
        1
 62
     0
 92
       -2
340
14
 93
        0
 40
0.045
309
GRIDFORMAT_END
 95
        8
302
GRIDFORMAT
  1
GRIDFORMAT_BEGIN
 90
        0
 91
        1
 62
     0
 92
       -2
340
14
 93
        0
 40
0.045
309
GRIDFORMAT_END
 95
       16
302
GRIDFORMAT
  1
GRIDFORMAT_BEGIN
 90
        0
 91
        1
 62
     0
 92
       -2
340
14
 93
        0
 40
0.045
309
GRIDFORMAT_END
 95
       32
302
GRIDFORMAT
  1
GRIDFORMAT_BEGIN
 90
        0
 91
        1
 62
     0
 92
       -2
340
14
 93
        0
 40
0.045
309
GRIDFORMAT_END
309
TABLEFORMAT_END
  1
CELLSTYLE_BEGIN
 90
        3
 91
        2
300
_DATA
309
CELLSTYLE_END
  0
XRECORD
  5
1E3
102
{ACAD_REACTORS
330
1E2
102
}
330
1E2
100
AcDbXrecord
280
     1
102
RTVSPropertyOp0
 70
     1
102
RTVSPropertyOp1
 70
     1
102
RTVSPropertyOp2
 70
     1
102
RTVSPropertyOp3
 70
     1
102
RTVSPropertyOp4
 70
     1
102
RTVSPropertyOp5
 70
     1
102
RTVSPropertyOp6
 70
     1
102
RTVSPropertyOp7
 70
     1
102
RTVSPropertyOp8
 70
     1
102
RTVSPropertyOp9
 70
     1
102
RTVSPropertyOp10
 70
     1
102
RTVSPropertyOp11
 70
     1
102
RTVSPropertyOp12
 70
     1
102
RTVSPropertyOp13
 70
     1
102
RTVSPropertyOp14
 70
     1
102
RTVSPropertyOp15
 70
     1
102
RTVSPropertyOp16
 70
     1
102
RTVSPropertyOp17
 70
     1
102
RTVSPropertyOp18
 70
     1
102
RTVSPropertyOp19
 70
     1
102
RTVSPropertyOp20
 70
     1
102
RTVSPropertyOp21
 70
     1
102
RTVSPropertyOp22
 70
     1
102
RTVSPropertyOp23
 70
     1
102
RTVSPropertyOp24
 70
     1
102
RTVSPropertyOp25
 70
     1
102
RTVSPropertyOp26
 70
     1
102
RTVSPropertyOp27
 70
     1
102
RTVSPropertyOp28
 70
     1
102
RTVSPropertyOp29
 70
     1
102
RTVSPropertyOp30
 70
     1
102
RTVSPropertyOp31
 70
     1
102
RTVSPropertyOp32
 70
     1
102
RTVSPropertyOp33
 70
     1
102
RTVSPropertyOp34
 70
     1
102
RTVSPropertyOp35
 70
     1
102
RTVSPropertyOp36
 70
     1
102
RTVSPropertyOp37
 70
     1
102
RTVSPropertyOp38
 70
     1
102
RTVSPropertyOp39
 70
     1
102
RTVSPropertyOp40
 70
     1
102
RTVSPropertyOp41
 70
     1
102
RTVSPropertyOp42
 70
     1
102
RTVSPropertyOp43
 70
     1
102
RTVSPropertyOp44
 70
     1
102
RTVSPropertyOp45
 70
     1
102
RTVSPropertyOp46
 70
     1
102
RTVSPropertyOp47
 70
     1
102
RTVSPropertyOp48
 70
     1
102
RTVSPropertyOp49
 70
     1
102
RTVSPropertyOp50
 70
     1
102
RTVSPropertyOp51
 70
     0
102
RTVSPropertyOp52
 70
     0
102
RTVSPropertyOp53
 70
     1
102
RTVSPropertyOp54
 70
     1
102
RTVSPropertyOp55
 70
     1
102
RTVSPropertyOp56
 70
     1
102
RTVSPropertyOp57
 70
     1
102
RTVSPost2010Prop28
280
     1
102
RTVSPost2010PropOp28
 70
     1
102
RTVSPost2010Prop29
280
     1
102
RTVSPost2010PropOp29
 70
     1
102
RTVSPost2010Prop30
280
     0
102
RTVSPost2010PropOp30
 70
     1
102
RTVSPost2010Prop31
280
     0
102
RTVSPost2010PropOp31
 70
     1
102
RTVSPost2010Prop32
280
     0
102
RTVSPost2010PropOp32
 70
     1
102
RTVSPost2010Prop33
280
     0
102
RTVSPost2010PropOp33
 70
     1
102
RTVSPost2010Prop34
280
     0
102
RTVSPost2010PropOp34
 70
     1
102
RTVSPost2010Prop35
280
     0
102
RTVSPost2010PropOp35
 70
     1
102
RTVSPost2010Prop36
280
     0
102
RTVSPost2010PropOp36
 70
     1
102
RTVSPost2010Prop37
 90
       50
102
RTVSPost2010PropOp37
 70
     1
102
RTVSPost2010Prop38
140
0.0
102
RTVSPost2010PropOp38
 70
     1
102
RTVSPost2010Prop39
140
1.0
102
RTVSPost2010PropOp39
 70
     1
102
RTVSPost2010Prop40
 90
        0
102
RTVSPost2010PropOp40
 70
     1
102
RTVSPost2010Prop41ColorIndex
 90
       18
102
RTVSPost2010Prop41ColorRGB
 90
        0
102
RTVSPost2010PropOp41
 70
     1
102
RTVSPost2010Prop42
 90
       50
102
RTVSPost2010PropOp42
 70
     1
102
RTVSPost2010Prop43
 90
        3
102
RTVSPost2010PropOp43
 70
     1
102
RTVSPost2010Prop44ColorIndex
 90
        5
102
RTVSPost2010Prop44ColorRGB
 90
      255
102
RTVSPost2010PropOp44
 70
     1
102
RTVSPost2010Prop45
280
     0
102
RTVSPost2010PropOp45
 70
     1
102
RTVSPost2010Prop46
 90
       50
102
RTVSPost2010PropOp46
 70
     1
102
RTVSPost2010Prop47
 90
       50
102
RTVSPost2010PropOp47
 70
     1
102
RTVSPost2010Prop48
 90
       50
102
RTVSPost2010PropOp48
 70
     1
102
RTVSPost2010Prop49
280
     0
102
RTVSPost2010PropOp49
 70
     1
102
RTVSPost2010Prop50
 90
       50
102
RTVSPost2010PropOp50
 70
     1
102
RTVSPost2010Prop51ColorIndex
 90
      256
102
RTVSPost2010Prop51ColorRGB
 90
-16777216
102
RTVSPost2010PropOp51
 70
     0
102
RTVSPost2010Prop52
140
1.0
102
RTVSPost2010PropOp52
 70
     0
102
RTVSPost2010Prop53
 90
        2
102
RTVSPost2010PropOp53
 70
     1
102
RTVSPost2010Prop54
  1
strokes_ogs.tif
102
RTVSPost2010PropOp54
 70
     1
102
RTVSPost2010Prop55
280
     0
102
RTVSPost2010PropOp55
 70
     1
102
RTVSPost2010Prop56
140
1.0
102
RTVSPost2010PropOp56
 70
     1
102
RTVSPost2010Prop57
140
1.0
102
RTVSPost2010PropOp57
 70
     1
  0
XRECORD
  5
1E9
102
{ACAD_REACTORS
330
1E8
102
}
330
1E8
100
AcDbXrecord
280
     1
102
RTVSPropertyOp0
 70
     1
102
RTVSPropertyOp1
 70
     1
102
RTVSPropertyOp2
 70
     1
102
RTVSPropertyOp3
 70
     1
102
RTVSPropertyOp4
 70
     1
102
RTVSPropertyOp5
 70
     1
102
RTVSPropertyOp6
 70
     1
102
RTVSPropertyOp7
 70
     1
102
RTVSPropertyOp8
 70
     1
102
RTVSPropertyOp9
 70
     1
102
RTVSPropertyOp10
 70
     1
102
RTVSPropertyOp11
 70
     1
102
RTVSPropertyOp12
 70
     1
102
RTVSPropertyOp13
 70
     1
102
RTVSPropertyOp14
 70
     1
102
RTVSPropertyOp15
 70
     1
102
RTVSPropertyOp16
 70
     1
102
RTVSPropertyOp17
 70
     1
102
RTVSPropertyOp18
 70
     1
102
RTVSPropertyOp19
 70
     1
102
RTVSPropertyOp20
 70
     1
102
RTVSPropertyOp21
 70
     1
102
RTVSPropertyOp22
 70
     1
102
RTVSPropertyOp23
 70
     1
102
RTVSPropertyOp24
 70
     1
102
RTVSPropertyOp25
 70
     1
102
RTVSPropertyOp26
 70
     1
102
RTVSPropertyOp27
 70
     1
102
RTVSPropertyOp28
 70
     1
102
RTVSPropertyOp29
 70
     1
102
RTVSPropertyOp30
 70
     1
102
RTVSPropertyOp31
 70
     1
102
RTVSPropertyOp32
 70
     1
102
RTVSPropertyOp33
 70
     1
102
RTVSPropertyOp34
 70
     1
102
RTVSPropertyOp35
 70
     1
102
RTVSPropertyOp36
 70
     1
102
RTVSPropertyOp37
 70
     1
102
RTVSPropertyOp38
 70
     1
102
RTVSPropertyOp39
 70
     1
102
RTVSPropertyOp40
 70
     1
102
RTVSPropertyOp41
 70
     1
102
RTVSPropertyOp42
 70
     1
102
RTVSPropertyOp43
 70
     1
102
RTVSPropertyOp44
 70
     1
102
RTVSPropertyOp45
 70
     1
102
RTVSPropertyOp46
 70
     1
102
RTVSPropertyOp47
 70
     1
102
RTVSPropertyOp48
 70
     1
102
RTVSPropertyOp49
 70
     1
102
RTVSPropertyOp50
 70
     1
102
RTVSPropertyOp51
 70
     0
102
RTVSPropertyOp52
 70
     0
102
RTVSPropertyOp53
 70
     1
102
RTVSPropertyOp54
 70
     1
102
RTVSPropertyOp55
 70
     1
102
RTVSPropertyOp56
 70
     1
102
RTVSPropertyOp57
 70
     1
102
RTVSPost2010Prop28
280
     0
102
RTVSPost2010PropOp28
 70
     1
102
RTVSPost2010Prop29
280
     1
102
RTVSPost2010PropOp29
 70
     1
102
RTVSPost2010Prop30
280
     1
102
RTVSPost2010PropOp30
 70
     1
102
RTVSPost2010Prop31
280
     0
102
RTVSPost2010PropOp31
 70
     1
102
RTVSPost2010Prop32
280
     0
102
RTVSPost2010PropOp32
 70
     1
102
RTVSPost2010Prop33
280
     0
102
RTVSPost2010PropOp33
 70
     1
102
RTVSPost2010Prop34
280
     0
102
RTVSPost2010PropOp34
 70
     1
102
RTVSPost2010Prop35
280
     0
102
RTVSPost2010PropOp35
 70
     1
102
RTVSPost2010Prop36
280
     0
102
RTVSPost2010PropOp36
 70
     1
102
RTVSPost2010Prop37
 90
       50
102
RTVSPost2010PropOp37
 70
     1
102
RTVSPost2010Prop38
140
0.0
102
RTVSPost2010PropOp38
 70
     1
102
RTVSPost2010Prop39
140
1.0
102
RTVSPost2010PropOp39
 70
     1
102
RTVSPost2010Prop40
 90
        0
102
RTVSPost2010PropOp40
 70
     1
102
RTVSPost2010Prop41ColorIndex
 90
       18
102
RTVSPost2010Prop41ColorRGB
 90
        0
102
RTVSPost2010PropOp41
 70
     1
102
RTVSPost2010Prop42
 90
       50
102
RTVSPost2010PropOp42
 70
     1
102
RTVSPost2010Prop43
 90
        3
102
RTVSPost2010PropOp43
 70
     1
102
RTVSPost2010Prop44ColorIndex
 90
        5
102
RTVSPost2010Prop44ColorRGB
 90
      255
102
RTVSPost2010PropOp44
 70
     1
102
RTVSPost2010Prop45
280
     0
102
RTVSPost2010PropOp45
 70
     1
102
RTVSPost2010Prop46
 90
       50
102
RTVSPost2010PropOp46
 70
     1
102
RTVSPost2010Prop47
 90
       50
102
RTVSPost2010PropOp47
 70
     1
102
RTVSPost2010Prop48
 90
       50
102
RTVSPost2010PropOp48
 70
     1
102
RTVSPost2010Prop49
280
     0
102
RTVSPost2010PropOp49
 70
     1
102
RTVSPost2010Prop50
 90
       50
102
RTVSPost2010PropOp50
 70
     1
102
RTVSPost2010Prop51ColorIndex
 90
      256
102
RTVSPost2010Prop51ColorRGB
 90
-16777216
102
RTVSPost2010PropOp51
 70
     0
102
RTVSPost2010Prop52
140
1.0
102
RTVSPost2010PropOp52
 70
     0
102
RTVSPost2010Prop53
 90
        2
102
RTVSPost2010PropOp53
 70
     1
102
RTVSPost2010Prop54
  1
strokes_ogs.tif
102
RTVSPost2010PropOp54
 70
     1
102
RTVSPost2010Prop55
280
     0
102
RTVSPost2010PropOp55
 70
     1
102
RTVSPost2010Prop56
140
1.0
102
RTVSPost2010PropOp56
 70
     1
102
RTVSPost2010Prop57
140
1.0
102
RTVSPost2010PropOp57
 70
     1
  0
XRECORD
  5
1F1
102
{ACAD_REACTORS
330
1F0
102
}
330
1F0
100
AcDbXrecord
280
     1
102
RTVSPropertyOp0
 70
     1
102
RTVSPropertyOp1
 70
     1
102
RTVSPropertyOp2
 70
     1
102
RTVSPropertyOp3
 70
     1
102
RTVSPropertyOp4
 70
     1
102
RTVSPropertyOp5
 70
     1
102
RTVSPropertyOp6
 70
     1
102
RTVSPropertyOp7
 70
     1
102
RTVSPropertyOp8
 70
     1
102
RTVSPropertyOp9
 70
     1
102
RTVSPropertyOp10
 70
     1
102
RTVSPropertyOp11
 70
     1
102
RTVSPropertyOp12
 70
     1
102
RTVSPropertyOp13
 70
     1
102
RTVSPropertyOp14
 70
     1
102
RTVSPropertyOp15
 70
     1
102
RTVSPropertyOp16
 70
     1
102
RTVSPropertyOp17
 70
     1
102
RTVSPropertyOp18
 70
     1
102
RTVSPropertyOp19
 70
     1
102
RTVSPropertyOp20
 70
     1
102
RTVSPropertyOp21
 70
     1
102
RTVSPropertyOp22
 70
     1
102
RTVSPropertyOp23
 70
     1
102
RTVSPropertyOp24
 70
     1
102
RTVSPropertyOp25
 70
     1
102
RTVSPropertyOp26
 70
     1
102
RTVSPropertyOp27
 70
     1
102
RTVSPropertyOp28
 70
     1
102
RTVSPropertyOp29
 70
     1
102
RTVSPropertyOp30
 70
     1
102
RTVSPropertyOp31
 70
     1
102
RTVSPropertyOp32
 70
     1
102
RTVSPropertyOp33
 70
     1
102
RTVSPropertyOp34
 70
     1
102
RTVSPropertyOp35
 70
     1
102
RTVSPropertyOp36
 70
     1
102
RTVSPropertyOp37
 70
     1
102
RTVSPropertyOp38
 70
     1
102
RTVSPropertyOp39
 70
     1
102
RTVSPropertyOp40
 70
     1
102
RTVSPropertyOp41
 70
     1
102
RTVSPropertyOp42
 70
     1
102
RTVSPropertyOp43
 70
     1
102
RTVSPropertyOp44
 70
     1
102
RTVSPropertyOp45
 70
     1
102
RTVSPropertyOp46
 70
     1
102
RTVSPropertyOp47
 70
     1
102
RTVSPropertyOp48
 70
     1
102
RTVSPropertyOp49
 70
     1
102
RTVSPropertyOp50
 70
     1
102
RTVSPropertyOp51
 70
     0
102
RTVSPropertyOp52
 70
     0
102
RTVSPropertyOp53
 70
     1
102
RTVSPropertyOp54
 70
     1
102
RTVSPropertyOp55
 70
     1
102
RTVSPropertyOp56
 70
     1
102
RTVSPropertyOp57
 70
     1
102
RTVSPost2010Prop28
280
     0
102
RTVSPost2010PropOp28
 70
     1
102
RTVSPost2010Prop29
280
     1
102
RTVSPost2010PropOp29
 70
     1
102
RTVSPost2010Prop30
280
     1
102
RTVSPost2010PropOp30
 70
     1
102
RTVSPost2010Prop31
280
     0
102
RTVSPost2010PropOp31
 70
     1
102
RTVSPost2010Prop32
280
     0
102
RTVSPost2010PropOp32
 70
     1
102
RTVSPost2010Prop33
280
     0
102
RTVSPost2010PropOp33
 70
     1
102
RTVSPost2010Prop34
280
     0
102
RTVSPost2010PropOp34
 70
     1
102
RTVSPost2010Prop35
280
     0
102
RTVSPost2010PropOp35
 70
     1
102
RTVSPost2010Prop36
280
     0
102
RTVSPost2010PropOp36
 70
     1
102
RTVSPost2010Prop37
 90
       50
102
RTVSPost2010PropOp37
 70
     1
102
RTVSPost2010Prop38
140
0.0
102
RTVSPost2010PropOp38
 70
     1
102
RTVSPost2010Prop39
140
1.0
102
RTVSPost2010PropOp39
 70
     1
102
RTVSPost2010Prop40
 90
        0
102
RTVSPost2010PropOp40
 70
     1
102
RTVSPost2010Prop41ColorIndex
 90
       18
102
RTVSPost2010Prop41ColorRGB
 90
        0
102
RTVSPost2010PropOp41
 70
     1
102
RTVSPost2010Prop42
 90
       50
102
RTVSPost2010PropOp42
 70
     1
102
RTVSPost2010Prop43
 90
        3
102
RTVSPost2010PropOp43
 70
     1
102
RTVSPost2010Prop44ColorIndex
 90
        5
102
RTVSPost2010Prop44ColorRGB
 90
      255
102
RTVSPost2010PropOp44
 70
     1
102
RTVSPost2010Prop45
280
     0
102
RTVSPost2010PropOp45
 70
     1
102
RTVSPost2010Prop46
 90
       50
102
RTVSPost2010PropOp46
 70
     1
102
RTVSPost2010Prop47
 90
       50
102
RTVSPost2010PropOp47
 70
     1
102
RTVSPost2010Prop48
 90
       50
102
RTVSPost2010PropOp48
 70
     1
102
RTVSPost2010Prop49
280
     0
102
RTVSPost2010PropOp49
 70
     1
102
RTVSPost2010Prop50
 90
       50
102
RTVSPost2010PropOp50
 70
     1
102
RTVSPost2010Prop51ColorIndex
 90
      256
102
RTVSPost2010Prop51ColorRGB
 90
-16777216
102
RTVSPost2010PropOp51
 70
     0
102
RTVSPost2010Prop52
140
1.0
102
RTVSPost2010PropOp52
 70
     0
102
RTVSPost2010Prop53
 90
        2
102
RTVSPost2010PropOp53
 70
     1
102
RTVSPost2010Prop54
  1
strokes_ogs.tif
102
RTVSPost2010PropOp54
 70
     1
102
RTVSPost2010Prop55
280
     0
102
RTVSPost2010PropOp55
 70
     1
102
RTVSPost2010Prop56
140
1.0
102
RTVSPost2010PropOp56
 70
     1
102
RTVSPost2010Prop57
140
1.0
102
RTVSPost2010PropOp57
 70
     1
  0
XRECORD
  5
1F9
102
{ACAD_REACTORS
330
1F8
102
}
330
1F8
100
AcDbXrecord
280
     1
102
RTVSPropertyOp0
 70
     1
102
RTVSPropertyOp1
 70
     1
102
RTVSPropertyOp2
 70
     1
102
RTVSPropertyOp3
 70
     1
102
RTVSPropertyOp4
 70
     1
102
RTVSPropertyOp5
 70
     1
102
RTVSPropertyOp6
 70
     1
102
RTVSPropertyOp7
 70
     1
102
RTVSPropertyOp8
 70
     1
102
RTVSPropertyOp9
 70
     1
102
RTVSPropertyOp10
 70
     1
102
RTVSPropertyOp11
 70
     1
102
RTVSPropertyOp12
 70
     1
102
RTVSPropertyOp13
 70
     1
102
RTVSPropertyOp14
 70
     1
102
RTVSPropertyOp15
 70
     1
102
RTVSPropertyOp16
 70
     1
102
RTVSPropertyOp17
 70
     1
102
RTVSPropertyOp18
 70
     1
102
RTVSPropertyOp19
 70
     1
102
RTVSPropertyOp20
 70
     1
102
RTVSPropertyOp21
 70
     1
102
RTVSPropertyOp22
 70
     1
102
RTVSPropertyOp23
 70
     1
102
RTVSPropertyOp24
 70
     1
102
RTVSPropertyOp25
 70
     1
102
RTVSPropertyOp26
 70
     1
102
RTVSPropertyOp27
 70
     1
102
RTVSPropertyOp28
 70
     1
102
RTVSPropertyOp29
 70
     1
102
RTVSPropertyOp30
 70
     1
102
RTVSPropertyOp31
 70
     1
102
RTVSPropertyOp32
 70
     1
102
RTVSPropertyOp33
 70
     1
102
RTVSPropertyOp34
 70
     1
102
RTVSPropertyOp35
 70
     1
102
RTVSPropertyOp36
 70
     1
102
RTVSPropertyOp37
 70
     1
102
RTVSPropertyOp38
 70
     1
102
RTVSPropertyOp39
 70
     1
102
RTVSPropertyOp40
 70
     1
102
RTVSPropertyOp41
 70
     1
102
RTVSPropertyOp42
 70
     1
102
RTVSPropertyOp43
 70
     1
102
RTVSPropertyOp44
 70
     1
102
RTVSPropertyOp45
 70
     1
102
RTVSPropertyOp46
 70
     1
102
RTVSPropertyOp47
 70
     1
102
RTVSPropertyOp48
 70
     1
102
RTVSPropertyOp49
 70
     1
102
RTVSPropertyOp50
 70
     1
102
RTVSPropertyOp51
 70
     0
102
RTVSPropertyOp52
 70
     0
102
RTVSPropertyOp53
 70
     1
102
RTVSPropertyOp54
 70
     1
102
RTVSPropertyOp55
 70
     1
102
RTVSPropertyOp56
 70
     1
102
RTVSPropertyOp57
 70
     1
102
RTVSPost2010Prop28
280
     0
102
RTVSPost2010PropOp28
 70
     1
102
RTVSPost2010Prop29
280
     1
102
RTVSPost2010PropOp29
 70
     1
102
RTVSPost2010Prop30
280
     1
102
RTVSPost2010PropOp30
 70
     1
102
RTVSPost2010Prop31
280
     0
102
RTVSPost2010PropOp31
 70
     1
102
RTVSPost2010Prop32
280
     0
102
RTVSPost2010PropOp32
 70
     1
102
RTVSPost2010Prop33
280
     0
102
RTVSPost2010PropOp33
 70
     1
102
RTVSPost2010Prop34
280
     0
102
RTVSPost2010PropOp34
 70
     1
102
RTVSPost2010Prop35
280
     0
102
RTVSPost2010PropOp35
 70
     1
102
RTVSPost2010Prop36
280
     0
102
RTVSPost2010PropOp36
 70
     1
102
RTVSPost2010Prop37
 90
       50
102
RTVSPost2010PropOp37
 70
     1
102
RTVSPost2010Prop38
140
0.0
102
RTVSPost2010PropOp38
 70
     1
102
RTVSPost2010Prop39
140
1.0
102
RTVSPost2010PropOp39
 70
     1
102
RTVSPost2010Prop40
 90
        0
102
RTVSPost2010PropOp40
 70
     1
102
RTVSPost2010Prop41ColorIndex
 90
       18
102
RTVSPost2010Prop41ColorRGB
 90
        0
102
RTVSPost2010PropOp41
 70
     1
102
RTVSPost2010Prop42
 90
       50
102
RTVSPost2010PropOp42
 70
     1
102
RTVSPost2010Prop43
 90
        3
102
RTVSPost2010PropOp43
 70
     1
102
RTVSPost2010Prop44ColorIndex
 90
        5
102
RTVSPost2010Prop44ColorRGB
 90
      255
102
RTVSPost2010PropOp44
 70
     1
102
RTVSPost2010Prop45
280
     0
102
RTVSPost2010PropOp45
 70
     1
102
RTVSPost2010Prop46
 90
       50
102
RTVSPost2010PropOp46
 70
     1
102
RTVSPost2010Prop47
 90
       50
102
RTVSPost2010PropOp47
 70
     1
102
RTVSPost2010Prop48
 90
       50
102
RTVSPost2010PropOp48
 70
     1
102
RTVSPost2010Prop49
280
     0
102
RTVSPost2010PropOp49
 70
     1
102
RTVSPost2010Prop50
 90
       50
102
RTVSPost2010PropOp50
 70
     1
102
RTVSPost2010Prop51ColorIndex
 90
      256
102
RTVSPost2010Prop51ColorRGB
 90
-16777216
102
RTVSPost2010PropOp51
 70
     0
102
RTVSPost2010Prop52
140
1.0
102
RTVSPost2010PropOp52
 70
     0
102
RTVSPost2010Prop53
 90
        2
102
RTVSPost2010PropOp53
 70
     1
102
RTVSPost2010Prop54
  1
strokes_ogs.tif
102
RTVSPost2010PropOp54
 70
     1
102
RTVSPost2010Prop55
280
     0
102
RTVSPost2010PropOp55
 70
     1
102
RTVSPost2010Prop56
140
1.0
102
RTVSPost2010PropOp56
 70
     1
102
RTVSPost2010Prop57
140
1.0
102
RTVSPost2010PropOp57
 70
     1
  0
XRECORD
  5
1ED
102
{ACAD_REACTORS
330
1EC
102
}
330
1EC
100
AcDbXrecord
280
     1
102
RTVSPropertyOp0
 70
     1
102
RTVSPropertyOp1
 70
     1
102
RTVSPropertyOp2
 70
     1
102
RTVSPropertyOp3
 70
     1
102
RTVSPropertyOp4
 70
     1
102
RTVSPropertyOp5
 70
     1
102
RTVSPropertyOp6
 70
     1
102
RTVSPropertyOp7
 70
     1
102
RTVSPropertyOp8
 70
     1
102
RTVSPropertyOp9
 70
     1
102
RTVSPropertyOp10
 70
     1
102
RTVSPropertyOp11
 70
     1
102
RTVSPropertyOp12
 70
     1
102
RTVSPropertyOp13
 70
     1
102
RTVSPropertyOp14
 70
     1
102
RTVSPropertyOp15
 70
     1
102
RTVSPropertyOp16
 70
     1
102
RTVSPropertyOp17
 70
     1
102
RTVSPropertyOp18
 70
     1
102
RTVSPropertyOp19
 70
     1
102
RTVSPropertyOp20
 70
     1
102
RTVSPropertyOp21
 70
     1
102
RTVSPropertyOp22
 70
     1
102
RTVSPropertyOp23
 70
     1
102
RTVSPropertyOp24
 70
     1
102
RTVSPropertyOp25
 70
     1
102
RTVSPropertyOp26
 70
     1
102
RTVSPropertyOp27
 70
     1
102
RTVSPropertyOp28
 70
     1
102
RTVSPropertyOp29
 70
     1
102
RTVSPropertyOp30
 70
     1
102
RTVSPropertyOp31
 70
     1
102
RTVSPropertyOp32
 70
     1
102
RTVSPropertyOp33
 70
     1
102
RTVSPropertyOp34
 70
     1
102
RTVSPropertyOp35
 70
     1
102
RTVSPropertyOp36
 70
     1
102
RTVSPropertyOp37
 70
     1
102
RTVSPropertyOp38
 70
     1
102
RTVSPropertyOp39
 70
     1
102
RTVSPropertyOp40
 70
     1
102
RTVSPropertyOp41
 70
     1
102
RTVSPropertyOp42
 70
     1
102
RTVSPropertyOp43
 70
     1
102
RTVSPropertyOp44
 70
     1
102
RTVSPropertyOp45
 70
     1
102
RTVSPropertyOp46
 70
     1
102
RTVSPropertyOp47
 70
     1
102
RTVSPropertyOp48
 70
     1
102
RTVSPropertyOp49
 70
     1
102
RTVSPropertyOp50
 70
     1
102
RTVSPropertyOp51
 70
     0
102
RTVSPropertyOp52
 70
     0
102
RTVSPropertyOp53
 70
     1
102
RTVSPropertyOp54
 70
     1
102
RTVSPropertyOp55
 70
     1
102
RTVSPropertyOp56
 70
     1
102
RTVSPropertyOp57
 70
     1
102
RTVSPost2010Prop28
280
     0
102
RTVSPost2010PropOp28
 70
     1
102
RTVSPost2010Prop29
280
     1
102
RTVSPost2010PropOp29
 70
     1
102
RTVSPost2010Prop30
280
     1
102
RTVSPost2010PropOp30
 70
     1
102
RTVSPost2010Prop31
280
     0
102
RTVSPost2010PropOp31
 70
     1
102
RTVSPost2010Prop32
280
     0
102
RTVSPost2010PropOp32
 70
     1
102
RTVSPost2010Prop33
280
     0
102
RTVSPost2010PropOp33
 70
     1
102
RTVSPost2010Prop34
280
     0
102
RTVSPost2010PropOp34
 70
     1
102
RTVSPost2010Prop35
280
     0
102
RTVSPost2010PropOp35
 70
     1
102
RTVSPost2010Prop36
280
     0
102
RTVSPost2010PropOp36
 70
     1
102
RTVSPost2010Prop37
 90
       50
102
RTVSPost2010PropOp37
 70
     1
102
RTVSPost2010Prop38
140
0.0
102
RTVSPost2010PropOp38
 70
     1
102
RTVSPost2010Prop39
140
1.0
102
RTVSPost2010PropOp39
 70
     1
102
RTVSPost2010Prop40
 90
        0
102
RTVSPost2010PropOp40
 70
     1
102
RTVSPost2010Prop41ColorIndex
 90
       18
102
RTVSPost2010Prop41ColorRGB
 90
        0
102
RTVSPost2010PropOp41
 70
     1
102
RTVSPost2010Prop42
 90
       50
102
RTVSPost2010PropOp42
 70
     1
102
RTVSPost2010Prop43
 90
        3
102
RTVSPost2010PropOp43
 70
     1
102
RTVSPost2010Prop44ColorIndex
 90
        5
102
RTVSPost2010Prop44ColorRGB
 90
      255
102
RTVSPost2010PropOp44
 70
     1
102
RTVSPost2010Prop45
280
     0
102
RTVSPost2010PropOp45
 70
     1
102
RTVSPost2010Prop46
 90
       50
102
RTVSPost2010PropOp46
 70
     1
102
RTVSPost2010Prop47
 90
       50
102
RTVSPost2010PropOp47
 70
     1
102
RTVSPost2010Prop48
 90
       50
102
RTVSPost2010PropOp48
 70
     1
102
RTVSPost2010Prop49
280
     0
102
RTVSPost2010PropOp49
 70
     1
102
RTVSPost2010Prop50
 90
       50
102
RTVSPost2010PropOp50
 70
     1
102
RTVSPost2010Prop51ColorIndex
 90
      256
102
RTVSPost2010Prop51ColorRGB
 90
-16777216
102
RTVSPost2010PropOp51
 70
     0
102
RTVSPost2010Prop52
140
1.0
102
RTVSPost2010PropOp52
 70
     0
102
RTVSPost2010Prop53
 90
        2
102
RTVSPost2010PropOp53
 70
     1
102
RTVSPost2010Prop54
  1
strokes_ogs.tif
102
RTVSPost2010PropOp54
 70
     1
102
RTVSPost2010Prop55
280
     0
102
RTVSPost2010PropOp55
 70
     1
102
RTVSPost2010Prop56
140
1.0
102
RTVSPost2010PropOp56
 70
     1
102
RTVSPost2010Prop57
140
1.0
102
RTVSPost2010PropOp57
 70
     1
  0
XRECORD
  5
1EF
102
{ACAD_REACTORS
330
1EE
102
}
330
1EE
100
AcDbXrecord
280
     1
102
RTVSPropertyOp0
 70
     1
102
RTVSPropertyOp1
 70
     1
102
RTVSPropertyOp2
 70
     1
102
RTVSPropertyOp3
 70
     1
102
RTVSPropertyOp4
 70
     1
102
RTVSPropertyOp5
 70
     1
102
RTVSPropertyOp6
 70
     1
102
RTVSPropertyOp7
 70
     1
102
RTVSPropertyOp8
 70
     1
102
RTVSPropertyOp9
 70
     1
102
RTVSPropertyOp10
 70
     1
102
RTVSPropertyOp11
 70
     1
102
RTVSPropertyOp12
 70
     1
102
RTVSPropertyOp13
 70
     1
102
RTVSPropertyOp14
 70
     1
102
RTVSPropertyOp15
 70
     1
102
RTVSPropertyOp16
 70
     1
102
RTVSPropertyOp17
 70
     1
102
RTVSPropertyOp18
 70
     1
102
RTVSPropertyOp19
 70
     1
102
RTVSPropertyOp20
 70
     1
102
RTVSPropertyOp21
 70
     1
102
RTVSPropertyOp22
 70
     1
102
RTVSPropertyOp23
 70
     1
102
RTVSPropertyOp24
 70
     1
102
RTVSPropertyOp25
 70
     1
102
RTVSPropertyOp26
 70
     1
102
RTVSPropertyOp27
 70
     1
102
RTVSPropertyOp28
 70
     1
102
RTVSPropertyOp29
 70
     1
102
RTVSPropertyOp30
 70
     1
102
RTVSPropertyOp31
 70
     1
102
RTVSPropertyOp32
 70
     1
102
RTVSPropertyOp33
 70
     1
102
RTVSPropertyOp34
 70
     1
102
RTVSPropertyOp35
 70
     1
102
RTVSPropertyOp36
 70
     1
102
RTVSPropertyOp37
 70
     1
102
RTVSPropertyOp38
 70
     1
102
RTVSPropertyOp39
 70
     1
102
RTVSPropertyOp40
 70
     1
102
RTVSPropertyOp41
 70
     1
102
RTVSPropertyOp42
 70
     1
102
RTVSPropertyOp43
 70
     1
102
RTVSPropertyOp44
 70
     1
102
RTVSPropertyOp45
 70
     1
102
RTVSPropertyOp46
 70
     1
102
RTVSPropertyOp47
 70
     1
102
RTVSPropertyOp48
 70
     1
102
RTVSPropertyOp49
 70
     1
102
RTVSPropertyOp50
 70
     1
102
RTVSPropertyOp51
 70
     0
102
RTVSPropertyOp52
 70
     0
102
RTVSPropertyOp53
 70
     1
102
RTVSPropertyOp54
 70
     1
102
RTVSPropertyOp55
 70
     1
102
RTVSPropertyOp56
 70
     1
102
RTVSPropertyOp57
 70
     1
102
RTVSPost2010Prop28
280
     0
102
RTVSPost2010PropOp28
 70
     1
102
RTVSPost2010Prop29
280
     1
102
RTVSPost2010PropOp29
 70
     1
102
RTVSPost2010Prop30
280
     1
102
RTVSPost2010PropOp30
 70
     1
102
RTVSPost2010Prop31
280
     0
102
RTVSPost2010PropOp31
 70
     1
102
RTVSPost2010Prop32
280
     0
102
RTVSPost2010PropOp32
 70
     1
102
RTVSPost2010Prop33
280
     0
102
RTVSPost2010PropOp33
 70
     1
102
RTVSPost2010Prop34
280
     0
102
RTVSPost2010PropOp34
 70
     1
102
RTVSPost2010Prop35
280
     0
102
RTVSPost2010PropOp35
 70
     1
102
RTVSPost2010Prop36
280
     0
102
RTVSPost2010PropOp36
 70
     1
102
RTVSPost2010Prop37
 90
       50
102
RTVSPost2010PropOp37
 70
     1
102
RTVSPost2010Prop38
140
0.0
102
RTVSPost2010PropOp38
 70
     1
102
RTVSPost2010Prop39
140
1.0
102
RTVSPost2010PropOp39
 70
     1
102
RTVSPost2010Prop40
 90
        0
102
RTVSPost2010PropOp40
 70
     1
102
RTVSPost2010Prop41ColorIndex
 90
       18
102
RTVSPost2010Prop41ColorRGB
 90
        0
102
RTVSPost2010PropOp41
 70
     1
102
RTVSPost2010Prop42
 90
       50
102
RTVSPost2010PropOp42
 70
     1
102
RTVSPost2010Prop43
 90
        3
102
RTVSPost2010PropOp43
 70
     1
102
RTVSPost2010Prop44ColorIndex
 90
        5
102
RTVSPost2010Prop44ColorRGB
 90
      255
102
RTVSPost2010PropOp44
 70
     1
102
RTVSPost2010Prop45
280
     0
102
RTVSPost2010PropOp45
 70
     1
102
RTVSPost2010Prop46
 90
       50
102
RTVSPost2010PropOp46
 70
     1
102
RTVSPost2010Prop47
 90
       50
102
RTVSPost2010PropOp47
 70
     1
102
RTVSPost2010Prop48
 90
       50
102
RTVSPost2010PropOp48
 70
     1
102
RTVSPost2010Prop49
280
     0
102
RTVSPost2010PropOp49
 70
     1
102
RTVSPost2010Prop50
 90
       50
102
RTVSPost2010PropOp50
 70
     1
102
RTVSPost2010Prop51ColorIndex
 90
      256
102
RTVSPost2010Prop51ColorRGB
 90
-16777216
102
RTVSPost2010PropOp51
 70
     0
102
RTVSPost2010Prop52
140
1.0
102
RTVSPost2010PropOp52
 70
     0
102
RTVSPost2010Prop53
 90
        2
102
RTVSPost2010PropOp53
 70
     1
102
RTVSPost2010Prop54
  1
strokes_ogs.tif
102
RTVSPost2010PropOp54
 70
     1
102
RTVSPost2010Prop55
280
     0
102
RTVSPost2010PropOp55
 70
     1
102
RTVSPost2010Prop56
140
1.0
102
RTVSPost2010PropOp56
 70
     1
102
RTVSPost2010Prop57
140
1.0
102
RTVSPost2010PropOp57
 70
     1
  0
XRECORD
  5
1FF
102
{ACAD_REACTORS
330
1FE
102
}
330
1FE
100
AcDbXrecord
280
     1
102
RTVSPropertyOp0
 70
     0
102
RTVSPropertyOp1
 70
     0
102
RTVSPropertyOp2
 70
     0
102
RTVSPropertyOp3
 70
     0
102
RTVSPropertyOp4
 70
     0
102
RTVSPropertyOp5
 70
     0
102
RTVSPropertyOp6
 70
     0
102
RTVSPropertyOp7
 70
     0
102
RTVSPropertyOp8
 70
     0
102
RTVSPropertyOp9
 70
     0
102
RTVSPropertyOp10
 70
     0
102
RTVSPropertyOp11
 70
     0
102
RTVSPropertyOp12
 70
     0
102
RTVSPropertyOp13
 70
     0
102
RTVSPropertyOp14
 70
     2
102
RTVSPropertyOp15
 70
     0
102
RTVSPropertyOp16
 70
     0
102
RTVSPropertyOp17
 70
     0
102
RTVSPropertyOp18
 70
     0
102
RTVSPropertyOp19
 70
     0
102
RTVSPropertyOp20
 70
     0
102
RTVSPropertyOp21
 70
     0
102
RTVSPropertyOp22
 70
     0
102
RTVSPropertyOp23
 70
     0
102
RTVSPropertyOp24
 70
     0
102
RTVSPropertyOp25
 70
     0
102
RTVSPropertyOp26
 70
     0
102
RTVSPropertyOp27
 70
     0
102
RTVSPropertyOp28
 70
     0
102
RTVSPropertyOp29
 70
     0
102
RTVSPropertyOp30
 70
     0
102
RTVSPropertyOp31
 70
     0
102
RTVSPropertyOp32
 70
     0
102
RTVSPropertyOp33
 70
     0
102
RTVSPropertyOp34
 70
     0
102
RTVSPropertyOp35
 70
     0
102
RTVSPropertyOp36
 70
     0
102
RTVSPropertyOp37
 70
     0
102
RTVSPropertyOp38
 70
     0
102
RTVSPropertyOp39
 70
     0
102
RTVSPropertyOp40
 70
     0
102
RTVSPropertyOp41
 70
     0
102
RTVSPropertyOp42
 70
     0
102
RTVSPropertyOp43
 70
     0
102
RTVSPropertyOp44
 70
     0
102
RTVSPropertyOp45
 70
     0
102
RTVSPropertyOp46
 70
     0
102
RTVSPropertyOp47
 70
     0
102
RTVSPropertyOp48
 70
     0
102
RTVSPropertyOp49
 70
     0
102
RTVSPropertyOp50
 70
     0
102
RTVSPropertyOp51
 70
     0
102
RTVSPropertyOp52
 70
     0
102
RTVSPropertyOp53
 70
     0
102
RTVSPropertyOp54
 70
     0
102
RTVSPropertyOp55
 70
     0
102
RTVSPropertyOp56
 70
     0
102
RTVSPropertyOp57
 70
     0
102
RTVSPost2010Prop28
280
     0
102
RTVSPost2010PropOp28
 70
     0
102
RTVSPost2010Prop29
280
     1
102
RTVSPost2010PropOp29
 70
     0
102
RTVSPost2010Prop30
280
     1
102
RTVSPost2010PropOp30
 70
     0
102
RTVSPost2010Prop31
280
     0
102
RTVSPost2010PropOp31
 70
     0
102
RTVSPost2010Prop32
280
     0
102
RTVSPost2010PropOp32
 70
     0
102
RTVSPost2010Prop33
280
     0
102
RTVSPost2010PropOp33
 70
     0
102
RTVSPost2010Prop34
280
     0
102
RTVSPost2010PropOp34
 70
     0
102
RTVSPost2010Prop35
280
     0
102
RTVSPost2010PropOp35
 70
     0
102
RTVSPost2010Prop36
280
     0
102
RTVSPost2010PropOp36
 70
     0
102
RTVSPost2010Prop37
 90
       50
102
RTVSPost2010PropOp37
 70
     0
102
RTVSPost2010Prop38
140
0.0
102
RTVSPost2010PropOp38
 70
     0
102
RTVSPost2010Prop39
140
1.0
102
RTVSPost2010PropOp39
 70
     0
102
RTVSPost2010Prop40
 90
        0
102
RTVSPost2010PropOp40
 70
     0
102
RTVSPost2010Prop41ColorIndex
 90
       18
102
RTVSPost2010Prop41ColorRGB
 90
        0
102
RTVSPost2010PropOp41
 70
     0
102
RTVSPost2010Prop42
 90
       50
102
RTVSPost2010PropOp42
 70
     0
102
RTVSPost2010Prop43
 90
        3
102
RTVSPost2010PropOp43
 70
     0
102
RTVSPost2010Prop44ColorIndex
 90
        5
102
RTVSPost2010Prop44ColorRGB
 90
      255
102
RTVSPost2010PropOp44
 70
     0
102
RTVSPost2010Prop45
280
     0
102
RTVSPost2010PropOp45
 70
     0
102
RTVSPost2010Prop46
 90
       50
102
RTVSPost2010PropOp46
 70
     0
102
RTVSPost2010Prop47
 90
       50
102
RTVSPost2010PropOp47
 70
     0
102
RTVSPost2010Prop48
 90
       50
102
RTVSPost2010PropOp48
 70
     0
102
RTVSPost2010Prop49
280
     0
102
RTVSPost2010PropOp49
 70
     0
102
RTVSPost2010Prop50
 90
       50
102
RTVSPost2010PropOp50
 70
     0
102
RTVSPost2010Prop51ColorIndex
 90
      256
102
RTVSPost2010Prop51ColorRGB
 90
-16777216
102
RTVSPost2010PropOp51
 70
     0
102
RTVSPost2010Prop52
140
1.0
102
RTVSPost2010PropOp52
 70
     0
102
RTVSPost2010Prop53
 90
        2
102
RTVSPost2010PropOp53
 70
     0
102
RTVSPost2010Prop54
  1
strokes_ogs.tif
102
RTVSPost2010PropOp54
 70
     0
102
RTVSPost2010Prop55
280
     0
102
RTVSPost2010PropOp55
 70
     0
102
RTVSPost2010Prop56
140
1.0
102
RTVSPost2010PropOp56
 70
     0
102
RTVSPost2010Prop57
140
1.0
102
RTVSPost2010PropOp57
 70
     0
  0
XRECORD
  5
1F7
102
{ACAD_REACTORS
330
1F6
102
}
330
1F6
100
AcDbXrecord
280
     1
102
RTVSPropertyOp0
 70
     1
102
RTVSPropertyOp1
 70
     1
102
RTVSPropertyOp2
 70
     1
102
RTVSPropertyOp3
 70
     1
102
RTVSPropertyOp4
 70
     1
102
RTVSPropertyOp5
 70
     1
102
RTVSPropertyOp6
 70
     1
102
RTVSPropertyOp7
 70
     1
102
RTVSPropertyOp8
 70
     1
102
RTVSPropertyOp9
 70
     1
102
RTVSPropertyOp10
 70
     1
102
RTVSPropertyOp11
 70
     1
102
RTVSPropertyOp12
 70
     1
102
RTVSPropertyOp13
 70
     1
102
RTVSPropertyOp14
 70
     1
102
RTVSPropertyOp15
 70
     1
102
RTVSPropertyOp16
 70
     1
102
RTVSPropertyOp17
 70
     1
102
RTVSPropertyOp18
 70
     1
102
RTVSPropertyOp19
 70
     1
102
RTVSPropertyOp20
 70
     1
102
RTVSPropertyOp21
 70
     1
102
RTVSPropertyOp22
 70
     1
102
RTVSPropertyOp23
 70
     1
102
RTVSPropertyOp24
 70
     1
102
RTVSPropertyOp25
 70
     1
102
RTVSPropertyOp26
 70
     1
102
RTVSPropertyOp27
 70
     1
102
RTVSPropertyOp28
 70
     1
102
RTVSPropertyOp29
 70
     1
102
RTVSPropertyOp30
 70
     1
102
RTVSPropertyOp31
 70
     1
102
RTVSPropertyOp32
 70
     1
102
RTVSPropertyOp33
 70
     1
102
RTVSPropertyOp34
 70
     1
102
RTVSPropertyOp35
 70
     1
102
RTVSPropertyOp36
 70
     1
102
RTVSPropertyOp37
 70
     1
102
RTVSPropertyOp38
 70
     1
102
RTVSPropertyOp39
 70
     1
102
RTVSPropertyOp40
 70
     1
102
RTVSPropertyOp41
 70
     1
102
RTVSPropertyOp42
 70
     1
102
RTVSPropertyOp43
 70
     1
102
RTVSPropertyOp44
 70
     1
102
RTVSPropertyOp45
 70
     1
102
RTVSPropertyOp46
 70
     1
102
RTVSPropertyOp47
 70
     1
102
RTVSPropertyOp48
 70
     1
102
RTVSPropertyOp49
 70
     1
102
RTVSPropertyOp50
 70
     1
102
RTVSPropertyOp51
 70
     0
102
RTVSPropertyOp52
 70
     0
102
RTVSPropertyOp53
 70
     1
102
RTVSPropertyOp54
 70
     1
102
RTVSPropertyOp55
 70
     1
102
RTVSPropertyOp56
 70
     1
102
RTVSPropertyOp57
 70
     1
102
RTVSPost2010Prop28
280
     0
102
RTVSPost2010PropOp28
 70
     1
102
RTVSPost2010Prop29
280
     1
102
RTVSPost2010PropOp29
 70
     1
102
RTVSPost2010Prop30
280
     1
102
RTVSPost2010PropOp30
 70
     1
102
RTVSPost2010Prop31
280
     0
102
RTVSPost2010PropOp31
 70
     1
102
RTVSPost2010Prop32
280
     0
102
RTVSPost2010PropOp32
 70
     1
102
RTVSPost2010Prop33
280
     0
102
RTVSPost2010PropOp33
 70
     1
102
RTVSPost2010Prop34
280
     0
102
RTVSPost2010PropOp34
 70
     1
102
RTVSPost2010Prop35
280
     0
102
RTVSPost2010PropOp35
 70
     1
102
RTVSPost2010Prop36
280
     0
102
RTVSPost2010PropOp36
 70
     1
102
RTVSPost2010Prop37
 90
       50
102
RTVSPost2010PropOp37
 70
     1
102
RTVSPost2010Prop38
140
0.0
102
RTVSPost2010PropOp38
 70
     1
102
RTVSPost2010Prop39
140
1.0
102
RTVSPost2010PropOp39
 70
     1
102
RTVSPost2010Prop40
 90
        0
102
RTVSPost2010PropOp40
 70
     1
102
RTVSPost2010Prop41ColorIndex
 90
       18
102
RTVSPost2010Prop41ColorRGB
 90
        0
102
RTVSPost2010PropOp41
 70
     1
102
RTVSPost2010Prop42
 90
       50
102
RTVSPost2010PropOp42
 70
     1
102
RTVSPost2010Prop43
 90
        3
102
RTVSPost2010PropOp43
 70
     1
102
RTVSPost2010Prop44ColorIndex
 90
        5
102
RTVSPost2010Prop44ColorRGB
 90
      255
102
RTVSPost2010PropOp44
 70
     1
102
RTVSPost2010Prop45
280
     0
102
RTVSPost2010PropOp45
 70
     1
102
RTVSPost2010Prop46
 90
       50
102
RTVSPost2010PropOp46
 70
     1
102
RTVSPost2010Prop47
 90
       50
102
RTVSPost2010PropOp47
 70
     1
102
RTVSPost2010Prop48
 90
       50
102
RTVSPost2010PropOp48
 70
     1
102
RTVSPost2010Prop49
280
     0
102
RTVSPost2010PropOp49
 70
     1
102
RTVSPost2010Prop50
 90
       50
102
RTVSPost2010PropOp50
 70
     1
102
RTVSPost2010Prop51ColorIndex
 90
      256
102
RTVSPost2010Prop51ColorRGB
 90
-16777216
102
RTVSPost2010PropOp51
 70
     0
102
RTVSPost2010Prop52
140
1.0
102
RTVSPost2010PropOp52
 70
     0
102
RTVSPost2010Prop53
 90
        2
102
RTVSPost2010PropOp53
 70
     1
102
RTVSPost2010Prop54
  1
strokes_ogs.tif
102
RTVSPost2010PropOp54
 70
     1
102
RTVSPost2010Prop55
280
     0
102
RTVSPost2010PropOp55
 70
     1
102
RTVSPost2010Prop56
140
1.0
102
RTVSPost2010PropOp56
 70
     1
102
RTVSPost2010Prop57
140
1.0
102
RTVSPost2010PropOp57
 70
     1
  0
XRECORD
  5
1DB
102
{ACAD_REACTORS
330
1DA
102
}
330
1DA
100
AcDbXrecord
280
     1
102
RTVSPropertyOp0
 70
     1
102
RTVSPropertyOp1
 70
     1
102
RTVSPropertyOp2
 70
     1
102
RTVSPropertyOp3
 70
     1
102
RTVSPropertyOp4
 70
     1
102
RTVSPropertyOp5
 70
     1
102
RTVSPropertyOp6
 70
     1
102
RTVSPropertyOp7
 70
     1
102
RTVSPropertyOp8
 70
     1
102
RTVSPropertyOp9
 70
     1
102
RTVSPropertyOp10
 70
     1
102
RTVSPropertyOp11
 70
     1
102
RTVSPropertyOp12
 70
     1
102
RTVSPropertyOp13
 70
     1
102
RTVSPropertyOp14
 70
     1
102
RTVSPropertyOp15
 70
     1
102
RTVSPropertyOp16
 70
     1
102
RTVSPropertyOp17
 70
     1
102
RTVSPropertyOp18
 70
     1
102
RTVSPropertyOp19
 70
     1
102
RTVSPropertyOp20
 70
     1
102
RTVSPropertyOp21
 70
     1
102
RTVSPropertyOp22
 70
     1
102
RTVSPropertyOp23
 70
     1
102
RTVSPropertyOp24
 70
     1
102
RTVSPropertyOp25
 70
     1
102
RTVSPropertyOp26
 70
     1
102
RTVSPropertyOp27
 70
     1
102
RTVSPropertyOp28
 70
     1
102
RTVSPropertyOp29
 70
     1
102
RTVSPropertyOp30
 70
     1
102
RTVSPropertyOp31
 70
     1
102
RTVSPropertyOp32
 70
     1
102
RTVSPropertyOp33
 70
     1
102
RTVSPropertyOp34
 70
     1
102
RTVSPropertyOp35
 70
     1
102
RTVSPropertyOp36
 70
     1
102
RTVSPropertyOp37
 70
     1
102
RTVSPropertyOp38
 70
     1
102
RTVSPropertyOp39
 70
     1
102
RTVSPropertyOp40
 70
     1
102
RTVSPropertyOp41
 70
     1
102
RTVSPropertyOp42
 70
     1
102
RTVSPropertyOp43
 70
     1
102
RTVSPropertyOp44
 70
     1
102
RTVSPropertyOp45
 70
     1
102
RTVSPropertyOp46
 70
     1
102
RTVSPropertyOp47
 70
     1
102
RTVSPropertyOp48
 70
     1
102
RTVSPropertyOp49
 70
     1
102
RTVSPropertyOp50
 70
     1
102
RTVSPropertyOp51
 70
     0
102
RTVSPropertyOp52
 70
     0
102
RTVSPropertyOp53
 70
     1
102
RTVSPropertyOp54
 70
     1
102
RTVSPropertyOp55
 70
     1
102
RTVSPropertyOp56
 70
     1
102
RTVSPropertyOp57
 70
     1
102
RTVSPost2010Prop28
280
     0
102
RTVSPost2010PropOp28
 70
     1
102
RTVSPost2010Prop29
280
     1
102
RTVSPost2010PropOp29
 70
     1
102
RTVSPost2010Prop30
280
     1
102
RTVSPost2010PropOp30
 70
     1
102
RTVSPost2010Prop31
280
     0
102
RTVSPost2010PropOp31
 70
     1
102
RTVSPost2010Prop32
280
     0
102
RTVSPost2010PropOp32
 70
     1
102
RTVSPost2010Prop33
280
     0
102
RTVSPost2010PropOp33
 70
     1
102
RTVSPost2010Prop34
280
     0
102
RTVSPost2010PropOp34
 70
     1
102
RTVSPost2010Prop35
280
     0
102
RTVSPost2010PropOp35
 70
     1
102
RTVSPost2010Prop36
280
     0
102
RTVSPost2010PropOp36
 70
     1
102
RTVSPost2010Prop37
 90
       50
102
RTVSPost2010PropOp37
 70
     1
102
RTVSPost2010Prop38
140
0.0
102
RTVSPost2010PropOp38
 70
     1
102
RTVSPost2010Prop39
140
1.0
102
RTVSPost2010PropOp39
 70
     1
102
RTVSPost2010Prop40
 90
        0
102
RTVSPost2010PropOp40
 70
     1
102
RTVSPost2010Prop41ColorIndex
 90
       18
102
RTVSPost2010Prop41ColorRGB
 90
        0
102
RTVSPost2010PropOp41
 70
     1
102
RTVSPost2010Prop42
 90
       50
102
RTVSPost2010PropOp42
 70
     1
102
RTVSPost2010Prop43
 90
        3
102
RTVSPost2010PropOp43
 70
     1
102
RTVSPost2010Prop44ColorIndex
 90
        5
102
RTVSPost2010Prop44ColorRGB
 90
      255
102
RTVSPost2010PropOp44
 70
     1
102
RTVSPost2010Prop45
280
     0
102
RTVSPost2010PropOp45
 70
     1
102
RTVSPost2010Prop46
 90
       50
102
RTVSPost2010PropOp46
 70
     1
102
RTVSPost2010Prop47
 90
       50
102
RTVSPost2010PropOp47
 70
     1
102
RTVSPost2010Prop48
 90
       50
102
RTVSPost2010PropOp48
 70
     1
102
RTVSPost2010Prop49
280
     0
102
RTVSPost2010PropOp49
 70
     1
102
RTVSPost2010Prop50
 90
       50
102
RTVSPost2010PropOp50
 70
     1
102
RTVSPost2010Prop51ColorIndex
 90
      256
102
RTVSPost2010Prop51ColorRGB
 90
-16777216
102
RTVSPost2010PropOp51
 70
     0
102
RTVSPost2010Prop52
140
1.0
102
RTVSPost2010PropOp52
 70
     0
102
RTVSPost2010Prop53
 90
        2
102
RTVSPost2010PropOp53
 70
     1
102
RTVSPost2010Prop54
  1
strokes_ogs.tif
102
RTVSPost2010PropOp54
 70
     1
102
RTVSPost2010Prop55
280
     0
102
RTVSPost2010PropOp55
 70
     1
102
RTVSPost2010Prop56
140
1.0
102
RTVSPost2010PropOp56
 70
     1
102
RTVSPost2010Prop57
140
1.0
102
RTVSPost2010PropOp57
 70
     1
  0
XRECORD
  5
1DD
102
{ACAD_REACTORS
330
1DC
102
}
330
1DC
100
AcDbXrecord
280
     1
102
RTVSPropertyOp0
 70
     1
102
RTVSPropertyOp1
 70
     1
102
RTVSPropertyOp2
 70
     1
102
RTVSPropertyOp3
 70
     1
102
RTVSPropertyOp4
 70
     1
102
RTVSPropertyOp5
 70
     1
102
RTVSPropertyOp6
 70
     1
102
RTVSPropertyOp7
 70
     1
102
RTVSPropertyOp8
 70
     1
102
RTVSPropertyOp9
 70
     1
102
RTVSPropertyOp10
 70
     1
102
RTVSPropertyOp11
 70
     1
102
RTVSPropertyOp12
 70
     1
102
RTVSPropertyOp13
 70
     1
102
RTVSPropertyOp14
 70
     1
102
RTVSPropertyOp15
 70
     1
102
RTVSPropertyOp16
 70
     1
102
RTVSPropertyOp17
 70
     1
102
RTVSPropertyOp18
 70
     1
102
RTVSPropertyOp19
 70
     1
102
RTVSPropertyOp20
 70
     1
102
RTVSPropertyOp21
 70
     1
102
RTVSPropertyOp22
 70
     1
102
RTVSPropertyOp23
 70
     1
102
RTVSPropertyOp24
 70
     1
102
RTVSPropertyOp25
 70
     1
102
RTVSPropertyOp26
 70
     1
102
RTVSPropertyOp27
 70
     1
102
RTVSPropertyOp28
 70
     1
102
RTVSPropertyOp29
 70
     1
102
RTVSPropertyOp30
 70
     1
102
RTVSPropertyOp31
 70
     1
102
RTVSPropertyOp32
 70
     1
102
RTVSPropertyOp33
 70
     1
102
RTVSPropertyOp34
 70
     1
102
RTVSPropertyOp35
 70
     1
102
RTVSPropertyOp36
 70
     1
102
RTVSPropertyOp37
 70
     1
102
RTVSPropertyOp38
 70
     1
102
RTVSPropertyOp39
 70
     1
102
RTVSPropertyOp40
 70
     1
102
RTVSPropertyOp41
 70
     1
102
RTVSPropertyOp42
 70
     1
102
RTVSPropertyOp43
 70
     1
102
RTVSPropertyOp44
 70
     1
102
RTVSPropertyOp45
 70
     1
102
RTVSPropertyOp46
 70
     1
102
RTVSPropertyOp47
 70
     1
102
RTVSPropertyOp48
 70
     1
102
RTVSPropertyOp49
 70
     1
102
RTVSPropertyOp50
 70
     1
102
RTVSPropertyOp51
 70
     0
102
RTVSPropertyOp52
 70
     0
102
RTVSPropertyOp53
 70
     1
102
RTVSPropertyOp54
 70
     1
102
RTVSPropertyOp55
 70
     1
102
RTVSPropertyOp56
 70
     1
102
RTVSPropertyOp57
 70
     1
102
RTVSPost2010Prop28
280
     0
102
RTVSPost2010PropOp28
 70
     1
102
RTVSPost2010Prop29
280
     1
102
RTVSPost2010PropOp29
 70
     1
102
RTVSPost2010Prop30
280
     1
102
RTVSPost2010PropOp30
 70
     1
102
RTVSPost2010Prop31
280
     0
102
RTVSPost2010PropOp31
 70
     1
102
RTVSPost2010Prop32
280
     0
102
RTVSPost2010PropOp32
 70
     1
102
RTVSPost2010Prop33
280
     0
102
RTVSPost2010PropOp33
 70
     1
102
RTVSPost2010Prop34
280
     0
102
RTVSPost2010PropOp34
 70
     1
102
RTVSPost2010Prop35
280
     0
102
RTVSPost2010PropOp35
 70
     1
102
RTVSPost2010Prop36
280
     0
102
RTVSPost2010PropOp36
 70
     1
102
RTVSPost2010Prop37
 90
       50
102
RTVSPost2010PropOp37
 70
     1
102
RTVSPost2010Prop38
140
0.0
102
RTVSPost2010PropOp38
 70
     1
102
RTVSPost2010Prop39
140
1.0
102
RTVSPost2010PropOp39
 70
     1
102
RTVSPost2010Prop40
 90
        0
102
RTVSPost2010PropOp40
 70
     1
102
RTVSPost2010Prop41ColorIndex
 90
       18
102
RTVSPost2010Prop41ColorRGB
 90
        0
102
RTVSPost2010PropOp41
 70
     1
102
RTVSPost2010Prop42
 90
       50
102
RTVSPost2010PropOp42
 70
     1
102
RTVSPost2010Prop43
 90
        3
102
RTVSPost2010PropOp43
 70
     1
102
RTVSPost2010Prop44ColorIndex
 90
        5
102
RTVSPost2010Prop44ColorRGB
 90
      255
102
RTVSPost2010PropOp44
 70
     1
102
RTVSPost2010Prop45
280
     0
102
RTVSPost2010PropOp45
 70
     1
102
RTVSPost2010Prop46
 90
       50
102
RTVSPost2010PropOp46
 70
     1
102
RTVSPost2010Prop47
 90
       50
102
RTVSPost2010PropOp47
 70
     1
102
RTVSPost2010Prop48
 90
       50
102
RTVSPost2010PropOp48
 70
     1
102
RTVSPost2010Prop49
280
     0
102
RTVSPost2010PropOp49
 70
     1
102
RTVSPost2010Prop50
 90
       50
102
RTVSPost2010PropOp50
 70
     1
102
RTVSPost2010Prop51ColorIndex
 90
      256
102
RTVSPost2010Prop51ColorRGB
 90
-16777216
102
RTVSPost2010PropOp51
 70
     0
102
RTVSPost2010Prop52
140
1.0
102
RTVSPost2010PropOp52
 70
     0
102
RTVSPost2010Prop53
 90
        2
102
RTVSPost2010PropOp53
 70
     1
102
RTVSPost2010Prop54
  1
strokes_ogs.tif
102
RTVSPost2010PropOp54
 70
     1
102
RTVSPost2010Prop55
280
     0
102
RTVSPost2010PropOp55
 70
     1
102
RTVSPost2010Prop56
140
1.0
102
RTVSPost2010PropOp56
 70
     1
102
RTVSPost2010Prop57
140
1.0
102
RTVSPost2010PropOp57
 70
     1
  0
XRECORD
  5
1DF
102
{ACAD_REACTORS
330
1DE
102
}
330
1DE
100
AcDbXrecord
280
     1
102
RTVSPropertyOp0
 70
     1
102
RTVSPropertyOp1
 70
     1
102
RTVSPropertyOp2
 70
     1
102
RTVSPropertyOp3
 70
     1
102
RTVSPropertyOp4
 70
     1
102
RTVSPropertyOp5
 70
     1
102
RTVSPropertyOp6
 70
     1
102
RTVSPropertyOp7
 70
     1
102
RTVSPropertyOp8
 70
     1
102
RTVSPropertyOp9
 70
     1
102
RTVSPropertyOp10
 70
     1
102
RTVSPropertyOp11
 70
     1
102
RTVSPropertyOp12
 70
     1
102
RTVSPropertyOp13
 70
     1
102
RTVSPropertyOp14
 70
     1
102
RTVSPropertyOp15
 70
     1
102
RTVSPropertyOp16
 70
     1
102
RTVSPropertyOp17
 70
     1
102
RTVSPropertyOp18
 70
     1
102
RTVSPropertyOp19
 70
     1
102
RTVSPropertyOp20
 70
     1
102
RTVSPropertyOp21
 70
     1
102
RTVSPropertyOp22
 70
     1
102
RTVSPropertyOp23
 70
     1
102
RTVSPropertyOp24
 70
     1
102
RTVSPropertyOp25
 70
     1
102
RTVSPropertyOp26
 70
     1
102
RTVSPropertyOp27
 70
     1
102
RTVSPropertyOp28
 70
     1
102
RTVSPropertyOp29
 70
     1
102
RTVSPropertyOp30
 70
     1
102
RTVSPropertyOp31
 70
     1
102
RTVSPropertyOp32
 70
     1
102
RTVSPropertyOp33
 70
     1
102
RTVSPropertyOp34
 70
     1
102
RTVSPropertyOp35
 70
     1
102
RTVSPropertyOp36
 70
     1
102
RTVSPropertyOp37
 70
     1
102
RTVSPropertyOp38
 70
     1
102
RTVSPropertyOp39
 70
     1
102
RTVSPropertyOp40
 70
     1
102
RTVSPropertyOp41
 70
     1
102
RTVSPropertyOp42
 70
     1
102
RTVSPropertyOp43
 70
     1
102
RTVSPropertyOp44
 70
     1
102
RTVSPropertyOp45
 70
     1
102
RTVSPropertyOp46
 70
     1
102
RTVSPropertyOp47
 70
     1
102
RTVSPropertyOp48
 70
     1
102
RTVSPropertyOp49
 70
     1
102
RTVSPropertyOp50
 70
     1
102
RTVSPropertyOp51
 70
     0
102
RTVSPropertyOp52
 70
     0
102
RTVSPropertyOp53
 70
     1
102
RTVSPropertyOp54
 70
     1
102
RTVSPropertyOp55
 70
     1
102
RTVSPropertyOp56
 70
     1
102
RTVSPropertyOp57
 70
     1
102
RTVSPost2010Prop28
280
     0
102
RTVSPost2010PropOp28
 70
     1
102
RTVSPost2010Prop29
280
     1
102
RTVSPost2010PropOp29
 70
     1
102
RTVSPost2010Prop30
280
     1
102
RTVSPost2010PropOp30
 70
     1
102
RTVSPost2010Prop31
280
     0
102
RTVSPost2010PropOp31
 70
     1
102
RTVSPost2010Prop32
280
     0
102
RTVSPost2010PropOp32
 70
     1
102
RTVSPost2010Prop33
280
     0
102
RTVSPost2010PropOp33
 70
     1
102
RTVSPost2010Prop34
280
     0
102
RTVSPost2010PropOp34
 70
     1
102
RTVSPost2010Prop35
280
     0
102
RTVSPost2010PropOp35
 70
     1
102
RTVSPost2010Prop36
280
     0
102
RTVSPost2010PropOp36
 70
     1
102
RTVSPost2010Prop37
 90
       50
102
RTVSPost2010PropOp37
 70
     1
102
RTVSPost2010Prop38
140
0.0
102
RTVSPost2010PropOp38
 70
     1
102
RTVSPost2010Prop39
140
1.0
102
RTVSPost2010PropOp39
 70
     1
102
RTVSPost2010Prop40
 90
        0
102
RTVSPost2010PropOp40
 70
     1
102
RTVSPost2010Prop41ColorIndex
 90
       18
102
RTVSPost2010Prop41ColorRGB
 90
        0
102
RTVSPost2010PropOp41
 70
     1
102
RTVSPost2010Prop42
 90
       50
102
RTVSPost2010PropOp42
 70
     1
102
RTVSPost2010Prop43
 90
        3
102
RTVSPost2010PropOp43
 70
     1
102
RTVSPost2010Prop44ColorIndex
 90
        5
102
RTVSPost2010Prop44ColorRGB
 90
      255
102
RTVSPost2010PropOp44
 70
     1
102
RTVSPost2010Prop45
280
     0
102
RTVSPost2010PropOp45
 70
     1
102
RTVSPost2010Prop46
 90
       50
102
RTVSPost2010PropOp46
 70
     1
102
RTVSPost2010Prop47
 90
       50
102
RTVSPost2010PropOp47
 70
     1
102
RTVSPost2010Prop48
 90
       50
102
RTVSPost2010PropOp48
 70
     1
102
RTVSPost2010Prop49
280
     0
102
RTVSPost2010PropOp49
 70
     1
102
RTVSPost2010Prop50
 90
       50
102
RTVSPost2010PropOp50
 70
     1
102
RTVSPost2010Prop51ColorIndex
 90
      256
102
RTVSPost2010Prop51ColorRGB
 90
-16777216
102
RTVSPost2010PropOp51
 70
     0
102
RTVSPost2010Prop52
140
1.0
102
RTVSPost2010PropOp52
 70
     0
102
RTVSPost2010Prop53
 90
        2
102
RTVSPost2010PropOp53
 70
     1
102
RTVSPost2010Prop54
  1
strokes_ogs.tif
102
RTVSPost2010PropOp54
 70
     1
102
RTVSPost2010Prop55
280
     0
102
RTVSPost2010PropOp55
 70
     1
102
RTVSPost2010Prop56
140
1.0
102
RTVSPost2010PropOp56
 70
     1
102
RTVSPost2010Prop57
140
1.0
102
RTVSPost2010PropOp57
 70
     1
  0
XRECORD
  5
1E1
102
{ACAD_REACTORS
330
1E0
102
}
330
1E0
100
AcDbXrecord
280
     1
102
RTVSPropertyOp0
 70
     1
102
RTVSPropertyOp1
 70
     1
102
RTVSPropertyOp2
 70
     1
102
RTVSPropertyOp3
 70
     1
102
RTVSPropertyOp4
 70
     1
102
RTVSPropertyOp5
 70
     1
102
RTVSPropertyOp6
 70
     1
102
RTVSPropertyOp7
 70
     1
102
RTVSPropertyOp8
 70
     1
102
RTVSPropertyOp9
 70
     1
102
RTVSPropertyOp10
 70
     1
102
RTVSPropertyOp11
 70
     1
102
RTVSPropertyOp12
 70
     1
102
RTVSPropertyOp13
 70
     1
102
RTVSPropertyOp14
 70
     1
102
RTVSPropertyOp15
 70
     1
102
RTVSPropertyOp16
 70
     1
102
RTVSPropertyOp17
 70
     1
102
RTVSPropertyOp18
 70
     1
102
RTVSPropertyOp19
 70
     1
102
RTVSPropertyOp20
 70
     1
102
RTVSPropertyOp21
 70
     1
102
RTVSPropertyOp22
 70
     1
102
RTVSPropertyOp23
 70
     1
102
RTVSPropertyOp24
 70
     1
102
RTVSPropertyOp25
 70
     1
102
RTVSPropertyOp26
 70
     1
102
RTVSPropertyOp27
 70
     1
102
RTVSPropertyOp28
 70
     1
102
RTVSPropertyOp29
 70
     1
102
RTVSPropertyOp30
 70
     1
102
RTVSPropertyOp31
 70
     1
102
RTVSPropertyOp32
 70
     1
102
RTVSPropertyOp33
 70
     1
102
RTVSPropertyOp34
 70
     1
102
RTVSPropertyOp35
 70
     1
102
RTVSPropertyOp36
 70
     1
102
RTVSPropertyOp37
 70
     1
102
RTVSPropertyOp38
 70
     1
102
RTVSPropertyOp39
 70
     1
102
RTVSPropertyOp40
 70
     1
102
RTVSPropertyOp41
 70
     1
102
RTVSPropertyOp42
 70
     1
102
RTVSPropertyOp43
 70
     1
102
RTVSPropertyOp44
 70
     1
102
RTVSPropertyOp45
 70
     1
102
RTVSPropertyOp46
 70
     1
102
RTVSPropertyOp47
 70
     1
102
RTVSPropertyOp48
 70
     1
102
RTVSPropertyOp49
 70
     1
102
RTVSPropertyOp50
 70
     1
102
RTVSPropertyOp51
 70
     0
102
RTVSPropertyOp52
 70
     0
102
RTVSPropertyOp53
 70
     1
102
RTVSPropertyOp54
 70
     1
102
RTVSPropertyOp55
 70
     1
102
RTVSPropertyOp56
 70
     1
102
RTVSPropertyOp57
 70
     1
102
RTVSPost2010Prop28
280
     0
102
RTVSPost2010PropOp28
 70
     1
102
RTVSPost2010Prop29
280
     1
102
RTVSPost2010PropOp29
 70
     1
102
RTVSPost2010Prop30
280
     1
102
RTVSPost2010PropOp30
 70
     1
102
RTVSPost2010Prop31
280
     0
102
RTVSPost2010PropOp31
 70
     1
102
RTVSPost2010Prop32
280
     0
102
RTVSPost2010PropOp32
 70
     1
102
RTVSPost2010Prop33
280
     0
102
RTVSPost2010PropOp33
 70
     1
102
RTVSPost2010Prop34
280
     0
102
RTVSPost2010PropOp34
 70
     1
102
RTVSPost2010Prop35
280
     0
102
RTVSPost2010PropOp35
 70
     1
102
RTVSPost2010Prop36
280
     0
102
RTVSPost2010PropOp36
 70
     1
102
RTVSPost2010Prop37
 90
       50
102
RTVSPost2010PropOp37
 70
     1
102
RTVSPost2010Prop38
140
0.0
102
RTVSPost2010PropOp38
 70
     1
102
RTVSPost2010Prop39
140
1.0
102
RTVSPost2010PropOp39
 70
     1
102
RTVSPost2010Prop40
 90
        0
102
RTVSPost2010PropOp40
 70
     1
102
RTVSPost2010Prop41ColorIndex
 90
       18
102
RTVSPost2010Prop41ColorRGB
 90
        0
102
RTVSPost2010PropOp41
 70
     1
102
RTVSPost2010Prop42
 90
       50
102
RTVSPost2010PropOp42
 70
     1
102
RTVSPost2010Prop43
 90
        3
102
RTVSPost2010PropOp43
 70
     1
102
RTVSPost2010Prop44ColorIndex
 90
        5
102
RTVSPost2010Prop44ColorRGB
 90
      255
102
RTVSPost2010PropOp44
 70
     1
102
RTVSPost2010Prop45
280
     0
102
RTVSPost2010PropOp45
 70
     1
102
RTVSPost2010Prop46
 90
       50
102
RTVSPost2010PropOp46
 70
     1
102
RTVSPost2010Prop47
 90
       50
102
RTVSPost2010PropOp47
 70
     1
102
RTVSPost2010Prop48
 90
       50
102
RTVSPost2010PropOp48
 70
     1
102
RTVSPost2010Prop49
280
     0
102
RTVSPost2010PropOp49
 70
     1
102
RTVSPost2010Prop50
 90
       50
102
RTVSPost2010PropOp50
 70
     1
102
RTVSPost2010Prop51ColorIndex
 90
      256
102
RTVSPost2010Prop51ColorRGB
 90
-16777216
102
RTVSPost2010PropOp51
 70
     0
102
RTVSPost2010Prop52
140
1.0
102
RTVSPost2010PropOp52
 70
     0
102
RTVSPost2010Prop53
 90
        2
102
RTVSPost2010PropOp53
 70
     1
102
RTVSPost2010Prop54
  1
strokes_ogs.tif
102
RTVSPost2010PropOp54
 70
     1
102
RTVSPost2010Prop55
280
     0
102
RTVSPost2010PropOp55
 70
     1
102
RTVSPost2010Prop56
140
1.0
102
RTVSPost2010PropOp56
 70
     1
102
RTVSPost2010Prop57
140
1.0
102
RTVSPost2010PropOp57
 70
     1
  0
XRECORD
  5
1E7
102
{ACAD_REACTORS
330
1E6
102
}
330
1E6
100
AcDbXrecord
280
     1
102
RTVSPropertyOp0
 70
     1
102
RTVSPropertyOp1
 70
     1
102
RTVSPropertyOp2
 70
     1
102
RTVSPropertyOp3
 70
     1
102
RTVSPropertyOp4
 70
     1
102
RTVSPropertyOp5
 70
     1
102
RTVSPropertyOp6
 70
     1
102
RTVSPropertyOp7
 70
     1
102
RTVSPropertyOp8
 70
     1
102
RTVSPropertyOp9
 70
     1
102
RTVSPropertyOp10
 70
     1
102
RTVSPropertyOp11
 70
     1
102
RTVSPropertyOp12
 70
     1
102
RTVSPropertyOp13
 70
     1
102
RTVSPropertyOp14
 70
     1
102
RTVSPropertyOp15
 70
     1
102
RTVSPropertyOp16
 70
     1
102
RTVSPropertyOp17
 70
     1
102
RTVSPropertyOp18
 70
     1
102
RTVSPropertyOp19
 70
     1
102
RTVSPropertyOp20
 70
     1
102
RTVSPropertyOp21
 70
     1
102
RTVSPropertyOp22
 70
     1
102
RTVSPropertyOp23
 70
     1
102
RTVSPropertyOp24
 70
     1
102
RTVSPropertyOp25
 70
     1
102
RTVSPropertyOp26
 70
     1
102
RTVSPropertyOp27
 70
     1
102
RTVSPropertyOp28
 70
     1
102
RTVSPropertyOp29
 70
     1
102
RTVSPropertyOp30
 70
     1
102
RTVSPropertyOp31
 70
     1
102
RTVSPropertyOp32
 70
     1
102
RTVSPropertyOp33
 70
     1
102
RTVSPropertyOp34
 70
     1
102
RTVSPropertyOp35
 70
     1
102
RTVSPropertyOp36
 70
     1
102
RTVSPropertyOp37
 70
     1
102
RTVSPropertyOp38
 70
     1
102
RTVSPropertyOp39
 70
     1
102
RTVSPropertyOp40
 70
     1
102
RTVSPropertyOp41
 70
     1
102
RTVSPropertyOp42
 70
     1
102
RTVSPropertyOp43
 70
     1
102
RTVSPropertyOp44
 70
     1
102
RTVSPropertyOp45
 70
     1
102
RTVSPropertyOp46
 70
     1
102
RTVSPropertyOp47
 70
     1
102
RTVSPropertyOp48
 70
     1
102
RTVSPropertyOp49
 70
     1
102
RTVSPropertyOp50
 70
     1
102
RTVSPropertyOp51
 70
     0
102
RTVSPropertyOp52
 70
     0
102
RTVSPropertyOp53
 70
     1
102
RTVSPropertyOp54
 70
     1
102
RTVSPropertyOp55
 70
     1
102
RTVSPropertyOp56
 70
     1
102
RTVSPropertyOp57
 70
     1
102
RTVSPost2010Prop28
280
     0
102
RTVSPost2010PropOp28
 70
     1
102
RTVSPost2010Prop29
280
     1
102
RTVSPost2010PropOp29
 70
     1
102
RTVSPost2010Prop30
280
     1
102
RTVSPost2010PropOp30
 70
     1
102
RTVSPost2010Prop31
280
     0
102
RTVSPost2010PropOp31
 70
     1
102
RTVSPost2010Prop32
280
     0
102
RTVSPost2010PropOp32
 70
     1
102
RTVSPost2010Prop33
280
     0
102
RTVSPost2010PropOp33
 70
     1
102
RTVSPost2010Prop34
280
     0
102
RTVSPost2010PropOp34
 70
     1
102
RTVSPost2010Prop35
280
     0
102
RTVSPost2010PropOp35
 70
     1
102
RTVSPost2010Prop36
280
     0
102
RTVSPost2010PropOp36
 70
     1
102
RTVSPost2010Prop37
 90
       50
102
RTVSPost2010PropOp37
 70
     1
102
RTVSPost2010Prop38
140
0.0
102
RTVSPost2010PropOp38
 70
     1
102
RTVSPost2010Prop39
140
1.0
102
RTVSPost2010PropOp39
 70
     1
102
RTVSPost2010Prop40
 90
        0
102
RTVSPost2010PropOp40
 70
     1
102
RTVSPost2010Prop41ColorIndex
 90
       18
102
RTVSPost2010Prop41ColorRGB
 90
        0
102
RTVSPost2010PropOp41
 70
     1
102
RTVSPost2010Prop42
 90
       50
102
RTVSPost2010PropOp42
 70
     1
102
RTVSPost2010Prop43
 90
        3
102
RTVSPost2010PropOp43
 70
     1
102
RTVSPost2010Prop44ColorIndex
 90
        5
102
RTVSPost2010Prop44ColorRGB
 90
      255
102
RTVSPost2010PropOp44
 70
     1
102
RTVSPost2010Prop45
280
     0
102
RTVSPost2010PropOp45
 70
     1
102
RTVSPost2010Prop46
 90
       50
102
RTVSPost2010PropOp46
 70
     1
102
RTVSPost2010Prop47
 90
       50
102
RTVSPost2010PropOp47
 70
     1
102
RTVSPost2010Prop48
 90
       50
102
RTVSPost2010PropOp48
 70
     1
102
RTVSPost2010Prop49
280
     0
102
RTVSPost2010PropOp49
 70
     1
102
RTVSPost2010Prop50
 90
       50
102
RTVSPost2010PropOp50
 70
     1
102
RTVSPost2010Prop51ColorIndex
 90
      256
102
RTVSPost2010Prop51ColorRGB
 90
-16777216
102
RTVSPost2010PropOp51
 70
     0
102
RTVSPost2010Prop52
140
1.0
102
RTVSPost2010PropOp52
 70
     0
102
RTVSPost2010Prop53
 90
        2
102
RTVSPost2010PropOp53
 70
     1
102
RTVSPost2010Prop54
  1
strokes_ogs.tif
102
RTVSPost2010PropOp54
 70
     1
102
RTVSPost2010Prop55
280
     0
102
RTVSPost2010PropOp55
 70
     1
102
RTVSPost2010Prop56
140
1.0
102
RTVSPost2010PropOp56
 70
     1
102
RTVSPost2010Prop57
140
1.0
102
RTVSPost2010PropOp57
 70
     1
  0
XRECORD
  5
1FB
102
{ACAD_REACTORS
330
1FA
102
}
330
1FA
100
AcDbXrecord
280
     1
102
RTVSPropertyOp0
 70
     0
102
RTVSPropertyOp1
 70
     0
102
RTVSPropertyOp2
 70
     0
102
RTVSPropertyOp3
 70
     0
102
RTVSPropertyOp4
 70
     0
102
RTVSPropertyOp5
 70
     0
102
RTVSPropertyOp6
 70
     0
102
RTVSPropertyOp7
 70
     0
102
RTVSPropertyOp8
 70
     0
102
RTVSPropertyOp9
 70
     0
102
RTVSPropertyOp10
 70
     0
102
RTVSPropertyOp11
 70
     0
102
RTVSPropertyOp12
 70
     0
102
RTVSPropertyOp13
 70
     0
102
RTVSPropertyOp14
 70
     2
102
RTVSPropertyOp15
 70
     0
102
RTVSPropertyOp16
 70
     0
102
RTVSPropertyOp17
 70
     0
102
RTVSPropertyOp18
 70
     0
102
RTVSPropertyOp19
 70
     0
102
RTVSPropertyOp20
 70
     0
102
RTVSPropertyOp21
 70
     0
102
RTVSPropertyOp22
 70
     0
102
RTVSPropertyOp23
 70
     0
102
RTVSPropertyOp24
 70
     0
102
RTVSPropertyOp25
 70
     0
102
RTVSPropertyOp26
 70
     0
102
RTVSPropertyOp27
 70
     0
102
RTVSPropertyOp28
 70
     0
102
RTVSPropertyOp29
 70
     0
102
RTVSPropertyOp30
 70
     0
102
RTVSPropertyOp31
 70
     0
102
RTVSPropertyOp32
 70
     0
102
RTVSPropertyOp33
 70
     0
102
RTVSPropertyOp34
 70
     0
102
RTVSPropertyOp35
 70
     0
102
RTVSPropertyOp36
 70
     0
102
RTVSPropertyOp37
 70
     0
102
RTVSPropertyOp38
 70
     0
102
RTVSPropertyOp39
 70
     0
102
RTVSPropertyOp40
 70
     0
102
RTVSPropertyOp41
 70
     0
102
RTVSPropertyOp42
 70
     0
102
RTVSPropertyOp43
 70
     0
102
RTVSPropertyOp44
 70
     0
102
RTVSPropertyOp45
 70
     0
102
RTVSPropertyOp46
 70
     0
102
RTVSPropertyOp47
 70
     0
102
RTVSPropertyOp48
 70
     0
102
RTVSPropertyOp49
 70
     0
102
RTVSPropertyOp50
 70
     0
102
RTVSPropertyOp51
 70
     0
102
RTVSPropertyOp52
 70
     0
102
RTVSPropertyOp53
 70
     0
102
RTVSPropertyOp54
 70
     0
102
RTVSPropertyOp55
 70
     0
102
RTVSPropertyOp56
 70
     0
102
RTVSPropertyOp57
 70
     0
102
RTVSPost2010Prop28
280
     0
102
RTVSPost2010PropOp28
 70
     0
102
RTVSPost2010Prop29
280
     1
102
RTVSPost2010PropOp29
 70
     0
102
RTVSPost2010Prop30
280
     1
102
RTVSPost2010PropOp30
 70
     0
102
RTVSPost2010Prop31
280
     0
102
RTVSPost2010PropOp31
 70
     0
102
RTVSPost2010Prop32
280
     0
102
RTVSPost2010PropOp32
 70
     0
102
RTVSPost2010Prop33
280
     0
102
RTVSPost2010PropOp33
 70
     0
102
RTVSPost2010Prop34
280
     0
102
RTVSPost2010PropOp34
 70
     0
102
RTVSPost2010Prop35
280
     0
102
RTVSPost2010PropOp35
 70
     0
102
RTVSPost2010Prop36
280
     0
102
RTVSPost2010PropOp36
 70
     0
102
RTVSPost2010Prop37
 90
       50
102
RTVSPost2010PropOp37
 70
     0
102
RTVSPost2010Prop38
140
0.0
102
RTVSPost2010PropOp38
 70
     0
102
RTVSPost2010Prop39
140
1.0
102
RTVSPost2010PropOp39
 70
     0
102
RTVSPost2010Prop40
 90
        0
102
RTVSPost2010PropOp40
 70
     0
102
RTVSPost2010Prop41ColorIndex
 90
       18
102
RTVSPost2010Prop41ColorRGB
 90
        0
102
RTVSPost2010PropOp41
 70
     0
102
RTVSPost2010Prop42
 90
       50
102
RTVSPost2010PropOp42
 70
     0
102
RTVSPost2010Prop43
 90
        3
102
RTVSPost2010PropOp43
 70
     0
102
RTVSPost2010Prop44ColorIndex
 90
        5
102
RTVSPost2010Prop44ColorRGB
 90
      255
102
RTVSPost2010PropOp44
 70
     0
102
RTVSPost2010Prop45
280
     0
102
RTVSPost2010PropOp45
 70
     0
102
RTVSPost2010Prop46
 90
       50
102
RTVSPost2010PropOp46
 70
     0
102
RTVSPost2010Prop47
 90
       50
102
RTVSPost2010PropOp47
 70
     0
102
RTVSPost2010Prop48
 90
       50
102
RTVSPost2010PropOp48
 70
     0
102
RTVSPost2010Prop49
280
     0
102
RTVSPost2010PropOp49
 70
     0
102
RTVSPost2010Prop50
 90
       50
102
RTVSPost2010PropOp50
 70
     0
102
RTVSPost2010Prop51ColorIndex
 90
      256
102
RTVSPost2010Prop51ColorRGB
 90
-16777216
102
RTVSPost2010PropOp51
 70
     0
102
RTVSPost2010Prop52
140
1.0
102
RTVSPost2010PropOp52
 70
     0
102
RTVSPost2010Prop53
 90
        2
102
RTVSPost2010PropOp53
 70
     0
102
RTVSPost2010Prop54
  1
strokes_ogs.tif
102
RTVSPost2010PropOp54
 70
     0
102
RTVSPost2010Prop55
280
     0
102
RTVSPost2010PropOp55
 70
     0
102
RTVSPost2010Prop56
140
1.0
102
RTVSPost2010PropOp56
 70
     0
102
RTVSPost2010Prop57
140
1.0
102
RTVSPost2010PropOp57
 70
     0
  0
XRECORD
  5
1F5
102
{ACAD_REACTORS
330
1F4
102
}
330
1F4
100
AcDbXrecord
280
     1
102
RTVSPropertyOp0
 70
     1
102
RTVSPropertyOp1
 70
     1
102
RTVSPropertyOp2
 70
     1
102
RTVSPropertyOp3
 70
     1
102
RTVSPropertyOp4
 70
     1
102
RTVSPropertyOp5
 70
     1
102
RTVSPropertyOp6
 70
     1
102
RTVSPropertyOp7
 70
     1
102
RTVSPropertyOp8
 70
     1
102
RTVSPropertyOp9
 70
     1
102
RTVSPropertyOp10
 70
     1
102
RTVSPropertyOp11
 70
     1
102
RTVSPropertyOp12
 70
     1
102
RTVSPropertyOp13
 70
     1
102
RTVSPropertyOp14
 70
     1
102
RTVSPropertyOp15
 70
     1
102
RTVSPropertyOp16
 70
     1
102
RTVSPropertyOp17
 70
     1
102
RTVSPropertyOp18
 70
     1
102
RTVSPropertyOp19
 70
     1
102
RTVSPropertyOp20
 70
     1
102
RTVSPropertyOp21
 70
     1
102
RTVSPropertyOp22
 70
     1
102
RTVSPropertyOp23
 70
     1
102
RTVSPropertyOp24
 70
     1
102
RTVSPropertyOp25
 70
     1
102
RTVSPropertyOp26
 70
     1
102
RTVSPropertyOp27
 70
     1
102
RTVSPropertyOp28
 70
     1
102
RTVSPropertyOp29
 70
     1
102
RTVSPropertyOp30
 70
     1
102
RTVSPropertyOp31
 70
     1
102
RTVSPropertyOp32
 70
     1
102
RTVSPropertyOp33
 70
     1
102
RTVSPropertyOp34
 70
     1
102
RTVSPropertyOp35
 70
     1
102
RTVSPropertyOp36
 70
     1
102
RTVSPropertyOp37
 70
     1
102
RTVSPropertyOp38
 70
     1
102
RTVSPropertyOp39
 70
     1
102
RTVSPropertyOp40
 70
     1
102
RTVSPropertyOp41
 70
     1
102
RTVSPropertyOp42
 70
     1
102
RTVSPropertyOp43
 70
     1
102
RTVSPropertyOp44
 70
     1
102
RTVSPropertyOp45
 70
     1
102
RTVSPropertyOp46
 70
     1
102
RTVSPropertyOp47
 70
     1
102
RTVSPropertyOp48
 70
     1
102
RTVSPropertyOp49
 70
     1
102
RTVSPropertyOp50
 70
     1
102
RTVSPropertyOp51
 70
     0
102
RTVSPropertyOp52
 70
     0
102
RTVSPropertyOp53
 70
     1
102
RTVSPropertyOp54
 70
     1
102
RTVSPropertyOp55
 70
     1
102
RTVSPropertyOp56
 70
     1
102
RTVSPropertyOp57
 70
     1
102
RTVSPost2010Prop28
280
     0
102
RTVSPost2010PropOp28
 70
     1
102
RTVSPost2010Prop29
280
     1
102
RTVSPost2010PropOp29
 70
     1
102
RTVSPost2010Prop30
280
     1
102
RTVSPost2010PropOp30
 70
     1
102
RTVSPost2010Prop31
280
     0
102
RTVSPost2010PropOp31
 70
     1
102
RTVSPost2010Prop32
280
     0
102
RTVSPost2010PropOp32
 70
     1
102
RTVSPost2010Prop33
280
     0
102
RTVSPost2010PropOp33
 70
     1
102
RTVSPost2010Prop34
280
     0
102
RTVSPost2010PropOp34
 70
     1
102
RTVSPost2010Prop35
280
     0
102
RTVSPost2010PropOp35
 70
     1
102
RTVSPost2010Prop36
280
     0
102
RTVSPost2010PropOp36
 70
     1
102
RTVSPost2010Prop37
 90
       50
102
RTVSPost2010PropOp37
 70
     1
102
RTVSPost2010Prop38
140
0.0
102
RTVSPost2010PropOp38
 70
     1
102
RTVSPost2010Prop39
140
1.0
102
RTVSPost2010PropOp39
 70
     1
102
RTVSPost2010Prop40
 90
        0
102
RTVSPost2010PropOp40
 70
     1
102
RTVSPost2010Prop41ColorIndex
 90
       18
102
RTVSPost2010Prop41ColorRGB
 90
        0
102
RTVSPost2010PropOp41
 70
     1
102
RTVSPost2010Prop42
 90
       50
102
RTVSPost2010PropOp42
 70
     1
102
RTVSPost2010Prop43
 90
        3
102
RTVSPost2010PropOp43
 70
     1
102
RTVSPost2010Prop44ColorIndex
 90
        5
102
RTVSPost2010Prop44ColorRGB
 90
      255
102
RTVSPost2010PropOp44
 70
     1
102
RTVSPost2010Prop45
280
     0
102
RTVSPost2010PropOp45
 70
     1
102
RTVSPost2010Prop46
 90
       50
102
RTVSPost2010PropOp46
 70
     1
102
RTVSPost2010Prop47
 90
       50
102
RTVSPost2010PropOp47
 70
     1
102
RTVSPost2010Prop48
 90
       50
102
RTVSPost2010PropOp48
 70
     1
102
RTVSPost2010Prop49
280
     0
102
RTVSPost2010PropOp49
 70
     1
102
RTVSPost2010Prop50
 90
       50
102
RTVSPost2010PropOp50
 70
     1
102
RTVSPost2010Prop51ColorIndex
 90
      256
102
RTVSPost2010Prop51ColorRGB
 90
-16777216
102
RTVSPost2010PropOp51
 70
     0
102
RTVSPost2010Prop52
140
1.0
102
RTVSPost2010PropOp52
 70
     0
102
RTVSPost2010Prop53
 90
        2
102
RTVSPost2010PropOp53
 70
     1
102
RTVSPost2010Prop54
  1
strokes_ogs.tif
102
RTVSPost2010PropOp54
 70
     1
102
RTVSPost2010Prop55
280
     0
102
RTVSPost2010PropOp55
 70
     1
102
RTVSPost2010Prop56
140
1.0
102
RTVSPost2010PropOp56
 70
     1
102
RTVSPost2010Prop57
140
1.0
102
RTVSPost2010PropOp57
 70
     1
  0
XRECORD
  5
1FD
102
{ACAD_REACTORS
330
1FC
102
}
330
1FC
100
AcDbXrecord
280
     1
102
RTVSPropertyOp0
 70
     0
102
RTVSPropertyOp1
 70
     0
102
RTVSPropertyOp2
 70
     0
102
RTVSPropertyOp3
 70
     0
102
RTVSPropertyOp4
 70
     0
102
RTVSPropertyOp5
 70
     0
102
RTVSPropertyOp6
 70
     0
102
RTVSPropertyOp7
 70
     0
102
RTVSPropertyOp8
 70
     0
102
RTVSPropertyOp9
 70
     0
102
RTVSPropertyOp10
 70
     0
102
RTVSPropertyOp11
 70
     0
102
RTVSPropertyOp12
 70
     0
102
RTVSPropertyOp13
 70
     0
102
RTVSPropertyOp14
 70
     2
102
RTVSPropertyOp15
 70
     0
102
RTVSPropertyOp16
 70
     0
102
RTVSPropertyOp17
 70
     0
102
RTVSPropertyOp18
 70
     0
102
RTVSPropertyOp19
 70
     0
102
RTVSPropertyOp20
 70
     0
102
RTVSPropertyOp21
 70
     0
102
RTVSPropertyOp22
 70
     0
102
RTVSPropertyOp23
 70
     0
102
RTVSPropertyOp24
 70
     0
102
RTVSPropertyOp25
 70
     0
102
RTVSPropertyOp26
 70
     0
102
RTVSPropertyOp27
 70
     0
102
RTVSPropertyOp28
 70
     0
102
RTVSPropertyOp29
 70
     0
102
RTVSPropertyOp30
 70
     0
102
RTVSPropertyOp31
 70
     0
102
RTVSPropertyOp32
 70
     0
102
RTVSPropertyOp33
 70
     0
102
RTVSPropertyOp34
 70
     0
102
RTVSPropertyOp35
 70
     0
102
RTVSPropertyOp36
 70
     0
102
RTVSPropertyOp37
 70
     0
102
RTVSPropertyOp38
 70
     0
102
RTVSPropertyOp39
 70
     0
102
RTVSPropertyOp40
 70
     0
102
RTVSPropertyOp41
 70
     0
102
RTVSPropertyOp42
 70
     0
102
RTVSPropertyOp43
 70
     0
102
RTVSPropertyOp44
 70
     0
102
RTVSPropertyOp45
 70
     0
102
RTVSPropertyOp46
 70
     0
102
RTVSPropertyOp47
 70
     0
102
RTVSPropertyOp48
 70
     0
102
RTVSPropertyOp49
 70
     0
102
RTVSPropertyOp50
 70
     0
102
RTVSPropertyOp51
 70
     0
102
RTVSPropertyOp52
 70
     0
102
RTVSPropertyOp53
 70
     0
102
RTVSPropertyOp54
 70
     0
102
RTVSPropertyOp55
 70
     0
102
RTVSPropertyOp56
 70
     0
102
RTVSPropertyOp57
 70
     0
102
RTVSPost2010Prop28
280
     0
102
RTVSPost2010PropOp28
 70
     0
102
RTVSPost2010Prop29
280
     1
102
RTVSPost2010PropOp29
 70
     0
102
RTVSPost2010Prop30
280
     1
102
RTVSPost2010PropOp30
 70
     0
102
RTVSPost2010Prop31
280
     0
102
RTVSPost2010PropOp31
 70
     0
102
RTVSPost2010Prop32
280
     0
102
RTVSPost2010PropOp32
 70
     0
102
RTVSPost2010Prop33
280
     0
102
RTVSPost2010PropOp33
 70
     0
102
RTVSPost2010Prop34
280
     0
102
RTVSPost2010PropOp34
 70
     0
102
RTVSPost2010Prop35
280
     0
102
RTVSPost2010PropOp35
 70
     0
102
RTVSPost2010Prop36
280
     0
102
RTVSPost2010PropOp36
 70
     0
102
RTVSPost2010Prop37
 90
       50
102
RTVSPost2010PropOp37
 70
     0
102
RTVSPost2010Prop38
140
0.0
102
RTVSPost2010PropOp38
 70
     0
102
RTVSPost2010Prop39
140
1.0
102
RTVSPost2010PropOp39
 70
     0
102
RTVSPost2010Prop40
 90
        0
102
RTVSPost2010PropOp40
 70
     0
102
RTVSPost2010Prop41ColorIndex
 90
       18
102
RTVSPost2010Prop41ColorRGB
 90
        0
102
RTVSPost2010PropOp41
 70
     0
102
RTVSPost2010Prop42
 90
       50
102
RTVSPost2010PropOp42
 70
     0
102
RTVSPost2010Prop43
 90
        3
102
RTVSPost2010PropOp43
 70
     0
102
RTVSPost2010Prop44ColorIndex
 90
        5
102
RTVSPost2010Prop44ColorRGB
 90
      255
102
RTVSPost2010PropOp44
 70
     0
102
RTVSPost2010Prop45
280
     0
102
RTVSPost2010PropOp45
 70
     0
102
RTVSPost2010Prop46
 90
       50
102
RTVSPost2010PropOp46
 70
     0
102
RTVSPost2010Prop47
 90
       50
102
RTVSPost2010PropOp47
 70
     0
102
RTVSPost2010Prop48
 90
       50
102
RTVSPost2010PropOp48
 70
     0
102
RTVSPost2010Prop49
280
     0
102
RTVSPost2010PropOp49
 70
     0
102
RTVSPost2010Prop50
 90
       50
102
RTVSPost2010PropOp50
 70
     0
102
RTVSPost2010Prop51ColorIndex
 90
      256
102
RTVSPost2010Prop51ColorRGB
 90
-16777216
102
RTVSPost2010PropOp51
 70
     0
102
RTVSPost2010Prop52
140
1.0
102
RTVSPost2010PropOp52
 70
     0
102
RTVSPost2010Prop53
 90
        2
102
RTVSPost2010PropOp53
 70
     0
102
RTVSPost2010Prop54
  1
strokes_ogs.tif
102
RTVSPost2010PropOp54
 70
     0
102
RTVSPost2010Prop55
280
     0
102
RTVSPost2010PropOp55
 70
     0
102
RTVSPost2010Prop56
140
1.0
102
RTVSPost2010PropOp56
 70
     0
102
RTVSPost2010Prop57
140
1.0
102
RTVSPost2010PropOp57
 70
     0
  0
XRECORD
  5
1EB
102
{ACAD_REACTORS
330
1EA
102
}
330
1EA
100
AcDbXrecord
280
     1
102
RTVSPropertyOp0
 70
     1
102
RTVSPropertyOp1
 70
     1
102
RTVSPropertyOp2
 70
     1
102
RTVSPropertyOp3
 70
     1
102
RTVSPropertyOp4
 70
     1
102
RTVSPropertyOp5
 70
     1
102
RTVSPropertyOp6
 70
     1
102
RTVSPropertyOp7
 70
     1
102
RTVSPropertyOp8
 70
     1
102
RTVSPropertyOp9
 70
     1
102
RTVSPropertyOp10
 70
     1
102
RTVSPropertyOp11
 70
     1
102
RTVSPropertyOp12
 70
     1
102
RTVSPropertyOp13
 70
     1
102
RTVSPropertyOp14
 70
     1
102
RTVSPropertyOp15
 70
     1
102
RTVSPropertyOp16
 70
     1
102
RTVSPropertyOp17
 70
     1
102
RTVSPropertyOp18
 70
     1
102
RTVSPropertyOp19
 70
     1
102
RTVSPropertyOp20
 70
     1
102
RTVSPropertyOp21
 70
     1
102
RTVSPropertyOp22
 70
     1
102
RTVSPropertyOp23
 70
     1
102
RTVSPropertyOp24
 70
     1
102
RTVSPropertyOp25
 70
     1
102
RTVSPropertyOp26
 70
     1
102
RTVSPropertyOp27
 70
     1
102
RTVSPropertyOp28
 70
     1
102
RTVSPropertyOp29
 70
     1
102
RTVSPropertyOp30
 70
     1
102
RTVSPropertyOp31
 70
     1
102
RTVSPropertyOp32
 70
     1
102
RTVSPropertyOp33
 70
     1
102
RTVSPropertyOp34
 70
     1
102
RTVSPropertyOp35
 70
     1
102
RTVSPropertyOp36
 70
     1
102
RTVSPropertyOp37
 70
     1
102
RTVSPropertyOp38
 70
     1
102
RTVSPropertyOp39
 70
     1
102
RTVSPropertyOp40
 70
     1
102
RTVSPropertyOp41
 70
     1
102
RTVSPropertyOp42
 70
     1
102
RTVSPropertyOp43
 70
     1
102
RTVSPropertyOp44
 70
     1
102
RTVSPropertyOp45
 70
     1
102
RTVSPropertyOp46
 70
     1
102
RTVSPropertyOp47
 70
     1
102
RTVSPropertyOp48
 70
     1
102
RTVSPropertyOp49
 70
     1
102
RTVSPropertyOp50
 70
     1
102
RTVSPropertyOp51
 70
     0
102
RTVSPropertyOp52
 70
     0
102
RTVSPropertyOp53
 70
     1
102
RTVSPropertyOp54
 70
     1
102
RTVSPropertyOp55
 70
     1
102
RTVSPropertyOp56
 70
     1
102
RTVSPropertyOp57
 70
     1
102
RTVSPost2010Prop28
280
     0
102
RTVSPost2010PropOp28
 70
     1
102
RTVSPost2010Prop29
280
     1
102
RTVSPost2010PropOp29
 70
     1
102
RTVSPost2010Prop30
280
     1
102
RTVSPost2010PropOp30
 70
     1
102
RTVSPost2010Prop31
280
     0
102
RTVSPost2010PropOp31
 70
     1
102
RTVSPost2010Prop32
280
     0
102
RTVSPost2010PropOp32
 70
     1
102
RTVSPost2010Prop33
280
     0
102
RTVSPost2010PropOp33
 70
     1
102
RTVSPost2010Prop34
280
     0
102
RTVSPost2010PropOp34
 70
     1
102
RTVSPost2010Prop35
280
     0
102
RTVSPost2010PropOp35
 70
     1
102
RTVSPost2010Prop36
280
     0
102
RTVSPost2010PropOp36
 70
     1
102
RTVSPost2010Prop37
 90
       50
102
RTVSPost2010PropOp37
 70
     1
102
RTVSPost2010Prop38
140
0.0
102
RTVSPost2010PropOp38
 70
     1
102
RTVSPost2010Prop39
140
1.0
102
RTVSPost2010PropOp39
 70
     1
102
RTVSPost2010Prop40
 90
        0
102
RTVSPost2010PropOp40
 70
     1
102
RTVSPost2010Prop41ColorIndex
 90
       18
102
RTVSPost2010Prop41ColorRGB
 90
        0
102
RTVSPost2010PropOp41
 70
     1
102
RTVSPost2010Prop42
 90
       50
102
RTVSPost2010PropOp42
 70
     1
102
RTVSPost2010Prop43
 90
        3
102
RTVSPost2010PropOp43
 70
     1
102
RTVSPost2010Prop44ColorIndex
 90
        5
102
RTVSPost2010Prop44ColorRGB
 90
      255
102
RTVSPost2010PropOp44
 70
     1
102
RTVSPost2010Prop45
280
     0
102
RTVSPost2010PropOp45
 70
     1
102
RTVSPost2010Prop46
 90
       50
102
RTVSPost2010PropOp46
 70
     1
102
RTVSPost2010Prop47
 90
       50
102
RTVSPost2010PropOp47
 70
     1
102
RTVSPost2010Prop48
 90
       50
102
RTVSPost2010PropOp48
 70
     1
102
RTVSPost2010Prop49
280
     0
102
RTVSPost2010PropOp49
 70
     1
102
RTVSPost2010Prop50
 90
       50
102
RTVSPost2010PropOp50
 70
     1
102
RTVSPost2010Prop51ColorIndex
 90
      256
102
RTVSPost2010Prop51ColorRGB
 90
-16777216
102
RTVSPost2010PropOp51
 70
     0
102
RTVSPost2010Prop52
140
1.0
102
RTVSPost2010PropOp52
 70
     0
102
RTVSPost2010Prop53
 90
        2
102
RTVSPost2010PropOp53
 70
     1
102
RTVSPost2010Prop54
  1
strokes_ogs.tif
102
RTVSPost2010PropOp54
 70
     1
102
RTVSPost2010Prop55
280
     0
102
RTVSPost2010PropOp55
 70
     1
102
RTVSPost2010Prop56
140
1.0
102
RTVSPost2010PropOp56
 70
     1
102
RTVSPost2010Prop57
140
1.0
102
RTVSPost2010PropOp57
 70
     1
  0
XRECORD
  5
209
102
{ACAD_REACTORS
330
208
102
}
330
208
100
AcDbXrecord
280
     1
102
RTVSPropertyOp0
 70
     1
102
RTVSPropertyOp1
 70
     1
102
RTVSPropertyOp2
 70
     1
102
RTVSPropertyOp3
 70
     1
102
RTVSPropertyOp4
 70
     1
102
RTVSPropertyOp5
 70
     1
102
RTVSPropertyOp6
 70
     1
102
RTVSPropertyOp7
 70
     1
102
RTVSPropertyOp8
 70
     1
102
RTVSPropertyOp9
 70
     1
102
RTVSPropertyOp10
 70
     1
102
RTVSPropertyOp11
 70
     1
102
RTVSPropertyOp12
 70
     1
102
RTVSPropertyOp13
 70
     1
102
RTVSPropertyOp14
 70
     1
102
RTVSPropertyOp15
 70
     1
102
RTVSPropertyOp16
 70
     1
102
RTVSPropertyOp17
 70
     1
102
RTVSPropertyOp18
 70
     1
102
RTVSPropertyOp19
 70
     1
102
RTVSPropertyOp20
 70
     1
102
RTVSPropertyOp21
 70
     1
102
RTVSPropertyOp22
 70
     1
102
RTVSPropertyOp23
 70
     1
102
RTVSPropertyOp24
 70
     1
102
RTVSPropertyOp25
 70
     1
102
RTVSPropertyOp26
 70
     1
102
RTVSPropertyOp27
 70
     1
102
RTVSPropertyOp28
 70
     1
102
RTVSPropertyOp29
 70
     1
102
RTVSPropertyOp30
 70
     1
102
RTVSPropertyOp31
 70
     1
102
RTVSPropertyOp32
 70
     1
102
RTVSPropertyOp33
 70
     1
102
RTVSPropertyOp34
 70
     1
102
RTVSPropertyOp35
 70
     1
102
RTVSPropertyOp36
 70
     1
102
RTVSPropertyOp37
 70
     1
102
RTVSPropertyOp38
 70
     1
102
RTVSPropertyOp39
 70
     1
102
RTVSPropertyOp40
 70
     1
102
RTVSPropertyOp41
 70
     1
102
RTVSPropertyOp42
 70
     1
102
RTVSPropertyOp43
 70
     1
102
RTVSPropertyOp44
 70
     1
102
RTVSPropertyOp45
 70
     1
102
RTVSPropertyOp46
 70
     1
102
RTVSPropertyOp47
 70
     1
102
RTVSPropertyOp48
 70
     1
102
RTVSPropertyOp49
 70
     1
102
RTVSPropertyOp50
 70
     1
102
RTVSPropertyOp51
 70
     0
102
RTVSPropertyOp52
 70
     0
102
RTVSPropertyOp53
 70
     1
102
RTVSPropertyOp54
 70
     1
102
RTVSPropertyOp55
 70
     1
102
RTVSPropertyOp56
 70
     1
102
RTVSPropertyOp57
 70
     1
102
RTVSPost2010Prop28
280
     0
102
RTVSPost2010PropOp28
 70
     1
102
RTVSPost2010Prop29
280
     1
102
RTVSPost2010PropOp29
 70
     1
102
RTVSPost2010Prop30
280
     1
102
RTVSPost2010PropOp30
 70
     1
102
RTVSPost2010Prop31
280
     0
102
RTVSPost2010PropOp31
 70
     1
102
RTVSPost2010Prop32
280
     0
102
RTVSPost2010PropOp32
 70
     1
102
RTVSPost2010Prop33
280
     0
102
RTVSPost2010PropOp33
 70
     1
102
RTVSPost2010Prop34
280
     0
102
RTVSPost2010PropOp34
 70
     1
102
RTVSPost2010Prop35
280
     0
102
RTVSPost2010PropOp35
 70
     1
102
RTVSPost2010Prop36
280
     0
102
RTVSPost2010PropOp36
 70
     1
102
RTVSPost2010Prop37
 90
       50
102
RTVSPost2010PropOp37
 70
     1
102
RTVSPost2010Prop38
140
0.0
102
RTVSPost2010PropOp38
 70
     1
102
RTVSPost2010Prop39
140
1.0
102
RTVSPost2010PropOp39
 70
     1
102
RTVSPost2010Prop40
 90
        0
102
RTVSPost2010PropOp40
 70
     1
102
RTVSPost2010Prop41ColorIndex
 90
       18
102
RTVSPost2010Prop41ColorRGB
 90
        0
102
RTVSPost2010PropOp41
 70
     1
102
RTVSPost2010Prop42
 90
       50
102
RTVSPost2010PropOp42
 70
     1
102
RTVSPost2010Prop43
 90
        3
102
RTVSPost2010PropOp43
 70
     1
102
RTVSPost2010Prop44ColorIndex
 90
        5
102
RTVSPost2010Prop44ColorRGB
 90
      255
102
RTVSPost2010PropOp44
 70
     1
102
RTVSPost2010Prop45
280
     0
102
RTVSPost2010PropOp45
 70
     1
102
RTVSPost2010Prop46
 90
       50
102
RTVSPost2010PropOp46
 70
     1
102
RTVSPost2010Prop47
 90
       50
102
RTVSPost2010PropOp47
 70
     1
102
RTVSPost2010Prop48
 90
       50
102
RTVSPost2010PropOp48
 70
     1
102
RTVSPost2010Prop49
280
     0
102
RTVSPost2010PropOp49
 70
     1
102
RTVSPost2010Prop50
 90
       50
102
RTVSPost2010PropOp50
 70
     1
102
RTVSPost2010Prop51ColorIndex
 90
      256
102
RTVSPost2010Prop51ColorRGB
 90
-16777216
102
RTVSPost2010PropOp51
 70
     0
102
RTVSPost2010Prop52
140
1.0
102
RTVSPost2010PropOp52
 70
     0
102
RTVSPost2010Prop53
 90
        2
102
RTVSPost2010PropOp53
 70
     1
102
RTVSPost2010Prop54
  1
strokes_ogs.tif
102
RTVSPost2010PropOp54
 70
     1
102
RTVSPost2010Prop55
280
     0
102
RTVSPost2010PropOp55
 70
     1
102
RTVSPost2010Prop56
140
1.0
102
RTVSPost2010PropOp56
 70
     1
102
RTVSPost2010Prop57
140
1.0
102
RTVSPost2010PropOp57
 70
     1
  0
XRECORD
  5
207
102
{ACAD_REACTORS
330
206
102
}
330
206
100
AcDbXrecord
280
     1
102
RTVSPropertyOp0
 70
     1
102
RTVSPropertyOp1
 70
     1
102
RTVSPropertyOp2
 70
     1
102
RTVSPropertyOp3
 70
     1
102
RTVSPropertyOp4
 70
     1
102
RTVSPropertyOp5
 70
     1
102
RTVSPropertyOp6
 70
     1
102
RTVSPropertyOp7
 70
     1
102
RTVSPropertyOp8
 70
     1
102
RTVSPropertyOp9
 70
     1
102
RTVSPropertyOp10
 70
     1
102
RTVSPropertyOp11
 70
     1
102
RTVSPropertyOp12
 70
     1
102
RTVSPropertyOp13
 70
     1
102
RTVSPropertyOp14
 70
     1
102
RTVSPropertyOp15
 70
     1
102
RTVSPropertyOp16
 70
     1
102
RTVSPropertyOp17
 70
     1
102
RTVSPropertyOp18
 70
     1
102
RTVSPropertyOp19
 70
     1
102
RTVSPropertyOp20
 70
     1
102
RTVSPropertyOp21
 70
     1
102
RTVSPropertyOp22
 70
     1
102
RTVSPropertyOp23
 70
     1
102
RTVSPropertyOp24
 70
     1
102
RTVSPropertyOp25
 70
     1
102
RTVSPropertyOp26
 70
     1
102
RTVSPropertyOp27
 70
     1
102
RTVSPropertyOp28
 70
     1
102
RTVSPropertyOp29
 70
     1
102
RTVSPropertyOp30
 70
     1
102
RTVSPropertyOp31
 70
     1
102
RTVSPropertyOp32
 70
     1
102
RTVSPropertyOp33
 70
     1
102
RTVSPropertyOp34
 70
     1
102
RTVSPropertyOp35
 70
     1
102
RTVSPropertyOp36
 70
     1
102
RTVSPropertyOp37
 70
     1
102
RTVSPropertyOp38
 70
     1
102
RTVSPropertyOp39
 70
     1
102
RTVSPropertyOp40
 70
     1
102
RTVSPropertyOp41
 70
     1
102
RTVSPropertyOp42
 70
     1
102
RTVSPropertyOp43
 70
     1
102
RTVSPropertyOp44
 70
     1
102
RTVSPropertyOp45
 70
     1
102
RTVSPropertyOp46
 70
     1
102
RTVSPropertyOp47
 70
     1
102
RTVSPropertyOp48
 70
     1
102
RTVSPropertyOp49
 70
     1
102
RTVSPropertyOp50
 70
     1
102
RTVSPropertyOp51
 70
     0
102
RTVSPropertyOp52
 70
     0
102
RTVSPropertyOp53
 70
     1
102
RTVSPropertyOp54
 70
     1
102
RTVSPropertyOp55
 70
     1
102
RTVSPropertyOp56
 70
     1
102
RTVSPropertyOp57
 70
     1
102
RTVSPost2010Prop28
280
     0
102
RTVSPost2010PropOp28
 70
     1
102
RTVSPost2010Prop29
280
     1
102
RTVSPost2010PropOp29
 70
     1
102
RTVSPost2010Prop30
280
     1
102
RTVSPost2010PropOp30
 70
     1
102
RTVSPost2010Prop31
280
     0
102
RTVSPost2010PropOp31
 70
     1
102
RTVSPost2010Prop32
280
     0
102
RTVSPost2010PropOp32
 70
     1
102
RTVSPost2010Prop33
280
     0
102
RTVSPost2010PropOp33
 70
     1
102
RTVSPost2010Prop34
280
     0
102
RTVSPost2010PropOp34
 70
     1
102
RTVSPost2010Prop35
280
     0
102
RTVSPost2010PropOp35
 70
     1
102
RTVSPost2010Prop36
280
     0
102
RTVSPost2010PropOp36
 70
     1
102
RTVSPost2010Prop37
 90
       50
102
RTVSPost2010PropOp37
 70
     1
102
RTVSPost2010Prop38
140
0.0
102
RTVSPost2010PropOp38
 70
     1
102
RTVSPost2010Prop39
140
1.0
102
RTVSPost2010PropOp39
 70
     1
102
RTVSPost2010Prop40
 90
        0
102
RTVSPost2010PropOp40
 70
     1
102
RTVSPost2010Prop41ColorIndex
 90
       18
102
RTVSPost2010Prop41ColorRGB
 90
        0
102
RTVSPost2010PropOp41
 70
     1
102
RTVSPost2010Prop42
 90
       50
102
RTVSPost2010PropOp42
 70
     1
102
RTVSPost2010Prop43
 90
        3
102
RTVSPost2010PropOp43
 70
     1
102
RTVSPost2010Prop44ColorIndex
 90
        5
102
RTVSPost2010Prop44ColorRGB
 90
      255
102
RTVSPost2010PropOp44
 70
     1
102
RTVSPost2010Prop45
280
     0
102
RTVSPost2010PropOp45
 70
     1
102
RTVSPost2010Prop46
 90
       50
102
RTVSPost2010PropOp46
 70
     1
102
RTVSPost2010Prop47
 90
       50
102
RTVSPost2010PropOp47
 70
     1
102
RTVSPost2010Prop48
 90
       50
102
RTVSPost2010PropOp48
 70
     1
102
RTVSPost2010Prop49
280
     0
102
RTVSPost2010PropOp49
 70
     1
102
RTVSPost2010Prop50
 90
       50
102
RTVSPost2010PropOp50
 70
     1
102
RTVSPost2010Prop51ColorIndex
 90
      256
102
RTVSPost2010Prop51ColorRGB
 90
-16777216
102
RTVSPost2010PropOp51
 70
     0
102
RTVSPost2010Prop52
140
1.0
102
RTVSPost2010PropOp52
 70
     0
102
RTVSPost2010Prop53
 90
        2
102
RTVSPost2010PropOp53
 70
     1
102
RTVSPost2010Prop54
  1
strokes_ogs.tif
102
RTVSPost2010PropOp54
 70
     1
102
RTVSPost2010Prop55
280
     0
102
RTVSPost2010PropOp55
 70
     1
102
RTVSPost2010Prop56
140
1.0
102
RTVSPost2010PropOp56
 70
     1
102
RTVSPost2010Prop57
140
1.0
102
RTVSPost2010PropOp57
 70
     1
  0
XRECORD
  5
201
102
{ACAD_REACTORS
330
200
102
}
330
200
100
AcDbXrecord
280
     1
102
RTVSPropertyOp0
 70
     1
102
RTVSPropertyOp1
 70
     1
102
RTVSPropertyOp2
 70
     1
102
RTVSPropertyOp3
 70
     1
102
RTVSPropertyOp4
 70
     1
102
RTVSPropertyOp5
 70
     1
102
RTVSPropertyOp6
 70
     1
102
RTVSPropertyOp7
 70
     1
102
RTVSPropertyOp8
 70
     1
102
RTVSPropertyOp9
 70
     1
102
RTVSPropertyOp10
 70
     1
102
RTVSPropertyOp11
 70
     1
102
RTVSPropertyOp12
 70
     1
102
RTVSPropertyOp13
 70
     1
102
RTVSPropertyOp14
 70
     1
102
RTVSPropertyOp15
 70
     1
102
RTVSPropertyOp16
 70
     1
102
RTVSPropertyOp17
 70
     1
102
RTVSPropertyOp18
 70
     1
102
RTVSPropertyOp19
 70
     1
102
RTVSPropertyOp20
 70
     1
102
RTVSPropertyOp21
 70
     1
102
RTVSPropertyOp22
 70
     1
102
RTVSPropertyOp23
 70
     1
102
RTVSPropertyOp24
 70
     1
102
RTVSPropertyOp25
 70
     1
102
RTVSPropertyOp26
 70
     1
102
RTVSPropertyOp27
 70
     1
102
RTVSPropertyOp28
 70
     1
102
RTVSPropertyOp29
 70
     1
102
RTVSPropertyOp30
 70
     1
102
RTVSPropertyOp31
 70
     1
102
RTVSPropertyOp32
 70
     1
102
RTVSPropertyOp33
 70
     1
102
RTVSPropertyOp34
 70
     1
102
RTVSPropertyOp35
 70
     1
102
RTVSPropertyOp36
 70
     1
102
RTVSPropertyOp37
 70
     1
102
RTVSPropertyOp38
 70
     1
102
RTVSPropertyOp39
 70
     1
102
RTVSPropertyOp40
 70
     1
102
RTVSPropertyOp41
 70
     1
102
RTVSPropertyOp42
 70
     1
102
RTVSPropertyOp43
 70
     1
102
RTVSPropertyOp44
 70
     1
102
RTVSPropertyOp45
 70
     1
102
RTVSPropertyOp46
 70
     1
102
RTVSPropertyOp47
 70
     1
102
RTVSPropertyOp48
 70
     1
102
RTVSPropertyOp49
 70
     1
102
RTVSPropertyOp50
 70
     1
102
RTVSPropertyOp51
 70
     0
102
RTVSPropertyOp52
 70
     0
102
RTVSPropertyOp53
 70
     1
102
RTVSPropertyOp54
 70
     1
102
RTVSPropertyOp55
 70
     1
102
RTVSPropertyOp56
 70
     1
102
RTVSPropertyOp57
 70
     1
102
RTVSPost2010Prop28
280
     0
102
RTVSPost2010PropOp28
 70
     1
102
RTVSPost2010Prop29
280
     1
102
RTVSPost2010PropOp29
 70
     1
102
RTVSPost2010Prop30
280
     1
102
RTVSPost2010PropOp30
 70
     1
102
RTVSPost2010Prop31
280
     0
102
RTVSPost2010PropOp31
 70
     1
102
RTVSPost2010Prop32
280
     0
102
RTVSPost2010PropOp32
 70
     1
102
RTVSPost2010Prop33
280
     0
102
RTVSPost2010PropOp33
 70
     1
102
RTVSPost2010Prop34
280
     0
102
RTVSPost2010PropOp34
 70
     1
102
RTVSPost2010Prop35
280
     0
102
RTVSPost2010PropOp35
 70
     1
102
RTVSPost2010Prop36
280
     0
102
RTVSPost2010PropOp36
 70
     1
102
RTVSPost2010Prop37
 90
       50
102
RTVSPost2010PropOp37
 70
     1
102
RTVSPost2010Prop38
140
0.0
102
RTVSPost2010PropOp38
 70
     1
102
RTVSPost2010Prop39
140
1.0
102
RTVSPost2010PropOp39
 70
     1
102
RTVSPost2010Prop40
 90
        0
102
RTVSPost2010PropOp40
 70
     1
102
RTVSPost2010Prop41ColorIndex
 90
       18
102
RTVSPost2010Prop41ColorRGB
 90
        0
102
RTVSPost2010PropOp41
 70
     1
102
RTVSPost2010Prop42
 90
       50
102
RTVSPost2010PropOp42
 70
     1
102
RTVSPost2010Prop43
 90
        3
102
RTVSPost2010PropOp43
 70
     1
102
RTVSPost2010Prop44ColorIndex
 90
        5
102
RTVSPost2010Prop44ColorRGB
 90
      255
102
RTVSPost2010PropOp44
 70
     1
102
RTVSPost2010Prop45
280
     0
102
RTVSPost2010PropOp45
 70
     1
102
RTVSPost2010Prop46
 90
       50
102
RTVSPost2010PropOp46
 70
     1
102
RTVSPost2010Prop47
 90
       50
102
RTVSPost2010PropOp47
 70
     1
102
RTVSPost2010Prop48
 90
       50
102
RTVSPost2010PropOp48
 70
     1
102
RTVSPost2010Prop49
280
     0
102
RTVSPost2010PropOp49
 70
     1
102
RTVSPost2010Prop50
 90
       50
102
RTVSPost2010PropOp50
 70
     1
102
RTVSPost2010Prop51ColorIndex
 90
      256
102
RTVSPost2010Prop51ColorRGB
 90
-16777216
102
RTVSPost2010PropOp51
 70
     0
102
RTVSPost2010Prop52
140
1.0
102
RTVSPost2010PropOp52
 70
     0
102
RTVSPost2010Prop53
 90
        2
102
RTVSPost2010PropOp53
 70
     1
102
RTVSPost2010Prop54
  1
strokes_ogs.tif
102
RTVSPost2010PropOp54
 70
     1
102
RTVSPost2010Prop55
280
     0
102
RTVSPost2010PropOp55
 70
     1
102
RTVSPost2010Prop56
140
1.0
102
RTVSPost2010PropOp56
 70
     1
102
RTVSPost2010Prop57
140
1.0
102
RTVSPost2010PropOp57
 70
     1
  0
XRECORD
  5
203
102
{ACAD_REACTORS
330
202
102
}
330
202
100
AcDbXrecord
280
     1
102
RTVSPropertyOp0
 70
     1
102
RTVSPropertyOp1
 70
     1
102
RTVSPropertyOp2
 70
     1
102
RTVSPropertyOp3
 70
     1
102
RTVSPropertyOp4
 70
     1
102
RTVSPropertyOp5
 70
     1
102
RTVSPropertyOp6
 70
     1
102
RTVSPropertyOp7
 70
     1
102
RTVSPropertyOp8
 70
     1
102
RTVSPropertyOp9
 70
     1
102
RTVSPropertyOp10
 70
     1
102
RTVSPropertyOp11
 70
     1
102
RTVSPropertyOp12
 70
     1
102
RTVSPropertyOp13
 70
     1
102
RTVSPropertyOp14
 70
     1
102
RTVSPropertyOp15
 70
     1
102
RTVSPropertyOp16
 70
     1
102
RTVSPropertyOp17
 70
     1
102
RTVSPropertyOp18
 70
     1
102
RTVSPropertyOp19
 70
     1
102
RTVSPropertyOp20
 70
     1
102
RTVSPropertyOp21
 70
     1
102
RTVSPropertyOp22
 70
     1
102
RTVSPropertyOp23
 70
     1
102
RTVSPropertyOp24
 70
     1
102
RTVSPropertyOp25
 70
     1
102
RTVSPropertyOp26
 70
     1
102
RTVSPropertyOp27
 70
     1
102
RTVSPropertyOp28
 70
     1
102
RTVSPropertyOp29
 70
     1
102
RTVSPropertyOp30
 70
     1
102
RTVSPropertyOp31
 70
     1
102
RTVSPropertyOp32
 70
     1
102
RTVSPropertyOp33
 70
     1
102
RTVSPropertyOp34
 70
     1
102
RTVSPropertyOp35
 70
     1
102
RTVSPropertyOp36
 70
     1
102
RTVSPropertyOp37
 70
     1
102
RTVSPropertyOp38
 70
     1
102
RTVSPropertyOp39
 70
     1
102
RTVSPropertyOp40
 70
     1
102
RTVSPropertyOp41
 70
     1
102
RTVSPropertyOp42
 70
     1
102
RTVSPropertyOp43
 70
     1
102
RTVSPropertyOp44
 70
     1
102
RTVSPropertyOp45
 70
     1
102
RTVSPropertyOp46
 70
     1
102
RTVSPropertyOp47
 70
     1
102
RTVSPropertyOp48
 70
     1
102
RTVSPropertyOp49
 70
     1
102
RTVSPropertyOp50
 70
     1
102
RTVSPropertyOp51
 70
     0
102
RTVSPropertyOp52
 70
     0
102
RTVSPropertyOp53
 70
     1
102
RTVSPropertyOp54
 70
     1
102
RTVSPropertyOp55
 70
     1
102
RTVSPropertyOp56
 70
     1
102
RTVSPropertyOp57
 70
     1
102
RTVSPost2010Prop28
280
     0
102
RTVSPost2010PropOp28
 70
     1
102
RTVSPost2010Prop29
280
     1
102
RTVSPost2010PropOp29
 70
     1
102
RTVSPost2010Prop30
280
     1
102
RTVSPost2010PropOp30
 70
     1
102
RTVSPost2010Prop31
280
     0
102
RTVSPost2010PropOp31
 70
     1
102
RTVSPost2010Prop32
280
     0
102
RTVSPost2010PropOp32
 70
     1
102
RTVSPost2010Prop33
280
     0
102
RTVSPost2010PropOp33
 70
     1
102
RTVSPost2010Prop34
280
     0
102
RTVSPost2010PropOp34
 70
     1
102
RTVSPost2010Prop35
280
     0
102
RTVSPost2010PropOp35
 70
     1
102
RTVSPost2010Prop36
280
     0
102
RTVSPost2010PropOp36
 70
     1
102
RTVSPost2010Prop37
 90
       50
102
RTVSPost2010PropOp37
 70
     1
102
RTVSPost2010Prop38
140
0.0
102
RTVSPost2010PropOp38
 70
     1
102
RTVSPost2010Prop39
140
1.0
102
RTVSPost2010PropOp39
 70
     1
102
RTVSPost2010Prop40
 90
        0
102
RTVSPost2010PropOp40
 70
     1
102
RTVSPost2010Prop41ColorIndex
 90
       18
102
RTVSPost2010Prop41ColorRGB
 90
        0
102
RTVSPost2010PropOp41
 70
     1
102
RTVSPost2010Prop42
 90
       50
102
RTVSPost2010PropOp42
 70
     1
102
RTVSPost2010Prop43
 90
        3
102
RTVSPost2010PropOp43
 70
     1
102
RTVSPost2010Prop44ColorIndex
 90
        5
102
RTVSPost2010Prop44ColorRGB
 90
      255
102
RTVSPost2010PropOp44
 70
     1
102
RTVSPost2010Prop45
280
     0
102
RTVSPost2010PropOp45
 70
     1
102
RTVSPost2010Prop46
 90
       50
102
RTVSPost2010PropOp46
 70
     1
102
RTVSPost2010Prop47
 90
       50
102
RTVSPost2010PropOp47
 70
     1
102
RTVSPost2010Prop48
 90
       50
102
RTVSPost2010PropOp48
 70
     1
102
RTVSPost2010Prop49
280
     0
102
RTVSPost2010PropOp49
 70
     1
102
RTVSPost2010Prop50
 90
       50
102
RTVSPost2010PropOp50
 70
     1
102
RTVSPost2010Prop51ColorIndex
 90
      256
102
RTVSPost2010Prop51ColorRGB
 90
-16777216
102
RTVSPost2010PropOp51
 70
     0
102
RTVSPost2010Prop52
140
1.0
102
RTVSPost2010PropOp52
 70
     0
102
RTVSPost2010Prop53
 90
        2
102
RTVSPost2010PropOp53
 70
     1
102
RTVSPost2010Prop54
  1
strokes_ogs.tif
102
RTVSPost2010PropOp54
 70
     1
102
RTVSPost2010Prop55
280
     0
102
RTVSPost2010PropOp55
 70
     1
102
RTVSPost2010Prop56
140
1.0
102
RTVSPost2010PropOp56
 70
     1
102
RTVSPost2010Prop57
140
1.0
102
RTVSPost2010PropOp57
 70
     1
  0
XRECORD
  5
1F3
102
{ACAD_REACTORS
330
1F2
102
}
330
1F2
100
AcDbXrecord
280
     1
102
RTVSPropertyOp0
 70
     1
102
RTVSPropertyOp1
 70
     1
102
RTVSPropertyOp2
 70
     1
102
RTVSPropertyOp3
 70
     1
102
RTVSPropertyOp4
 70
     1
102
RTVSPropertyOp5
 70
     1
102
RTVSPropertyOp6
 70
     1
102
RTVSPropertyOp7
 70
     1
102
RTVSPropertyOp8
 70
     1
102
RTVSPropertyOp9
 70
     1
102
RTVSPropertyOp10
 70
     1
102
RTVSPropertyOp11
 70
     1
102
RTVSPropertyOp12
 70
     1
102
RTVSPropertyOp13
 70
     1
102
RTVSPropertyOp14
 70
     1
102
RTVSPropertyOp15
 70
     1
102
RTVSPropertyOp16
 70
     1
102
RTVSPropertyOp17
 70
     1
102
RTVSPropertyOp18
 70
     1
102
RTVSPropertyOp19
 70
     1
102
RTVSPropertyOp20
 70
     1
102
RTVSPropertyOp21
 70
     1
102
RTVSPropertyOp22
 70
     1
102
RTVSPropertyOp23
 70
     1
102
RTVSPropertyOp24
 70
     1
102
RTVSPropertyOp25
 70
     1
102
RTVSPropertyOp26
 70
     1
102
RTVSPropertyOp27
 70
     1
102
RTVSPropertyOp28
 70
     1
102
RTVSPropertyOp29
 70
     1
102
RTVSPropertyOp30
 70
     1
102
RTVSPropertyOp31
 70
     1
102
RTVSPropertyOp32
 70
     1
102
RTVSPropertyOp33
 70
     1
102
RTVSPropertyOp34
 70
     1
102
RTVSPropertyOp35
 70
     1
102
RTVSPropertyOp36
 70
     1
102
RTVSPropertyOp37
 70
     1
102
RTVSPropertyOp38
 70
     1
102
RTVSPropertyOp39
 70
     1
102
RTVSPropertyOp40
 70
     1
102
RTVSPropertyOp41
 70
     1
102
RTVSPropertyOp42
 70
     1
102
RTVSPropertyOp43
 70
     1
102
RTVSPropertyOp44
 70
     1
102
RTVSPropertyOp45
 70
     1
102
RTVSPropertyOp46
 70
     1
102
RTVSPropertyOp47
 70
     1
102
RTVSPropertyOp48
 70
     1
102
RTVSPropertyOp49
 70
     1
102
RTVSPropertyOp50
 70
     1
102
RTVSPropertyOp51
 70
     0
102
RTVSPropertyOp52
 70
     0
102
RTVSPropertyOp53
 70
     1
102
RTVSPropertyOp54
 70
     1
102
RTVSPropertyOp55
 70
     1
102
RTVSPropertyOp56
 70
     1
102
RTVSPropertyOp57
 70
     1
102
RTVSPost2010Prop28
280
     0
102
RTVSPost2010PropOp28
 70
     1
102
RTVSPost2010Prop29
280
     1
102
RTVSPost2010PropOp29
 70
     1
102
RTVSPost2010Prop30
280
     1
102
RTVSPost2010PropOp30
 70
     1
102
RTVSPost2010Prop31
280
     0
102
RTVSPost2010PropOp31
 70
     1
102
RTVSPost2010Prop32
280
     0
102
RTVSPost2010PropOp32
 70
     1
102
RTVSPost2010Prop33
280
     0
102
RTVSPost2010PropOp33
 70
     1
102
RTVSPost2010Prop34
280
     0
102
RTVSPost2010PropOp34
 70
     1
102
RTVSPost2010Prop35
280
     0
102
RTVSPost2010PropOp35
 70
     1
102
RTVSPost2010Prop36
280
     0
102
RTVSPost2010PropOp36
 70
     1
102
RTVSPost2010Prop37
 90
       50
102
RTVSPost2010PropOp37
 70
     1
102
RTVSPost2010Prop38
140
0.0
102
RTVSPost2010PropOp38
 70
     1
102
RTVSPost2010Prop39
140
1.0
102
RTVSPost2010PropOp39
 70
     1
102
RTVSPost2010Prop40
 90
        0
102
RTVSPost2010PropOp40
 70
     1
102
RTVSPost2010Prop41ColorIndex
 90
       18
102
RTVSPost2010Prop41ColorRGB
 90
        0
102
RTVSPost2010PropOp41
 70
     1
102
RTVSPost2010Prop42
 90
       50
102
RTVSPost2010PropOp42
 70
     1
102
RTVSPost2010Prop43
 90
        3
102
RTVSPost2010PropOp43
 70
     1
102
RTVSPost2010Prop44ColorIndex
 90
        5
102
RTVSPost2010Prop44ColorRGB
 90
      255
102
RTVSPost2010PropOp44
 70
     1
102
RTVSPost2010Prop45
280
     0
102
RTVSPost2010PropOp45
 70
     1
102
RTVSPost2010Prop46
 90
       50
102
RTVSPost2010PropOp46
 70
     1
102
RTVSPost2010Prop47
 90
       50
102
RTVSPost2010PropOp47
 70
     1
102
RTVSPost2010Prop48
 90
       50
102
RTVSPost2010PropOp48
 70
     1
102
RTVSPost2010Prop49
280
     0
102
RTVSPost2010PropOp49
 70
     1
102
RTVSPost2010Prop50
 90
       50
102
RTVSPost2010PropOp50
 70
     1
102
RTVSPost2010Prop51ColorIndex
 90
      256
102
RTVSPost2010Prop51ColorRGB
 90
-16777216
102
RTVSPost2010PropOp51
 70
     0
102
RTVSPost2010Prop52
140
1.0
102
RTVSPost2010PropOp52
 70
     0
102
RTVSPost2010Prop53
 90
        2
102
RTVSPost2010PropOp53
 70
     1
102
RTVSPost2010Prop54
  1
strokes_ogs.tif
102
RTVSPost2010PropOp54
 70
     1
102
RTVSPost2010Prop55
280
     0
102
RTVSPost2010PropOp55
 70
     1
102
RTVSPost2010Prop56
140
1.0
102
RTVSPost2010PropOp56
 70
     1
102
RTVSPost2010Prop57
140
1.0
102
RTVSPost2010PropOp57
 70
     1
  0
XRECORD
  5
1E5
102
{ACAD_REACTORS
330
1E4
102
}
330
1E4
100
AcDbXrecord
280
     1
102
RTVSPropertyOp0
 70
     1
102
RTVSPropertyOp1
 70
     1
102
RTVSPropertyOp2
 70
     1
102
RTVSPropertyOp3
 70
     1
102
RTVSPropertyOp4
 70
     1
102
RTVSPropertyOp5
 70
     1
102
RTVSPropertyOp6
 70
     1
102
RTVSPropertyOp7
 70
     1
102
RTVSPropertyOp8
 70
     1
102
RTVSPropertyOp9
 70
     1
102
RTVSPropertyOp10
 70
     1
102
RTVSPropertyOp11
 70
     1
102
RTVSPropertyOp12
 70
     1
102
RTVSPropertyOp13
 70
     1
102
RTVSPropertyOp14
 70
     1
102
RTVSPropertyOp15
 70
     1
102
RTVSPropertyOp16
 70
     1
102
RTVSPropertyOp17
 70
     1
102
RTVSPropertyOp18
 70
     1
102
RTVSPropertyOp19
 70
     1
102
RTVSPropertyOp20
 70
     1
102
RTVSPropertyOp21
 70
     1
102
RTVSPropertyOp22
 70
     1
102
RTVSPropertyOp23
 70
     1
102
RTVSPropertyOp24
 70
     1
102
RTVSPropertyOp25
 70
     1
102
RTVSPropertyOp26
 70
     1
102
RTVSPropertyOp27
 70
     1
102
RTVSPropertyOp28
 70
     1
102
RTVSPropertyOp29
 70
     1
102
RTVSPropertyOp30
 70
     1
102
RTVSPropertyOp31
 70
     1
102
RTVSPropertyOp32
 70
     1
102
RTVSPropertyOp33
 70
     1
102
RTVSPropertyOp34
 70
     1
102
RTVSPropertyOp35
 70
     1
102
RTVSPropertyOp36
 70
     1
102
RTVSPropertyOp37
 70
     1
102
RTVSPropertyOp38
 70
     1
102
RTVSPropertyOp39
 70
     1
102
RTVSPropertyOp40
 70
     1
102
RTVSPropertyOp41
 70
     1
102
RTVSPropertyOp42
 70
     1
102
RTVSPropertyOp43
 70
     1
102
RTVSPropertyOp44
 70
     1
102
RTVSPropertyOp45
 70
     1
102
RTVSPropertyOp46
 70
     1
102
RTVSPropertyOp47
 70
     1
102
RTVSPropertyOp48
 70
     1
102
RTVSPropertyOp49
 70
     1
102
RTVSPropertyOp50
 70
     1
102
RTVSPropertyOp51
 70
     0
102
RTVSPropertyOp52
 70
     0
102
RTVSPropertyOp53
 70
     1
102
RTVSPropertyOp54
 70
     1
102
RTVSPropertyOp55
 70
     1
102
RTVSPropertyOp56
 70
     1
102
RTVSPropertyOp57
 70
     1
102
RTVSPost2010Prop28
280
     0
102
RTVSPost2010PropOp28
 70
     1
102
RTVSPost2010Prop29
280
     1
102
RTVSPost2010PropOp29
 70
     1
102
RTVSPost2010Prop30
280
     1
102
RTVSPost2010PropOp30
 70
     1
102
RTVSPost2010Prop31
280
     0
102
RTVSPost2010PropOp31
 70
     1
102
RTVSPost2010Prop32
280
     0
102
RTVSPost2010PropOp32
 70
     1
102
RTVSPost2010Prop33
280
     0
102
RTVSPost2010PropOp33
 70
     1
102
RTVSPost2010Prop34
280
     0
102
RTVSPost2010PropOp34
 70
     1
102
RTVSPost2010Prop35
280
     0
102
RTVSPost2010PropOp35
 70
     1
102
RTVSPost2010Prop36
280
     0
102
RTVSPost2010PropOp36
 70
     1
102
RTVSPost2010Prop37
 90
       50
102
RTVSPost2010PropOp37
 70
     1
102
RTVSPost2010Prop38
140
0.0
102
RTVSPost2010PropOp38
 70
     1
102
RTVSPost2010Prop39
140
1.0
102
RTVSPost2010PropOp39
 70
     1
102
RTVSPost2010Prop40
 90
        0
102
RTVSPost2010PropOp40
 70
     1
102
RTVSPost2010Prop41ColorIndex
 90
       18
102
RTVSPost2010Prop41ColorRGB
 90
        0
102
RTVSPost2010PropOp41
 70
     1
102
RTVSPost2010Prop42
 90
       50
102
RTVSPost2010PropOp42
 70
     1
102
RTVSPost2010Prop43
 90
        3
102
RTVSPost2010PropOp43
 70
     1
102
RTVSPost2010Prop44ColorIndex
 90
        5
102
RTVSPost2010Prop44ColorRGB
 90
      255
102
RTVSPost2010PropOp44
 70
     1
102
RTVSPost2010Prop45
280
     0
102
RTVSPost2010PropOp45
 70
     1
102
RTVSPost2010Prop46
 90
       50
102
RTVSPost2010PropOp46
 70
     1
102
RTVSPost2010Prop47
 90
       50
102
RTVSPost2010PropOp47
 70
     1
102
RTVSPost2010Prop48
 90
       50
102
RTVSPost2010PropOp48
 70
     1
102
RTVSPost2010Prop49
280
     0
102
RTVSPost2010PropOp49
 70
     1
102
RTVSPost2010Prop50
 90
       50
102
RTVSPost2010PropOp50
 70
     1
102
RTVSPost2010Prop51ColorIndex
 90
      256
102
RTVSPost2010Prop51ColorRGB
 90
-16777216
102
RTVSPost2010PropOp51
 70
     0
102
RTVSPost2010Prop52
140
1.0
102
RTVSPost2010PropOp52
 70
     0
102
RTVSPost2010Prop53
 90
        2
102
RTVSPost2010PropOp53
 70
     1
102
RTVSPost2010Prop54
  1
strokes_ogs.tif
102
RTVSPost2010PropOp54
 70
     1
102
RTVSPost2010Prop55
280
     0
102
RTVSPost2010PropOp55
 70
     1
102
RTVSPost2010Prop56
140
1.0
102
RTVSPost2010PropOp56
 70
     1
102
RTVSPost2010Prop57
140
1.0
102
RTVSPost2010PropOp57
 70
     1
  0
XRECORD
  5
205
102
{ACAD_REACTORS
330
204
102
}
330
204
100
AcDbXrecord
280
     1
102
RTVSPropertyOp0
 70
     1
102
RTVSPropertyOp1
 70
     1
102
RTVSPropertyOp2
 70
     1
102
RTVSPropertyOp3
 70
     1
102
RTVSPropertyOp4
 70
     1
102
RTVSPropertyOp5
 70
     1
102
RTVSPropertyOp6
 70
     1
102
RTVSPropertyOp7
 70
     1
102
RTVSPropertyOp8
 70
     1
102
RTVSPropertyOp9
 70
     1
102
RTVSPropertyOp10
 70
     1
102
RTVSPropertyOp11
 70
     1
102
RTVSPropertyOp12
 70
     1
102
RTVSPropertyOp13
 70
     1
102
RTVSPropertyOp14
 70
     1
102
RTVSPropertyOp15
 70
     1
102
RTVSPropertyOp16
 70
     1
102
RTVSPropertyOp17
 70
     1
102
RTVSPropertyOp18
 70
     1
102
RTVSPropertyOp19
 70
     1
102
RTVSPropertyOp20
 70
     1
102
RTVSPropertyOp21
 70
     1
102
RTVSPropertyOp22
 70
     1
102
RTVSPropertyOp23
 70
     1
102
RTVSPropertyOp24
 70
     1
102
RTVSPropertyOp25
 70
     1
102
RTVSPropertyOp26
 70
     1
102
RTVSPropertyOp27
 70
     1
102
RTVSPropertyOp28
 70
     1
102
RTVSPropertyOp29
 70
     1
102
RTVSPropertyOp30
 70
     1
102
RTVSPropertyOp31
 70
     1
102
RTVSPropertyOp32
 70
     1
102
RTVSPropertyOp33
 70
     1
102
RTVSPropertyOp34
 70
     1
102
RTVSPropertyOp35
 70
     1
102
RTVSPropertyOp36
 70
     1
102
RTVSPropertyOp37
 70
     1
102
RTVSPropertyOp38
 70
     1
102
RTVSPropertyOp39
 70
     1
102
RTVSPropertyOp40
 70
     1
102
RTVSPropertyOp41
 70
     1
102
RTVSPropertyOp42
 70
     1
102
RTVSPropertyOp43
 70
     1
102
RTVSPropertyOp44
 70
     1
102
RTVSPropertyOp45
 70
     1
102
RTVSPropertyOp46
 70
     1
102
RTVSPropertyOp47
 70
     1
102
RTVSPropertyOp48
 70
     1
102
RTVSPropertyOp49
 70
     1
102
RTVSPropertyOp50
 70
     1
102
RTVSPropertyOp51
 70
     0
102
RTVSPropertyOp52
 70
     0
102
RTVSPropertyOp53
 70
     1
102
RTVSPropertyOp54
 70
     1
102
RTVSPropertyOp55
 70
     1
102
RTVSPropertyOp56
 70
     1
102
RTVSPropertyOp57
 70
     1
102
RTVSPost2010Prop28
280
     0
102
RTVSPost2010PropOp28
 70
     1
102
RTVSPost2010Prop29
280
     1
102
RTVSPost2010PropOp29
 70
     1
102
RTVSPost2010Prop30
280
     1
102
RTVSPost2010PropOp30
 70
     1
102
RTVSPost2010Prop31
280
     0
102
RTVSPost2010PropOp31
 70
     1
102
RTVSPost2010Prop32
280
     0
102
RTVSPost2010PropOp32
 70
     1
102
RTVSPost2010Prop33
280
     0
102
RTVSPost2010PropOp33
 70
     1
102
RTVSPost2010Prop34
280
     0
102
RTVSPost2010PropOp34
 70
     1
102
RTVSPost2010Prop35
280
     0
102
RTVSPost2010PropOp35
 70
     1
102
RTVSPost2010Prop36
280
     0
102
RTVSPost2010PropOp36
 70
     1
102
RTVSPost2010Prop37
 90
       50
102
RTVSPost2010PropOp37
 70
     1
102
RTVSPost2010Prop38
140
0.0
102
RTVSPost2010PropOp38
 70
     1
102
RTVSPost2010Prop39
140
1.0
102
RTVSPost2010PropOp39
 70
     1
102
RTVSPost2010Prop40
 90
        0
102
RTVSPost2010PropOp40
 70
     1
102
RTVSPost2010Prop41ColorIndex
 90
       18
102
RTVSPost2010Prop41ColorRGB
 90
        0
102
RTVSPost2010PropOp41
 70
     1
102
RTVSPost2010Prop42
 90
       50
102
RTVSPost2010PropOp42
 70
     1
102
RTVSPost2010Prop43
 90
        3
102
RTVSPost2010PropOp43
 70
     1
102
RTVSPost2010Prop44ColorIndex
 90
        5
102
RTVSPost2010Prop44ColorRGB
 90
      255
102
RTVSPost2010PropOp44
 70
     1
102
RTVSPost2010Prop45
280
     0
102
RTVSPost2010PropOp45
 70
     1
102
RTVSPost2010Prop46
 90
       50
102
RTVSPost2010PropOp46
 70
     1
102
RTVSPost2010Prop47
 90
       50
102
RTVSPost2010PropOp47
 70
     1
102
RTVSPost2010Prop48
 90
       50
102
RTVSPost2010PropOp48
 70
     1
102
RTVSPost2010Prop49
280
     0
102
RTVSPost2010PropOp49
 70
     1
102
RTVSPost2010Prop50
 90
       50
102
RTVSPost2010PropOp50
 70
     1
102
RTVSPost2010Prop51ColorIndex
 90
      256
102
RTVSPost2010Prop51ColorRGB
 90
-16777216
102
RTVSPost2010PropOp51
 70
     0
102
RTVSPost2010Prop52
140
1.0
102
RTVSPost2010PropOp52
 70
     0
102
RTVSPost2010Prop53
 90
        2
102
RTVSPost2010PropOp53
 70
     1
102
RTVSPost2010Prop54
  1
strokes_ogs.tif
102
RTVSPost2010PropOp54
 70
     1
102
RTVSPost2010Prop55
280
     0
102
RTVSPost2010PropOp55
 70
     1
102
RTVSPost2010Prop56
140
1.0
102
RTVSPost2010PropOp56
 70
     1
102
RTVSPost2010Prop57
140
1.0
102
RTVSPost2010PropOp57
 70
     1
  0
ENDSEC
  0
EOF
