  0
SECTION
  2
HEADER
  9
$ACADVER
  1
AC1014
  9
$ACADMAINTVER
 70
     9
  9
$DWGCODEPAGE
  3
ANSI_1252
  9
$INSBASE
 10
0.0
 20
0.0
 30
0.0
  9
$EXTMIN
 10
-383.5401831263452
 20
-600.2499989235238
 30
-0.0000000000801883
  9
$EXTMAX
 10
366.4598168707544
 20
600.2500010770555
 30
0.0000000000335737
  9
$LIMMIN
 10
0.0
 20
0.0
  9
$LIMMAX
 10
12.0
 20
9.0
  9
$ORTHOMODE
 70
     0
  9
$REGENMODE
 70
     1
  9
$FILLMODE
 70
     1
  9
$QTEXTMODE
 70
     0
  9
$MIRRTEXT
 70
     1
  9
$DRAGMODE
 70
     2
  9
$LTSCALE
 40
1.0
  9
$OSMODE
 70
    37
  9
$ATTMODE
 70
     1
  9
$TEXTSIZE
 40
0.2
  9
$TRACEWID
 40
0.05
  9
$TEXTSTYLE
  7
STANDARD
  9
$CLAYER
  8
0
  9
$CELTYPE
  6
BYLAYER
  9
$CECOLOR
 62
   256
  9
$CELTSCALE
 40
1.0
  9
$DELOBJ
 70
     1
  9
$DISPSILH
 70
     0
  9
$DIMSCALE
 40
1.0
  9
$DIMASZ
 40
0.18
  9
$DIMEXO
 40
0.0625
  9
$DIMDLI
 40
0.38
  9
$DIMRND
 40
0.0
  9
$DIMDLE
 40
0.0
  9
$DIMEXE
 40
0.18
  9
$DIMTP
 40
0.0
  9
$DIMTM
 40
0.0
  9
$DIMTXT
 40
0.18
  9
$DIMCEN
 40
0.09
  9
$DIMTSZ
 40
0.0
  9
$DIMTOL
 70
     0
  9
$DIMLIM
 70
     0
  9
$DIMTIH
 70
     1
  9
$DIMTOH
 70
     1
  9
$DIMSE1
 70
     0
  9
$DIMSE2
 70
     0
  9
$DIMTAD
 70
     0
  9
$DIMZIN
 70
     0
  9
$DIMBLK
  1

  9
$DIMASO
 70
     1
  9
$DIMSHO
 70
     1
  9
$DIMPOST
  1

  9
$DIMAPOST
  1

  9
$DIMALT
 70
     0
  9
$DIMALTD
 70
     2
  9
$DIMALTF
 40
25.4
  9
$DIMLFAC
 40
1.0
  9
$DIMTOFL
 70
     0
  9
$DIMTVP
 40
0.0
  9
$DIMTIX
 70
     0
  9
$DIMSOXD
 70
     0
  9
$DIMSAH
 70
     0
  9
$DIMBLK1
  1

  9
$DIMBLK2
  1

  9
$DIMSTYLE
  2
STANDARD_ACAD
  9
$DIMCLRD
 70
     0
  9
$DIMCLRE
 70
     0
  9
$DIMCLRT
 70
     0
  9
$DIMTFAC
 40
1.0
  9
$DIMGAP
 40
0.09
  9
$DIMJUST
 70
     0
  9
$DIMSD1
 70
     0
  9
$DIMSD2
 70
     0
  9
$DIMTOLJ
 70
     1
  9
$DIMTZIN
 70
     0
  9
$DIMALTZ
 70
     0
  9
$DIMALTTZ
 70
     0
  9
$DIMFIT
 70
     5
  9
$DIMUPT
 70
     0
  9
$DIMUNIT
 70
     2
  9
$DIMDEC
 70
     4
  9
$DIMTDEC
 70
     4
  9
$DIMALTU
 70
     2
  9
$DIMALTTD
 70
     2
  9
$DIMTXSTY
  7
STANDARD
  9
$DIMAUNIT
 70
     0
  9
$LUNITS
 70
     2
  9
$LUPREC
 70
     3
  9
$SKETCHINC
 40
0.1
  9
$FILLETRAD
 40
0.0
  9
$AUNITS
 70
     0
  9
$AUPREC
 70
     0
  9
$MENU
  1
.
  9
$ELEVATION
 40
0.0
  9
$PELEVATION
 40
0.0
  9
$THICKNESS
 40
0.0
  9
$LIMCHECK
 70
     0
  9
$CHAMFERA
 40
0.0
  9
$CHAMFERB
 40
0.0
  9
$CHAMFERC
 40
0.0
  9
$CHAMFERD
 40
0.0
  9
$SKPOLY
 70
     0
  9
$TDCREATE
 40
2461243.631149236
  9
$TDUPDATE
 40
2461243.631149422
  9
$TDINDWG
 40
0.0000000116
  9
$TDUSRTIMER
 40
0.0000000116
  9
$USRTIMER
 70
     1
  9
$ANGBASE
 50
0.0
  9
$ANGDIR
 70
     0
  9
$PDMODE
 70
     0
  9
$PDSIZE
 40
0.0
  9
$PLINEWID
 40
0.0
  9
$COORDS
 70
     1
  9
$SPLFRAME
 70
     0
  9
$SPLINETYPE
 70
     6
  9
$SPLINESEGS
 70
     8
  9
$ATTDIA
 70
     0
  9
$ATTREQ
 70
     1
  9
$HANDLING
 70
     1
  9
$HANDSEED
  5
403
  9
$SURFTAB1
 70
     6
  9
$SURFTAB2
 70
     6
  9
$SURFTYPE
 70
     6
  9
$SURFU
 70
     6
  9
$SURFV
 70
     6
  9
$UCSNAME
  2

  9
$UCSORG
 10
0.0
 20
0.0
 30
0.0
  9
$UCSXDIR
 10
1.0
 20
0.0
 30
0.0
  9
$UCSYDIR
 10
0.0
 20
1.0
 30
0.0
  9
$PUCSNAME
  2

  9
$PUCSORG
 10
0.0
 20
0.0
 30
0.0
  9
$PUCSXDIR
 10
1.0
 20
0.0
 30
0.0
  9
$PUCSYDIR
 10
0.0
 20
1.0
 30
0.0
  9
$USERI1
 70
     0
  9
$USERI2
 70
     0
  9
$USERI3
 70
     0
  9
$USERI4
 70
     0
  9
$USERI5
 70
     0
  9
$USERR1
 40
0.0
  9
$USERR2
 40
0.0
  9
$USERR3
 40
0.0
  9
$USERR4
 40
0.0
  9
$USERR5
 40
0.0
  9
$WORLDVIEW
 70
     1
  9
$SHADEDGE
 70
     3
  9
$SHADEDIF
 70
    70
  9
$TILEMODE
 70
     1
  9
$MAXACTVP
 70
    64
  9
$PINSBASE
 10
0.0
 20
0.0
 30
0.0
  9
$PLIMCHECK
 70
     0
  9
$PEXTMIN
 10
1.000000000000000E+20
 20
1.000000000000000E+20
 30
1.000000000000000E+20
  9
$PEXTMAX
 10
-1.000000000000000E+20
 20
-1.000000000000000E+20
 30
-1.000000000000000E+20
  9
$PLIMMIN
 10
0.0
 20
0.0
  9
$PLIMMAX
 10
12.0
 20
9.0
  9
$UNITMODE
 70
     0
  9
$VISRETAIN
 70
     1
  9
$PLINEGEN
 70
     0
  9
$PSLTSCALE
 70
     1
  9
$TREEDEPTH
 70
  3020
  9
$PICKSTYLE
 70
     1
  9
$CMLSTYLE
  2
STANDARD
  9
$CMLJUST
 70
     0
  9
$CMLSCALE
 40
1.0
  9
$PROXYGRAPHICS
 70
     1
  9
$MEASUREMENT
 70
     1
  0
ENDSEC
  0
SECTION
  2
CLASSES
  0
CLASS
  1
ACDBDICTIONARYWDFLT
  2
AcDbDictionaryWithDefault
  3
ObjectDBX Classes
 90
        0
280
     0
281
     0
  0
CLASS
  1
VISUALSTYLE
  2
AcDbVisualStyle
  3
ObjectDBX Classes
 90
     4095
280
     0
281
     0
  0
CLASS
  1
MATERIAL
  2
AcDbMaterial
  3
ObjectDBX Classes
 90
     1153
280
     0
281
     0
  0
CLASS
  1
SCALE
  2
AcDbScale
  3
ObjectDBX Classes
 90
     1153
280
     0
281
     0
  0
CLASS
  1
TABLESTYLE
  2
AcDbTableStyle
  3
ObjectDBX Classes
 90
     4095
280
     0
281
     0
  0
CLASS
  1
MLEADERSTYLE
  2
AcDbMLeaderStyle
  3
ACDB_MLEADERSTYLE_CLASS
 90
     4095
280
     0
281
     0
  0
CLASS
  1
SUN
  2
AcDbSun
  3
SCENEOE
 90
     1153
280
     0
281
     0
  0
CLASS
  1
DICTIONARYVAR
  2
AcDbDictionaryVar
  3
ObjectDBX Classes
 90
        0
280
     0
281
     0
  0
CLASS
  1
XRECORD
  2
AcDbXrecord
  3
ObjectDBX Classes
 90
        0
280
     0
281
     0
  0
CLASS
  1
LWPOLYLINE
  2
AcDbPolyline
  3
ObjectDBX Classes
 90
        0
280
     0
281
     1
  0
CLASS
  1
HATCH
  2
AcDbHatch
  3
ObjectDBX Classes
 90
        0
280
     0
281
     1
  0
CLASS
  1
ACDBPLACEHOLDER
  2
AcDbPlaceHolder
  3
ObjectDBX Classes
 90
        0
280
     0
281
     0
  0
CLASS
  1
LAYOUT
  2
AcDbLayout
  3
ObjectDBX Classes
 90
        0
280
     0
281
     0
  0
ENDSEC
  0
SECTION
  2
TABLES
  0
TABLE
  2
VPORT
  5
8
102
{ACAD_XDICTIONARY
360
3F8
102
}
330
0
100
AcDbSymbolTable
 70
     1
  0
VPORT
  5
29
330
8
100
AcDbSymbolTableRecord
100
AcDbViewportTableRecord
  2
*ACTIVE
 70
     0
 10
0.0
 20
0.0
 11
1.0
 21
1.0
 12
10.42990654205607
 22
4.5
 13
0.0
 23
0.0
 14
0.5
 24
0.5
 15
0.5
 25
0.5
 16
0.0
 26
0.0
 36
1.0
 17
0.0
 27
0.0
 37
0.0
 40
9.0
 41
1.972972972850329
 42
50.0
 43
0.0
 44
0.0
 50
0.0
 51
0.0
 71
     0
 72
   100
 73
     1
 74
     3
 75
     0
 76
     0
 77
     0
 78
     0
  0
ENDTAB
  0
TABLE
  2
LTYPE
  5
5
330
0
100
AcDbSymbolTable
 70
     1
  0
LTYPE
  5
14
330
5
100
AcDbSymbolTableRecord
100
AcDbLinetypeTableRecord
  2
BYBLOCK
 70
     0
  3

 72
    65
 73
     0
 40
0.0
  0
LTYPE
  5
15
330
5
100
AcDbSymbolTableRecord
100
AcDbLinetypeTableRecord
  2
BYLAYER
 70
     0
  3

 72
    65
 73
     0
 40
0.0
  0
LTYPE
  5
16
330
5
100
AcDbSymbolTableRecord
100
AcDbLinetypeTableRecord
  2
CONTINUOUS
 70
     0
  3
Solid line
 72
    65
 73
     0
 40
0.0
  0
ENDTAB
  0
TABLE
  2
LAYER
  5
2
330
0
100
AcDbSymbolTable
 70
     5
  0
LAYER
  5
10
330
2
100
AcDbSymbolTableRecord
100
AcDbLayerTableRecord
  2
0
 70
     0
 62
     7
  6
CONTINUOUS
  0
LAYER
  5
5F
330
2
100
AcDbSymbolTableRecord
100
AcDbLayerTableRecord
  2
1_ANYTOOL_1MMDEEP_LABELS_S
 70
     0
 62
     2
  6
CONTINUOUS
  0
LAYER
  5
1B0
330
2
100
AcDbSymbolTableRecord
100
AcDbLayerTableRecord
  2
5_ANYTOOL_HALF_MILL_9MM_IN
 70
     0
 62
     3
  6
CONTINUOUS
  0
LAYER
  5
247
330
2
100
AcDbSymbolTableRecord
100
AcDbLayerTableRecord
  2
3_ANYTOOL_CUTTHROUGH_INSID
 70
     0
 62
     4
  6
CONTINUOUS
  0
LAYER
  5
270
330
2
100
AcDbSymbolTableRecord
100
AcDbLayerTableRecord
  2
4_ANYTOOL_CUTTHROUGH_OUTSI
 70
     0
 62
     5
  6
CONTINUOUS
  0
ENDTAB
  0
TABLE
  2
STYLE
  5
3
330
0
100
AcDbSymbolTable
 70
     1
  0
STYLE
  5
11
330
3
100
AcDbSymbolTableRecord
100
AcDbTextStyleTableRecord
  2
STANDARD
 70
     0
 40
0.0
 41
1.0
 50
0.0
 71
     0
 42
0.2
  3
txt
  4

  0
ENDTAB
  0
TABLE
  2
VIEW
  5
6
330
0
100
AcDbSymbolTable
 70
     0
  0
ENDTAB
  0
TABLE
  2
UCS
  5
7
330
0
100
AcDbSymbolTable
 70
     0
  0
ENDTAB
  0
TABLE
  2
APPID
  5
9
330
0
100
AcDbSymbolTable
 70
     3
  0
APPID
  5
12
330
9
100
AcDbSymbolTableRecord
100
AcDbRegAppTableRecord
  2
ACAD
 70
     0
  0
APPID
  5
5E
330
9
100
AcDbSymbolTableRecord
100
AcDbRegAppTableRecord
  2
RHINO
 70
     0
  0
APPID
  5
402
330
9
100
AcDbSymbolTableRecord
100
AcDbRegAppTableRecord
  2
ACAD_MLEADERVER
 70
     0
  0
ENDTAB
  0
TABLE
  2
DIMSTYLE
  5
A
330
0
100
AcDbSymbolTable
 70
     1
  0
DIMSTYLE
105
27
330
A
100
AcDbSymbolTableRecord
100
AcDbDimStyleTableRecord
  2
STANDARD_ACAD
 70
     0
  3

  4

  5

  6

  7

 40
1.0
 41
0.18
 42
0.0625
 43
0.38
 44
0.18
 45
0.0
 46
0.0
 47
0.0
 48
0.0
140
0.18
141
0.09
142
0.0
143
25.4
144
1.0
145
0.0
146
1.0
147
0.09
 71
     0
 72
     0
 73
     1
 74
     1
 75
     0
 76
     0
 77
     0
 78
     0
170
     0
171
     2
172
     0
173
     0
174
     0
175
     0
176
     0
177
     0
178
     0
270
     2
271
     4
272
     4
273
     2
274
     2
340
11
275
     0
280
     0
281
     0
282
     0
283
     1
284
     0
285
     0
286
     0
287
     3
288
     0
  0
ENDTAB
  0
TABLE
  2
BLOCK_RECORD
  5
1
330
0
100
AcDbSymbolTable
 70
     0
  0
BLOCK_RECORD
  5
1F
330
1
100
AcDbSymbolTableRecord
100
AcDbBlockTableRecord
  2
*MODEL_SPACE
  0
BLOCK_RECORD
  5
1B
330
1
100
AcDbSymbolTableRecord
100
AcDbBlockTableRecord
  2
*PAPER_SPACE
  0
ENDTAB
  0
ENDSEC
  0
SECTION
  2
BLOCKS
  0
BLOCK
  5
20
330
1F
100
AcDbEntity
  8
0
100
AcDbBlockBegin
  2
*MODEL_SPACE
 70
     0
 10
0.0
 20
0.0
 30
0.0
  3
*MODEL_SPACE
  1

  0
ENDBLK
  5
21
330
1F
100
AcDbEntity
  8
0
100
AcDbBlockEnd
  0
BLOCK
  5
1C
330
1B
100
AcDbEntity
 67
     1
  8
0
100
AcDbBlockBegin
  2
*PAPER_SPACE
 70
     0
 10
0.0
 20
0.0
 30
0.0
  3
*PAPER_SPACE
  1

  0
ENDBLK
  5
1D
330
1B
100
AcDbEntity
 67
     1
  8
0
100
AcDbBlockEnd
  0
ENDSEC
  0
SECTION
  2
ENTITIES
  0
POLYLINE
  5
60
330
1F
100
AcDbEntity
  8
1_ANYTOOL_1MMDEEP_LABELS_S
100
AcDb2dPolyline
 66
     1
 10
0.0
 20
0.0
 30
0.0
  0
VERTEX
  5
61
330
60
100
AcDbEntity
  8
1_ANYTOOL_1MMDEEP_LABELS_S
100
AcDbVertex
100
AcDb2dVertex
 10
0.0000000000025011
 20
1.285714285717404
 30
0.0
  0
VERTEX
  5
62
330
60
100
AcDbEntity
  8
1_ANYTOOL_1MMDEEP_LABELS_S
100
AcDbVertex
100
AcDb2dVertex
 10
30.0000000000025
 20
9.0
 30
0.0
  0
VERTEX
  5
63
330
60
100
AcDbEntity
  8
1_ANYTOOL_1MMDEEP_LABELS_S
100
AcDbVertex
100
AcDb2dVertex
 10
0.9000000000024784
 20
17.44285714285797
 30
0.0
  0
VERTEX
  5
64
330
60
100
AcDbEntity
  8
1_ANYTOOL_1MMDEEP_LABELS_S
100
AcDbVertex
100
AcDb2dVertex
 10
30.0000000000025
 20
25.92857142857247
 30
0.0
  0
VERTEX
  5
65
330
60
100
AcDbEntity
  8
1_ANYTOOL_1MMDEEP_LABELS_S
100
AcDbVertex
100
AcDb2dVertex
 10
0.0000000000025011
 20
33.42857142857247
 30
0.0
  0
SEQEND
  5
66
330
60
100
AcDbEntity
  8
1_ANYTOOL_1MMDEEP_LABELS_S
  0
LINE
  5
67
330
1F
100
AcDbEntity
  8
1_ANYTOOL_1MMDEEP_LABELS_S
100
AcDbLine
 10
16.11428571428826
 20
45.64285714285506
 30
0.0
 11
16.20000000000255
 21
36.85714285714494
 31
0.0
  0
POLYLINE
  5
68
330
1F
100
AcDbEntity
  8
1_ANYTOOL_1MMDEEP_LABELS_S
100
AcDb2dPolyline
 66
     1
 10
0.0
 20
0.0
 30
0.0
 70
     1
  0
VERTEX
  5
69
330
68
100
AcDbEntity
  8
1_ANYTOOL_1MMDEEP_LABELS_S
100
AcDbVertex
100
AcDb2dVertex
 10
-0.3428571428546547
 20
61.7142857142826
 30
0.0
  0
VERTEX
  5
6A
330
68
100
AcDbEntity
  8
1_ANYTOOL_1MMDEEP_LABELS_S
100
AcDbVertex
100
AcDb2dVertex
 10
-0.3369977678546547
 20
62.08577008928262
 30
0.0
  0
VERTEX
  5
6B
330
68
100
AcDbEntity
  8
1_ANYTOOL_1MMDEEP_LABELS_S
100
AcDbVertex
100
AcDb2dVertex
 10
-0.3194196428546547
 20
62.45022321428269
 30
0.0
  0
VERTEX
  5
6C
330
68
100
AcDbEntity
  8
1_ANYTOOL_1MMDEEP_LABELS_S
100
AcDbVertex
100
AcDb2dVertex
 10
-0.2901227678546547
 20
62.8076450892828
 30
0.0
  0
VERTEX
  5
6D
330
68
100
AcDbEntity
  8
1_ANYTOOL_1MMDEEP_LABELS_S
100
AcDbVertex
100
AcDb2dVertex
 10
-0.2710797991046547
 20
62.98371930803287
 30
0.0
  0
VERTEX
  5
6E
330
68
100
AcDbEntity
  8
1_ANYTOOL_1MMDEEP_LABELS_S
100
AcDbVertex
100
AcDb2dVertex
 10
-0.2491071428546547
 20
63.15803571428296
 30
0.0
  0
VERTEX
  5
6F
330
68
100
AcDbEntity
  8
1_ANYTOOL_1MMDEEP_LABELS_S
100
AcDbVertex
100
AcDb2dVertex
 10
-0.2242047991046547
 20
63.33059430803306
 30
0.0
  0
VERTEX
  5
70
330
68
100
AcDbEntity
  8
1_ANYTOOL_1MMDEEP_LABELS_S
100
AcDbVertex
100
AcDb2dVertex
 10
-0.1963727678546547
 20
63.50139508928316
 30
0.0
  0
VERTEX
  5
71
330
68
100
AcDbEntity
  8
1_ANYTOOL_1MMDEEP_LABELS_S
100
AcDbVertex
100
AcDb2dVertex
 10
-0.1656110491046547
 20
63.67043805803328
 30
0.0
  0
VERTEX
  5
72
330
68
100
AcDbEntity
  8
1_ANYTOOL_1MMDEEP_LABELS_S
100
AcDbVertex
100
AcDb2dVertex
 10
-0.1319196428546547
 20
63.83772321428341
 30
0.0
  0
VERTEX
  5
73
330
68
100
AcDbEntity
  8
1_ANYTOOL_1MMDEEP_LABELS_S
100
AcDbVertex
100
AcDb2dVertex
 10
-0.0952985491046547
 20
64.00325055803356
 30
0.0
  0
VERTEX
  5
74
330
68
100
AcDbEntity
  8
1_ANYTOOL_1MMDEEP_LABELS_S
100
AcDbVertex
100
AcDb2dVertex
 10
-0.0557477678546547
 20
64.16702008928371
 30
0.0
  0
VERTEX
  5
75
330
68
100
AcDbEntity
  8
1_ANYTOOL_1MMDEEP_LABELS_S
100
AcDbVertex
100
AcDb2dVertex
 10
-0.0132672991046547
 20
64.32903180803387
 30
0.0
  0
VERTEX
  5
76
330
68
100
AcDbEntity
  8
1_ANYTOOL_1MMDEEP_LABELS_S
100
AcDbVertex
100
AcDb2dVertex
 10
0.0321428571453453
 20
64.48928571428405
 30
0.0
  0
VERTEX
  5
77
330
68
100
AcDbEntity
  8
1_ANYTOOL_1MMDEEP_LABELS_S
100
AcDbVertex
100
AcDb2dVertex
 10
0.0804827008953453
 20
64.64778180803424
 30
0.0
  0
VERTEX
  5
78
330
68
100
AcDbEntity
  8
1_ANYTOOL_1MMDEEP_LABELS_S
100
AcDbVertex
100
AcDb2dVertex
 10
0.1317522321453453
 20
64.80452008928444
 30
0.0
  0
VERTEX
  5
79
330
68
100
AcDbEntity
  8
1_ANYTOOL_1MMDEEP_LABELS_S
100
AcDbVertex
100
AcDb2dVertex
 10
0.1859514508953453
 20
64.95950055803465
 30
0.0
  0
VERTEX
  5
7A
330
68
100
AcDbEntity
  8
1_ANYTOOL_1MMDEEP_LABELS_S
100
AcDbVertex
100
AcDb2dVertex
 10
0.2430803571453453
 20
65.11272321428487
 30
0.0
  0
VERTEX
  5
7B
330
68
100
AcDbEntity
  8
1_ANYTOOL_1MMDEEP_LABELS_S
100
AcDbVertex
100
AcDb2dVertex
 10
0.3031389508953453
 20
65.2641880580351
 30
0.0
  0
VERTEX
  5
7C
330
68
100
AcDbEntity
  8
1_ANYTOOL_1MMDEEP_LABELS_S
100
AcDbVertex
100
AcDb2dVertex
 10
0.3661272321453453
 20
65.41389508928535
 30
0.0
  0
VERTEX
  5
7D
330
68
100
AcDbEntity
  8
1_ANYTOOL_1MMDEEP_LABELS_S
100
AcDbVertex
100
AcDb2dVertex
 10
0.4320452008953453
 20
65.5618443080356
 30
0.0
  0
VERTEX
  5
7E
330
68
100
AcDbEntity
  8
1_ANYTOOL_1MMDEEP_LABELS_S
100
AcDbVertex
100
AcDb2dVertex
 10
0.5008928571453453
 20
65.70803571428587
 30
0.0
  0
VERTEX
  5
7F
330
68
100
AcDbEntity
  8
1_ANYTOOL_1MMDEEP_LABELS_S
100
AcDbVertex
100
AcDb2dVertex
 10
0.5726702008953453
 20
65.85246930803615
 30
0.0
  0
VERTEX
  5
80
330
68
100
AcDbEntity
  8
1_ANYTOOL_1MMDEEP_LABELS_S
100
AcDbVertex
100
AcDb2dVertex
 10
0.6473772321453453
 20
65.99514508928644
 30
0.0
  0
VERTEX
  5
81
330
68
100
AcDbEntity
  8
1_ANYTOOL_1MMDEEP_LABELS_S
100
AcDbVertex
100
AcDb2dVertex
 10
0.7250139508953453
 20
66.13606305803674
 30
0.0
  0
VERTEX
  5
82
330
68
100
AcDbEntity
  8
1_ANYTOOL_1MMDEEP_LABELS_S
100
AcDbVertex
100
AcDb2dVertex
 10
0.8055803571453453
 20
66.27522321428705
 30
0.0
  0
VERTEX
  5
83
330
68
100
AcDbEntity
  8
1_ANYTOOL_1MMDEEP_LABELS_S
100
AcDbVertex
100
AcDb2dVertex
 10
0.8890764508953453
 20
66.41262555803738
 30
0.0
  0
VERTEX
  5
84
330
68
100
AcDbEntity
  8
1_ANYTOOL_1MMDEEP_LABELS_S
100
AcDbVertex
100
AcDb2dVertex
 10
0.9755022321453453
 20
66.54827008928771
 30
0.0
  0
VERTEX
  5
85
330
68
100
AcDbEntity
  8
1_ANYTOOL_1MMDEEP_LABELS_S
100
AcDbVertex
100
AcDb2dVertex
 10
1.064857700895345
 20
66.68215680803806
 30
0.0
  0
VERTEX
  5
86
330
68
100
AcDbEntity
  8
1_ANYTOOL_1MMDEEP_LABELS_S
100
AcDbVertex
100
AcDb2dVertex
 10
1.342466517859637
 20
67.07377232143108
 30
0.0
  0
VERTEX
  5
87
330
68
100
AcDbEntity
  8
1_ANYTOOL_1MMDEEP_LABELS_S
100
AcDbVertex
100
AcDb2dVertex
 10
1.534151785716785
 20
67.32723214285943
 30
0.0
  0
VERTEX
  5
88
330
68
100
AcDbEntity
  8
1_ANYTOOL_1MMDEEP_LABELS_S
100
AcDbVertex
100
AcDb2dVertex
 10
1.73219866071679
 20
67.57466517857347
 30
0.0
  0
VERTEX
  5
89
330
68
100
AcDbEntity
  8
1_ANYTOOL_1MMDEEP_LABELS_S
100
AcDbVertex
100
AcDb2dVertex
 10
1.93660714285965
 20
67.8160714285732
 30
0.0
  0
VERTEX
  5
8A
330
68
100
AcDbEntity
  8
1_ANYTOOL_1MMDEEP_LABELS_S
100
AcDbVertex
100
AcDb2dVertex
 10
2.147377232145366
 20
68.05145089285861
 30
0.0
  0
VERTEX
  5
8B
330
68
100
AcDbEntity
  8
1_ANYTOOL_1MMDEEP_LABELS_S
100
AcDbVertex
100
AcDb2dVertex
 10
2.364508928573938
 20
68.28080357142971
 30
0.0
  0
VERTEX
  5
8C
330
68
100
AcDbEntity
  8
1_ANYTOOL_1MMDEEP_LABELS_S
100
AcDbVertex
100
AcDb2dVertex
 10
2.588002232145367
 20
68.5041294642865
 30
0.0
  0
VERTEX
  5
8D
330
68
100
AcDbEntity
  8
1_ANYTOOL_1MMDEEP_LABELS_S
100
AcDbVertex
100
AcDb2dVertex
 10
2.817857142859651
 20
68.72142857142899
 30
0.0
  0
VERTEX
  5
8E
330
68
100
AcDbEntity
  8
1_ANYTOOL_1MMDEEP_LABELS_S
100
AcDbVertex
100
AcDb2dVertex
 10
3.054073660716792
 20
68.93270089285716
 30
0.0
  0
VERTEX
  5
8F
330
68
100
AcDbEntity
  8
1_ANYTOOL_1MMDEEP_LABELS_S
100
AcDbVertex
100
AcDb2dVertex
 10
3.296651785716788
 20
69.13794642857101
 30
0.0
  0
VERTEX
  5
90
330
68
100
AcDbEntity
  8
1_ANYTOOL_1MMDEEP_LABELS_S
100
AcDbVertex
100
AcDb2dVertex
 10
3.545591517859641
 20
69.33716517857056
 30
0.0
  0
VERTEX
  5
91
330
68
100
AcDbEntity
  8
1_ANYTOOL_1MMDEEP_LABELS_S
100
AcDbVertex
100
AcDb2dVertex
 10
3.80089285714535
 20
69.53035714285579
 30
0.0
  0
VERTEX
  5
92
330
68
100
AcDbEntity
  8
1_ANYTOOL_1MMDEEP_LABELS_S
100
AcDbVertex
100
AcDb2dVertex
 10
4.062555803573915
 20
69.71752232142671
 30
0.0
  0
VERTEX
  5
93
330
68
100
AcDbEntity
  8
1_ANYTOOL_1MMDEEP_LABELS_S
100
AcDbVertex
100
AcDb2dVertex
 10
4.330580357145335
 20
69.89866071428332
 30
0.0
  0
VERTEX
  5
94
330
68
100
AcDbEntity
  8
1_ANYTOOL_1MMDEEP_LABELS_S
100
AcDbVertex
100
AcDb2dVertex
 10
4.604966517859612
 20
70.07377232142562
 30
0.0
  0
VERTEX
  5
95
330
68
100
AcDbEntity
  8
1_ANYTOOL_1MMDEEP_LABELS_S
100
AcDbVertex
100
AcDb2dVertex
 10
5.171484375002462
 20
70.41127232142526
 30
0.0
  0
VERTEX
  5
96
330
68
100
AcDbEntity
  8
1_ANYTOOL_1MMDEEP_LABELS_S
100
AcDbVertex
100
AcDb2dVertex
 10
5.460937500002466
 20
70.5736607142826
 30
0.0
  0
VERTEX
  5
97
330
68
100
AcDbEntity
  8
1_ANYTOOL_1MMDEEP_LABELS_S
100
AcDbVertex
100
AcDb2dVertex
 10
5.754073660716754
 20
70.73002232142562
 30
0.0
  0
VERTEX
  5
98
330
68
100
AcDbEntity
  8
1_ANYTOOL_1MMDEEP_LABELS_S
100
AcDbVertex
100
AcDb2dVertex
 10
6.050892857145328
 20
70.88035714285434
 30
0.0
  0
VERTEX
  5
99
330
68
100
AcDbEntity
  8
1_ANYTOOL_1MMDEEP_LABELS_S
100
AcDbVertex
100
AcDb2dVertex
 10
6.351395089288188
 20
71.02466517856874
 30
0.0
  0
VERTEX
  5
9A
330
68
100
AcDbEntity
  8
1_ANYTOOL_1MMDEEP_LABELS_S
100
AcDbVertex
100
AcDb2dVertex
 10
6.655580357145332
 20
71.16294642856883
 30
0.0
  0
VERTEX
  5
9B
330
68
100
AcDbEntity
  8
1_ANYTOOL_1MMDEEP_LABELS_S
100
AcDbVertex
100
AcDb2dVertex
 10
6.963448660716763
 20
71.29520089285461
 30
0.0
  0
VERTEX
  5
9C
330
68
100
AcDbEntity
  8
1_ANYTOOL_1MMDEEP_LABELS_S
100
AcDbVertex
100
AcDb2dVertex
 10
7.275000000002478
 20
71.42142857142608
 30
0.0
  0
VERTEX
  5
9D
330
68
100
AcDbEntity
  8
1_ANYTOOL_1MMDEEP_LABELS_S
100
AcDbVertex
100
AcDb2dVertex
 10
7.590234375002479
 20
71.54162946428323
 30
0.0
  0
VERTEX
  5
9E
330
68
100
AcDbEntity
  8
1_ANYTOOL_1MMDEEP_LABELS_S
100
AcDbVertex
100
AcDb2dVertex
 10
7.909151785716766
 20
71.65580357142608
 30
0.0
  0
VERTEX
  5
9F
330
68
100
AcDbEntity
  8
1_ANYTOOL_1MMDEEP_LABELS_S
100
AcDbVertex
100
AcDb2dVertex
 10
8.231752232145338
 20
71.76395089285461
 30
0.0
  0
VERTEX
  5
A0
330
68
100
AcDbEntity
  8
1_ANYTOOL_1MMDEEP_LABELS_S
100
AcDbVertex
100
AcDb2dVertex
 10
8.558035714288195
 20
71.86607142856883
 30
0.0
  0
VERTEX
  5
A1
330
68
100
AcDbEntity
  8
1_ANYTOOL_1MMDEEP_LABELS_S
100
AcDbVertex
100
AcDb2dVertex
 10
8.888002232145338
 20
71.96216517856874
 30
0.0
  0
VERTEX
  5
A2
330
68
100
AcDbEntity
  8
1_ANYTOOL_1MMDEEP_LABELS_S
100
AcDbVertex
100
AcDb2dVertex
 10
9.221651785716766
 20
72.05223214285434
 30
0.0
  0
VERTEX
  5
A3
330
68
100
AcDbEntity
  8
1_ANYTOOL_1MMDEEP_LABELS_S
100
AcDbVertex
100
AcDb2dVertex
 10
9.55898437500248
 20
72.13627232142562
 30
0.0
  0
VERTEX
  5
A4
330
68
100
AcDbEntity
  8
1_ANYTOOL_1MMDEEP_LABELS_S
100
AcDbVertex
100
AcDb2dVertex
 10
10.58236607143105
 20
72.36495535714096
 30
0.0
  0
VERTEX
  5
A5
330
68
100
AcDbEntity
  8
1_ANYTOOL_1MMDEEP_LABELS_S
100
AcDbVertex
100
AcDb2dVertex
 10
11.25803571428819
 20
72.49553571428487
 30
0.0
  0
VERTEX
  5
A6
330
68
100
AcDbEntity
  8
1_ANYTOOL_1MMDEEP_LABELS_S
100
AcDbVertex
100
AcDb2dVertex
 10
11.92700892857391
 20
72.60602678571433
 30
0.0
  0
VERTEX
  5
A7
330
68
100
AcDbEntity
  8
1_ANYTOOL_1MMDEEP_LABELS_S
100
AcDbVertex
100
AcDb2dVertex
 10
12.5892857142882
 20
72.69642857142935
 30
0.0
  0
VERTEX
  5
A8
330
68
100
AcDbEntity
  8
1_ANYTOOL_1MMDEEP_LABELS_S
100
AcDbVertex
100
AcDb2dVertex
 10
13.24486607143106
 20
72.76674107142992
 30
0.0
  0
VERTEX
  5
A9
330
68
100
AcDbEntity
  8
1_ANYTOOL_1MMDEEP_LABELS_S
100
AcDbVertex
100
AcDb2dVertex
 10
13.89375000000249
 20
72.81696428571604
 30
0.0
  0
VERTEX
  5
AA
330
68
100
AcDbEntity
  8
1_ANYTOOL_1MMDEEP_LABELS_S
100
AcDbVertex
100
AcDb2dVertex
 10
14.5359375000025
 20
72.84709821428771
 30
0.0
  0
VERTEX
  5
AB
330
68
100
AcDbEntity
  8
1_ANYTOOL_1MMDEEP_LABELS_S
100
AcDbVertex
100
AcDb2dVertex
 10
15.17142857143108
 20
72.85714285714494
 30
0.0
  0
VERTEX
  5
AC
330
68
100
AcDbEntity
  8
1_ANYTOOL_1MMDEEP_LABELS_S
100
AcDbVertex
100
AcDb2dVertex
 10
15.80892857143107
 20
72.84626116071635
 30
0.0
  0
VERTEX
  5
AD
330
68
100
AcDbEntity
  8
1_ANYTOOL_1MMDEEP_LABELS_S
100
AcDbVertex
100
AcDb2dVertex
 10
16.44642857143106
 20
72.8136160714306
 30
0.0
  0
VERTEX
  5
AE
330
68
100
AcDbEntity
  8
1_ANYTOOL_1MMDEEP_LABELS_S
100
AcDbVertex
100
AcDb2dVertex
 10
17.08392857143105
 20
72.75920758928768
 30
0.0
  0
VERTEX
  5
AF
330
68
100
AcDbEntity
  8
1_ANYTOOL_1MMDEEP_LABELS_S
100
AcDbVertex
100
AcDb2dVertex
 10
17.72142857143105
 20
72.6830357142876
 30
0.0
  0
VERTEX
  5
B0
330
68
100
AcDbEntity
  8
1_ANYTOOL_1MMDEEP_LABELS_S
100
AcDbVertex
100
AcDb2dVertex
 10
18.35892857143104
 20
72.58510044643035
 30
0.0
  0
VERTEX
  5
B1
330
68
100
AcDbEntity
  8
1_ANYTOOL_1MMDEEP_LABELS_S
100
AcDbVertex
100
AcDb2dVertex
 10
18.99642857143104
 20
72.46540178571593
 30
0.0
  0
VERTEX
  5
B2
330
68
100
AcDbEntity
  8
1_ANYTOOL_1MMDEEP_LABELS_S
100
AcDbVertex
100
AcDb2dVertex
 10
19.63392857143104
 20
72.32393973214434
 30
0.0
  0
VERTEX
  5
B3
330
68
100
AcDbEntity
  8
1_ANYTOOL_1MMDEEP_LABELS_S
100
AcDbVertex
100
AcDb2dVertex
 10
20.27142857143104
 20
72.16071428571558
 30
0.0
  0
VERTEX
  5
B4
330
68
100
AcDbEntity
  8
1_ANYTOOL_1MMDEEP_LABELS_S
100
AcDbVertex
100
AcDb2dVertex
 10
20.90892857143105
 20
71.97572544642966
 30
0.0
  0
VERTEX
  5
B5
330
68
100
AcDbEntity
  8
1_ANYTOOL_1MMDEEP_LABELS_S
100
AcDbVertex
100
AcDb2dVertex
 10
21.54642857143105
 20
71.76897321428658
 30
0.0
  0
VERTEX
  5
B6
330
68
100
AcDbEntity
  8
1_ANYTOOL_1MMDEEP_LABELS_S
100
AcDbVertex
100
AcDb2dVertex
 10
22.18392857143106
 20
71.54045758928632
 30
0.0
  0
VERTEX
  5
B7
330
68
100
AcDbEntity
  8
1_ANYTOOL_1MMDEEP_LABELS_S
100
AcDbVertex
100
AcDb2dVertex
 10
22.82142857143107
 20
71.2901785714289
 30
0.0
  0
VERTEX
  5
B8
330
68
100
AcDbEntity
  8
1_ANYTOOL_1MMDEEP_LABELS_S
100
AcDbVertex
100
AcDb2dVertex
 10
23.45892857143108
 20
71.0181361607143
 30
0.0
  0
VERTEX
  5
B9
330
68
100
AcDbEntity
  8
1_ANYTOOL_1MMDEEP_LABELS_S
100
AcDbVertex
100
AcDb2dVertex
 10
24.09642857143109
 20
70.72433035714255
 30
0.0
  0
VERTEX
  5
BA
330
68
100
AcDbEntity
  8
1_ANYTOOL_1MMDEEP_LABELS_S
100
AcDbVertex
100
AcDb2dVertex
 10
24.73392857143111
 20
70.40876116071362
 30
0.0
  0
VERTEX
  5
BB
330
68
100
AcDbEntity
  8
1_ANYTOOL_1MMDEEP_LABELS_S
100
AcDbVertex
100
AcDb2dVertex
 10
25.37142857143112
 20
70.07142857142753
 30
0.0
  0
VERTEX
  5
BC
330
68
100
AcDbEntity
  8
1_ANYTOOL_1MMDEEP_LABELS_S
100
AcDbVertex
100
AcDb2dVertex
 10
25.68519810268112
 20
69.89686104910632
 30
0.0
  0
VERTEX
  5
BD
330
68
100
AcDbEntity
  8
1_ANYTOOL_1MMDEEP_LABELS_S
100
AcDbVertex
100
AcDb2dVertex
 10
25.98900669643111
 20
69.71601562499939
 30
0.0
  0
VERTEX
  5
BE
330
68
100
AcDbEntity
  8
1_ANYTOOL_1MMDEEP_LABELS_S
100
AcDbVertex
100
AcDb2dVertex
 10
26.28285435268111
 20
69.52889229910673
 30
0.0
  0
VERTEX
  5
BF
330
68
100
AcDbEntity
  8
1_ANYTOOL_1MMDEEP_LABELS_S
100
AcDbVertex
100
AcDb2dVertex
 10
26.5667410714311
 20
69.33549107142835
 30
0.0
  0
VERTEX
  5
C0
330
68
100
AcDbEntity
  8
1_ANYTOOL_1MMDEEP_LABELS_S
100
AcDbVertex
100
AcDb2dVertex
 10
26.8406668526811
 20
69.13581194196425
 30
0.0
  0
VERTEX
  5
C1
330
68
100
AcDbEntity
  8
1_ANYTOOL_1MMDEEP_LABELS_S
100
AcDbVertex
100
AcDb2dVertex
 10
27.10463169643109
 20
68.92985491071443
 30
0.0
  0
VERTEX
  5
C2
330
68
100
AcDbEntity
  8
1_ANYTOOL_1MMDEEP_LABELS_S
100
AcDbVertex
100
AcDb2dVertex
 10
27.35863560268109
 20
68.71761997767888
 30
0.0
  0
VERTEX
  5
C3
330
68
100
AcDbEntity
  8
1_ANYTOOL_1MMDEEP_LABELS_S
100
AcDbVertex
100
AcDb2dVertex
 10
27.60267857143108
 20
68.49910714285761
 30
0.0
  0
VERTEX
  5
C4
330
68
100
AcDbEntity
  8
1_ANYTOOL_1MMDEEP_LABELS_S
100
AcDbVertex
100
AcDb2dVertex
 10
27.72096470424358
 20
68.38749651227732
 30
0.0
  0
VERTEX
  5
C5
330
68
100
AcDbEntity
  8
1_ANYTOOL_1MMDEEP_LABELS_S
100
AcDbVertex
100
AcDb2dVertex
 10
27.83676060268108
 20
68.27431640625062
 30
0.0
  0
VERTEX
  5
C6
330
68
100
AcDbEntity
  8
1_ANYTOOL_1MMDEEP_LABELS_S
100
AcDbVertex
100
AcDb2dVertex
 10
27.95006626674358
 20
68.15956682477747
 30
0.0
  0
VERTEX
  5
C7
330
68
100
AcDbEntity
  8
1_ANYTOOL_1MMDEEP_LABELS_S
100
AcDbVertex
100
AcDb2dVertex
 10
28.06088169643107
 20
68.0432477678579
 30
0.0
  0
VERTEX
  5
C8
330
68
100
AcDbEntity
  8
1_ANYTOOL_1MMDEEP_LABELS_S
100
AcDbVertex
100
AcDb2dVertex
 10
28.16920689174357
 20
67.9253592354919
 30
0.0
  0
VERTEX
  5
C9
330
68
100
AcDbEntity
  8
1_ANYTOOL_1MMDEEP_LABELS_S
100
AcDbVertex
100
AcDb2dVertex
 10
28.27504185268107
 20
67.80590122767947
 30
0.0
  0
VERTEX
  5
CA
330
68
100
AcDbEntity
  8
1_ANYTOOL_1MMDEEP_LABELS_S
100
AcDbVertex
100
AcDb2dVertex
 10
28.37838657924357
 20
67.6848737444206
 30
0.0
  0
VERTEX
  5
CB
330
68
100
AcDbEntity
  8
1_ANYTOOL_1MMDEEP_LABELS_S
100
AcDbVertex
100
AcDb2dVertex
 10
28.47924107143107
 20
67.56227678571531
 30
0.0
  0
VERTEX
  5
CC
330
68
100
AcDbEntity
  8
1_ANYTOOL_1MMDEEP_LABELS_S
100
AcDbVertex
100
AcDb2dVertex
 10
28.57760532924357
 20
67.43811035156358
 30
0.0
  0
VERTEX
  5
CD
330
68
100
AcDbEntity
  8
1_ANYTOOL_1MMDEEP_LABELS_S
100
AcDbVertex
100
AcDb2dVertex
 10
28.67347935268107
 20
67.31237444196543
 30
0.0
  0
VERTEX
  5
CE
330
68
100
AcDbEntity
  8
1_ANYTOOL_1MMDEEP_LABELS_S
100
AcDbVertex
100
AcDb2dVertex
 10
28.76686314174356
 20
67.18506905692084
 30
0.0
  0
VERTEX
  5
CF
330
68
100
AcDbEntity
  8
1_ANYTOOL_1MMDEEP_LABELS_S
100
AcDbVertex
100
AcDb2dVertex
 10
28.85775669643106
 20
67.05619419642983
 30
0.0
  0
VERTEX
  5
D0
330
68
100
AcDbEntity
  8
1_ANYTOOL_1MMDEEP_LABELS_S
100
AcDbVertex
100
AcDb2dVertex
 10
28.94616001674356
 20
66.92574986049237
 30
0.0
  0
VERTEX
  5
D1
330
68
100
AcDbEntity
  8
1_ANYTOOL_1MMDEEP_LABELS_S
100
AcDbVertex
100
AcDb2dVertex
 10
29.03207310268106
 20
66.7937360491085
 30
0.0
  0
VERTEX
  5
D2
330
68
100
AcDbEntity
  8
1_ANYTOOL_1MMDEEP_LABELS_S
100
AcDbVertex
100
AcDb2dVertex
 10
29.11549595424356
 20
66.66015276227819
 30
0.0
  0
VERTEX
  5
D3
330
68
100
AcDbEntity
  8
1_ANYTOOL_1MMDEEP_LABELS_S
100
AcDbVertex
100
AcDb2dVertex
 10
29.19642857143106
 20
66.52500000000146
 30
0.0
  0
VERTEX
  5
D4
330
68
100
AcDbEntity
  8
1_ANYTOOL_1MMDEEP_LABELS_S
100
AcDbVertex
100
AcDb2dVertex
 10
29.27487095424355
 20
66.38827776227828
 30
0.0
  0
VERTEX
  5
D5
330
68
100
AcDbEntity
  8
1_ANYTOOL_1MMDEEP_LABELS_S
100
AcDbVertex
100
AcDb2dVertex
 10
29.35082310268105
 20
66.24998604910868
 30
0.0
  0
VERTEX
  5
D6
330
68
100
AcDbEntity
  8
1_ANYTOOL_1MMDEEP_LABELS_S
100
AcDbVertex
100
AcDb2dVertex
 10
29.42428501674355
 20
66.11012486049265
 30
0.0
  0
VERTEX
  5
D7
330
68
100
AcDbEntity
  8
1_ANYTOOL_1MMDEEP_LABELS_S
100
AcDbVertex
100
AcDb2dVertex
 10
29.49525669643105
 20
65.96869419643019
 30
0.0
  0
VERTEX
  5
D8
330
68
100
AcDbEntity
  8
1_ANYTOOL_1MMDEEP_LABELS_S
100
AcDbVertex
100
AcDb2dVertex
 10
29.56373814174355
 20
65.8256940569213
 30
0.0
  0
VERTEX
  5
D9
330
68
100
AcDbEntity
  8
1_ANYTOOL_1MMDEEP_LABELS_S
100
AcDbVertex
100
AcDb2dVertex
 10
29.62972935268105
 20
65.68112444196598
 30
0.0
  0
VERTEX
  5
DA
330
68
100
AcDbEntity
  8
1_ANYTOOL_1MMDEEP_LABELS_S
100
AcDbVertex
100
AcDb2dVertex
 10
29.69323032924355
 20
65.53498535156422
 30
0.0
  0
VERTEX
  5
DB
330
68
100
AcDbEntity
  8
1_ANYTOOL_1MMDEEP_LABELS_S
100
AcDbVertex
100
AcDb2dVertex
 10
29.75424107143105
 20
65.38727678571604
 30
0.0
  0
VERTEX
  5
DC
330
68
100
AcDbEntity
  8
1_ANYTOOL_1MMDEEP_LABELS_S
100
AcDbVertex
100
AcDb2dVertex
 10
29.81276157924354
 20
65.23799874442142
 30
0.0
  0
VERTEX
  5
DD
330
68
100
AcDbEntity
  8
1_ANYTOOL_1MMDEEP_LABELS_S
100
AcDbVertex
100
AcDb2dVertex
 10
29.86879185268104
 20
65.08715122768038
 30
0.0
  0
VERTEX
  5
DE
330
68
100
AcDbEntity
  8
1_ANYTOOL_1MMDEEP_LABELS_S
100
AcDbVertex
100
AcDb2dVertex
 10
29.92233189174354
 20
64.9347342354929
 30
0.0
  0
VERTEX
  5
DF
330
68
100
AcDbEntity
  8
1_ANYTOOL_1MMDEEP_LABELS_S
100
AcDbVertex
100
AcDb2dVertex
 10
29.97338169643104
 20
64.780747767859
 30
0.0
  0
VERTEX
  5
E0
330
68
100
AcDbEntity
  8
1_ANYTOOL_1MMDEEP_LABELS_S
100
AcDbVertex
100
AcDb2dVertex
 10
30.06801060268104
 20
64.46806640625189
 30
0.0
  0
VERTEX
  5
E1
330
68
100
AcDbEntity
  8
1_ANYTOOL_1MMDEEP_LABELS_S
100
AcDbVertex
100
AcDb2dVertex
 10
30.15267857143104
 20
64.14910714285907
 30
0.0
  0
VERTEX
  5
E2
330
68
100
AcDbEntity
  8
1_ANYTOOL_1MMDEEP_LABELS_S
100
AcDbVertex
100
AcDb2dVertex
 10
30.22738560268104
 20
63.82386997768052
 30
0.0
  0
VERTEX
  5
E3
330
68
100
AcDbEntity
  8
1_ANYTOOL_1MMDEEP_LABELS_S
100
AcDbVertex
100
AcDb2dVertex
 10
30.29213169643103
 20
63.49235491071624
 30
0.0
  0
VERTEX
  5
E4
330
68
100
AcDbEntity
  8
1_ANYTOOL_1MMDEEP_LABELS_S
100
AcDbVertex
100
AcDb2dVertex
 10
30.34691685268103
 20
63.15456194196625
 30
0.0
  0
VERTEX
  5
E5
330
68
100
AcDbEntity
  8
1_ANYTOOL_1MMDEEP_LABELS_S
100
AcDbVertex
100
AcDb2dVertex
 10
30.39174107143103
 20
62.81049107143053
 30
0.0
  0
VERTEX
  5
E6
330
68
100
AcDbEntity
  8
1_ANYTOOL_1MMDEEP_LABELS_S
100
AcDbVertex
100
AcDb2dVertex
 10
30.42660435268104
 20
62.46014229910909
 30
0.0
  0
VERTEX
  5
E7
330
68
100
AcDbEntity
  8
1_ANYTOOL_1MMDEEP_LABELS_S
100
AcDbVertex
100
AcDb2dVertex
 10
30.45150669643103
 20
62.10351562500193
 30
0.0
  0
VERTEX
  5
E8
330
68
100
AcDbEntity
  8
1_ANYTOOL_1MMDEEP_LABELS_S
100
AcDbVertex
100
AcDb2dVertex
 10
30.46644810268103
 20
61.74061104910905
 30
0.0
  0
VERTEX
  5
E9
330
68
100
AcDbEntity
  8
1_ANYTOOL_1MMDEEP_LABELS_S
100
AcDbVertex
100
AcDb2dVertex
 10
30.47142857143103
 20
61.37142857143044
 30
0.0
  0
VERTEX
  5
EA
330
68
100
AcDbEntity
  8
1_ANYTOOL_1MMDEEP_LABELS_S
100
AcDbVertex
100
AcDb2dVertex
 10
30.46636439732389
 20
60.98902064732301
 30
0.0
  0
VERTEX
  5
EB
330
68
100
AcDbEntity
  8
1_ANYTOOL_1MMDEEP_LABELS_S
100
AcDbVertex
100
AcDb2dVertex
 10
30.45117187500246
 20
60.61322544642988
 30
0.0
  0
VERTEX
  5
EC
330
68
100
AcDbEntity
  8
1_ANYTOOL_1MMDEEP_LABELS_S
100
AcDbVertex
100
AcDb2dVertex
 10
30.42585100446675
 20
60.24404296875105
 30
0.0
  0
VERTEX
  5
ED
330
68
100
AcDbEntity
  8
1_ANYTOOL_1MMDEEP_LABELS_S
100
AcDbVertex
100
AcDb2dVertex
 10
30.39040178571675
 20
59.88147321428653
 30
0.0
  0
VERTEX
  5
EE
330
68
100
AcDbEntity
  8
1_ANYTOOL_1MMDEEP_LABELS_S
100
AcDbVertex
100
AcDb2dVertex
 10
30.34482421875246
 20
59.52551618303631
 30
0.0
  0
VERTEX
  5
EF
330
68
100
AcDbEntity
  8
1_ANYTOOL_1MMDEEP_LABELS_S
100
AcDbVertex
100
AcDb2dVertex
 10
30.28911830357389
 20
59.17617187500039
 30
0.0
  0
VERTEX
  5
F0
330
68
100
AcDbEntity
  8
1_ANYTOOL_1MMDEEP_LABELS_S
100
AcDbVertex
100
AcDb2dVertex
 10
30.22328404018103
 20
58.83344029017878
 30
0.0
  0
VERTEX
  5
F1
330
68
100
AcDbEntity
  8
1_ANYTOOL_1MMDEEP_LABELS_S
100
AcDbVertex
100
AcDb2dVertex
 10
30.14732142857389
 20
58.49732142857147
 30
0.0
  0
VERTEX
  5
F2
330
68
100
AcDbEntity
  8
1_ANYTOOL_1MMDEEP_LABELS_S
100
AcDbVertex
100
AcDb2dVertex
 10
30.06123046875246
 20
58.16781529017846
 30
0.0
  0
VERTEX
  5
F3
330
68
100
AcDbEntity
  8
1_ANYTOOL_1MMDEEP_LABELS_S
100
AcDbVertex
100
AcDb2dVertex
 10
29.96501116071675
 20
57.84492187499976
 30
0.0
  0
VERTEX
  5
F4
330
68
100
AcDbEntity
  8
1_ANYTOOL_1MMDEEP_LABELS_S
100
AcDbVertex
100
AcDb2dVertex
 10
29.91310337611853
 20
57.68595493861577
 30
0.0
  0
VERTEX
  5
F5
330
68
100
AcDbEntity
  8
1_ANYTOOL_1MMDEEP_LABELS_S
100
AcDbVertex
100
AcDb2dVertex
 10
29.85866350446675
 20
57.52864118303535
 30
0.0
  0
VERTEX
  5
F6
330
68
100
AcDbEntity
  8
1_ANYTOOL_1MMDEEP_LABELS_S
100
AcDbVertex
100
AcDb2dVertex
 10
29.80169154576139
 20
57.37298060825852
 30
0.0
  0
VERTEX
  5
F7
330
68
100
AcDbEntity
  8
1_ANYTOOL_1MMDEEP_LABELS_S
100
AcDbVertex
100
AcDb2dVertex
 10
29.74218750000246
 20
57.21897321428526
 30
0.0
  0
VERTEX
  5
F8
330
68
100
AcDbEntity
  8
1_ANYTOOL_1MMDEEP_LABELS_S
100
AcDbVertex
100
AcDb2dVertex
 10
29.68015136718996
 20
57.06661900111557
 30
0.0
  0
VERTEX
  5
F9
330
68
100
AcDbEntity
  8
1_ANYTOOL_1MMDEEP_LABELS_S
100
AcDbVertex
100
AcDb2dVertex
 10
29.61558314732389
 20
56.91591796874946
 30
0.0
  0
VERTEX
  5
FA
330
68
100
AcDbEntity
  8
1_ANYTOOL_1MMDEEP_LABELS_S
100
AcDbVertex
100
AcDb2dVertex
 10
29.54848284040424
 20
56.76687011718693
 30
0.0
  0
VERTEX
  5
FB
330
68
100
AcDbEntity
  8
1_ANYTOOL_1MMDEEP_LABELS_S
100
AcDbVertex
100
AcDb2dVertex
 10
29.47885044643103
 20
56.61947544642797
 30
0.0
  0
VERTEX
  5
FC
330
68
100
AcDbEntity
  8
1_ANYTOOL_1MMDEEP_LABELS_S
100
AcDbVertex
100
AcDb2dVertex
 10
29.40668596540424
 20
56.47373395647259
 30
0.0
  0
VERTEX
  5
FD
330
68
100
AcDbEntity
  8
1_ANYTOOL_1MMDEEP_LABELS_S
100
AcDbVertex
100
AcDb2dVertex
 10
29.33198939732388
 20
56.32964564732078
 30
0.0
  0
VERTEX
  5
FE
330
68
100
AcDbEntity
  8
1_ANYTOOL_1MMDEEP_LABELS_S
100
AcDbVertex
100
AcDb2dVertex
 10
29.25476074218995
 20
56.18721051897255
 30
0.0
  0
VERTEX
  5
FF
330
68
100
AcDbEntity
  8
1_ANYTOOL_1MMDEEP_LABELS_S
100
AcDbVertex
100
AcDb2dVertex
 10
29.17500000000246
 20
56.0464285714279
 30
0.0
  0
VERTEX
  5
100
330
68
100
AcDbEntity
  8
1_ANYTOOL_1MMDEEP_LABELS_S
100
AcDbVertex
100
AcDb2dVertex
 10
29.09270717076138
 20
55.90729980468682
 30
0.0
  0
VERTEX
  5
101
330
68
100
AcDbEntity
  8
1_ANYTOOL_1MMDEEP_LABELS_S
100
AcDbVertex
100
AcDb2dVertex
 10
29.00788225446674
 20
55.76982421874931
 30
0.0
  0
VERTEX
  5
102
330
68
100
AcDbEntity
  8
1_ANYTOOL_1MMDEEP_LABELS_S
100
AcDbVertex
100
AcDb2dVertex
 10
28.92052525111853
 20
55.63400181361538
 30
0.0
  0
VERTEX
  5
103
330
68
100
AcDbEntity
  8
1_ANYTOOL_1MMDEEP_LABELS_S
100
AcDbVertex
100
AcDb2dVertex
 10
28.83063616071674
 20
55.49983258928503
 30
0.0
  0
VERTEX
  5
104
330
68
100
AcDbEntity
  8
1_ANYTOOL_1MMDEEP_LABELS_S
100
AcDbVertex
100
AcDb2dVertex
 10
28.73821498326138
 20
55.36731654575826
 30
0.0
  0
VERTEX
  5
105
330
68
100
AcDbEntity
  8
1_ANYTOOL_1MMDEEP_LABELS_S
100
AcDbVertex
100
AcDb2dVertex
 10
28.64326171875246
 20
55.23645368303506
 30
0.0
  0
VERTEX
  5
106
330
68
100
AcDbEntity
  8
1_ANYTOOL_1MMDEEP_LABELS_S
100
AcDbVertex
100
AcDb2dVertex
 10
28.54577636718995
 20
55.10724400111543
 30
0.0
  0
VERTEX
  5
107
330
68
100
AcDbEntity
  8
1_ANYTOOL_1MMDEEP_LABELS_S
100
AcDbVertex
100
AcDb2dVertex
 10
28.44575892857388
 20
54.97968749999939
 30
0.0
  0
VERTEX
  5
108
330
68
100
AcDbEntity
  8
1_ANYTOOL_1MMDEEP_LABELS_S
100
AcDbVertex
100
AcDb2dVertex
 10
28.34320940290424
 20
54.85378417968691
 30
0.0
  0
VERTEX
  5
109
330
68
100
AcDbEntity
  8
1_ANYTOOL_1MMDEEP_LABELS_S
100
AcDbVertex
100
AcDb2dVertex
 10
28.23812779018103
 20
54.72953404017802
 30
0.0
  0
VERTEX
  5
10A
330
68
100
AcDbEntity
  8
1_ANYTOOL_1MMDEEP_LABELS_S
100
AcDbVertex
100
AcDb2dVertex
 10
28.13051409040424
 20
54.60693708147269
 30
0.0
  0
VERTEX
  5
10B
330
68
100
AcDbEntity
  8
1_ANYTOOL_1MMDEEP_LABELS_S
100
AcDbVertex
100
AcDb2dVertex
 10
28.02036830357388
 20
54.48599330357095
 30
0.0
  0
VERTEX
  5
10C
330
68
100
AcDbEntity
  8
1_ANYTOOL_1MMDEEP_LABELS_S
100
AcDbVertex
100
AcDb2dVertex
 10
27.90769042968995
 20
54.36670270647278
 30
0.0
  0
VERTEX
  5
10D
330
68
100
AcDbEntity
  8
1_ANYTOOL_1MMDEEP_LABELS_S
100
AcDbVertex
100
AcDb2dVertex
 10
27.79248046875245
 20
54.24906529017819
 30
0.0
  0
VERTEX
  5
10E
330
68
100
AcDbEntity
  8
1_ANYTOOL_1MMDEEP_LABELS_S
100
AcDbVertex
100
AcDb2dVertex
 10
27.67473842076138
 20
54.13308105468717
 30
0.0
  0
VERTEX
  5
10F
330
68
100
AcDbEntity
  8
1_ANYTOOL_1MMDEEP_LABELS_S
100
AcDbVertex
100
AcDb2dVertex
 10
27.55446428571673
 20
54.01874999999973
 30
0.0
  0
VERTEX
  5
110
330
68
100
AcDbEntity
  8
1_ANYTOOL_1MMDEEP_LABELS_S
100
AcDbVertex
100
AcDb2dVertex
 10
27.43165806361852
 20
53.90607212611586
 30
0.0
  0
VERTEX
  5
111
330
68
100
AcDbEntity
  8
1_ANYTOOL_1MMDEEP_LABELS_S
100
AcDbVertex
100
AcDb2dVertex
 10
27.30631975446673
 20
53.79504743303557
 30
0.0
  0
VERTEX
  5
112
330
68
100
AcDbEntity
  8
1_ANYTOOL_1MMDEEP_LABELS_S
100
AcDbVertex
100
AcDb2dVertex
 10
27.04804687500244
 20
53.57795758928572
 30
0.0
  0
VERTEX
  5
113
330
68
100
AcDbEntity
  8
1_ANYTOOL_1MMDEEP_LABELS_S
100
AcDbVertex
100
AcDb2dVertex
 10
26.77964564732387
 20
53.36748046875017
 30
0.0
  0
VERTEX
  5
114
330
68
100
AcDbEntity
  8
1_ANYTOOL_1MMDEEP_LABELS_S
100
AcDbVertex
100
AcDb2dVertex
 10
26.50111607143101
 20
53.16361607142892
 30
0.0
  0
VERTEX
  5
115
330
68
100
AcDbEntity
  8
1_ANYTOOL_1MMDEEP_LABELS_S
100
AcDbVertex
100
AcDb2dVertex
 10
26.21245814732387
 20
52.96636439732197
 30
0.0
  0
VERTEX
  5
116
330
68
100
AcDbEntity
  8
1_ANYTOOL_1MMDEEP_LABELS_S
100
AcDbVertex
100
AcDb2dVertex
 10
25.91367187500244
 20
52.77572544642933
 30
0.0
  0
VERTEX
  5
117
330
68
100
AcDbEntity
  8
1_ANYTOOL_1MMDEEP_LABELS_S
100
AcDbVertex
100
AcDb2dVertex
 10
25.60475725446672
 20
52.591699218751
 30
0.0
  0
VERTEX
  5
118
330
68
100
AcDbEntity
  8
1_ANYTOOL_1MMDEEP_LABELS_S
100
AcDbVertex
100
AcDb2dVertex
 10
25.28571428571672
 20
52.41428571428696
 30
0.0
  0
VERTEX
  5
119
330
68
100
AcDbEntity
  8
1_ANYTOOL_1MMDEEP_LABELS_S
100
AcDbVertex
100
AcDb2dVertex
 10
24.63733258928815
 20
52.08214285714365
 30
0.0
  0
VERTEX
  5
11A
330
68
100
AcDbEntity
  8
1_ANYTOOL_1MMDEEP_LABELS_S
100
AcDbVertex
100
AcDb2dVertex
 10
23.988616071431
 20
51.77142857142894
 30
0.0
  0
VERTEX
  5
11B
330
68
100
AcDbEntity
  8
1_ANYTOOL_1MMDEEP_LABELS_S
100
AcDbVertex
100
AcDb2dVertex
 10
23.33956473214529
 20
51.48214285714283
 30
0.0
  0
VERTEX
  5
11C
330
68
100
AcDbEntity
  8
1_ANYTOOL_1MMDEEP_LABELS_S
100
AcDbVertex
100
AcDb2dVertex
 10
22.69017857143101
 20
51.21428571428532
 30
0.0
  0
VERTEX
  5
11D
330
68
100
AcDbEntity
  8
1_ANYTOOL_1MMDEEP_LABELS_S
100
AcDbVertex
100
AcDb2dVertex
 10
22.04045758928815
 20
50.96785714285642
 30
0.0
  0
VERTEX
  5
11E
330
68
100
AcDbEntity
  8
1_ANYTOOL_1MMDEEP_LABELS_S
100
AcDbVertex
100
AcDb2dVertex
 10
21.39040178571673
 20
50.74285714285611
 30
0.0
  0
VERTEX
  5
11F
330
68
100
AcDbEntity
  8
1_ANYTOOL_1MMDEEP_LABELS_S
100
AcDbVertex
100
AcDb2dVertex
 10
20.74001116071673
 20
50.5392857142844
 30
0.0
  0
VERTEX
  5
120
330
68
100
AcDbEntity
  8
1_ANYTOOL_1MMDEEP_LABELS_S
100
AcDbVertex
100
AcDb2dVertex
 10
20.08928571428817
 20
50.3571428571413
 30
0.0
  0
VERTEX
  5
121
330
68
100
AcDbEntity
  8
1_ANYTOOL_1MMDEEP_LABELS_S
100
AcDbVertex
100
AcDb2dVertex
 10
19.43822544643103
 20
50.19642857142679
 30
0.0
  0
VERTEX
  5
122
330
68
100
AcDbEntity
  8
1_ANYTOOL_1MMDEEP_LABELS_S
100
AcDbVertex
100
AcDb2dVertex
 10
18.78683035714533
 20
50.05714285714089
 30
0.0
  0
VERTEX
  5
123
330
68
100
AcDbEntity
  8
1_ANYTOOL_1MMDEEP_LABELS_S
100
AcDbVertex
100
AcDb2dVertex
 10
18.13510044643105
 20
49.93928571428359
 30
0.0
  0
VERTEX
  5
124
330
68
100
AcDbEntity
  8
1_ANYTOOL_1MMDEEP_LABELS_S
100
AcDbVertex
100
AcDb2dVertex
 10
17.48303571428821
 20
49.84285714285488
 30
0.0
  0
VERTEX
  5
125
330
68
100
AcDbEntity
  8
1_ANYTOOL_1MMDEEP_LABELS_S
100
AcDbVertex
100
AcDb2dVertex
 10
16.83063616071679
 20
49.76785714285478
 30
0.0
  0
VERTEX
  5
126
330
68
100
AcDbEntity
  8
1_ANYTOOL_1MMDEEP_LABELS_S
100
AcDbVertex
100
AcDb2dVertex
 10
16.17790178571681
 20
49.71428571428328
 30
0.0
  0
VERTEX
  5
127
330
68
100
AcDbEntity
  8
1_ANYTOOL_1MMDEEP_LABELS_S
100
AcDbVertex
100
AcDb2dVertex
 10
15.52483258928825
 20
49.68214285714038
 30
0.0
  0
VERTEX
  5
128
330
68
100
AcDbEntity
  8
1_ANYTOOL_1MMDEEP_LABELS_S
100
AcDbVertex
100
AcDb2dVertex
 10
14.87142857143112
 20
49.67142857142608
 30
0.0
  0
VERTEX
  5
129
330
68
100
AcDbEntity
  8
1_ANYTOOL_1MMDEEP_LABELS_S
100
AcDbVertex
100
AcDb2dVertex
 10
14.17801339285968
 20
49.68264508928323
 30
0.0
  0
VERTEX
  5
12A
330
68
100
AcDbEntity
  8
1_ANYTOOL_1MMDEEP_LABELS_S
100
AcDbVertex
100
AcDb2dVertex
 10
13.49062500000253
 20
49.71629464285468
 30
0.0
  0
VERTEX
  5
12B
330
68
100
AcDbEntity
  8
1_ANYTOOL_1MMDEEP_LABELS_S
100
AcDbVertex
100
AcDb2dVertex
 10
12.80926339285966
 20
49.77237723214043
 30
0.0
  0
VERTEX
  5
12C
330
68
100
AcDbEntity
  8
1_ANYTOOL_1MMDEEP_LABELS_S
100
AcDbVertex
100
AcDb2dVertex
 10
12.13392857143108
 20
49.85089285714048
 30
0.0
  0
VERTEX
  5
12D
330
68
100
AcDbEntity
  8
1_ANYTOOL_1MMDEEP_LABELS_S
100
AcDbVertex
100
AcDb2dVertex
 10
11.46462053571679
 20
49.95184151785483
 30
0.0
  0
VERTEX
  5
12E
330
68
100
AcDbEntity
  8
1_ANYTOOL_1MMDEEP_LABELS_S
100
AcDbVertex
100
AcDb2dVertex
 10
10.80133928571679
 20
50.07522321428348
 30
0.0
  0
VERTEX
  5
12F
330
68
100
AcDbEntity
  8
1_ANYTOOL_1MMDEEP_LABELS_S
100
AcDbVertex
100
AcDb2dVertex
 10
10.14408482143107
 20
50.22103794642643
 30
0.0
  0
VERTEX
  5
130
330
68
100
AcDbEntity
  8
1_ANYTOOL_1MMDEEP_LABELS_S
100
AcDbVertex
100
AcDb2dVertex
 10
9.492857142859634
 20
50.38928571428369
 30
0.0
  0
VERTEX
  5
131
330
68
100
AcDbEntity
  8
1_ANYTOOL_1MMDEEP_LABELS_S
100
AcDbVertex
100
AcDb2dVertex
 10
8.847656250002489
 20
50.57996651785524
 30
0.0
  0
VERTEX
  5
132
330
68
100
AcDbEntity
  8
1_ANYTOOL_1MMDEEP_LABELS_S
100
AcDbVertex
100
AcDb2dVertex
 10
8.20848214285963
 20
50.79308035714109
 30
0.0
  0
VERTEX
  5
133
330
68
100
AcDbEntity
  8
1_ANYTOOL_1MMDEEP_LABELS_S
100
AcDbVertex
100
AcDb2dVertex
 10
7.575334821431058
 20
51.02862723214125
 30
0.0
  0
VERTEX
  5
134
330
68
100
AcDbEntity
  8
1_ANYTOOL_1MMDEEP_LABELS_S
100
AcDbVertex
100
AcDb2dVertex
 10
6.948214285716773
 20
51.2866071428557
 30
0.0
  0
VERTEX
  5
135
330
68
100
AcDbEntity
  8
1_ANYTOOL_1MMDEEP_LABELS_S
100
AcDbVertex
100
AcDb2dVertex
 10
6.327120535716775
 20
51.56702008928445
 30
0.0
  0
VERTEX
  5
136
330
68
100
AcDbEntity
  8
1_ANYTOOL_1MMDEEP_LABELS_S
100
AcDbVertex
100
AcDb2dVertex
 10
5.712053571431063
 20
51.86986607142751
 30
0.0
  0
VERTEX
  5
137
330
68
100
AcDbEntity
  8
1_ANYTOOL_1MMDEEP_LABELS_S
100
AcDbVertex
100
AcDb2dVertex
 10
5.103013392859639
 20
52.19514508928486
 30
0.0
  0
VERTEX
  5
138
330
68
100
AcDbEntity
  8
1_ANYTOOL_1MMDEEP_LABELS_S
100
AcDbVertex
100
AcDb2dVertex
 10
4.500000000002501
 20
52.54285714285652
 30
0.0
  0
VERTEX
  5
139
330
68
100
AcDbEntity
  8
1_ANYTOOL_1MMDEEP_LABELS_S
100
AcDbVertex
100
AcDb2dVertex
 10
4.202050781252501
 20
52.72826450892802
 30
0.0
  0
VERTEX
  5
13A
330
68
100
AcDbEntity
  8
1_ANYTOOL_1MMDEEP_LABELS_S
100
AcDbVertex
100
AcDb2dVertex
 10
3.913560267859642
 20
52.92020089285666
 30
0.0
  0
VERTEX
  5
13B
330
68
100
AcDbEntity
  8
1_ANYTOOL_1MMDEEP_LABELS_S
100
AcDbVertex
100
AcDb2dVertex
 10
3.634528459823927
 20
53.11866629464242
 30
0.0
  0
VERTEX
  5
13C
330
68
100
AcDbEntity
  8
1_ANYTOOL_1MMDEEP_LABELS_S
100
AcDbVertex
100
AcDb2dVertex
 10
3.364955357145355
 20
53.32366071428532
 30
0.0
  0
VERTEX
  5
13D
330
68
100
AcDbEntity
  8
1_ANYTOOL_1MMDEEP_LABELS_S
100
AcDbVertex
100
AcDb2dVertex
 10
3.104840959823926
 20
53.53518415178536
 30
0.0
  0
VERTEX
  5
13E
330
68
100
AcDbEntity
  8
1_ANYTOOL_1MMDEEP_LABELS_S
100
AcDbVertex
100
AcDb2dVertex
 10
2.85418526785964
 20
53.75323660714253
 30
0.0
  0
VERTEX
  5
13F
330
68
100
AcDbEntity
  8
1_ANYTOOL_1MMDEEP_LABELS_S
100
AcDbVertex
100
AcDb2dVertex
 10
2.612988281252496
 20
53.97781808035683
 30
0.0
  0
VERTEX
  5
140
330
68
100
AcDbEntity
  8
1_ANYTOOL_1MMDEEP_LABELS_S
100
AcDbVertex
100
AcDb2dVertex
 10
2.381250000002495
 20
54.20892857142826
 30
0.0
  0
VERTEX
  5
141
330
68
100
AcDbEntity
  8
1_ANYTOOL_1MMDEEP_LABELS_S
100
AcDbVertex
100
AcDb2dVertex
 10
2.268927873886424
 20
54.3269321986604
 30
0.0
  0
VERTEX
  5
142
330
68
100
AcDbEntity
  8
1_ANYTOOL_1MMDEEP_LABELS_S
100
AcDbVertex
100
AcDb2dVertex
 10
2.158970424109638
 20
54.44656808035683
 30
0.0
  0
VERTEX
  5
143
330
68
100
AcDbEntity
  8
1_ANYTOOL_1MMDEEP_LABELS_S
100
AcDbVertex
100
AcDb2dVertex
 10
2.051377650672137
 20
54.56783621651753
 30
0.0
  0
VERTEX
  5
144
330
68
100
AcDbEntity
  8
1_ANYTOOL_1MMDEEP_LABELS_S
100
AcDbVertex
100
AcDb2dVertex
 10
1.946149553573923
 20
54.69073660714253
 30
0.0
  0
VERTEX
  5
145
330
68
100
AcDbEntity
  8
1_ANYTOOL_1MMDEEP_LABELS_S
100
AcDbVertex
100
AcDb2dVertex
 10
1.843286132814994
 20
54.8152692522318
 30
0.0
  0
VERTEX
  5
146
330
68
100
AcDbEntity
  8
1_ANYTOOL_1MMDEEP_LABELS_S
100
AcDbVertex
100
AcDb2dVertex
 10
1.742787388395351
 20
54.94143415178536
 30
0.0
  0
VERTEX
  5
147
330
68
100
AcDbEntity
  8
1_ANYTOOL_1MMDEEP_LABELS_S
100
AcDbVertex
100
AcDb2dVertex
 10
1.644653320314994
 20
55.0692313058032
 30
0.0
  0
VERTEX
  5
148
330
68
100
AcDbEntity
  8
1_ANYTOOL_1MMDEEP_LABELS_S
100
AcDbVertex
100
AcDb2dVertex
 10
1.548883928573922
 20
55.19866071428532
 30
0.0
  0
VERTEX
  5
149
330
68
100
AcDbEntity
  8
1_ANYTOOL_1MMDEEP_LABELS_S
100
AcDbVertex
100
AcDb2dVertex
 10
1.455479213172136
 20
55.32972237723173
 30
0.0
  0
VERTEX
  5
14A
330
68
100
AcDbEntity
  8
1_ANYTOOL_1MMDEEP_LABELS_S
100
AcDbVertex
100
AcDb2dVertex
 10
1.364439174109636
 20
55.46241629464242
 30
0.0
  0
VERTEX
  5
14B
330
68
100
AcDbEntity
  8
1_ANYTOOL_1MMDEEP_LABELS_S
100
AcDbVertex
100
AcDb2dVertex
 10
1.275763811386421
 20
55.5967424665174
 30
0.0
  0
VERTEX
  5
14C
330
68
100
AcDbEntity
  8
1_ANYTOOL_1MMDEEP_LABELS_S
100
AcDbVertex
100
AcDb2dVertex
 10
1.189453125002492
 20
55.73270089285666
 30
0.0
  0
VERTEX
  5
14D
330
68
100
AcDbEntity
  8
1_ANYTOOL_1MMDEEP_LABELS_S
100
AcDbVertex
100
AcDb2dVertex
 10
1.105507114957849
 20
55.8702915736602
 30
0.0
  0
VERTEX
  5
14E
330
68
100
AcDbEntity
  8
1_ANYTOOL_1MMDEEP_LABELS_S
100
AcDbVertex
100
AcDb2dVertex
 10
1.023925781252492
 20
56.00951450892802
 30
0.0
  0
VERTEX
  5
14F
330
68
100
AcDbEntity
  8
1_ANYTOOL_1MMDEEP_LABELS_S
100
AcDbVertex
100
AcDb2dVertex
 10
0.9447091238864201
 20
56.15036969866013
 30
0.0
  0
VERTEX
  5
150
330
68
100
AcDbEntity
  8
1_ANYTOOL_1MMDEEP_LABELS_S
100
AcDbVertex
100
AcDb2dVertex
 10
0.8678571428596342
 20
56.29285714285652
 30
0.0
  0
VERTEX
  5
151
330
68
100
AcDbEntity
  8
1_ANYTOOL_1MMDEEP_LABELS_S
100
AcDbVertex
100
AcDb2dVertex
 10
0.793369838172134
 20
56.43697684151719
 30
0.0
  0
VERTEX
  5
152
330
68
100
AcDbEntity
  8
1_ANYTOOL_1MMDEEP_LABELS_S
100
AcDbVertex
100
AcDb2dVertex
 10
0.7212472098239195
 20
56.58272879464215
 30
0.0
  0
VERTEX
  5
153
330
68
100
AcDbEntity
  8
1_ANYTOOL_1MMDEEP_LABELS_S
100
AcDbVertex
100
AcDb2dVertex
 10
0.5840959821453477
 20
56.87912946428492
 30
0.0
  0
VERTEX
  5
154
330
68
100
AcDbEntity
  8
1_ANYTOOL_1MMDEEP_LABELS_S
100
AcDbVertex
100
AcDb2dVertex
 10
0.4564034598239188
 20
57.18205915178481
 30
0.0
  0
VERTEX
  5
155
330
68
100
AcDbEntity
  8
1_ANYTOOL_1MMDEEP_LABELS_S
100
AcDbVertex
100
AcDb2dVertex
 10
0.3381696428596328
 20
57.49151785714184
 30
0.0
  0
VERTEX
  5
156
330
68
100
AcDbEntity
  8
1_ANYTOOL_1MMDEEP_LABELS_S
100
AcDbVertex
100
AcDb2dVertex
 10
0.2293945312524897
 20
57.80750558035601
 30
0.0
  0
VERTEX
  5
157
330
68
100
AcDbEntity
  8
1_ANYTOOL_1MMDEEP_LABELS_S
100
AcDbVertex
100
AcDb2dVertex
 10
0.1300781250024894
 20
58.1300223214273
 30
0.0
  0
VERTEX
  5
158
330
68
100
AcDbEntity
  8
1_ANYTOOL_1MMDEEP_LABELS_S
100
AcDbVertex
100
AcDb2dVertex
 10
0.040220424109632
 20
58.45906808035573
 30
0.0
  0
VERTEX
  5
159
330
68
100
AcDbEntity
  8
1_ANYTOOL_1MMDEEP_LABELS_S
100
AcDbVertex
100
AcDb2dVertex
 10
-0.0401785714260825
 20
58.7946428571413
 30
0.0
  0
VERTEX
  5
15A
330
68
100
AcDbEntity
  8
1_ANYTOOL_1MMDEEP_LABELS_S
100
AcDbVertex
100
AcDb2dVertex
 10
-0.1111188616046541
 20
59.13674665178399
 30
0.0
  0
VERTEX
  5
15B
330
68
100
AcDbEntity
  8
1_ANYTOOL_1MMDEEP_LABELS_S
100
AcDbVertex
100
AcDb2dVertex
 10
-0.1726004464260829
 20
59.48537946428382
 30
0.0
  0
VERTEX
  5
15C
330
68
100
AcDbEntity
  8
1_ANYTOOL_1MMDEEP_LABELS_S
100
AcDbVertex
100
AcDb2dVertex
 10
-0.2246233258903687
 20
59.84054129464079
 30
0.0
  0
VERTEX
  5
15D
330
68
100
AcDbEntity
  8
1_ANYTOOL_1MMDEEP_LABELS_S
100
AcDbVertex
100
AcDb2dVertex
 10
-0.2671874999975117
 20
60.20223214285488
 30
0.0
  0
VERTEX
  5
15E
330
68
100
AcDbEntity
  8
1_ANYTOOL_1MMDEEP_LABELS_S
100
AcDbVertex
100
AcDb2dVertex
 10
-0.3002929687475118
 20
60.57045200892611
 30
0.0
  0
VERTEX
  5
15F
330
68
100
AcDbEntity
  8
1_ANYTOOL_1MMDEEP_LABELS_S
100
AcDbVertex
100
AcDb2dVertex
 10
-0.323939732140369
 20
60.94520089285447
 30
0.0
  0
VERTEX
  5
160
330
68
100
AcDbEntity
  8
1_ANYTOOL_1MMDEEP_LABELS_S
100
AcDbVertex
100
AcDb2dVertex
 10
-0.3381277901760833
 20
61.32647879463997
 30
0.0
  0
SEQEND
  5
161
330
68
100
AcDbEntity
  8
1_ANYTOOL_1MMDEEP_LABELS_S
  0
LINE
  5
162
330
1F
100
AcDbEntity
  8
1_ANYTOOL_1MMDEEP_LABELS_S
100
AcDbLine
 10
16.11428571428826
 20
85.67142857142608
 30
0.0
 11
16.20000000000255
 21
76.88571428571595
 31
0.0
  0
POLYLINE
  5
163
330
1F
100
AcDbEntity
  8
1_ANYTOOL_1MMDEEP_LABELS_S
100
AcDb2dPolyline
 66
     1
 10
0.0
 20
0.0
 30
0.0
  0
VERTEX
  5
164
330
163
100
AcDbEntity
  8
1_ANYTOOL_1MMDEEP_LABELS_S
100
AcDbVertex
100
AcDb2dVertex
 10
30.0000000000025
 20
90.81428571428842
 30
0.0
  0
VERTEX
  5
165
330
163
100
AcDbEntity
  8
1_ANYTOOL_1MMDEEP_LABELS_S
100
AcDbVertex
100
AcDb2dVertex
 10
0.0000000000025011
 20
90.81428571428842
 30
0.0
  0
VERTEX
  5
166
330
163
100
AcDbEntity
  8
1_ANYTOOL_1MMDEEP_LABELS_S
100
AcDbVertex
100
AcDb2dVertex
 10
28.37142857143112
 20
102.8142857142884
 30
0.0
  0
VERTEX
  5
167
330
163
100
AcDbEntity
  8
1_ANYTOOL_1MMDEEP_LABELS_S
100
AcDbVertex
100
AcDb2dVertex
 10
0.1285714285738777
 20
114.8142857142884
 30
0.0
  0
VERTEX
  5
168
330
163
100
AcDbEntity
  8
1_ANYTOOL_1MMDEEP_LABELS_S
100
AcDbVertex
100
AcDb2dVertex
 10
30.0000000000025
 20
114.8142857142884
 30
0.0
  0
SEQEND
  5
169
330
163
100
AcDbEntity
  8
1_ANYTOOL_1MMDEEP_LABELS_S
  0
LINE
  5
16A
330
1F
100
AcDbEntity
  8
1_ANYTOOL_1MMDEEP_LABELS_S
100
AcDbLine
 10
16.11428571428826
 20
129.1714285714261
 30
0.0
 11
16.20000000000255
 21
120.3857142857159
 31
0.0
  0
POLYLINE
  5
16B
330
1F
100
AcDbEntity
  8
1_ANYTOOL_1MMDEEP_LABELS_S
100
AcDb2dPolyline
 66
     1
 10
0.0
 20
0.0
 30
0.0
  0
VERTEX
  5
16C
330
16B
100
AcDbEntity
  8
1_ANYTOOL_1MMDEEP_LABELS_S
100
AcDbVertex
100
AcDb2dVertex
 10
30.0000000000025
 20
141.3000000000029
 30
0.0
  0
VERTEX
  5
16D
330
16B
100
AcDbEntity
  8
1_ANYTOOL_1MMDEEP_LABELS_S
100
AcDbVertex
100
AcDb2dVertex
 10
-0.0428571428547002
 20
141.3000000000029
 30
0.0
  0
VERTEX
  5
16E
330
16B
100
AcDbEntity
  8
1_ANYTOOL_1MMDEEP_LABELS_S
100
AcDbVertex
100
AcDb2dVertex
 10
0.1083984375024448
 20
141.2792829241099
 30
0.0
  0
VERTEX
  5
16F
330
16B
100
AcDbEntity
  8
1_ANYTOOL_1MMDEEP_LABELS_S
100
AcDbVertex
100
AcDb2dVertex
 10
0.2568080357167326
 20
141.2546316964311
 30
0.0
  0
VERTEX
  5
170
330
16B
100
AcDbEntity
  8
1_ANYTOOL_1MMDEEP_LABELS_S
100
AcDbVertex
100
AcDb2dVertex
 10
0.4023716517881631
 20
141.2260463169666
 30
0.0
  0
VERTEX
  5
171
330
16B
100
AcDbEntity
  8
1_ANYTOOL_1MMDEEP_LABELS_S
100
AcDbVertex
100
AcDb2dVertex
 10
0.5450892857167364
 20
141.1935267857165
 30
0.0
  0
VERTEX
  5
172
330
16B
100
AcDbEntity
  8
1_ANYTOOL_1MMDEEP_LABELS_S
100
AcDbVertex
100
AcDb2dVertex
 10
0.6849609375024525
 20
141.1570731026806
 30
0.0
  0
VERTEX
  5
173
330
16B
100
AcDbEntity
  8
1_ANYTOOL_1MMDEEP_LABELS_S
100
AcDbVertex
100
AcDb2dVertex
 10
0.8219866071453112
 20
141.116685267859
 30
0.0
  0
VERTEX
  5
174
330
16B
100
AcDbEntity
  8
1_ANYTOOL_1MMDEEP_LABELS_S
100
AcDbVertex
100
AcDb2dVertex
 10
0.9561662946453128
 20
141.0723632812517
 30
0.0
  0
VERTEX
  5
175
330
16B
100
AcDbEntity
  8
1_ANYTOOL_1MMDEEP_LABELS_S
100
AcDbVertex
100
AcDb2dVertex
 10
1.087500000002457
 20
141.0241071428586
 30
0.0
  0
VERTEX
  5
176
330
16B
100
AcDbEntity
  8
1_ANYTOOL_1MMDEEP_LABELS_S
100
AcDbVertex
100
AcDb2dVertex
 10
1.215987723216744
 20
140.9719168526799
 30
0.0
  0
VERTEX
  5
177
330
16B
100
AcDbEntity
  8
1_ANYTOOL_1MMDEEP_LABELS_S
100
AcDbVertex
100
AcDb2dVertex
 10
1.341629464288174
 20
140.9157924107154
 30
0.0
  0
VERTEX
  5
178
330
16B
100
AcDbEntity
  8
1_ANYTOOL_1MMDEEP_LABELS_S
100
AcDbVertex
100
AcDb2dVertex
 10
1.403383091520317
 20
140.8862548828135
 30
0.0
  0
VERTEX
  5
179
330
16B
100
AcDbEntity
  8
1_ANYTOOL_1MMDEEP_LABELS_S
100
AcDbVertex
100
AcDb2dVertex
 10
1.464425223216746
 20
140.8557338169652
 30
0.0
  0
VERTEX
  5
17A
330
16B
100
AcDbEntity
  8
1_ANYTOOL_1MMDEEP_LABELS_S
100
AcDbVertex
100
AcDb2dVertex
 10
1.524755859377461
 20
140.8242292131705
 30
0.0
  0
VERTEX
  5
17B
330
16B
100
AcDbEntity
  8
1_ANYTOOL_1MMDEEP_LABELS_S
100
AcDbVertex
100
AcDb2dVertex
 10
1.584375000002462
 20
140.7917410714293
 30
0.0
  0
VERTEX
  5
17C
330
16B
100
AcDbEntity
  8
1_ANYTOOL_1MMDEEP_LABELS_S
100
AcDbVertex
100
AcDb2dVertex
 10
1.643282645091748
 20
140.7582693917417
 30
0.0
  0
VERTEX
  5
17D
330
16B
100
AcDbEntity
  8
1_ANYTOOL_1MMDEEP_LABELS_S
100
AcDbVertex
100
AcDb2dVertex
 10
1.70147879464532
 20
140.7238141741077
 30
0.0
  0
VERTEX
  5
17E
330
16B
100
AcDbEntity
  8
1_ANYTOOL_1MMDEEP_LABELS_S
100
AcDbVertex
100
AcDb2dVertex
 10
1.758963448663177
 20
140.6883754185273
 30
0.0
  0
VERTEX
  5
17F
330
16B
100
AcDbEntity
  8
1_ANYTOOL_1MMDEEP_LABELS_S
100
AcDbVertex
100
AcDb2dVertex
 10
1.81573660714532
 20
140.6519531250004
 30
0.0
  0
VERTEX
  5
180
330
16B
100
AcDbEntity
  8
1_ANYTOOL_1MMDEEP_LABELS_S
100
AcDbVertex
100
AcDb2dVertex
 10
1.871798270091749
 20
140.6145472935271
 30
0.0
  0
VERTEX
  5
181
330
16B
100
AcDbEntity
  8
1_ANYTOOL_1MMDEEP_LABELS_S
100
AcDbVertex
100
AcDb2dVertex
 10
1.927148437502464
 20
140.5761579241074
 30
0.0
  0
VERTEX
  5
182
330
16B
100
AcDbEntity
  8
1_ANYTOOL_1MMDEEP_LABELS_S
100
AcDbVertex
100
AcDb2dVertex
 10
1.981787109377464
 20
140.5367850167412
 30
0.0
  0
VERTEX
  5
183
330
16B
100
AcDbEntity
  8
1_ANYTOOL_1MMDEEP_LABELS_S
100
AcDbVertex
100
AcDb2dVertex
 10
2.03571428571675
 20
140.4964285714286
 30
0.0
  0
VERTEX
  5
184
330
16B
100
AcDbEntity
  8
1_ANYTOOL_1MMDEEP_LABELS_S
100
AcDbVertex
100
AcDb2dVertex
 10
2.088929966520322
 20
140.4550885881696
 30
0.0
  0
VERTEX
  5
185
330
16B
100
AcDbEntity
  8
1_ANYTOOL_1MMDEEP_LABELS_S
100
AcDbVertex
100
AcDb2dVertex
 10
2.141434151788179
 20
140.4127650669642
 30
0.0
  0
VERTEX
  5
186
330
16B
100
AcDbEntity
  8
1_ANYTOOL_1MMDEEP_LABELS_S
100
AcDbVertex
100
AcDb2dVertex
 10
2.193226841520322
 20
140.3694580078123
 30
0.0
  0
VERTEX
  5
187
330
16B
100
AcDbEntity
  8
1_ANYTOOL_1MMDEEP_LABELS_S
100
AcDbVertex
100
AcDb2dVertex
 10
2.244308035716751
 20
140.325167410714
 30
0.0
  0
VERTEX
  5
188
330
16B
100
AcDbEntity
  8
1_ANYTOOL_1MMDEEP_LABELS_S
100
AcDbVertex
100
AcDb2dVertex
 10
2.294677734377466
 20
140.2798932756693
 30
0.0
  0
VERTEX
  5
189
330
16B
100
AcDbEntity
  8
1_ANYTOOL_1MMDEEP_LABELS_S
100
AcDbVertex
100
AcDb2dVertex
 10
2.344335937502466
 20
140.2336356026781
 30
0.0
  0
VERTEX
  5
18A
330
16B
100
AcDbEntity
  8
1_ANYTOOL_1MMDEEP_LABELS_S
100
AcDbVertex
100
AcDb2dVertex
 10
2.393282645091752
 20
140.1863943917405
 30
0.0
  0
VERTEX
  5
18B
330
16B
100
AcDbEntity
  8
1_ANYTOOL_1MMDEEP_LABELS_S
100
AcDbVertex
100
AcDb2dVertex
 10
2.441517857145323
 20
140.1381696428565
 30
0.0
  0
VERTEX
  5
18C
330
16B
100
AcDbEntity
  8
1_ANYTOOL_1MMDEEP_LABELS_S
100
AcDbVertex
100
AcDb2dVertex
 10
2.535853794645323
 20
140.0387695312492
 30
0.0
  0
VERTEX
  5
18D
330
16B
100
AcDbEntity
  8
1_ANYTOOL_1MMDEEP_LABELS_S
100
AcDbVertex
100
AcDb2dVertex
 10
2.627343750002466
 20
139.9354352678561
 30
0.0
  0
VERTEX
  5
18E
330
16B
100
AcDbEntity
  8
1_ANYTOOL_1MMDEEP_LABELS_S
100
AcDbVertex
100
AcDb2dVertex
 10
2.715987723216751
 20
139.8281668526774
 30
0.0
  0
VERTEX
  5
18F
330
16B
100
AcDbEntity
  8
1_ANYTOOL_1MMDEEP_LABELS_S
100
AcDbVertex
100
AcDb2dVertex
 10
2.801785714288179
 20
139.7169642857129
 30
0.0
  0
VERTEX
  5
190
330
16B
100
AcDbEntity
  8
1_ANYTOOL_1MMDEEP_LABELS_S
100
AcDbVertex
100
AcDb2dVertex
 10
2.88473772321675
 20
139.6018275669628
 30
0.0
  0
VERTEX
  5
191
330
16B
100
AcDbEntity
  8
1_ANYTOOL_1MMDEEP_LABELS_S
100
AcDbVertex
100
AcDb2dVertex
 10
2.964843750002464
 20
139.4827566964269
 30
0.0
  0
VERTEX
  5
192
330
16B
100
AcDbEntity
  8
1_ANYTOOL_1MMDEEP_LABELS_S
100
AcDbVertex
100
AcDb2dVertex
 10
3.042103794645321
 20
139.3597516741053
 30
0.0
  0
VERTEX
  5
193
330
16B
100
AcDbEntity
  8
1_ANYTOOL_1MMDEEP_LABELS_S
100
AcDbVertex
100
AcDb2dVertex
 10
3.11651785714532
 20
139.232812499998
 30
0.0
  0
VERTEX
  5
194
330
16B
100
AcDbEntity
  8
1_ANYTOOL_1MMDEEP_LABELS_S
100
AcDbVertex
100
AcDb2dVertex
 10
3.188085937502462
 20
139.1019391741049
 30
0.0
  0
VERTEX
  5
195
330
16B
100
AcDbEntity
  8
1_ANYTOOL_1MMDEEP_LABELS_S
100
AcDbVertex
100
AcDb2dVertex
 10
3.256808035716747
 20
138.9671316964262
 30
0.0
  0
VERTEX
  5
196
330
16B
100
AcDbEntity
  8
1_ANYTOOL_1MMDEEP_LABELS_S
100
AcDbVertex
100
AcDb2dVertex
 10
3.322684151788174
 20
138.8283900669618
 30
0.0
  0
VERTEX
  5
197
330
16B
100
AcDbEntity
  8
1_ANYTOOL_1MMDEEP_LABELS_S
100
AcDbVertex
100
AcDb2dVertex
 10
3.385714285716745
 20
138.6857142857116
 30
0.0
  0
VERTEX
  5
198
330
16B
100
AcDbEntity
  8
1_ANYTOOL_1MMDEEP_LABELS_S
100
AcDbVertex
100
AcDb2dVertex
 10
3.499888392859606
 20
138.3974330357121
 30
0.0
  0
VERTEX
  5
199
330
16B
100
AcDbEntity
  8
1_ANYTOOL_1MMDEEP_LABELS_S
100
AcDbVertex
100
AcDb2dVertex
 10
3.606696428573896
 20
138.1111607142841
 30
0.0
  0
VERTEX
  5
19A
330
16B
100
AcDbEntity
  8
1_ANYTOOL_1MMDEEP_LABELS_S
100
AcDbVertex
100
AcDb2dVertex
 10
3.706138392859614
 20
137.8268973214275
 30
0.0
  0
VERTEX
  5
19B
330
16B
100
AcDbEntity
  8
1_ANYTOOL_1MMDEEP_LABELS_S
100
AcDbVertex
100
AcDb2dVertex
 10
3.79821428571676
 20
137.5446428571422
 30
0.0
  0
VERTEX
  5
19C
330
16B
100
AcDbEntity
  8
1_ANYTOOL_1MMDEEP_LABELS_S
100
AcDbVertex
100
AcDb2dVertex
 10
3.882924107145335
 20
137.2643973214284
 30
0.0
  0
VERTEX
  5
19D
330
16B
100
AcDbEntity
  8
1_ANYTOOL_1MMDEEP_LABELS_S
100
AcDbVertex
100
AcDb2dVertex
 10
3.960267857145338
 20
136.9861607142859
 30
0.0
  0
VERTEX
  5
19E
330
16B
100
AcDbEntity
  8
1_ANYTOOL_1MMDEEP_LABELS_S
100
AcDbVertex
100
AcDb2dVertex
 10
4.030245535716769
 20
136.7099330357149
 30
0.0
  0
VERTEX
  5
19F
330
16B
100
AcDbEntity
  8
1_ANYTOOL_1MMDEEP_LABELS_S
100
AcDbVertex
100
AcDb2dVertex
 10
4.092857142859629
 20
136.4357142857152
 30
0.0
  0
VERTEX
  5
1A0
330
16B
100
AcDbEntity
  8
1_ANYTOOL_1MMDEEP_LABELS_S
100
AcDbVertex
100
AcDb2dVertex
 10
4.148102678573917
 20
136.163504464287
 30
0.0
  0
VERTEX
  5
1A1
330
16B
100
AcDbEntity
  8
1_ANYTOOL_1MMDEEP_LABELS_S
100
AcDbVertex
100
AcDb2dVertex
 10
4.195982142859632
 20
135.8933035714301
 30
0.0
  0
VERTEX
  5
1A2
330
16B
100
AcDbEntity
  8
1_ANYTOOL_1MMDEEP_LABELS_S
100
AcDbVertex
100
AcDb2dVertex
 10
4.236495535716777
 20
135.6251116071447
 30
0.0
  0
VERTEX
  5
1A3
330
16B
100
AcDbEntity
  8
1_ANYTOOL_1MMDEEP_LABELS_S
100
AcDbVertex
100
AcDb2dVertex
 10
4.26964285714535
 20
135.3589285714306
 30
0.0
  0
VERTEX
  5
1A4
330
16B
100
AcDbEntity
  8
1_ANYTOOL_1MMDEEP_LABELS_S
100
AcDbVertex
100
AcDb2dVertex
 10
4.295424107145351
 20
135.094754464288
 30
0.0
  0
VERTEX
  5
1A5
330
16B
100
AcDbEntity
  8
1_ANYTOOL_1MMDEEP_LABELS_S
100
AcDbVertex
100
AcDb2dVertex
 10
4.31383928571678
 20
134.8325892857167
 30
0.0
  0
VERTEX
  5
1A6
330
16B
100
AcDbEntity
  8
1_ANYTOOL_1MMDEEP_LABELS_S
100
AcDbVertex
100
AcDb2dVertex
 10
4.324888392859638
 20
134.5724330357169
 30
0.0
  0
VERTEX
  5
1A7
330
16B
100
AcDbEntity
  8
1_ANYTOOL_1MMDEEP_LABELS_S
100
AcDbVertex
100
AcDb2dVertex
 10
4.328571428573923
 20
134.3142857142884
 30
0.0
  0
SEQEND
  5
1A8
330
16B
100
AcDbEntity
  8
1_ANYTOOL_1MMDEEP_LABELS_S
  0
LINE
  5
1A9
330
1F
100
AcDbEntity
  8
1_ANYTOOL_1MMDEEP_LABELS_S
100
AcDbLine
 10
0.4714285714310336
 20
164.0142857142855
 30
0.0
 11
31.24285714285975
 21
146.8285714285739
 31
0.0
  0
POLYLINE
  5
1AA
330
1F
100
AcDbEntity
  8
1_ANYTOOL_1MMDEEP_LABELS_S
100
AcDb2dPolyline
 66
     1
 10
0.0
 20
0.0
 30
0.0
  0
VERTEX
  5
1AB
330
1AA
100
AcDbEntity
  8
1_ANYTOOL_1MMDEEP_LABELS_S
100
AcDbVertex
100
AcDb2dVertex
 10
30.0000000000025
 20
165.7285714285681
 30
0.0
  0
VERTEX
  5
1AC
330
1AA
100
AcDbEntity
  8
1_ANYTOOL_1MMDEEP_LABELS_S
100
AcDbVertex
100
AcDb2dVertex
 10
0.0000000000025011
 20
176.6142857142841
 30
0.0
  0
VERTEX
  5
1AD
330
1AA
100
AcDbEntity
  8
1_ANYTOOL_1MMDEEP_LABELS_S
100
AcDbVertex
100
AcDb2dVertex
 10
30.0000000000025
 20
187.6714285714261
 30
0.0
  0
SEQEND
  5
1AE
330
1AA
100
AcDbEntity
  8
1_ANYTOOL_1MMDEEP_LABELS_S
  0
LINE
  5
1AF
330
1F
100
AcDbEntity
  8
1_ANYTOOL_1MMDEEP_LABELS_S
100
AcDbLine
 10
20.44285714285957
 20
169.1999999999971
 30
0.0
 11
20.44285714285957
 21
184.1142857142841
 31
0.0
  0
POLYLINE
  5
1B1
330
1F
100
AcDbEntity
  8
5_ANYTOOL_HALF_MILL_9MM_IN
100
AcDb2dPolyline
 66
     1
 10
0.0
 20
0.0
 30
-0.0000000000801883
 70
     1
  0
VERTEX
  5
1B2
330
1B1
100
AcDbEntity
  8
5_ANYTOOL_HALF_MILL_9MM_IN
100
AcDbVertex
100
AcDb2dVertex
 10
353.9598168705936
 20
434.3750010778167
 30
-0.0000000000801883
 42
0.4142135623727426
  0
VERTEX
  5
1B3
330
1B1
100
AcDbEntity
  8
5_ANYTOOL_HALF_MILL_9MM_IN
100
AcDbVertex
100
AcDb2dVertex
 10
347.9598168706009
 20
428.3750010778167
 30
-0.0000000000801883
  0
VERTEX
  5
1B4
330
1B1
100
AcDbEntity
  8
5_ANYTOOL_HALF_MILL_9MM_IN
100
AcDbVertex
100
AcDb2dVertex
 10
347.9598168705936
 20
379.6250010778167
 30
-0.0000000000801883
 42
0.4142135623727407
  0
VERTEX
  5
1B5
330
1B1
100
AcDbEntity
  8
5_ANYTOOL_HALF_MILL_9MM_IN
100
AcDbVertex
100
AcDb2dVertex
 10
353.9598168705936
 20
373.6250010778094
 30
-0.0000000000801883
  0
VERTEX
  5
1B6
330
1B1
100
AcDbEntity
  8
5_ANYTOOL_HALF_MILL_9MM_IN
100
AcDbVertex
100
AcDb2dVertex
 10
360.4598168706032
 20
373.6250010778167
 30
-0.0000000000801883
 42
0.4142135623728613
  0
VERTEX
  5
1B7
330
1B1
100
AcDbEntity
  8
5_ANYTOOL_HALF_MILL_9MM_IN
100
AcDbVertex
100
AcDb2dVertex
 10
366.4598168705984
 20
379.6250010778167
 30
-0.0000000000801883
  0
VERTEX
  5
1B8
330
1B1
100
AcDbEntity
  8
5_ANYTOOL_HALF_MILL_9MM_IN
100
AcDbVertex
100
AcDb2dVertex
 10
366.4598168706032
 20
428.3750010778167
 30
-0.0000000000801883
 42
0.4142135623728529
  0
VERTEX
  5
1B9
330
1B1
100
AcDbEntity
  8
5_ANYTOOL_HALF_MILL_9MM_IN
100
AcDbVertex
100
AcDb2dVertex
 10
360.4598168706032
 20
434.3750010778217
 30
-0.0000000000801883
  0
SEQEND
  5
1BA
330
1B1
100
AcDbEntity
  8
5_ANYTOOL_HALF_MILL_9MM_IN
  0
POLYLINE
  5
1BB
330
1F
100
AcDbEntity
  8
5_ANYTOOL_HALF_MILL_9MM_IN
100
AcDb2dPolyline
 66
     1
 10
0.0
 20
0.0
 30
0.0000000000335737
 70
     1
  0
VERTEX
  5
1BC
330
1BB
100
AcDbEntity
  8
5_ANYTOOL_HALF_MILL_9MM_IN
100
AcDbVertex
100
AcDb2dVertex
 10
-209.4931831247809
 20
544.0000010766889
 30
0.0000000000335737
 42
1.000000000000342
  0
VERTEX
  5
1BD
330
1BB
100
AcDbEntity
  8
5_ANYTOOL_HALF_MILL_9MM_IN
100
AcDbVertex
100
AcDb2dVertex
 10
-166.99318312478
 20
544.000001076718
 30
0.0000000000335737
  0
VERTEX
  5
1BE
330
1BB
100
AcDbEntity
  8
5_ANYTOOL_HALF_MILL_9MM_IN
100
AcDbVertex
100
AcDb2dVertex
 10
-166.9931831247881
 20
550.250001076718
 30
0.0000000000335737
  0
VERTEX
  5
1BF
330
1BB
100
AcDbEntity
  8
5_ANYTOOL_HALF_MILL_9MM_IN
100
AcDbVertex
100
AcDb2dVertex
 10
-209.4931831247856
 20
550.2500010766889
 30
0.0000000000335737
  0
SEQEND
  5
1C0
330
1BB
100
AcDbEntity
  8
5_ANYTOOL_HALF_MILL_9MM_IN
  0
POLYLINE
  5
1C1
330
1F
100
AcDbEntity
  8
5_ANYTOOL_HALF_MILL_9MM_IN
100
AcDb2dPolyline
 66
     1
 10
0.0
 20
0.0
 30
0.0000000000259485
 70
     1
  0
VERTEX
  5
1C2
330
1C1
100
AcDbEntity
  8
5_ANYTOOL_HALF_MILL_9MM_IN
100
AcDbVertex
100
AcDb2dVertex
 10
-166.9931831265662
 20
-543.9999989235075
 30
0.0000000000259485
 42
1.000000000000003
  0
VERTEX
  5
1C3
330
1C1
100
AcDbEntity
  8
5_ANYTOOL_HALF_MILL_9MM_IN
100
AcDbVertex
100
AcDb2dVertex
 10
-209.4931831265765
 20
-543.9999989235221
 30
0.0000000000259485
  0
VERTEX
  5
1C4
330
1C1
100
AcDbEntity
  8
5_ANYTOOL_HALF_MILL_9MM_IN
100
AcDbVertex
100
AcDb2dVertex
 10
-209.4931831265618
 20
-550.2499989235221
 30
0.0000000000259485
  0
VERTEX
  5
1C5
330
1C1
100
AcDbEntity
  8
5_ANYTOOL_HALF_MILL_9MM_IN
100
AcDbVertex
100
AcDb2dVertex
 10
-166.9931831265609
 20
-550.2499989235075
 30
0.0000000000259485
  0
SEQEND
  5
1C6
330
1C1
100
AcDbEntity
  8
5_ANYTOOL_HALF_MILL_9MM_IN
  0
POLYLINE
  5
1C7
330
1F
100
AcDbEntity
  8
5_ANYTOOL_HALF_MILL_9MM_IN
100
AcDb2dPolyline
 66
     1
 10
0.0
 20
0.0
 30
-0.0000000000119816
 70
     1
  0
VERTEX
  5
1C8
330
1C7
100
AcDbEntity
  8
5_ANYTOOL_HALF_MILL_9MM_IN
100
AcDbVertex
100
AcDb2dVertex
 10
41.91281687347873
 20
-543.9999989234566
 30
-0.0000000000119816
 42
0.9999999999999999
  0
VERTEX
  5
1C9
330
1C7
100
AcDbEntity
  8
5_ANYTOOL_HALF_MILL_9MM_IN
100
AcDbVertex
100
AcDb2dVertex
 10
-0.5871831265303626
 20
-543.9999989234711
 30
-0.0000000000119816
  0
VERTEX
  5
1CA
330
1C7
100
AcDbEntity
  8
5_ANYTOOL_HALF_MILL_9MM_IN
100
AcDbVertex
100
AcDb2dVertex
 10
-0.5871831265150149
 20
-550.2499989234711
 30
-0.0000000000119816
  0
VERTEX
  5
1CB
330
1C7
100
AcDbEntity
  8
5_ANYTOOL_HALF_MILL_9MM_IN
100
AcDbVertex
100
AcDb2dVertex
 10
41.91281687348373
 20
-550.2499989234566
 30
-0.0000000000119816
  0
SEQEND
  5
1CC
330
1C7
100
AcDbEntity
  8
5_ANYTOOL_HALF_MILL_9MM_IN
  0
POLYLINE
  5
1CD
330
1F
100
AcDbEntity
  8
5_ANYTOOL_HALF_MILL_9MM_IN
100
AcDb2dPolyline
 66
     1
 10
0.0
 20
0.0
 30
-0.0000000000801883
 70
     1
  0
VERTEX
  5
1CE
330
1CD
100
AcDbEntity
  8
5_ANYTOOL_HALF_MILL_9MM_IN
100
AcDbVertex
100
AcDb2dVertex
 10
184.3348168708867
 20
600.2500010425865
 30
-0.0000000000801883
 42
0.4142135623729373
  0
VERTEX
  5
1CF
330
1CD
100
AcDbEntity
  8
5_ANYTOOL_HALF_MILL_9MM_IN
100
AcDbVertex
100
AcDb2dVertex
 10
178.3348168708899
 20
594.2500010425865
 30
-0.0000000000801883
  0
VERTEX
  5
1D0
330
1CD
100
AcDbEntity
  8
5_ANYTOOL_HALF_MILL_9MM_IN
100
AcDbVertex
100
AcDb2dVertex
 10
178.3348168708867
 20
587.7500010072617
 30
-0.0000000000801883
 42
0.4142135623731333
  0
VERTEX
  5
1D1
330
1CD
100
AcDbEntity
  8
5_ANYTOOL_HALF_MILL_9MM_IN
100
AcDbVertex
100
AcDb2dVertex
 10
184.3348168708867
 20
581.7500010072624
 30
-0.0000000000801883
  0
VERTEX
  5
1D2
330
1CD
100
AcDbEntity
  8
5_ANYTOOL_HALF_MILL_9MM_IN
100
AcDbVertex
100
AcDb2dVertex
 10
248.0848168709092
 20
581.7500010072617
 30
-0.0000000000801883
 42
0.4142135623732464
  0
VERTEX
  5
1D3
330
1CD
100
AcDbEntity
  8
5_ANYTOOL_HALF_MILL_9MM_IN
100
AcDbVertex
100
AcDb2dVertex
 10
254.0848168709124
 20
587.7500010072617
 30
-0.0000000000801883
  0
VERTEX
  5
1D4
330
1CD
100
AcDbEntity
  8
5_ANYTOOL_HALF_MILL_9MM_IN
100
AcDbVertex
100
AcDb2dVertex
 10
254.0848168709092
 20
594.2500010425865
 30
-0.0000000000801883
 42
0.4142135623730637
  0
VERTEX
  5
1D5
330
1CD
100
AcDbEntity
  8
5_ANYTOOL_HALF_MILL_9MM_IN
100
AcDbVertex
100
AcDb2dVertex
 10
248.0848168709092
 20
600.2500010425872
 30
-0.0000000000801883
  0
SEQEND
  5
1D6
330
1CD
100
AcDbEntity
  8
5_ANYTOOL_HALF_MILL_9MM_IN
  0
POLYLINE
  5
1D7
330
1F
100
AcDbEntity
  8
5_ANYTOOL_HALF_MILL_9MM_IN
100
AcDb2dPolyline
 66
     1
 10
0.0
 20
0.0
 30
-0.0000000000801883
 70
     1
  0
VERTEX
  5
1D8
330
1D7
100
AcDbEntity
  8
5_ANYTOOL_HALF_MILL_9MM_IN
100
AcDbVertex
100
AcDb2dVertex
 10
184.3348168701211
 20
-581.7499989223434
 30
-0.0000000000801883
 42
0.4142135623724967
  0
VERTEX
  5
1D9
330
1D7
100
AcDbEntity
  8
5_ANYTOOL_HALF_MILL_9MM_IN
100
AcDbVertex
100
AcDb2dVertex
 10
178.3348168701189
 20
-587.7499989223434
 30
-0.0000000000801883
  0
VERTEX
  5
1DA
330
1D7
100
AcDbEntity
  8
5_ANYTOOL_HALF_MILL_9MM_IN
100
AcDbVertex
100
AcDb2dVertex
 10
178.3348168701211
 20
-594.2499989216303
 30
-0.0000000000801883
 42
0.4142135623729511
  0
VERTEX
  5
1DB
330
1D7
100
AcDbEntity
  8
5_ANYTOOL_HALF_MILL_9MM_IN
100
AcDbVertex
100
AcDb2dVertex
 10
184.3348168701211
 20
-600.2499989216333
 30
-0.0000000000801883
  0
VERTEX
  5
1DC
330
1D7
100
AcDbEntity
  8
5_ANYTOOL_HALF_MILL_9MM_IN
100
AcDbVertex
100
AcDb2dVertex
 10
248.0848168701862
 20
-600.2499989216303
 30
-0.0000000000801883
 42
0.4142135623725425
  0
VERTEX
  5
1DD
330
1D7
100
AcDbEntity
  8
5_ANYTOOL_HALF_MILL_9MM_IN
100
AcDbVertex
100
AcDb2dVertex
 10
254.0848168701893
 20
-594.2499989216303
 30
-0.0000000000801883
  0
VERTEX
  5
1DE
330
1D7
100
AcDbEntity
  8
5_ANYTOOL_HALF_MILL_9MM_IN
100
AcDbVertex
100
AcDb2dVertex
 10
254.0848168701862
 20
-587.7499989223434
 30
-0.0000000000801883
 42
0.4142135623720959
  0
VERTEX
  5
1DF
330
1D7
100
AcDbEntity
  8
5_ANYTOOL_HALF_MILL_9MM_IN
100
AcDbVertex
100
AcDb2dVertex
 10
248.0848168701862
 20
-581.749998922352
 30
-0.0000000000801883
  0
SEQEND
  5
1E0
330
1D7
100
AcDbEntity
  8
5_ANYTOOL_HALF_MILL_9MM_IN
  0
POLYLINE
  5
1E1
330
1F
100
AcDbEntity
  8
5_ANYTOOL_HALF_MILL_9MM_IN
100
AcDb2dPolyline
 66
     1
 10
0.0
 20
0.0
 30
-0.0000000000801883
 70
     1
  0
VERTEX
  5
1E2
330
1E1
100
AcDbEntity
  8
5_ANYTOOL_HALF_MILL_9MM_IN
100
AcDbVertex
100
AcDb2dVertex
 10
353.9598168707498
 20
-373.6249989231001
 30
-0.0000000000801883
 42
0.4142135623715755
  0
VERTEX
  5
1E3
330
1E1
100
AcDbEntity
  8
5_ANYTOOL_HALF_MILL_9MM_IN
100
AcDbVertex
100
AcDb2dVertex
 10
347.9598168707373
 20
-379.6249989231001
 30
-0.0000000000801883
  0
VERTEX
  5
1E4
330
1E1
100
AcDbEntity
  8
5_ANYTOOL_HALF_MILL_9MM_IN
100
AcDbVertex
100
AcDb2dVertex
 10
347.9598168707498
 20
-428.3749989231292
 30
-0.0000000000801883
 42
0.414213562372051
  0
VERTEX
  5
1E5
330
1E1
100
AcDbEntity
  8
5_ANYTOOL_HALF_MILL_9MM_IN
100
AcDbVertex
100
AcDb2dVertex
 10
353.9598168707498
 20
-434.3749989231214
 30
-0.0000000000801883
  0
VERTEX
  5
1E6
330
1E1
100
AcDbEntity
  8
5_ANYTOOL_HALF_MILL_9MM_IN
100
AcDbVertex
100
AcDb2dVertex
 10
360.4598168707525
 20
-434.3749989231292
 30
-0.0000000000801883
 42
0.4142135623724771
  0
VERTEX
  5
1E7
330
1E1
100
AcDbEntity
  8
5_ANYTOOL_HALF_MILL_9MM_IN
100
AcDbVertex
100
AcDb2dVertex
 10
366.4598168707544
 20
-428.3749989231292
 30
-0.0000000000801883
  0
VERTEX
  5
1E8
330
1E1
100
AcDbEntity
  8
5_ANYTOOL_HALF_MILL_9MM_IN
100
AcDbVertex
100
AcDb2dVertex
 10
366.4598168707525
 20
-379.6249989231001
 30
-0.0000000000801883
 42
0.4142135623719851
  0
VERTEX
  5
1E9
330
1E1
100
AcDbEntity
  8
5_ANYTOOL_HALF_MILL_9MM_IN
100
AcDbVertex
100
AcDb2dVertex
 10
360.4598168707525
 20
-373.6249989231064
 30
-0.0000000000801883
  0
SEQEND
  5
1EA
330
1E1
100
AcDbEntity
  8
5_ANYTOOL_HALF_MILL_9MM_IN
  0
POLYLINE
  5
1EB
330
1F
100
AcDbEntity
  8
5_ANYTOOL_HALF_MILL_9MM_IN
100
AcDb2dPolyline
 66
     1
 10
0.0
 20
0.0
 30
-0.0000000000801883
 70
     1
  0
VERTEX
  5
1EC
330
1EB
100
AcDbEntity
  8
5_ANYTOOL_HALF_MILL_9MM_IN
100
AcDbVertex
100
AcDb2dVertex
 10
353.9598168707068
 20
-165.6249989231001
 30
-0.0000000000801883
 42
0.4142135623724509
  0
VERTEX
  5
1ED
330
1EB
100
AcDbEntity
  8
5_ANYTOOL_HALF_MILL_9MM_IN
100
AcDbVertex
100
AcDb2dVertex
 10
347.9598168707055
 20
-171.6249989231001
 30
-0.0000000000801883
  0
VERTEX
  5
1EE
330
1EB
100
AcDbEntity
  8
5_ANYTOOL_HALF_MILL_9MM_IN
100
AcDbVertex
100
AcDb2dVertex
 10
347.9598168707068
 20
-220.3749989231001
 30
-0.0000000000801883
 42
0.4142135623726182
  0
VERTEX
  5
1EF
330
1EB
100
AcDbEntity
  8
5_ANYTOOL_HALF_MILL_9MM_IN
100
AcDbVertex
100
AcDb2dVertex
 10
353.9598168707068
 20
-226.3749989230953
 30
-0.0000000000801883
  0
VERTEX
  5
1F0
330
1EB
100
AcDbEntity
  8
5_ANYTOOL_HALF_MILL_9MM_IN
100
AcDbVertex
100
AcDb2dVertex
 10
360.4598168707091
 20
-226.3749989231001
 30
-0.0000000000801883
 42
0.4142135623721283
  0
VERTEX
  5
1F1
330
1EB
100
AcDbEntity
  8
5_ANYTOOL_HALF_MILL_9MM_IN
100
AcDbVertex
100
AcDb2dVertex
 10
366.4598168707184
 20
-220.3749989231001
 30
-0.0000000000801883
  0
VERTEX
  5
1F2
330
1EB
100
AcDbEntity
  8
5_ANYTOOL_HALF_MILL_9MM_IN
100
AcDbVertex
100
AcDb2dVertex
 10
366.4598168707091
 20
-171.6249989231001
 30
-0.0000000000801883
 42
0.4142135623725067
  0
VERTEX
  5
1F3
330
1EB
100
AcDbEntity
  8
5_ANYTOOL_HALF_MILL_9MM_IN
100
AcDbVertex
100
AcDb2dVertex
 10
360.4598168707091
 20
-165.6249989231026
 30
-0.0000000000801883
  0
SEQEND
  5
1F4
330
1EB
100
AcDbEntity
  8
5_ANYTOOL_HALF_MILL_9MM_IN
  0
POLYLINE
  5
1F5
330
1F
100
AcDbEntity
  8
5_ANYTOOL_HALF_MILL_9MM_IN
100
AcDb2dPolyline
 66
     1
 10
0.0
 20
0.0
 30
-0.0000000000801883
 70
     1
  0
VERTEX
  5
1F6
330
1F5
100
AcDbEntity
  8
5_ANYTOOL_HALF_MILL_9MM_IN
100
AcDbVertex
100
AcDb2dVertex
 10
353.9598168706364
 20
226.3750010778094
 30
-0.0000000000801883
 42
0.4142135623713629
  0
VERTEX
  5
1F7
330
1F5
100
AcDbEntity
  8
5_ANYTOOL_HALF_MILL_9MM_IN
100
AcDbVertex
100
AcDb2dVertex
 10
347.9598168706282
 20
220.3750010778094
 30
-0.0000000000801883
  0
VERTEX
  5
1F8
330
1F5
100
AcDbEntity
  8
5_ANYTOOL_HALF_MILL_9MM_IN
100
AcDbVertex
100
AcDb2dVertex
 10
347.9598168706364
 20
171.6250010777949
 30
-0.0000000000801883
 42
0.4142135623719376
  0
VERTEX
  5
1F9
330
1F5
100
AcDbEntity
  8
5_ANYTOOL_HALF_MILL_9MM_IN
100
AcDbVertex
100
AcDb2dVertex
 10
353.9598168706364
 20
165.6250010778003
 30
-0.0000000000801883
  0
VERTEX
  5
1FA
330
1F5
100
AcDbEntity
  8
5_ANYTOOL_HALF_MILL_9MM_IN
100
AcDbVertex
100
AcDb2dVertex
 10
360.4598168706391
 20
165.6250010777949
 30
-0.0000000000801883
 42
0.4142135623725043
  0
VERTEX
  5
1FB
330
1F5
100
AcDbEntity
  8
5_ANYTOOL_HALF_MILL_9MM_IN
100
AcDbVertex
100
AcDb2dVertex
 10
366.4598168706416
 20
171.6250010777949
 30
-0.0000000000801883
  0
VERTEX
  5
1FC
330
1F5
100
AcDbEntity
  8
5_ANYTOOL_HALF_MILL_9MM_IN
100
AcDbVertex
100
AcDb2dVertex
 10
366.4598168706391
 20
220.3750010778094
 30
-0.0000000000801883
 42
0.4142135623719275
  0
VERTEX
  5
1FD
330
1F5
100
AcDbEntity
  8
5_ANYTOOL_HALF_MILL_9MM_IN
100
AcDbVertex
100
AcDb2dVertex
 10
360.4598168706391
 20
226.3750010778042
 30
-0.0000000000801883
  0
SEQEND
  5
1FE
330
1F5
100
AcDbEntity
  8
5_ANYTOOL_HALF_MILL_9MM_IN
  0
POLYLINE
  5
1FF
330
1F
100
AcDbEntity
  8
5_ANYTOOL_HALF_MILL_9MM_IN
100
AcDb2dPolyline
 66
     1
 10
0.0
 20
0.0
 30
-0.0000000000801883
 70
     1
  0
VERTEX
  5
200
330
1FF
100
AcDbEntity
  8
5_ANYTOOL_HALF_MILL_9MM_IN
100
AcDbVertex
100
AcDb2dVertex
 10
353.9598168699731
 20
30.37500107778033
 30
-0.0000000000801883
 42
0.4142135623715955
  0
VERTEX
  5
201
330
1FF
100
AcDbEntity
  8
5_ANYTOOL_HALF_MILL_9MM_IN
100
AcDbVertex
100
AcDb2dVertex
 10
347.9598168699602
 20
24.37500107778033
 30
-0.0000000000801883
  0
VERTEX
  5
202
330
1FF
100
AcDbEntity
  8
5_ANYTOOL_HALF_MILL_9MM_IN
100
AcDbVertex
100
AcDb2dVertex
 10
347.9598168699731
 20
-24.37499892224878
 30
-0.0000000000801883
 42
0.4142135623725363
  0
VERTEX
  5
203
330
1FF
100
AcDbEntity
  8
5_ANYTOOL_HALF_MILL_9MM_IN
100
AcDbVertex
100
AcDb2dVertex
 10
353.9598168699731
 20
-30.3749989222456
 30
-0.0000000000801883
  0
VERTEX
  5
204
330
1FF
100
AcDbEntity
  8
5_ANYTOOL_HALF_MILL_9MM_IN
100
AcDbVertex
100
AcDb2dVertex
 10
360.4598168699754
 20
-30.37499892224878
 30
-0.0000000000801883
 42
0.4142135623735271
  0
VERTEX
  5
205
330
1FF
100
AcDbEntity
  8
5_ANYTOOL_HALF_MILL_9MM_IN
100
AcDbVertex
100
AcDb2dVertex
 10
366.4598168699697
 20
-24.37499892224878
 30
-0.0000000000801883
  0
VERTEX
  5
206
330
1FF
100
AcDbEntity
  8
5_ANYTOOL_HALF_MILL_9MM_IN
100
AcDbVertex
100
AcDb2dVertex
 10
366.4598168699754
 20
24.37500107778033
 30
-0.0000000000801883
 42
0.4142135623725828
  0
VERTEX
  5
207
330
1FF
100
AcDbEntity
  8
5_ANYTOOL_HALF_MILL_9MM_IN
100
AcDbVertex
100
AcDb2dVertex
 10
360.4598168699754
 20
30.37500107777623
 30
-0.0000000000801883
  0
SEQEND
  5
208
330
1FF
100
AcDbEntity
  8
5_ANYTOOL_HALF_MILL_9MM_IN
  0
POLYLINE
  5
209
330
1F
100
AcDbEntity
  8
5_ANYTOOL_HALF_MILL_9MM_IN
100
AcDb2dPolyline
 66
     1
 10
0.0
 20
0.0
 30
0.0000000000261139
 70
     1
  0
VERTEX
  5
20A
330
209
100
AcDbEntity
  8
5_ANYTOOL_HALF_MILL_9MM_IN
100
AcDbVertex
100
AcDb2dVertex
 10
-327.7901831262908
 20
-473.6499989230942
 30
0.0000000000261139
 42
-1.000000000000225
  0
VERTEX
  5
20B
330
209
100
AcDbEntity
  8
5_ANYTOOL_HALF_MILL_9MM_IN
100
AcDbVertex
100
AcDb2dVertex
 10
-327.790183126294
 20
-516.1499989230797
 30
0.0000000000261139
  0
VERTEX
  5
20C
330
209
100
AcDbEntity
  8
5_ANYTOOL_HALF_MILL_9MM_IN
100
AcDbVertex
100
AcDb2dVertex
 10
-334.040183126294
 20
-516.1499989230724
 30
0.0000000000261139
  0
VERTEX
  5
20D
330
209
100
AcDbEntity
  8
5_ANYTOOL_HALF_MILL_9MM_IN
100
AcDbVertex
100
AcDb2dVertex
 10
-334.0401831262907
 20
-473.6499989230942
 30
0.0000000000261139
  0
SEQEND
  5
20E
330
209
100
AcDbEntity
  8
5_ANYTOOL_HALF_MILL_9MM_IN
  0
POLYLINE
  5
20F
330
1F
100
AcDbEntity
  8
5_ANYTOOL_HALF_MILL_9MM_IN
100
AcDb2dPolyline
 66
     1
 10
0.0
 20
0.0
 30
0.0000000000261137
 70
     1
  0
VERTEX
  5
210
330
20F
100
AcDbEntity
  8
5_ANYTOOL_HALF_MILL_9MM_IN
100
AcDbVertex
100
AcDb2dVertex
 10
-327.7901831262577
 20
-278.7499989237913
 30
0.0000000000261137
 42
-1.000000000000021
  0
VERTEX
  5
211
330
20F
100
AcDbEntity
  8
5_ANYTOOL_HALF_MILL_9MM_IN
100
AcDbVertex
100
AcDb2dVertex
 10
-327.790183126262
 20
-321.2499989238058
 30
0.0000000000261137
  0
VERTEX
  5
212
330
20F
100
AcDbEntity
  8
5_ANYTOOL_HALF_MILL_9MM_IN
100
AcDbVertex
100
AcDb2dVertex
 10
-334.0401831262621
 20
-321.249998923784
 30
0.0000000000261137
  0
VERTEX
  5
213
330
20F
100
AcDbEntity
  8
5_ANYTOOL_HALF_MILL_9MM_IN
100
AcDbVertex
100
AcDb2dVertex
 10
-334.0401831262578
 20
-278.749998923784
 30
0.0000000000261137
  0
SEQEND
  5
214
330
20F
100
AcDbEntity
  8
5_ANYTOOL_HALF_MILL_9MM_IN
  0
POLYLINE
  5
215
330
1F
100
AcDbEntity
  8
5_ANYTOOL_HALF_MILL_9MM_IN
100
AcDb2dPolyline
 66
     1
 10
0.0
 20
0.0
 30
0.0000000000261156
 70
     1
  0
VERTEX
  5
216
330
215
100
AcDbEntity
  8
5_ANYTOOL_HALF_MILL_9MM_IN
100
AcDbVertex
100
AcDb2dVertex
 10
-327.7901831262129
 20
-83.84999892346241
 30
0.0000000000261156
 42
-1.000000000000369
  0
VERTEX
  5
217
330
215
100
AcDbEntity
  8
5_ANYTOOL_HALF_MILL_9MM_IN
100
AcDbVertex
100
AcDb2dVertex
 10
-327.7901831262172
 20
-126.349998923477
 30
0.0000000000261156
  0
VERTEX
  5
218
330
215
100
AcDbEntity
  8
5_ANYTOOL_HALF_MILL_9MM_IN
100
AcDbVertex
100
AcDb2dVertex
 10
-334.0401831262169
 20
-126.3499989234624
 30
0.0000000000261156
  0
VERTEX
  5
219
330
215
100
AcDbEntity
  8
5_ANYTOOL_HALF_MILL_9MM_IN
100
AcDbVertex
100
AcDb2dVertex
 10
-334.0401831262132
 20
-83.84999892345513
 30
0.0000000000261156
  0
SEQEND
  5
21A
330
215
100
AcDbEntity
  8
5_ANYTOOL_HALF_MILL_9MM_IN
  0
POLYLINE
  5
21B
330
1F
100
AcDbEntity
  8
5_ANYTOOL_HALF_MILL_9MM_IN
100
AcDb2dPolyline
 66
     1
 10
0.0
 20
0.0
 30
0.0000000000261147
 70
     1
  0
VERTEX
  5
21C
330
21B
100
AcDbEntity
  8
5_ANYTOOL_HALF_MILL_9MM_IN
100
AcDbVertex
100
AcDb2dVertex
 10
-327.7901831262765
 20
126.3500010770003
 30
0.0000000000261147
 42
-0.9999999999997914
  0
VERTEX
  5
21D
330
21B
100
AcDbEntity
  8
5_ANYTOOL_HALF_MILL_9MM_IN
100
AcDbVertex
100
AcDb2dVertex
 10
-327.7901831262812
 20
83.85000107700034
 30
0.0000000000261147
  0
VERTEX
  5
21E
330
21B
100
AcDbEntity
  8
5_ANYTOOL_HALF_MILL_9MM_IN
100
AcDbVertex
100
AcDb2dVertex
 10
-334.0401831262814
 20
83.85000107700762
 30
0.0000000000261147
  0
VERTEX
  5
21F
330
21B
100
AcDbEntity
  8
5_ANYTOOL_HALF_MILL_9MM_IN
100
AcDbVertex
100
AcDb2dVertex
 10
-334.0401831262766
 20
126.3500010770076
 30
0.0000000000261147
  0
SEQEND
  5
220
330
21B
100
AcDbEntity
  8
5_ANYTOOL_HALF_MILL_9MM_IN
  0
POLYLINE
  5
221
330
1F
100
AcDbEntity
  8
5_ANYTOOL_HALF_MILL_9MM_IN
100
AcDb2dPolyline
 66
     1
 10
0.0
 20
0.0
 30
0.0000000000261118
 70
     1
  0
VERTEX
  5
222
330
221
100
AcDbEntity
  8
5_ANYTOOL_HALF_MILL_9MM_IN
100
AcDbVertex
100
AcDb2dVertex
 10
-327.7901831262437
 20
321.2500010762378
 30
0.0000000000261118
 42
-0.9999999999981702
  0
VERTEX
  5
223
330
221
100
AcDbEntity
  8
5_ANYTOOL_HALF_MILL_9MM_IN
100
AcDbVertex
100
AcDb2dVertex
 10
-327.7901831262476
 20
278.7500010762669
 30
0.0000000000261118
  0
VERTEX
  5
224
330
221
100
AcDbEntity
  8
5_ANYTOOL_HALF_MILL_9MM_IN
100
AcDbVertex
100
AcDb2dVertex
 10
-334.0401831262476
 20
278.7500010762524
 30
0.0000000000261118
  0
VERTEX
  5
225
330
221
100
AcDbEntity
  8
5_ANYTOOL_HALF_MILL_9MM_IN
100
AcDbVertex
100
AcDb2dVertex
 10
-334.0401831262443
 20
321.2500010762378
 30
0.0000000000261118
  0
SEQEND
  5
226
330
221
100
AcDbEntity
  8
5_ANYTOOL_HALF_MILL_9MM_IN
  0
POLYLINE
  5
227
330
1F
100
AcDbEntity
  8
5_ANYTOOL_HALF_MILL_9MM_IN
100
AcDb2dPolyline
 66
     1
 10
0.0
 20
0.0
 30
0.0000000000261137
 70
     1
  0
VERTEX
  5
228
330
227
100
AcDbEntity
  8
5_ANYTOOL_HALF_MILL_9MM_IN
100
AcDbVertex
100
AcDb2dVertex
 10
-327.7901831261991
 20
516.1500010765812
 30
0.0000000000261137
 42
-0.9999999999977677
  0
VERTEX
  5
229
330
227
100
AcDbEntity
  8
5_ANYTOOL_HALF_MILL_9MM_IN
100
AcDbVertex
100
AcDb2dVertex
 10
-327.7901831262049
 20
473.6500010765812
 30
0.0000000000261137
  0
VERTEX
  5
22A
330
227
100
AcDbEntity
  8
5_ANYTOOL_HALF_MILL_9MM_IN
100
AcDbVertex
100
AcDb2dVertex
 10
-334.0401831262047
 20
473.6500010765812
 30
0.0000000000261137
  0
VERTEX
  5
22B
330
227
100
AcDbEntity
  8
5_ANYTOOL_HALF_MILL_9MM_IN
100
AcDbVertex
100
AcDb2dVertex
 10
-334.0401831262004
 20
516.1500010765812
 30
0.0000000000261137
  0
SEQEND
  5
22C
330
227
100
AcDbEntity
  8
5_ANYTOOL_HALF_MILL_9MM_IN
  0
POLYLINE
  5
22D
330
1F
100
AcDbEntity
  8
5_ANYTOOL_HALF_MILL_9MM_IN
100
AcDb2dPolyline
 66
     1
 10
0.0
 20
0.0
 30
0.0000000000193161
 70
     1
  0
VERTEX
  5
22E
330
22D
100
AcDbEntity
  8
5_ANYTOOL_HALF_MILL_9MM_IN
100
AcDbVertex
100
AcDb2dVertex
 10
-344.4151831264091
 20
600.2500010770527
 30
0.0000000000193161
 42
0.41421356237254
  0
VERTEX
  5
22F
330
22D
100
AcDbEntity
  8
5_ANYTOOL_HALF_MILL_9MM_IN
100
AcDbVertex
100
AcDb2dVertex
 10
-350.4151831264122
 20
594.2500010770527
 30
0.0000000000193161
  0
VERTEX
  5
230
330
22D
100
AcDbEntity
  8
5_ANYTOOL_HALF_MILL_9MM_IN
100
AcDbVertex
100
AcDb2dVertex
 10
-350.4151831264091
 20
587.7500010770236
 30
0.0000000000193161
 42
0.4142135623725122
  0
VERTEX
  5
231
330
22D
100
AcDbEntity
  8
5_ANYTOOL_HALF_MILL_9MM_IN
100
AcDbVertex
100
AcDb2dVertex
 10
-344.4151831264091
 20
581.7500010770264
 30
0.0000000000193161
  0
VERTEX
  5
232
330
22D
100
AcDbEntity
  8
5_ANYTOOL_HALF_MILL_9MM_IN
100
AcDbVertex
100
AcDb2dVertex
 10
-318.1651831263757
 20
581.7500010770236
 30
0.0000000000193161
 42
0.4142135623729517
  0
VERTEX
  5
233
330
22D
100
AcDbEntity
  8
5_ANYTOOL_HALF_MILL_9MM_IN
100
AcDbVertex
100
AcDb2dVertex
 10
-312.1651831263787
 20
587.7500010770236
 30
0.0000000000193161
  0
VERTEX
  5
234
330
22D
100
AcDbEntity
  8
5_ANYTOOL_HALF_MILL_9MM_IN
100
AcDbVertex
100
AcDb2dVertex
 10
-312.1651831263757
 20
594.2500010770527
 30
0.0000000000193161
 42
0.4142135623729616
  0
VERTEX
  5
235
330
22D
100
AcDbEntity
  8
5_ANYTOOL_HALF_MILL_9MM_IN
100
AcDbVertex
100
AcDb2dVertex
 10
-318.1651831263757
 20
600.2500010770555
 30
0.0000000000193161
  0
SEQEND
  5
236
330
22D
100
AcDbEntity
  8
5_ANYTOOL_HALF_MILL_9MM_IN
  0
POLYLINE
  5
237
330
1F
100
AcDbEntity
  8
5_ANYTOOL_HALF_MILL_9MM_IN
100
AcDb2dPolyline
 66
     1
 10
0.0
 20
0.0
 30
0.0000000000299352
 70
     1
  0
VERTEX
  5
238
330
237
100
AcDbEntity
  8
5_ANYTOOL_HALF_MILL_9MM_IN
100
AcDbVertex
100
AcDb2dVertex
 10
-344.4151831263629
 20
-581.7499989235148
 30
0.0000000000299352
 42
0.4142135623728083
  0
VERTEX
  5
239
330
237
100
AcDbEntity
  8
5_ANYTOOL_HALF_MILL_9MM_IN
100
AcDbVertex
100
AcDb2dVertex
 10
-350.4151831263571
 20
-587.7499989235148
 30
0.0000000000299352
  0
VERTEX
  5
23A
330
237
100
AcDbEntity
  8
5_ANYTOOL_HALF_MILL_9MM_IN
100
AcDbVertex
100
AcDb2dVertex
 10
-350.4151831263629
 20
-594.2499989235221
 30
0.0000000000299352
 42
0.4142135623730129
  0
VERTEX
  5
23B
330
237
100
AcDbEntity
  8
5_ANYTOOL_HALF_MILL_9MM_IN
100
AcDbVertex
100
AcDb2dVertex
 10
-344.4151831263629
 20
-600.2499989235238
 30
0.0000000000299352
  0
VERTEX
  5
23C
330
237
100
AcDbEntity
  8
5_ANYTOOL_HALF_MILL_9MM_IN
100
AcDbVertex
100
AcDb2dVertex
 10
-318.1651831263288
 20
-600.2499989235221
 30
0.0000000000299352
 42
0.4142135623724993
  0
VERTEX
  5
23D
330
237
100
AcDbEntity
  8
5_ANYTOOL_HALF_MILL_9MM_IN
100
AcDbVertex
100
AcDb2dVertex
 10
-312.1651831263263
 20
-594.2499989235221
 30
0.0000000000299352
  0
VERTEX
  5
23E
330
237
100
AcDbEntity
  8
5_ANYTOOL_HALF_MILL_9MM_IN
100
AcDbVertex
100
AcDb2dVertex
 10
-312.1651831263288
 20
-587.7499989235148
 30
0.0000000000299352
 42
0.4142135623723062
  0
VERTEX
  5
23F
330
237
100
AcDbEntity
  8
5_ANYTOOL_HALF_MILL_9MM_IN
100
AcDbVertex
100
AcDb2dVertex
 10
-318.1651831263288
 20
-581.7499989235132
 30
0.0000000000299352
  0
SEQEND
  5
240
330
237
100
AcDbEntity
  8
5_ANYTOOL_HALF_MILL_9MM_IN
  0
POLYLINE
  5
241
330
1F
100
AcDbEntity
  8
5_ANYTOOL_HALF_MILL_9MM_IN
100
AcDb2dPolyline
 66
     1
 10
0.0
 20
0.0
 30
-0.0000000000043563
 70
     1
  0
VERTEX
  5
242
330
241
100
AcDbEntity
  8
5_ANYTOOL_HALF_MILL_9MM_IN
100
AcDbVertex
100
AcDb2dVertex
 10
-0.587183124734679
 20
544.0000010767399
 30
-0.0000000000043563
 42
1.000000000000345
  0
VERTEX
  5
243
330
241
100
AcDbEntity
  8
5_ANYTOOL_HALF_MILL_9MM_IN
100
AcDbVertex
100
AcDb2dVertex
 10
41.91281687526282
 20
544.0000010767544
 30
-0.0000000000043563
  0
VERTEX
  5
244
330
241
100
AcDbEntity
  8
5_ANYTOOL_HALF_MILL_9MM_IN
100
AcDbVertex
100
AcDb2dVertex
 10
41.91281687526475
 20
550.2500010767544
 30
-0.0000000000043563
  0
VERTEX
  5
245
330
241
100
AcDbEntity
  8
5_ANYTOOL_HALF_MILL_9MM_IN
100
AcDbVertex
100
AcDb2dVertex
 10
-0.5871831247359296
 20
550.2500010767399
 30
-0.0000000000043563
  0
SEQEND
  5
246
330
241
100
AcDbEntity
  8
5_ANYTOOL_HALF_MILL_9MM_IN
  0
POLYLINE
  5
248
330
1F
100
AcDbEntity
  8
3_ANYTOOL_CUTTHROUGH_INSID
100
AcDb2dPolyline
 66
     1
 10
0.0
 20
0.0
 30
-0.0000000000801883
 70
     1
  0
VERTEX
  5
249
330
248
100
AcDbEntity
  8
3_ANYTOOL_CUTTHROUGH_INSID
100
AcDbVertex
100
AcDb2dVertex
 10
231.4598168709092
 20
-239.749998921834
 30
-0.0000000000801883
  0
VERTEX
  5
24A
330
248
100
AcDbEntity
  8
3_ANYTOOL_CUTTHROUGH_INSID
100
AcDbVertex
100
AcDb2dVertex
 10
200.9598168709244
 20
-239.749998921834
 30
-0.0000000000801883
  0
VERTEX
  5
24B
330
248
100
AcDbEntity
  8
3_ANYTOOL_CUTTHROUGH_INSID
100
AcDbVertex
100
AcDb2dVertex
 10
200.9598168709254
 20
-252.249998921834
 30
-0.0000000000801883
  0
VERTEX
  5
24C
330
248
100
AcDbEntity
  8
3_ANYTOOL_CUTTHROUGH_INSID
100
AcDbVertex
100
AcDb2dVertex
 10
206.9598168709256
 20
-252.249998921834
 30
-0.0000000000801883
  0
VERTEX
  5
24D
330
248
100
AcDbEntity
  8
3_ANYTOOL_CUTTHROUGH_INSID
100
AcDbVertex
100
AcDb2dVertex
 10
206.9598168709824
 20
-347.7499989218413
 30
-0.0000000000801883
  0
VERTEX
  5
24E
330
248
100
AcDbEntity
  8
3_ANYTOOL_CUTTHROUGH_INSID
100
AcDbVertex
100
AcDb2dVertex
 10
200.9598168709824
 20
-347.749998921834
 30
-0.0000000000801883
  0
VERTEX
  5
24F
330
248
100
AcDbEntity
  8
3_ANYTOOL_CUTTHROUGH_INSID
100
AcDbVertex
100
AcDb2dVertex
 10
200.9598168709983
 20
-360.2499989218413
 30
-0.0000000000801883
  0
VERTEX
  5
250
330
248
100
AcDbEntity
  8
3_ANYTOOL_CUTTHROUGH_INSID
100
AcDbVertex
100
AcDb2dVertex
 10
231.4598168709979
 20
-360.2499989218413
 30
-0.0000000000801883
  0
VERTEX
  5
251
330
248
100
AcDbEntity
  8
3_ANYTOOL_CUTTHROUGH_INSID
100
AcDbVertex
100
AcDb2dVertex
 10
231.459816870982
 20
-347.7499989218413
 30
-0.0000000000801883
  0
VERTEX
  5
252
330
248
100
AcDbEntity
  8
3_ANYTOOL_CUTTHROUGH_INSID
100
AcDbVertex
100
AcDb2dVertex
 10
225.4598168709822
 20
-347.7499989218413
 30
-0.0000000000801883
  0
VERTEX
  5
253
330
248
100
AcDbEntity
  8
3_ANYTOOL_CUTTHROUGH_INSID
100
AcDbVertex
100
AcDb2dVertex
 10
225.4598168709251
 20
-252.249998921834
 30
-0.0000000000801883
  0
VERTEX
  5
254
330
248
100
AcDbEntity
  8
3_ANYTOOL_CUTTHROUGH_INSID
100
AcDbVertex
100
AcDb2dVertex
 10
231.4598168709251
 20
-252.249998921834
 30
-0.0000000000801883
  0
SEQEND
  5
255
330
248
100
AcDbEntity
  8
3_ANYTOOL_CUTTHROUGH_INSID
  0
POLYLINE
  5
256
330
1F
100
AcDbEntity
  8
3_ANYTOOL_CUTTHROUGH_INSID
100
AcDb2dPolyline
 66
     1
 10
0.0
 20
0.0
 30
-0.0000000000801883
 70
     1
  0
VERTEX
  5
257
330
256
100
AcDbEntity
  8
3_ANYTOOL_CUTTHROUGH_INSID
100
AcDbVertex
100
AcDb2dVertex
 10
231.4598168708262
 20
239.7500010772055
 30
-0.0000000000801883
  0
VERTEX
  5
258
330
256
100
AcDbEntity
  8
3_ANYTOOL_CUTTHROUGH_INSID
100
AcDbVertex
100
AcDb2dVertex
 10
231.4598168708253
 20
252.2500010771473
 30
-0.0000000000801883
  0
VERTEX
  5
259
330
256
100
AcDbEntity
  8
3_ANYTOOL_CUTTHROUGH_INSID
100
AcDbVertex
100
AcDb2dVertex
 10
225.4598168708255
 20
252.2500010772055
 30
-0.0000000000801883
  0
VERTEX
  5
25A
330
256
100
AcDbEntity
  8
3_ANYTOOL_CUTTHROUGH_INSID
100
AcDbVertex
100
AcDb2dVertex
 10
225.4598168708553
 20
347.7500010772201
 30
-0.0000000000801883
  0
VERTEX
  5
25B
330
256
100
AcDbEntity
  8
3_ANYTOOL_CUTTHROUGH_INSID
100
AcDbVertex
100
AcDb2dVertex
 10
231.4598168708551
 20
347.7500010772201
 30
-0.0000000000801883
  0
VERTEX
  5
25C
330
256
100
AcDbEntity
  8
3_ANYTOOL_CUTTHROUGH_INSID
100
AcDbVertex
100
AcDb2dVertex
 10
231.4598168708692
 20
360.2500010772201
 30
-0.0000000000801883
  0
VERTEX
  5
25D
330
256
100
AcDbEntity
  8
3_ANYTOOL_CUTTHROUGH_INSID
100
AcDbVertex
100
AcDb2dVertex
 10
200.9598168708696
 20
360.2500010772128
 30
-0.0000000000801883
  0
VERTEX
  5
25E
330
256
100
AcDbEntity
  8
3_ANYTOOL_CUTTHROUGH_INSID
100
AcDbVertex
100
AcDb2dVertex
 10
200.9598168708555
 20
347.7500010772128
 30
-0.0000000000801883
  0
VERTEX
  5
25F
330
256
100
AcDbEntity
  8
3_ANYTOOL_CUTTHROUGH_INSID
100
AcDbVertex
100
AcDb2dVertex
 10
206.9598168708558
 20
347.7500010772201
 30
-0.0000000000801883
  0
VERTEX
  5
260
330
256
100
AcDbEntity
  8
3_ANYTOOL_CUTTHROUGH_INSID
100
AcDbVertex
100
AcDb2dVertex
 10
206.9598168708258
 20
252.2500010772055
 30
-0.0000000000801883
  0
VERTEX
  5
261
330
256
100
AcDbEntity
  8
3_ANYTOOL_CUTTHROUGH_INSID
100
AcDbVertex
100
AcDb2dVertex
 10
200.9598168708258
 20
252.2500010772055
 30
-0.0000000000801883
  0
VERTEX
  5
262
330
256
100
AcDbEntity
  8
3_ANYTOOL_CUTTHROUGH_INSID
100
AcDbVertex
100
AcDb2dVertex
 10
200.9598168708267
 20
239.7500010772055
 30
-0.0000000000801883
  0
SEQEND
  5
263
330
256
100
AcDbEntity
  8
3_ANYTOOL_CUTTHROUGH_INSID
  0
POLYLINE
  5
264
330
1F
100
AcDbEntity
  8
3_ANYTOOL_CUTTHROUGH_INSID
100
AcDb2dPolyline
 66
     1
 10
0.0
 20
0.0
 30
-0.0000000000573372
 70
     1
  0
VERTEX
  5
265
330
264
100
AcDbEntity
  8
3_ANYTOOL_CUTTHROUGH_INSID
100
AcDbVertex
100
AcDb2dVertex
 10
125.4598168707553
 20
349.9999980414941
 30
-0.0000000000573372
 42
0.9999999999992134
  0
VERTEX
  5
266
330
264
100
AcDbEntity
  8
3_ANYTOOL_CUTTHROUGH_INSID
100
AcDbVertex
100
AcDb2dVertex
 10
106.9598168707612
 20
349.9999980414941
 30
-0.0000000000573372
  0
VERTEX
  5
267
330
264
100
AcDbEntity
  8
3_ANYTOOL_CUTTHROUGH_INSID
100
AcDbVertex
100
AcDb2dVertex
 10
106.9598168707769
 20
250.0000041130261
 30
-0.0000000000573372
 42
1.000000000000393
  0
VERTEX
  5
268
330
264
100
AcDbEntity
  8
3_ANYTOOL_CUTTHROUGH_INSID
100
AcDbVertex
100
AcDb2dVertex
 10
125.4598168707696
 20
250.0000041130334
 30
-0.0000000000573372
  0
SEQEND
  5
269
330
264
100
AcDbEntity
  8
3_ANYTOOL_CUTTHROUGH_INSID
  0
POLYLINE
  5
26A
330
1F
100
AcDbEntity
  8
3_ANYTOOL_CUTTHROUGH_INSID
100
AcDb2dPolyline
 66
     1
 10
0.0
 20
0.0
 30
-0.0000000000573372
 70
     1
  0
VERTEX
  5
26B
330
26A
100
AcDbEntity
  8
3_ANYTOOL_CUTTHROUGH_INSID
100
AcDbVertex
100
AcDb2dVertex
 10
125.4598168709194
 20
-250.0000019576401
 30
-0.0000000000573372
 42
0.9999999999992134
  0
VERTEX
  5
26C
330
26A
100
AcDbEntity
  8
3_ANYTOOL_CUTTHROUGH_INSID
100
AcDbVertex
100
AcDb2dVertex
 10
106.959816870929
 20
-250.0000019576401
 30
-0.0000000000573372
  0
VERTEX
  5
26D
330
26A
100
AcDbEntity
  8
3_ANYTOOL_CUTTHROUGH_INSID
100
AcDbVertex
100
AcDb2dVertex
 10
106.959816870941
 20
-349.9999958860863
 30
-0.0000000000573372
 42
1.00000000000118
  0
VERTEX
  5
26E
330
26A
100
AcDbEntity
  8
3_ANYTOOL_CUTTHROUGH_INSID
100
AcDbVertex
100
AcDb2dVertex
 10
125.4598168709342
 20
-349.9999958860935
 30
-0.0000000000573372
  0
SEQEND
  5
26F
330
26A
100
AcDbEntity
  8
3_ANYTOOL_CUTTHROUGH_INSID
  0
POLYLINE
  5
271
330
1F
100
AcDbEntity
  8
4_ANYTOOL_CUTTHROUGH_OUTSI
100
AcDb2dPolyline
 66
     1
 10
0.0
 20
0.0
 30
0.0
 70
     1
  0
VERTEX
  5
272
330
271
100
AcDbEntity
  8
4_ANYTOOL_CUTTHROUGH_OUTSI
100
AcDbVertex
100
AcDb2dVertex
 10
-24.57314771560971
 20
-550.0825865296647
 30
0.0
  0
VERTEX
  5
273
330
271
100
AcDbEntity
  8
4_ANYTOOL_CUTTHROUGH_OUTSI
100
AcDbVertex
100
AcDb2dVertex
 10
-7.674034721150065
 20
-598.3661937025608
 30
0.0
  0
VERTEX
  5
274
330
271
100
AcDbEntity
  8
4_ANYTOOL_CUTTHROUGH_OUTSI
100
AcDbVertex
100
AcDb2dVertex
 10
-7.44262047995938
 20
-599.7499989234694
 30
0.0
  0
VERTEX
  5
275
330
271
100
AcDbEntity
  8
4_ANYTOOL_CUTTHROUGH_OUTSI
100
AcDbVertex
100
AcDb2dVertex
 10
-46.04018312652852
 20
-599.7499989232529
 30
0.0
  0
VERTEX
  5
276
330
271
100
AcDbEntity
  8
4_ANYTOOL_CUTTHROUGH_OUTSI
100
AcDbVertex
100
AcDb2dVertex
 10
-46.04018312652954
 20
-575.9999989230346
 30
0.0
 42
0.4142135623630023
  0
VERTEX
  5
277
330
271
100
AcDbEntity
  8
4_ANYTOOL_CUTTHROUGH_OUTSI
100
AcDbVertex
100
AcDb2dVertex
 10
-46.29018312652954
 20
-575.7499989230259
 30
0.0
  0
VERTEX
  5
278
330
271
100
AcDbEntity
  8
4_ANYTOOL_CUTTHROUGH_OUTSI
100
AcDbVertex
100
AcDb2dVertex
 10
-58.29018312652977
 20
-575.7499989230346
 30
0.0
 42
0.4142135623558291
  0
VERTEX
  5
279
330
271
100
AcDbEntity
  8
4_ANYTOOL_CUTTHROUGH_OUTSI
100
AcDbVertex
100
AcDb2dVertex
 10
-58.54018312652954
 20
-575.9999989230346
 30
0.0
  0
VERTEX
  5
27A
330
271
100
AcDbEntity
  8
4_ANYTOOL_CUTTHROUGH_OUTSI
100
AcDbVertex
100
AcDb2dVertex
 10
-58.54018312652863
 20
-581.7499989230273
 30
0.0
  0
VERTEX
  5
27B
330
271
100
AcDbEntity
  8
4_ANYTOOL_CUTTHROUGH_OUTSI
100
AcDbVertex
100
AcDb2dVertex
 10
-109.0401831265285
 20
-581.7499989230564
 30
0.0
  0
VERTEX
  5
27C
330
271
100
AcDbEntity
  8
4_ANYTOOL_CUTTHROUGH_OUTSI
100
AcDbVertex
100
AcDb2dVertex
 10
-109.0401831265301
 20
-575.9999989230637
 30
0.0
 42
0.4142135623620071
  0
VERTEX
  5
27D
330
271
100
AcDbEntity
  8
4_ANYTOOL_CUTTHROUGH_OUTSI
100
AcDbVertex
100
AcDb2dVertex
 10
-109.29018312653
 20
-575.7499989230688
 30
0.0
  0
VERTEX
  5
27E
330
271
100
AcDbEntity
  8
4_ANYTOOL_CUTTHROUGH_OUTSI
100
AcDbVertex
100
AcDb2dVertex
 10
-121.2901831265295
 20
-575.7499989230419
 30
0.0
 42
0.4142135623661486
  0
VERTEX
  5
27F
330
271
100
AcDbEntity
  8
4_ANYTOOL_CUTTHROUGH_OUTSI
100
AcDbVertex
100
AcDb2dVertex
 10
-121.5401831265382
 20
-575.9999989230419
 30
0.0
  0
VERTEX
  5
280
330
271
100
AcDbEntity
  8
4_ANYTOOL_CUTTHROUGH_OUTSI
100
AcDbVertex
100
AcDb2dVertex
 10
-121.5401831265285
 20
-599.7499989234639
 30
0.0
  0
VERTEX
  5
281
330
271
100
AcDbEntity
  8
4_ANYTOOL_CUTTHROUGH_OUTSI
100
AcDbVertex
100
AcDb2dVertex
 10
-160.1377457730814
 20
-599.749998923493
 30
0.0
  0
VERTEX
  5
282
330
271
100
AcDbEntity
  8
4_ANYTOOL_CUTTHROUGH_OUTSI
100
AcDbVertex
100
AcDb2dVertex
 10
-159.9027517641481
 20
-598.3551287231999
 30
0.0
  0
VERTEX
  5
283
330
271
100
AcDbEntity
  8
4_ANYTOOL_CUTTHROUGH_OUTSI
100
AcDbVertex
100
AcDb2dVertex
 10
-143.0072185374756
 20
-550.0825865297011
 30
0.0
  0
VERTEX
  5
284
330
271
100
AcDbEntity
  8
4_ANYTOOL_CUTTHROUGH_OUTSI
100
AcDbVertex
100
AcDb2dVertex
 10
-142.9931831265685
 20
-549.9999989235221
 30
0.0
 42
0.4142135623777033
  0
VERTEX
  5
285
330
271
100
AcDbEntity
  8
4_ANYTOOL_CUTTHROUGH_OUTSI
100
AcDbVertex
100
AcDb2dVertex
 10
-149.2431831265924
 20
-543.7499989235066
 30
0.0
  0
VERTEX
  5
286
330
271
100
AcDbEntity
  8
4_ANYTOOL_CUTTHROUGH_OUTSI
100
AcDbVertex
100
AcDb2dVertex
 10
-227.2431831265461
 20
-543.7499989235366
 30
0.0
 42
0.4142135623754763
  0
VERTEX
  5
287
330
271
100
AcDbEntity
  8
4_ANYTOOL_CUTTHROUGH_OUTSI
100
AcDbVertex
100
AcDb2dVertex
 10
-233.4931831265679
 20
-549.9999989235366
 30
0.0
  0
VERTEX
  5
288
330
271
100
AcDbEntity
  8
4_ANYTOOL_CUTTHROUGH_OUTSI
100
AcDbVertex
100
AcDb2dVertex
 10
-233.479147715657
 20
-550.0825865297153
 30
0.0
  0
VERTEX
  5
289
330
271
100
AcDbEntity
  8
4_ANYTOOL_CUTTHROUGH_OUTSI
100
AcDbVertex
100
AcDb2dVertex
 10
-216.5800347211995
 20
-598.3661937026118
 30
0.0
  0
VERTEX
  5
28A
330
271
100
AcDbEntity
  8
4_ANYTOOL_CUTTHROUGH_OUTSI
100
AcDbVertex
100
AcDb2dVertex
 10
-216.3486204800062
 20
-599.7499989235218
 30
0.0
  0
VERTEX
  5
28B
330
271
100
AcDbEntity
  8
4_ANYTOOL_CUTTHROUGH_OUTSI
100
AcDbVertex
100
AcDb2dVertex
 10
-283.5401831262881
 20
-599.7499989235221
 30
0.0
  0
VERTEX
  5
28C
330
271
100
AcDbEntity
  8
4_ANYTOOL_CUTTHROUGH_OUTSI
100
AcDbVertex
100
AcDb2dVertex
 10
-283.5401831263026
 20
-575.9999989235075
 30
0.0
 42
0.4142135623383936
  0
VERTEX
  5
28D
330
271
100
AcDbEntity
  8
4_ANYTOOL_CUTTHROUGH_OUTSI
100
AcDbVertex
100
AcDb2dVertex
 10
-283.7901831263044
 20
-575.7499989235052
 30
0.0
  0
VERTEX
  5
28E
330
271
100
AcDbEntity
  8
4_ANYTOOL_CUTTHROUGH_OUTSI
100
AcDbVertex
100
AcDb2dVertex
 10
-295.7901831263055
 20
-575.7499989235948
 30
0.0
 42
0.4142135623450323
  0
VERTEX
  5
28F
330
271
100
AcDbEntity
  8
4_ANYTOOL_CUTTHROUGH_OUTSI
100
AcDbVertex
100
AcDb2dVertex
 10
-296.0401831263106
 20
-575.9999989235948
 30
0.0
  0
VERTEX
  5
290
330
271
100
AcDbEntity
  8
4_ANYTOOL_CUTTHROUGH_OUTSI
100
AcDbVertex
100
AcDb2dVertex
 10
-296.0401831263042
 20
-581.7499989235876
 30
0.0
  0
VERTEX
  5
291
330
271
100
AcDbEntity
  8
4_ANYTOOL_CUTTHROUGH_OUTSI
100
AcDbVertex
100
AcDb2dVertex
 10
-306.5401831263333
 20
-581.7499989235876
 30
0.0
  0
VERTEX
  5
292
330
271
100
AcDbEntity
  8
4_ANYTOOL_CUTTHROUGH_OUTSI
100
AcDbVertex
100
AcDb2dVertex
 10
-306.5401831263327
 20
-575.9999989235876
 30
0.0
 42
0.4142135623788338
  0
VERTEX
  5
293
330
271
100
AcDbEntity
  8
4_ANYTOOL_CUTTHROUGH_OUTSI
100
AcDbVertex
100
AcDb2dVertex
 10
-306.7901831263309
 20
-575.7499989235797
 30
0.0
  0
VERTEX
  5
294
330
271
100
AcDbEntity
  8
4_ANYTOOL_CUTTHROUGH_OUTSI
100
AcDbVertex
100
AcDb2dVertex
 10
-318.7901831263291
 20
-575.7499989235002
 30
0.0
 42
0.4142135623515118
  0
VERTEX
  5
295
330
271
100
AcDbEntity
  8
4_ANYTOOL_CUTTHROUGH_OUTSI
100
AcDbVertex
100
AcDb2dVertex
 10
-319.0401831263398
 20
-575.9999989235002
 30
0.0
  0
VERTEX
  5
296
330
271
100
AcDbEntity
  8
4_ANYTOOL_CUTTHROUGH_OUTSI
100
AcDbVertex
100
AcDb2dVertex
 10
-319.0401831263456
 20
-599.7499989235148
 30
0.0
  0
VERTEX
  5
297
330
271
100
AcDbEntity
  8
4_ANYTOOL_CUTTHROUGH_OUTSI
100
AcDbVertex
100
AcDb2dVertex
 10
-343.5401831263484
 20
-599.7499989235221
 30
0.0
  0
VERTEX
  5
298
330
271
100
AcDbEntity
  8
4_ANYTOOL_CUTTHROUGH_OUTSI
100
AcDbVertex
100
AcDb2dVertex
 10
-343.5401831263604
 20
-575.9999989235002
 30
0.0
 42
0.4142135623534484
  0
VERTEX
  5
299
330
271
100
AcDbEntity
  8
4_ANYTOOL_CUTTHROUGH_OUTSI
100
AcDbVertex
100
AcDb2dVertex
 10
-343.7901831263624
 20
-575.7499989234959
 30
0.0
  0
VERTEX
  5
29A
330
271
100
AcDbEntity
  8
4_ANYTOOL_CUTTHROUGH_OUTSI
100
AcDbVertex
100
AcDb2dVertex
 10
-355.7901831263631
 20
-575.7499989235948
 30
0.0
 42
0.4142135623828971
  0
VERTEX
  5
29B
330
271
100
AcDbEntity
  8
4_ANYTOOL_CUTTHROUGH_OUTSI
100
AcDbVertex
100
AcDb2dVertex
 10
-356.040183126357
 20
-575.9999989235948
 30
0.0
  0
VERTEX
  5
29C
330
271
100
AcDbEntity
  8
4_ANYTOOL_CUTTHROUGH_OUTSI
100
AcDbVertex
100
AcDb2dVertex
 10
-356.0401831263631
 20
-581.7499989235948
 30
0.0
  0
VERTEX
  5
29D
330
271
100
AcDbEntity
  8
4_ANYTOOL_CUTTHROUGH_OUTSI
100
AcDbVertex
100
AcDb2dVertex
 10
-383.5401831262971
 20
-581.7499989232529
 30
0.0
  0
VERTEX
  5
29E
330
271
100
AcDbEntity
  8
4_ANYTOOL_CUTTHROUGH_OUTSI
100
AcDbVertex
100
AcDb2dVertex
 10
-383.5401831262982
 20
-569.3455616715728
 30
0.0
 42
-0.3178372451970833
  0
VERTEX
  5
29F
330
271
100
AcDbEntity
  8
4_ANYTOOL_CUTTHROUGH_OUTSI
100
AcDbVertex
100
AcDb2dVertex
 10
-379.7068497929636
 20
-563.9244096824433
 30
0.0
 42
0.7071067811888242
  0
VERTEX
  5
2A0
330
271
100
AcDbEntity
  8
4_ANYTOOL_CUTTHROUGH_OUTSI
100
AcDbVertex
100
AcDb2dVertex
 10
-379.7068497929499
 20
-540.8255881636921
 30
0.0
 42
-0.3178372451948136
  0
VERTEX
  5
2A1
330
271
100
AcDbEntity
  8
4_ANYTOOL_CUTTHROUGH_OUTSI
100
AcDbVertex
100
AcDb2dVertex
 10
-383.5401831262926
 20
-535.4044361745619
 30
0.0
  0
VERTEX
  5
2A2
330
271
100
AcDbEntity
  8
4_ANYTOOL_CUTTHROUGH_OUTSI
100
AcDbVertex
100
AcDb2dVertex
 10
-383.5401831262865
 20
-523.005436276515
 30
0.0
  0
VERTEX
  5
2A3
330
271
100
AcDbEntity
  8
4_ANYTOOL_CUTTHROUGH_OUTSI
100
AcDbVertex
100
AcDb2dVertex
 10
-382.1453129259934
 20
-523.2404302854488
 30
0.0
  0
VERTEX
  5
2A4
330
271
100
AcDbEntity
  8
4_ANYTOOL_CUTTHROUGH_OUTSI
100
AcDbVertex
100
AcDb2dVertex
 10
-333.872770732479
 20
-540.1359635121335
 30
0.0
  0
VERTEX
  5
2A5
330
271
100
AcDbEntity
  8
4_ANYTOOL_CUTTHROUGH_OUTSI
100
AcDbVertex
100
AcDb2dVertex
 10
-333.7901831262983
 20
-540.1499989230433
 30
0.0
 42
0.4142135623748394
  0
VERTEX
  5
2A6
330
271
100
AcDbEntity
  8
4_ANYTOOL_CUTTHROUGH_OUTSI
100
AcDbVertex
100
AcDb2dVertex
 10
-327.5401831262901
 20
-533.8999989230288
 30
0.0
  0
VERTEX
  5
2A7
330
271
100
AcDbEntity
  8
4_ANYTOOL_CUTTHROUGH_OUTSI
100
AcDbVertex
100
AcDb2dVertex
 10
-327.5401831262893
 20
-455.8999989230797
 30
0.0
 42
0.4142135623739541
  0
VERTEX
  5
2A8
330
271
100
AcDbEntity
  8
4_ANYTOOL_CUTTHROUGH_OUTSI
100
AcDbVertex
100
AcDb2dVertex
 10
-333.7901831262965
 20
-449.6499989230617
 30
0.0
  0
VERTEX
  5
2A9
330
271
100
AcDbEntity
  8
4_ANYTOOL_CUTTHROUGH_OUTSI
100
AcDbVertex
100
AcDb2dVertex
 10
-333.8727707324781
 20
-449.6640343339602
 30
0.0
  0
VERTEX
  5
2AA
330
271
100
AcDbEntity
  8
4_ANYTOOL_CUTTHROUGH_OUTSI
100
AcDbVertex
100
AcDb2dVertex
 10
-382.1563779053556
 20
-466.5631473283938
 30
0.0
  0
VERTEX
  5
2AB
330
271
100
AcDbEntity
  8
4_ANYTOOL_CUTTHROUGH_OUTSI
100
AcDbVertex
100
AcDb2dVertex
 10
-383.5401831262803
 20
-466.794561569644
 30
0.0
  0
VERTEX
  5
2AC
330
271
100
AcDbEntity
  8
4_ANYTOOL_CUTTHROUGH_OUTSI
100
AcDbVertex
100
AcDb2dVertex
 10
-383.5401831262608
 20
-328.1054362772556
 30
0.0
  0
VERTEX
  5
2AD
330
271
100
AcDbEntity
  8
4_ANYTOOL_CUTTHROUGH_OUTSI
100
AcDbVertex
100
AcDb2dVertex
 10
-382.1453129259609
 20
-328.3404302861471
 30
0.0
  0
VERTEX
  5
2AE
330
271
100
AcDbEntity
  8
4_ANYTOOL_CUTTHROUGH_OUTSI
100
AcDbVertex
100
AcDb2dVertex
 10
-333.8727707324457
 20
-345.2359635128596
 30
0.0
  0
VERTEX
  5
2AF
330
271
100
AcDbEntity
  8
4_ANYTOOL_CUTTHROUGH_OUTSI
100
AcDbVertex
100
AcDb2dVertex
 10
-333.7901831262632
 20
-345.2499989237696
 30
0.0
 42
0.4142135623723465
  0
VERTEX
  5
2B0
330
271
100
AcDbEntity
  8
4_ANYTOOL_CUTTHROUGH_OUTSI
100
AcDbVertex
100
AcDb2dVertex
 10
-327.5401831262571
 20
-338.9999989237476
 30
0.0
  0
VERTEX
  5
2B1
330
271
100
AcDbEntity
  8
4_ANYTOOL_CUTTHROUGH_OUTSI
100
AcDbVertex
100
AcDb2dVertex
 10
-327.540183126256
 20
-260.9999989237767
 30
0.0
 42
0.4142135623745336
  0
VERTEX
  5
2B2
330
271
100
AcDbEntity
  8
4_ANYTOOL_CUTTHROUGH_OUTSI
100
AcDbVertex
100
AcDb2dVertex
 10
-333.790183126264
 20
-254.7499989237558
 30
0.0
  0
VERTEX
  5
2B3
330
271
100
AcDbEntity
  8
4_ANYTOOL_CUTTHROUGH_OUTSI
100
AcDbVertex
100
AcDb2dVertex
 10
-333.8727707324457
 20
-254.7640343346718
 30
0.0
  0
VERTEX
  5
2B4
330
271
100
AcDbEntity
  8
4_ANYTOOL_CUTTHROUGH_OUTSI
100
AcDbVertex
100
AcDb2dVertex
 10
-382.1563779053211
 20
-271.6631473290909
 30
0.0
  0
VERTEX
  5
2B5
330
271
100
AcDbEntity
  8
4_ANYTOOL_CUTTHROUGH_OUTSI
100
AcDbVertex
100
AcDb2dVertex
 10
-383.5401831262555
 20
-271.8945615699197
 30
0.0
  0
VERTEX
  5
2B6
330
271
100
AcDbEntity
  8
4_ANYTOOL_CUTTHROUGH_OUTSI
100
AcDbVertex
100
AcDb2dVertex
 10
-383.5401831262278
 20
-133.2054362775452
 30
0.0
  0
VERTEX
  5
2B7
330
271
100
AcDbEntity
  8
4_ANYTOOL_CUTTHROUGH_OUTSI
100
AcDbVertex
100
AcDb2dVertex
 10
-382.1453129259134
 20
-133.4404302868731
 30
0.0
  0
VERTEX
  5
2B8
330
271
100
AcDbEntity
  8
4_ANYTOOL_CUTTHROUGH_OUTSI
100
AcDbVertex
100
AcDb2dVertex
 10
-333.8727707324015
 20
-150.3359635135712
 30
0.0
  0
VERTEX
  5
2B9
330
271
100
AcDbEntity
  8
4_ANYTOOL_CUTTHROUGH_OUTSI
100
AcDbVertex
100
AcDb2dVertex
 10
-333.7901831262191
 20
-150.3499989244814
 30
0.0
 42
0.4142135623721753
  0
VERTEX
  5
2BA
330
271
100
AcDbEntity
  8
4_ANYTOOL_CUTTHROUGH_OUTSI
100
AcDbVertex
100
AcDb2dVertex
 10
-327.5401831262092
 20
-144.0999989244519
 30
0.0
  0
VERTEX
  5
2BB
330
271
100
AcDbEntity
  8
4_ANYTOOL_CUTTHROUGH_OUTSI
100
AcDbVertex
100
AcDb2dVertex
 10
-327.5401831262117
 20
-66.09999892451015
 30
0.0
 42
0.4142135623754532
  0
VERTEX
  5
2BC
330
271
100
AcDbEntity
  8
4_ANYTOOL_CUTTHROUGH_OUTSI
100
AcDbVertex
100
AcDb2dVertex
 10
-333.7901831262186
 20
-59.84999892446626
 30
0.0
  0
VERTEX
  5
2BD
330
271
100
AcDbEntity
  8
4_ANYTOOL_CUTTHROUGH_OUTSI
100
AcDbVertex
100
AcDb2dVertex
 10
-333.8727707324004
 20
-59.864034335391
 30
0.0
  0
VERTEX
  5
2BE
330
271
100
AcDbEntity
  8
4_ANYTOOL_CUTTHROUGH_OUTSI
100
AcDbVertex
100
AcDb2dVertex
 10
-382.1563779052769
 20
-76.76314732982428
 30
0.0
  0
VERTEX
  5
2BF
330
271
100
AcDbEntity
  8
4_ANYTOOL_CUTTHROUGH_OUTSI
100
AcDbVertex
100
AcDb2dVertex
 10
-383.5401831262325
 20
-76.9945615706484
 30
0.0
  0
VERTEX
  5
2C0
330
271
100
AcDbEntity
  8
4_ANYTOOL_CUTTHROUGH_OUTSI
100
AcDbVertex
100
AcDb2dVertex
 10
-383.5401831262448
 20
-64.59556167192204
 30
0.0
 42
-0.3178372451965156
  0
VERTEX
  5
2C1
330
271
100
AcDbEntity
  8
4_ANYTOOL_CUTTHROUGH_OUTSI
100
AcDbVertex
100
AcDb2dVertex
 10
-379.7068497929191
 20
-59.17440968285136
 30
0.0
 42
0.7071067811852537
  0
VERTEX
  5
2C2
330
271
100
AcDbEntity
  8
4_ANYTOOL_CUTTHROUGH_OUTSI
100
AcDbVertex
100
AcDb2dVertex
 10
-379.7068497929135
 20
-36.07558816405945
 30
0.0
 42
-0.3178372451950345
  0
VERTEX
  5
2C3
330
271
100
AcDbEntity
  8
4_ANYTOOL_CUTTHROUGH_OUTSI
100
AcDbVertex
100
AcDb2dVertex
 10
-383.5401831262465
 20
-30.65443617497658
 30
0.0
  0
VERTEX
  5
2C4
330
271
100
AcDbEntity
  8
4_ANYTOOL_CUTTHROUGH_OUTSI
100
AcDbVertex
100
AcDb2dVertex
 10
-383.5401831262468
 20
30.65443832849996
 30
0.0
 42
-0.3178372451984105
  0
VERTEX
  5
2C5
330
271
100
AcDbEntity
  8
4_ANYTOOL_CUTTHROUGH_OUTSI
100
AcDbVertex
100
AcDb2dVertex
 10
-379.7068497929158
 20
36.0755903175823
 30
0.0
 42
0.7071067811854235
  0
VERTEX
  5
2C6
330
271
100
AcDbEntity
  8
4_ANYTOOL_CUTTHROUGH_OUTSI
100
AcDbVertex
100
AcDb2dVertex
 10
-379.7068497929146
 20
59.17441183634917
 30
0.0
 42
-0.3178372451961327
  0
VERTEX
  5
2C7
330
271
100
AcDbEntity
  8
4_ANYTOOL_CUTTHROUGH_OUTSI
100
AcDbVertex
100
AcDb2dVertex
 10
-383.5401831262527
 20
64.59556382548908
 30
0.0
  0
VERTEX
  5
2C8
330
271
100
AcDbEntity
  8
4_ANYTOOL_CUTTHROUGH_OUTSI
100
AcDbVertex
100
AcDb2dVertex
 10
-383.5401831262706
 20
76.99456372355053
 30
0.0
  0
VERTEX
  5
2C9
330
271
100
AcDbEntity
  8
4_ANYTOOL_CUTTHROUGH_OUTSI
100
AcDbVertex
100
AcDb2dVertex
 10
-382.1453129259774
 20
76.75956971461271
 30
0.0
  0
VERTEX
  5
2CA
330
271
100
AcDbEntity
  8
4_ANYTOOL_CUTTHROUGH_OUTSI
100
AcDbVertex
100
AcDb2dVertex
 10
-333.8727707324642
 20
59.86403648792475
 30
0.0
  0
VERTEX
  5
2CB
330
271
100
AcDbEntity
  8
4_ANYTOOL_CUTTHROUGH_OUTSI
100
AcDbVertex
100
AcDb2dVertex
 10
-333.7901831262822
 20
59.85000107701504
 30
0.0
 42
0.4142135623732654
  0
VERTEX
  5
2CC
330
271
100
AcDbEntity
  8
4_ANYTOOL_CUTTHROUGH_OUTSI
100
AcDbVertex
100
AcDb2dVertex
 10
-327.5401831262786
 20
66.10000107702945
 30
0.0
  0
VERTEX
  5
2CD
330
271
100
AcDbEntity
  8
4_ANYTOOL_CUTTHROUGH_OUTSI
100
AcDbVertex
100
AcDb2dVertex
 10
-327.5401831262744
 20
144.1000010769858
 30
0.0
 42
0.4142135623759907
  0
VERTEX
  5
2CE
330
271
100
AcDbEntity
  8
4_ANYTOOL_CUTTHROUGH_OUTSI
100
AcDbVertex
100
AcDb2dVertex
 10
-333.7901831262845
 20
150.3500010770214
 30
0.0
  0
VERTEX
  5
2CF
330
271
100
AcDbEntity
  8
4_ANYTOOL_CUTTHROUGH_OUTSI
100
AcDbVertex
100
AcDb2dVertex
 10
-333.8727707324651
 20
150.3359656661054
 30
0.0
  0
VERTEX
  5
2D0
330
271
100
AcDbEntity
  8
4_ANYTOOL_CUTTHROUGH_OUTSI
100
AcDbVertex
100
AcDb2dVertex
 10
-382.1563779053442
 20
133.4368526716717
 30
0.0
  0
VERTEX
  5
2D1
330
271
100
AcDbEntity
  8
4_ANYTOOL_CUTTHROUGH_OUTSI
100
AcDbVertex
100
AcDb2dVertex
 10
-383.5401831262613
 20
133.2054384304115
 30
0.0
  0
VERTEX
  5
2D2
330
271
100
AcDbEntity
  8
4_ANYTOOL_CUTTHROUGH_OUTSI
100
AcDbVertex
100
AcDb2dVertex
 10
-383.5401831262682
 20
271.8945637228971
 30
0.0
  0
VERTEX
  5
2D3
330
271
100
AcDbEntity
  8
4_ANYTOOL_CUTTHROUGH_OUTSI
100
AcDbVertex
100
AcDb2dVertex
 10
-382.1453129259447
 20
271.6595697139094
 30
0.0
  0
VERTEX
  5
2D4
330
271
100
AcDbEntity
  8
4_ANYTOOL_CUTTHROUGH_OUTSI
100
AcDbVertex
100
AcDb2dVertex
 10
-333.8727707324317
 20
254.7640364872059
 30
0.0
  0
VERTEX
  5
2D5
330
271
100
AcDbEntity
  8
4_ANYTOOL_CUTTHROUGH_OUTSI
100
AcDbVertex
100
AcDb2dVertex
 10
-333.7901831262482
 20
254.7500010762961
 30
0.0
 42
0.4142135623729029
  0
VERTEX
  5
2D6
330
271
100
AcDbEntity
  8
4_ANYTOOL_CUTTHROUGH_OUTSI
100
AcDbVertex
100
AcDb2dVertex
 10
-327.5401831262521
 20
261.0000010763106
 30
0.0
  0
VERTEX
  5
2D7
330
271
100
AcDbEntity
  8
4_ANYTOOL_CUTTHROUGH_OUTSI
100
AcDbVertex
100
AcDb2dVertex
 10
-327.5401831262429
 20
339.0000010762815
 30
0.0
 42
0.4142135623759492
  0
VERTEX
  5
2D8
330
271
100
AcDbEntity
  8
4_ANYTOOL_CUTTHROUGH_OUTSI
100
AcDbVertex
100
AcDb2dVertex
 10
-333.79018312625
 20
345.2500010763004
 30
0.0
  0
VERTEX
  5
2D9
330
271
100
AcDbEntity
  8
4_ANYTOOL_CUTTHROUGH_OUTSI
100
AcDbVertex
100
AcDb2dVertex
 10
-333.8727707324309
 20
345.2359656653862
 30
0.0
  0
VERTEX
  5
2DA
330
271
100
AcDbEntity
  8
4_ANYTOOL_CUTTHROUGH_OUTSI
100
AcDbVertex
100
AcDb2dVertex
 10
-382.1563779053083
 20
328.3368526709673
 30
0.0
  0
VERTEX
  5
2DB
330
271
100
AcDbEntity
  8
4_ANYTOOL_CUTTHROUGH_OUTSI
100
AcDbVertex
100
AcDb2dVertex
 10
-383.5401831262596
 20
328.1054384301277
 30
0.0
  0
VERTEX
  5
2DC
330
271
100
AcDbEntity
  8
4_ANYTOOL_CUTTHROUGH_OUTSI
100
AcDbVertex
100
AcDb2dVertex
 10
-383.540183126255
 20
466.7945637224038
 30
0.0
  0
VERTEX
  5
2DD
330
271
100
AcDbEntity
  8
4_ANYTOOL_CUTTHROUGH_OUTSI
100
AcDbVertex
100
AcDb2dVertex
 10
-382.1453129258946
 20
466.5595697131887
 30
0.0
  0
VERTEX
  5
2DE
330
271
100
AcDbEntity
  8
4_ANYTOOL_CUTTHROUGH_OUTSI
100
AcDbVertex
100
AcDb2dVertex
 10
-333.8727707323876
 20
449.664036486487
 30
0.0
  0
VERTEX
  5
2DF
330
271
100
AcDbEntity
  8
4_ANYTOOL_CUTTHROUGH_OUTSI
100
AcDbVertex
100
AcDb2dVertex
 10
-333.7901831262042
 20
449.6500010755772
 30
0.0
 42
0.4142135623722485
  0
VERTEX
  5
2E0
330
271
100
AcDbEntity
  8
4_ANYTOOL_CUTTHROUGH_OUTSI
100
AcDbVertex
100
AcDb2dVertex
 10
-327.5401831262075
 20
455.9000010756063
 30
0.0
  0
VERTEX
  5
2E1
330
271
100
AcDbEntity
  8
4_ANYTOOL_CUTTHROUGH_OUTSI
100
AcDbVertex
100
AcDb2dVertex
 10
-327.5401831261986
 20
533.9000010755553
 30
0.0
 42
0.4142135623758075
  0
VERTEX
  5
2E2
330
271
100
AcDbEntity
  8
4_ANYTOOL_CUTTHROUGH_OUTSI
100
AcDbVertex
100
AcDb2dVertex
 10
-333.790183126207
 20
540.1500010755785
 30
0.0
  0
VERTEX
  5
2E3
330
271
100
AcDbEntity
  8
4_ANYTOOL_CUTTHROUGH_OUTSI
100
AcDbVertex
100
AcDb2dVertex
 10
-333.8727707323883
 20
540.1359656646747
 30
0.0
  0
VERTEX
  5
2E4
330
271
100
AcDbEntity
  8
4_ANYTOOL_CUTTHROUGH_OUTSI
100
AcDbVertex
100
AcDb2dVertex
 10
-382.1563779052628
 20
523.2368526702412
 30
0.0
  0
VERTEX
  5
2E5
330
271
100
AcDbEntity
  8
4_ANYTOOL_CUTTHROUGH_OUTSI
100
AcDbVertex
100
AcDb2dVertex
 10
-383.5401831262588
 20
523.0054384293975
 30
0.0
  0
VERTEX
  5
2E6
330
271
100
AcDbEntity
  8
4_ANYTOOL_CUTTHROUGH_OUTSI
100
AcDbVertex
100
AcDb2dVertex
 10
-383.5401831263264
 20
535.4044383281289
 30
0.0
 42
-0.3178372451940426
  0
VERTEX
  5
2E7
330
271
100
AcDbEntity
  8
4_ANYTOOL_CUTTHROUGH_OUTSI
100
AcDbVertex
100
AcDb2dVertex
 10
-379.7068497929941
 20
540.8255903172316
 30
0.0
 42
0.7071067811886296
  0
VERTEX
  5
2E8
330
271
100
AcDbEntity
  8
4_ANYTOOL_CUTTHROUGH_OUTSI
100
AcDbVertex
100
AcDb2dVertex
 10
-379.7068497930042
 20
563.9244118359829
 30
0.0
 42
-0.3178372451951629
  0
VERTEX
  5
2E9
330
271
100
AcDbEntity
  8
4_ANYTOOL_CUTTHROUGH_OUTSI
100
AcDbVertex
100
AcDb2dVertex
 10
-383.5401831263452
 20
569.3455638251035
 30
0.0
  0
VERTEX
  5
2EA
330
271
100
AcDbEntity
  8
4_ANYTOOL_CUTTHROUGH_OUTSI
100
AcDbVertex
100
AcDb2dVertex
 10
-383.5401831263415
 20
581.7500010767762
 30
0.0
  0
VERTEX
  5
2EB
330
271
100
AcDbEntity
  8
4_ANYTOOL_CUTTHROUGH_OUTSI
100
AcDbVertex
100
AcDb2dVertex
 10
-356.0401831264073
 20
581.7500010771328
 30
0.0
  0
VERTEX
  5
2EC
330
271
100
AcDbEntity
  8
4_ANYTOOL_CUTTHROUGH_OUTSI
100
AcDbVertex
100
AcDb2dVertex
 10
-356.0401831264071
 20
576.0000010771182
 30
0.0
 42
0.4142135623591074
  0
VERTEX
  5
2ED
330
271
100
AcDbEntity
  8
4_ANYTOOL_CUTTHROUGH_OUTSI
100
AcDbVertex
100
AcDb2dVertex
 10
-355.7901831264086
 20
575.7500010771223
 30
0.0
  0
VERTEX
  5
2EE
330
271
100
AcDbEntity
  8
4_ANYTOOL_CUTTHROUGH_OUTSI
100
AcDbVertex
100
AcDb2dVertex
 10
-343.7901831264081
 20
575.7500010770236
 30
0.0
 42
0.4142135623859517
  0
VERTEX
  5
2EF
330
271
100
AcDbEntity
  8
4_ANYTOOL_CUTTHROUGH_OUTSI
100
AcDbVertex
100
AcDb2dVertex
 10
-343.5401831264045
 20
576.0000010770309
 30
0.0
  0
VERTEX
  5
2F0
330
271
100
AcDbEntity
  8
4_ANYTOOL_CUTTHROUGH_OUTSI
100
AcDbVertex
100
AcDb2dVertex
 10
-343.5401831263935
 20
599.7500010770527
 30
0.0
  0
VERTEX
  5
2F1
330
271
100
AcDbEntity
  8
4_ANYTOOL_CUTTHROUGH_OUTSI
100
AcDbVertex
100
AcDb2dVertex
 10
-319.0401831263939
 20
599.7500010770527
 30
0.0
  0
VERTEX
  5
2F2
330
271
100
AcDbEntity
  8
4_ANYTOOL_CUTTHROUGH_OUTSI
100
AcDbVertex
100
AcDb2dVertex
 10
-319.0401831263767
 20
576.0000010770236
 30
0.0
 42
0.4142135624088015
  0
VERTEX
  5
2F3
330
271
100
AcDbEntity
  8
4_ANYTOOL_CUTTHROUGH_OUTSI
100
AcDbVertex
100
AcDb2dVertex
 10
-318.7901831263752
 20
575.7500010770234
 30
0.0
  0
VERTEX
  5
2F4
330
271
100
AcDbEntity
  8
4_ANYTOOL_CUTTHROUGH_OUTSI
100
AcDbVertex
100
AcDb2dVertex
 10
-306.7901831263745
 20
575.7500010771109
 30
0.0
 42
0.4142135623324011
  0
VERTEX
  5
2F5
330
271
100
AcDbEntity
  8
4_ANYTOOL_CUTTHROUGH_OUTSI
100
AcDbVertex
100
AcDb2dVertex
 10
-306.540183126373
 20
576.0000010771182
 30
0.0
  0
VERTEX
  5
2F6
330
271
100
AcDbEntity
  8
4_ANYTOOL_CUTTHROUGH_OUTSI
100
AcDbVertex
100
AcDb2dVertex
 10
-306.5401831263788
 20
581.7500010771328
 30
0.0
  0
VERTEX
  5
2F7
330
271
100
AcDbEntity
  8
4_ANYTOOL_CUTTHROUGH_OUTSI
100
AcDbVertex
100
AcDb2dVertex
 10
-296.0401831263484
 20
581.7500010771328
 30
0.0
  0
VERTEX
  5
2F8
330
271
100
AcDbEntity
  8
4_ANYTOOL_CUTTHROUGH_OUTSI
100
AcDbVertex
100
AcDb2dVertex
 10
-296.0401831263473
 20
576.0000010771182
 30
0.0
 42
0.4142135623462578
  0
VERTEX
  5
2F9
330
271
100
AcDbEntity
  8
4_ANYTOOL_CUTTHROUGH_OUTSI
100
AcDbVertex
100
AcDb2dVertex
 10
-295.7901831263479
 20
575.750001077125
 30
0.0
  0
VERTEX
  5
2FA
330
271
100
AcDbEntity
  8
4_ANYTOOL_CUTTHROUGH_OUTSI
100
AcDbVertex
100
AcDb2dVertex
 10
-283.790183126349
 20
575.7500010770382
 30
0.0
 42
0.4142135624222035
  0
VERTEX
  5
2FB
330
271
100
AcDbEntity
  8
4_ANYTOOL_CUTTHROUGH_OUTSI
100
AcDbVertex
100
AcDb2dVertex
 10
-283.5401831263434
 20
576.0000010770455
 30
0.0
  0
VERTEX
  5
2FC
330
271
100
AcDbEntity
  8
4_ANYTOOL_CUTTHROUGH_OUTSI
100
AcDbVertex
100
AcDb2dVertex
 10
-283.5401831263326
 20
599.7500010770673
 30
0.0
  0
VERTEX
  5
2FD
330
271
100
AcDbEntity
  8
4_ANYTOOL_CUTTHROUGH_OUTSI
100
AcDbVertex
100
AcDb2dVertex
 10
-216.348620478265
 20
599.7500010766889
 30
0.0
  0
VERTEX
  5
2FE
330
271
100
AcDbEntity
  8
4_ANYTOOL_CUTTHROUGH_OUTSI
100
AcDbVertex
100
AcDb2dVertex
 10
-216.5836144872016
 20
598.3551308763816
 30
0.0
  0
VERTEX
  5
2FF
330
271
100
AcDbEntity
  8
4_ANYTOOL_CUTTHROUGH_OUTSI
100
AcDbVertex
100
AcDb2dVertex
 10
-233.479147713876
 20
550.0825886828825
 30
0.0
  0
VERTEX
  5
300
330
271
100
AcDbEntity
  8
4_ANYTOOL_CUTTHROUGH_OUTSI
100
AcDbVertex
100
AcDb2dVertex
 10
-233.4931831247829
 20
550.0000010767035
 30
0.0
 42
0.4142135623769139
  0
VERTEX
  5
301
330
271
100
AcDbEntity
  8
4_ANYTOOL_CUTTHROUGH_OUTSI
100
AcDbVertex
100
AcDb2dVertex
 10
-227.2431831247601
 20
543.7500010766862
 30
0.0
  0
VERTEX
  5
302
330
271
100
AcDbEntity
  8
4_ANYTOOL_CUTTHROUGH_OUTSI
100
AcDbVertex
100
AcDb2dVertex
 10
-149.243183124805
 20
543.750001076718
 30
0.0
 42
0.4142135623746774
  0
VERTEX
  5
303
330
271
100
AcDbEntity
  8
4_ANYTOOL_CUTTHROUGH_OUTSI
100
AcDbVertex
100
AcDb2dVertex
 10
-142.9931831247858
 20
550.000001076718
 30
0.0
  0
VERTEX
  5
304
330
271
100
AcDbEntity
  8
4_ANYTOOL_CUTTHROUGH_OUTSI
100
AcDbVertex
100
AcDb2dVertex
 10
-143.0072185356952
 20
550.0825886828964
 30
0.0
  0
VERTEX
  5
305
330
271
100
AcDbEntity
  8
4_ANYTOOL_CUTTHROUGH_OUTSI
100
AcDbVertex
100
AcDb2dVertex
 10
-159.9063315301503
 20
598.3661958557932
 30
0.0
  0
VERTEX
  5
306
330
271
100
AcDbEntity
  8
4_ANYTOOL_CUTTHROUGH_OUTSI
100
AcDbVertex
100
AcDb2dVertex
 10
-160.1377457713317
 20
599.7500010767006
 30
0.0
  0
VERTEX
  5
307
330
271
100
AcDbEntity
  8
4_ANYTOOL_CUTTHROUGH_OUTSI
100
AcDbVertex
100
AcDb2dVertex
 10
-121.5401831247682
 20
599.7500010767108
 30
0.0
  0
VERTEX
  5
308
330
271
100
AcDbEntity
  8
4_ANYTOOL_CUTTHROUGH_OUTSI
100
AcDbVertex
100
AcDb2dVertex
 10
-121.5401831247864
 20
576.0000010767108
 30
0.0
 42
0.4142135623768624
  0
VERTEX
  5
309
330
271
100
AcDbEntity
  8
4_ANYTOOL_CUTTHROUGH_OUTSI
100
AcDbVertex
100
AcDb2dVertex
 10
-121.2901831247864
 20
575.7500010767139
 30
0.0
  0
VERTEX
  5
30A
330
271
100
AcDbEntity
  8
4_ANYTOOL_CUTTHROUGH_OUTSI
100
AcDbVertex
100
AcDb2dVertex
 10
-109.2901831247863
 20
575.7500010767108
 30
0.0
 42
0.4142135623624737
  0
VERTEX
  5
30B
330
271
100
AcDbEntity
  8
4_ANYTOOL_CUTTHROUGH_OUTSI
100
AcDbVertex
100
AcDb2dVertex
 10
-109.0401831247881
 20
576.000001076718
 30
0.0
  0
VERTEX
  5
30C
330
271
100
AcDbEntity
  8
4_ANYTOOL_CUTTHROUGH_OUTSI
100
AcDbVertex
100
AcDb2dVertex
 10
-109.0401831247873
 20
581.750001076718
 30
0.0
  0
VERTEX
  5
30D
330
271
100
AcDbEntity
  8
4_ANYTOOL_CUTTHROUGH_OUTSI
100
AcDbVertex
100
AcDb2dVertex
 10
-58.54018312478524
 20
581.7500010767253
 30
0.0
  0
VERTEX
  5
30E
330
271
100
AcDbEntity
  8
4_ANYTOOL_CUTTHROUGH_OUTSI
100
AcDbVertex
100
AcDb2dVertex
 10
-58.54018312478593
 20
576.0000010767253
 30
0.0
 42
0.4142135623461166
  0
VERTEX
  5
30F
330
271
100
AcDbEntity
  8
4_ANYTOOL_CUTTHROUGH_OUTSI
100
AcDbVertex
100
AcDb2dVertex
 10
-58.29018312478593
 20
575.7500010767315
 30
0.0
  0
VERTEX
  5
310
330
271
100
AcDbEntity
  8
4_ANYTOOL_CUTTHROUGH_OUTSI
100
AcDbVertex
100
AcDb2dVertex
 10
-46.29018312478593
 20
575.750001076718
 30
0.0
 42
0.4142135623178971
  0
VERTEX
  5
311
330
271
100
AcDbEntity
  8
4_ANYTOOL_CUTTHROUGH_OUTSI
100
AcDbVertex
100
AcDb2dVertex
 10
-46.04018312478195
 20
576.0000010767253
 30
0.0
  0
VERTEX
  5
312
330
271
100
AcDbEntity
  8
4_ANYTOOL_CUTTHROUGH_OUTSI
100
AcDbVertex
100
AcDb2dVertex
 10
-46.0401831247674
 20
599.750001076718
 30
0.0
  0
VERTEX
  5
313
330
271
100
AcDbEntity
  8
4_ANYTOOL_CUTTHROUGH_OUTSI
100
AcDbVertex
100
AcDb2dVertex
 10
-7.442620478211779
 20
599.750001076718
 30
0.0
  0
VERTEX
  5
314
330
271
100
AcDbEntity
  8
4_ANYTOOL_CUTTHROUGH_OUTSI
100
AcDbVertex
100
AcDb2dVertex
 10
-7.677614487153274
 20
598.355130876418
 30
0.0
  0
VERTEX
  5
315
330
271
100
AcDbEntity
  8
4_ANYTOOL_CUTTHROUGH_OUTSI
100
AcDbVertex
100
AcDb2dVertex
 10
-24.57314771382755
 20
550.0825886829189
 30
0.0
  0
VERTEX
  5
316
330
271
100
AcDbEntity
  8
4_ANYTOOL_CUTTHROUGH_OUTSI
100
AcDbVertex
100
AcDb2dVertex
 10
-24.58718312473285
 20
550.0000010767399
 30
0.0
 42
0.4142135623750185
  0
VERTEX
  5
317
330
271
100
AcDbEntity
  8
4_ANYTOOL_CUTTHROUGH_OUTSI
100
AcDbVertex
100
AcDb2dVertex
 10
-18.33718312471149
 20
543.7500010767241
 30
0.0
  0
VERTEX
  5
318
330
271
100
AcDbEntity
  8
4_ANYTOOL_CUTTHROUGH_OUTSI
100
AcDbVertex
100
AcDb2dVertex
 10
59.66281687524338
 20
543.7500010767544
 30
0.0
 42
0.4142135623758968
  0
VERTEX
  5
319
330
271
100
AcDbEntity
  8
4_ANYTOOL_CUTTHROUGH_OUTSI
100
AcDbVertex
100
AcDb2dVertex
 10
65.91281687525952
 20
550.0000010767544
 30
0.0
  0
VERTEX
  5
31A
330
271
100
AcDbEntity
  8
4_ANYTOOL_CUTTHROUGH_OUTSI
100
AcDbVertex
100
AcDb2dVertex
 10
65.89878146435485
 20
550.0825886829333
 30
0.0
  0
VERTEX
  5
31B
330
271
100
AcDbEntity
  8
4_ANYTOOL_CUTTHROUGH_OUTSI
100
AcDbVertex
100
AcDb2dVertex
 10
48.99966846989832
 20
598.3661958558296
 30
0.0
  0
VERTEX
  5
31C
330
271
100
AcDbEntity
  8
4_ANYTOOL_CUTTHROUGH_OUTSI
100
AcDbVertex
100
AcDb2dVertex
 10
48.7682542287058
 20
599.7500010767691
 30
0.0
  0
VERTEX
  5
31D
330
271
100
AcDbEntity
  8
4_ANYTOOL_CUTTHROUGH_OUTSI
100
AcDbVertex
100
AcDb2dVertex
 10
115.9598168708626
 20
599.7500010769872
 30
0.0
  0
VERTEX
  5
31E
330
271
100
AcDbEntity
  8
4_ANYTOOL_CUTTHROUGH_OUTSI
100
AcDbVertex
100
AcDb2dVertex
 10
115.9598168708637
 20
576.0000010769872
 30
0.0
 42
0.4142135624218747
  0
VERTEX
  5
31F
330
271
100
AcDbEntity
  8
4_ANYTOOL_CUTTHROUGH_OUTSI
100
AcDbVertex
100
AcDb2dVertex
 10
116.2098168708662
 20
575.7500010769827
 30
0.0
  0
VERTEX
  5
320
330
271
100
AcDbEntity
  8
4_ANYTOOL_CUTTHROUGH_OUTSI
100
AcDbVertex
100
AcDb2dVertex
 10
128.209816870866
 20
575.7500010771037
 30
0.0
 42
0.4142135623677138
  0
VERTEX
  5
321
330
271
100
AcDbEntity
  8
4_ANYTOOL_CUTTHROUGH_OUTSI
100
AcDbVertex
100
AcDb2dVertex
 10
128.4598168708615
 20
576.0000010771037
 30
0.0
  0
VERTEX
  5
322
330
271
100
AcDbEntity
  8
4_ANYTOOL_CUTTHROUGH_OUTSI
100
AcDbVertex
100
AcDb2dVertex
 10
128.4598168708635
 20
581.7500010768708
 30
0.0
  0
VERTEX
  5
323
330
271
100
AcDbEntity
  8
4_ANYTOOL_CUTTHROUGH_OUTSI
100
AcDbVertex
100
AcDb2dVertex
 10
178.9598168708771
 20
581.7500010771037
 30
0.0
  0
VERTEX
  5
324
330
271
100
AcDbEntity
  8
4_ANYTOOL_CUTTHROUGH_OUTSI
100
AcDbVertex
100
AcDb2dVertex
 10
178.9598168708771
 20
576.0000010771037
 30
0.0
 42
0.4142135623278509
  0
VERTEX
  5
325
330
271
100
AcDbEntity
  8
4_ANYTOOL_CUTTHROUGH_OUTSI
100
AcDbVertex
100
AcDb2dVertex
 10
179.209816870876
 20
575.7500010771098
 30
0.0
  0
VERTEX
  5
326
330
271
100
AcDbEntity
  8
4_ANYTOOL_CUTTHROUGH_OUTSI
100
AcDbVertex
100
AcDb2dVertex
 10
191.2098168708758
 20
575.7500010770527
 30
0.0
 42
0.4142135623506278
  0
VERTEX
  5
327
330
271
100
AcDbEntity
  8
4_ANYTOOL_CUTTHROUGH_OUTSI
100
AcDbVertex
100
AcDb2dVertex
 10
191.4598168708712
 20
576.0000010770527
 30
0.0
  0
VERTEX
  5
328
330
271
100
AcDbEntity
  8
4_ANYTOOL_CUTTHROUGH_OUTSI
100
AcDbVertex
100
AcDb2dVertex
 10
191.4598168708897
 20
599.7500010084841
 30
0.0
  0
VERTEX
  5
329
330
271
100
AcDbEntity
  8
4_ANYTOOL_CUTTHROUGH_OUTSI
100
AcDbVertex
100
AcDb2dVertex
 10
240.9598168708817
 20
599.7500010422591
 30
0.0
  0
VERTEX
  5
32A
330
271
100
AcDbEntity
  8
4_ANYTOOL_CUTTHROUGH_OUTSI
100
AcDbVertex
100
AcDb2dVertex
 10
240.9598168709051
 20
576.00000107706
 30
0.0
 42
0.4142135623869416
  0
VERTEX
  5
32B
330
271
100
AcDbEntity
  8
4_ANYTOOL_CUTTHROUGH_OUTSI
100
AcDbVertex
100
AcDb2dVertex
 10
241.2098168709063
 20
575.7500010770561
 30
0.0
  0
VERTEX
  5
32C
330
271
100
AcDbEntity
  8
4_ANYTOOL_CUTTHROUGH_OUTSI
100
AcDbVertex
100
AcDb2dVertex
 10
253.2098168709063
 20
575.7500010771182
 30
0.0
 42
0.4142135623482266
  0
VERTEX
  5
32D
330
271
100
AcDbEntity
  8
4_ANYTOOL_CUTTHROUGH_OUTSI
100
AcDbVertex
100
AcDb2dVertex
 10
253.4598168709142
 20
576.0000010771182
 30
0.0
  0
VERTEX
  5
32E
330
271
100
AcDbEntity
  8
4_ANYTOOL_CUTTHROUGH_OUTSI
100
AcDbVertex
100
AcDb2dVertex
 10
253.4598168708899
 20
581.7500010771182
 30
0.0
  0
VERTEX
  5
32F
330
271
100
AcDbEntity
  8
4_ANYTOOL_CUTTHROUGH_OUTSI
100
AcDbVertex
100
AcDb2dVertex
 10
303.9598168708671
 20
581.7500010769509
 30
0.0
  0
VERTEX
  5
330
330
271
100
AcDbEntity
  8
4_ANYTOOL_CUTTHROUGH_OUTSI
100
AcDbVertex
100
AcDb2dVertex
 10
303.9598168708678
 20
576.0000010771837
 30
0.0
 42
0.4142135623605671
  0
VERTEX
  5
331
330
271
100
AcDbEntity
  8
4_ANYTOOL_CUTTHROUGH_OUTSI
100
AcDbVertex
100
AcDb2dVertex
 10
304.2098168708667
 20
575.7500010771887
 30
0.0
  0
VERTEX
  5
332
330
271
100
AcDbEntity
  8
4_ANYTOOL_CUTTHROUGH_OUTSI
100
AcDbVertex
100
AcDb2dVertex
 10
316.2098168708665
 20
575.7500010771255
 30
0.0
 42
0.4142135623874353
  0
VERTEX
  5
333
330
271
100
AcDbEntity
  8
4_ANYTOOL_CUTTHROUGH_OUTSI
100
AcDbVertex
100
AcDb2dVertex
 10
316.4598168708787
 20
576.0000010771255
 30
0.0
  0
VERTEX
  5
334
330
271
100
AcDbEntity
  8
4_ANYTOOL_CUTTHROUGH_OUTSI
100
AcDbVertex
100
AcDb2dVertex
 10
316.4598168708662
 20
599.75000107714
 30
0.0
  0
VERTEX
  5
335
330
271
100
AcDbEntity
  8
4_ANYTOOL_CUTTHROUGH_OUTSI
100
AcDbVertex
100
AcDb2dVertex
 10
365.959816870198
 20
599.750001077191
 30
0.0
  0
VERTEX
  5
336
330
271
100
AcDbEntity
  8
4_ANYTOOL_CUTTHROUGH_OUTSI
100
AcDbVertex
100
AcDb2dVertex
 10
365.9598168705907
 20
458.250001077824
 30
0.0
  0
VERTEX
  5
337
330
271
100
AcDbEntity
  8
4_ANYTOOL_CUTTHROUGH_OUTSI
100
AcDbVertex
100
AcDb2dVertex
 10
342.2098168705925
 20
458.2500010778458
 30
0.0
 42
0.4142135623434871
  0
VERTEX
  5
338
330
271
100
AcDbEntity
  8
4_ANYTOOL_CUTTHROUGH_OUTSI
100
AcDbVertex
100
AcDb2dVertex
 10
341.9598168705886
 20
458.0000010778458
 30
0.0
  0
VERTEX
  5
339
330
271
100
AcDbEntity
  8
4_ANYTOOL_CUTTHROUGH_OUTSI
100
AcDbVertex
100
AcDb2dVertex
 10
341.959816870592
 20
446.0000010778458
 30
0.0
 42
0.4142135623984138
  0
VERTEX
  5
33A
330
271
100
AcDbEntity
  8
4_ANYTOOL_CUTTHROUGH_OUTSI
100
AcDbVertex
100
AcDb2dVertex
 10
342.2098168705909
 20
445.7500010778394
 30
0.0
  0
VERTEX
  5
33B
330
271
100
AcDbEntity
  8
4_ANYTOOL_CUTTHROUGH_OUTSI
100
AcDbVertex
100
AcDb2dVertex
 10
347.9598168705934
 20
445.7500010778167
 30
0.0
  0
VERTEX
  5
33C
330
271
100
AcDbEntity
  8
4_ANYTOOL_CUTTHROUGH_OUTSI
100
AcDbVertex
100
AcDb2dVertex
 10
347.9598168705916
 20
436.2500010778167
 30
0.0
  0
VERTEX
  5
33D
330
271
100
AcDbEntity
  8
4_ANYTOOL_CUTTHROUGH_OUTSI
100
AcDbVertex
100
AcDb2dVertex
 10
342.2098168705938
 20
436.2500010778458
 30
0.0
 42
0.4142135623126004
  0
VERTEX
  5
33E
330
271
100
AcDbEntity
  8
4_ANYTOOL_CUTTHROUGH_OUTSI
100
AcDbVertex
100
AcDb2dVertex
 10
341.9598168705872
 20
436.0000010778458
 30
0.0
  0
VERTEX
  5
33F
330
271
100
AcDbEntity
  8
4_ANYTOOL_CUTTHROUGH_OUTSI
100
AcDbVertex
100
AcDb2dVertex
 10
341.9598168705936
 20
424.0000010778458
 30
0.0
 42
0.4142135623282868
  0
VERTEX
  5
340
330
271
100
AcDbEntity
  8
4_ANYTOOL_CUTTHROUGH_OUTSI
100
AcDbVertex
100
AcDb2dVertex
 10
342.2098168705925
 20
423.7500010778524
 30
0.0
  0
VERTEX
  5
341
330
271
100
AcDbEntity
  8
4_ANYTOOL_CUTTHROUGH_OUTSI
100
AcDbVertex
100
AcDb2dVertex
 10
365.9598168705934
 20
423.750001077824
 30
0.0
  0
VERTEX
  5
342
330
271
100
AcDbEntity
  8
4_ANYTOOL_CUTTHROUGH_OUTSI
100
AcDbVertex
100
AcDb2dVertex
 10
365.9598168706029
 20
384.250001077824
 30
0.0
  0
VERTEX
  5
343
330
271
100
AcDbEntity
  8
4_ANYTOOL_CUTTHROUGH_OUTSI
100
AcDbVertex
100
AcDb2dVertex
 10
342.2098168706048
 20
384.2500010778458
 30
0.0
 42
0.4142135623992341
  0
VERTEX
  5
344
330
271
100
AcDbEntity
  8
4_ANYTOOL_CUTTHROUGH_OUTSI
100
AcDbVertex
100
AcDb2dVertex
 10
341.9598168706116
 20
384.0000010778458
 30
0.0
  0
VERTEX
  5
345
330
271
100
AcDbEntity
  8
4_ANYTOOL_CUTTHROUGH_OUTSI
100
AcDbVertex
100
AcDb2dVertex
 10
341.9598168706043
 20
372.0000010778167
 30
0.0
 42
0.414213562344582
  0
VERTEX
  5
346
330
271
100
AcDbEntity
  8
4_ANYTOOL_CUTTHROUGH_OUTSI
100
AcDbVertex
100
AcDb2dVertex
 10
342.2098168706043
 20
371.7500010778215
 30
0.0
  0
VERTEX
  5
347
330
271
100
AcDbEntity
  8
4_ANYTOOL_CUTTHROUGH_OUTSI
100
AcDbVertex
100
AcDb2dVertex
 10
347.9598168706043
 20
371.7500010778167
 30
0.0
  0
VERTEX
  5
348
330
271
100
AcDbEntity
  8
4_ANYTOOL_CUTTHROUGH_OUTSI
100
AcDbVertex
100
AcDb2dVertex
 10
347.959816870605
 20
362.2500010778167
 30
0.0
  0
VERTEX
  5
349
330
271
100
AcDbEntity
  8
4_ANYTOOL_CUTTHROUGH_OUTSI
100
AcDbVertex
100
AcDb2dVertex
 10
342.209816870605
 20
362.2500010778167
 30
0.0
 42
0.4142135623792075
  0
VERTEX
  5
34A
330
271
100
AcDbEntity
  8
4_ANYTOOL_CUTTHROUGH_OUTSI
100
AcDbVertex
100
AcDb2dVertex
 10
341.9598168705998
 20
362.0000010778167
 30
0.0
  0
VERTEX
  5
34B
330
271
100
AcDbEntity
  8
4_ANYTOOL_CUTTHROUGH_OUTSI
100
AcDbVertex
100
AcDb2dVertex
 10
341.9598168706059
 20
350.0000010778167
 30
0.0
 42
0.4142135623400143
  0
VERTEX
  5
34C
330
271
100
AcDbEntity
  8
4_ANYTOOL_CUTTHROUGH_OUTSI
100
AcDbVertex
100
AcDb2dVertex
 10
342.2098168706059
 20
349.7500010778176
 30
0.0
  0
VERTEX
  5
34D
330
271
100
AcDbEntity
  8
4_ANYTOOL_CUTTHROUGH_OUTSI
100
AcDbVertex
100
AcDb2dVertex
 10
365.9598168706057
 20
349.750001077824
 30
0.0
  0
VERTEX
  5
34E
330
271
100
AcDbEntity
  8
4_ANYTOOL_CUTTHROUGH_OUTSI
100
AcDbVertex
100
AcDb2dVertex
 10
365.9598168706268
 20
250.2500010778094
 30
0.0
  0
VERTEX
  5
34F
330
271
100
AcDbEntity
  8
4_ANYTOOL_CUTTHROUGH_OUTSI
100
AcDbVertex
100
AcDb2dVertex
 10
342.2098168706345
 20
250.2500010778094
 30
0.0
 42
0.4142135623930804
  0
VERTEX
  5
350
330
271
100
AcDbEntity
  8
4_ANYTOOL_CUTTHROUGH_OUTSI
100
AcDbVertex
100
AcDb2dVertex
 10
341.959816870632
 20
250.0000010778094
 30
0.0
  0
VERTEX
  5
351
330
271
100
AcDbEntity
  8
4_ANYTOOL_CUTTHROUGH_OUTSI
100
AcDbVertex
100
AcDb2dVertex
 10
341.9598168706352
 20
238.0000010778094
 30
0.0
 42
0.4142135623509135
  0
VERTEX
  5
352
330
271
100
AcDbEntity
  8
4_ANYTOOL_CUTTHROUGH_OUTSI
100
AcDbVertex
100
AcDb2dVertex
 10
342.2098168706352
 20
237.7500010778051
 30
0.0
  0
VERTEX
  5
353
330
271
100
AcDbEntity
  8
4_ANYTOOL_CUTTHROUGH_OUTSI
100
AcDbVertex
100
AcDb2dVertex
 10
347.9598168706352
 20
237.7500010778094
 30
0.0
  0
VERTEX
  5
354
330
271
100
AcDbEntity
  8
4_ANYTOOL_CUTTHROUGH_OUTSI
100
AcDbVertex
100
AcDb2dVertex
 10
347.9598168706359
 20
228.2500010778094
 30
0.0
  0
VERTEX
  5
355
330
271
100
AcDbEntity
  8
4_ANYTOOL_CUTTHROUGH_OUTSI
100
AcDbVertex
100
AcDb2dVertex
 10
342.2098168706359
 20
228.2500010778094
 30
0.0
 42
0.4142135624077163
  0
VERTEX
  5
356
330
271
100
AcDbEntity
  8
4_ANYTOOL_CUTTHROUGH_OUTSI
100
AcDbVertex
100
AcDb2dVertex
 10
341.9598168706354
 20
228.0000010778094
 30
0.0
  0
VERTEX
  5
357
330
271
100
AcDbEntity
  8
4_ANYTOOL_CUTTHROUGH_OUTSI
100
AcDbVertex
100
AcDb2dVertex
 10
341.9598168706368
 20
216.0000010778022
 30
0.0
 42
0.4142135623445918
  0
VERTEX
  5
358
330
271
100
AcDbEntity
  8
4_ANYTOOL_CUTTHROUGH_OUTSI
100
AcDbVertex
100
AcDb2dVertex
 10
342.209816870637
 20
215.7500010778067
 30
0.0
  0
VERTEX
  5
359
330
271
100
AcDbEntity
  8
4_ANYTOOL_CUTTHROUGH_OUTSI
100
AcDbVertex
100
AcDb2dVertex
 10
365.9598168706364
 20
215.7500010778094
 30
0.0
  0
VERTEX
  5
35A
330
271
100
AcDbEntity
  8
4_ANYTOOL_CUTTHROUGH_OUTSI
100
AcDbVertex
100
AcDb2dVertex
 10
365.9598168706391
 20
176.2500010778022
 30
0.0
  0
VERTEX
  5
35B
330
271
100
AcDbEntity
  8
4_ANYTOOL_CUTTHROUGH_OUTSI
100
AcDbVertex
100
AcDb2dVertex
 10
342.2098168706393
 20
176.2500010778022
 30
0.0
 42
0.4142135623890526
  0
VERTEX
  5
35C
330
271
100
AcDbEntity
  8
4_ANYTOOL_CUTTHROUGH_OUTSI
100
AcDbVertex
100
AcDb2dVertex
 10
341.9598168706402
 20
176.0000010778022
 30
0.0
  0
VERTEX
  5
35D
330
271
100
AcDbEntity
  8
4_ANYTOOL_CUTTHROUGH_OUTSI
100
AcDbVertex
100
AcDb2dVertex
 10
341.9598168706548
 20
164.0000010778022
 30
0.0
 42
0.4142135623544551
  0
VERTEX
  5
35E
330
271
100
AcDbEntity
  8
4_ANYTOOL_CUTTHROUGH_OUTSI
100
AcDbVertex
100
AcDb2dVertex
 10
342.2098168706548
 20
163.7500010778008
 30
0.0
  0
VERTEX
  5
35F
330
271
100
AcDbEntity
  8
4_ANYTOOL_CUTTHROUGH_OUTSI
100
AcDbVertex
100
AcDb2dVertex
 10
347.9598168706548
 20
163.7500010778022
 30
0.0
  0
VERTEX
  5
360
330
271
100
AcDbEntity
  8
4_ANYTOOL_CUTTHROUGH_OUTSI
100
AcDbVertex
100
AcDb2dVertex
 10
347.9598168706552
 20
154.2500010778022
 30
0.0
  0
VERTEX
  5
361
330
271
100
AcDbEntity
  8
4_ANYTOOL_CUTTHROUGH_OUTSI
100
AcDbVertex
100
AcDb2dVertex
 10
342.2098168706552
 20
154.2500010777949
 30
0.0
 42
0.4142135623765559
  0
VERTEX
  5
362
330
271
100
AcDbEntity
  8
4_ANYTOOL_CUTTHROUGH_OUTSI
100
AcDbVertex
100
AcDb2dVertex
 10
341.9598168706523
 20
154.0000010777949
 30
0.0
  0
VERTEX
  5
363
330
271
100
AcDbEntity
  8
4_ANYTOOL_CUTTHROUGH_OUTSI
100
AcDbVertex
100
AcDb2dVertex
 10
341.9598168706564
 20
142.0000010777949
 30
0.0
 42
0.4142135623738485
  0
VERTEX
  5
364
330
271
100
AcDbEntity
  8
4_ANYTOOL_CUTTHROUGH_OUTSI
100
AcDbVertex
100
AcDb2dVertex
 10
342.2098168706566
 20
141.7500010777953
 30
0.0
  0
VERTEX
  5
365
330
271
100
AcDbEntity
  8
4_ANYTOOL_CUTTHROUGH_OUTSI
100
AcDbVertex
100
AcDb2dVertex
 10
365.9598168706552
 20
141.7500010778022
 30
0.0
  0
VERTEX
  5
366
330
271
100
AcDbEntity
  8
4_ANYTOOL_CUTTHROUGH_OUTSI
100
AcDbVertex
100
AcDb2dVertex
 10
365.9598168702332
 20
54.25000107776577
 30
0.0
  0
VERTEX
  5
367
330
271
100
AcDbEntity
  8
4_ANYTOOL_CUTTHROUGH_OUTSI
100
AcDbVertex
100
AcDb2dVertex
 10
342.2098168699711
 20
54.2500010777585
 30
0.0
 42
0.4142135623904469
  0
VERTEX
  5
368
330
271
100
AcDbEntity
  8
4_ANYTOOL_CUTTHROUGH_OUTSI
100
AcDbVertex
100
AcDb2dVertex
 10
341.9598168699708
 20
54.0000010777585
 30
0.0
  0
VERTEX
  5
369
330
271
100
AcDbEntity
  8
4_ANYTOOL_CUTTHROUGH_OUTSI
100
AcDbVertex
100
AcDb2dVertex
 10
341.9598168699572
 20
42.0000010777585
 30
0.0
 42
0.4142135623995636
  0
VERTEX
  5
36A
330
271
100
AcDbEntity
  8
4_ANYTOOL_CUTTHROUGH_OUTSI
100
AcDbVertex
100
AcDb2dVertex
 10
342.2098168699572
 20
41.7500010777519
 30
0.0
  0
VERTEX
  5
36B
330
271
100
AcDbEntity
  8
4_ANYTOOL_CUTTHROUGH_OUTSI
100
AcDbVertex
100
AcDb2dVertex
 10
347.9598168699572
 20
41.7500010777585
 30
0.0
  0
VERTEX
  5
36C
330
271
100
AcDbEntity
  8
4_ANYTOOL_CUTTHROUGH_OUTSI
100
AcDbVertex
100
AcDb2dVertex
 10
347.9598168699579
 20
32.2500010777585
 30
0.0
  0
VERTEX
  5
36D
330
271
100
AcDbEntity
  8
4_ANYTOOL_CUTTHROUGH_OUTSI
100
AcDbVertex
100
AcDb2dVertex
 10
342.2098168699579
 20
32.2500010777585
 30
0.0
 42
0.4142135623890997
  0
VERTEX
  5
36E
330
271
100
AcDbEntity
  8
4_ANYTOOL_CUTTHROUGH_OUTSI
100
AcDbVertex
100
AcDb2dVertex
 10
341.9598168699588
 20
32.0000010777585
 30
0.0
  0
VERTEX
  5
36F
330
271
100
AcDbEntity
  8
4_ANYTOOL_CUTTHROUGH_OUTSI
100
AcDbVertex
100
AcDb2dVertex
 10
341.9598168699733
 20
20.0000010777585
 30
0.0
 42
0.4142135623704509
  0
VERTEX
  5
370
330
271
100
AcDbEntity
  8
4_ANYTOOL_CUTTHROUGH_OUTSI
100
AcDbVertex
100
AcDb2dVertex
 10
342.2098168699736
 20
19.750001077756
 30
0.0
  0
VERTEX
  5
371
330
271
100
AcDbEntity
  8
4_ANYTOOL_CUTTHROUGH_OUTSI
100
AcDbVertex
100
AcDb2dVertex
 10
365.9598168699729
 20
19.7500010777585
 30
0.0
  0
VERTEX
  5
372
330
271
100
AcDbEntity
  8
4_ANYTOOL_CUTTHROUGH_OUTSI
100
AcDbVertex
100
AcDb2dVertex
 10
365.9598168699756
 20
-19.7499989222415
 30
0.0
  0
VERTEX
  5
373
330
271
100
AcDbEntity
  8
4_ANYTOOL_CUTTHROUGH_OUTSI
100
AcDbVertex
100
AcDb2dVertex
 10
342.2098168699761
 20
-19.74999892224878
 30
0.0
 42
0.4142135623595465
  0
VERTEX
  5
374
330
271
100
AcDbEntity
  8
4_ANYTOOL_CUTTHROUGH_OUTSI
100
AcDbVertex
100
AcDb2dVertex
 10
341.9598168699731
 20
-19.99999892224878
 30
0.0
  0
VERTEX
  5
375
330
271
100
AcDbEntity
  8
4_ANYTOOL_CUTTHROUGH_OUTSI
100
AcDbVertex
100
AcDb2dVertex
 10
341.9598168699767
 20
-31.99999892224878
 30
0.0
 42
0.4142135623866918
  0
VERTEX
  5
376
330
271
100
AcDbEntity
  8
4_ANYTOOL_CUTTHROUGH_OUTSI
100
AcDbVertex
100
AcDb2dVertex
 10
342.2098168699767
 20
-32.24999892225173
 30
0.0
  0
VERTEX
  5
377
330
271
100
AcDbEntity
  8
4_ANYTOOL_CUTTHROUGH_OUTSI
100
AcDbVertex
100
AcDb2dVertex
 10
347.9598168699767
 20
-32.24999892224878
 30
0.0
  0
VERTEX
  5
378
330
271
100
AcDbEntity
  8
4_ANYTOOL_CUTTHROUGH_OUTSI
100
AcDbVertex
100
AcDb2dVertex
 10
347.9598168699777
 20
-41.74999892224878
 30
0.0
  0
VERTEX
  5
379
330
271
100
AcDbEntity
  8
4_ANYTOOL_CUTTHROUGH_OUTSI
100
AcDbVertex
100
AcDb2dVertex
 10
342.209816869992
 20
-41.74999892224878
 30
0.0
 42
0.4142135623624343
  0
VERTEX
  5
37A
330
271
100
AcDbEntity
  8
4_ANYTOOL_CUTTHROUGH_OUTSI
100
AcDbVertex
100
AcDb2dVertex
 10
341.9598168699865
 20
-41.99999892224878
 30
0.0
  0
VERTEX
  5
37B
330
271
100
AcDbEntity
  8
4_ANYTOOL_CUTTHROUGH_OUTSI
100
AcDbVertex
100
AcDb2dVertex
 10
341.9598168699929
 20
-53.99999892224878
 30
0.0
 42
0.4142135623781008
  0
VERTEX
  5
37C
330
271
100
AcDbEntity
  8
4_ANYTOOL_CUTTHROUGH_OUTSI
100
AcDbVertex
100
AcDb2dVertex
 10
342.2098168699929
 20
-54.24999892224446
 30
0.0
  0
VERTEX
  5
37D
330
271
100
AcDbEntity
  8
4_ANYTOOL_CUTTHROUGH_OUTSI
100
AcDbVertex
100
AcDb2dVertex
 10
365.9598168701241
 20
-54.24999892224878
 30
0.0
  0
VERTEX
  5
37E
330
271
100
AcDbEntity
  8
4_ANYTOOL_CUTTHROUGH_OUTSI
100
AcDbVertex
100
AcDb2dVertex
 10
365.9598168707014
 20
-141.7499989231001
 30
0.0
  0
VERTEX
  5
37F
330
271
100
AcDbEntity
  8
4_ANYTOOL_CUTTHROUGH_OUTSI
100
AcDbVertex
100
AcDb2dVertex
 10
342.2098168707053
 20
-141.7499989230928
 30
0.0
 42
0.4142135624092689
  0
VERTEX
  5
380
330
271
100
AcDbEntity
  8
4_ANYTOOL_CUTTHROUGH_OUTSI
100
AcDbVertex
100
AcDb2dVertex
 10
341.9598168707034
 20
-141.9999989230928
 30
0.0
  0
VERTEX
  5
381
330
271
100
AcDbEntity
  8
4_ANYTOOL_CUTTHROUGH_OUTSI
100
AcDbVertex
100
AcDb2dVertex
 10
341.9598168707053
 20
-153.9999989231001
 30
0.0
 42
0.4142135623318008
  0
VERTEX
  5
382
330
271
100
AcDbEntity
  8
4_ANYTOOL_CUTTHROUGH_OUTSI
100
AcDbVertex
100
AcDb2dVertex
 10
342.2098168707053
 20
-154.2499989230917
 30
0.0
  0
VERTEX
  5
383
330
271
100
AcDbEntity
  8
4_ANYTOOL_CUTTHROUGH_OUTSI
100
AcDbVertex
100
AcDb2dVertex
 10
347.9598168707053
 20
-154.2499989231001
 30
0.0
  0
VERTEX
  5
384
330
271
100
AcDbEntity
  8
4_ANYTOOL_CUTTHROUGH_OUTSI
100
AcDbVertex
100
AcDb2dVertex
 10
347.9598168707059
 20
-163.7499989231001
 30
0.0
  0
VERTEX
  5
385
330
271
100
AcDbEntity
  8
4_ANYTOOL_CUTTHROUGH_OUTSI
100
AcDbVertex
100
AcDb2dVertex
 10
342.2098168707059
 20
-163.7499989231001
 30
0.0
 42
0.4142135623757345
  0
VERTEX
  5
386
330
271
100
AcDbEntity
  8
4_ANYTOOL_CUTTHROUGH_OUTSI
100
AcDbVertex
100
AcDb2dVertex
 10
341.9598168707037
 20
-163.9999989231001
 30
0.0
  0
VERTEX
  5
387
330
271
100
AcDbEntity
  8
4_ANYTOOL_CUTTHROUGH_OUTSI
100
AcDbVertex
100
AcDb2dVertex
 10
341.9598168707068
 20
-175.9999989231001
 30
0.0
 42
0.4142135623317911
  0
VERTEX
  5
388
330
271
100
AcDbEntity
  8
4_ANYTOOL_CUTTHROUGH_OUTSI
100
AcDbVertex
100
AcDb2dVertex
 10
342.2098168707066
 20
-176.2499989230914
 30
0.0
  0
VERTEX
  5
389
330
271
100
AcDbEntity
  8
4_ANYTOOL_CUTTHROUGH_OUTSI
100
AcDbVertex
100
AcDb2dVertex
 10
365.9598168707064
 20
-176.2499989231001
 30
0.0
  0
VERTEX
  5
38A
330
271
100
AcDbEntity
  8
4_ANYTOOL_CUTTHROUGH_OUTSI
100
AcDbVertex
100
AcDb2dVertex
 10
365.9598168707091
 20
-215.7499989231001
 30
0.0
  0
VERTEX
  5
38B
330
271
100
AcDbEntity
  8
4_ANYTOOL_CUTTHROUGH_OUTSI
100
AcDbVertex
100
AcDb2dVertex
 10
342.2098168707168
 20
-215.7499989231001
 30
0.0
 42
0.4142135623616072
  0
VERTEX
  5
38C
330
271
100
AcDbEntity
  8
4_ANYTOOL_CUTTHROUGH_OUTSI
100
AcDbVertex
100
AcDb2dVertex
 10
341.9598168707121
 20
-215.9999989231001
 30
0.0
  0
VERTEX
  5
38D
330
271
100
AcDbEntity
  8
4_ANYTOOL_CUTTHROUGH_OUTSI
100
AcDbVertex
100
AcDb2dVertex
 10
341.9598168707175
 20
-227.9999989231001
 30
0.0
 42
0.4142135623311691
  0
VERTEX
  5
38E
330
271
100
AcDbEntity
  8
4_ANYTOOL_CUTTHROUGH_OUTSI
100
AcDbVertex
100
AcDb2dVertex
 10
342.2098168707175
 20
-228.2499989230921
 30
0.0
  0
VERTEX
  5
38F
330
271
100
AcDbEntity
  8
4_ANYTOOL_CUTTHROUGH_OUTSI
100
AcDbVertex
100
AcDb2dVertex
 10
347.9598168707178
 20
-228.2499989231001
 30
0.0
  0
VERTEX
  5
390
330
271
100
AcDbEntity
  8
4_ANYTOOL_CUTTHROUGH_OUTSI
100
AcDbVertex
100
AcDb2dVertex
 10
347.9598168707325
 20
-237.7499989231001
 30
0.0
  0
VERTEX
  5
391
330
271
100
AcDbEntity
  8
4_ANYTOOL_CUTTHROUGH_OUTSI
100
AcDbVertex
100
AcDb2dVertex
 10
342.2098168707328
 20
-237.7499989231001
 30
0.0
 42
0.4142135624199589
  0
VERTEX
  5
392
330
271
100
AcDbEntity
  8
4_ANYTOOL_CUTTHROUGH_OUTSI
100
AcDbVertex
100
AcDb2dVertex
 10
341.9598168707364
 20
-237.9999989231001
 30
0.0
  0
VERTEX
  5
393
330
271
100
AcDbEntity
  8
4_ANYTOOL_CUTTHROUGH_OUTSI
100
AcDbVertex
100
AcDb2dVertex
 10
341.9598168707337
 20
-249.9999989231001
 30
0.0
 42
0.4142135623664534
  0
VERTEX
  5
394
330
271
100
AcDbEntity
  8
4_ANYTOOL_CUTTHROUGH_OUTSI
100
AcDbVertex
100
AcDb2dVertex
 10
342.2098168707337
 20
-250.2499989230912
 30
0.0
  0
VERTEX
  5
395
330
271
100
AcDbEntity
  8
4_ANYTOOL_CUTTHROUGH_OUTSI
100
AcDbVertex
100
AcDb2dVertex
 10
365.9598168707332
 20
-250.2499989231001
 30
0.0
  0
VERTEX
  5
396
330
271
100
AcDbEntity
  8
4_ANYTOOL_CUTTHROUGH_OUTSI
100
AcDbVertex
100
AcDb2dVertex
 10
365.95981687074
 20
-349.7499989231073
 30
0.0
  0
VERTEX
  5
397
330
271
100
AcDbEntity
  8
4_ANYTOOL_CUTTHROUGH_OUTSI
100
AcDbVertex
100
AcDb2dVertex
 10
342.2098168707405
 20
-349.7499989231073
 30
0.0
 42
0.4142135623870015
  0
VERTEX
  5
398
330
271
100
AcDbEntity
  8
4_ANYTOOL_CUTTHROUGH_OUTSI
100
AcDbVertex
100
AcDb2dVertex
 10
341.9598168707287
 20
-349.9999989231073
 30
0.0
  0
VERTEX
  5
399
330
271
100
AcDbEntity
  8
4_ANYTOOL_CUTTHROUGH_OUTSI
100
AcDbVertex
100
AcDb2dVertex
 10
341.9598168707485
 20
-361.9999989231073
 30
0.0
 42
0.4142135623828722
  0
VERTEX
  5
39A
330
271
100
AcDbEntity
  8
4_ANYTOOL_CUTTHROUGH_OUTSI
100
AcDbVertex
100
AcDb2dVertex
 10
342.2098168707485
 20
-362.2499989231135
 30
0.0
  0
VERTEX
  5
39B
330
271
100
AcDbEntity
  8
4_ANYTOOL_CUTTHROUGH_OUTSI
100
AcDbVertex
100
AcDb2dVertex
 10
347.9598168707414
 20
-362.2499989231073
 30
0.0
  0
VERTEX
  5
39C
330
271
100
AcDbEntity
  8
4_ANYTOOL_CUTTHROUGH_OUTSI
100
AcDbVertex
100
AcDb2dVertex
 10
347.9598168707489
 20
-371.7499989231073
 30
0.0
  0
VERTEX
  5
39D
330
271
100
AcDbEntity
  8
4_ANYTOOL_CUTTHROUGH_OUTSI
100
AcDbVertex
100
AcDb2dVertex
 10
342.2098168707491
 20
-371.7499989231073
 30
0.0
 42
0.4142135623768337
  0
VERTEX
  5
39E
330
271
100
AcDbEntity
  8
4_ANYTOOL_CUTTHROUGH_OUTSI
100
AcDbVertex
100
AcDb2dVertex
 10
341.959816870746
 20
-371.9999989231073
 30
0.0
  0
VERTEX
  5
39F
330
271
100
AcDbEntity
  8
4_ANYTOOL_CUTTHROUGH_OUTSI
100
AcDbVertex
100
AcDb2dVertex
 10
341.95981687075
 20
-383.9999989231073
 30
0.0
 42
0.4142135623642891
  0
VERTEX
  5
3A0
330
271
100
AcDbEntity
  8
4_ANYTOOL_CUTTHROUGH_OUTSI
100
AcDbVertex
100
AcDb2dVertex
 10
342.20981687075
 20
-384.2499989231148
 30
0.0
  0
VERTEX
  5
3A1
330
271
100
AcDbEntity
  8
4_ANYTOOL_CUTTHROUGH_OUTSI
100
AcDbVertex
100
AcDb2dVertex
 10
365.9598168707496
 20
-384.2499989231073
 30
0.0
  0
VERTEX
  5
3A2
330
271
100
AcDbEntity
  8
4_ANYTOOL_CUTTHROUGH_OUTSI
100
AcDbVertex
100
AcDb2dVertex
 10
365.9598168707523
 20
-423.7499989231146
 30
0.0
  0
VERTEX
  5
3A3
330
271
100
AcDbEntity
  8
4_ANYTOOL_CUTTHROUGH_OUTSI
100
AcDbVertex
100
AcDb2dVertex
 10
342.2098168707528
 20
-423.7499989231073
 30
0.0
 42
0.4142135623742373
  0
VERTEX
  5
3A4
330
271
100
AcDbEntity
  8
4_ANYTOOL_CUTTHROUGH_OUTSI
100
AcDbVertex
100
AcDb2dVertex
 10
341.9598168707519
 20
-423.9999989231073
 30
0.0
  0
VERTEX
  5
3A5
330
271
100
AcDbEntity
  8
4_ANYTOOL_CUTTHROUGH_OUTSI
100
AcDbVertex
100
AcDb2dVertex
 10
341.9598168707535
 20
-435.9999989231073
 30
0.0
 42
0.4142135623410422
  0
VERTEX
  5
3A6
330
271
100
AcDbEntity
  8
4_ANYTOOL_CUTTHROUGH_OUTSI
100
AcDbVertex
100
AcDb2dVertex
 10
342.2098168707535
 20
-436.2499989231055
 30
0.0
  0
VERTEX
  5
3A7
330
271
100
AcDbEntity
  8
4_ANYTOOL_CUTTHROUGH_OUTSI
100
AcDbVertex
100
AcDb2dVertex
 10
347.9598168707535
 20
-436.2499989231073
 30
0.0
  0
VERTEX
  5
3A8
330
271
100
AcDbEntity
  8
4_ANYTOOL_CUTTHROUGH_OUTSI
100
AcDbVertex
100
AcDb2dVertex
 10
347.9598168707541
 20
-445.7499989231073
 30
0.0
  0
VERTEX
  5
3A9
330
271
100
AcDbEntity
  8
4_ANYTOOL_CUTTHROUGH_OUTSI
100
AcDbVertex
100
AcDb2dVertex
 10
342.2098168707541
 20
-445.7499989231073
 30
0.0
 42
0.4142135623611108
  0
VERTEX
  5
3AA
330
271
100
AcDbEntity
  8
4_ANYTOOL_CUTTHROUGH_OUTSI
100
AcDbVertex
100
AcDb2dVertex
 10
341.9598168707498
 20
-445.9999989231073
 30
0.0
  0
VERTEX
  5
3AB
330
271
100
AcDbEntity
  8
4_ANYTOOL_CUTTHROUGH_OUTSI
100
AcDbVertex
100
AcDb2dVertex
 10
341.959816870755
 20
-457.9999989231146
 30
0.0
 42
0.414213562386141
  0
VERTEX
  5
3AC
330
271
100
AcDbEntity
  8
4_ANYTOOL_CUTTHROUGH_OUTSI
100
AcDbVertex
100
AcDb2dVertex
 10
342.209816870755
 20
-458.249998923118
 30
0.0
  0
VERTEX
  5
3AD
330
271
100
AcDbEntity
  8
4_ANYTOOL_CUTTHROUGH_OUTSI
100
AcDbVertex
100
AcDb2dVertex
 10
365.9598168707521
 20
-458.2499989231146
 30
0.0
  0
VERTEX
  5
3AE
330
271
100
AcDbEntity
  8
4_ANYTOOL_CUTTHROUGH_OUTSI
100
AcDbVertex
100
AcDb2dVertex
 10
365.9598168699283
 20
-599.7499989228891
 30
0.0
  0
VERTEX
  5
3AF
330
271
100
AcDbEntity
  8
4_ANYTOOL_CUTTHROUGH_OUTSI
100
AcDbVertex
100
AcDb2dVertex
 10
316.4598168700886
 20
-599.7499989227726
 30
0.0
  0
VERTEX
  5
3B0
330
271
100
AcDbEntity
  8
4_ANYTOOL_CUTTHROUGH_OUTSI
100
AcDbVertex
100
AcDb2dVertex
 10
316.4598168701013
 20
-575.9999989228309
 30
0.0
 42
0.4142135623369177
  0
VERTEX
  5
3B1
330
271
100
AcDbEntity
  8
4_ANYTOOL_CUTTHROUGH_OUTSI
100
AcDbVertex
100
AcDb2dVertex
 10
316.2098168701011
 20
-575.7499989228288
 30
0.0
  0
VERTEX
  5
3B2
330
271
100
AcDbEntity
  8
4_ANYTOOL_CUTTHROUGH_OUTSI
100
AcDbVertex
100
AcDb2dVertex
 10
304.2098168701011
 20
-575.7499989228381
 30
0.0
 42
0.414213562350186
  0
VERTEX
  5
3B3
330
271
100
AcDbEntity
  8
4_ANYTOOL_CUTTHROUGH_OUTSI
100
AcDbVertex
100
AcDb2dVertex
 10
303.9598168700916
 20
-575.9999989228381
 30
0.0
  0
VERTEX
  5
3B4
330
271
100
AcDbEntity
  8
4_ANYTOOL_CUTTHROUGH_OUTSI
100
AcDbVertex
100
AcDb2dVertex
 10
303.9598168701305
 20
-581.749998922256
 30
0.0
  0
VERTEX
  5
3B5
330
271
100
AcDbEntity
  8
4_ANYTOOL_CUTTHROUGH_OUTSI
100
AcDbVertex
100
AcDb2dVertex
 10
253.4598168701757
 20
-581.7499989221469
 30
0.0
  0
VERTEX
  5
3B6
330
271
100
AcDbEntity
  8
4_ANYTOOL_CUTTHROUGH_OUTSI
100
AcDbVertex
100
AcDb2dVertex
 10
253.459816870175
 20
-575.9999989221396
 30
0.0
 42
0.4142135623321932
  0
VERTEX
  5
3B7
330
271
100
AcDbEntity
  8
4_ANYTOOL_CUTTHROUGH_OUTSI
100
AcDbVertex
100
AcDb2dVertex
 10
253.2098168701762
 20
-575.7499989221349
 30
0.0
  0
VERTEX
  5
3B8
330
271
100
AcDbEntity
  8
4_ANYTOOL_CUTTHROUGH_OUTSI
100
AcDbVertex
100
AcDb2dVertex
 10
241.2098168701764
 20
-575.7499989220814
 30
0.0
 42
0.4142135623766306
  0
VERTEX
  5
3B9
330
271
100
AcDbEntity
  8
4_ANYTOOL_CUTTHROUGH_OUTSI
100
AcDbVertex
100
AcDb2dVertex
 10
240.9598168701734
 20
-575.9999989220814
 30
0.0
  0
VERTEX
  5
3BA
330
271
100
AcDbEntity
  8
4_ANYTOOL_CUTTHROUGH_OUTSI
100
AcDbVertex
100
AcDb2dVertex
 10
240.9598168701623
 20
-599.7499989215648
 30
0.0
  0
VERTEX
  5
3BB
330
271
100
AcDbEntity
  8
4_ANYTOOL_CUTTHROUGH_OUTSI
100
AcDbVertex
100
AcDb2dVertex
 10
191.4598168701627
 20
-599.7499989216303
 30
0.0
  0
VERTEX
  5
3BC
330
271
100
AcDbEntity
  8
4_ANYTOOL_CUTTHROUGH_OUTSI
100
AcDbVertex
100
AcDb2dVertex
 10
191.4598168701325
 20
-575.999998922096
 30
0.0
 42
0.4142135623652607
  0
VERTEX
  5
3BD
330
271
100
AcDbEntity
  8
4_ANYTOOL_CUTTHROUGH_OUTSI
100
AcDbVertex
100
AcDb2dVertex
 10
191.2098168701314
 20
-575.7499989221028
 30
0.0
  0
VERTEX
  5
3BE
330
271
100
AcDbEntity
  8
4_ANYTOOL_CUTTHROUGH_OUTSI
100
AcDbVertex
100
AcDb2dVertex
 10
179.2098168701461
 20
-575.7499989221542
 30
0.0
 42
0.4142135623738458
  0
VERTEX
  5
3BF
330
271
100
AcDbEntity
  8
4_ANYTOOL_CUTTHROUGH_OUTSI
100
AcDbVertex
100
AcDb2dVertex
 10
178.9598168701455
 20
-575.9999989221542
 30
0.0
  0
VERTEX
  5
3C0
330
271
100
AcDbEntity
  8
4_ANYTOOL_CUTTHROUGH_OUTSI
100
AcDbVertex
100
AcDb2dVertex
 10
178.9598168701616
 20
-581.7499989221542
 30
0.0
  0
VERTEX
  5
3C1
330
271
100
AcDbEntity
  8
4_ANYTOOL_CUTTHROUGH_OUTSI
100
AcDbVertex
100
AcDb2dVertex
 10
128.4598168701179
 20
-581.7499989223288
 30
0.0
  0
VERTEX
  5
3C2
330
271
100
AcDbEntity
  8
4_ANYTOOL_CUTTHROUGH_OUTSI
100
AcDbVertex
100
AcDb2dVertex
 10
128.4598168700754
 20
-575.9999989229109
 30
0.0
 42
0.4142135623837629
  0
VERTEX
  5
3C3
330
271
100
AcDbEntity
  8
4_ANYTOOL_CUTTHROUGH_OUTSI
100
AcDbVertex
100
AcDb2dVertex
 10
128.2098168700779
 20
-575.7499989229079
 30
0.0
  0
VERTEX
  5
3C4
330
271
100
AcDbEntity
  8
4_ANYTOOL_CUTTHROUGH_OUTSI
100
AcDbVertex
100
AcDb2dVertex
 10
116.2098168700925
 20
-575.7499989227945
 30
0.0
 42
0.4142135623590343
  0
VERTEX
  5
3C5
330
271
100
AcDbEntity
  8
4_ANYTOOL_CUTTHROUGH_OUTSI
100
AcDbVertex
100
AcDb2dVertex
 10
115.95981687009
 20
-575.9999989227945
 30
0.0
  0
VERTEX
  5
3C6
330
271
100
AcDbEntity
  8
4_ANYTOOL_CUTTHROUGH_OUTSI
100
AcDbVertex
100
AcDb2dVertex
 10
115.9598168700852
 20
-599.7499989227945
 30
0.0
  0
VERTEX
  5
3C7
330
271
100
AcDbEntity
  8
4_ANYTOOL_CUTTHROUGH_OUTSI
100
AcDbVertex
100
AcDb2dVertex
 10
48.76825422696425
 20
-599.7499989234566
 30
0.0
  0
VERTEX
  5
3C8
330
271
100
AcDbEntity
  8
4_ANYTOOL_CUTTHROUGH_OUTSI
100
AcDbVertex
100
AcDb2dVertex
 10
49.00324823590051
 20
-598.3551287231431
 30
0.0
  0
VERTEX
  5
3C9
330
271
100
AcDbEntity
  8
4_ANYTOOL_CUTTHROUGH_OUTSI
100
AcDbVertex
100
AcDb2dVertex
 10
65.89878146257297
 20
-550.0825865296501
 30
0.0
  0
VERTEX
  5
3CA
330
271
100
AcDbEntity
  8
4_ANYTOOL_CUTTHROUGH_OUTSI
100
AcDbVertex
100
AcDb2dVertex
 10
65.91281687348224
 20
-549.9999989234711
 30
0.0
 42
0.4142135623774187
  0
VERTEX
  5
3CB
330
271
100
AcDbEntity
  8
4_ANYTOOL_CUTTHROUGH_OUTSI
100
AcDbVertex
100
AcDb2dVertex
 10
59.66281687345622
 20
-543.7499989234516
 30
0.0
  0
VERTEX
  5
3CC
330
271
100
AcDbEntity
  8
4_ANYTOOL_CUTTHROUGH_OUTSI
100
AcDbVertex
100
AcDb2dVertex
 10
-18.33718312649762
 20
-543.7499989234857
 30
0.0
 42
0.4142135623758139
  0
VERTEX
  5
3CD
330
271
100
AcDbEntity
  8
4_ANYTOOL_CUTTHROUGH_OUTSI
100
AcDbVertex
100
AcDb2dVertex
 10
-24.5871831265265
 20
-549.9999989234857
 30
0.0
  0
SEQEND
  5
3CE
330
271
100
AcDbEntity
  8
4_ANYTOOL_CUTTHROUGH_OUTSI
  0
ENDSEC
  0
SECTION
  2
OBJECTS
  0
DICTIONARY
  5
C
330
0
100
AcDbDictionary
  3
ACAD_GROUP
350
D
  3
ACAD_LAYOUT
350
1A
  3
ACAD_MATERIAL
350
43
  3
ACAD_MLEADERSTYLE
350
5B
  3
ACAD_MLINESTYLE
350
17
  3
ACAD_PLOTSETTINGS
350
19
  3
ACAD_SCALELIST
350
47
  3
ACAD_VISUALSTYLE
350
2A
  3
ACDBHEADERROUNDTRIPXREC
350
3CF
  3
ACDBVARIABLEDICTIONARY
350
3F0
  3
DWGPROPS
350
3F7
  0
DICTIONARY
  5
3F8
330
8
100
AcDbDictionary
280
     1
  3
ACAD_XREC_ROUNDTRIP
360
3F9
  0
DICTIONARY
  5
D
102
{ACAD_REACTORS
330
C
102
}
330
C
100
AcDbDictionary
  0
DICTIONARY
  5
1A
102
{ACAD_REACTORS
330
C
102
}
330
C
100
AcDbDictionary
  0
DICTIONARY
  5
43
102
{ACAD_REACTORS
330
C
102
}
330
C
100
AcDbDictionary
  3
BYBLOCK
350
45
  3
BYLAYER
350
44
  3
GLOBAL
350
46
  0
DICTIONARY
  5
5B
102
{ACAD_REACTORS
330
C
102
}
330
C
100
AcDbDictionary
  3
STANDARD
350
5C
  0
DICTIONARY
  5
17
102
{ACAD_REACTORS
330
C
102
}
330
C
100
AcDbDictionary
  3
STANDARD
350
18
  0
DICTIONARY
  5
19
102
{ACAD_REACTORS
330
C
102
}
330
C
100
AcDbDictionary
  0
DICTIONARY
  5
47
102
{ACAD_REACTORS
330
C
102
}
330
C
100
AcDbDictionary
  3
A0
350
48
  3
A1
350
49
  3
A2
350
4A
  3
A3
350
4B
  3
A4
350
4C
  3
A5
350
4D
  3
A6
350
4E
  3
A7
350
4F
  3
A8
350
50
  3
A9
350
51
  3
B1
350
52
  3
B2
350
53
  3
B3
350
54
  3
B4
350
55
  3
B5
350
56
  3
B6
350
57
  3
B7
350
58
  0
DICTIONARY
  5
2A
102
{ACAD_REACTORS
330
C
102
}
330
C
100
AcDbDictionary
  3
2DWIREFRAME
350
2F
  3
BASIC
350
32
  3
BRIGHTEN
350
36
  3
COLORCHANGE
350
3A
  3
CONCEPTUAL
350
34
  3
DIM
350
35
  3
EDGECOLOROFF
350
3D
  3
FACEPATTERN
350
39
  3
FLAT
350
2B
  3
FLATWITHEDGES
350
2C
  3
GOURAUD
350
2D
  3
GOURAUDWITHEDGES
350
2E
  3
HIDDEN
350
31
  3
JITTEROFF
350
3B
  3
LINEPATTERN
350
38
  3
OVERHANGOFF
350
3C
  3
REALISTIC
350
33
  3
SHADED
350
42
  3
SHADED_WITH_EDGES
350
41
  3
SHADES_OF_GRAY
350
3E
  3
SKETCHY
350
3F
  3
THICKEN
350
37
  3
WIREFRAME
350
30
  3
X-RAY
350
40
  0
DICTIONARY
  5
3CF
102
{ACAD_REACTORS
330
C
102
}
330
C
100
AcDbDictionary
  3
CEPSNID
350
3D9
  3
CEPSNTYPE
350
3D8
  3
DIMSTYLEDATA
350
3EF
  3
FINGERPRINTGUID
350
3DA
  3
HYPERLINKBASE
350
3D2
  3
INSUNITS
350
3D7
  3
LAYOUTDICT
350
3D4
  3
LWETCUNION
350
3D6
  3
PLOTSETDICT
350
3D5
  3
PSVPSCALE
350
3DC
  3
PUCSBASE
350
3DF
  3
PUCSORGBACK
350
3E5
  3
PUCSORGBOTTOM
350
3E1
  3
PUCSORGFRONT
350
3E4
  3
PUCSORGLEFT
350
3E2
  3
PUCSORGRIGHT
350
3E3
  3
PUCSORGTOP
350
3E0
  3
PUCSORTHOREF
350
3DD
  3
PUCSORTHOVIEW
350
3DE
  3
STYLESHEET
350
3D3
  3
TSTACKALIGN
350
3D0
  3
TSTACKSIZE
350
3D1
  3
UCSBASE
350
3E8
  3
UCSORGBACK
350
3EE
  3
UCSORGBOTTOM
350
3EA
  3
UCSORGFRONT
350
3ED
  3
UCSORGLEFT
350
3EB
  3
UCSORGRIGHT
350
3EC
  3
UCSORGTOP
350
3E9
  3
UCSORTHOREF
350
3E6
  3
UCSORTHOVIEW
350
3E7
  3
VERSIONGUID
350
3DB
  0
DICTIONARY
  5
3F0
102
{ACAD_REACTORS
330
C
102
}
330
C
100
AcDbDictionary
  3
CANNOSCALE
350
3FA
  3
CMLEADERSTYLE
350
3F2
  3
CTABLESTYLE
350
3F1
  3
DIMASSOC
350
3F5
  3
HIDETEXT
350
3F6
  3
MSLTSCALE
350
3FB
  0
XRECORD
  5
3F7
102
{ACAD_REACTORS
330
C
102
}
330
C
100
AcDbXrecord
  1
DWGPROPS COOKIE
  2

  3

  4

  6

  7

  8
clayt
  9

300
=
301
=
302
=
303
=
304
=
305
=
306
=
307
=
308
=
309
=
 40
0.0
 41
2461243.58948257
 42
2461243.589482755
  1

 90
        0
  0
XRECORD
  5
3F9
102
{ACAD_REACTORS
330
3F8
102
}
330
3F8
100
AcDbXrecord
102
VTR_0.000_0.000_1.000_1.000_VISUALSTYLE
340
2F
102
VTR_0.000_0.000_1.000_1.000_GRIDDISPLAY
 70
     3
102
VTR_0.000_0.000_1.000_1.000_GRIDMAJOR
 70
     5
102
VTR_0.000_0.000_1.000_1.000_DEFAULTLIGHTING
280
     1
102
VTR_0.000_0.000_1.000_1.000_DEFAULTLIGHTINGTYPE
 70
     1
102
VTR_0.000_0.000_1.000_1.000_BRIGHTNESS
141
0.0
102
VTR_0.000_0.000_1.000_1.000_CONTRAST
142
0.0
  0
MATERIAL
  5
45
102
{ACAD_REACTORS
330
43
102
}
102
{ACAD_XDICTIONARY
360
3FE
102
}
330
43
100
AcDbMaterial
  1
BYBLOCK
  0
MATERIAL
  5
44
102
{ACAD_REACTORS
330
43
102
}
102
{ACAD_XDICTIONARY
360
3FC
102
}
330
43
100
AcDbMaterial
  1
BYLAYER
  0
MATERIAL
  5
46
102
{ACAD_REACTORS
330
43
102
}
102
{ACAD_XDICTIONARY
360
400
102
}
330
43
100
AcDbMaterial
  1
GLOBAL
  0
ACAD_PROXY_OBJECT
  5
5C
102
{ACAD_REACTORS
330
5B
102
}
330
5B
100
AcDbProxyObject
 90
      499
 91
      505
 93
      610
310
40901902A4063FBFFFFFE056BD1B81E855B9FC0AD7A3703D0AD73F4214DD185B99185C9900AD7A3703D0AC73F90141901A02B5E8DC0F42B1CFC02B5E8DC0F42B1CFE5764000000000000300FC0
340
14
340
0
340
11
340
0
 94
        0
1001
ACAD_MLEADERVER
1070
     2
  0
MLINESTYLE
  5
18
102
{ACAD_REACTORS
330
17
102
}
330
17
100
AcDbMlineStyle
  2
Standard
 70
     0
  3

 62
   256
 51
90.0
 52
90.0
 71
     2
 49
0.5
 62
   256
  6
BYLAYER
 49
-0.5
 62
   256
  6
BYLAYER
  0
ACAD_PROXY_OBJECT
  5
48
102
{ACAD_REACTORS
330
47
102
}
330
47
100
AcDbProxyObject
 90
      499
 91
      503
 93
       41
310
903313A31580
  0
ACAD_PROXY_OBJECT
  5
49
102
{ACAD_REACTORS
330
47
102
}
330
47
100
AcDbProxyObject
 90
      499
 91
      503
 93
      257
310
90E312F31323822203D2031272D3022000000000000200FC000000000000284000
  0
ACAD_PROXY_OBJECT
  5
4A
102
{ACAD_REACTORS
330
47
102
}
330
47
100
AcDbProxyObject
 90
      499
 91
      503
 93
      249
310
90D312F363422203D2031272D3022000000000000240FC000000000000284000
  0
ACAD_PROXY_OBJECT
  5
4B
102
{ACAD_REACTORS
330
47
102
}
330
47
100
AcDbProxyObject
 90
      499
 91
      503
 93
      249
310
90D312F333222203D2031272D3022000000000000280FC000000000000284000
  0
ACAD_PROXY_OBJECT
  5
4C
102
{ACAD_REACTORS
330
47
102
}
330
47
100
AcDbProxyObject
 90
      499
 91
      503
 93
      249
310
90D312F313622203D2031272D30220000000000002C0FC000000000000284000
  0
ACAD_PROXY_OBJECT
  5
4D
102
{ACAD_REACTORS
330
47
102
}
330
47
100
AcDbProxyObject
 90
      499
 91
      503
 93
      249
310
90D332F333222203D2031272D30220000000000002E0FC000000000000284000
  0
ACAD_PROXY_OBJECT
  5
4E
102
{ACAD_REACTORS
330
47
102
}
330
47
100
AcDbProxyObject
 90
      499
 91
      503
 93
      241
310
90C312F3822203D2031272D3022000000000000300FC000000000000284000
  0
ACAD_PROXY_OBJECT
  5
4F
102
{ACAD_REACTORS
330
47
102
}
330
47
100
AcDbProxyObject
 90
      499
 91
      503
 93
      249
310
90D332F313622203D2031272D3022000000000000320FC000000000000284000
  0
ACAD_PROXY_OBJECT
  5
50
102
{ACAD_REACTORS
330
47
102
}
330
47
100
AcDbProxyObject
 90
      499
 91
      503
 93
      241
310
90C312F3422203D2031272D3022000000000000340FC000000000000284000
  0
ACAD_PROXY_OBJECT
  5
51
102
{ACAD_REACTORS
330
47
102
}
330
47
100
AcDbProxyObject
 90
      499
 91
      503
 93
      241
310
90C332F3822203D2031272D3022000000000000360FC000000000000284000
  0
ACAD_PROXY_OBJECT
  5
52
102
{ACAD_REACTORS
330
47
102
}
330
47
100
AcDbProxyObject
 90
      499
 91
      503
 93
      241
310
90C312F3222203D2031272D3022000000000000380FC000000000000284000
  0
ACAD_PROXY_OBJECT
  5
53
102
{ACAD_REACTORS
330
47
102
}
330
47
100
AcDbProxyObject
 90
      499
 91
      503
 93
      241
310
90C332F3422203D2031272D30220000000000003A0FC000000000000284000
  0
ACAD_PROXY_OBJECT
  5
54
102
{ACAD_REACTORS
330
47
102
}
330
47
100
AcDbProxyObject
 90
      499
 91
      503
 93
      161
310
90A3122203D2031272D30224000000000000284000
  0
ACAD_PROXY_OBJECT
  5
55
102
{ACAD_REACTORS
330
47
102
}
330
47
100
AcDbProxyObject
 90
      499
 91
      503
 93
      257
310
90E312D312F3222203D2031272D30220000000000003E0FC000000000000284000
  0
ACAD_PROXY_OBJECT
  5
56
102
{ACAD_REACTORS
330
47
102
}
330
47
100
AcDbProxyObject
 90
      499
 91
      503
 93
      225
310
90A3322203D2031272D302200000000000002100000000000000284000
  0
ACAD_PROXY_OBJECT
  5
57
102
{ACAD_REACTORS
330
47
102
}
330
47
100
AcDbProxyObject
 90
      499
 91
      503
 93
      225
310
90A3622203D2031272D302200000000000006100000000000000284000
  0
ACAD_PROXY_OBJECT
  5
58
102
{ACAD_REACTORS
330
47
102
}
330
47
100
AcDbProxyObject
 90
      499
 91
      503
 93
      249
310
90D31272D3022203D2031272D30220000000000000A100000000000000284000
  0
ACAD_PROXY_OBJECT
  5
2F
102
{ACAD_REACTORS
330
2A
102
}
330
2A
100
AcDbProxyObject
 90
      499
 91
      501
 93
      436
310
42CC9915DA5C99599C985B595049028333333333333E33F0000000000000F90107901411070040501600405405064090741402480A0340
1001
ACAD
1000
AcDbSavedByObjectVersion
1070
     0
  0
ACAD_PROXY_OBJECT
  5
32
102
{ACAD_REACTORS
330
2A
102
}
330
2A
100
AcDbProxyObject
 90
      499
 91
      501
 93
      388
310
4150985CDA58D07406404333333333333E33F0000000000000F90107A41107004050150841D405064090741402480A0350
1001
ACAD
1000
AcDbSavedByObjectVersion
1070
     0
  0
ACAD_PROXY_OBJECT
  5
36
102
{ACAD_REACTORS
330
2A
102
}
330
2A
100
AcDbProxyObject
 90
      499
 91
      501
 93
      428
310
42109C9A59DA1D195B90C409028333333333333E33F0000000000000F9010790141107004050150841D405064090741402480A029950
1001
ACAD
1000
AcDbSavedByObjectVersion
1070
     0
  0
ACAD_PROXY_OBJECT
  5
3A
102
{ACAD_REACTORS
330
2A
102
}
330
2A
100
AcDbProxyObject
 90
      499
 91
      501
 93
      452
310
42D0DBDB1BDC90DA185B99D95104090240C333333333333E33F0000000000000F90108901411070040501508421405064090741402480A0350
1001
ACAD
1000
AcDbSavedByObjectVersion
1070
     0
  0
ACAD_PROXY_OBJECT
  5
34
102
{ACAD_REACTORS
330
2A
102
}
330
2A
100
AcDbProxyObject
 90
      499
 91
      501
 93
      500
310
4290DBDB98D95C1D1D585B10940D028333333333333E33F0000000000000F90107902409070040501000000000018199010841D405064090740C02480A0340
1001
ACAD
1000
AcDbSavedByObjectVersion
1070
     0
  0
ACAD_PROXY_OBJECT
  5
35
102
{ACAD_REACTORS
330
2A
102
}
330
2A
100
AcDbProxyObject
 90
      499
 91
      501
 93
      412
310
40D11A5B50B409028333333333333E33F0000000000000F9010790141107004050150841D405064090741402480A02677FFFFFD0
1001
ACAD
1000
AcDbSavedByObjectVersion
1070
     0
  0
ACAD_PROXY_OBJECT
  5
3D
102
{ACAD_REACTORS
330
2A
102
}
330
2A
100
AcDbProxyObject
 90
      499
 91
      501
 93
      452
310
43115919D950DBDB1BDC93D999916409028333333333333E33F0000000000000F9010790141107004050150841D405064090741402480A0350
1001
ACAD
1000
AcDbSavedByObjectVersion
1070
     0
  0
ACAD_PROXY_OBJECT
  5
39
102
{ACAD_REACTORS
330
2A
102
}
330
2A
100
AcDbProxyObject
 90
      499
 91
      501
 93
      444
310
42D19858D95C185D1D195C9B90F409028333333333333E33F0000000000000F9010790141107004050150841D405064090741402480A0350
1001
ACAD
1000
AcDbSavedByObjectVersion
1070
     0
  0
ACAD_PROXY_OBJECT
  5
2B
102
{ACAD_REACTORS
330
2A
102
}
330
2A
100
AcDbProxyObject
 90
      499
 91
      501
 93
      380
310
41119B185D240901404333333333333E33F0000000000000F9010740A907004050150841D405064090741402480A1B50
1001
ACAD
1000
AcDbSavedByObjectVersion
1070
     0
  0
ACAD_PROXY_OBJECT
  5
2C
102
{ACAD_REACTORS
330
2A
102
}
330
2A
100
AcDbProxyObject
 90
      499
 91
      501
 93
      468
310
43519B185D15DA5D1A115919D95CD0140901404333333333333E33F0000000000000F90107409019070040501600405405064090741402480A1B50
1001
ACAD
1000
AcDbSavedByObjectVersion
1070
     0
  0
ACAD_PROXY_OBJECT
  5
2D
102
{ACAD_REACTORS
330
2A
102
}
330
2A
100
AcDbProxyObject
 90
      499
 91
      501
 93
      404
310
41D1DBDD5C985D5910240902404333333333333E33F0000000000000F9010740A9070040501641D405064090741402480A1B50
1001
ACAD
1000
AcDbSavedByObjectVersion
1070
     0
  0
ACAD_PROXY_OBJECT
  5
2E
102
{ACAD_REACTORS
330
2A
102
}
330
2A
100
AcDbProxyObject
 90
      499
 91
      501
 93
      492
310
4411DBDD5C985D5915DA5D1A115919D95CD0340902404333333333333E33F0000000000000F90107409019070040501600405405064090741402480A1B50
1001
ACAD
1000
AcDbSavedByObjectVersion
1070
     0
  0
ACAD_PROXY_OBJECT
  5
31
102
{ACAD_REACTORS
330
2A
102
}
330
2A
100
AcDbProxyObject
 90
      499
 91
      501
 93
      476
310
41921A5919195B90640502408333333333333E33F0000000000000F901079024090700405020000000000001110200405405064090740C02480A0340
1001
ACAD
1000
AcDbSavedByObjectVersion
1070
     0
  0
ACAD_PROXY_OBJECT
  5
3B
102
{ACAD_REACTORS
330
2A
102
}
330
2A
100
AcDbProxyObject
 90
      499
 91
      501
 93
      428
310
42529A5D1D195C93D999914409028333333333333E33F0000000000000F9010790141107004050150A41D405064090741402480A0350
1001
ACAD
1000
AcDbSavedByObjectVersion
1070
     0
  0
ACAD_PROXY_OBJECT
  5
38
102
{ACAD_REACTORS
330
2A
102
}
330
2A
100
AcDbProxyObject
 90
      499
 91
      501
 93
      444
310
42D31A5B995C185D1D195C9B90E409028333333333333E33F0000000000000F9010790141107004050750841D405064090741402483A0350
1001
ACAD
1000
AcDbSavedByObjectVersion
1070
     0
  0
ACAD_PROXY_OBJECT
  5
3C
102
{ACAD_REACTORS
330
2A
102
}
330
2A
100
AcDbProxyObject
 90
      499
 91
      501
 93
      444
310
42D3DD995C9A185B99D3D999915409028333333333333E33F0000000000000F9010790141107004050150941D405064090741402480A0350
1001
ACAD
1000
AcDbSavedByObjectVersion
1070
     0
  0
ACAD_PROXY_OBJECT
  5
33
102
{ACAD_REACTORS
330
2A
102
}
330
2A
100
AcDbProxyObject
 90
      499
 91
      501
 93
      428
310
425499585B1A5CDD1A58D08409038333333333333E33F0000000000000F9010740A907004050150800405405064090740C02480A1B40
1001
ACAD
1000
AcDbSavedByObjectVersion
1070
     0
  0
ACAD_PROXY_OBJECT
  5
42
102
{ACAD_REACTORS
330
2A
102
}
330
2A
100
AcDbProxyObject
 90
      499
 91
      501
 93
      420
310
4194DA1859195911B40902404333333333333E33F0000000000000F9010740A41107004050150800405405064090840C02480A0B40
1001
ACAD
1000
AcDbSavedByObjectVersion
1070
     0
  0
ACAD_PROXY_OBJECT
  5
41
102
{ACAD_REACTORS
330
2A
102
}
330
2A
100
AcDbProxyObject
 90
      499
 91
      501
 93
      516
310
4454DA18591959081DDA5D1A08195919D95CD1A40902404333333333333E33F0000000000000F901074090142907004050250800405405064090740C02480A0B40
1001
ACAD
1000
AcDbSavedByObjectVersion
1070
     0
  0
ACAD_PROXY_OBJECT
  5
3E
102
{ACAD_REACTORS
330
2A
102
}
330
2A
100
AcDbProxyObject
 90
      499
 91
      501
 93
      532
310
4394DA1859195CC81BD98811DC985E5174090240C333333333333E33F0000000000000F901079024090741D01000000000000111010841D405064090740C02480A0340
1001
ACAD
1000
AcDbSavedByObjectVersion
1070
     0
  0
ACAD_PROXY_OBJECT
  5
3F
102
{ACAD_REACTORS
330
2A
102
}
330
2A
100
AcDbProxyObject
 90
      499
 91
      501
 93
      476
310
41D4DAD95D18DA1E51840502408333333333333E33F0000000000000F901079024090741D01000000000000111010B41D405064090741802480A0340
1001
ACAD
1000
AcDbSavedByObjectVersion
1070
     0
  0
ACAD_PROXY_OBJECT
  5
37
102
{ACAD_REACTORS
330
2A
102
}
330
2A
100
AcDbProxyObject
 90
      499
 91
      501
 93
      412
310
41D51A1A58DAD95B90D409028333333333333E33F0000000000000F9010790141107004050150C41D405064090741402480A0350
1001
ACAD
1000
AcDbSavedByObjectVersion
1070
     0
  0
ACAD_PROXY_OBJECT
  5
30
102
{ACAD_REACTORS
330
2A
102
}
330
2A
100
AcDbProxyObject
 90
      499
 91
      501
 93
      420
310
4255DA5C99599C985B595059028333333333333E33F0000000000000F90107901411070040501600405405064090740C02480A0340
1001
ACAD
1000
AcDbSavedByObjectVersion
1070
     0
  0
ACAD_PROXY_OBJECT
  5
40
102
{ACAD_REACTORS
330
2A
102
}
330
2A
100
AcDbProxyObject
 90
      499
 91
      501
 93
      404
310
41560B54985E51940902404000000000000E03F0000000000000F9010740501907004050150841D405064090740C02480A1B40
1001
ACAD
1000
AcDbSavedByObjectVersion
1070
     0
  0
XRECORD
  5
3D9
102
{ACAD_REACTORS
330
3CF
102
}
330
3CF
100
AcDbXrecord
340
0
  0
XRECORD
  5
3D8
102
{ACAD_REACTORS
330
3CF
102
}
330
3CF
100
AcDbXrecord
 90
        0
  0
XRECORD
  5
3EF
102
{ACAD_REACTORS
330
3CF
102
}
330
3CF
100
AcDbXrecord
1000
DSTYLE
1002
{
1070
   171
 70
     2
1070
   143
 40
25.4
1070
   274
 70
     2
1070
    41
 40
0.18
1070
   141
 40
0.09
1070
   271
 70
     4
1070
    43
 40
0.38
1070
   278
 70
    46
1070
    44
 40
0.18
1070
    42
 40
0.0625
1070
   147
 40
0.09
1070
    77
 70
     0
1070
   272
 70
     4
1070
    73
 70
     1
1070
   279
 70
     2
1070
   172
 70
     0
1070
    74
 70
     1
1070
   283
 70
     1
1070
   340
340
11
1070
   140
 40
0.18
1070
   284
 70
     0
1070
    78
 70
     0
1002
}
  0
XRECORD
  5
3DA
102
{ACAD_REACTORS
330
3CF
102
}
330
3CF
100
AcDbXrecord
  1
{c648689b-35e9-4d64-bd7a-d1e5db1c3602}
  0
XRECORD
  5
3D2
102
{ACAD_REACTORS
330
3CF
102
}
330
3CF
100
AcDbXrecord
  1

  0
XRECORD
  5
3D7
102
{ACAD_REACTORS
330
3CF
102
}
330
3CF
100
AcDbXrecord
 90
        4
  0
XRECORD
  5
3D4
102
{ACAD_REACTORS
330
3CF
102
}
330
3CF
100
AcDbXrecord
340
1A
  0
XRECORD
  5
3D6
102
{ACAD_REACTORS
330
3CF
102
}
330
3CF
100
AcDbXrecord
 90
    10781
  0
XRECORD
  5
3D5
102
{ACAD_REACTORS
330
3CF
102
}
330
3CF
100
AcDbXrecord
340
19
  0
XRECORD
  5
3DC
102
{ACAD_REACTORS
330
3CF
102
}
330
3CF
100
AcDbXrecord
 40
0.0
  0
XRECORD
  5
3DF
102
{ACAD_REACTORS
330
3CF
102
}
330
3CF
100
AcDbXrecord
340
0
  0
XRECORD
  5
3E5
102
{ACAD_REACTORS
330
3CF
102
}
330
3CF
100
AcDbXrecord
 10
0.0
 20
0.0
 30
0.0
  0
XRECORD
  5
3E1
102
{ACAD_REACTORS
330
3CF
102
}
330
3CF
100
AcDbXrecord
 10
0.0
 20
0.0
 30
0.0
  0
XRECORD
  5
3E4
102
{ACAD_REACTORS
330
3CF
102
}
330
3CF
100
AcDbXrecord
 10
0.0
 20
0.0
 30
0.0
  0
XRECORD
  5
3E2
102
{ACAD_REACTORS
330
3CF
102
}
330
3CF
100
AcDbXrecord
 10
0.0
 20
0.0
 30
0.0
  0
XRECORD
  5
3E3
102
{ACAD_REACTORS
330
3CF
102
}
330
3CF
100
AcDbXrecord
 10
0.0
 20
0.0
 30
0.0
  0
XRECORD
  5
3E0
102
{ACAD_REACTORS
330
3CF
102
}
330
3CF
100
AcDbXrecord
 10
0.0
 20
0.0
 30
0.0
  0
XRECORD
  5
3DD
102
{ACAD_REACTORS
330
3CF
102
}
330
3CF
100
AcDbXrecord
340
0
  0
XRECORD
  5
3DE
102
{ACAD_REACTORS
330
3CF
102
}
330
3CF
100
AcDbXrecord
 70
     0
  0
XRECORD
  5
3D3
102
{ACAD_REACTORS
330
3CF
102
}
330
3CF
100
AcDbXrecord
  1

  0
XRECORD
  5
3D0
102
{ACAD_REACTORS
330
3CF
102
}
330
3CF
100
AcDbXrecord
 90
        1
  0
XRECORD
  5
3D1
102
{ACAD_REACTORS
330
3CF
102
}
330
3CF
100
AcDbXrecord
 90
       70
  0
XRECORD
  5
3E8
102
{ACAD_REACTORS
330
3CF
102
}
330
3CF
100
AcDbXrecord
340
0
  0
XRECORD
  5
3EE
102
{ACAD_REACTORS
330
3CF
102
}
330
3CF
100
AcDbXrecord
 10
0.0
 20
0.0
 30
0.0
  0
XRECORD
  5
3EA
102
{ACAD_REACTORS
330
3CF
102
}
330
3CF
100
AcDbXrecord
 10
0.0
 20
0.0
 30
0.0
  0
XRECORD
  5
3ED
102
{ACAD_REACTORS
330
3CF
102
}
330
3CF
100
AcDbXrecord
 10
0.0
 20
0.0
 30
0.0
  0
XRECORD
  5
3EB
102
{ACAD_REACTORS
330
3CF
102
}
330
3CF
100
AcDbXrecord
 10
0.0
 20
0.0
 30
0.0
  0
XRECORD
  5
3EC
102
{ACAD_REACTORS
330
3CF
102
}
330
3CF
100
AcDbXrecord
 10
0.0
 20
0.0
 30
0.0
  0
XRECORD
  5
3E9
102
{ACAD_REACTORS
330
3CF
102
}
330
3CF
100
AcDbXrecord
 10
0.0
 20
0.0
 30
0.0
  0
XRECORD
  5
3E6
102
{ACAD_REACTORS
330
3CF
102
}
330
3CF
100
AcDbXrecord
340
0
  0
XRECORD
  5
3E7
102
{ACAD_REACTORS
330
3CF
102
}
330
3CF
100
AcDbXrecord
 70
     0
  0
XRECORD
  5
3DB
102
{ACAD_REACTORS
330
3CF
102
}
330
3CF
100
AcDbXrecord
  1
{FAEB1C32-E019-11D5-929B-00C0DF256EC4}
  0
DICTIONARYVAR
  5
3FA
102
{ACAD_REACTORS
330
3F0
102
}
330
3F0
100
DictionaryVariables
280
     0
  1
1:1
  0
DICTIONARYVAR
  5
3F2
102
{ACAD_REACTORS
330
3F0
102
}
330
3F0
100
DictionaryVariables
280
     0
  1
Standard
  0
DICTIONARYVAR
  5
3F1
102
{ACAD_REACTORS
330
3F0
102
}
330
3F0
100
DictionaryVariables
280
     0
  1
Standard
  0
DICTIONARYVAR
  5
3F5
102
{ACAD_REACTORS
330
3F0
102
}
330
3F0
100
DictionaryVariables
280
     0
  1
2
  0
DICTIONARYVAR
  5
3F6
102
{ACAD_REACTORS
330
3F0
102
}
330
3F0
100
DictionaryVariables
280
     0
  1
1
  0
DICTIONARYVAR
  5
3FB
102
{ACAD_REACTORS
330
3F0
102
}
330
3F0
100
DictionaryVariables
280
     0
  1
1
  0
DICTIONARY
  5
3FE
330
45
100
AcDbDictionary
280
     1
  3
ACAD_XREC_ROUNDTRIP
360
3FF
  0
DICTIONARY
  5
3FC
330
44
100
AcDbDictionary
280
     1
  3
ACAD_XREC_ROUNDTRIP
360
3FD
  0
DICTIONARY
  5
400
330
46
100
AcDbDictionary
280
     1
  3
ACAD_XREC_ROUNDTRIP
360
401
  0
XRECORD
  5
3FF
102
{ACAD_REACTORS
330
3FE
102
}
330
3FE
100
AcDbXrecord
102
MATERIAL
148
0.0
149
0.0
149
0.0
 93
        0
 94
      127
282
     0
 72
     1
 77
     1
171
     1
175
     1
179
     1
273
     0
  0
XRECORD
  5
3FD
102
{ACAD_REACTORS
330
3FC
102
}
330
3FC
100
AcDbXrecord
102
MATERIAL
148
0.0
149
0.0
149
0.0
 93
        0
 94
      127
282
     0
 72
     1
 77
     1
171
     1
175
     1
179
     1
273
     0
  0
XRECORD
  5
401
102
{ACAD_REACTORS
330
400
102
}
330
400
100
AcDbXrecord
102
MATERIAL
148
0.0
149
0.0
149
0.0
 93
        0
 94
      127
282
     0
 72
     1
 77
     1
171
     1
175
     1
179
     1
273
     0
  0
ENDSEC
  0
EOF
